Starting large worker on zuber at Sun Apr 19 04:56:03 PM EDT 2026; workdir=/local/scratch/cfikes/CS_534_ML_project; user=cfikes; task=0
large
Running synthetic large experiments...
[TASK START] 2026-04-19T16:56:07.392448 manifold=sphere d=5 sigma=0.0 n=60000 seed=0
[TASK START] 2026-04-19T16:56:07.392894 manifold=sphere d=5 sigma=0.25 n=60000 seed=0
[TASK START] 2026-04-19T16:56:07.392956 manifold=sphere d=5 sigma=0.5 n=60000 seed=0
[TASK START] 2026-04-19T16:56:07.393108 manifold=sphere d=5 sigma=0.75 n=60000 seed=0
[TASK START] 2026-04-19T16:56:07.404698 manifold=sphere d=5 sigma=1.0 n=60000 seed=0
[TASK START] 2026-04-19T16:56:07.412478 manifold=sphere d=7 sigma=0.0 n=60000 seed=0
[EST DONE] 2026-04-19T16:56:12.787799 estimator=Levina-Bickel k=3 dur=2.661s seed=0
[EST DONE] 2026-04-19T16:56:14.247863 estimator=Levina-Bickel k=3 dur=3.425s seed=0
[EST DONE] 2026-04-19T16:56:15.195449 estimator=Levina-Bickel k=3 dur=3.861s seed=0
[EST DONE] 2026-04-19T16:56:15.661403 estimator=Levina-Bickel k=3 dur=4.086s seed=0
[EST DONE] 2026-04-19T16:56:15.762331 estimator=Levina-Bickel k=3 dur=4.084s seed=0
[EST DONE] 2026-04-19T16:56:16.031352 estimator=Levina-Bickel k=5 dur=3.243s seed=0
[EST DONE] 2026-04-19T16:56:18.393408 estimator=Levina-Bickel k=5 dur=4.145s seed=0
[EST DONE] 2026-04-19T16:56:19.776802 estimator=Levina-Bickel k=7 dur=3.745s seed=0
[EST DONE] 2026-04-19T16:56:19.857902 estimator=Levina-Bickel k=5 dur=4.662s seed=0
[EST DONE] 2026-04-19T16:56:20.623311 estimator=Levina-Bickel k=5 dur=4.962s seed=0
[EST DONE] 2026-04-19T16:56:20.720819 estimator=Levina-Bickel k=5 dur=4.958s seed=0
[EST DONE] 2026-04-19T16:56:23.118807 estimator=Levina-Bickel k=7 dur=4.725s seed=0
[EST DONE] 2026-04-19T16:56:24.129945 estimator=Levina-Bickel k=10 dur=4.353s seed=0
[EST DONE] 2026-04-19T16:56:25.142506 estimator=Levina-Bickel k=7 dur=5.284s seed=0
[EST DONE] 2026-04-19T16:56:26.218693 estimator=Levina-Bickel k=7 dur=5.595s seed=0
[EST DONE] 2026-04-19T16:56:26.307693 estimator=Levina-Bickel k=7 dur=5.587s seed=0
[EST DONE] 2026-04-19T16:56:28.274302 estimator=Levina-Bickel k=3 dur=10.475s seed=0
[EST DONE] 2026-04-19T16:56:28.532320 estimator=Levina-Bickel k=10 dur=5.413s seed=0
[EST DONE] 2026-04-19T16:56:30.186124 estimator=Levina-Bickel k=15 dur=6.056s seed=0
[EST DONE] 2026-04-19T16:56:31.685650 estimator=Levina-Bickel k=10 dur=6.543s seed=0
[EST DONE] 2026-04-19T16:56:32.419429 estimator=TwoNN (no-k) dur=2.233s seed=0
[EST DONE] 2026-04-19T16:56:32.603817 estimator=Levina-Bickel k=10 dur=6.385s seed=0
[EST DONE] 2026-04-19T16:56:32.654015 estimator=Levina-Bickel k=10 dur=6.346s seed=0
[EST DONE] 2026-04-19T16:56:34.720854 estimator=Levina-Bickel k=15 dur=6.188s seed=0
[EST DONE] 2026-04-19T16:56:38.129476 estimator=TwoNN (no-k) dur=3.408s seed=0
[EST DONE] 2026-04-19T16:56:40.113798 estimator=Levina-Bickel k=5 dur=11.839s seed=0
[EST DONE] 2026-04-19T16:56:45.205651 estimator=Levina-Bickel k=15 dur=12.602s seed=0
[EST DONE] 2026-04-19T16:56:45.312828 estimator=Levina-Bickel k=15 dur=13.627s seed=0
[EST DONE] 2026-04-19T16:56:45.371430 estimator=Levina-Bickel k=15 dur=12.717s seed=0
[EST DONE] 2026-04-19T16:56:48.178473 estimator=TwoNN (no-k) dur=2.865s seed=0
[EST DONE] 2026-04-19T16:56:48.259951 estimator=TwoNN (no-k) dur=3.054s seed=0
[EST DONE] 2026-04-19T16:56:48.356377 estimator=TwoNN (no-k) dur=2.985s seed=0
[EST DONE] 2026-04-19T16:56:50.107222 estimator=Levina-Bickel k=7 dur=9.993s seed=0
[EST DONE] 2026-04-19T16:57:07.881756 estimator=Levina-Bickel k=10 dur=17.774s seed=0
[EST DONE] 2026-04-19T16:57:32.987941 estimator=Levina-Bickel k=15 dur=25.106s seed=0
[EST DONE] 2026-04-19T16:57:39.794517 estimator=TwoNN (no-k) dur=6.806s seed=0
[EST DONE] 2026-04-19T16:58:00.110982 estimator=lPCA k=3 dur=43.958s seed=0
[EST DONE] 2026-04-19T16:58:07.380307 estimator=lPCA k=3 dur=44.566s seed=0
[EST DONE] 2026-04-19T16:58:19.031461 estimator=lPCA k=3 dur=45.286s seed=0
[EST DONE] 2026-04-19T16:58:19.681910 estimator=lPCA k=3 dur=45.614s seed=0
[EST DONE] 2026-04-19T16:58:21.566417 estimator=lPCA k=3 dur=47.596s seed=0
[EST DONE] 2026-04-19T16:58:45.225992 estimator=lPCA k=5 dur=45.115s seed=0
[EST DONE] 2026-04-19T16:58:53.263850 estimator=lPCA k=5 dur=45.883s seed=0
[EST DONE] 2026-04-19T16:59:05.569919 estimator=lPCA k=5 dur=46.538s seed=0
[EST DONE] 2026-04-19T16:59:06.558137 estimator=lPCA k=5 dur=46.876s seed=0
[EST DONE] 2026-04-19T16:59:10.501524 estimator=lPCA k=5 dur=48.935s seed=0
[EST DONE] 2026-04-19T16:59:25.019803 estimator=lPCA k=3 dur=52.703s seed=0
[EST DONE] 2026-04-19T16:59:31.241656 estimator=lPCA k=7 dur=46.015s seed=0
[EST DONE] 2026-04-19T16:59:39.511689 estimator=lPCA k=7 dur=46.248s seed=0
[EST DONE] 2026-04-19T16:59:53.115547 estimator=lPCA k=7 dur=47.545s seed=0
[EST DONE] 2026-04-19T16:59:54.329122 estimator=lPCA k=7 dur=47.771s seed=0
[EST DONE] 2026-04-19T17:00:00.532575 estimator=lPCA k=7 dur=50.031s seed=0
[EST DONE] 2026-04-19T17:00:18.213634 estimator=lPCA k=5 dur=53.194s seed=0
[EST DONE] 2026-04-19T17:00:21.241239 estimator=lPCA k=10 dur=49.999s seed=0
[EST DONE] 2026-04-19T17:00:50.480423 estimator=lPCA k=10 dur=70.969s seed=0
[EST DONE] 2026-04-19T17:01:06.812713 estimator=lPCA k=10 dur=66.280s seed=0
[EST DONE] 2026-04-19T17:01:13.096451 estimator=lPCA k=10 dur=79.981s seed=0
[EST DONE] 2026-04-19T17:01:14.576068 estimator=lPCA k=10 dur=80.247s seed=0
[EST DONE] 2026-04-19T17:01:15.277172 estimator=lPCA k=7 dur=57.063s seed=0
[EST DONE] 2026-04-19T17:01:31.934718 estimator=lPCA k=15 dur=70.693s seed=0
[EST DONE] 2026-04-19T17:01:46.948550 estimator=lPCA k=15 dur=56.468s seed=0
[EST DONE] 2026-04-19T17:02:01.597696 estimator=lPCA k=15 dur=54.785s seed=0
[EST DONE] 2026-04-19T17:02:28.065371 estimator=lPCA k=10 dur=72.788s seed=0
[EST DONE] 2026-04-19T17:02:36.896550 estimator=lPCA k=15 dur=82.320s seed=0
[EST DONE] 2026-04-19T17:02:36.999770 estimator=lPCA k=15 dur=83.903s seed=0
[EST DONE] 2026-04-19T17:03:20.783461 estimator=DANCo k=3 dur=50.477s seed=0
[EST DONE] 2026-04-19T17:03:32.934603 estimator=lPCA k=15 dur=64.869s seed=0
[EST DONE] 2026-04-19T17:03:52.609666 estimator=DANCo k=3 dur=57.424s seed=0
[EST DONE] 2026-04-19T17:03:59.076218 estimator=DANCo k=3 dur=59.692s seed=0
[EST DONE] 2026-04-19T17:04:23.924007 estimator=DANCo k=5 dur=63.140s seed=0
[EST DONE] 2026-04-19T17:04:36.279076 estimator=DANCo k=3 dur=58.342s seed=0
[EST DONE] 2026-04-19T17:04:41.687231 estimator=DANCo k=3 dur=58.650s seed=0
[EST DONE] 2026-04-19T17:04:53.648839 estimator=DANCo k=5 dur=61.039s seed=0
[EST DONE] 2026-04-19T17:05:05.854782 estimator=DANCo k=5 dur=66.778s seed=0
[EST DONE] 2026-04-19T17:05:35.586718 estimator=DANCo k=7 dur=71.639s seed=0
[EST DONE] 2026-04-19T17:05:42.211968 estimator=DANCo k=5 dur=65.933s seed=0
[EST DONE] 2026-04-19T17:05:46.910531 estimator=DANCo k=5 dur=65.223s seed=0
[EST DONE] 2026-04-19T17:06:02.580333 estimator=DANCo k=7 dur=68.931s seed=0
[EST DONE] 2026-04-19T17:06:19.691745 estimator=DANCo k=7 dur=73.837s seed=0
[EST DONE] 2026-04-19T17:06:41.522622 estimator=DANCo k=3 dur=95.195s seed=0
[EST DONE] 2026-04-19T17:06:48.115731 estimator=DANCo k=7 dur=65.904s seed=0
[EST DONE] 2026-04-19T17:06:49.265480 estimator=DANCo k=10 dur=73.679s seed=0
[EST DONE] 2026-04-19T17:06:58.307024 estimator=DANCo k=7 dur=71.396s seed=0
[EST DONE] 2026-04-19T17:07:22.785079 estimator=DANCo k=10 dur=80.205s seed=0
[EST DONE] 2026-04-19T17:07:36.481667 estimator=DANCo k=10 dur=76.790s seed=0
[EST DONE] 2026-04-19T17:08:06.161745 estimator=DANCo k=10 dur=78.046s seed=0
[EST DONE] 2026-04-19T17:08:11.208387 estimator=DANCo k=10 dur=72.901s seed=0
[EST DONE] 2026-04-19T17:08:11.445405 estimator=DANCo k=15 dur=82.180s seed=0
[EST DONE] 2026-04-19T17:08:15.969294 estimator=MiND k=3 dur=2.195s seed=0
[EST DONE] 2026-04-19T17:08:18.856225 estimator=MiND k=5 dur=2.887s seed=0
[EST DONE] 2026-04-19T17:08:19.839500 estimator=DANCo k=5 dur=98.317s seed=0
[EST DONE] 2026-04-19T17:08:22.383766 estimator=MiND k=7 dur=3.527s seed=0
[EST DONE] 2026-04-19T17:08:25.904462 estimator=MiND k=10 dur=3.521s seed=0
[EST DONE] 2026-04-19T17:08:29.951766 estimator=MiND k=15 dur=4.047s seed=0
[EST DONE] 2026-04-19T17:08:46.407324 estimator=DANCo k=15 dur=83.622s seed=0
[EST DONE] 2026-04-19T17:08:55.086837 estimator=MiND k=3 dur=3.592s seed=0
[EST DONE] 2026-04-19T17:08:59.237890 estimator=MiND k=5 dur=4.151s seed=0
[EST DONE] 2026-04-19T17:08:59.274794 estimator=DANCo k=15 dur=82.793s seed=0
[EST DONE] 2026-04-19T17:09:03.899657 estimator=MiND k=7 dur=4.662s seed=0
[EST DONE] 2026-04-19T17:09:09.326687 estimator=MiND k=3 dur=5.470s seed=0
[EST DONE] 2026-04-19T17:09:09.710405 estimator=MiND k=10 dur=5.811s seed=0
[EST DONE] 2026-04-19T17:09:14.749020 estimator=MiND k=5 dur=5.422s seed=0
[EST DONE] 2026-04-19T17:09:19.290439 estimator=MiND k=15 dur=9.580s seed=0
[EST DONE] 2026-04-19T17:09:22.077007 estimator=MiND k=7 dur=7.328s seed=0
[EST DONE] 2026-04-19T17:09:27.443928 estimator=DANCo k=15 dur=76.235s seed=0
[EST DONE] 2026-04-19T17:09:29.618189 estimator=MiND k=10 dur=7.541s seed=0
[EST DONE] 2026-04-19T17:09:32.889552 estimator=DANCo k=15 dur=86.728s seed=0
[EST DONE] 2026-04-19T17:09:36.528867 estimator=MiND k=15 dur=6.911s seed=0
[EST DONE] 2026-04-19T17:09:39.361929 estimator=MiND k=3 dur=4.997s seed=0
[EST DONE] 2026-04-19T17:09:46.363303 estimator=MiND k=3 dur=9.732s seed=0
[EST DONE] 2026-04-19T17:09:48.596665 estimator=MiND k=5 dur=9.235s seed=0
[EST DONE] 2026-04-19T17:09:51.368192 estimator=DANCo k=7 dur=91.529s seed=0
[EST DONE] 2026-04-19T17:09:51.485415 estimator=MiND k=5 dur=5.122s seed=0
[EST DONE] 2026-04-19T17:09:54.910568 estimator=MiND k=7 dur=6.314s seed=0
[EST DONE] 2026-04-19T17:09:56.775046 estimator=MiND k=7 dur=5.290s seed=0
[EST DONE] 2026-04-19T17:10:01.848751 estimator=MiND k=10 dur=6.938s seed=0
[EST DONE] 2026-04-19T17:10:03.366907 estimator=MiND k=10 dur=6.592s seed=0
[EST DONE] 2026-04-19T17:10:10.623067 estimator=MiND k=15 dur=8.774s seed=0
[EST DONE] 2026-04-19T17:10:11.359390 estimator=MiND k=15 dur=7.992s seed=0
[EST DONE] 2026-04-19T17:11:46.235407 estimator=DANCo k=10 dur=114.867s seed=0
[EST DONE] 2026-04-19T17:14:04.105911 estimator=DANCo k=15 dur=137.870s seed=0
[EST DONE] 2026-04-19T17:14:28.386546 estimator=MiND k=3 dur=11.945s seed=0
[EST DONE] 2026-04-19T17:14:42.676571 estimator=MiND k=5 dur=14.290s seed=0
[EST DONE] 2026-04-19T17:14:59.587834 estimator=MiND k=7 dur=16.911s seed=0
[EST DONE] 2026-04-19T17:15:18.166224 estimator=MiND k=10 dur=18.578s seed=0
[EST DONE] 2026-04-19T17:15:39.097583 estimator=MiND k=15 dur=20.931s seed=0
[EST DONE] 2026-04-19T17:17:44.923972 estimator=FisherS (no-k) dur=554.972s seed=0
[EST DONE] 2026-04-19T17:18:48.082960 estimator=SMAE (no-k) dur=63.159s seed=0
[TASK END] 2026-04-19T17:18:48.083108 manifold=sphere d=5 sigma=0.0 seed=0 duration=1360.691s
[TASK START] 2026-04-19T17:18:48.083806 manifold=sphere d=7 sigma=0.25 n=60000 seed=0
[EST DONE] 2026-04-19T17:19:01.401852 estimator=FisherS (no-k) dur=564.873s seed=0
[EST DONE] 2026-04-19T17:19:05.753708 estimator=FisherS (no-k) dur=586.463s seed=0
[EST DONE] 2026-04-19T17:19:15.381497 estimator=Levina-Bickel k=3 dur=12.987s seed=0
[EST DONE] 2026-04-19T17:19:29.268519 estimator=FisherS (no-k) dur=557.909s seed=0
[EST DONE] 2026-04-19T17:19:31.792085 estimator=Levina-Bickel k=5 dur=16.410s seed=0
[EST DONE] 2026-04-19T17:19:43.931777 estimator=Levina-Bickel k=7 dur=12.140s seed=0
[EST DONE] 2026-04-19T17:19:56.249577 estimator=Levina-Bickel k=10 dur=12.318s seed=0
[EST DONE] 2026-04-19T17:20:00.217085 estimator=SMAE (no-k) dur=58.815s seed=0
[TASK END] 2026-04-19T17:20:00.217239 manifold=sphere d=5 sigma=1.0 seed=0 duration=1432.813s
[TASK START] 2026-04-19T17:20:00.218421 manifold=sphere d=7 sigma=0.5 n=60000 seed=0
[EST DONE] 2026-04-19T17:20:02.545025 estimator=SMAE (no-k) dur=56.791s seed=0
[TASK END] 2026-04-19T17:20:02.545158 manifold=sphere d=5 sigma=0.25 seed=0 duration=1435.152s
[TASK START] 2026-04-19T17:20:02.546308 manifold=sphere d=7 sigma=0.75 n=60000 seed=0
[EST DONE] 2026-04-19T17:20:15.456993 estimator=Levina-Bickel k=15 dur=19.207s seed=0
[EST DONE] 2026-04-19T17:20:17.884579 estimator=Levina-Bickel k=3 dur=8.714s seed=0
[EST DONE] 2026-04-19T17:20:21.180927 estimator=SMAE (no-k) dur=51.912s seed=0
[TASK END] 2026-04-19T17:20:21.181076 manifold=sphere d=5 sigma=0.5 seed=0 duration=1453.788s
[TASK START] 2026-04-19T17:20:21.182394 manifold=sphere d=7 sigma=1.0 n=60000 seed=0
[EST DONE] 2026-04-19T17:20:24.063577 estimator=TwoNN (no-k) dur=8.606s seed=0
[EST DONE] 2026-04-19T17:20:25.047136 estimator=Levina-Bickel k=3 dur=12.262s seed=0
[EST DONE] 2026-04-19T17:20:30.224156 estimator=Levina-Bickel k=5 dur=12.339s seed=0
[EST DONE] 2026-04-19T17:20:41.504410 estimator=Levina-Bickel k=5 dur=16.457s seed=0
[EST DONE] 2026-04-19T17:20:44.818291 estimator=Levina-Bickel k=3 dur=11.800s seed=0
[EST DONE] 2026-04-19T17:20:45.313131 estimator=Levina-Bickel k=7 dur=15.089s seed=0
[EST DONE] 2026-04-19T17:20:54.818477 estimator=FisherS (no-k) dur=644.195s seed=0
[EST DONE] 2026-04-19T17:20:59.475221 estimator=Levina-Bickel k=5 dur=14.657s seed=0
[EST DONE] 2026-04-19T17:21:02.889857 estimator=Levina-Bickel k=7 dur=21.385s seed=0
[EST DONE] 2026-04-19T17:21:02.955436 estimator=Levina-Bickel k=10 dur=17.642s seed=0
[EST DONE] 2026-04-19T17:21:16.944014 estimator=Levina-Bickel k=7 dur=17.469s seed=0
[EST DONE] 2026-04-19T17:21:38.570885 estimator=Levina-Bickel k=10 dur=35.681s seed=0
[EST DONE] 2026-04-19T17:21:39.942687 estimator=Levina-Bickel k=15 dur=36.987s seed=0
[EST DONE] 2026-04-19T17:21:43.828857 estimator=Levina-Bickel k=10 dur=26.885s seed=0
[EST DONE] 2026-04-19T17:21:47.881257 estimator=SMAE (no-k) dur=53.063s seed=0
[TASK END] 2026-04-19T17:21:47.881401 manifold=sphere d=5 sigma=0.75 seed=0 duration=1540.488s
[TASK START] 2026-04-19T17:21:47.882517 manifold=sphere d=9 sigma=0.0 n=60000 seed=0
[EST DONE] 2026-04-19T17:21:47.998942 estimator=TwoNN (no-k) dur=8.056s seed=0
[EST DONE] 2026-04-19T17:22:01.622855 estimator=Levina-Bickel k=15 dur=23.052s seed=0
[EST DONE] 2026-04-19T17:22:04.412268 estimator=lPCA k=3 dur=49.189s seed=0
[EST DONE] 2026-04-19T17:22:07.683783 estimator=Levina-Bickel k=15 dur=23.855s seed=0
[EST DONE] 2026-04-19T17:22:17.261041 estimator=TwoNN (no-k) dur=15.638s seed=0
[EST DONE] 2026-04-19T17:22:19.296664 estimator=TwoNN (no-k) dur=11.613s seed=0
[EST DONE] 2026-04-19T17:22:41.638204 estimator=Levina-Bickel k=3 dur=22.446s seed=0
[EST DONE] 2026-04-19T17:23:02.453057 estimator=lPCA k=5 dur=58.041s seed=0
[EST DONE] 2026-04-19T17:23:12.024438 estimator=Levina-Bickel k=5 dur=30.386s seed=0
[EST DONE] 2026-04-19T17:23:36.095135 estimator=lPCA k=3 dur=54.039s seed=0
[EST DONE] 2026-04-19T17:23:44.135599 estimator=Levina-Bickel k=7 dur=32.111s seed=0
[EST DONE] 2026-04-19T17:24:00.706703 estimator=lPCA k=7 dur=58.253s seed=0
[EST DONE] 2026-04-19T17:24:05.823008 estimator=lPCA k=3 dur=54.952s seed=0
[EST DONE] 2026-04-19T17:24:07.966375 estimator=lPCA k=3 dur=53.215s seed=0
[EST DONE] 2026-04-19T17:24:22.438423 estimator=Levina-Bickel k=10 dur=38.303s seed=0
[EST DONE] 2026-04-19T17:24:36.957999 estimator=lPCA k=5 dur=60.863s seed=0
[EST DONE] 2026-04-19T17:25:04.630230 estimator=lPCA k=5 dur=56.664s seed=0
[EST DONE] 2026-04-19T17:25:06.579577 estimator=lPCA k=10 dur=65.873s seed=0
[EST DONE] 2026-04-19T17:25:06.652134 estimator=lPCA k=5 dur=60.829s seed=0
[EST DONE] 2026-04-19T17:25:07.136974 estimator=Levina-Bickel k=15 dur=44.698s seed=0
[EST DONE] 2026-04-19T17:25:29.204662 estimator=TwoNN (no-k) dur=22.067s seed=0
[EST DONE] 2026-04-19T17:25:44.782690 estimator=lPCA k=7 dur=67.824s seed=0
[EST DONE] 2026-04-19T17:25:57.116332 estimator=FisherS (no-k) dur=618.019s seed=0
[EST DONE] 2026-04-19T17:26:03.194276 estimator=lPCA k=7 dur=58.564s seed=0
[EST DONE] 2026-04-19T17:26:05.766604 estimator=lPCA k=7 dur=59.114s seed=0
[EST DONE] 2026-04-19T17:26:10.783594 estimator=lPCA k=15 dur=64.204s seed=0
[EST DONE] 2026-04-19T17:26:45.190389 estimator=lPCA k=10 dur=60.408s seed=0
[EST DONE] 2026-04-19T17:27:02.388887 estimator=lPCA k=10 dur=59.194s seed=0
[EST DONE] 2026-04-19T17:27:04.601414 estimator=lPCA k=10 dur=58.835s seed=0
[EST DONE] 2026-04-19T17:27:12.797610 estimator=SMAE (no-k) dur=75.681s seed=0
[TASK END] 2026-04-19T17:27:12.797738 manifold=sphere d=7 sigma=0.0 seed=0 duration=1865.385s
[TASK START] 2026-04-19T17:27:12.798740 manifold=sphere d=9 sigma=0.25 n=60000 seed=0
[EST DONE] 2026-04-19T17:27:39.374923 estimator=lPCA k=3 dur=63.415s seed=0
[EST DONE] 2026-04-19T17:27:45.835890 estimator=lPCA k=15 dur=60.645s seed=0
[EST DONE] 2026-04-19T17:28:10.636486 estimator=Levina-Bickel k=3 dur=27.994s seed=0
[EST DONE] 2026-04-19T17:28:16.406299 estimator=lPCA k=15 dur=74.017s seed=0
[EST DONE] 2026-04-19T17:28:17.314334 estimator=lPCA k=15 dur=72.713s seed=0
[EST DONE] 2026-04-19T17:28:49.377094 estimator=DANCo k=3 dur=79.766s seed=0
[EST DONE] 2026-04-19T17:28:51.967198 estimator=Levina-Bickel k=5 dur=41.330s seed=0
[EST DONE] 2026-04-19T17:28:52.750441 estimator=lPCA k=5 dur=73.375s seed=0
[EST DONE] 2026-04-19T17:29:31.836810 estimator=Levina-Bickel k=7 dur=39.869s seed=0
[EST DONE] 2026-04-19T17:30:24.759850 estimator=DANCo k=5 dur=95.383s seed=0
[EST DONE] 2026-04-19T17:30:28.542640 estimator=lPCA k=7 dur=95.792s seed=0
[EST DONE] 2026-04-19T17:30:30.429414 estimator=Levina-Bickel k=10 dur=58.592s seed=0
[EST DONE] 2026-04-19T17:30:31.858871 estimator=DANCo k=3 dur=90.552s seed=0
[EST DONE] 2026-04-19T17:31:11.113539 estimator=Levina-Bickel k=15 dur=40.684s seed=0
[EST DONE] 2026-04-19T17:31:35.027871 estimator=DANCo k=3 dur=103.201s seed=0
[EST DONE] 2026-04-19T17:31:37.077555 estimator=DANCo k=3 dur=98.563s seed=0
[EST DONE] 2026-04-19T17:31:45.080396 estimator=TwoNN (no-k) dur=33.967s seed=0
[EST DONE] 2026-04-19T17:32:04.337787 estimator=lPCA k=10 dur=95.795s seed=0
[EST DONE] 2026-04-19T17:32:06.994441 estimator=DANCo k=5 dur=95.135s seed=0
[EST DONE] 2026-04-19T17:32:07.319264 estimator=DANCo k=7 dur=102.559s seed=0
[EST DONE] 2026-04-19T17:33:08.607288 estimator=DANCo k=5 dur=93.579s seed=0
[EST DONE] 2026-04-19T17:33:24.839952 estimator=DANCo k=5 dur=107.762s seed=0
[EST DONE] 2026-04-19T17:33:52.969508 estimator=DANCo k=7 dur=105.975s seed=0
[EST DONE] 2026-04-19T17:33:53.383790 estimator=lPCA k=15 dur=109.046s seed=0
[EST DONE] 2026-04-19T17:33:56.604225 estimator=DANCo k=10 dur=109.285s seed=0
[EST DONE] 2026-04-19T17:34:37.377036 estimator=lPCA k=3 dur=91.087s seed=0
[EST DONE] 2026-04-19T17:34:57.418071 estimator=DANCo k=7 dur=108.811s seed=0
[EST DONE] 2026-04-19T17:35:29.586001 estimator=DANCo k=7 dur=124.746s seed=0
[EST DONE] 2026-04-19T17:35:50.517620 estimator=DANCo k=10 dur=117.548s seed=0
[EST DONE] 2026-04-19T17:36:23.712638 estimator=DANCo k=15 dur=147.108s seed=0
[EST DONE] 2026-04-19T17:36:35.525818 estimator=lPCA k=5 dur=118.149s seed=0
[EST DONE] 2026-04-19T17:36:50.953042 estimator=MiND k=3 dur=16.208s seed=0
[EST DONE] 2026-04-19T17:37:08.798193 estimator=MiND k=5 dur=17.845s seed=0
[EST DONE] 2026-04-19T17:37:12.597972 estimator=DANCo k=10 dur=135.180s seed=0
[EST DONE] 2026-04-19T17:37:32.526804 estimator=MiND k=7 dur=23.728s seed=0
[EST DONE] 2026-04-19T17:37:44.146045 estimator=DANCo k=10 dur=134.560s seed=0
[EST DONE] 2026-04-19T17:37:57.145533 estimator=MiND k=10 dur=24.619s seed=0
[EST DONE] 2026-04-19T17:38:05.804900 estimator=DANCo k=15 dur=135.287s seed=0
[EST DONE] 2026-04-19T17:38:17.939328 estimator=lPCA k=7 dur=102.413s seed=0
[EST DONE] 2026-04-19T17:38:25.216763 estimator=MiND k=15 dur=28.071s seed=0
[EST DONE] 2026-04-19T17:38:50.013125 estimator=MiND k=3 dur=22.004s seed=0
[EST DONE] 2026-04-19T17:38:55.182147 estimator=DANCo k=3 dur=148.497s seed=0
[EST DONE] 2026-04-19T17:39:05.565863 estimator=MiND k=5 dur=15.553s seed=0
[EST DONE] 2026-04-19T17:39:27.290389 estimator=MiND k=7 dur=21.724s seed=0
[EST DONE] 2026-04-19T17:39:36.543583 estimator=DANCo k=15 dur=143.945s seed=0
[EST DONE] 2026-04-19T17:39:47.403939 estimator=MiND k=10 dur=20.113s seed=0
[EST DONE] 2026-04-19T17:40:17.539373 estimator=MiND k=3 dur=25.509s seed=0
[EST DONE] 2026-04-19T17:40:19.695484 estimator=MiND k=15 dur=32.291s seed=0
[EST DONE] 2026-04-19T17:40:21.782968 estimator=DANCo k=15 dur=157.637s seed=0
[EST DONE] 2026-04-19T17:40:27.706081 estimator=lPCA k=10 dur=129.767s seed=0
[EST DONE] 2026-04-19T17:40:35.536198 estimator=MiND k=5 dur=17.997s seed=0
[EST DONE] 2026-04-19T17:41:06.502497 estimator=MiND k=3 dur=28.462s seed=0
[EST DONE] 2026-04-19T17:41:07.638691 estimator=MiND k=7 dur=32.102s seed=0
[EST DONE] 2026-04-19T17:41:31.367230 estimator=DANCo k=5 dur=156.185s seed=0
[EST DONE] 2026-04-19T17:41:31.581400 estimator=MiND k=5 dur=25.079s seed=0
[EST DONE] 2026-04-19T17:41:36.453403 estimator=MiND k=10 dur=28.815s seed=0
[EST DONE] 2026-04-19T17:41:52.273796 estimator=MiND k=7 dur=20.692s seed=0
[EST DONE] 2026-04-19T17:42:01.004355 estimator=MiND k=15 dur=24.551s seed=0
[EST DONE] 2026-04-19T17:42:14.198305 estimator=MiND k=10 dur=21.924s seed=0
[EST DONE] 2026-04-19T17:42:41.478668 estimator=MiND k=15 dur=27.280s seed=0
[EST DONE] 2026-04-19T17:42:51.906241 estimator=lPCA k=15 dur=144.200s seed=0
[EST DONE] 2026-04-19T17:44:24.432583 estimator=DANCo k=7 dur=173.065s seed=0
[EST DONE] 2026-04-19T17:48:01.136167 estimator=DANCo k=10 dur=216.703s seed=0
[EST DONE] 2026-04-19T17:48:50.648792 estimator=DANCo k=3 dur=175.295s seed=0
[EST DONE] 2026-04-19T17:51:32.143026 estimator=DANCo k=5 dur=161.494s seed=0
[EST DONE] 2026-04-19T17:51:34.148397 estimator=DANCo k=15 dur=213.012s seed=0
[EST DONE] 2026-04-19T17:52:01.060821 estimator=FisherS (no-k) dur=815.844s seed=0
[EST DONE] 2026-04-19T17:52:41.205992 estimator=MiND k=3 dur=34.274s seed=0
[EST DONE] 2026-04-19T17:53:04.163710 estimator=SMAE (no-k) dur=63.103s seed=0
[TASK END] 2026-04-19T17:53:04.163874 manifold=sphere d=7 sigma=0.25 seed=0 duration=2056.080s
[TASK START] 2026-04-19T17:53:04.164501 manifold=sphere d=9 sigma=0.5 n=60000 seed=0
[EST DONE] 2026-04-19T17:53:27.043439 estimator=MiND k=5 dur=45.837s seed=0
[EST DONE] 2026-04-19T17:53:58.464909 estimator=FisherS (no-k) dur=818.769s seed=0
[EST DONE] 2026-04-19T17:54:27.056320 estimator=DANCo k=7 dur=174.913s seed=0
[EST DONE] 2026-04-19T17:54:42.041823 estimator=MiND k=7 dur=74.998s seed=0
[EST DONE] 2026-04-19T17:54:48.879850 estimator=FisherS (no-k) dur=767.875s seed=0
[EST DONE] 2026-04-19T17:55:01.145668 estimator=Levina-Bickel k=3 dur=40.723s seed=0
[EST DONE] 2026-04-19T17:55:08.006842 estimator=SMAE (no-k) dur=69.542s seed=0
[TASK END] 2026-04-19T17:55:08.007054 manifold=sphere d=7 sigma=0.5 seed=0 duration=2107.789s
[TASK START] 2026-04-19T17:55:08.008098 manifold=sphere d=9 sigma=0.75 n=60000 seed=0
[EST DONE] 2026-04-19T17:55:12.586303 estimator=FisherS (no-k) dur=751.107s seed=0
[EST DONE] 2026-04-19T17:55:28.512842 estimator=MiND k=10 dur=46.471s seed=0
[EST DONE] 2026-04-19T17:55:40.146923 estimator=SMAE (no-k) dur=51.267s seed=0
[TASK END] 2026-04-19T17:55:40.147129 manifold=sphere d=7 sigma=0.75 seed=0 duration=2137.601s
[TASK START] 2026-04-19T17:55:40.148305 manifold=sphere d=9 sigma=1.0 n=60000 seed=0
[EST DONE] 2026-04-19T17:55:44.003118 estimator=Levina-Bickel k=5 dur=42.857s seed=0
[EST DONE] 2026-04-19T17:56:09.427423 estimator=SMAE (no-k) dur=56.841s seed=0
[TASK END] 2026-04-19T17:56:09.427592 manifold=sphere d=7 sigma=1.0 seed=0 duration=2148.245s
[TASK START] 2026-04-19T17:56:09.428747 manifold=sphere d=12 sigma=0.0 n=60000 seed=0
[EST DONE] 2026-04-19T17:56:26.693883 estimator=MiND k=15 dur=58.181s seed=0
[EST DONE] 2026-04-19T17:56:45.093224 estimator=Levina-Bickel k=3 dur=59.157s seed=0
[EST DONE] 2026-04-19T17:57:06.260513 estimator=Levina-Bickel k=7 dur=82.257s seed=0
[EST DONE] 2026-04-19T17:57:12.533877 estimator=DANCo k=10 dur=165.477s seed=0
[EST DONE] 2026-04-19T17:57:31.789883 estimator=Levina-Bickel k=3 dur=53.853s seed=0
[EST DONE] 2026-04-19T17:58:02.179090 estimator=Levina-Bickel k=5 dur=77.086s seed=0
[EST DONE] 2026-04-19T17:58:08.289689 estimator=Levina-Bickel k=10 dur=62.029s seed=0
[EST DONE] 2026-04-19T17:58:18.807378 estimator=Levina-Bickel k=5 dur=47.017s seed=0
[EST DONE] 2026-04-19T17:59:08.651042 estimator=Levina-Bickel k=7 dur=66.472s seed=0
[EST DONE] 2026-04-19T17:59:09.310368 estimator=Levina-Bickel k=7 dur=50.503s seed=0
[EST DONE] 2026-04-19T17:59:20.140976 estimator=Levina-Bickel k=15 dur=71.851s seed=0
[EST DONE] 2026-04-19T18:00:21.708204 estimator=TwoNN (no-k) dur=61.567s seed=0
[EST DONE] 2026-04-19T18:00:34.971289 estimator=DANCo k=15 dur=202.437s seed=0
[EST DONE] 2026-04-19T18:00:44.213998 estimator=Levina-Bickel k=10 dur=95.563s seed=0
[EST DONE] 2026-04-19T18:00:49.635645 estimator=Levina-Bickel k=10 dur=100.325s seed=0
[EST DONE] 2026-04-19T18:02:05.033842 estimator=Levina-Bickel k=15 dur=75.398s seed=0
[EST DONE] 2026-04-19T18:02:05.984476 estimator=MiND k=3 dur=45.466s seed=0
[EST DONE] 2026-04-19T18:02:10.549422 estimator=Levina-Bickel k=15 dur=86.335s seed=0
[EST DONE] 2026-04-19T18:02:32.399883 estimator=Levina-Bickel k=3 dur=204.027s seed=0
[EST DONE] 2026-04-19T18:02:50.388560 estimator=TwoNN (no-k) dur=45.355s seed=0
[EST DONE] 2026-04-19T18:02:54.532854 estimator=MiND k=5 dur=48.548s seed=0
[EST DONE] 2026-04-19T18:02:55.498767 estimator=TwoNN (no-k) dur=44.949s seed=0
[EST DONE] 2026-04-19T18:03:07.093960 estimator=FisherS (no-k) dur=400.400s seed=0
[EST DONE] 2026-04-19T18:03:26.137542 estimator=lPCA k=3 dur=92.078s seed=0
[EST DONE] 2026-04-19T18:03:43.738525 estimator=MiND k=7 dur=49.205s seed=0
[EST DONE] 2026-04-19T18:04:00.410790 estimator=SMAE (no-k) dur=53.317s seed=0
[TASK END] 2026-04-19T18:04:00.410990 manifold=sphere d=9 sigma=0.0 seed=0 duration=2532.528s
[TASK START] 2026-04-19T18:04:00.412298 manifold=sphere d=12 sigma=0.25 n=60000 seed=0
[EST DONE] 2026-04-19T18:04:35.514809 estimator=MiND k=10 dur=51.776s seed=0
[EST DONE] 2026-04-19T18:04:48.756836 estimator=lPCA k=5 dur=82.619s seed=0
[EST DONE] 2026-04-19T18:05:18.256850 estimator=lPCA k=3 dur=72.084s seed=0
[EST DONE] 2026-04-19T18:05:31.511111 estimator=MiND k=15 dur=55.996s seed=0
[EST DONE] 2026-04-19T18:05:35.943930 estimator=Levina-Bickel k=5 dur=183.544s seed=0
[EST DONE] 2026-04-19T18:05:37.470100 estimator=lPCA k=3 dur=78.345s seed=0
[EST DONE] 2026-04-19T18:06:18.455931 estimator=lPCA k=7 dur=89.699s seed=0
[EST DONE] 2026-04-19T18:06:40.537881 estimator=lPCA k=5 dur=82.281s seed=0
[EST DONE] 2026-04-19T18:07:27.315128 estimator=lPCA k=5 dur=109.845s seed=0
[EST DONE] 2026-04-19T18:07:54.015283 estimator=lPCA k=10 dur=95.559s seed=0
[EST DONE] 2026-04-19T18:08:12.233207 estimator=lPCA k=7 dur=91.695s seed=0
[EST DONE] 2026-04-19T18:08:52.533695 estimator=Levina-Bickel k=7 dur=196.590s seed=0
[EST DONE] 2026-04-19T18:09:22.566869 estimator=lPCA k=7 dur=115.252s seed=0
[EST DONE] 2026-04-19T18:09:41.445313 estimator=lPCA k=15 dur=107.430s seed=0
[EST DONE] 2026-04-19T18:09:50.929456 estimator=lPCA k=10 dur=98.696s seed=0
[EST DONE] 2026-04-19T18:10:18.109103 estimator=Levina-Bickel k=3 dur=189.030s seed=0
[EST DONE] 2026-04-19T18:11:26.254697 estimator=lPCA k=10 dur=123.688s seed=0
[EST DONE] 2026-04-19T18:11:37.912760 estimator=lPCA k=15 dur=106.983s seed=0
[EST DONE] 2026-04-19T18:11:38.457616 estimator=FisherS (no-k) dur=366.946s seed=0
[EST DONE] 2026-04-19T18:12:38.059795 estimator=Levina-Bickel k=10 dur=225.526s seed=0
[EST DONE] 2026-04-19T18:12:53.550150 estimator=SMAE (no-k) dur=75.092s seed=0
[TASK END] 2026-04-19T18:12:53.550341 manifold=sphere d=9 sigma=0.25 seed=0 duration=2740.752s
[TASK START] 2026-04-19T18:12:53.551876 manifold=sphere d=12 sigma=0.5 n=60000 seed=0
[EST DONE] 2026-04-19T18:13:40.178372 estimator=lPCA k=15 dur=133.923s seed=0
[EST DONE] 2026-04-19T18:14:28.515391 estimator=DANCo k=3 dur=140.550s seed=0
[EST DONE] 2026-04-19T18:14:38.646803 estimator=Levina-Bickel k=5 dur=260.537s seed=0
[EST DONE] 2026-04-19T18:16:18.488019 estimator=DANCo k=3 dur=142.991s seed=0
[EST DONE] 2026-04-19T18:17:22.728544 estimator=DANCo k=5 dur=174.213s seed=0
[EST DONE] 2026-04-19T18:17:45.914551 estimator=Levina-Bickel k=15 dur=307.855s seed=0
[EST DONE] 2026-04-19T18:19:06.399725 estimator=DANCo k=5 dur=167.911s seed=0
[EST DONE] 2026-04-19T18:19:31.916279 estimator=DANCo k=3 dur=172.737s seed=0
[EST DONE] 2026-04-19T18:20:17.809295 estimator=Levina-Bickel k=3 dur=223.385s seed=0
[EST DONE] 2026-04-19T18:20:27.130043 estimator=Levina-Bickel k=7 dur=348.483s seed=0
[EST DONE] 2026-04-19T18:20:38.207291 estimator=DANCo k=7 dur=195.479s seed=0
[EST DONE] 2026-04-19T18:20:58.005711 estimator=TwoNN (no-k) dur=192.091s seed=0
[EST DONE] 2026-04-19T18:22:42.832083 estimator=DANCo k=7 dur=216.432s seed=0
[EST DONE] 2026-04-19T18:22:47.371142 estimator=DANCo k=5 dur=195.455s seed=0
[EST DONE] 2026-04-19T18:24:06.166815 estimator=DANCo k=10 dur=207.959s seed=0
[EST DONE] 2026-04-19T18:24:15.290316 estimator=Levina-Bickel k=5 dur=237.481s seed=0
[EST DONE] 2026-04-19T18:25:53.854644 estimator=DANCo k=10 dur=191.022s seed=0
[EST DONE] 2026-04-19T18:26:00.657815 estimator=Levina-Bickel k=10 dur=333.528s seed=0
[EST DONE] 2026-04-19T18:26:04.254937 estimator=DANCo k=7 dur=196.884s seed=0
[EST DONE] 2026-04-19T18:28:21.070649 estimator=Levina-Bickel k=7 dur=245.780s seed=0
[EST DONE] 2026-04-19T18:28:38.274997 estimator=DANCo k=15 dur=272.108s seed=0
[EST DONE] 2026-04-19T18:29:21.198928 estimator=lPCA k=3 dur=271.864s seed=0
[EST DONE] 2026-04-19T18:29:31.664072 estimator=DANCo k=10 dur=207.409s seed=0
[EST DONE] 2026-04-19T18:29:50.745832 estimator=DANCo k=15 dur=236.891s seed=0
[EST DONE] 2026-04-19T18:30:33.193659 estimator=MiND k=3 dur=43.294s seed=0
[EST DONE] 2026-04-19T18:31:11.324059 estimator=MiND k=3 dur=41.588s seed=0
[EST DONE] 2026-04-19T18:31:25.447337 estimator=MiND k=5 dur=52.253s seed=0
[EST DONE] 2026-04-19T18:31:38.123994 estimator=Levina-Bickel k=15 dur=337.466s seed=0
[EST DONE] 2026-04-19T18:31:59.750064 estimator=MiND k=5 dur=48.426s seed=0
[EST DONE] 2026-04-19T18:32:43.718670 estimator=MiND k=7 dur=78.271s seed=0
[EST DONE] 2026-04-19T18:33:10.125474 estimator=DANCo k=15 dur=218.461s seed=0
[EST DONE] 2026-04-19T18:33:14.277534 estimator=MiND k=7 dur=74.527s seed=0
[EST DONE] 2026-04-19T18:33:16.062109 estimator=Levina-Bickel k=10 dur=294.991s seed=0
[EST DONE] 2026-04-19T18:33:45.250854 estimator=lPCA k=5 dur=264.052s seed=0
[EST DONE] 2026-04-19T18:33:52.435938 estimator=MiND k=10 dur=68.717s seed=0
[EST DONE] 2026-04-19T18:34:09.037736 estimator=MiND k=10 dur=54.760s seed=0
[EST DONE] 2026-04-19T18:34:33.315400 estimator=MiND k=3 dur=40.047s seed=0
[EST DONE] 2026-04-19T18:34:51.176370 estimator=MiND k=15 dur=58.740s seed=0
[EST DONE] 2026-04-19T18:34:56.622741 estimator=TwoNN (no-k) dur=198.499s seed=0
[EST DONE] 2026-04-19T18:35:03.530777 estimator=MiND k=15 dur=54.493s seed=0
[EST DONE] 2026-04-19T18:35:27.438430 estimator=MiND k=5 dur=54.123s seed=0
[EST DONE] 2026-04-19T18:36:27.836895 estimator=MiND k=7 dur=60.398s seed=0
[EST DONE] 2026-04-19T18:36:37.341273 estimator=Levina-Bickel k=15 dur=201.279s seed=0
[EST DONE] 2026-04-19T18:37:28.847355 estimator=MiND k=10 dur=61.010s seed=0
[EST DONE] 2026-04-19T18:37:42.914061 estimator=lPCA k=7 dur=237.663s seed=0
[EST DONE] 2026-04-19T18:38:30.913364 estimator=MiND k=15 dur=62.066s seed=0
[EST DONE] 2026-04-19T18:38:56.453726 estimator=TwoNN (no-k) dur=139.112s seed=0
[EST DONE] 2026-04-19T18:41:08.323414 estimator=lPCA k=3 dur=180.895s seed=0
[EST DONE] 2026-04-19T18:41:21.523844 estimator=lPCA k=10 dur=218.610s seed=0
[EST DONE] 2026-04-19T18:42:17.704014 estimator=FisherS (no-k) dur=446.527s seed=0
[EST DONE] 2026-04-19T18:42:25.385161 estimator=FisherS (no-k) dur=441.854s seed=0
[EST DONE] 2026-04-19T18:43:18.214669 estimator=SMAE (no-k) dur=60.510s seed=0
[TASK END] 2026-04-19T18:43:18.214858 manifold=sphere d=9 sigma=0.5 seed=0 duration=3014.050s
[TASK START] 2026-04-19T18:43:18.215886 manifold=sphere d=12 sigma=0.75 n=60000 seed=0
[EST DONE] 2026-04-19T18:43:22.169475 estimator=SMAE (no-k) dur=56.784s seed=0
[TASK END] 2026-04-19T18:43:22.169654 manifold=sphere d=9 sigma=1.0 seed=0 duration=2862.021s
[TASK START] 2026-04-19T18:43:22.170658 manifold=sphere d=12 sigma=1.0 n=60000 seed=0
[EST DONE] 2026-04-19T18:45:22.620813 estimator=lPCA k=5 dur=254.297s seed=0
[EST DONE] 2026-04-19T18:45:30.489102 estimator=FisherS (no-k) dur=419.575s seed=0
[EST DONE] 2026-04-19T18:45:46.724739 estimator=lPCA k=3 dur=214.398s seed=0
[EST DONE] 2026-04-19T18:45:57.226602 estimator=lPCA k=15 dur=275.703s seed=0
[EST DONE] 2026-04-19T18:46:12.087381 estimator=SMAE (no-k) dur=41.598s seed=0
[TASK END] 2026-04-19T18:46:12.087550 manifold=sphere d=9 sigma=0.75 seed=0 duration=3064.079s
[TASK START] 2026-04-19T18:46:12.088555 manifold=sphere d=15 sigma=0.0 n=60000 seed=0
[EST DONE] 2026-04-19T18:46:30.374042 estimator=Levina-Bickel k=3 dur=7.253s seed=0
[EST DONE] 2026-04-19T18:46:40.261844 estimator=Levina-Bickel k=5 dur=9.888s seed=0
[EST DONE] 2026-04-19T18:46:50.403062 estimator=Levina-Bickel k=7 dur=10.141s seed=0
[EST DONE] 2026-04-19T18:46:57.838034 estimator=Levina-Bickel k=10 dur=7.435s seed=0
[EST DONE] 2026-04-19T18:47:05.880285 estimator=Levina-Bickel k=15 dur=8.042s seed=0
[EST DONE] 2026-04-19T18:47:12.533155 estimator=TwoNN (no-k) dur=6.653s seed=0
[EST DONE] 2026-04-19T18:47:24.528658 estimator=Levina-Bickel k=3 dur=125.133s seed=0
[EST DONE] 2026-04-19T18:48:43.722257 estimator=lPCA k=3 dur=45.994s seed=0
[EST DONE] 2026-04-19T18:48:49.080886 estimator=Levina-Bickel k=3 dur=180.209s seed=0
[EST DONE] 2026-04-19T18:49:18.290899 estimator=Levina-Bickel k=5 dur=113.762s seed=0
[EST DONE] 2026-04-19T18:49:23.457245 estimator=lPCA k=5 dur=216.732s seed=0
[EST DONE] 2026-04-19T18:49:33.790579 estimator=lPCA k=5 dur=50.068s seed=0
[EST DONE] 2026-04-19T18:50:00.541129 estimator=lPCA k=7 dur=277.920s seed=0
[EST DONE] 2026-04-19T18:50:45.725191 estimator=lPCA k=7 dur=71.934s seed=0
[EST DONE] 2026-04-19T18:51:50.503570 estimator=lPCA k=10 dur=64.778s seed=0
[EST DONE] 2026-04-19T18:52:29.961364 estimator=Levina-Bickel k=7 dur=191.670s seed=0
[EST DONE] 2026-04-19T18:52:39.776459 estimator=Levina-Bickel k=5 dur=230.695s seed=0
[EST DONE] 2026-04-19T18:52:40.110793 estimator=lPCA k=15 dur=49.607s seed=0
[EST DONE] 2026-04-19T18:54:03.858171 estimator=lPCA k=7 dur=280.401s seed=0
[EST DONE] 2026-04-19T18:57:35.629578 estimator=lPCA k=10 dur=455.088s seed=0
[EST DONE] 2026-04-19T18:57:39.109556 estimator=Levina-Bickel k=10 dur=309.148s seed=0
[EST DONE] 2026-04-19T18:57:57.453550 estimator=Levina-Bickel k=7 dur=317.677s seed=0
[EST DONE] 2026-04-19T18:58:15.561507 estimator=DANCo k=3 dur=414.312s seed=0
[EST DONE] 2026-04-19T19:02:10.388331 estimator=lPCA k=10 dur=486.530s seed=0
[EST DONE] 2026-04-19T19:02:25.380277 estimator=Levina-Bickel k=15 dur=286.270s seed=0
[EST DONE] 2026-04-19T19:03:33.046395 estimator=DANCo k=3 dur=335.248s seed=0
[EST DONE] 2026-04-19T19:03:57.392159 estimator=Levina-Bickel k=10 dur=359.938s seed=0
[EST DONE] 2026-04-19T19:04:51.942598 estimator=TwoNN (no-k) dur=146.562s seed=0
[EST DONE] 2026-04-19T19:06:19.881492 estimator=lPCA k=15 dur=524.252s seed=0
[EST DONE] 2026-04-19T19:06:23.926130 estimator=DANCo k=5 dur=488.364s seed=0
[EST DONE] 2026-04-19T19:09:56.334379 estimator=DANCo k=5 dur=383.288s seed=0
[EST DONE] 2026-04-19T19:10:32.959363 estimator=lPCA k=15 dur=502.571s seed=0
[EST DONE] 2026-04-19T19:11:18.273447 estimator=Levina-Bickel k=15 dur=440.881s seed=0
[EST DONE] 2026-04-19T19:16:51.020568 estimator=DANCo k=7 dur=414.686s seed=0
[EST DONE] 2026-04-19T19:17:09.230787 estimator=lPCA k=3 dur=387.747s seed=0
[EST DONE] 2026-04-19T19:17:35.736392 estimator=TwoNN (no-k) dur=377.463s seed=0
[EST DONE] 2026-04-19T19:18:17.851054 estimator=DANCo k=7 dur=713.925s seed=0
[EST DONE] 2026-04-19T19:24:26.972151 estimator=lPCA k=5 dur=437.741s seed=0
[EST DONE] 2026-04-19T19:24:37.761736 estimator=DANCo k=10 dur=466.741s seed=0
[EST DONE] 2026-04-19T19:27:44.125273 estimator=DANCo k=3 dur=639.380s seed=0
[EST DONE] 2026-04-19T19:30:16.369982 estimator=DANCo k=10 dur=718.519s seed=0
[EST DONE] 2026-04-19T19:31:28.596380 estimator=lPCA k=7 dur=421.624s seed=0
[EST DONE] 2026-04-19T19:33:10.914212 estimator=DANCo k=3 dur=664.151s seed=0
[EST DONE] 2026-04-19T19:34:09.481226 estimator=lPCA k=3 dur=556.190s seed=0
[EST DONE] 2026-04-19T19:34:36.579695 estimator=DANCo k=15 dur=598.818s seed=0
[EST DONE] 2026-04-19T19:34:50.192907 estimator=MiND k=3 dur=6.650s seed=0
[EST DONE] 2026-04-19T19:34:58.150979 estimator=MiND k=5 dur=7.958s seed=0
[EST DONE] 2026-04-19T19:35:05.834223 estimator=MiND k=7 dur=7.683s seed=0
[EST DONE] 2026-04-19T19:35:15.562019 estimator=MiND k=10 dur=9.728s seed=0
[EST DONE] 2026-04-19T19:35:25.609213 estimator=MiND k=15 dur=10.047s seed=0
[EST DONE] 2026-04-19T19:37:22.394124 estimator=lPCA k=10 dur=353.798s seed=0
[EST DONE] 2026-04-19T19:38:52.011386 estimator=lPCA k=5 dur=282.530s seed=0
[EST DONE] 2026-04-19T19:38:52.641857 estimator=DANCo k=5 dur=668.516s seed=0
[EST DONE] 2026-04-19T19:42:08.863110 estimator=DANCo k=15 dur=712.493s seed=0
[EST DONE] 2026-04-19T19:43:35.321525 estimator=DANCo k=5 dur=624.407s seed=0
[EST DONE] 2026-04-19T19:44:06.009131 estimator=lPCA k=15 dur=403.615s seed=0
[EST DONE] 2026-04-19T19:45:03.545495 estimator=lPCA k=7 dur=371.534s seed=0
[EST DONE] 2026-04-19T19:45:08.506672 estimator=FisherS (no-k) dur=582.897s seed=0
[EST DONE] 2026-04-19T19:46:05.596199 estimator=SMAE (no-k) dur=57.089s seed=0
[TASK END] 2026-04-19T19:46:05.596369 manifold=sphere d=15 sigma=0.0 seed=0 duration=3593.508s
[TASK START] 2026-04-19T19:46:05.597406 manifold=sphere d=15 sigma=0.25 n=60000 seed=0
[EST DONE] 2026-04-19T19:46:36.250431 estimator=Levina-Bickel k=3 dur=10.679s seed=0
[EST DONE] 2026-04-19T19:46:50.672009 estimator=Levina-Bickel k=5 dur=14.421s seed=0
[EST DONE] 2026-04-19T19:47:09.107345 estimator=Levina-Bickel k=7 dur=18.435s seed=0
[EST DONE] 2026-04-19T19:47:17.604983 estimator=Levina-Bickel k=10 dur=8.497s seed=0
[EST DONE] 2026-04-19T19:47:31.665326 estimator=Levina-Bickel k=15 dur=14.060s seed=0
[EST DONE] 2026-04-19T19:47:54.122930 estimator=TwoNN (no-k) dur=22.457s seed=0
[EST DONE] 2026-04-19T19:48:04.181379 estimator=DANCo k=7 dur=551.539s seed=0
[EST DONE] 2026-04-19T19:50:10.523895 estimator=lPCA k=3 dur=92.623s seed=0
[EST DONE] 2026-04-19T19:51:09.095514 estimator=MiND k=3 dur=335.042s seed=0
[EST DONE] 2026-04-19T19:52:13.260287 estimator=lPCA k=5 dur=122.736s seed=0
[EST DONE] 2026-04-19T19:52:49.576537 estimator=lPCA k=10 dur=466.031s seed=0
[EST DONE] 2026-04-19T19:53:12.858474 estimator=DANCo k=7 dur=577.537s seed=0
[EST DONE] 2026-04-19T19:53:29.668775 estimator=lPCA k=7 dur=76.408s seed=0
[EST DONE] 2026-04-19T19:54:18.940073 estimator=lPCA k=10 dur=49.271s seed=0
[EST DONE] 2026-04-19T19:55:25.968815 estimator=lPCA k=15 dur=67.029s seed=0
[EST DONE] 2026-04-19T19:56:35.117065 estimator=MiND k=5 dur=326.021s seed=0
[EST DONE] 2026-04-19T19:58:19.386346 estimator=DANCo k=3 dur=436.004s seed=0
[EST DONE] 2026-04-19T19:58:25.201305 estimator=DANCo k=10 dur=621.020s seed=0
[EST DONE] 2026-04-19T20:00:53.062642 estimator=lPCA k=15 dur=483.486s seed=0
[EST DONE] 2026-04-19T20:04:51.848754 estimator=DANCo k=10 dur=698.990s seed=0
[EST DONE] 2026-04-19T20:05:08.641797 estimator=MiND k=7 dur=513.525s seed=0
[EST DONE] 2026-04-19T20:10:10.084208 estimator=DANCo k=5 dur=710.698s seed=0
[EST DONE] 2026-04-19T20:10:53.098919 estimator=DANCo k=3 dur=424.052s seed=0
[EST DONE] 2026-04-19T20:13:40.114843 estimator=MiND k=10 dur=511.473s seed=0
[EST DONE] 2026-04-19T20:15:40.731564 estimator=DANCo k=15 dur=1035.530s seed=0
[EST DONE] 2026-04-19T20:20:44.893117 estimator=DANCo k=5 dur=591.794s seed=0
[EST DONE] 2026-04-19T20:21:22.673218 estimator=DANCo k=15 dur=990.824s seed=0
[EST DONE] 2026-04-19T20:23:06.227790 estimator=DANCo k=7 dur=776.143s seed=0
[EST DONE] 2026-04-19T20:24:47.095743 estimator=MiND k=15 dur=666.981s seed=0
[EST DONE] 2026-04-19T20:28:12.931372 estimator=DANCo k=3 dur=868.603s seed=0
[EST DONE] 2026-04-19T20:28:26.124237 estimator=DANCo k=7 dur=461.231s seed=0
[EST DONE] 2026-04-19T20:30:23.055068 estimator=MiND k=3 dur=333.856s seed=0
[EST DONE] 2026-04-19T20:34:34.755864 estimator=MiND k=3 dur=349.271s seed=0
[EST DONE] 2026-04-19T20:34:59.649225 estimator=DANCo k=10 dur=713.421s seed=0
[EST DONE] 2026-04-19T20:36:15.437962 estimator=DANCo k=10 dur=469.314s seed=0
[EST DONE] 2026-04-19T20:37:44.768032 estimator=MiND k=5 dur=441.713s seed=0
[EST DONE] 2026-04-19T20:39:45.326834 estimator=DANCo k=5 dur=692.395s seed=0
[EST DONE] 2026-04-19T20:39:50.222847 estimator=FisherS (no-k) dur=903.127s seed=0
[EST DONE] 2026-04-19T20:39:53.997212 estimator=MiND k=5 dur=319.241s seed=0
[EST DONE] 2026-04-19T20:41:52.524909 estimator=SMAE (no-k) dur=122.302s seed=0
[TASK END] 2026-04-19T20:41:52.525059 manifold=sphere d=12 sigma=0.0 seed=0 duration=9943.096s
[TASK START] 2026-04-19T20:41:52.536375 manifold=sphere d=15 sigma=0.5 n=60000 seed=0
[EST DONE] 2026-04-19T20:42:30.314818 estimator=Levina-Bickel k=3 dur=14.663s seed=0
[EST DONE] 2026-04-19T20:42:45.181560 estimator=Levina-Bickel k=5 dur=14.867s seed=0
[EST DONE] 2026-04-19T20:42:58.956300 estimator=Levina-Bickel k=7 dur=13.775s seed=0
[EST DONE] 2026-04-19T20:43:13.685565 estimator=Levina-Bickel k=10 dur=14.729s seed=0
[EST DONE] 2026-04-19T20:43:29.897984 estimator=Levina-Bickel k=15 dur=16.212s seed=0
[EST DONE] 2026-04-19T20:44:00.605669 estimator=TwoNN (no-k) dur=30.707s seed=0
[EST DONE] 2026-04-19T20:44:54.870938 estimator=DANCo k=15 dur=519.433s seed=0
[EST DONE] 2026-04-19T20:45:18.674615 estimator=MiND k=3 dur=12.464s seed=0
[EST DONE] 2026-04-19T20:45:32.406842 estimator=MiND k=5 dur=13.732s seed=0
[EST DONE] 2026-04-19T20:45:44.217205 estimator=MiND k=7 dur=11.810s seed=0
[EST DONE] 2026-04-19T20:45:54.280217 estimator=MiND k=7 dur=489.512s seed=0
[EST DONE] 2026-04-19T20:45:54.990166 estimator=MiND k=10 dur=10.773s seed=0
[EST DONE] 2026-04-19T20:46:04.759477 estimator=MiND k=15 dur=9.769s seed=0
[EST DONE] 2026-04-19T20:46:53.775535 estimator=lPCA k=3 dur=113.913s seed=0
[EST DONE] 2026-04-19T20:46:54.967658 estimator=DANCo k=15 dur=715.318s seed=0
[EST DONE] 2026-04-19T20:47:40.717666 estimator=lPCA k=5 dur=46.942s seed=0
[EST DONE] 2026-04-19T20:47:41.562160 estimator=MiND k=7 dur=467.565s seed=0
[EST DONE] 2026-04-19T20:49:42.134497 estimator=lPCA k=7 dur=121.417s seed=0
[EST DONE] 2026-04-19T20:50:36.030285 estimator=DANCo k=7 dur=650.703s seed=0
[EST DONE] 2026-04-19T20:50:41.783534 estimator=MiND k=10 dur=287.503s seed=0
[EST DONE] 2026-04-19T20:50:59.847644 estimator=lPCA k=10 dur=77.713s seed=0
[EST DONE] 2026-04-19T20:51:51.101752 estimator=MiND k=10 dur=249.539s seed=0
[EST DONE] 2026-04-19T20:51:54.932510 estimator=lPCA k=15 dur=55.085s seed=0
[EST DONE] 2026-04-19T20:52:06.634993 estimator=MiND k=3 dur=160.382s seed=0
[EST DONE] 2026-04-19T20:54:37.573058 estimator=MiND k=15 dur=235.789s seed=0
[EST DONE] 2026-04-19T20:54:39.933974 estimator=FisherS (no-k) dur=515.174s seed=0
[EST DONE] 2026-04-19T20:55:39.584589 estimator=MiND k=5 dur=212.949s seed=0
[EST DONE] 2026-04-19T20:56:53.778736 estimator=MiND k=15 dur=302.677s seed=0
[EST DONE] 2026-04-19T20:57:03.907310 estimator=SMAE (no-k) dur=143.973s seed=0
[TASK END] 2026-04-19T20:57:03.907476 manifold=sphere d=15 sigma=0.25 seed=0 duration=4258.310s
[TASK START] 2026-04-19T20:57:03.908727 manifold=sphere d=15 sigma=0.75 n=60000 seed=0
[EST DONE] 2026-04-19T20:57:34.847065 estimator=Levina-Bickel k=3 dur=19.031s seed=0
[EST DONE] 2026-04-19T20:57:49.729408 estimator=Levina-Bickel k=5 dur=14.882s seed=0
[EST DONE] 2026-04-19T20:58:01.593735 estimator=Levina-Bickel k=7 dur=11.864s seed=0
[EST DONE] 2026-04-19T20:58:25.922040 estimator=Levina-Bickel k=10 dur=24.328s seed=0
[EST DONE] 2026-04-19T20:58:36.489019 estimator=Levina-Bickel k=15 dur=10.567s seed=0
[EST DONE] 2026-04-19T20:58:50.873008 estimator=TwoNN (no-k) dur=14.384s seed=0
[EST DONE] 2026-04-19T20:59:37.395904 estimator=DANCo k=10 dur=541.365s seed=0
[EST DONE] 2026-04-19T21:00:11.454785 estimator=MiND k=7 dur=271.870s seed=0
[EST DONE] 2026-04-19T21:02:18.654526 estimator=lPCA k=3 dur=127.503s seed=0
[EST DONE] 2026-04-19T21:04:18.080907 estimator=lPCA k=5 dur=119.426s seed=0
[EST DONE] 2026-04-19T21:04:34.876153 estimator=DANCo k=3 dur=420.899s seed=0
[EST DONE] 2026-04-19T21:04:46.638664 estimator=MiND k=10 dur=275.184s seed=0
[EST DONE] 2026-04-19T21:05:11.740422 estimator=lPCA k=7 dur=53.659s seed=0
[EST DONE] 2026-04-19T21:06:36.032273 estimator=lPCA k=10 dur=84.292s seed=0
[EST DONE] 2026-04-19T21:09:03.152056 estimator=FisherS (no-k) dur=865.579s seed=0
[EST DONE] 2026-04-19T21:09:12.129496 estimator=lPCA k=15 dur=156.097s seed=0
[EST DONE] 2026-04-19T21:11:27.400667 estimator=DANCo k=15 dur=710.005s seed=0
[EST DONE] 2026-04-19T21:11:39.590160 estimator=FisherS (no-k) dur=885.811s seed=0
[EST DONE] 2026-04-19T21:11:42.869948 estimator=MiND k=15 dur=416.231s seed=0
[EST DONE] 2026-04-19T21:11:49.042930 estimator=DANCo k=5 dur=434.167s seed=0
[EST DONE] 2026-04-19T21:12:01.237008 estimator=SMAE (no-k) dur=178.085s seed=0
[TASK END] 2026-04-19T21:12:01.237173 manifold=sphere d=12 sigma=0.25 seed=0 duration=11280.825s
[TASK START] 2026-04-19T21:12:01.238207 manifold=sphere d=15 sigma=1.0 n=60000 seed=0
[EST DONE] 2026-04-19T21:12:21.662130 estimator=Levina-Bickel k=3 dur=8.694s seed=0
[EST DONE] 2026-04-19T21:12:34.080946 estimator=Levina-Bickel k=5 dur=12.419s seed=0
[EST DONE] 2026-04-19T21:12:44.017604 estimator=Levina-Bickel k=7 dur=9.936s seed=0
[EST DONE] 2026-04-19T21:12:59.419333 estimator=Levina-Bickel k=10 dur=15.402s seed=0
[EST DONE] 2026-04-19T21:13:11.208995 estimator=Levina-Bickel k=15 dur=11.789s seed=0
[EST DONE] 2026-04-19T21:13:24.573707 estimator=TwoNN (no-k) dur=13.365s seed=0
[EST DONE] 2026-04-19T21:13:42.775656 estimator=SMAE (no-k) dur=123.185s seed=0
[TASK END] 2026-04-19T21:13:42.775835 manifold=sphere d=12 sigma=0.5 seed=0 duration=10849.224s
[TASK START] 2026-04-19T21:13:42.777182 manifold=torus d=5 sigma=0.0 n=60000 seed=0
[EST DONE] 2026-04-19T21:13:53.518552 estimator=Levina-Bickel k=3 dur=5.394s seed=0
[EST DONE] 2026-04-19T21:14:12.748774 estimator=Levina-Bickel k=5 dur=19.230s seed=0
[EST DONE] 2026-04-19T21:14:29.366250 estimator=Levina-Bickel k=7 dur=16.617s seed=0
[EST DONE] 2026-04-19T21:15:07.511157 estimator=Levina-Bickel k=10 dur=38.145s seed=0
[EST DONE] 2026-04-19T21:15:30.203136 estimator=Levina-Bickel k=15 dur=22.692s seed=0
[EST DONE] 2026-04-19T21:15:37.969676 estimator=TwoNN (no-k) dur=7.766s seed=0
[EST DONE] 2026-04-19T21:18:12.234879 estimator=lPCA k=3 dur=128.516s seed=0
[EST DONE] 2026-04-19T21:19:28.061574 estimator=lPCA k=3 dur=101.817s seed=0
[EST DONE] 2026-04-19T21:20:32.699986 estimator=lPCA k=5 dur=140.465s seed=0
[EST DONE] 2026-04-19T21:20:39.158210 estimator=DANCo k=7 dur=530.115s seed=0
[EST DONE] 2026-04-19T21:21:34.766520 estimator=lPCA k=5 dur=126.705s seed=0
[EST DONE] 2026-04-19T21:21:35.741563 estimator=MiND k=3 dur=280.958s seed=0
[EST DONE] 2026-04-19T21:22:02.676511 estimator=lPCA k=7 dur=89.976s seed=0
[EST DONE] 2026-04-19T21:24:07.318255 estimator=lPCA k=7 dur=152.552s seed=0
[EST DONE] 2026-04-19T21:24:33.337626 estimator=lPCA k=10 dur=150.661s seed=0
[EST DONE] 2026-04-19T21:24:37.069221 estimator=DANCo k=3 dur=453.704s seed=0
[EST DONE] 2026-04-19T21:25:54.551999 estimator=lPCA k=15 dur=81.214s seed=0
[EST DONE] 2026-04-19T21:26:24.821429 estimator=lPCA k=10 dur=137.503s seed=0
[EST DONE] 2026-04-19T21:26:49.361842 estimator=MiND k=5 dur=313.620s seed=0
[EST DONE] 2026-04-19T21:27:33.145245 estimator=FisherS (no-k) dur=950.275s seed=0
[EST DONE] 2026-04-19T21:30:04.123667 estimator=lPCA k=15 dur=219.302s seed=0
[EST DONE] 2026-04-19T21:30:34.718203 estimator=SMAE (no-k) dur=181.573s seed=0
[TASK END] 2026-04-19T21:30:34.718366 manifold=sphere d=12 sigma=1.0 seed=0 duration=10032.548s
[TASK START] 2026-04-19T21:30:34.718976 manifold=torus d=5 sigma=0.25 n=60000 seed=0
[EST DONE] 2026-04-19T21:30:56.339832 estimator=DANCo k=10 dur=617.181s seed=0
[EST DONE] 2026-04-19T21:31:38.426614 estimator=Levina-Bickel k=3 dur=17.996s seed=0
[EST DONE] 2026-04-19T21:31:49.588749 estimator=Levina-Bickel k=5 dur=11.162s seed=0
[EST DONE] 2026-04-19T21:32:26.530902 estimator=Levina-Bickel k=7 dur=36.942s seed=0
[EST DONE] 2026-04-19T21:32:53.416201 estimator=Levina-Bickel k=10 dur=26.885s seed=0
[EST DONE] 2026-04-19T21:33:51.375977 estimator=Levina-Bickel k=15 dur=57.960s seed=0
[EST DONE] 2026-04-19T21:33:56.898276 estimator=TwoNN (no-k) dur=5.522s seed=0
[EST DONE] 2026-04-19T21:34:02.256245 estimator=DANCo k=5 dur=565.187s seed=0
[EST DONE] 2026-04-19T21:36:20.834098 estimator=MiND k=7 dur=571.472s seed=0
[EST DONE] 2026-04-19T21:37:19.575066 estimator=DANCo k=3 dur=199.030s seed=0
[EST DONE] 2026-04-19T21:37:54.338155 estimator=lPCA k=3 dur=118.358s seed=0
[EST DONE] 2026-04-19T21:43:03.313455 estimator=lPCA k=5 dur=308.975s seed=0
[EST DONE] 2026-04-19T21:44:31.105788 estimator=DANCo k=7 dur=628.849s seed=0
[EST DONE] 2026-04-19T21:44:40.720712 estimator=DANCo k=5 dur=441.145s seed=0
[EST DONE] 2026-04-19T21:45:01.132357 estimator=DANCo k=15 dur=844.792s seed=0
[EST DONE] 2026-04-19T21:45:17.040696 estimator=MiND k=3 dur=8.483s seed=0
[EST DONE] 2026-04-19T21:45:24.167947 estimator=MiND k=5 dur=7.127s seed=0
[EST DONE] 2026-04-19T21:45:28.651460 estimator=DANCo k=3 dur=592.619s seed=0
[EST DONE] 2026-04-19T21:45:33.330711 estimator=MiND k=7 dur=9.163s seed=0
[EST DONE] 2026-04-19T21:45:41.959147 estimator=MiND k=10 dur=8.628s seed=0
[EST DONE] 2026-04-19T21:45:49.836217 estimator=MiND k=15 dur=7.877s seed=0
[EST DONE] 2026-04-19T21:45:54.570729 estimator=lPCA k=7 dur=171.257s seed=0
[EST DONE] 2026-04-19T21:46:46.998691 estimator=MiND k=10 dur=626.164s seed=0
[EST DONE] 2026-04-19T21:47:31.060681 estimator=DANCo k=7 dur=170.340s seed=0
[EST DONE] 2026-04-19T21:47:32.280772 estimator=lPCA k=10 dur=97.710s seed=0
[EST DONE] 2026-04-19T21:50:33.557689 estimator=lPCA k=15 dur=181.277s seed=0
[EST DONE] 2026-04-19T21:53:33.584541 estimator=DANCo k=5 dur=484.933s seed=0
[EST DONE] 2026-04-19T21:53:41.940815 estimator=DANCo k=10 dur=550.835s seed=0
[EST DONE] 2026-04-19T21:54:00.814104 estimator=DANCo k=10 dur=389.753s seed=0
[EST DONE] 2026-04-19T21:55:08.066941 estimator=MiND k=15 dur=501.068s seed=0
[EST DONE] 2026-04-19T21:57:49.559689 estimator=DANCo k=3 dur=192.062s seed=0
[EST DONE] 2026-04-19T21:59:03.100468 estimator=DANCo k=15 dur=302.286s seed=0
[EST DONE] 2026-04-19T21:59:26.455584 estimator=MiND k=3 dur=17.874s seed=0
[EST DONE] 2026-04-19T21:59:50.166804 estimator=MiND k=5 dur=23.711s seed=0
[EST DONE] 2026-04-19T22:00:11.518401 estimator=MiND k=7 dur=21.351s seed=0
[EST DONE] 2026-04-19T22:00:48.937591 estimator=MiND k=10 dur=37.419s seed=0
[EST DONE] 2026-04-19T22:01:46.743762 estimator=MiND k=15 dur=57.806s seed=0
[EST DONE] 2026-04-19T22:02:44.879010 estimator=DANCo k=7 dur=551.294s seed=0
[EST DONE] 2026-04-19T22:03:02.269991 estimator=DANCo k=5 dur=312.710s seed=0
[EST DONE] 2026-04-19T22:03:24.173736 estimator=DANCo k=15 dur=582.233s seed=0
[EST DONE] 2026-04-19T22:03:24.691863 estimator=FisherS (no-k) dur=1054.855s seed=0
[EST DONE] 2026-04-19T22:03:41.122631 estimator=MiND k=3 dur=8.680s seed=0
[EST DONE] 2026-04-19T22:03:48.298259 estimator=MiND k=5 dur=7.175s seed=0
[EST DONE] 2026-04-19T22:03:55.847217 estimator=MiND k=7 dur=7.549s seed=0
[EST DONE] 2026-04-19T22:04:06.619827 estimator=MiND k=10 dur=10.772s seed=0
[EST DONE] 2026-04-19T22:04:15.275963 estimator=MiND k=15 dur=8.656s seed=0
[EST DONE] 2026-04-19T22:04:41.229819 estimator=SMAE (no-k) dur=76.538s seed=0
[TASK END] 2026-04-19T22:04:41.229998 manifold=sphere d=15 sigma=0.5 seed=0 duration=4968.694s
[TASK START] 2026-04-19T22:04:41.231122 manifold=torus d=5 sigma=0.5 n=60000 seed=0
[EST DONE] 2026-04-19T22:05:28.656165 estimator=Levina-Bickel k=3 dur=26.522s seed=0
[EST DONE] 2026-04-19T22:06:04.386746 estimator=DANCo k=7 dur=182.117s seed=0
[EST DONE] 2026-04-19T22:06:08.042826 estimator=Levina-Bickel k=5 dur=39.387s seed=0
[EST DONE] 2026-04-19T22:07:38.071783 estimator=Levina-Bickel k=7 dur=90.029s seed=0
[EST DONE] 2026-04-19T22:08:07.331677 estimator=Levina-Bickel k=10 dur=29.260s seed=0
[EST DONE] 2026-04-19T22:09:58.339331 estimator=Levina-Bickel k=15 dur=111.007s seed=0
[EST DONE] 2026-04-19T22:10:16.817843 estimator=DANCo k=10 dur=252.431s seed=0
[EST DONE] 2026-04-19T22:10:17.866928 estimator=TwoNN (no-k) dur=19.527s seed=0
[EST DONE] 2026-04-19T22:10:35.245243 estimator=DANCo k=10 dur=470.366s seed=0
[EST DONE] 2026-04-19T22:12:00.004805 estimator=FisherS (no-k) dur=1011.938s seed=0
[EST DONE] 2026-04-19T22:13:02.964720 estimator=lPCA k=3 dur=93.953s seed=0
[EST DONE] 2026-04-19T22:13:25.539276 estimator=DANCo k=15 dur=188.721s seed=0
[EST DONE] 2026-04-19T22:13:39.645903 estimator=SMAE (no-k) dur=99.641s seed=0
[TASK END] 2026-04-19T22:13:39.646060 manifold=sphere d=12 sigma=0.75 seed=0 duration=12621.430s
[TASK START] 2026-04-19T22:13:39.647237 manifold=torus d=5 sigma=0.75 n=60000 seed=0
[EST DONE] 2026-04-19T22:13:50.746889 estimator=MiND k=3 dur=6.271s seed=0
[EST DONE] 2026-04-19T22:14:22.138265 estimator=MiND k=5 dur=31.391s seed=0
[EST DONE] 2026-04-19T22:14:31.440101 estimator=MiND k=7 dur=9.302s seed=0
[EST DONE] 2026-04-19T22:14:39.096958 estimator=Levina-Bickel k=3 dur=28.124s seed=0
[EST DONE] 2026-04-19T22:14:53.590652 estimator=MiND k=10 dur=22.150s seed=0
[EST DONE] 2026-04-19T22:15:07.448652 estimator=lPCA k=5 dur=124.484s seed=0
[EST DONE] 2026-04-19T22:15:12.581410 estimator=FisherS (no-k) dur=805.837s seed=0
[EST DONE] 2026-04-19T22:15:12.937130 estimator=MiND k=15 dur=19.346s seed=0
[EST DONE] 2026-04-19T22:15:23.501525 estimator=Levina-Bickel k=5 dur=44.404s seed=0
[EST DONE] 2026-04-19T22:16:10.691252 estimator=Levina-Bickel k=7 dur=47.190s seed=0
[EST DONE] 2026-04-19T22:17:14.454721 estimator=SMAE (no-k) dur=121.873s seed=0
[TASK END] 2026-04-19T22:17:14.454870 manifold=torus d=5 sigma=0.0 seed=0 duration=3811.678s
[TASK START] 2026-04-19T22:17:14.456047 manifold=torus d=5 sigma=1.0 n=60000 seed=0
[EST DONE] 2026-04-19T22:17:27.611817 estimator=Levina-Bickel k=10 dur=76.920s seed=0
[EST DONE] 2026-04-19T22:17:28.766438 estimator=lPCA k=7 dur=141.318s seed=0
[EST DONE] 2026-04-19T22:18:35.530024 estimator=FisherS (no-k) dur=860.254s seed=0
[EST DONE] 2026-04-19T22:18:58.079853 estimator=Levina-Bickel k=15 dur=90.468s seed=0
[EST DONE] 2026-04-19T22:18:58.431114 estimator=Levina-Bickel k=3 dur=60.918s seed=0
[EST DONE] 2026-04-19T22:19:08.472843 estimator=DANCo k=15 dur=513.227s seed=0
[EST DONE] 2026-04-19T22:19:13.873193 estimator=TwoNN (no-k) dur=15.793s seed=0
[EST DONE] 2026-04-19T22:19:21.653929 estimator=SMAE (no-k) dur=46.124s seed=0
[TASK END] 2026-04-19T22:19:21.654095 manifold=sphere d=15 sigma=0.75 seed=0 duration=4937.745s
[TASK START] 2026-04-19T22:19:21.655122 manifold=torus d=7 sigma=0.0 n=60000 seed=0
[EST DONE] 2026-04-19T22:19:27.362886 estimator=MiND k=3 dur=11.009s seed=0
[EST DONE] 2026-04-19T22:19:34.977753 estimator=MiND k=5 dur=7.615s seed=0
[EST DONE] 2026-04-19T22:19:46.419027 estimator=MiND k=7 dur=11.441s seed=0
[EST DONE] 2026-04-19T22:19:57.546759 estimator=Levina-Bickel k=5 dur=59.115s seed=0
[EST DONE] 2026-04-19T22:19:57.675349 estimator=MiND k=10 dur=11.256s seed=0
[EST DONE] 2026-04-19T22:20:09.203131 estimator=MiND k=15 dur=11.528s seed=0
[EST DONE] 2026-04-19T22:20:15.357911 estimator=lPCA k=10 dur=166.591s seed=0
[EST DONE] 2026-04-19T22:20:49.378941 estimator=Levina-Bickel k=7 dur=51.832s seed=0
[EST DONE] 2026-04-19T22:20:55.167867 estimator=Levina-Bickel k=3 dur=51.126s seed=0
[EST DONE] 2026-04-19T22:21:03.084171 estimator=lPCA k=3 dur=55.848s seed=0
[EST DONE] 2026-04-19T22:21:43.246959 estimator=Levina-Bickel k=10 dur=53.868s seed=0
[EST DONE] 2026-04-19T22:21:45.483610 estimator=lPCA k=15 dur=90.126s seed=0
[EST DONE] 2026-04-19T22:22:11.643058 estimator=lPCA k=5 dur=68.559s seed=0
[EST DONE] 2026-04-19T22:22:14.450888 estimator=Levina-Bickel k=5 dur=79.283s seed=0
[EST DONE] 2026-04-19T22:22:47.859206 estimator=Levina-Bickel k=15 dur=64.612s seed=0
[EST DONE] 2026-04-19T22:23:20.713963 estimator=TwoNN (no-k) dur=32.855s seed=0
[EST DONE] 2026-04-19T22:23:46.112227 estimator=lPCA k=7 dur=94.469s seed=0
[EST DONE] 2026-04-19T22:24:18.910090 estimator=Levina-Bickel k=7 dur=124.459s seed=0
[EST DONE] 2026-04-19T22:24:28.774347 estimator=FisherS (no-k) dur=555.837s seed=0
[EST DONE] 2026-04-19T22:25:08.982775 estimator=lPCA k=10 dur=82.870s seed=0
[EST DONE] 2026-04-19T22:25:36.737570 estimator=lPCA k=3 dur=63.806s seed=0
[EST DONE] 2026-04-19T22:25:47.177406 estimator=DANCo k=3 dur=124.002s seed=0
[EST DONE] 2026-04-19T22:25:58.700717 estimator=SMAE (no-k) dur=89.926s seed=0
[TASK END] 2026-04-19T22:25:58.700866 manifold=torus d=5 sigma=0.25 seed=0 duration=3323.982s
[TASK START] 2026-04-19T22:25:58.702062 manifold=torus d=7 sigma=0.25 n=60000 seed=0
[EST DONE] 2026-04-19T22:26:32.297771 estimator=Levina-Bickel k=10 dur=133.387s seed=0
[EST DONE] 2026-04-19T22:26:52.420556 estimator=lPCA k=5 dur=75.683s seed=0
[EST DONE] 2026-04-19T22:27:06.116160 estimator=lPCA k=15 dur=117.133s seed=0
[EST DONE] 2026-04-19T22:27:27.361190 estimator=FisherS (no-k) dur=438.158s seed=0
[EST DONE] 2026-04-19T22:28:02.603494 estimator=DANCo k=5 dur=135.426s seed=0
[EST DONE] 2026-04-19T22:28:17.873365 estimator=Levina-Bickel k=3 dur=74.699s seed=0
[EST DONE] 2026-04-19T22:28:30.816435 estimator=lPCA k=7 dur=98.396s seed=0
[EST DONE] 2026-04-19T22:28:49.880816 estimator=SMAE (no-k) dur=82.519s seed=0
[TASK END] 2026-04-19T22:28:49.880988 manifold=sphere d=15 sigma=1.0 seed=0 duration=4608.643s
[TASK START] 2026-04-19T22:28:49.882057 manifold=torus d=7 sigma=0.5 n=60000 seed=0
[EST DONE] 2026-04-19T22:29:07.713615 estimator=Levina-Bickel k=15 dur=155.416s seed=0
[EST DONE] 2026-04-19T22:29:48.367782 estimator=Levina-Bickel k=5 dur=90.494s seed=0
[EST DONE] 2026-04-19T22:29:57.412215 estimator=lPCA k=10 dur=86.596s seed=0
[EST DONE] 2026-04-19T22:30:13.768536 estimator=DANCo k=7 dur=131.165s seed=0
[EST DONE] 2026-04-19T22:30:26.057681 estimator=TwoNN (no-k) dur=78.344s seed=0
[EST DONE] 2026-04-19T22:31:16.152386 estimator=DANCo k=3 dur=123.798s seed=0
[EST DONE] 2026-04-19T22:31:45.477820 estimator=lPCA k=15 dur=108.065s seed=0
[EST DONE] 2026-04-19T22:31:46.834229 estimator=Levina-Bickel k=7 dur=118.466s seed=0
[EST DONE] 2026-04-19T22:32:52.196555 estimator=DANCo k=10 dur=158.428s seed=0
[EST DONE] 2026-04-19T22:33:33.799309 estimator=DANCo k=5 dur=137.647s seed=0
[EST DONE] 2026-04-19T22:33:45.321033 estimator=Levina-Bickel k=3 dur=138.828s seed=0
[EST DONE] 2026-04-19T22:34:19.304427 estimator=lPCA k=3 dur=132.814s seed=0
[EST DONE] 2026-04-19T22:34:22.741069 estimator=Levina-Bickel k=10 dur=155.907s seed=0
[EST DONE] 2026-04-19T22:36:18.769183 estimator=DANCo k=15 dur=206.572s seed=0
[EST DONE] 2026-04-19T22:36:20.998007 estimator=DANCo k=7 dur=167.199s seed=0
[EST DONE] 2026-04-19T22:36:58.721073 estimator=DANCo k=3 dur=171.187s seed=0
[EST DONE] 2026-04-19T22:37:04.387723 estimator=MiND k=3 dur=17.310s seed=0
[EST DONE] 2026-04-19T22:37:22.426232 estimator=MiND k=5 dur=18.038s seed=0
[EST DONE] 2026-04-19T22:37:24.661098 estimator=Levina-Bickel k=5 dur=219.340s seed=0
[EST DONE] 2026-04-19T22:37:40.977269 estimator=lPCA k=5 dur=201.673s seed=0
[EST DONE] 2026-04-19T22:37:42.006187 estimator=MiND k=7 dur=19.580s seed=0
[EST DONE] 2026-04-19T22:38:00.693555 estimator=Levina-Bickel k=15 dur=217.952s seed=0
[EST DONE] 2026-04-19T22:38:09.327683 estimator=MiND k=10 dur=27.321s seed=0
[EST DONE] 2026-04-19T22:39:00.597642 estimator=DANCo k=10 dur=159.599s seed=0
[EST DONE] 2026-04-19T22:39:15.086937 estimator=MiND k=15 dur=65.759s seed=0
[EST DONE] 2026-04-19T22:39:19.756300 estimator=DANCo k=5 dur=141.035s seed=0
[EST DONE] 2026-04-19T22:39:26.274565 estimator=TwoNN (no-k) dur=85.581s seed=0
[EST DONE] 2026-04-19T22:40:25.467498 estimator=Levina-Bickel k=7 dur=180.806s seed=0
[EST DONE] 2026-04-19T22:41:05.591584 estimator=lPCA k=7 dur=204.614s seed=0
[EST DONE] 2026-04-19T22:41:59.439318 estimator=DANCo k=7 dur=159.683s seed=0
[EST DONE] 2026-04-19T22:42:46.339981 estimator=DANCo k=15 dur=225.742s seed=0
[EST DONE] 2026-04-19T22:43:44.111586 estimator=MiND k=3 dur=26.044s seed=0
[EST DONE] 2026-04-19T22:43:55.585540 estimator=lPCA k=3 dur=141.444s seed=0
[EST DONE] 2026-04-19T22:44:09.363594 estimator=Levina-Bickel k=10 dur=223.896s seed=0
[EST DONE] 2026-04-19T22:44:16.524642 estimator=MiND k=5 dur=32.413s seed=0
[EST DONE] 2026-04-19T22:44:54.049740 estimator=MiND k=7 dur=37.525s seed=0
[EST DONE] 2026-04-19T22:45:12.247371 estimator=lPCA k=10 dur=246.656s seed=0
[EST DONE] 2026-04-19T22:45:13.426295 estimator=DANCo k=10 dur=193.987s seed=0
[EST DONE] 2026-04-19T22:45:57.328244 estimator=MiND k=10 dur=63.278s seed=0
[EST DONE] 2026-04-19T22:46:35.437860 estimator=lPCA k=5 dur=159.852s seed=0
[EST DONE] 2026-04-19T22:46:53.025033 estimator=MiND k=15 dur=55.697s seed=0
[EST DONE] 2026-04-19T22:47:06.542858 estimator=FisherS (no-k) dur=471.456s seed=0
[EST DONE] 2026-04-19T22:48:21.821227 estimator=DANCo k=15 dur=188.395s seed=0
[EST DONE] 2026-04-19T22:48:26.997721 estimator=SMAE (no-k) dur=80.455s seed=0
[TASK END] 2026-04-19T22:48:26.997868 manifold=torus d=5 sigma=0.5 seed=0 duration=2625.767s
[TASK START] 2026-04-19T22:48:26.998903 manifold=torus d=7 sigma=0.75 n=60000 seed=0
[EST DONE] 2026-04-19T22:48:31.414715 estimator=Levina-Bickel k=15 dur=262.051s seed=0
[EST DONE] 2026-04-19T22:49:11.263571 estimator=lPCA k=15 dur=239.016s seed=0
[EST DONE] 2026-04-19T22:49:36.144028 estimator=MiND k=3 dur=36.833s seed=0
[EST DONE] 2026-04-19T22:49:42.266407 estimator=lPCA k=7 dur=186.828s seed=0
[EST DONE] 2026-04-19T22:50:16.383954 estimator=MiND k=5 dur=40.240s seed=0
[EST DONE] 2026-04-19T22:50:27.017078 estimator=TwoNN (no-k) dur=115.602s seed=0
[EST DONE] 2026-04-19T22:51:00.437243 estimator=MiND k=7 dur=44.053s seed=0
[EST DONE] 2026-04-19T22:51:46.204316 estimator=MiND k=10 dur=45.767s seed=0
[EST DONE] 2026-04-19T22:52:54.481310 estimator=MiND k=15 dur=68.277s seed=0
[EST DONE] 2026-04-19T22:53:24.292984 estimator=lPCA k=10 dur=222.026s seed=0
[EST DONE] 2026-04-19T22:55:10.031494 estimator=FisherS (no-k) dur=497.006s seed=0
[EST DONE] 2026-04-19T22:56:13.623078 estimator=Levina-Bickel k=3 dur=248.884s seed=0
[EST DONE] 2026-04-19T22:56:15.020905 estimator=SMAE (no-k) dur=64.989s seed=0
[TASK END] 2026-04-19T22:56:15.021045 manifold=torus d=5 sigma=0.75 seed=0 duration=2555.374s
[TASK START] 2026-04-19T22:56:15.022239 manifold=torus d=7 sigma=1.0 n=60000 seed=0
[EST DONE] 2026-04-19T22:56:47.618698 estimator=lPCA k=3 dur=180.904s seed=0
[EST DONE] 2026-04-19T22:57:13.995506 estimator=lPCA k=15 dur=229.702s seed=0
[EST DONE] 2026-04-19T22:59:46.561051 estimator=Levina-Bickel k=5 dur=212.938s seed=0
[EST DONE] 2026-04-19T23:00:54.246112 estimator=DANCo k=3 dur=365.828s seed=0
[EST DONE] 2026-04-19T23:01:45.327343 estimator=lPCA k=5 dur=297.708s seed=0
[EST DONE] 2026-04-19T23:03:24.838335 estimator=FisherS (no-k) dur=630.357s seed=0
[EST DONE] 2026-04-19T23:04:13.609501 estimator=Levina-Bickel k=3 dur=265.769s seed=0
[EST DONE] 2026-04-19T23:04:14.671587 estimator=SMAE (no-k) dur=49.833s seed=0
[TASK END] 2026-04-19T23:04:14.671725 manifold=torus d=5 sigma=1.0 seed=0 duration=2820.216s
[TASK START] 2026-04-19T23:04:14.672782 manifold=torus d=9 sigma=0.0 n=60000 seed=0
[EST DONE] 2026-04-19T23:04:32.712754 estimator=Levina-Bickel k=3 dur=9.068s seed=0
[EST DONE] 2026-04-19T23:04:43.107604 estimator=Levina-Bickel k=5 dur=10.395s seed=0
[EST DONE] 2026-04-19T23:04:51.139588 estimator=Levina-Bickel k=7 dur=8.032s seed=0
[EST DONE] 2026-04-19T23:05:08.203286 estimator=Levina-Bickel k=10 dur=17.064s seed=0
[EST DONE] 2026-04-19T23:05:26.953119 estimator=Levina-Bickel k=15 dur=18.750s seed=0
[EST DONE] 2026-04-19T23:05:40.717182 estimator=TwoNN (no-k) dur=13.764s seed=0
[EST DONE] 2026-04-19T23:07:19.003876 estimator=Levina-Bickel k=7 dur=452.443s seed=0
[EST DONE] 2026-04-19T23:08:27.800963 estimator=DANCo k=5 dur=453.555s seed=0
[EST DONE] 2026-04-19T23:08:37.485690 estimator=lPCA k=7 dur=412.158s seed=0
[EST DONE] 2026-04-19T23:09:19.640404 estimator=lPCA k=3 dur=66.329s seed=0
[EST DONE] 2026-04-19T23:09:25.442579 estimator=DANCo k=3 dur=387.218s seed=0
[EST DONE] 2026-04-19T23:10:03.247238 estimator=lPCA k=5 dur=43.607s seed=0
[EST DONE] 2026-04-19T23:10:54.785460 estimator=lPCA k=7 dur=51.538s seed=0
[EST DONE] 2026-04-19T23:10:56.892539 estimator=Levina-Bickel k=5 dur=403.283s seed=0
[EST DONE] 2026-04-19T23:11:44.945346 estimator=lPCA k=10 dur=50.160s seed=0
[EST DONE] 2026-04-19T23:11:58.829790 estimator=Levina-Bickel k=10 dur=279.826s seed=0
[EST DONE] 2026-04-19T23:13:26.009494 estimator=lPCA k=15 dur=101.064s seed=0
[EST DONE] 2026-04-19T23:14:13.382755 estimator=lPCA k=10 dur=335.897s seed=0
[EST DONE] 2026-04-19T23:16:14.258335 estimator=DANCo k=5 dur=408.816s seed=0
[EST DONE] 2026-04-19T23:17:04.758909 estimator=DANCo k=7 dur=516.958s seed=0
[EST DONE] 2026-04-19T23:19:18.036323 estimator=Levina-Bickel k=7 dur=501.144s seed=0
[EST DONE] 2026-04-19T23:19:51.365357 estimator=Levina-Bickel k=15 dur=472.535s seed=0
[EST DONE] 2026-04-19T23:22:05.042663 estimator=lPCA k=15 dur=471.660s seed=0
[EST DONE] 2026-04-19T23:22:32.382433 estimator=TwoNN (no-k) dur=161.017s seed=0
[EST DONE] 2026-04-19T23:28:01.806747 estimator=DANCo k=10 dur=657.048s seed=0
[EST DONE] 2026-04-19T23:28:07.041024 estimator=DANCo k=7 dur=712.783s seed=0
[EST DONE] 2026-04-19T23:29:03.535615 estimator=Levina-Bickel k=10 dur=585.499s seed=0
[EST DONE] 2026-04-19T23:31:08.285177 estimator=DANCo k=3 dur=538.135s seed=0
[EST DONE] 2026-04-19T23:38:37.018500 estimator=Levina-Bickel k=15 dur=573.483s seed=0
[EST DONE] 2026-04-19T23:40:45.311595 estimator=DANCo k=10 dur=758.270s seed=0
[EST DONE] 2026-04-19T23:41:31.379810 estimator=DANCo k=5 dur=623.094s seed=0
[EST DONE] 2026-04-19T23:41:55.900903 estimator=DANCo k=15 dur=834.094s seed=0
[EST DONE] 2026-04-19T23:42:18.582976 estimator=lPCA k=3 dur=674.202s seed=0
[EST DONE] 2026-04-19T23:44:55.852232 estimator=TwoNN (no-k) dur=378.833s seed=0
[EST DONE] 2026-04-19T23:47:24.979249 estimator=MiND k=3 dur=184.702s seed=0
[EST DONE] 2026-04-19T23:47:32.311689 estimator=DANCo k=3 dur=786.875s seed=0
[EST DONE] 2026-04-19T23:50:00.473850 estimator=DANCo k=7 dur=509.094s seed=0
[EST DONE] 2026-04-19T23:50:21.113184 estimator=MiND k=5 dur=176.134s seed=0
[EST DONE] 2026-04-19T23:50:40.665077 estimator=lPCA k=5 dur=502.082s seed=0
[EST DONE] 2026-04-19T23:54:23.476215 estimator=DANCo k=15 dur=818.164s seed=0
[EST DONE] 2026-04-19T23:55:10.285977 estimator=MiND k=7 dur=289.173s seed=0
[EST DONE] 2026-04-19T23:59:00.355870 estimator=DANCo k=10 dur=539.882s seed=0
[EST DONE] 2026-04-19T23:59:27.438338 estimator=lPCA k=3 dur=522.858s seed=0
[EST DONE] 2026-04-19T23:59:47.833855 estimator=MiND k=10 dur=277.548s seed=0
[EST DONE] 2026-04-19T23:59:56.771646 estimator=DANCo k=5 dur=744.460s seed=0
[EST DONE] 2026-04-20T00:01:29.750929 estimator=MiND k=3 dur=143.155s seed=0
[EST DONE] 2026-04-20T00:01:47.257220 estimator=lPCA k=7 dur=666.592s seed=0
[EST DONE] 2026-04-20T00:04:15.956795 estimator=MiND k=15 dur=268.123s seed=0
[EST DONE] 2026-04-20T00:04:17.236341 estimator=lPCA k=5 dur=289.798s seed=0
[EST DONE] 2026-04-20T00:04:25.610338 estimator=MiND k=5 dur=175.859s seed=0
[EST DONE] 2026-04-20T00:07:28.202577 estimator=MiND k=7 dur=182.592s seed=0
[EST DONE] 2026-04-20T00:08:12.539557 estimator=DANCo k=15 dur=552.184s seed=0
[EST DONE] 2026-04-20T00:08:42.334598 estimator=MiND k=3 dur=13.162s seed=0
[EST DONE] 2026-04-20T00:08:52.511425 estimator=MiND k=5 dur=10.177s seed=0
[EST DONE] 2026-04-20T00:09:04.429442 estimator=MiND k=7 dur=11.918s seed=0
[EST DONE] 2026-04-20T00:09:18.238745 estimator=MiND k=10 dur=13.809s seed=0
[EST DONE] 2026-04-20T00:09:35.671271 estimator=MiND k=15 dur=17.432s seed=0
[EST DONE] 2026-04-20T00:11:28.443715 estimator=DANCo k=7 dur=691.672s seed=0
[EST DONE] 2026-04-20T00:11:40.994137 estimator=MiND k=10 dur=252.791s seed=0
[EST DONE] 2026-04-20T00:11:44.271463 estimator=lPCA k=10 dur=597.014s seed=0
[EST DONE] 2026-04-20T00:12:14.166050 estimator=lPCA k=7 dur=476.930s seed=0
[EST DONE] 2026-04-20T00:13:35.415999 estimator=FisherS (no-k) dur=559.459s seed=0
[EST DONE] 2026-04-20T00:14:33.975083 estimator=SMAE (no-k) dur=58.559s seed=0
[TASK END] 2026-04-20T00:14:33.975286 manifold=torus d=7 sigma=0.0 seed=0 duration=6912.320s
[TASK START] 2026-04-20T00:14:33.976554 manifold=torus d=9 sigma=0.25 n=60000 seed=0
[EST DONE] 2026-04-20T00:14:55.035542 estimator=Levina-Bickel k=3 dur=8.933s seed=0
[EST DONE] 2026-04-20T00:15:01.164235 estimator=MiND k=15 dur=200.170s seed=0
[EST DONE] 2026-04-20T00:15:05.736817 estimator=Levina-Bickel k=5 dur=10.701s seed=0
[EST DONE] 2026-04-20T00:15:18.806108 estimator=Levina-Bickel k=7 dur=13.069s seed=0
[EST DONE] 2026-04-20T00:15:27.735177 estimator=Levina-Bickel k=10 dur=8.929s seed=0
[EST DONE] 2026-04-20T00:15:37.500989 estimator=Levina-Bickel k=15 dur=9.766s seed=0
[EST DONE] 2026-04-20T00:15:46.505311 estimator=TwoNN (no-k) dur=9.004s seed=0
[EST DONE] 2026-04-20T00:16:55.078609 estimator=lPCA k=15 dur=310.807s seed=0
[EST DONE] 2026-04-20T00:16:56.004880 estimator=lPCA k=10 dur=281.839s seed=0
[EST DONE] 2026-04-20T00:18:19.151406 estimator=lPCA k=3 dur=92.848s seed=0
[EST DONE] 2026-04-20T00:18:41.146589 estimator=FisherS (no-k) dur=545.475s seed=0
[EST DONE] 2026-04-20T00:20:16.807693 estimator=lPCA k=5 dur=117.656s seed=0
[EST DONE] 2026-04-20T00:21:11.683609 estimator=DANCo k=10 dur=583.240s seed=0
[EST DONE] 2026-04-20T00:21:12.872308 estimator=SMAE (no-k) dur=151.726s seed=0
[TASK END] 2026-04-20T00:21:12.872441 manifold=torus d=9 sigma=0.0 seed=0 duration=4618.200s
[TASK START] 2026-04-20T00:21:12.873702 manifold=torus d=9 sigma=0.5 n=60000 seed=0
[EST DONE] 2026-04-20T00:21:26.618239 estimator=lPCA k=7 dur=69.810s seed=0
[EST DONE] 2026-04-20T00:21:36.875215 estimator=Levina-Bickel k=3 dur=12.943s seed=0
[EST DONE] 2026-04-20T00:21:45.966957 estimator=Levina-Bickel k=5 dur=9.092s seed=0
[EST DONE] 2026-04-20T00:21:53.847764 estimator=Levina-Bickel k=7 dur=7.881s seed=0
[EST DONE] 2026-04-20T00:22:03.396623 estimator=Levina-Bickel k=10 dur=9.549s seed=0
[EST DONE] 2026-04-20T00:22:12.803503 estimator=Levina-Bickel k=15 dur=9.407s seed=0
[EST DONE] 2026-04-20T00:22:20.245266 estimator=TwoNN (no-k) dur=7.442s seed=0
[EST DONE] 2026-04-20T00:22:54.316073 estimator=lPCA k=10 dur=87.698s seed=0
[EST DONE] 2026-04-20T00:23:12.697314 estimator=lPCA k=15 dur=376.692s seed=0
[EST DONE] 2026-04-20T00:24:11.695505 estimator=lPCA k=15 dur=77.379s seed=0
[EST DONE] 2026-04-20T00:24:43.744363 estimator=lPCA k=3 dur=82.594s seed=0
[EST DONE] 2026-04-20T00:26:21.029157 estimator=FisherS (no-k) dur=679.865s seed=0
[EST DONE] 2026-04-20T00:26:22.551031 estimator=lPCA k=5 dur=98.807s seed=0
[EST DONE] 2026-04-20T00:27:57.769152 estimator=lPCA k=7 dur=95.218s seed=0
[EST DONE] 2026-04-20T00:28:37.664618 estimator=SMAE (no-k) dur=136.635s seed=0
[TASK END] 2026-04-20T00:28:37.664793 manifold=torus d=7 sigma=0.25 seed=0 duration=7358.963s
[TASK START] 2026-04-20T00:28:37.666091 manifold=torus d=9 sigma=0.75 n=60000 seed=0
[EST DONE] 2026-04-20T00:29:09.823293 estimator=Levina-Bickel k=3 dur=13.612s seed=0
[EST DONE] 2026-04-20T00:29:23.250882 estimator=Levina-Bickel k=5 dur=13.427s seed=0
[EST DONE] 2026-04-20T00:29:42.622406 estimator=Levina-Bickel k=7 dur=19.371s seed=0
[EST DONE] 2026-04-20T00:30:09.717135 estimator=Levina-Bickel k=10 dur=27.095s seed=0
[EST DONE] 2026-04-20T00:30:26.577560 estimator=Levina-Bickel k=15 dur=16.860s seed=0
[EST DONE] 2026-04-20T00:30:50.221282 estimator=TwoNN (no-k) dur=23.644s seed=0
[EST DONE] 2026-04-20T00:32:48.324332 estimator=lPCA k=10 dur=290.555s seed=0
[EST DONE] 2026-04-20T00:34:32.913961 estimator=DANCo k=15 dur=801.230s seed=0
[EST DONE] 2026-04-20T00:35:48.386931 estimator=lPCA k=15 dur=180.062s seed=0
[EST DONE] 2026-04-20T00:35:48.483232 estimator=lPCA k=3 dur=77.477s seed=0
[EST DONE] 2026-04-20T00:36:52.891764 estimator=lPCA k=5 dur=64.408s seed=0
[EST DONE] 2026-04-20T00:40:33.065282 estimator=lPCA k=7 dur=220.173s seed=0
[EST DONE] 2026-04-20T00:43:12.887288 estimator=DANCo k=3 dur=1025.556s seed=0
[EST DONE] 2026-04-20T00:43:37.984567 estimator=lPCA k=10 dur=184.919s seed=0
[EST DONE] 2026-04-20T00:43:43.263573 estimator=DANCo k=3 dur=549.649s seed=0
[EST DONE] 2026-04-20T00:44:25.940323 estimator=MiND k=3 dur=412.598s seed=0
[EST DONE] 2026-04-20T00:44:57.134383 estimator=lPCA k=15 dur=79.150s seed=0
[EST DONE] 2026-04-20T00:48:39.568314 estimator=DANCo k=3 dur=776.206s seed=0
[EST DONE] 2026-04-20T00:55:07.799282 estimator=MiND k=5 dur=641.859s seed=0
[EST DONE] 2026-04-20T00:55:08.783883 estimator=DANCo k=5 dur=685.520s seed=0
[EST DONE] 2026-04-20T00:55:23.804577 estimator=DANCo k=3 dur=668.170s seed=0
[EST DONE] 2026-04-20T01:00:07.500222 estimator=DANCo k=5 dur=1014.613s seed=0
[EST DONE] 2026-04-20T01:06:49.026259 estimator=MiND k=7 dur=701.227s seed=0
[EST DONE] 2026-04-20T01:07:03.995886 estimator=DANCo k=7 dur=715.212s seed=0
[EST DONE] 2026-04-20T01:07:10.610275 estimator=DANCo k=5 dur=706.806s seed=0
[EST DONE] 2026-04-20T01:07:57.779122 estimator=DANCo k=3 dur=709.872s seed=0
[EST DONE] 2026-04-20T01:09:47.538959 estimator=DANCo k=5 dur=1267.970s seed=0
[EST DONE] 2026-04-20T01:20:02.396895 estimator=DANCo k=5 dur=724.618s seed=0
[EST DONE] 2026-04-20T01:20:49.936769 estimator=MiND k=10 dur=840.910s seed=0
[EST DONE] 2026-04-20T01:21:04.184879 estimator=DANCo k=10 dur=840.189s seed=0
[EST DONE] 2026-04-20T01:21:06.060762 estimator=DANCo k=7 dur=835.450s seed=0
[EST DONE] 2026-04-20T01:21:12.803478 estimator=DANCo k=7 dur=1265.303s seed=0
[EST DONE] 2026-04-20T01:31:35.821067 estimator=DANCo k=7 dur=1308.282s seed=0
[EST DONE] 2026-04-20T01:32:06.129008 estimator=DANCo k=7 dur=723.732s seed=0
[EST DONE] 2026-04-20T01:33:05.193330 estimator=MiND k=15 dur=735.256s seed=0
[EST DONE] 2026-04-20T01:33:58.675115 estimator=DANCo k=10 dur=772.614s seed=0
[EST DONE] 2026-04-20T01:34:14.576954 estimator=DANCo k=15 dur=790.392s seed=0
[EST DONE] 2026-04-20T01:34:34.980595 estimator=MiND k=3 dur=11.817s seed=0
[EST DONE] 2026-04-20T01:34:47.058294 estimator=MiND k=5 dur=12.078s seed=0
[EST DONE] 2026-04-20T01:34:55.166126 estimator=MiND k=7 dur=8.108s seed=0
[EST DONE] 2026-04-20T01:35:15.987339 estimator=MiND k=10 dur=20.821s seed=0
[EST DONE] 2026-04-20T01:35:25.137848 estimator=MiND k=15 dur=9.150s seed=0
[EST DONE] 2026-04-20T01:42:01.398868 estimator=DANCo k=10 dur=1248.595s seed=0
[EST DONE] 2026-04-20T01:42:58.010668 estimator=DANCo k=10 dur=651.881s seed=0
[EST DONE] 2026-04-20T01:47:48.479755 estimator=DANCo k=15 dur=829.804s seed=0
[EST DONE] 2026-04-20T01:48:32.280755 estimator=MiND k=3 dur=14.460s seed=0
[EST DONE] 2026-04-20T01:48:46.970673 estimator=MiND k=5 dur=14.690s seed=0
[EST DONE] 2026-04-20T01:49:04.690615 estimator=MiND k=7 dur=17.720s seed=0
[EST DONE] 2026-04-20T01:49:32.553470 estimator=MiND k=10 dur=27.863s seed=0
[EST DONE] 2026-04-20T01:49:57.654398 estimator=MiND k=15 dur=25.101s seed=0
[EST DONE] 2026-04-20T01:50:24.625251 estimator=DANCo k=10 dur=1128.804s seed=0
[EST DONE] 2026-04-20T01:52:37.123816 estimator=FisherS (no-k) dur=1171.930s seed=0
[EST DONE] 2026-04-20T01:54:34.691491 estimator=FisherS (no-k) dur=1149.553s seed=0
[EST DONE] 2026-04-20T01:55:03.010881 estimator=SMAE (no-k) dur=145.887s seed=0
[TASK END] 2026-04-20T01:55:03.011062 manifold=torus d=7 sigma=0.5 seed=0 duration=12373.129s
[TASK START] 2026-04-20T01:55:03.012328 manifold=torus d=9 sigma=1.0 n=60000 seed=0
[EST DONE] 2026-04-20T01:55:16.312996 estimator=DANCo k=15 dur=738.302s seed=0
[EST DONE] 2026-04-20T01:55:28.815761 estimator=Levina-Bickel k=3 dur=13.311s seed=0
[EST DONE] 2026-04-20T01:55:44.727069 estimator=Levina-Bickel k=5 dur=15.911s seed=0
[EST DONE] 2026-04-20T01:55:45.072962 estimator=SMAE (no-k) dur=70.381s seed=0
[TASK END] 2026-04-20T01:55:45.073088 manifold=torus d=9 sigma=0.25 seed=0 duration=6071.097s
[TASK START] 2026-04-20T01:55:45.073793 manifold=torus d=12 sigma=0.0 n=60000 seed=0
[EST DONE] 2026-04-20T01:55:45.722191 estimator=MiND k=3 dur=15.522s seed=0
[EST DONE] 2026-04-20T01:55:56.510110 estimator=Levina-Bickel k=7 dur=11.783s seed=0
[EST DONE] 2026-04-20T01:56:00.885136 estimator=MiND k=5 dur=15.163s seed=0
[EST DONE] 2026-04-20T01:56:14.644826 estimator=Levina-Bickel k=10 dur=18.135s seed=0
[EST DONE] 2026-04-20T01:56:16.855046 estimator=MiND k=7 dur=15.970s seed=0
[EST DONE] 2026-04-20T01:56:17.531204 estimator=Levina-Bickel k=3 dur=17.860s seed=0
[EST DONE] 2026-04-20T01:56:29.623590 estimator=MiND k=10 dur=12.768s seed=0
[EST DONE] 2026-04-20T01:56:29.839004 estimator=Levina-Bickel k=15 dur=15.194s seed=0
[EST DONE] 2026-04-20T01:56:31.298540 estimator=Levina-Bickel k=5 dur=13.767s seed=0
[EST DONE] 2026-04-20T01:56:50.766481 estimator=Levina-Bickel k=7 dur=19.468s seed=0
[EST DONE] 2026-04-20T01:56:51.031666 estimator=MiND k=15 dur=21.408s seed=0
[EST DONE] 2026-04-20T01:56:51.951199 estimator=TwoNN (no-k) dur=22.112s seed=0
[EST DONE] 2026-04-20T01:57:04.294674 estimator=Levina-Bickel k=10 dur=13.528s seed=0
[EST DONE] 2026-04-20T01:57:26.198204 estimator=Levina-Bickel k=15 dur=21.903s seed=0
[EST DONE] 2026-04-20T01:57:34.594028 estimator=TwoNN (no-k) dur=8.396s seed=0
[EST DONE] 2026-04-20T02:00:28.855460 estimator=lPCA k=3 dur=109.438s seed=0
[EST DONE] 2026-04-20T02:01:16.297826 estimator=lPCA k=3 dur=123.832s seed=0
[EST DONE] 2026-04-20T02:01:25.994284 estimator=DANCo k=15 dur=1164.595s seed=0
[EST DONE] 2026-04-20T02:02:26.045296 estimator=lPCA k=5 dur=117.190s seed=0
[EST DONE] 2026-04-20T02:02:31.899074 estimator=FisherS (no-k) dur=754.244s seed=0
[EST DONE] 2026-04-20T02:02:58.330085 estimator=lPCA k=5 dur=102.032s seed=0
[EST DONE] 2026-04-20T02:04:02.361259 estimator=lPCA k=7 dur=96.316s seed=0
[EST DONE] 2026-04-20T02:04:20.245834 estimator=lPCA k=7 dur=81.916s seed=0
[EST DONE] 2026-04-20T02:05:08.850659 estimator=SMAE (no-k) dur=156.951s seed=0
[TASK END] 2026-04-20T02:05:08.850860 manifold=torus d=9 sigma=0.5 seed=0 duration=6235.977s
[TASK START] 2026-04-20T02:05:08.851484 manifold=torus d=12 sigma=0.25 n=60000 seed=0
[EST DONE] 2026-04-20T02:05:33.367198 estimator=Levina-Bickel k=3 dur=11.899s seed=0
[EST DONE] 2026-04-20T02:06:02.436614 estimator=Levina-Bickel k=5 dur=29.069s seed=0
[EST DONE] 2026-04-20T02:06:34.201946 estimator=Levina-Bickel k=7 dur=31.765s seed=0
[EST DONE] 2026-04-20T02:06:46.728623 estimator=Levina-Bickel k=10 dur=12.526s seed=0
[EST DONE] 2026-04-20T02:06:54.283859 estimator=lPCA k=10 dur=171.922s seed=0
[EST DONE] 2026-04-20T02:06:55.801337 estimator=DANCo k=15 dur=991.176s seed=0
[EST DONE] 2026-04-20T02:06:58.932857 estimator=Levina-Bickel k=15 dur=12.204s seed=0
[EST DONE] 2026-04-20T02:07:10.206225 estimator=TwoNN (no-k) dur=11.273s seed=0
[EST DONE] 2026-04-20T02:07:13.232474 estimator=lPCA k=10 dur=172.986s seed=0
[EST DONE] 2026-04-20T02:07:59.004319 estimator=lPCA k=15 dur=64.720s seed=0
[EST DONE] 2026-04-20T02:08:27.363906 estimator=lPCA k=15 dur=74.131s seed=0
[EST DONE] 2026-04-20T02:09:17.818770 estimator=FisherS (no-k) dur=746.787s seed=0
[EST DONE] 2026-04-20T02:09:21.876917 estimator=lPCA k=3 dur=62.080s seed=0
[EST DONE] 2026-04-20T02:10:28.928602 estimator=MiND k=3 dur=190.629s seed=0
[EST DONE] 2026-04-20T02:10:35.757707 estimator=lPCA k=5 dur=73.881s seed=0
[EST DONE] 2026-04-20T02:11:21.831232 estimator=SMAE (no-k) dur=124.012s seed=0
[TASK END] 2026-04-20T02:11:21.831418 manifold=torus d=9 sigma=0.75 seed=0 duration=6164.165s
[TASK START] 2026-04-20T02:11:21.832702 manifold=torus d=12 sigma=0.5 n=60000 seed=0
[EST DONE] 2026-04-20T02:12:17.445234 estimator=Levina-Bickel k=3 dur=35.650s seed=0
[EST DONE] 2026-04-20T02:12:26.336652 estimator=Levina-Bickel k=5 dur=8.891s seed=0
[EST DONE] 2026-04-20T02:13:01.440716 estimator=Levina-Bickel k=7 dur=35.104s seed=0
[EST DONE] 2026-04-20T02:13:29.929773 estimator=Levina-Bickel k=10 dur=28.489s seed=0
[EST DONE] 2026-04-20T02:13:43.979766 estimator=Levina-Bickel k=15 dur=14.050s seed=0
[EST DONE] 2026-04-20T02:14:07.961752 estimator=TwoNN (no-k) dur=23.982s seed=0
[EST DONE] 2026-04-20T02:14:54.072121 estimator=lPCA k=7 dur=258.314s seed=0
[EST DONE] 2026-04-20T02:16:55.012923 estimator=lPCA k=10 dur=120.941s seed=0
[EST DONE] 2026-04-20T02:17:16.257529 estimator=MiND k=3 dur=446.476s seed=0
[EST DONE] 2026-04-20T02:18:10.821245 estimator=lPCA k=3 dur=81.024s seed=0
[EST DONE] 2026-04-20T02:18:11.229498 estimator=lPCA k=15 dur=76.216s seed=0
[EST DONE] 2026-04-20T02:18:39.990967 estimator=MiND k=5 dur=491.062s seed=0
[EST DONE] 2026-04-20T02:19:53.315189 estimator=lPCA k=5 dur=102.494s seed=0
[EST DONE] 2026-04-20T02:22:50.216713 estimator=lPCA k=7 dur=176.901s seed=0
[EST DONE] 2026-04-20T02:24:52.179192 estimator=MiND k=5 dur=455.921s seed=0
[EST DONE] 2026-04-20T02:25:21.511753 estimator=DANCo k=3 dur=520.175s seed=0
[EST DONE] 2026-04-20T02:26:04.740889 estimator=lPCA k=10 dur=194.524s seed=0
[EST DONE] 2026-04-20T02:28:58.155731 estimator=lPCA k=15 dur=173.415s seed=0
[EST DONE] 2026-04-20T02:29:12.638344 estimator=MiND k=7 dur=632.647s seed=0
[EST DONE] 2026-04-20T02:33:44.404898 estimator=MiND k=7 dur=532.226s seed=0
[EST DONE] 2026-04-20T02:34:34.176321 estimator=DANCo k=3 dur=914.415s seed=0
[EST DONE] 2026-04-20T02:36:58.230156 estimator=DANCo k=5 dur=696.718s seed=0
[EST DONE] 2026-04-20T02:42:05.097431 estimator=MiND k=10 dur=772.459s seed=0
[EST DONE] 2026-04-20T02:48:09.364845 estimator=DANCo k=3 dur=968.474s seed=0
[EST DONE] 2026-04-20T02:48:29.101486 estimator=MiND k=10 dur=884.696s seed=0
[EST DONE] 2026-04-20T02:49:49.433793 estimator=DANCo k=7 dur=771.203s seed=0
[EST DONE] 2026-04-20T02:50:09.740032 estimator=DANCo k=5 dur=935.564s seed=0
[EST DONE] 2026-04-20T02:57:38.239529 estimator=MiND k=15 dur=933.142s seed=0
[EST DONE] 2026-04-20T03:02:04.881738 estimator=DANCo k=3 dur=1052.129s seed=0
[EST DONE] 2026-04-20T03:02:44.724359 estimator=MiND k=15 dur=855.623s seed=0
[EST DONE] 2026-04-20T03:03:36.385781 estimator=DANCo k=10 dur=826.952s seed=0
[EST DONE] 2026-04-20T03:04:39.986603 estimator=DANCo k=5 dur=990.622s seed=0
[EST DONE] 2026-04-20T03:06:56.976427 estimator=DANCo k=7 dur=1007.236s seed=0
[EST DONE] 2026-04-20T03:18:00.921537 estimator=DANCo k=5 dur=956.040s seed=0
[EST DONE] 2026-04-20T03:19:18.998999 estimator=DANCo k=15 dur=942.613s seed=0
[EST DONE] 2026-04-20T03:19:54.615565 estimator=FisherS (no-k) dur=1336.376s seed=0
[EST DONE] 2026-04-20T03:20:08.745350 estimator=MiND k=3 dur=29.278s seed=0
[EST DONE] 2026-04-20T03:20:38.965273 estimator=MiND k=5 dur=30.220s seed=0
[EST DONE] 2026-04-20T03:20:53.350705 estimator=MiND k=7 dur=14.385s seed=0
[EST DONE] 2026-04-20T03:21:02.800756 estimator=MiND k=10 dur=9.450s seed=0
[EST DONE] 2026-04-20T03:21:16.846657 estimator=MiND k=15 dur=14.046s seed=0
[EST DONE] 2026-04-20T03:21:40.357190 estimator=DANCo k=7 dur=1020.370s seed=0
[EST DONE] 2026-04-20T03:22:03.174660 estimator=SMAE (no-k) dur=128.559s seed=0
[TASK END] 2026-04-20T03:22:03.174860 manifold=torus d=7 sigma=0.75 seed=0 duration=16416.176s
[TASK START] 2026-04-20T03:22:03.176524 manifold=torus d=12 sigma=0.75 n=60000 seed=0
[EST DONE] 2026-04-20T03:22:13.525091 estimator=FisherS (no-k) dur=1168.801s seed=0
[EST DONE] 2026-04-20T03:22:37.317091 estimator=Levina-Bickel k=3 dur=13.293s seed=0
[EST DONE] 2026-04-20T03:22:53.260077 estimator=Levina-Bickel k=5 dur=15.943s seed=0
[EST DONE] 2026-04-20T03:23:09.983312 estimator=Levina-Bickel k=7 dur=16.723s seed=0
[EST DONE] 2026-04-20T03:23:26.381151 estimator=Levina-Bickel k=10 dur=16.398s seed=0
[EST DONE] 2026-04-20T03:23:56.556245 estimator=Levina-Bickel k=15 dur=30.175s seed=0
[EST DONE] 2026-04-20T03:24:03.348582 estimator=SMAE (no-k) dur=109.823s seed=0
[TASK END] 2026-04-20T03:24:03.348745 manifold=torus d=7 sigma=1.0 seed=0 duration=16068.327s
[TASK START] 2026-04-20T03:24:03.349819 manifold=torus d=12 sigma=1.0 n=60000 seed=0
[EST DONE] 2026-04-20T03:24:07.245502 estimator=TwoNN (no-k) dur=10.689s seed=0
[EST DONE] 2026-04-20T03:24:56.276729 estimator=Levina-Bickel k=3 dur=34.664s seed=0
[EST DONE] 2026-04-20T03:25:08.950322 estimator=Levina-Bickel k=5 dur=12.673s seed=0
[EST DONE] 2026-04-20T03:25:31.129972 estimator=Levina-Bickel k=7 dur=22.179s seed=0
[EST DONE] 2026-04-20T03:25:57.656804 estimator=Levina-Bickel k=10 dur=26.527s seed=0
[EST DONE] 2026-04-20T03:26:19.304062 estimator=Levina-Bickel k=15 dur=21.647s seed=0
[EST DONE] 2026-04-20T03:26:32.238402 estimator=TwoNN (no-k) dur=12.934s seed=0
[EST DONE] 2026-04-20T03:27:11.118741 estimator=DANCo k=10 dur=1214.142s seed=0
[EST DONE] 2026-04-20T03:30:33.632068 estimator=lPCA k=3 dur=137.639s seed=0
[EST DONE] 2026-04-20T03:31:45.141705 estimator=lPCA k=3 dur=152.190s seed=0
[EST DONE] 2026-04-20T03:34:00.499053 estimator=lPCA k=5 dur=206.843s seed=0
[EST DONE] 2026-04-20T03:34:21.275282 estimator=DANCo k=7 dur=980.354s seed=0
[EST DONE] 2026-04-20T03:35:34.443033 estimator=lPCA k=5 dur=229.301s seed=0
[EST DONE] 2026-04-20T03:37:14.554843 estimator=lPCA k=7 dur=194.056s seed=0
[EST DONE] 2026-04-20T03:38:44.533154 estimator=lPCA k=7 dur=190.090s seed=0
[EST DONE] 2026-04-20T03:40:10.846637 estimator=lPCA k=10 dur=176.292s seed=0
[EST DONE] 2026-04-20T03:40:16.357339 estimator=FisherS (no-k) dur=1139.511s seed=0
[EST DONE] 2026-04-20T03:40:40.570603 estimator=DANCo k=10 dur=1140.213s seed=0
[EST DONE] 2026-04-20T03:41:35.175228 estimator=lPCA k=10 dur=170.642s seed=0
[EST DONE] 2026-04-20T03:42:37.772945 estimator=SMAE (no-k) dur=141.415s seed=0
[TASK END] 2026-04-20T03:42:37.773137 manifold=torus d=9 sigma=1.0 seed=0 duration=6454.761s
[TASK START] 2026-04-20T03:42:37.774536 manifold=torus d=15 sigma=0.0 n=60000 seed=0
[EST DONE] 2026-04-20T03:42:52.491991 estimator=lPCA k=15 dur=161.645s seed=0
[EST DONE] 2026-04-20T03:43:08.171478 estimator=Levina-Bickel k=3 dur=13.243s seed=0
[EST DONE] 2026-04-20T03:43:20.329169 estimator=Levina-Bickel k=5 dur=12.158s seed=0
[EST DONE] 2026-04-20T03:43:49.986311 estimator=Levina-Bickel k=7 dur=29.657s seed=0
[EST DONE] 2026-04-20T03:44:24.278286 estimator=Levina-Bickel k=10 dur=34.292s seed=0
[EST DONE] 2026-04-20T03:44:41.509407 estimator=Levina-Bickel k=15 dur=17.231s seed=0
[EST DONE] 2026-04-20T03:44:55.346021 estimator=TwoNN (no-k) dur=13.836s seed=0
[EST DONE] 2026-04-20T03:45:02.296309 estimator=lPCA k=15 dur=207.121s seed=0
[EST DONE] 2026-04-20T03:45:25.502736 estimator=DANCo k=15 dur=1094.384s seed=0
[EST DONE] 2026-04-20T03:45:48.323529 estimator=MiND k=3 dur=12.289s seed=0
[EST DONE] 2026-04-20T03:46:04.397150 estimator=MiND k=5 dur=16.073s seed=0
[EST DONE] 2026-04-20T03:46:18.187478 estimator=MiND k=7 dur=13.790s seed=0
[EST DONE] 2026-04-20T03:46:39.926213 estimator=MiND k=10 dur=21.739s seed=0
[EST DONE] 2026-04-20T03:46:59.625206 estimator=MiND k=15 dur=19.699s seed=0
[EST DONE] 2026-04-20T03:51:42.259046 estimator=lPCA k=3 dur=230.999s seed=0
[EST DONE] 2026-04-20T03:52:53.052793 estimator=DANCo k=10 dur=1111.777s seed=0
[EST DONE] 2026-04-20T03:55:50.881106 estimator=lPCA k=5 dur=248.622s seed=0
[EST DONE] 2026-04-20T03:57:50.021602 estimator=lPCA k=7 dur=119.140s seed=0
[EST DONE] 2026-04-20T04:00:03.607484 estimator=DANCo k=15 dur=1163.037s seed=0
[EST DONE] 2026-04-20T04:00:32.461634 estimator=MiND k=3 dur=18.056s seed=0
[EST DONE] 2026-04-20T04:00:34.896397 estimator=lPCA k=10 dur=164.875s seed=0
[EST DONE] 2026-04-20T04:00:55.815576 estimator=MiND k=5 dur=23.354s seed=0
[EST DONE] 2026-04-20T04:01:17.767099 estimator=MiND k=7 dur=21.951s seed=0
[EST DONE] 2026-04-20T04:01:28.538781 estimator=MiND k=10 dur=10.772s seed=0
[EST DONE] 2026-04-20T04:02:00.537110 estimator=MiND k=15 dur=31.998s seed=0
[EST DONE] 2026-04-20T04:04:47.873113 estimator=lPCA k=15 dur=252.977s seed=0
[EST DONE] 2026-04-20T04:09:00.169999 estimator=FisherS (no-k) dur=1320.545s seed=0
[EST DONE] 2026-04-20T04:11:35.577334 estimator=SMAE (no-k) dur=155.407s seed=0
[TASK END] 2026-04-20T04:11:35.577504 manifold=torus d=12 sigma=0.0 seed=0 duration=8150.504s
[TASK START] 2026-04-20T04:11:35.588383 manifold=torus d=15 sigma=0.25 n=60000 seed=0
[EST DONE] 2026-04-20T04:11:53.953488 estimator=DANCo k=15 dur=1140.901s seed=0
[EST DONE] 2026-04-20T04:12:22.931723 estimator=Levina-Bickel k=3 dur=23.215s seed=0
[EST DONE] 2026-04-20T04:12:47.698890 estimator=MiND k=3 dur=30.872s seed=0
[EST DONE] 2026-04-20T04:12:52.399995 estimator=Levina-Bickel k=5 dur=29.468s seed=0
[EST DONE] 2026-04-20T04:13:04.189317 estimator=MiND k=5 dur=16.490s seed=0
[EST DONE] 2026-04-20T04:13:08.681307 estimator=Levina-Bickel k=7 dur=16.281s seed=0
[EST DONE] 2026-04-20T04:13:33.159639 estimator=MiND k=7 dur=28.970s seed=0
[EST DONE] 2026-04-20T04:13:36.883668 estimator=Levina-Bickel k=10 dur=28.202s seed=0
[EST DONE] 2026-04-20T04:13:43.909917 estimator=DANCo k=3 dur=911.657s seed=0
[EST DONE] 2026-04-20T04:14:07.733635 estimator=Levina-Bickel k=15 dur=30.850s seed=0
[EST DONE] 2026-04-20T04:14:09.660985 estimator=MiND k=10 dur=36.501s seed=0
[EST DONE] 2026-04-20T04:14:21.532035 estimator=MiND k=15 dur=11.871s seed=0
[EST DONE] 2026-04-20T04:14:23.049959 estimator=TwoNN (no-k) dur=15.316s seed=0
[EST DONE] 2026-04-20T04:15:50.679572 estimator=DANCo k=3 dur=924.226s seed=0
[EST DONE] 2026-04-20T04:18:07.569379 estimator=lPCA k=3 dur=112.728s seed=0
[EST DONE] 2026-04-20T04:21:04.394290 estimator=FisherS (no-k) dur=1143.857s seed=0
[EST DONE] 2026-04-20T04:21:16.737817 estimator=lPCA k=5 dur=189.168s seed=0
[EST DONE] 2026-04-20T04:23:52.020069 estimator=SMAE (no-k) dur=167.626s seed=0
[TASK END] 2026-04-20T04:23:52.076300 manifold=torus d=12 sigma=0.25 seed=0 duration=8323.225s
[TASK START] 2026-04-20T04:23:52.077041 manifold=torus d=15 sigma=0.5 n=60000 seed=0
[EST DONE] 2026-04-20T04:24:31.768165 estimator=Levina-Bickel k=3 dur=10.188s seed=0
[EST DONE] 2026-04-20T04:24:45.390336 estimator=Levina-Bickel k=5 dur=13.622s seed=0
[EST DONE] 2026-04-20T04:24:49.952693 estimator=lPCA k=7 dur=213.215s seed=0
[EST DONE] 2026-04-20T04:25:05.413796 estimator=Levina-Bickel k=7 dur=20.023s seed=0
[EST DONE] 2026-04-20T04:25:16.285074 estimator=Levina-Bickel k=10 dur=10.871s seed=0
[EST DONE] 2026-04-20T04:25:32.436580 estimator=Levina-Bickel k=15 dur=16.151s seed=0
[EST DONE] 2026-04-20T04:25:42.976357 estimator=TwoNN (no-k) dur=10.540s seed=0
[EST DONE] 2026-04-20T04:26:33.008325 estimator=lPCA k=10 dur=103.055s seed=0
[EST DONE] 2026-04-20T04:27:18.306477 estimator=DANCo k=5 dur=814.396s seed=0
[EST DONE] 2026-04-20T04:28:17.787802 estimator=DANCo k=5 dur=747.108s seed=0
[EST DONE] 2026-04-20T04:28:59.715246 estimator=lPCA k=15 dur=146.707s seed=0
[EST DONE] 2026-04-20T04:29:28.218651 estimator=lPCA k=3 dur=111.276s seed=0
[EST DONE] 2026-04-20T04:31:26.550176 estimator=FisherS (no-k) dur=1025.018s seed=0
[EST DONE] 2026-04-20T04:32:24.928164 estimator=lPCA k=5 dur=176.709s seed=0
[EST DONE] 2026-04-20T04:34:54.263460 estimator=SMAE (no-k) dur=207.713s seed=0
[TASK END] 2026-04-20T04:34:54.263625 manifold=torus d=12 sigma=0.5 seed=0 duration=8612.431s
[TASK START] 2026-04-20T04:34:54.264263 manifold=torus d=15 sigma=0.75 n=60000 seed=0
[EST DONE] 2026-04-20T04:36:06.164076 estimator=Levina-Bickel k=3 dur=33.312s seed=0
[EST DONE] 2026-04-20T04:36:36.461529 estimator=Levina-Bickel k=5 dur=30.297s seed=0
[EST DONE] 2026-04-20T04:37:15.249448 estimator=Levina-Bickel k=7 dur=38.788s seed=0
[EST DONE] 2026-04-20T04:37:47.502983 estimator=Levina-Bickel k=10 dur=32.253s seed=0
[EST DONE] 2026-04-20T04:38:10.470421 estimator=Levina-Bickel k=15 dur=22.967s seed=0
[EST DONE] 2026-04-20T04:38:42.408420 estimator=lPCA k=7 dur=377.480s seed=0
[EST DONE] 2026-04-20T04:39:01.054547 estimator=TwoNN (no-k) dur=50.584s seed=0
[EST DONE] 2026-04-20T04:41:48.889671 estimator=lPCA k=10 dur=186.481s seed=0
[EST DONE] 2026-04-20T04:42:47.275486 estimator=lPCA k=3 dur=68.060s seed=0
[EST DONE] 2026-04-20T04:42:50.645406 estimator=DANCo k=7 dur=932.339s seed=0
[EST DONE] 2026-04-20T04:42:50.892806 estimator=DANCo k=3 dur=1102.405s seed=0
[EST DONE] 2026-04-20T04:43:09.703010 estimator=lPCA k=15 dur=80.813s seed=0
[EST DONE] 2026-04-20T04:44:18.303673 estimator=lPCA k=5 dur=91.028s seed=0
[EST DONE] 2026-04-20T04:44:55.173688 estimator=DANCo k=7 dur=997.386s seed=0
[EST DONE] 2026-04-20T04:46:22.405949 estimator=lPCA k=7 dur=124.102s seed=0
[EST DONE] 2026-04-20T04:50:55.726687 estimator=lPCA k=10 dur=273.321s seed=0
[EST DONE] 2026-04-20T04:57:05.995584 estimator=lPCA k=15 dur=370.269s seed=0
[EST DONE] 2026-04-20T05:01:07.478091 estimator=DANCo k=10 dur=1096.833s seed=0
[EST DONE] 2026-04-20T05:03:56.537681 estimator=DANCo k=10 dur=1141.364s seed=0
[EST DONE] 2026-04-20T05:05:14.866556 estimator=DANCo k=5 dur=1343.974s seed=0
[EST DONE] 2026-04-20T05:10:06.945072 estimator=DANCo k=3 dur=1327.727s seed=0
[EST DONE] 2026-04-20T05:23:00.577183 estimator=DANCo k=15 dur=1313.099s seed=0
[EST DONE] 2026-04-20T05:23:27.164551 estimator=MiND k=3 dur=17.069s seed=0
[EST DONE] 2026-04-20T05:23:44.618867 estimator=MiND k=5 dur=17.454s seed=0
[EST DONE] 2026-04-20T05:24:19.089144 estimator=MiND k=7 dur=34.470s seed=0
[EST DONE] 2026-04-20T05:24:31.509041 estimator=MiND k=10 dur=12.420s seed=0
[EST DONE] 2026-04-20T05:24:51.094061 estimator=MiND k=15 dur=19.585s seed=0
[EST DONE] 2026-04-20T05:28:08.067841 estimator=DANCo k=15 dur=1451.530s seed=0
[EST DONE] 2026-04-20T05:28:16.102727 estimator=DANCo k=3 dur=1443.973s seed=0
[EST DONE] 2026-04-20T05:28:42.232358 estimator=MiND k=3 dur=12.179s seed=0
[EST DONE] 2026-04-20T05:29:02.205621 estimator=MiND k=5 dur=19.973s seed=0
[EST DONE] 2026-04-20T05:29:25.753408 estimator=MiND k=7 dur=23.548s seed=0
[EST DONE] 2026-04-20T05:29:51.559110 estimator=MiND k=10 dur=25.806s seed=0
[EST DONE] 2026-04-20T05:30:06.638196 estimator=MiND k=15 dur=15.079s seed=0
[EST DONE] 2026-04-20T05:30:16.651271 estimator=DANCo k=7 dur=1501.785s seed=0
[EST DONE] 2026-04-20T05:33:40.493449 estimator=DANCo k=5 dur=1413.548s seed=0
[EST DONE] 2026-04-20T05:39:36.595167 estimator=DANCo k=3 dur=1174.749s seed=0
[EST DONE] 2026-04-20T05:45:58.204620 estimator=FisherS (no-k) dur=1267.110s seed=0
[EST DONE] 2026-04-20T05:48:03.922437 estimator=FisherS (no-k) dur=1077.284s seed=0
[EST DONE] 2026-04-20T05:49:14.737007 estimator=SMAE (no-k) dur=196.532s seed=0
[TASK END] 2026-04-20T05:49:14.737275 manifold=torus d=12 sigma=0.75 seed=0 duration=8831.561s
[TASK START] 2026-04-20T05:49:14.738124 manifold=torus d=15 sigma=1.0 n=60000 seed=0
[EST DONE] 2026-04-20T05:49:33.774066 estimator=DANCo k=5 dur=1277.671s seed=0
[EST DONE] 2026-04-20T05:49:42.712500 estimator=Levina-Bickel k=3 dur=12.349s seed=0
[EST DONE] 2026-04-20T05:49:53.935656 estimator=Levina-Bickel k=5 dur=11.223s seed=0
[EST DONE] 2026-04-20T05:50:08.422768 estimator=Levina-Bickel k=7 dur=14.487s seed=0
[EST DONE] 2026-04-20T05:50:16.945499 estimator=Levina-Bickel k=10 dur=8.523s seed=0
[EST DONE] 2026-04-20T05:50:28.830431 estimator=Levina-Bickel k=15 dur=11.885s seed=0
[EST DONE] 2026-04-20T05:50:45.493396 estimator=TwoNN (no-k) dur=16.663s seed=0
[EST DONE] 2026-04-20T05:50:51.924034 estimator=SMAE (no-k) dur=168.001s seed=0
[TASK END] 2026-04-20T05:50:51.948288 manifold=torus d=12 sigma=1.0 seed=0 duration=8808.598s
[EST DONE] 2026-04-20T05:51:32.824330 estimator=DANCo k=10 dur=1276.173s seed=0
[EST DONE] 2026-04-20T05:53:46.275858 estimator=DANCo k=7 dur=1205.782s seed=0
[EST DONE] 2026-04-20T05:54:32.385744 estimator=lPCA k=3 dur=131.005s seed=0
[EST DONE] 2026-04-20T05:58:19.194913 estimator=lPCA k=5 dur=226.809s seed=0
[EST DONE] 2026-04-20T05:58:22.314182 estimator=DANCo k=5 dur=1125.719s seed=0
[EST DONE] 2026-04-20T06:01:16.640320 estimator=lPCA k=7 dur=177.445s seed=0
[EST DONE] 2026-04-20T06:05:40.295957 estimator=lPCA k=10 dur=263.655s seed=0
[EST DONE] 2026-04-20T06:09:59.396491 estimator=lPCA k=15 dur=259.100s seed=0
[EST DONE] 2026-04-20T06:10:31.536953 estimator=DANCo k=7 dur=1257.763s seed=0
[EST DONE] 2026-04-20T06:13:52.095452 estimator=DANCo k=15 dur=1339.271s seed=0
[EST DONE] 2026-04-20T06:14:41.198150 estimator=MiND k=3 dur=30.063s seed=0
[EST DONE] 2026-04-20T06:15:15.445528 estimator=MiND k=5 dur=34.247s seed=0
[EST DONE] 2026-04-20T06:15:34.097871 estimator=MiND k=7 dur=18.652s seed=0
[EST DONE] 2026-04-20T06:16:12.189556 estimator=MiND k=10 dur=38.092s seed=0
[EST DONE] 2026-04-20T06:16:39.062197 estimator=MiND k=15 dur=26.872s seed=0
[EST DONE] 2026-04-20T06:18:10.896737 estimator=DANCo k=10 dur=1464.621s seed=0
[EST DONE] 2026-04-20T06:19:00.435837 estimator=DANCo k=7 dur=1238.121s seed=0
[EST DONE] 2026-04-20T06:31:35.203798 estimator=DANCo k=10 dur=1263.667s seed=0
[EST DONE] 2026-04-20T06:35:58.041574 estimator=FisherS (no-k) dur=1158.979s seed=0
[EST DONE] 2026-04-20T06:38:02.175477 estimator=DANCo k=10 dur=1141.739s seed=0
[EST DONE] 2026-04-20T06:38:53.089971 estimator=SMAE (no-k) dur=175.048s seed=0
[TASK END] 2026-04-20T06:38:53.090244 manifold=torus d=15 sigma=0.0 seed=0 duration=10575.316s
[EST DONE] 2026-04-20T06:38:55.563479 estimator=DANCo k=15 dur=1244.667s seed=0
[EST DONE] 2026-04-20T06:39:49.206157 estimator=MiND k=3 dur=27.907s seed=0
[EST DONE] 2026-04-20T06:39:58.680433 estimator=MiND k=5 dur=9.474s seed=0
[EST DONE] 2026-04-20T06:40:12.449564 estimator=MiND k=7 dur=13.769s seed=0
[EST DONE] 2026-04-20T06:40:40.990670 estimator=MiND k=10 dur=28.541s seed=0
[EST DONE] 2026-04-20T06:41:08.501187 estimator=MiND k=15 dur=27.510s seed=0
[EST DONE] 2026-04-20T06:44:05.991021 estimator=DANCo k=3 dur=1008.013s seed=0
[EST DONE] 2026-04-20T06:52:58.743166 estimator=DANCo k=15 dur=1283.539s seed=0
[EST DONE] 2026-04-20T06:53:17.950172 estimator=MiND k=3 dur=9.453s seed=0
[EST DONE] 2026-04-20T06:53:29.466719 estimator=MiND k=5 dur=11.516s seed=0
[EST DONE] 2026-04-20T06:53:38.125700 estimator=MiND k=7 dur=8.659s seed=0
[EST DONE] 2026-04-20T06:53:48.890919 estimator=MiND k=10 dur=10.765s seed=0
[EST DONE] 2026-04-20T06:53:57.464204 estimator=MiND k=15 dur=8.573s seed=0
[EST DONE] 2026-04-20T06:55:53.890091 estimator=FisherS (no-k) dur=885.389s seed=0
[EST DONE] 2026-04-20T06:56:17.760472 estimator=DANCo k=15 dur=1095.585s seed=0
[EST DONE] 2026-04-20T06:56:35.234399 estimator=MiND k=3 dur=7.607s seed=0
[EST DONE] 2026-04-20T06:56:45.402922 estimator=MiND k=5 dur=10.168s seed=0
[EST DONE] 2026-04-20T06:56:52.716769 estimator=MiND k=7 dur=7.314s seed=0
[EST DONE] 2026-04-20T06:57:03.214774 estimator=MiND k=10 dur=10.498s seed=0
[EST DONE] 2026-04-20T06:57:10.977021 estimator=MiND k=15 dur=7.762s seed=0
[EST DONE] 2026-04-20T06:57:28.491167 estimator=DANCo k=5 dur=802.500s seed=0
[EST DONE] 2026-04-20T06:57:40.440791 estimator=SMAE (no-k) dur=106.550s seed=0
[TASK END] 2026-04-20T06:57:40.440984 manifold=torus d=15 sigma=0.25 seed=0 duration=9964.853s
[EST DONE] 2026-04-20T07:03:00.506463 estimator=FisherS (no-k) dur=543.042s seed=0
[EST DONE] 2026-04-20T07:04:16.346276 estimator=SMAE (no-k) dur=75.840s seed=0
[TASK END] 2026-04-20T07:04:16.346538 manifold=torus d=15 sigma=0.5 seed=0 duration=9624.269s
[EST DONE] 2026-04-20T07:05:06.120806 estimator=DANCo k=7 dur=457.629s seed=0
[EST DONE] 2026-04-20T07:05:09.799282 estimator=FisherS (no-k) dur=478.822s seed=0
[EST DONE] 2026-04-20T07:06:17.265999 estimator=SMAE (no-k) dur=67.466s seed=0
[TASK END] 2026-04-20T07:06:17.266161 manifold=torus d=15 sigma=0.75 seed=0 duration=9083.002s
[EST DONE] 2026-04-20T07:13:05.323222 estimator=DANCo k=10 dur=479.202s seed=0
[EST DONE] 2026-04-20T07:21:37.165225 estimator=DANCo k=15 dur=511.842s seed=0
[EST DONE] 2026-04-20T07:21:45.586252 estimator=MiND k=3 dur=4.197s seed=0
[EST DONE] 2026-04-20T07:21:49.792916 estimator=MiND k=5 dur=4.207s seed=0
[EST DONE] 2026-04-20T07:21:54.019064 estimator=MiND k=7 dur=4.226s seed=0
[EST DONE] 2026-04-20T07:21:58.254449 estimator=MiND k=10 dur=4.235s seed=0
[EST DONE] 2026-04-20T07:22:02.534337 estimator=MiND k=15 dur=4.280s seed=0
[EST DONE] 2026-04-20T07:26:16.494810 estimator=FisherS (no-k) dur=253.960s seed=0
[EST DONE] 2026-04-20T07:27:12.788773 estimator=SMAE (no-k) dur=56.294s seed=0
[TASK END] 2026-04-20T07:27:12.788905 manifold=torus d=15 sigma=1.0 seed=0 duration=5878.051s
Completed synthetic task manifold=sphere d=5 sigma=0.0 seed=0 in 1360.7s
Completed synthetic task manifold=sphere d=5 sigma=1.0 seed=0 in 1432.8s
Completed synthetic task manifold=sphere d=5 sigma=0.25 seed=0 in 1435.2s
Completed synthetic task manifold=sphere d=5 sigma=0.5 seed=0 in 1453.8s
Completed synthetic task manifold=sphere d=5 sigma=0.75 seed=0 in 1540.5s
Completed synthetic task manifold=sphere d=7 sigma=0.0 seed=0 in 1865.4s
Completed synthetic task manifold=sphere d=7 sigma=0.25 seed=0 in 3416.8s
Completed synthetic task manifold=sphere d=7 sigma=0.5 seed=0 in 3540.6s
Completed synthetic task manifold=sphere d=7 sigma=0.75 seed=0 in 3572.8s
Completed synthetic task manifold=sphere d=7 sigma=1.0 seed=0 in 3602.0s
Completed synthetic task manifold=sphere d=9 sigma=0.0 seed=0 in 4073.0s
Completed synthetic task manifold=sphere d=9 sigma=0.25 seed=0 in 4606.2s
Completed synthetic task manifold=sphere d=9 sigma=0.5 seed=0 in 6430.8s
Completed synthetic task manifold=sphere d=9 sigma=1.0 seed=0 in 6434.8s
Completed synthetic task manifold=sphere d=9 sigma=0.75 seed=0 in 6604.7s
Completed synthetic task manifold=sphere d=15 sigma=0.0 seed=0 in 10198.2s
Completed synthetic task manifold=sphere d=12 sigma=0.0 seed=0 in 13545.1s
Completed synthetic task manifold=sphere d=15 sigma=0.25 seed=0 in 14456.5s
Completed synthetic task manifold=sphere d=12 sigma=0.25 seed=0 in 15353.8s
Completed synthetic task manifold=sphere d=12 sigma=0.5 seed=0 in 15455.4s
Completed synthetic task manifold=sphere d=12 sigma=1.0 seed=0 in 16467.3s
Completed synthetic task manifold=sphere d=15 sigma=0.5 seed=0 in 18513.8s
Completed synthetic task manifold=sphere d=12 sigma=0.75 seed=0 in 19052.3s
Completed synthetic task manifold=torus d=5 sigma=0.0 seed=0 in 19267.1s
Completed synthetic task manifold=sphere d=15 sigma=0.75 seed=0 in 19394.3s
Completed synthetic task manifold=torus d=5 sigma=0.25 seed=0 in 19791.3s
Completed synthetic task manifold=sphere d=15 sigma=1.0 seed=0 in 19962.5s
Completed synthetic task manifold=torus d=5 sigma=0.5 seed=0 in 21139.6s
Completed synthetic task manifold=torus d=5 sigma=0.75 seed=0 in 21607.6s
Completed synthetic task manifold=torus d=5 sigma=1.0 seed=0 in 22087.3s
Completed synthetic task manifold=torus d=7 sigma=0.0 seed=0 in 26306.6s
Completed synthetic task manifold=torus d=9 sigma=0.0 seed=0 in 26705.5s
Completed synthetic task manifold=torus d=7 sigma=0.25 seed=0 in 27150.3s
Completed synthetic task manifold=torus d=7 sigma=0.5 seed=0 in 32335.6s
Completed synthetic task manifold=torus d=9 sigma=0.25 seed=0 in 32377.7s
Completed synthetic task manifold=torus d=9 sigma=0.5 seed=0 in 32941.5s
Completed synthetic task manifold=torus d=9 sigma=0.75 seed=0 in 33314.4s
Completed synthetic task manifold=torus d=7 sigma=0.75 seed=0 in 37555.8s
Completed synthetic task manifold=torus d=7 sigma=1.0 seed=0 in 37676.0s
Completed synthetic task manifold=torus d=9 sigma=1.0 seed=0 in 38790.4s
Completed synthetic task manifold=torus d=12 sigma=0.0 seed=0 in 40528.2s
Completed synthetic task manifold=torus d=12 sigma=0.25 seed=0 in 41264.7s
Completed synthetic task manifold=torus d=12 sigma=0.5 seed=0 in 41926.9s
Completed synthetic task manifold=torus d=12 sigma=0.75 seed=0 in 46387.3s
Completed synthetic task manifold=torus d=12 sigma=1.0 seed=0 in 46484.6s
Completed synthetic task manifold=torus d=15 sigma=0.0 seed=0 in 49365.7s
Completed synthetic task manifold=torus d=15 sigma=0.25 seed=0 in 50493.1s
Completed synthetic task manifold=torus d=15 sigma=0.5 seed=0 in 50889.0s
Completed synthetic task manifold=torus d=15 sigma=0.75 seed=0 in 51009.9s
Completed synthetic task manifold=torus d=15 sigma=1.0 seed=0 in 52265.4s
Wrote per-task synthetic results to results/synthetic_large.task0.csv
Saved results/synthetic_large.csv
Running MNIST autoencoder large experiments...
[MNIST TASK START] 2026-04-20T07:27:13.757147 bottleneck=5 replicate=0 seed=0
[AE START] seed=0 bottleneck=5 epochs=50 subset=0
[AE EPOCH] epoch=1/50 loss=0.094136 epoch_time=1.59s device=cuda
[AE EPOCH] epoch=2/50 loss=0.053516 epoch_time=1.31s device=cuda
[AE EPOCH] epoch=3/50 loss=0.043150 epoch_time=1.81s device=cuda
[AE EPOCH] epoch=4/50 loss=0.039595 epoch_time=1.35s device=cuda
[AE EPOCH] epoch=5/50 loss=0.037606 epoch_time=1.35s device=cuda
[AE EPOCH] epoch=6/50 loss=0.036237 epoch_time=1.49s device=cuda
[AE EPOCH] epoch=7/50 loss=0.035260 epoch_time=1.28s device=cuda
[AE EPOCH] epoch=8/50 loss=0.034502 epoch_time=1.71s device=cuda
[AE EPOCH] epoch=9/50 loss=0.033873 epoch_time=1.32s device=cuda
[AE EPOCH] epoch=10/50 loss=0.033324 epoch_time=1.28s device=cuda
[AE EPOCH] epoch=11/50 loss=0.032829 epoch_time=1.30s device=cuda
[AE EPOCH] epoch=12/50 loss=0.032384 epoch_time=1.27s device=cuda
[AE EPOCH] epoch=13/50 loss=0.031974 epoch_time=1.28s device=cuda
[AE EPOCH] epoch=14/50 loss=0.031597 epoch_time=1.31s device=cuda
[AE EPOCH] epoch=15/50 loss=0.031252 epoch_time=1.36s device=cuda
[AE EPOCH] epoch=16/50 loss=0.030935 epoch_time=1.27s device=cuda
[AE EPOCH] epoch=17/50 loss=0.030642 epoch_time=1.68s device=cuda
[AE EPOCH] epoch=18/50 loss=0.030373 epoch_time=1.26s device=cuda
[AE EPOCH] epoch=19/50 loss=0.030124 epoch_time=1.31s device=cuda
[AE EPOCH] epoch=20/50 loss=0.029894 epoch_time=1.58s device=cuda
[AE EPOCH] epoch=21/50 loss=0.029680 epoch_time=1.24s device=cuda
[AE EPOCH] epoch=22/50 loss=0.029482 epoch_time=1.25s device=cuda
[AE EPOCH] epoch=23/50 loss=0.029296 epoch_time=1.26s device=cuda
[AE EPOCH] epoch=24/50 loss=0.029122 epoch_time=1.25s device=cuda
[AE EPOCH] epoch=25/50 loss=0.028966 epoch_time=1.26s device=cuda
[AE EPOCH] epoch=26/50 loss=0.028814 epoch_time=1.29s device=cuda
[AE EPOCH] epoch=27/50 loss=0.028672 epoch_time=1.48s device=cuda
[AE EPOCH] epoch=28/50 loss=0.028539 epoch_time=1.39s device=cuda
[AE EPOCH] epoch=29/50 loss=0.028415 epoch_time=1.63s device=cuda
[AE EPOCH] epoch=30/50 loss=0.028292 epoch_time=1.28s device=cuda
[AE EPOCH] epoch=31/50 loss=0.028179 epoch_time=1.46s device=cuda
[AE EPOCH] epoch=32/50 loss=0.028068 epoch_time=1.29s device=cuda
[AE EPOCH] epoch=33/50 loss=0.027966 epoch_time=1.33s device=cuda
[AE EPOCH] epoch=34/50 loss=0.027868 epoch_time=1.28s device=cuda
[AE EPOCH] epoch=35/50 loss=0.027775 epoch_time=1.30s device=cuda
[AE EPOCH] epoch=36/50 loss=0.027679 epoch_time=1.27s device=cuda
[AE EPOCH] epoch=37/50 loss=0.027594 epoch_time=1.50s device=cuda
[AE EPOCH] epoch=38/50 loss=0.027513 epoch_time=1.83s device=cuda
[AE EPOCH] epoch=39/50 loss=0.027429 epoch_time=1.61s device=cuda
[AE EPOCH] epoch=40/50 loss=0.027354 epoch_time=1.34s device=cuda
[AE EPOCH] epoch=41/50 loss=0.027278 epoch_time=1.80s device=cuda
[AE EPOCH] epoch=42/50 loss=0.027205 epoch_time=1.55s device=cuda
[AE EPOCH] epoch=43/50 loss=0.027134 epoch_time=2.25s device=cuda
[AE EPOCH] epoch=44/50 loss=0.027068 epoch_time=1.59s device=cuda
[AE EPOCH] epoch=45/50 loss=0.027007 epoch_time=1.31s device=cuda
[AE EPOCH] epoch=46/50 loss=0.026941 epoch_time=1.68s device=cuda
[AE EPOCH] epoch=47/50 loss=0.026878 epoch_time=1.27s device=cuda
[AE EPOCH] epoch=48/50 loss=0.026822 epoch_time=1.41s device=cuda
[AE EPOCH] epoch=49/50 loss=0.026764 epoch_time=1.32s device=cuda
[AE EPOCH] epoch=50/50 loss=0.026709 epoch_time=1.40s device=cuda
[AE TRAIN COMPLETE] total_time=71.22s
[AE TRAIN COMPLETE] 2026-04-20T07:28:31.028264 bottleneck=5 replicate=0 dur=77.3s seed=0
[EST START] 2026-04-20T07:28:31.067856 bottleneck=5 replicate=0 seed=0 estimator=Levina-Bickel k=3 sigma=0.0
[EST DONE] 2026-04-20T07:28:32.310845 bottleneck=5 replicate=0 seed=0 estimator=Levina-Bickel k=3 dur=1.243s
[EST START] 2026-04-20T07:28:32.310983 bottleneck=5 replicate=0 seed=0 estimator=Levina-Bickel k=5 sigma=0.0
[EST DONE] 2026-04-20T07:28:33.761334 bottleneck=5 replicate=0 seed=0 estimator=Levina-Bickel k=5 dur=1.450s
[EST START] 2026-04-20T07:28:33.761449 bottleneck=5 replicate=0 seed=0 estimator=Levina-Bickel k=7 sigma=0.0
[EST DONE] 2026-04-20T07:28:35.412615 bottleneck=5 replicate=0 seed=0 estimator=Levina-Bickel k=7 dur=1.651s
[EST START] 2026-04-20T07:28:35.412795 bottleneck=5 replicate=0 seed=0 estimator=Levina-Bickel k=10 sigma=0.0
[EST DONE] 2026-04-20T07:28:37.127697 bottleneck=5 replicate=0 seed=0 estimator=Levina-Bickel k=10 dur=1.715s
[EST START] 2026-04-20T07:28:37.127839 bottleneck=5 replicate=0 seed=0 estimator=Levina-Bickel k=15 sigma=0.0
[EST DONE] 2026-04-20T07:28:39.429740 bottleneck=5 replicate=0 seed=0 estimator=Levina-Bickel k=15 dur=2.302s
[EST START] 2026-04-20T07:28:39.429946 bottleneck=5 replicate=0 seed=0 estimator=TwoNN k=ALL sigma=0.0
[EST DONE] 2026-04-20T07:28:40.564348 bottleneck=5 replicate=0 seed=0 estimator=TwoNN k=ALL dur=1.134s
[EST START] 2026-04-20T07:28:40.564481 bottleneck=5 replicate=0 seed=0 estimator=lPCA k=3 sigma=0.0
[EST DONE] 2026-04-20T07:29:13.542839 bottleneck=5 replicate=0 seed=0 estimator=lPCA k=3 dur=32.978s
[EST START] 2026-04-20T07:29:13.542953 bottleneck=5 replicate=0 seed=0 estimator=lPCA k=5 sigma=0.0
[EST DONE] 2026-04-20T07:29:49.718175 bottleneck=5 replicate=0 seed=0 estimator=lPCA k=5 dur=36.175s
[EST START] 2026-04-20T07:29:49.718307 bottleneck=5 replicate=0 seed=0 estimator=lPCA k=7 sigma=0.0
[EST DONE] 2026-04-20T07:30:26.689251 bottleneck=5 replicate=0 seed=0 estimator=lPCA k=7 dur=36.971s
[EST START] 2026-04-20T07:30:26.689386 bottleneck=5 replicate=0 seed=0 estimator=lPCA k=10 sigma=0.0
[EST DONE] 2026-04-20T07:31:05.054503 bottleneck=5 replicate=0 seed=0 estimator=lPCA k=10 dur=38.365s
[EST START] 2026-04-20T07:31:05.054685 bottleneck=5 replicate=0 seed=0 estimator=lPCA k=15 sigma=0.0
[EST DONE] 2026-04-20T07:31:42.392621 bottleneck=5 replicate=0 seed=0 estimator=lPCA k=15 dur=37.338s
[EST START] 2026-04-20T07:31:42.392755 bottleneck=5 replicate=0 seed=0 estimator=DANCo k=3 sigma=0.0
[EST DONE] 2026-04-20T07:32:18.176386 bottleneck=5 replicate=0 seed=0 estimator=DANCo k=3 dur=35.784s
[EST START] 2026-04-20T07:32:18.176540 bottleneck=5 replicate=0 seed=0 estimator=DANCo k=5 sigma=0.0
[EST DONE] 2026-04-20T07:32:50.212804 bottleneck=5 replicate=0 seed=0 estimator=DANCo k=5 dur=32.036s
[EST START] 2026-04-20T07:32:50.212940 bottleneck=5 replicate=0 seed=0 estimator=DANCo k=7 sigma=0.0
[EST DONE] 2026-04-20T07:33:30.233357 bottleneck=5 replicate=0 seed=0 estimator=DANCo k=7 dur=40.020s
[EST START] 2026-04-20T07:33:30.233496 bottleneck=5 replicate=0 seed=0 estimator=DANCo k=10 sigma=0.0
[EST DONE] 2026-04-20T07:34:09.076521 bottleneck=5 replicate=0 seed=0 estimator=DANCo k=10 dur=38.843s
[EST START] 2026-04-20T07:34:09.076734 bottleneck=5 replicate=0 seed=0 estimator=DANCo k=15 sigma=0.0
[EST DONE] 2026-04-20T07:34:49.180301 bottleneck=5 replicate=0 seed=0 estimator=DANCo k=15 dur=40.104s
[EST START] 2026-04-20T07:34:49.180436 bottleneck=5 replicate=0 seed=0 estimator=MiND k=3 sigma=0.0
[EST DONE] 2026-04-20T07:34:50.561808 bottleneck=5 replicate=0 seed=0 estimator=MiND k=3 dur=1.381s
[EST START] 2026-04-20T07:34:50.561907 bottleneck=5 replicate=0 seed=0 estimator=MiND k=5 sigma=0.0
[EST DONE] 2026-04-20T07:34:52.070306 bottleneck=5 replicate=0 seed=0 estimator=MiND k=5 dur=1.508s
[EST START] 2026-04-20T07:34:52.070479 bottleneck=5 replicate=0 seed=0 estimator=MiND k=7 sigma=0.0
[EST DONE] 2026-04-20T07:34:53.755215 bottleneck=5 replicate=0 seed=0 estimator=MiND k=7 dur=1.685s
[EST START] 2026-04-20T07:34:53.755312 bottleneck=5 replicate=0 seed=0 estimator=MiND k=10 sigma=0.0
[EST DONE] 2026-04-20T07:34:55.714005 bottleneck=5 replicate=0 seed=0 estimator=MiND k=10 dur=1.959s
[EST START] 2026-04-20T07:34:55.714139 bottleneck=5 replicate=0 seed=0 estimator=MiND k=15 sigma=0.0
[EST DONE] 2026-04-20T07:34:58.002007 bottleneck=5 replicate=0 seed=0 estimator=MiND k=15 dur=2.288s
[EST START] 2026-04-20T07:34:58.002114 bottleneck=5 replicate=0 seed=0 estimator=FisherS k=ALL sigma=0.0
[EST DONE] 2026-04-20T07:39:14.141762 bottleneck=5 replicate=0 seed=0 estimator=FisherS k=ALL dur=256.140s
[EST START] 2026-04-20T07:39:14.141974 bottleneck=5 replicate=0 seed=0 estimator=SMAE k=ALL sigma=0.0
[EST DONE] 2026-04-20T07:39:56.817827 bottleneck=5 replicate=0 seed=0 estimator=SMAE k=ALL dur=42.676s
[EST START] 2026-04-20T07:39:56.829468 bottleneck=5 replicate=0 seed=0 estimator=Levina-Bickel k=3 sigma=0.25
[EST DONE] 2026-04-20T07:39:58.023406 bottleneck=5 replicate=0 seed=0 estimator=Levina-Bickel k=3 dur=1.194s
[EST START] 2026-04-20T07:39:58.023550 bottleneck=5 replicate=0 seed=0 estimator=Levina-Bickel k=5 sigma=0.25
[EST DONE] 2026-04-20T07:39:59.466541 bottleneck=5 replicate=0 seed=0 estimator=Levina-Bickel k=5 dur=1.443s
[EST START] 2026-04-20T07:39:59.466735 bottleneck=5 replicate=0 seed=0 estimator=Levina-Bickel k=7 sigma=0.25
[EST DONE] 2026-04-20T07:40:01.031644 bottleneck=5 replicate=0 seed=0 estimator=Levina-Bickel k=7 dur=1.565s
[EST START] 2026-04-20T07:40:01.031773 bottleneck=5 replicate=0 seed=0 estimator=Levina-Bickel k=10 sigma=0.25
[EST DONE] 2026-04-20T07:40:02.813705 bottleneck=5 replicate=0 seed=0 estimator=Levina-Bickel k=10 dur=1.782s
[EST START] 2026-04-20T07:40:02.813816 bottleneck=5 replicate=0 seed=0 estimator=Levina-Bickel k=15 sigma=0.25
[EST DONE] 2026-04-20T07:40:05.011486 bottleneck=5 replicate=0 seed=0 estimator=Levina-Bickel k=15 dur=2.198s
[EST START] 2026-04-20T07:40:05.011632 bottleneck=5 replicate=0 seed=0 estimator=TwoNN k=ALL sigma=0.25
[EST DONE] 2026-04-20T07:40:06.067149 bottleneck=5 replicate=0 seed=0 estimator=TwoNN k=ALL dur=1.055s
[EST START] 2026-04-20T07:40:06.067271 bottleneck=5 replicate=0 seed=0 estimator=lPCA k=3 sigma=0.25
[EST DONE] 2026-04-20T07:40:38.957896 bottleneck=5 replicate=0 seed=0 estimator=lPCA k=3 dur=32.891s
[EST START] 2026-04-20T07:40:38.958116 bottleneck=5 replicate=0 seed=0 estimator=lPCA k=5 sigma=0.25
[EST DONE] 2026-04-20T07:41:12.157333 bottleneck=5 replicate=0 seed=0 estimator=lPCA k=5 dur=33.199s
[EST START] 2026-04-20T07:41:12.157474 bottleneck=5 replicate=0 seed=0 estimator=lPCA k=7 sigma=0.25
[EST DONE] 2026-04-20T07:41:46.847738 bottleneck=5 replicate=0 seed=0 estimator=lPCA k=7 dur=34.690s
[EST START] 2026-04-20T07:41:46.847885 bottleneck=5 replicate=0 seed=0 estimator=lPCA k=10 sigma=0.25
[EST DONE] 2026-04-20T07:42:23.662355 bottleneck=5 replicate=0 seed=0 estimator=lPCA k=10 dur=36.814s
[EST START] 2026-04-20T07:42:23.662490 bottleneck=5 replicate=0 seed=0 estimator=lPCA k=15 sigma=0.25
[EST DONE] 2026-04-20T07:43:00.846669 bottleneck=5 replicate=0 seed=0 estimator=lPCA k=15 dur=37.184s
[EST START] 2026-04-20T07:43:00.846849 bottleneck=5 replicate=0 seed=0 estimator=DANCo k=3 sigma=0.25
[EST DONE] 2026-04-20T07:43:30.715247 bottleneck=5 replicate=0 seed=0 estimator=DANCo k=3 dur=29.868s
[EST START] 2026-04-20T07:43:30.715479 bottleneck=5 replicate=0 seed=0 estimator=DANCo k=5 sigma=0.25
[EST DONE] 2026-04-20T07:44:03.842141 bottleneck=5 replicate=0 seed=0 estimator=DANCo k=5 dur=33.127s
[EST START] 2026-04-20T07:44:03.842280 bottleneck=5 replicate=0 seed=0 estimator=DANCo k=7 sigma=0.25
[EST DONE] 2026-04-20T07:44:38.357936 bottleneck=5 replicate=0 seed=0 estimator=DANCo k=7 dur=34.516s
[EST START] 2026-04-20T07:44:38.358085 bottleneck=5 replicate=0 seed=0 estimator=DANCo k=10 sigma=0.25
[EST DONE] 2026-04-20T07:45:13.745480 bottleneck=5 replicate=0 seed=0 estimator=DANCo k=10 dur=35.387s
[EST START] 2026-04-20T07:45:13.745637 bottleneck=5 replicate=0 seed=0 estimator=DANCo k=15 sigma=0.25
[EST DONE] 2026-04-20T07:45:54.835553 bottleneck=5 replicate=0 seed=0 estimator=DANCo k=15 dur=41.090s
[EST START] 2026-04-20T07:45:54.835741 bottleneck=5 replicate=0 seed=0 estimator=MiND k=3 sigma=0.25
[EST DONE] 2026-04-20T07:45:56.212888 bottleneck=5 replicate=0 seed=0 estimator=MiND k=3 dur=1.377s
[EST START] 2026-04-20T07:45:56.213021 bottleneck=5 replicate=0 seed=0 estimator=MiND k=5 sigma=0.25
[EST DONE] 2026-04-20T07:45:57.727582 bottleneck=5 replicate=0 seed=0 estimator=MiND k=5 dur=1.515s
[EST START] 2026-04-20T07:45:57.727687 bottleneck=5 replicate=0 seed=0 estimator=MiND k=7 sigma=0.25
[EST DONE] 2026-04-20T07:45:59.482553 bottleneck=5 replicate=0 seed=0 estimator=MiND k=7 dur=1.755s
[EST START] 2026-04-20T07:45:59.482668 bottleneck=5 replicate=0 seed=0 estimator=MiND k=10 sigma=0.25
[EST DONE] 2026-04-20T07:46:01.486900 bottleneck=5 replicate=0 seed=0 estimator=MiND k=10 dur=2.004s
[EST START] 2026-04-20T07:46:01.487017 bottleneck=5 replicate=0 seed=0 estimator=MiND k=15 sigma=0.25
[EST DONE] 2026-04-20T07:46:03.803095 bottleneck=5 replicate=0 seed=0 estimator=MiND k=15 dur=2.316s
[EST START] 2026-04-20T07:46:03.803195 bottleneck=5 replicate=0 seed=0 estimator=FisherS k=ALL sigma=0.25
[EST DONE] 2026-04-20T07:50:06.590934 bottleneck=5 replicate=0 seed=0 estimator=FisherS k=ALL dur=242.788s
[EST START] 2026-04-20T07:50:06.591201 bottleneck=5 replicate=0 seed=0 estimator=SMAE k=ALL sigma=0.25
[EST DONE] 2026-04-20T07:50:46.172612 bottleneck=5 replicate=0 seed=0 estimator=SMAE k=ALL dur=39.581s
[EST START] 2026-04-20T07:50:46.180868 bottleneck=5 replicate=0 seed=0 estimator=Levina-Bickel k=3 sigma=0.5
[EST DONE] 2026-04-20T07:50:47.423044 bottleneck=5 replicate=0 seed=0 estimator=Levina-Bickel k=3 dur=1.242s
[EST START] 2026-04-20T07:50:47.423153 bottleneck=5 replicate=0 seed=0 estimator=Levina-Bickel k=5 sigma=0.5
[EST DONE] 2026-04-20T07:50:48.861448 bottleneck=5 replicate=0 seed=0 estimator=Levina-Bickel k=5 dur=1.438s
[EST START] 2026-04-20T07:50:48.861583 bottleneck=5 replicate=0 seed=0 estimator=Levina-Bickel k=7 sigma=0.5
[EST DONE] 2026-04-20T07:50:50.514849 bottleneck=5 replicate=0 seed=0 estimator=Levina-Bickel k=7 dur=1.653s
[EST START] 2026-04-20T07:50:50.514961 bottleneck=5 replicate=0 seed=0 estimator=Levina-Bickel k=10 sigma=0.5
[EST DONE] 2026-04-20T07:50:52.411560 bottleneck=5 replicate=0 seed=0 estimator=Levina-Bickel k=10 dur=1.897s
[EST START] 2026-04-20T07:50:52.411734 bottleneck=5 replicate=0 seed=0 estimator=Levina-Bickel k=15 sigma=0.5
[EST DONE] 2026-04-20T07:50:54.617167 bottleneck=5 replicate=0 seed=0 estimator=Levina-Bickel k=15 dur=2.205s
[EST START] 2026-04-20T07:50:54.617313 bottleneck=5 replicate=0 seed=0 estimator=TwoNN k=ALL sigma=0.5
[EST DONE] 2026-04-20T07:50:55.517656 bottleneck=5 replicate=0 seed=0 estimator=TwoNN k=ALL dur=0.900s
[EST START] 2026-04-20T07:50:55.517815 bottleneck=5 replicate=0 seed=0 estimator=lPCA k=3 sigma=0.5
[EST DONE] 2026-04-20T07:51:28.232856 bottleneck=5 replicate=0 seed=0 estimator=lPCA k=3 dur=32.715s
[EST START] 2026-04-20T07:51:28.233000 bottleneck=5 replicate=0 seed=0 estimator=lPCA k=5 sigma=0.5
[EST DONE] 2026-04-20T07:52:01.821454 bottleneck=5 replicate=0 seed=0 estimator=lPCA k=5 dur=33.588s
[EST START] 2026-04-20T07:52:01.821594 bottleneck=5 replicate=0 seed=0 estimator=lPCA k=7 sigma=0.5
[EST DONE] 2026-04-20T07:52:36.821301 bottleneck=5 replicate=0 seed=0 estimator=lPCA k=7 dur=35.000s
[EST START] 2026-04-20T07:52:36.821437 bottleneck=5 replicate=0 seed=0 estimator=lPCA k=10 sigma=0.5
[EST DONE] 2026-04-20T07:53:13.461426 bottleneck=5 replicate=0 seed=0 estimator=lPCA k=10 dur=36.640s
[EST START] 2026-04-20T07:53:13.461555 bottleneck=5 replicate=0 seed=0 estimator=lPCA k=15 sigma=0.5
[EST DONE] 2026-04-20T07:53:50.670827 bottleneck=5 replicate=0 seed=0 estimator=lPCA k=15 dur=37.209s
[EST START] 2026-04-20T07:53:50.671059 bottleneck=5 replicate=0 seed=0 estimator=DANCo k=3 sigma=0.5
[EST DONE] 2026-04-20T07:54:19.232488 bottleneck=5 replicate=0 seed=0 estimator=DANCo k=3 dur=28.561s
[EST START] 2026-04-20T07:54:19.232655 bottleneck=5 replicate=0 seed=0 estimator=DANCo k=5 sigma=0.5
[EST DONE] 2026-04-20T07:54:51.346791 bottleneck=5 replicate=0 seed=0 estimator=DANCo k=5 dur=32.114s
[EST START] 2026-04-20T07:54:51.346931 bottleneck=5 replicate=0 seed=0 estimator=DANCo k=7 sigma=0.5
[EST DONE] 2026-04-20T07:55:29.638075 bottleneck=5 replicate=0 seed=0 estimator=DANCo k=7 dur=38.291s
[EST START] 2026-04-20T07:55:29.638205 bottleneck=5 replicate=0 seed=0 estimator=DANCo k=10 sigma=0.5
[EST DONE] 2026-04-20T07:56:08.730903 bottleneck=5 replicate=0 seed=0 estimator=DANCo k=10 dur=39.093s
[EST START] 2026-04-20T07:56:08.731077 bottleneck=5 replicate=0 seed=0 estimator=DANCo k=15 sigma=0.5
[EST DONE] 2026-04-20T07:56:52.491342 bottleneck=5 replicate=0 seed=0 estimator=DANCo k=15 dur=43.760s
[EST START] 2026-04-20T07:56:52.491622 bottleneck=5 replicate=0 seed=0 estimator=MiND k=3 sigma=0.5
[EST DONE] 2026-04-20T07:56:53.834479 bottleneck=5 replicate=0 seed=0 estimator=MiND k=3 dur=1.343s
[EST START] 2026-04-20T07:56:53.834611 bottleneck=5 replicate=0 seed=0 estimator=MiND k=5 sigma=0.5
[EST DONE] 2026-04-20T07:56:55.429157 bottleneck=5 replicate=0 seed=0 estimator=MiND k=5 dur=1.595s
[EST START] 2026-04-20T07:56:55.429265 bottleneck=5 replicate=0 seed=0 estimator=MiND k=7 sigma=0.5
[EST DONE] 2026-04-20T07:56:57.261951 bottleneck=5 replicate=0 seed=0 estimator=MiND k=7 dur=1.833s
[EST START] 2026-04-20T07:56:57.262155 bottleneck=5 replicate=0 seed=0 estimator=MiND k=10 sigma=0.5
[EST DONE] 2026-04-20T07:56:59.401713 bottleneck=5 replicate=0 seed=0 estimator=MiND k=10 dur=2.140s
[EST START] 2026-04-20T07:56:59.401822 bottleneck=5 replicate=0 seed=0 estimator=MiND k=15 sigma=0.5
[EST DONE] 2026-04-20T07:57:01.809317 bottleneck=5 replicate=0 seed=0 estimator=MiND k=15 dur=2.407s
[EST START] 2026-04-20T07:57:01.809414 bottleneck=5 replicate=0 seed=0 estimator=FisherS k=ALL sigma=0.5
[EST DONE] 2026-04-20T08:01:08.161725 bottleneck=5 replicate=0 seed=0 estimator=FisherS k=ALL dur=246.352s
[EST START] 2026-04-20T08:01:08.161893 bottleneck=5 replicate=0 seed=0 estimator=SMAE k=ALL sigma=0.5
[EST DONE] 2026-04-20T08:01:47.988757 bottleneck=5 replicate=0 seed=0 estimator=SMAE k=ALL dur=39.827s
[EST START] 2026-04-20T08:01:48.000640 bottleneck=5 replicate=0 seed=0 estimator=Levina-Bickel k=3 sigma=0.75
[EST DONE] 2026-04-20T08:01:49.283043 bottleneck=5 replicate=0 seed=0 estimator=Levina-Bickel k=3 dur=1.282s
[EST START] 2026-04-20T08:01:49.283226 bottleneck=5 replicate=0 seed=0 estimator=Levina-Bickel k=5 sigma=0.75
[EST DONE] 2026-04-20T08:01:50.743971 bottleneck=5 replicate=0 seed=0 estimator=Levina-Bickel k=5 dur=1.461s
[EST START] 2026-04-20T08:01:50.744119 bottleneck=5 replicate=0 seed=0 estimator=Levina-Bickel k=7 sigma=0.75
[EST DONE] 2026-04-20T08:01:52.376517 bottleneck=5 replicate=0 seed=0 estimator=Levina-Bickel k=7 dur=1.632s
[EST START] 2026-04-20T08:01:52.376695 bottleneck=5 replicate=0 seed=0 estimator=Levina-Bickel k=10 sigma=0.75
[EST DONE] 2026-04-20T08:01:54.297521 bottleneck=5 replicate=0 seed=0 estimator=Levina-Bickel k=10 dur=1.921s
[EST START] 2026-04-20T08:01:54.297646 bottleneck=5 replicate=0 seed=0 estimator=Levina-Bickel k=15 sigma=0.75
[EST DONE] 2026-04-20T08:01:56.318340 bottleneck=5 replicate=0 seed=0 estimator=Levina-Bickel k=15 dur=2.021s
[EST START] 2026-04-20T08:01:56.318467 bottleneck=5 replicate=0 seed=0 estimator=TwoNN k=ALL sigma=0.75
[EST DONE] 2026-04-20T08:01:57.378408 bottleneck=5 replicate=0 seed=0 estimator=TwoNN k=ALL dur=1.060s
[EST START] 2026-04-20T08:01:57.378536 bottleneck=5 replicate=0 seed=0 estimator=lPCA k=3 sigma=0.75
[EST DONE] 2026-04-20T08:02:32.647222 bottleneck=5 replicate=0 seed=0 estimator=lPCA k=3 dur=35.269s
[EST START] 2026-04-20T08:02:32.647349 bottleneck=5 replicate=0 seed=0 estimator=lPCA k=5 sigma=0.75
[EST DONE] 2026-04-20T08:03:08.516736 bottleneck=5 replicate=0 seed=0 estimator=lPCA k=5 dur=35.869s
[EST START] 2026-04-20T08:03:08.516971 bottleneck=5 replicate=0 seed=0 estimator=lPCA k=7 sigma=0.75
[EST DONE] 2026-04-20T08:03:45.666670 bottleneck=5 replicate=0 seed=0 estimator=lPCA k=7 dur=37.150s
[EST START] 2026-04-20T08:03:45.666841 bottleneck=5 replicate=0 seed=0 estimator=lPCA k=10 sigma=0.75
[EST DONE] 2026-04-20T08:04:24.391162 bottleneck=5 replicate=0 seed=0 estimator=lPCA k=10 dur=38.724s
[EST START] 2026-04-20T08:04:24.391328 bottleneck=5 replicate=0 seed=0 estimator=lPCA k=15 sigma=0.75
[EST DONE] 2026-04-20T08:05:03.885786 bottleneck=5 replicate=0 seed=0 estimator=lPCA k=15 dur=39.494s
[EST START] 2026-04-20T08:05:03.885960 bottleneck=5 replicate=0 seed=0 estimator=DANCo k=3 sigma=0.75
[EST DONE] 2026-04-20T08:05:32.436141 bottleneck=5 replicate=0 seed=0 estimator=DANCo k=3 dur=28.550s
[EST START] 2026-04-20T08:05:32.436261 bottleneck=5 replicate=0 seed=0 estimator=DANCo k=5 sigma=0.75
[EST DONE] 2026-04-20T08:06:04.354564 bottleneck=5 replicate=0 seed=0 estimator=DANCo k=5 dur=31.918s
[EST START] 2026-04-20T08:06:04.354772 bottleneck=5 replicate=0 seed=0 estimator=DANCo k=7 sigma=0.75
[EST DONE] 2026-04-20T08:06:39.912826 bottleneck=5 replicate=0 seed=0 estimator=DANCo k=7 dur=35.558s
[EST START] 2026-04-20T08:06:39.912989 bottleneck=5 replicate=0 seed=0 estimator=DANCo k=10 sigma=0.75
[EST DONE] 2026-04-20T08:07:17.634745 bottleneck=5 replicate=0 seed=0 estimator=DANCo k=10 dur=37.722s
[EST START] 2026-04-20T08:07:17.634915 bottleneck=5 replicate=0 seed=0 estimator=DANCo k=15 sigma=0.75
[EST DONE] 2026-04-20T08:07:58.519704 bottleneck=5 replicate=0 seed=0 estimator=DANCo k=15 dur=40.885s
[EST START] 2026-04-20T08:07:58.519842 bottleneck=5 replicate=0 seed=0 estimator=MiND k=3 sigma=0.75
[EST DONE] 2026-04-20T08:07:59.876833 bottleneck=5 replicate=0 seed=0 estimator=MiND k=3 dur=1.357s
[EST START] 2026-04-20T08:07:59.876945 bottleneck=5 replicate=0 seed=0 estimator=MiND k=5 sigma=0.75
[EST DONE] 2026-04-20T08:08:01.502194 bottleneck=5 replicate=0 seed=0 estimator=MiND k=5 dur=1.625s
[EST START] 2026-04-20T08:08:01.502339 bottleneck=5 replicate=0 seed=0 estimator=MiND k=7 sigma=0.75
[EST DONE] 2026-04-20T08:08:03.258250 bottleneck=5 replicate=0 seed=0 estimator=MiND k=7 dur=1.756s
[EST START] 2026-04-20T08:08:03.258367 bottleneck=5 replicate=0 seed=0 estimator=MiND k=10 sigma=0.75
[EST DONE] 2026-04-20T08:08:05.295904 bottleneck=5 replicate=0 seed=0 estimator=MiND k=10 dur=2.038s
[EST START] 2026-04-20T08:08:05.296000 bottleneck=5 replicate=0 seed=0 estimator=MiND k=15 sigma=0.75
[EST DONE] 2026-04-20T08:08:07.554972 bottleneck=5 replicate=0 seed=0 estimator=MiND k=15 dur=2.259s
[EST START] 2026-04-20T08:08:07.555088 bottleneck=5 replicate=0 seed=0 estimator=FisherS k=ALL sigma=0.75
[EST DONE] 2026-04-20T08:12:14.485856 bottleneck=5 replicate=0 seed=0 estimator=FisherS k=ALL dur=246.931s
[EST START] 2026-04-20T08:12:14.486018 bottleneck=5 replicate=0 seed=0 estimator=SMAE k=ALL sigma=0.75
[EST DONE] 2026-04-20T08:12:55.440855 bottleneck=5 replicate=0 seed=0 estimator=SMAE k=ALL dur=40.955s
[EST START] 2026-04-20T08:12:55.450855 bottleneck=5 replicate=0 seed=0 estimator=Levina-Bickel k=3 sigma=1.0
[EST DONE] 2026-04-20T08:12:56.670036 bottleneck=5 replicate=0 seed=0 estimator=Levina-Bickel k=3 dur=1.219s
[EST START] 2026-04-20T08:12:56.670144 bottleneck=5 replicate=0 seed=0 estimator=Levina-Bickel k=5 sigma=1.0
[EST DONE] 2026-04-20T08:12:58.080882 bottleneck=5 replicate=0 seed=0 estimator=Levina-Bickel k=5 dur=1.411s
[EST START] 2026-04-20T08:12:58.080986 bottleneck=5 replicate=0 seed=0 estimator=Levina-Bickel k=7 sigma=1.0
[EST DONE] 2026-04-20T08:12:59.727139 bottleneck=5 replicate=0 seed=0 estimator=Levina-Bickel k=7 dur=1.646s
[EST START] 2026-04-20T08:12:59.727273 bottleneck=5 replicate=0 seed=0 estimator=Levina-Bickel k=10 sigma=1.0
[EST DONE] 2026-04-20T08:13:01.577918 bottleneck=5 replicate=0 seed=0 estimator=Levina-Bickel k=10 dur=1.851s
[EST START] 2026-04-20T08:13:01.578026 bottleneck=5 replicate=0 seed=0 estimator=Levina-Bickel k=15 sigma=1.0
[EST DONE] 2026-04-20T08:13:03.869118 bottleneck=5 replicate=0 seed=0 estimator=Levina-Bickel k=15 dur=2.291s
[EST START] 2026-04-20T08:13:03.869238 bottleneck=5 replicate=0 seed=0 estimator=TwoNN k=ALL sigma=1.0
[EST DONE] 2026-04-20T08:13:04.919540 bottleneck=5 replicate=0 seed=0 estimator=TwoNN k=ALL dur=1.050s
[EST START] 2026-04-20T08:13:04.919690 bottleneck=5 replicate=0 seed=0 estimator=lPCA k=3 sigma=1.0
[EST DONE] 2026-04-20T08:13:37.268192 bottleneck=5 replicate=0 seed=0 estimator=lPCA k=3 dur=32.348s
[EST START] 2026-04-20T08:13:37.268407 bottleneck=5 replicate=0 seed=0 estimator=lPCA k=5 sigma=1.0
[EST DONE] 2026-04-20T08:14:10.798825 bottleneck=5 replicate=0 seed=0 estimator=lPCA k=5 dur=33.530s
[EST START] 2026-04-20T08:14:10.798992 bottleneck=5 replicate=0 seed=0 estimator=lPCA k=7 sigma=1.0
[EST DONE] 2026-04-20T08:14:45.330232 bottleneck=5 replicate=0 seed=0 estimator=lPCA k=7 dur=34.531s
[EST START] 2026-04-20T08:14:45.330403 bottleneck=5 replicate=0 seed=0 estimator=lPCA k=10 sigma=1.0
[EST DONE] 2026-04-20T08:15:21.849281 bottleneck=5 replicate=0 seed=0 estimator=lPCA k=10 dur=36.519s
[EST START] 2026-04-20T08:15:21.849922 bottleneck=5 replicate=0 seed=0 estimator=lPCA k=15 sigma=1.0
[EST DONE] 2026-04-20T08:15:59.141838 bottleneck=5 replicate=0 seed=0 estimator=lPCA k=15 dur=37.292s
[EST START] 2026-04-20T08:15:59.141996 bottleneck=5 replicate=0 seed=0 estimator=DANCo k=3 sigma=1.0
[EST DONE] 2026-04-20T08:16:29.546587 bottleneck=5 replicate=0 seed=0 estimator=DANCo k=3 dur=30.405s
[EST START] 2026-04-20T08:16:29.546802 bottleneck=5 replicate=0 seed=0 estimator=DANCo k=5 sigma=1.0
[EST DONE] 2026-04-20T08:17:02.152388 bottleneck=5 replicate=0 seed=0 estimator=DANCo k=5 dur=32.606s
[EST START] 2026-04-20T08:17:02.152522 bottleneck=5 replicate=0 seed=0 estimator=DANCo k=7 sigma=1.0
[EST DONE] 2026-04-20T08:17:37.402311 bottleneck=5 replicate=0 seed=0 estimator=DANCo k=7 dur=35.250s
[EST START] 2026-04-20T08:17:37.402463 bottleneck=5 replicate=0 seed=0 estimator=DANCo k=10 sigma=1.0
[EST DONE] 2026-04-20T08:18:15.653639 bottleneck=5 replicate=0 seed=0 estimator=DANCo k=10 dur=38.251s
[EST START] 2026-04-20T08:18:15.653907 bottleneck=5 replicate=0 seed=0 estimator=DANCo k=15 sigma=1.0
[EST DONE] 2026-04-20T08:18:57.806956 bottleneck=5 replicate=0 seed=0 estimator=DANCo k=15 dur=42.153s
[EST START] 2026-04-20T08:18:57.807129 bottleneck=5 replicate=0 seed=0 estimator=MiND k=3 sigma=1.0
[EST DONE] 2026-04-20T08:18:59.245951 bottleneck=5 replicate=0 seed=0 estimator=MiND k=3 dur=1.439s
[EST START] 2026-04-20T08:18:59.246055 bottleneck=5 replicate=0 seed=0 estimator=MiND k=5 sigma=1.0
[EST DONE] 2026-04-20T08:19:00.916731 bottleneck=5 replicate=0 seed=0 estimator=MiND k=5 dur=1.671s
[EST START] 2026-04-20T08:19:00.916845 bottleneck=5 replicate=0 seed=0 estimator=MiND k=7 sigma=1.0
[EST DONE] 2026-04-20T08:19:02.791223 bottleneck=5 replicate=0 seed=0 estimator=MiND k=7 dur=1.874s
[EST START] 2026-04-20T08:19:02.791304 bottleneck=5 replicate=0 seed=0 estimator=MiND k=10 sigma=1.0
[EST DONE] 2026-04-20T08:19:04.888714 bottleneck=5 replicate=0 seed=0 estimator=MiND k=10 dur=2.097s
[EST START] 2026-04-20T08:19:04.888883 bottleneck=5 replicate=0 seed=0 estimator=MiND k=15 sigma=1.0
[EST DONE] 2026-04-20T08:19:07.304027 bottleneck=5 replicate=0 seed=0 estimator=MiND k=15 dur=2.415s
[EST START] 2026-04-20T08:19:07.304164 bottleneck=5 replicate=0 seed=0 estimator=FisherS k=ALL sigma=1.0
[EST DONE] 2026-04-20T08:23:49.980807 bottleneck=5 replicate=0 seed=0 estimator=FisherS k=ALL dur=282.677s
[EST START] 2026-04-20T08:23:49.981013 bottleneck=5 replicate=0 seed=0 estimator=SMAE k=ALL sigma=1.0
[EST DONE] 2026-04-20T08:24:33.031943 bottleneck=5 replicate=0 seed=0 estimator=SMAE k=ALL dur=43.051s
[MNIST TASK START] 2026-04-20T08:24:33.032237 bottleneck=7 replicate=0 seed=0
[AE START] seed=0 bottleneck=7 epochs=50 subset=0
[AE EPOCH] epoch=1/50 loss=0.094639 epoch_time=1.36s device=cuda
[AE EPOCH] epoch=2/50 loss=0.053048 epoch_time=1.26s device=cuda
[AE EPOCH] epoch=3/50 loss=0.040938 epoch_time=1.11s device=cuda
[AE EPOCH] epoch=4/50 loss=0.035979 epoch_time=1.04s device=cuda
[AE EPOCH] epoch=5/50 loss=0.033318 epoch_time=1.14s device=cuda
[AE EPOCH] epoch=6/50 loss=0.031709 epoch_time=1.32s device=cuda
[AE EPOCH] epoch=7/50 loss=0.030585 epoch_time=1.16s device=cuda
[AE EPOCH] epoch=8/50 loss=0.029725 epoch_time=1.17s device=cuda
[AE EPOCH] epoch=9/50 loss=0.029027 epoch_time=1.11s device=cuda
[AE EPOCH] epoch=10/50 loss=0.028431 epoch_time=1.41s device=cuda
[AE EPOCH] epoch=11/50 loss=0.027914 epoch_time=1.29s device=cuda
[AE EPOCH] epoch=12/50 loss=0.027454 epoch_time=1.14s device=cuda
[AE EPOCH] epoch=13/50 loss=0.027032 epoch_time=1.26s device=cuda
[AE EPOCH] epoch=14/50 loss=0.026650 epoch_time=0.97s device=cuda
[AE EPOCH] epoch=15/50 loss=0.026299 epoch_time=1.22s device=cuda
[AE EPOCH] epoch=16/50 loss=0.025975 epoch_time=1.41s device=cuda
[AE EPOCH] epoch=17/50 loss=0.025675 epoch_time=0.99s device=cuda
[AE EPOCH] epoch=18/50 loss=0.025397 epoch_time=1.07s device=cuda
[AE EPOCH] epoch=19/50 loss=0.025138 epoch_time=1.10s device=cuda
[AE EPOCH] epoch=20/50 loss=0.024898 epoch_time=1.22s device=cuda
[AE EPOCH] epoch=21/50 loss=0.024671 epoch_time=0.98s device=cuda
[AE EPOCH] epoch=22/50 loss=0.024462 epoch_time=1.04s device=cuda
[AE EPOCH] epoch=23/50 loss=0.024268 epoch_time=1.11s device=cuda
[AE EPOCH] epoch=24/50 loss=0.024084 epoch_time=1.32s device=cuda
[AE EPOCH] epoch=25/50 loss=0.023911 epoch_time=1.18s device=cuda
[AE EPOCH] epoch=26/50 loss=0.023750 epoch_time=1.35s device=cuda
[AE EPOCH] epoch=27/50 loss=0.023596 epoch_time=1.01s device=cuda
[AE EPOCH] epoch=28/50 loss=0.023450 epoch_time=1.22s device=cuda
[AE EPOCH] epoch=29/50 loss=0.023313 epoch_time=1.34s device=cuda
[AE EPOCH] epoch=30/50 loss=0.023182 epoch_time=1.27s device=cuda
[AE EPOCH] epoch=31/50 loss=0.023062 epoch_time=1.37s device=cuda
[AE EPOCH] epoch=32/50 loss=0.022945 epoch_time=1.39s device=cuda
[AE EPOCH] epoch=33/50 loss=0.022833 epoch_time=1.32s device=cuda
[AE EPOCH] epoch=34/50 loss=0.022729 epoch_time=1.03s device=cuda
[AE EPOCH] epoch=35/50 loss=0.022626 epoch_time=1.38s device=cuda
[AE EPOCH] epoch=36/50 loss=0.022530 epoch_time=1.02s device=cuda
[AE EPOCH] epoch=37/50 loss=0.022433 epoch_time=1.03s device=cuda
[AE EPOCH] epoch=38/50 loss=0.022347 epoch_time=1.04s device=cuda
[AE EPOCH] epoch=39/50 loss=0.022260 epoch_time=1.15s device=cuda
[AE EPOCH] epoch=40/50 loss=0.022175 epoch_time=1.38s device=cuda
[AE EPOCH] epoch=41/50 loss=0.022097 epoch_time=1.40s device=cuda
[AE EPOCH] epoch=42/50 loss=0.022022 epoch_time=1.42s device=cuda
[AE EPOCH] epoch=43/50 loss=0.021947 epoch_time=1.07s device=cuda
[AE EPOCH] epoch=44/50 loss=0.021877 epoch_time=1.00s device=cuda
[AE EPOCH] epoch=45/50 loss=0.021806 epoch_time=1.01s device=cuda
[AE EPOCH] epoch=46/50 loss=0.021737 epoch_time=1.33s device=cuda
[AE EPOCH] epoch=47/50 loss=0.021669 epoch_time=1.28s device=cuda
[AE EPOCH] epoch=48/50 loss=0.021608 epoch_time=1.18s device=cuda
[AE EPOCH] epoch=49/50 loss=0.021546 epoch_time=1.09s device=cuda
[AE EPOCH] epoch=50/50 loss=0.021487 epoch_time=1.08s device=cuda
[AE TRAIN COMPLETE] total_time=59.52s
[AE TRAIN COMPLETE] 2026-04-20T08:25:45.179606 bottleneck=7 replicate=0 dur=72.1s seed=0
[EST START] 2026-04-20T08:25:45.198044 bottleneck=7 replicate=0 seed=0 estimator=Levina-Bickel k=3 sigma=0.0
[EST DONE] 2026-04-20T08:25:48.377712 bottleneck=7 replicate=0 seed=0 estimator=Levina-Bickel k=3 dur=3.180s
[EST START] 2026-04-20T08:25:48.377838 bottleneck=7 replicate=0 seed=0 estimator=Levina-Bickel k=5 sigma=0.0
[EST DONE] 2026-04-20T08:25:52.271203 bottleneck=7 replicate=0 seed=0 estimator=Levina-Bickel k=5 dur=3.893s
[EST START] 2026-04-20T08:25:52.271351 bottleneck=7 replicate=0 seed=0 estimator=Levina-Bickel k=7 sigma=0.0
[EST DONE] 2026-04-20T08:25:56.331428 bottleneck=7 replicate=0 seed=0 estimator=Levina-Bickel k=7 dur=4.060s
[EST START] 2026-04-20T08:25:56.331576 bottleneck=7 replicate=0 seed=0 estimator=Levina-Bickel k=10 sigma=0.0
[EST DONE] 2026-04-20T08:26:01.934430 bottleneck=7 replicate=0 seed=0 estimator=Levina-Bickel k=10 dur=5.603s
[EST START] 2026-04-20T08:26:01.934574 bottleneck=7 replicate=0 seed=0 estimator=Levina-Bickel k=15 sigma=0.0
[EST DONE] 2026-04-20T08:26:09.156756 bottleneck=7 replicate=0 seed=0 estimator=Levina-Bickel k=15 dur=7.222s
[EST START] 2026-04-20T08:26:09.156935 bottleneck=7 replicate=0 seed=0 estimator=TwoNN k=ALL sigma=0.0
[EST DONE] 2026-04-20T08:26:11.933092 bottleneck=7 replicate=0 seed=0 estimator=TwoNN k=ALL dur=2.776s
[EST START] 2026-04-20T08:26:11.933249 bottleneck=7 replicate=0 seed=0 estimator=lPCA k=3 sigma=0.0
[EST DONE] 2026-04-20T08:26:46.247528 bottleneck=7 replicate=0 seed=0 estimator=lPCA k=3 dur=34.314s
[EST START] 2026-04-20T08:26:46.247673 bottleneck=7 replicate=0 seed=0 estimator=lPCA k=5 sigma=0.0
[EST DONE] 2026-04-20T08:27:22.547893 bottleneck=7 replicate=0 seed=0 estimator=lPCA k=5 dur=36.300s
[EST START] 2026-04-20T08:27:22.547994 bottleneck=7 replicate=0 seed=0 estimator=lPCA k=7 sigma=0.0
[EST DONE] 2026-04-20T08:28:01.397623 bottleneck=7 replicate=0 seed=0 estimator=lPCA k=7 dur=38.850s
[EST START] 2026-04-20T08:28:01.397803 bottleneck=7 replicate=0 seed=0 estimator=lPCA k=10 sigma=0.0
[EST DONE] 2026-04-20T08:28:46.443341 bottleneck=7 replicate=0 seed=0 estimator=lPCA k=10 dur=45.045s
[EST START] 2026-04-20T08:28:46.443519 bottleneck=7 replicate=0 seed=0 estimator=lPCA k=15 sigma=0.0
[EST DONE] 2026-04-20T08:29:30.945335 bottleneck=7 replicate=0 seed=0 estimator=lPCA k=15 dur=44.502s
[EST START] 2026-04-20T08:29:30.945471 bottleneck=7 replicate=0 seed=0 estimator=DANCo k=3 sigma=0.0
[EST DONE] 2026-04-20T08:30:19.340215 bottleneck=7 replicate=0 seed=0 estimator=DANCo k=3 dur=48.395s
[EST START] 2026-04-20T08:30:19.340397 bottleneck=7 replicate=0 seed=0 estimator=DANCo k=5 sigma=0.0
[EST DONE] 2026-04-20T08:31:13.256102 bottleneck=7 replicate=0 seed=0 estimator=DANCo k=5 dur=53.916s
[EST START] 2026-04-20T08:31:13.256325 bottleneck=7 replicate=0 seed=0 estimator=DANCo k=7 sigma=0.0
[EST DONE] 2026-04-20T08:32:07.554133 bottleneck=7 replicate=0 seed=0 estimator=DANCo k=7 dur=54.298s
[EST START] 2026-04-20T08:32:07.554361 bottleneck=7 replicate=0 seed=0 estimator=DANCo k=10 sigma=0.0
[EST DONE] 2026-04-20T08:33:07.807267 bottleneck=7 replicate=0 seed=0 estimator=DANCo k=10 dur=60.253s
[EST START] 2026-04-20T08:33:07.807417 bottleneck=7 replicate=0 seed=0 estimator=DANCo k=15 sigma=0.0
[EST DONE] 2026-04-20T08:34:20.707225 bottleneck=7 replicate=0 seed=0 estimator=DANCo k=15 dur=72.900s
[EST START] 2026-04-20T08:34:20.707400 bottleneck=7 replicate=0 seed=0 estimator=MiND k=3 sigma=0.0
[EST DONE] 2026-04-20T08:34:24.241446 bottleneck=7 replicate=0 seed=0 estimator=MiND k=3 dur=3.534s
[EST START] 2026-04-20T08:34:24.241564 bottleneck=7 replicate=0 seed=0 estimator=MiND k=5 sigma=0.0
[EST DONE] 2026-04-20T08:34:28.337700 bottleneck=7 replicate=0 seed=0 estimator=MiND k=5 dur=4.096s
[EST START] 2026-04-20T08:34:28.337832 bottleneck=7 replicate=0 seed=0 estimator=MiND k=7 sigma=0.0
[EST DONE] 2026-04-20T08:34:32.984403 bottleneck=7 replicate=0 seed=0 estimator=MiND k=7 dur=4.647s
[EST START] 2026-04-20T08:34:32.984557 bottleneck=7 replicate=0 seed=0 estimator=MiND k=10 sigma=0.0
[EST DONE] 2026-04-20T08:34:38.131865 bottleneck=7 replicate=0 seed=0 estimator=MiND k=10 dur=5.147s
[EST START] 2026-04-20T08:34:38.132010 bottleneck=7 replicate=0 seed=0 estimator=MiND k=15 sigma=0.0
[EST DONE] 2026-04-20T08:34:44.149920 bottleneck=7 replicate=0 seed=0 estimator=MiND k=15 dur=6.018s
[EST START] 2026-04-20T08:34:44.150070 bottleneck=7 replicate=0 seed=0 estimator=FisherS k=ALL sigma=0.0
[EST DONE] 2026-04-20T08:39:18.144417 bottleneck=7 replicate=0 seed=0 estimator=FisherS k=ALL dur=273.994s
[EST START] 2026-04-20T08:39:18.144625 bottleneck=7 replicate=0 seed=0 estimator=SMAE k=ALL sigma=0.0
[EST DONE] 2026-04-20T08:39:57.652714 bottleneck=7 replicate=0 seed=0 estimator=SMAE k=ALL dur=39.508s
[EST START] 2026-04-20T08:39:57.667599 bottleneck=7 replicate=0 seed=0 estimator=Levina-Bickel k=3 sigma=0.25
[EST DONE] 2026-04-20T08:40:00.905704 bottleneck=7 replicate=0 seed=0 estimator=Levina-Bickel k=3 dur=3.238s
[EST START] 2026-04-20T08:40:00.905831 bottleneck=7 replicate=0 seed=0 estimator=Levina-Bickel k=5 sigma=0.25
[EST DONE] 2026-04-20T08:40:04.655618 bottleneck=7 replicate=0 seed=0 estimator=Levina-Bickel k=5 dur=3.750s
[EST START] 2026-04-20T08:40:04.655777 bottleneck=7 replicate=0 seed=0 estimator=Levina-Bickel k=7 sigma=0.25
[EST DONE] 2026-04-20T08:40:08.956584 bottleneck=7 replicate=0 seed=0 estimator=Levina-Bickel k=7 dur=4.301s
[EST START] 2026-04-20T08:40:08.956708 bottleneck=7 replicate=0 seed=0 estimator=Levina-Bickel k=10 sigma=0.25
[EST DONE] 2026-04-20T08:40:13.926225 bottleneck=7 replicate=0 seed=0 estimator=Levina-Bickel k=10 dur=4.969s
[EST START] 2026-04-20T08:40:13.926393 bottleneck=7 replicate=0 seed=0 estimator=Levina-Bickel k=15 sigma=0.25
[EST DONE] 2026-04-20T08:40:19.734234 bottleneck=7 replicate=0 seed=0 estimator=Levina-Bickel k=15 dur=5.808s
[EST START] 2026-04-20T08:40:19.734406 bottleneck=7 replicate=0 seed=0 estimator=TwoNN k=ALL sigma=0.25
[EST DONE] 2026-04-20T08:40:22.686783 bottleneck=7 replicate=0 seed=0 estimator=TwoNN k=ALL dur=2.952s
[EST START] 2026-04-20T08:40:22.686922 bottleneck=7 replicate=0 seed=0 estimator=lPCA k=3 sigma=0.25
[EST DONE] 2026-04-20T08:41:00.161722 bottleneck=7 replicate=0 seed=0 estimator=lPCA k=3 dur=37.475s
[EST START] 2026-04-20T08:41:00.161871 bottleneck=7 replicate=0 seed=0 estimator=lPCA k=5 sigma=0.25
[EST DONE] 2026-04-20T08:41:39.065867 bottleneck=7 replicate=0 seed=0 estimator=lPCA k=5 dur=38.904s
[EST START] 2026-04-20T08:41:39.066018 bottleneck=7 replicate=0 seed=0 estimator=lPCA k=7 sigma=0.25
[EST DONE] 2026-04-20T08:42:18.265165 bottleneck=7 replicate=0 seed=0 estimator=lPCA k=7 dur=39.199s
[EST START] 2026-04-20T08:42:18.265337 bottleneck=7 replicate=0 seed=0 estimator=lPCA k=10 sigma=0.25
[EST DONE] 2026-04-20T08:43:03.557665 bottleneck=7 replicate=0 seed=0 estimator=lPCA k=10 dur=45.292s
[EST START] 2026-04-20T08:43:03.557809 bottleneck=7 replicate=0 seed=0 estimator=lPCA k=15 sigma=0.25
[EST DONE] 2026-04-20T08:43:47.678710 bottleneck=7 replicate=0 seed=0 estimator=lPCA k=15 dur=44.121s
[EST START] 2026-04-20T08:43:47.678870 bottleneck=7 replicate=0 seed=0 estimator=DANCo k=3 sigma=0.25
[EST DONE] 2026-04-20T08:44:36.005268 bottleneck=7 replicate=0 seed=0 estimator=DANCo k=3 dur=48.326s
[EST START] 2026-04-20T08:44:36.005423 bottleneck=7 replicate=0 seed=0 estimator=DANCo k=5 sigma=0.25
[EST DONE] 2026-04-20T08:45:28.364234 bottleneck=7 replicate=0 seed=0 estimator=DANCo k=5 dur=52.359s
[EST START] 2026-04-20T08:45:28.364411 bottleneck=7 replicate=0 seed=0 estimator=DANCo k=7 sigma=0.25
[EST DONE] 2026-04-20T08:46:23.757996 bottleneck=7 replicate=0 seed=0 estimator=DANCo k=7 dur=55.394s
[EST START] 2026-04-20T08:46:23.758178 bottleneck=7 replicate=0 seed=0 estimator=DANCo k=10 sigma=0.25
[EST DONE] 2026-04-20T08:47:22.218483 bottleneck=7 replicate=0 seed=0 estimator=DANCo k=10 dur=58.460s
[EST START] 2026-04-20T08:47:22.218610 bottleneck=7 replicate=0 seed=0 estimator=DANCo k=15 sigma=0.25
[EST DONE] 2026-04-20T08:48:27.347128 bottleneck=7 replicate=0 seed=0 estimator=DANCo k=15 dur=65.128s
[EST START] 2026-04-20T08:48:27.347291 bottleneck=7 replicate=0 seed=0 estimator=MiND k=3 sigma=0.25
[EST DONE] 2026-04-20T08:48:30.882744 bottleneck=7 replicate=0 seed=0 estimator=MiND k=3 dur=3.535s
[EST START] 2026-04-20T08:48:30.882867 bottleneck=7 replicate=0 seed=0 estimator=MiND k=5 sigma=0.25
[EST DONE] 2026-04-20T08:48:34.859773 bottleneck=7 replicate=0 seed=0 estimator=MiND k=5 dur=3.977s
[EST START] 2026-04-20T08:48:34.859881 bottleneck=7 replicate=0 seed=0 estimator=MiND k=7 sigma=0.25
[EST DONE] 2026-04-20T08:48:39.273417 bottleneck=7 replicate=0 seed=0 estimator=MiND k=7 dur=4.414s
[EST START] 2026-04-20T08:48:39.273543 bottleneck=7 replicate=0 seed=0 estimator=MiND k=10 sigma=0.25
[EST DONE] 2026-04-20T08:48:44.195711 bottleneck=7 replicate=0 seed=0 estimator=MiND k=10 dur=4.922s
[EST START] 2026-04-20T08:48:44.195860 bottleneck=7 replicate=0 seed=0 estimator=MiND k=15 sigma=0.25
[EST DONE] 2026-04-20T08:48:49.894612 bottleneck=7 replicate=0 seed=0 estimator=MiND k=15 dur=5.699s
[EST START] 2026-04-20T08:48:49.894741 bottleneck=7 replicate=0 seed=0 estimator=FisherS k=ALL sigma=0.25
[EST DONE] 2026-04-20T08:53:19.099664 bottleneck=7 replicate=0 seed=0 estimator=FisherS k=ALL dur=269.205s
[EST START] 2026-04-20T08:53:19.099877 bottleneck=7 replicate=0 seed=0 estimator=SMAE k=ALL sigma=0.25
[EST DONE] 2026-04-20T08:54:01.520728 bottleneck=7 replicate=0 seed=0 estimator=SMAE k=ALL dur=42.421s
[EST START] 2026-04-20T08:54:01.536532 bottleneck=7 replicate=0 seed=0 estimator=Levina-Bickel k=3 sigma=0.5
[EST DONE] 2026-04-20T08:54:04.847949 bottleneck=7 replicate=0 seed=0 estimator=Levina-Bickel k=3 dur=3.311s
[EST START] 2026-04-20T08:54:04.848099 bottleneck=7 replicate=0 seed=0 estimator=Levina-Bickel k=5 sigma=0.5
[EST DONE] 2026-04-20T08:54:08.823891 bottleneck=7 replicate=0 seed=0 estimator=Levina-Bickel k=5 dur=3.976s
[EST START] 2026-04-20T08:54:08.824082 bottleneck=7 replicate=0 seed=0 estimator=Levina-Bickel k=7 sigma=0.5
[EST DONE] 2026-04-20T08:54:13.243576 bottleneck=7 replicate=0 seed=0 estimator=Levina-Bickel k=7 dur=4.419s
[EST START] 2026-04-20T08:54:13.243723 bottleneck=7 replicate=0 seed=0 estimator=Levina-Bickel k=10 sigma=0.5
[EST DONE] 2026-04-20T08:54:18.104396 bottleneck=7 replicate=0 seed=0 estimator=Levina-Bickel k=10 dur=4.861s
[EST START] 2026-04-20T08:54:18.104510 bottleneck=7 replicate=0 seed=0 estimator=Levina-Bickel k=15 sigma=0.5
[EST DONE] 2026-04-20T08:54:23.850618 bottleneck=7 replicate=0 seed=0 estimator=Levina-Bickel k=15 dur=5.746s
[EST START] 2026-04-20T08:54:23.850804 bottleneck=7 replicate=0 seed=0 estimator=TwoNN k=ALL sigma=0.5
[EST DONE] 2026-04-20T08:54:26.747624 bottleneck=7 replicate=0 seed=0 estimator=TwoNN k=ALL dur=2.897s
[EST START] 2026-04-20T08:54:26.747755 bottleneck=7 replicate=0 seed=0 estimator=lPCA k=3 sigma=0.5
[EST DONE] 2026-04-20T08:55:01.760463 bottleneck=7 replicate=0 seed=0 estimator=lPCA k=3 dur=35.013s
[EST START] 2026-04-20T08:55:01.760598 bottleneck=7 replicate=0 seed=0 estimator=lPCA k=5 sigma=0.5
[EST DONE] 2026-04-20T08:55:37.819558 bottleneck=7 replicate=0 seed=0 estimator=lPCA k=5 dur=36.059s
[EST START] 2026-04-20T08:55:37.819719 bottleneck=7 replicate=0 seed=0 estimator=lPCA k=7 sigma=0.5
[EST DONE] 2026-04-20T08:56:14.309236 bottleneck=7 replicate=0 seed=0 estimator=lPCA k=7 dur=36.489s
[EST START] 2026-04-20T08:56:14.309401 bottleneck=7 replicate=0 seed=0 estimator=lPCA k=10 sigma=0.5
[EST DONE] 2026-04-20T08:56:56.725830 bottleneck=7 replicate=0 seed=0 estimator=lPCA k=10 dur=42.416s
[EST START] 2026-04-20T08:56:56.725970 bottleneck=7 replicate=0 seed=0 estimator=lPCA k=15 sigma=0.5
[EST DONE] 2026-04-20T08:57:40.640016 bottleneck=7 replicate=0 seed=0 estimator=lPCA k=15 dur=43.914s
[EST START] 2026-04-20T08:57:40.640187 bottleneck=7 replicate=0 seed=0 estimator=DANCo k=3 sigma=0.5
[EST DONE] 2026-04-20T08:58:27.791543 bottleneck=7 replicate=0 seed=0 estimator=DANCo k=3 dur=47.151s
[EST START] 2026-04-20T08:58:27.791694 bottleneck=7 replicate=0 seed=0 estimator=DANCo k=5 sigma=0.5
[EST DONE] 2026-04-20T08:59:17.515277 bottleneck=7 replicate=0 seed=0 estimator=DANCo k=5 dur=49.724s
[EST START] 2026-04-20T08:59:17.515419 bottleneck=7 replicate=0 seed=0 estimator=DANCo k=7 sigma=0.5
[EST DONE] 2026-04-20T09:00:13.156317 bottleneck=7 replicate=0 seed=0 estimator=DANCo k=7 dur=55.641s
[EST START] 2026-04-20T09:00:13.156469 bottleneck=7 replicate=0 seed=0 estimator=DANCo k=10 sigma=0.5
[EST DONE] 2026-04-20T09:01:09.631797 bottleneck=7 replicate=0 seed=0 estimator=DANCo k=10 dur=56.475s
[EST START] 2026-04-20T09:01:09.631953 bottleneck=7 replicate=0 seed=0 estimator=DANCo k=15 sigma=0.5
[EST DONE] 2026-04-20T09:02:21.591200 bottleneck=7 replicate=0 seed=0 estimator=DANCo k=15 dur=71.959s
[EST START] 2026-04-20T09:02:21.591374 bottleneck=7 replicate=0 seed=0 estimator=MiND k=3 sigma=0.5
[EST DONE] 2026-04-20T09:02:25.310430 bottleneck=7 replicate=0 seed=0 estimator=MiND k=3 dur=3.719s
[EST START] 2026-04-20T09:02:25.310551 bottleneck=7 replicate=0 seed=0 estimator=MiND k=5 sigma=0.5
[EST DONE] 2026-04-20T09:02:29.496552 bottleneck=7 replicate=0 seed=0 estimator=MiND k=5 dur=4.186s
[EST START] 2026-04-20T09:02:29.496653 bottleneck=7 replicate=0 seed=0 estimator=MiND k=7 sigma=0.5
[EST DONE] 2026-04-20T09:02:34.008890 bottleneck=7 replicate=0 seed=0 estimator=MiND k=7 dur=4.512s
[EST START] 2026-04-20T09:02:34.009008 bottleneck=7 replicate=0 seed=0 estimator=MiND k=10 sigma=0.5
[EST DONE] 2026-04-20T09:02:39.057652 bottleneck=7 replicate=0 seed=0 estimator=MiND k=10 dur=5.049s
[EST START] 2026-04-20T09:02:39.057780 bottleneck=7 replicate=0 seed=0 estimator=MiND k=15 sigma=0.5
[EST DONE] 2026-04-20T09:02:45.021193 bottleneck=7 replicate=0 seed=0 estimator=MiND k=15 dur=5.963s
[EST START] 2026-04-20T09:02:45.021325 bottleneck=7 replicate=0 seed=0 estimator=FisherS k=ALL sigma=0.5
[EST DONE] 2026-04-20T09:07:07.730775 bottleneck=7 replicate=0 seed=0 estimator=FisherS k=ALL dur=262.709s
[EST START] 2026-04-20T09:07:07.730984 bottleneck=7 replicate=0 seed=0 estimator=SMAE k=ALL sigma=0.5
[EST DONE] 2026-04-20T09:07:49.208746 bottleneck=7 replicate=0 seed=0 estimator=SMAE k=ALL dur=41.478s
[EST START] 2026-04-20T09:07:49.224451 bottleneck=7 replicate=0 seed=0 estimator=Levina-Bickel k=3 sigma=0.75
[EST DONE] 2026-04-20T09:07:52.337373 bottleneck=7 replicate=0 seed=0 estimator=Levina-Bickel k=3 dur=3.113s
[EST START] 2026-04-20T09:07:52.337522 bottleneck=7 replicate=0 seed=0 estimator=Levina-Bickel k=5 sigma=0.75
[EST DONE] 2026-04-20T09:07:56.365821 bottleneck=7 replicate=0 seed=0 estimator=Levina-Bickel k=5 dur=4.028s
[EST START] 2026-04-20T09:07:56.365952 bottleneck=7 replicate=0 seed=0 estimator=Levina-Bickel k=7 sigma=0.75
[EST DONE] 2026-04-20T09:08:00.564448 bottleneck=7 replicate=0 seed=0 estimator=Levina-Bickel k=7 dur=4.198s
[EST START] 2026-04-20T09:08:00.564639 bottleneck=7 replicate=0 seed=0 estimator=Levina-Bickel k=10 sigma=0.75
[EST DONE] 2026-04-20T09:08:05.762324 bottleneck=7 replicate=0 seed=0 estimator=Levina-Bickel k=10 dur=5.198s
[EST START] 2026-04-20T09:08:05.762475 bottleneck=7 replicate=0 seed=0 estimator=Levina-Bickel k=15 sigma=0.75
[EST DONE] 2026-04-20T09:08:11.626291 bottleneck=7 replicate=0 seed=0 estimator=Levina-Bickel k=15 dur=5.864s
[EST START] 2026-04-20T09:08:11.626469 bottleneck=7 replicate=0 seed=0 estimator=TwoNN k=ALL sigma=0.75
[EST DONE] 2026-04-20T09:08:14.380707 bottleneck=7 replicate=0 seed=0 estimator=TwoNN k=ALL dur=2.754s
[EST START] 2026-04-20T09:08:14.380903 bottleneck=7 replicate=0 seed=0 estimator=lPCA k=3 sigma=0.75
[EST DONE] 2026-04-20T09:08:51.513972 bottleneck=7 replicate=0 seed=0 estimator=lPCA k=3 dur=37.133s
[EST START] 2026-04-20T09:08:51.514117 bottleneck=7 replicate=0 seed=0 estimator=lPCA k=5 sigma=0.75
[EST DONE] 2026-04-20T09:09:29.542653 bottleneck=7 replicate=0 seed=0 estimator=lPCA k=5 dur=38.029s
[EST START] 2026-04-20T09:09:29.542807 bottleneck=7 replicate=0 seed=0 estimator=lPCA k=7 sigma=0.75
[EST DONE] 2026-04-20T09:10:07.532321 bottleneck=7 replicate=0 seed=0 estimator=lPCA k=7 dur=37.989s
[EST START] 2026-04-20T09:10:07.532526 bottleneck=7 replicate=0 seed=0 estimator=lPCA k=10 sigma=0.75
[EST DONE] 2026-04-20T09:10:51.886725 bottleneck=7 replicate=0 seed=0 estimator=lPCA k=10 dur=44.354s
[EST START] 2026-04-20T09:10:51.886887 bottleneck=7 replicate=0 seed=0 estimator=lPCA k=15 sigma=0.75
[EST DONE] 2026-04-20T09:11:37.093352 bottleneck=7 replicate=0 seed=0 estimator=lPCA k=15 dur=45.206s
[EST START] 2026-04-20T09:11:37.093531 bottleneck=7 replicate=0 seed=0 estimator=DANCo k=3 sigma=0.75
[EST DONE] 2026-04-20T09:12:19.149971 bottleneck=7 replicate=0 seed=0 estimator=DANCo k=3 dur=42.056s
[EST START] 2026-04-20T09:12:19.150113 bottleneck=7 replicate=0 seed=0 estimator=DANCo k=5 sigma=0.75
[EST DONE] 2026-04-20T09:13:05.847213 bottleneck=7 replicate=0 seed=0 estimator=DANCo k=5 dur=46.697s
[EST START] 2026-04-20T09:13:05.847403 bottleneck=7 replicate=0 seed=0 estimator=DANCo k=7 sigma=0.75
[EST DONE] 2026-04-20T09:14:00.458509 bottleneck=7 replicate=0 seed=0 estimator=DANCo k=7 dur=54.611s
[EST START] 2026-04-20T09:14:00.458672 bottleneck=7 replicate=0 seed=0 estimator=DANCo k=10 sigma=0.75
[EST DONE] 2026-04-20T09:15:00.447033 bottleneck=7 replicate=0 seed=0 estimator=DANCo k=10 dur=59.988s
[EST START] 2026-04-20T09:15:00.447215 bottleneck=7 replicate=0 seed=0 estimator=DANCo k=15 sigma=0.75
[EST DONE] 2026-04-20T09:16:11.472764 bottleneck=7 replicate=0 seed=0 estimator=DANCo k=15 dur=71.026s
[EST START] 2026-04-20T09:16:11.472948 bottleneck=7 replicate=0 seed=0 estimator=MiND k=3 sigma=0.75
[EST DONE] 2026-04-20T09:16:14.981846 bottleneck=7 replicate=0 seed=0 estimator=MiND k=3 dur=3.509s
[EST START] 2026-04-20T09:16:14.981978 bottleneck=7 replicate=0 seed=0 estimator=MiND k=5 sigma=0.75
[EST DONE] 2026-04-20T09:16:19.133406 bottleneck=7 replicate=0 seed=0 estimator=MiND k=5 dur=4.151s
[EST START] 2026-04-20T09:16:19.133537 bottleneck=7 replicate=0 seed=0 estimator=MiND k=7 sigma=0.75
[EST DONE] 2026-04-20T09:16:23.720947 bottleneck=7 replicate=0 seed=0 estimator=MiND k=7 dur=4.587s
[EST START] 2026-04-20T09:16:23.721036 bottleneck=7 replicate=0 seed=0 estimator=MiND k=10 sigma=0.75
[EST DONE] 2026-04-20T09:16:28.822564 bottleneck=7 replicate=0 seed=0 estimator=MiND k=10 dur=5.102s
[EST START] 2026-04-20T09:16:28.822692 bottleneck=7 replicate=0 seed=0 estimator=MiND k=15 sigma=0.75
[EST DONE] 2026-04-20T09:16:34.475350 bottleneck=7 replicate=0 seed=0 estimator=MiND k=15 dur=5.653s
[EST START] 2026-04-20T09:16:34.475471 bottleneck=7 replicate=0 seed=0 estimator=FisherS k=ALL sigma=0.75
[EST DONE] 2026-04-20T09:21:03.076111 bottleneck=7 replicate=0 seed=0 estimator=FisherS k=ALL dur=268.601s
[EST START] 2026-04-20T09:21:03.076311 bottleneck=7 replicate=0 seed=0 estimator=SMAE k=ALL sigma=0.75
[EST DONE] 2026-04-20T09:21:44.488524 bottleneck=7 replicate=0 seed=0 estimator=SMAE k=ALL dur=41.412s
[EST START] 2026-04-20T09:21:44.503825 bottleneck=7 replicate=0 seed=0 estimator=Levina-Bickel k=3 sigma=1.0
[EST DONE] 2026-04-20T09:21:47.876785 bottleneck=7 replicate=0 seed=0 estimator=Levina-Bickel k=3 dur=3.373s
[EST START] 2026-04-20T09:21:47.876921 bottleneck=7 replicate=0 seed=0 estimator=Levina-Bickel k=5 sigma=1.0
[EST DONE] 2026-04-20T09:21:51.919353 bottleneck=7 replicate=0 seed=0 estimator=Levina-Bickel k=5 dur=4.042s
[EST START] 2026-04-20T09:21:51.919457 bottleneck=7 replicate=0 seed=0 estimator=Levina-Bickel k=7 sigma=1.0
[EST DONE] 2026-04-20T09:21:56.455206 bottleneck=7 replicate=0 seed=0 estimator=Levina-Bickel k=7 dur=4.536s
[EST START] 2026-04-20T09:21:56.455323 bottleneck=7 replicate=0 seed=0 estimator=Levina-Bickel k=10 sigma=1.0
[EST DONE] 2026-04-20T09:22:01.625072 bottleneck=7 replicate=0 seed=0 estimator=Levina-Bickel k=10 dur=5.170s
[EST START] 2026-04-20T09:22:01.625217 bottleneck=7 replicate=0 seed=0 estimator=Levina-Bickel k=15 sigma=1.0
[EST DONE] 2026-04-20T09:22:07.514025 bottleneck=7 replicate=0 seed=0 estimator=Levina-Bickel k=15 dur=5.889s
[EST START] 2026-04-20T09:22:07.514201 bottleneck=7 replicate=0 seed=0 estimator=TwoNN k=ALL sigma=1.0
[EST DONE] 2026-04-20T09:22:10.430223 bottleneck=7 replicate=0 seed=0 estimator=TwoNN k=ALL dur=2.916s
[EST START] 2026-04-20T09:22:10.430360 bottleneck=7 replicate=0 seed=0 estimator=lPCA k=3 sigma=1.0
[EST DONE] 2026-04-20T09:22:48.716708 bottleneck=7 replicate=0 seed=0 estimator=lPCA k=3 dur=38.286s
[EST START] 2026-04-20T09:22:48.716884 bottleneck=7 replicate=0 seed=0 estimator=lPCA k=5 sigma=1.0
[EST DONE] 2026-04-20T09:23:26.402295 bottleneck=7 replicate=0 seed=0 estimator=lPCA k=5 dur=37.685s
[EST START] 2026-04-20T09:23:26.402444 bottleneck=7 replicate=0 seed=0 estimator=lPCA k=7 sigma=1.0
[EST DONE] 2026-04-20T09:24:06.679709 bottleneck=7 replicate=0 seed=0 estimator=lPCA k=7 dur=40.277s
[EST START] 2026-04-20T09:24:06.679883 bottleneck=7 replicate=0 seed=0 estimator=lPCA k=10 sigma=1.0
[EST DONE] 2026-04-20T09:24:52.322331 bottleneck=7 replicate=0 seed=0 estimator=lPCA k=10 dur=45.642s
[EST START] 2026-04-20T09:24:52.322479 bottleneck=7 replicate=0 seed=0 estimator=lPCA k=15 sigma=1.0
[EST DONE] 2026-04-20T09:25:39.362445 bottleneck=7 replicate=0 seed=0 estimator=lPCA k=15 dur=47.040s
[EST START] 2026-04-20T09:25:39.362642 bottleneck=7 replicate=0 seed=0 estimator=DANCo k=3 sigma=1.0
[EST DONE] 2026-04-20T09:26:26.728041 bottleneck=7 replicate=0 seed=0 estimator=DANCo k=3 dur=47.365s
[EST START] 2026-04-20T09:26:26.728211 bottleneck=7 replicate=0 seed=0 estimator=DANCo k=5 sigma=1.0
[EST DONE] 2026-04-20T09:27:17.735301 bottleneck=7 replicate=0 seed=0 estimator=DANCo k=5 dur=51.007s
[EST START] 2026-04-20T09:27:17.735465 bottleneck=7 replicate=0 seed=0 estimator=DANCo k=7 sigma=1.0
[EST DONE] 2026-04-20T09:28:11.245259 bottleneck=7 replicate=0 seed=0 estimator=DANCo k=7 dur=53.510s
[EST START] 2026-04-20T09:28:11.245413 bottleneck=7 replicate=0 seed=0 estimator=DANCo k=10 sigma=1.0
[EST DONE] 2026-04-20T09:29:06.579657 bottleneck=7 replicate=0 seed=0 estimator=DANCo k=10 dur=55.334s
[EST START] 2026-04-20T09:29:06.579838 bottleneck=7 replicate=0 seed=0 estimator=DANCo k=15 sigma=1.0
[EST DONE] 2026-04-20T09:30:12.033404 bottleneck=7 replicate=0 seed=0 estimator=DANCo k=15 dur=65.454s
[EST START] 2026-04-20T09:30:12.033566 bottleneck=7 replicate=0 seed=0 estimator=MiND k=3 sigma=1.0
[EST DONE] 2026-04-20T09:30:15.689573 bottleneck=7 replicate=0 seed=0 estimator=MiND k=3 dur=3.656s
[EST START] 2026-04-20T09:30:15.689700 bottleneck=7 replicate=0 seed=0 estimator=MiND k=5 sigma=1.0
[EST DONE] 2026-04-20T09:30:19.983585 bottleneck=7 replicate=0 seed=0 estimator=MiND k=5 dur=4.294s
[EST START] 2026-04-20T09:30:19.983701 bottleneck=7 replicate=0 seed=0 estimator=MiND k=7 sigma=1.0
[EST DONE] 2026-04-20T09:30:24.780209 bottleneck=7 replicate=0 seed=0 estimator=MiND k=7 dur=4.796s
[EST START] 2026-04-20T09:30:24.780335 bottleneck=7 replicate=0 seed=0 estimator=MiND k=10 sigma=1.0
[EST DONE] 2026-04-20T09:30:30.140925 bottleneck=7 replicate=0 seed=0 estimator=MiND k=10 dur=5.361s
[EST START] 2026-04-20T09:30:30.141045 bottleneck=7 replicate=0 seed=0 estimator=MiND k=15 sigma=1.0
[EST DONE] 2026-04-20T09:30:36.253127 bottleneck=7 replicate=0 seed=0 estimator=MiND k=15 dur=6.112s
[EST START] 2026-04-20T09:30:36.253267 bottleneck=7 replicate=0 seed=0 estimator=FisherS k=ALL sigma=1.0
[EST DONE] 2026-04-20T09:35:32.456724 bottleneck=7 replicate=0 seed=0 estimator=FisherS k=ALL dur=296.203s
[EST START] 2026-04-20T09:35:32.456947 bottleneck=7 replicate=0 seed=0 estimator=SMAE k=ALL sigma=1.0
[EST DONE] 2026-04-20T09:36:13.797291 bottleneck=7 replicate=0 seed=0 estimator=SMAE k=ALL dur=41.340s
[MNIST TASK START] 2026-04-20T09:36:13.797540 bottleneck=9 replicate=0 seed=0
[AE START] seed=0 bottleneck=9 epochs=50 subset=0
[AE EPOCH] epoch=1/50 loss=0.096694 epoch_time=1.49s device=cuda
[AE EPOCH] epoch=2/50 loss=0.052642 epoch_time=1.22s device=cuda
[AE EPOCH] epoch=3/50 loss=0.039373 epoch_time=1.10s device=cuda
[AE EPOCH] epoch=4/50 loss=0.034135 epoch_time=1.10s device=cuda
[AE EPOCH] epoch=5/50 loss=0.031030 epoch_time=1.06s device=cuda
[AE EPOCH] epoch=6/50 loss=0.029188 epoch_time=1.23s device=cuda
[AE EPOCH] epoch=7/50 loss=0.027975 epoch_time=1.19s device=cuda
[AE EPOCH] epoch=8/50 loss=0.027050 epoch_time=1.68s device=cuda
[AE EPOCH] epoch=9/50 loss=0.026288 epoch_time=1.35s device=cuda
[AE EPOCH] epoch=10/50 loss=0.025650 epoch_time=1.08s device=cuda
[AE EPOCH] epoch=11/50 loss=0.025109 epoch_time=1.11s device=cuda
[AE EPOCH] epoch=12/50 loss=0.024633 epoch_time=1.09s device=cuda
[AE EPOCH] epoch=13/50 loss=0.024212 epoch_time=1.02s device=cuda
[AE EPOCH] epoch=14/50 loss=0.023836 epoch_time=1.06s device=cuda
[AE EPOCH] epoch=15/50 loss=0.023493 epoch_time=1.00s device=cuda
[AE EPOCH] epoch=16/50 loss=0.023182 epoch_time=1.12s device=cuda
[AE EPOCH] epoch=17/50 loss=0.022895 epoch_time=1.15s device=cuda
[AE EPOCH] epoch=18/50 loss=0.022626 epoch_time=1.12s device=cuda
[AE EPOCH] epoch=19/50 loss=0.022376 epoch_time=1.38s device=cuda
[AE EPOCH] epoch=20/50 loss=0.022137 epoch_time=1.35s device=cuda
[AE EPOCH] epoch=21/50 loss=0.021913 epoch_time=1.25s device=cuda
[AE EPOCH] epoch=22/50 loss=0.021702 epoch_time=1.27s device=cuda
[AE EPOCH] epoch=23/50 loss=0.021502 epoch_time=1.36s device=cuda
[AE EPOCH] epoch=24/50 loss=0.021309 epoch_time=1.20s device=cuda
[AE EPOCH] epoch=25/50 loss=0.021131 epoch_time=1.22s device=cuda
[AE EPOCH] epoch=26/50 loss=0.020961 epoch_time=1.41s device=cuda
[AE EPOCH] epoch=27/50 loss=0.020799 epoch_time=1.29s device=cuda
[AE EPOCH] epoch=28/50 loss=0.020644 epoch_time=1.10s device=cuda
[AE EPOCH] epoch=29/50 loss=0.020498 epoch_time=1.15s device=cuda
[AE EPOCH] epoch=30/50 loss=0.020359 epoch_time=1.02s device=cuda
[AE EPOCH] epoch=31/50 loss=0.020223 epoch_time=1.36s device=cuda
[AE EPOCH] epoch=32/50 loss=0.020099 epoch_time=1.17s device=cuda
[AE EPOCH] epoch=33/50 loss=0.019978 epoch_time=1.07s device=cuda
[AE EPOCH] epoch=34/50 loss=0.019865 epoch_time=1.03s device=cuda
[AE EPOCH] epoch=35/50 loss=0.019752 epoch_time=1.41s device=cuda
[AE EPOCH] epoch=36/50 loss=0.019648 epoch_time=1.29s device=cuda
[AE EPOCH] epoch=37/50 loss=0.019546 epoch_time=1.10s device=cuda
[AE EPOCH] epoch=38/50 loss=0.019450 epoch_time=1.17s device=cuda
[AE EPOCH] epoch=39/50 loss=0.019358 epoch_time=1.01s device=cuda
[AE EPOCH] epoch=40/50 loss=0.019269 epoch_time=1.11s device=cuda
[AE EPOCH] epoch=41/50 loss=0.019181 epoch_time=1.06s device=cuda
[AE EPOCH] epoch=42/50 loss=0.019101 epoch_time=1.17s device=cuda
[AE EPOCH] epoch=43/50 loss=0.019020 epoch_time=0.97s device=cuda
[AE EPOCH] epoch=44/50 loss=0.018943 epoch_time=1.06s device=cuda
[AE EPOCH] epoch=45/50 loss=0.018872 epoch_time=1.03s device=cuda
[AE EPOCH] epoch=46/50 loss=0.018799 epoch_time=1.12s device=cuda
[AE EPOCH] epoch=47/50 loss=0.018731 epoch_time=1.02s device=cuda
[AE EPOCH] epoch=48/50 loss=0.018664 epoch_time=1.02s device=cuda
[AE EPOCH] epoch=49/50 loss=0.018600 epoch_time=0.98s device=cuda
[AE EPOCH] epoch=50/50 loss=0.018537 epoch_time=0.98s device=cuda
[AE TRAIN COMPLETE] total_time=58.31s
[AE TRAIN COMPLETE] 2026-04-20T09:37:27.038371 bottleneck=9 replicate=0 dur=73.2s seed=0
[EST START] 2026-04-20T09:37:27.060577 bottleneck=9 replicate=0 seed=0 estimator=Levina-Bickel k=3 sigma=0.0
[EST DONE] 2026-04-20T09:37:32.650069 bottleneck=9 replicate=0 seed=0 estimator=Levina-Bickel k=3 dur=5.589s
[EST START] 2026-04-20T09:37:32.650201 bottleneck=9 replicate=0 seed=0 estimator=Levina-Bickel k=5 sigma=0.0
[EST DONE] 2026-04-20T09:37:39.326110 bottleneck=9 replicate=0 seed=0 estimator=Levina-Bickel k=5 dur=6.676s
[EST START] 2026-04-20T09:37:39.326255 bottleneck=9 replicate=0 seed=0 estimator=Levina-Bickel k=7 sigma=0.0
[EST DONE] 2026-04-20T09:37:46.837455 bottleneck=9 replicate=0 seed=0 estimator=Levina-Bickel k=7 dur=7.511s
[EST START] 2026-04-20T09:37:46.837594 bottleneck=9 replicate=0 seed=0 estimator=Levina-Bickel k=10 sigma=0.0
[EST DONE] 2026-04-20T09:37:55.162519 bottleneck=9 replicate=0 seed=0 estimator=Levina-Bickel k=10 dur=8.325s
[EST START] 2026-04-20T09:37:55.162675 bottleneck=9 replicate=0 seed=0 estimator=Levina-Bickel k=15 sigma=0.0
[EST DONE] 2026-04-20T09:38:04.944735 bottleneck=9 replicate=0 seed=0 estimator=Levina-Bickel k=15 dur=9.782s
[EST START] 2026-04-20T09:38:04.944881 bottleneck=9 replicate=0 seed=0 estimator=TwoNN k=ALL sigma=0.0
[EST DONE] 2026-04-20T09:38:09.872320 bottleneck=9 replicate=0 seed=0 estimator=TwoNN k=ALL dur=4.927s
[EST START] 2026-04-20T09:38:09.872455 bottleneck=9 replicate=0 seed=0 estimator=lPCA k=3 sigma=0.0
[EST DONE] 2026-04-20T09:38:46.929407 bottleneck=9 replicate=0 seed=0 estimator=lPCA k=3 dur=37.057s
[EST START] 2026-04-20T09:38:46.929556 bottleneck=9 replicate=0 seed=0 estimator=lPCA k=5 sigma=0.0
[EST DONE] 2026-04-20T09:39:26.644147 bottleneck=9 replicate=0 seed=0 estimator=lPCA k=5 dur=39.715s
[EST START] 2026-04-20T09:39:26.644292 bottleneck=9 replicate=0 seed=0 estimator=lPCA k=7 sigma=0.0
[EST DONE] 2026-04-20T09:40:10.884807 bottleneck=9 replicate=0 seed=0 estimator=lPCA k=7 dur=44.240s
[EST START] 2026-04-20T09:40:10.884986 bottleneck=9 replicate=0 seed=0 estimator=lPCA k=10 sigma=0.0
[EST DONE] 2026-04-20T09:40:56.135546 bottleneck=9 replicate=0 seed=0 estimator=lPCA k=10 dur=45.251s
[EST START] 2026-04-20T09:40:56.135687 bottleneck=9 replicate=0 seed=0 estimator=lPCA k=15 sigma=0.0
[EST DONE] 2026-04-20T09:41:42.272751 bottleneck=9 replicate=0 seed=0 estimator=lPCA k=15 dur=46.137s
[EST START] 2026-04-20T09:41:42.272950 bottleneck=9 replicate=0 seed=0 estimator=DANCo k=3 sigma=0.0
[EST DONE] 2026-04-20T09:42:51.214310 bottleneck=9 replicate=0 seed=0 estimator=DANCo k=3 dur=68.941s
[EST START] 2026-04-20T09:42:51.214469 bottleneck=9 replicate=0 seed=0 estimator=DANCo k=5 sigma=0.0
[EST DONE] 2026-04-20T09:44:07.316705 bottleneck=9 replicate=0 seed=0 estimator=DANCo k=5 dur=76.102s
[EST START] 2026-04-20T09:44:07.316868 bottleneck=9 replicate=0 seed=0 estimator=DANCo k=7 sigma=0.0
[EST DONE] 2026-04-20T09:45:26.134495 bottleneck=9 replicate=0 seed=0 estimator=DANCo k=7 dur=78.818s
[EST START] 2026-04-20T09:45:26.134649 bottleneck=9 replicate=0 seed=0 estimator=DANCo k=10 sigma=0.0
[EST DONE] 2026-04-20T09:46:59.557417 bottleneck=9 replicate=0 seed=0 estimator=DANCo k=10 dur=93.423s
[EST START] 2026-04-20T09:46:59.557597 bottleneck=9 replicate=0 seed=0 estimator=DANCo k=15 sigma=0.0
[EST DONE] 2026-04-20T09:48:32.080955 bottleneck=9 replicate=0 seed=0 estimator=DANCo k=15 dur=92.523s
[EST START] 2026-04-20T09:48:32.081122 bottleneck=9 replicate=0 seed=0 estimator=MiND k=3 sigma=0.0
[EST DONE] 2026-04-20T09:48:38.488116 bottleneck=9 replicate=0 seed=0 estimator=MiND k=3 dur=6.407s
[EST START] 2026-04-20T09:48:38.488242 bottleneck=9 replicate=0 seed=0 estimator=MiND k=5 sigma=0.0
[EST DONE] 2026-04-20T09:48:45.630829 bottleneck=9 replicate=0 seed=0 estimator=MiND k=5 dur=7.143s
[EST START] 2026-04-20T09:48:45.630972 bottleneck=9 replicate=0 seed=0 estimator=MiND k=7 sigma=0.0
[EST DONE] 2026-04-20T09:48:53.637450 bottleneck=9 replicate=0 seed=0 estimator=MiND k=7 dur=8.006s
[EST START] 2026-04-20T09:48:53.637581 bottleneck=9 replicate=0 seed=0 estimator=MiND k=10 sigma=0.0
[EST DONE] 2026-04-20T09:49:02.687150 bottleneck=9 replicate=0 seed=0 estimator=MiND k=10 dur=9.050s
[EST START] 2026-04-20T09:49:02.687270 bottleneck=9 replicate=0 seed=0 estimator=MiND k=15 sigma=0.0
[EST DONE] 2026-04-20T09:49:12.747386 bottleneck=9 replicate=0 seed=0 estimator=MiND k=15 dur=10.060s
[EST START] 2026-04-20T09:49:12.747543 bottleneck=9 replicate=0 seed=0 estimator=FisherS k=ALL sigma=0.0
[EST DONE] 2026-04-20T09:53:45.137264 bottleneck=9 replicate=0 seed=0 estimator=FisherS k=ALL dur=272.390s
[EST START] 2026-04-20T09:53:45.137526 bottleneck=9 replicate=0 seed=0 estimator=SMAE k=ALL sigma=0.0
[EST DONE] 2026-04-20T09:54:25.620786 bottleneck=9 replicate=0 seed=0 estimator=SMAE k=ALL dur=40.483s
[EST START] 2026-04-20T09:54:25.642417 bottleneck=9 replicate=0 seed=0 estimator=Levina-Bickel k=3 sigma=0.25
[EST DONE] 2026-04-20T09:54:31.563750 bottleneck=9 replicate=0 seed=0 estimator=Levina-Bickel k=3 dur=5.921s
[EST START] 2026-04-20T09:54:31.563887 bottleneck=9 replicate=0 seed=0 estimator=Levina-Bickel k=5 sigma=0.25
[EST DONE] 2026-04-20T09:54:38.597689 bottleneck=9 replicate=0 seed=0 estimator=Levina-Bickel k=5 dur=7.034s
[EST START] 2026-04-20T09:54:38.597870 bottleneck=9 replicate=0 seed=0 estimator=Levina-Bickel k=7 sigma=0.25
[EST DONE] 2026-04-20T09:54:46.421581 bottleneck=9 replicate=0 seed=0 estimator=Levina-Bickel k=7 dur=7.824s
[EST START] 2026-04-20T09:54:46.421738 bottleneck=9 replicate=0 seed=0 estimator=Levina-Bickel k=10 sigma=0.25
[EST DONE] 2026-04-20T09:54:55.181768 bottleneck=9 replicate=0 seed=0 estimator=Levina-Bickel k=10 dur=8.760s
[EST START] 2026-04-20T09:54:55.181914 bottleneck=9 replicate=0 seed=0 estimator=Levina-Bickel k=15 sigma=0.25
[EST DONE] 2026-04-20T09:55:05.152575 bottleneck=9 replicate=0 seed=0 estimator=Levina-Bickel k=15 dur=9.971s
[EST START] 2026-04-20T09:55:05.152732 bottleneck=9 replicate=0 seed=0 estimator=TwoNN k=ALL sigma=0.25
[EST DONE] 2026-04-20T09:55:10.348828 bottleneck=9 replicate=0 seed=0 estimator=TwoNN k=ALL dur=5.196s
[EST START] 2026-04-20T09:55:10.349028 bottleneck=9 replicate=0 seed=0 estimator=lPCA k=3 sigma=0.25
[EST DONE] 2026-04-20T09:55:48.290825 bottleneck=9 replicate=0 seed=0 estimator=lPCA k=3 dur=37.942s
[EST START] 2026-04-20T09:55:48.291005 bottleneck=9 replicate=0 seed=0 estimator=lPCA k=5 sigma=0.25
[EST DONE] 2026-04-20T09:56:27.800862 bottleneck=9 replicate=0 seed=0 estimator=lPCA k=5 dur=39.510s
[EST START] 2026-04-20T09:56:27.801009 bottleneck=9 replicate=0 seed=0 estimator=lPCA k=7 sigma=0.25
[EST DONE] 2026-04-20T09:57:11.434187 bottleneck=9 replicate=0 seed=0 estimator=lPCA k=7 dur=43.633s
[EST START] 2026-04-20T09:57:11.434354 bottleneck=9 replicate=0 seed=0 estimator=lPCA k=10 sigma=0.25
[EST DONE] 2026-04-20T09:57:56.193454 bottleneck=9 replicate=0 seed=0 estimator=lPCA k=10 dur=44.759s
[EST START] 2026-04-20T09:57:56.193631 bottleneck=9 replicate=0 seed=0 estimator=lPCA k=15 sigma=0.25
[EST DONE] 2026-04-20T09:58:44.324125 bottleneck=9 replicate=0 seed=0 estimator=lPCA k=15 dur=48.130s
[EST START] 2026-04-20T09:58:44.324308 bottleneck=9 replicate=0 seed=0 estimator=DANCo k=3 sigma=0.25
[EST DONE] 2026-04-20T09:59:46.681074 bottleneck=9 replicate=0 seed=0 estimator=DANCo k=3 dur=62.357s
[EST START] 2026-04-20T09:59:46.681214 bottleneck=9 replicate=0 seed=0 estimator=DANCo k=5 sigma=0.25
[EST DONE] 2026-04-20T10:00:55.852486 bottleneck=9 replicate=0 seed=0 estimator=DANCo k=5 dur=69.171s
[EST START] 2026-04-20T10:00:55.852641 bottleneck=9 replicate=0 seed=0 estimator=DANCo k=7 sigma=0.25
[EST DONE] 2026-04-20T10:02:13.701936 bottleneck=9 replicate=0 seed=0 estimator=DANCo k=7 dur=77.849s
[EST START] 2026-04-20T10:02:13.702074 bottleneck=9 replicate=0 seed=0 estimator=DANCo k=10 sigma=0.25
[EST DONE] 2026-04-20T10:03:37.812410 bottleneck=9 replicate=0 seed=0 estimator=DANCo k=10 dur=84.110s
[EST START] 2026-04-20T10:03:37.812542 bottleneck=9 replicate=0 seed=0 estimator=DANCo k=15 sigma=0.25
[EST DONE] 2026-04-20T10:05:26.890152 bottleneck=9 replicate=0 seed=0 estimator=DANCo k=15 dur=109.078s
[EST START] 2026-04-20T10:05:26.890327 bottleneck=9 replicate=0 seed=0 estimator=MiND k=3 sigma=0.25
[EST DONE] 2026-04-20T10:05:33.216580 bottleneck=9 replicate=0 seed=0 estimator=MiND k=3 dur=6.326s
[EST START] 2026-04-20T10:05:33.216688 bottleneck=9 replicate=0 seed=0 estimator=MiND k=5 sigma=0.25
[EST DONE] 2026-04-20T10:05:40.567606 bottleneck=9 replicate=0 seed=0 estimator=MiND k=5 dur=7.351s
[EST START] 2026-04-20T10:05:40.567717 bottleneck=9 replicate=0 seed=0 estimator=MiND k=7 sigma=0.25
[EST DONE] 2026-04-20T10:05:48.423152 bottleneck=9 replicate=0 seed=0 estimator=MiND k=7 dur=7.855s
[EST START] 2026-04-20T10:05:48.423293 bottleneck=9 replicate=0 seed=0 estimator=MiND k=10 sigma=0.25
[EST DONE] 2026-04-20T10:05:57.373155 bottleneck=9 replicate=0 seed=0 estimator=MiND k=10 dur=8.950s
[EST START] 2026-04-20T10:05:57.373302 bottleneck=9 replicate=0 seed=0 estimator=MiND k=15 sigma=0.25
[EST DONE] 2026-04-20T10:06:07.514400 bottleneck=9 replicate=0 seed=0 estimator=MiND k=15 dur=10.141s
[EST START] 2026-04-20T10:06:07.514567 bottleneck=9 replicate=0 seed=0 estimator=FisherS k=ALL sigma=0.25
[EST DONE] 2026-04-20T10:10:35.182952 bottleneck=9 replicate=0 seed=0 estimator=FisherS k=ALL dur=267.668s
[EST START] 2026-04-20T10:10:35.183181 bottleneck=9 replicate=0 seed=0 estimator=SMAE k=ALL sigma=0.25
[EST DONE] 2026-04-20T10:11:17.479888 bottleneck=9 replicate=0 seed=0 estimator=SMAE k=ALL dur=42.297s
[EST START] 2026-04-20T10:11:17.499126 bottleneck=9 replicate=0 seed=0 estimator=Levina-Bickel k=3 sigma=0.5
[EST DONE] 2026-04-20T10:11:23.230479 bottleneck=9 replicate=0 seed=0 estimator=Levina-Bickel k=3 dur=5.731s
[EST START] 2026-04-20T10:11:23.230619 bottleneck=9 replicate=0 seed=0 estimator=Levina-Bickel k=5 sigma=0.5
[EST DONE] 2026-04-20T10:11:29.991521 bottleneck=9 replicate=0 seed=0 estimator=Levina-Bickel k=5 dur=6.761s
[EST START] 2026-04-20T10:11:29.991667 bottleneck=9 replicate=0 seed=0 estimator=Levina-Bickel k=7 sigma=0.5
[EST DONE] 2026-04-20T10:11:37.485851 bottleneck=9 replicate=0 seed=0 estimator=Levina-Bickel k=7 dur=7.494s
[EST START] 2026-04-20T10:11:37.485987 bottleneck=9 replicate=0 seed=0 estimator=Levina-Bickel k=10 sigma=0.5
[EST DONE] 2026-04-20T10:11:45.919026 bottleneck=9 replicate=0 seed=0 estimator=Levina-Bickel k=10 dur=8.433s
[EST START] 2026-04-20T10:11:45.919180 bottleneck=9 replicate=0 seed=0 estimator=Levina-Bickel k=15 sigma=0.5
[EST DONE] 2026-04-20T10:11:55.636151 bottleneck=9 replicate=0 seed=0 estimator=Levina-Bickel k=15 dur=9.717s
[EST START] 2026-04-20T10:11:55.636326 bottleneck=9 replicate=0 seed=0 estimator=TwoNN k=ALL sigma=0.5
[EST DONE] 2026-04-20T10:12:00.724364 bottleneck=9 replicate=0 seed=0 estimator=TwoNN k=ALL dur=5.088s
[EST START] 2026-04-20T10:12:00.724527 bottleneck=9 replicate=0 seed=0 estimator=lPCA k=3 sigma=0.5
[EST DONE] 2026-04-20T10:12:40.672374 bottleneck=9 replicate=0 seed=0 estimator=lPCA k=3 dur=39.948s
[EST START] 2026-04-20T10:12:40.672549 bottleneck=9 replicate=0 seed=0 estimator=lPCA k=5 sigma=0.5
[EST DONE] 2026-04-20T10:13:23.015681 bottleneck=9 replicate=0 seed=0 estimator=lPCA k=5 dur=42.343s
[EST START] 2026-04-20T10:13:23.015854 bottleneck=9 replicate=0 seed=0 estimator=lPCA k=7 sigma=0.5
[EST DONE] 2026-04-20T10:14:04.554539 bottleneck=9 replicate=0 seed=0 estimator=lPCA k=7 dur=41.539s
[EST START] 2026-04-20T10:14:04.554712 bottleneck=9 replicate=0 seed=0 estimator=lPCA k=10 sigma=0.5
[EST DONE] 2026-04-20T10:14:47.044889 bottleneck=9 replicate=0 seed=0 estimator=lPCA k=10 dur=42.490s
[EST START] 2026-04-20T10:14:47.045040 bottleneck=9 replicate=0 seed=0 estimator=lPCA k=15 sigma=0.5
[EST DONE] 2026-04-20T10:15:32.816895 bottleneck=9 replicate=0 seed=0 estimator=lPCA k=15 dur=45.772s
[EST START] 2026-04-20T10:15:32.817074 bottleneck=9 replicate=0 seed=0 estimator=DANCo k=3 sigma=0.5
[EST DONE] 2026-04-20T10:16:42.943691 bottleneck=9 replicate=0 seed=0 estimator=DANCo k=3 dur=70.127s
[EST START] 2026-04-20T10:16:42.943845 bottleneck=9 replicate=0 seed=0 estimator=DANCo k=5 sigma=0.5
[EST DONE] 2026-04-20T10:18:00.390317 bottleneck=9 replicate=0 seed=0 estimator=DANCo k=5 dur=77.446s
[EST START] 2026-04-20T10:18:00.390483 bottleneck=9 replicate=0 seed=0 estimator=DANCo k=7 sigma=0.5
[EST DONE] 2026-04-20T10:19:24.716673 bottleneck=9 replicate=0 seed=0 estimator=DANCo k=7 dur=84.326s
[EST START] 2026-04-20T10:19:24.716827 bottleneck=9 replicate=0 seed=0 estimator=DANCo k=10 sigma=0.5
[EST DONE] 2026-04-20T10:20:56.990759 bottleneck=9 replicate=0 seed=0 estimator=DANCo k=10 dur=92.274s
[EST START] 2026-04-20T10:20:56.990915 bottleneck=9 replicate=0 seed=0 estimator=DANCo k=15 sigma=0.5
[EST DONE] 2026-04-20T10:22:40.161534 bottleneck=9 replicate=0 seed=0 estimator=DANCo k=15 dur=103.171s
[EST START] 2026-04-20T10:22:40.161704 bottleneck=9 replicate=0 seed=0 estimator=MiND k=3 sigma=0.5
[EST DONE] 2026-04-20T10:22:46.664448 bottleneck=9 replicate=0 seed=0 estimator=MiND k=3 dur=6.503s
[EST START] 2026-04-20T10:22:46.664582 bottleneck=9 replicate=0 seed=0 estimator=MiND k=5 sigma=0.5
[EST DONE] 2026-04-20T10:22:54.180578 bottleneck=9 replicate=0 seed=0 estimator=MiND k=5 dur=7.516s
[EST START] 2026-04-20T10:22:54.180711 bottleneck=9 replicate=0 seed=0 estimator=MiND k=7 sigma=0.5
[EST DONE] 2026-04-20T10:23:02.482456 bottleneck=9 replicate=0 seed=0 estimator=MiND k=7 dur=8.302s
[EST START] 2026-04-20T10:23:02.482599 bottleneck=9 replicate=0 seed=0 estimator=MiND k=10 sigma=0.5
[EST DONE] 2026-04-20T10:23:11.750925 bottleneck=9 replicate=0 seed=0 estimator=MiND k=10 dur=9.268s
[EST START] 2026-04-20T10:23:11.751063 bottleneck=9 replicate=0 seed=0 estimator=MiND k=15 sigma=0.5
[EST DONE] 2026-04-20T10:23:22.210930 bottleneck=9 replicate=0 seed=0 estimator=MiND k=15 dur=10.460s
[EST START] 2026-04-20T10:23:22.211113 bottleneck=9 replicate=0 seed=0 estimator=FisherS k=ALL sigma=0.5
[EST DONE] 2026-04-20T10:27:41.612548 bottleneck=9 replicate=0 seed=0 estimator=FisherS k=ALL dur=259.401s
[EST START] 2026-04-20T10:27:41.612747 bottleneck=9 replicate=0 seed=0 estimator=SMAE k=ALL sigma=0.5
[EST DONE] 2026-04-20T10:28:24.567248 bottleneck=9 replicate=0 seed=0 estimator=SMAE k=ALL dur=42.954s
[EST START] 2026-04-20T10:28:24.589308 bottleneck=9 replicate=0 seed=0 estimator=Levina-Bickel k=3 sigma=0.75
[EST DONE] 2026-04-20T10:28:30.774650 bottleneck=9 replicate=0 seed=0 estimator=Levina-Bickel k=3 dur=6.185s
[EST START] 2026-04-20T10:28:30.774802 bottleneck=9 replicate=0 seed=0 estimator=Levina-Bickel k=5 sigma=0.75
[EST DONE] 2026-04-20T10:28:38.068335 bottleneck=9 replicate=0 seed=0 estimator=Levina-Bickel k=5 dur=7.294s
[EST START] 2026-04-20T10:28:38.068494 bottleneck=9 replicate=0 seed=0 estimator=Levina-Bickel k=7 sigma=0.75
[EST DONE] 2026-04-20T10:28:46.321284 bottleneck=9 replicate=0 seed=0 estimator=Levina-Bickel k=7 dur=8.253s
[EST START] 2026-04-20T10:28:46.321475 bottleneck=9 replicate=0 seed=0 estimator=Levina-Bickel k=10 sigma=0.75
[EST DONE] 2026-04-20T10:28:55.614211 bottleneck=9 replicate=0 seed=0 estimator=Levina-Bickel k=10 dur=9.293s
[EST START] 2026-04-20T10:28:55.614374 bottleneck=9 replicate=0 seed=0 estimator=Levina-Bickel k=15 sigma=0.75
[EST DONE] 2026-04-20T10:29:06.049141 bottleneck=9 replicate=0 seed=0 estimator=Levina-Bickel k=15 dur=10.435s
[EST START] 2026-04-20T10:29:06.049293 bottleneck=9 replicate=0 seed=0 estimator=TwoNN k=ALL sigma=0.75
[EST DONE] 2026-04-20T10:29:11.667645 bottleneck=9 replicate=0 seed=0 estimator=TwoNN k=ALL dur=5.618s
[EST START] 2026-04-20T10:29:11.667831 bottleneck=9 replicate=0 seed=0 estimator=lPCA k=3 sigma=0.75
[EST DONE] 2026-04-20T10:29:51.931159 bottleneck=9 replicate=0 seed=0 estimator=lPCA k=3 dur=40.263s
[EST START] 2026-04-20T10:29:51.931300 bottleneck=9 replicate=0 seed=0 estimator=lPCA k=5 sigma=0.75
[EST DONE] 2026-04-20T10:30:35.096561 bottleneck=9 replicate=0 seed=0 estimator=lPCA k=5 dur=43.165s
[EST START] 2026-04-20T10:30:35.096761 bottleneck=9 replicate=0 seed=0 estimator=lPCA k=7 sigma=0.75
[EST DONE] 2026-04-20T10:31:19.272533 bottleneck=9 replicate=0 seed=0 estimator=lPCA k=7 dur=44.176s
[EST START] 2026-04-20T10:31:19.272692 bottleneck=9 replicate=0 seed=0 estimator=lPCA k=10 sigma=0.75
[EST DONE] 2026-04-20T10:32:05.262895 bottleneck=9 replicate=0 seed=0 estimator=lPCA k=10 dur=45.990s
[EST START] 2026-04-20T10:32:05.263052 bottleneck=9 replicate=0 seed=0 estimator=lPCA k=15 sigma=0.75
[EST DONE] 2026-04-20T10:32:53.613096 bottleneck=9 replicate=0 seed=0 estimator=lPCA k=15 dur=48.350s
[EST START] 2026-04-20T10:32:53.613251 bottleneck=9 replicate=0 seed=0 estimator=DANCo k=3 sigma=0.75
[EST DONE] 2026-04-20T10:34:06.574142 bottleneck=9 replicate=0 seed=0 estimator=DANCo k=3 dur=72.961s
[EST START] 2026-04-20T10:34:06.574309 bottleneck=9 replicate=0 seed=0 estimator=DANCo k=5 sigma=0.75
[EST DONE] 2026-04-20T10:35:32.050781 bottleneck=9 replicate=0 seed=0 estimator=DANCo k=5 dur=85.476s
[EST START] 2026-04-20T10:35:32.050983 bottleneck=9 replicate=0 seed=0 estimator=DANCo k=7 sigma=0.75
[EST DONE] 2026-04-20T10:37:02.299842 bottleneck=9 replicate=0 seed=0 estimator=DANCo k=7 dur=90.249s
[EST START] 2026-04-20T10:37:02.300022 bottleneck=9 replicate=0 seed=0 estimator=DANCo k=10 sigma=0.75
[EST DONE] 2026-04-20T10:38:36.929026 bottleneck=9 replicate=0 seed=0 estimator=DANCo k=10 dur=94.629s
[EST START] 2026-04-20T10:38:36.929183 bottleneck=9 replicate=0 seed=0 estimator=DANCo k=15 sigma=0.75
[EST DONE] 2026-04-20T10:40:24.374495 bottleneck=9 replicate=0 seed=0 estimator=DANCo k=15 dur=107.445s
[EST START] 2026-04-20T10:40:24.374674 bottleneck=9 replicate=0 seed=0 estimator=MiND k=3 sigma=0.75
[EST DONE] 2026-04-20T10:40:31.104680 bottleneck=9 replicate=0 seed=0 estimator=MiND k=3 dur=6.730s
[EST START] 2026-04-20T10:40:31.104813 bottleneck=9 replicate=0 seed=0 estimator=MiND k=5 sigma=0.75
[EST DONE] 2026-04-20T10:40:38.604620 bottleneck=9 replicate=0 seed=0 estimator=MiND k=5 dur=7.500s
[EST START] 2026-04-20T10:40:38.604767 bottleneck=9 replicate=0 seed=0 estimator=MiND k=7 sigma=0.75
[EST DONE] 2026-04-20T10:40:46.830372 bottleneck=9 replicate=0 seed=0 estimator=MiND k=7 dur=8.226s
[EST START] 2026-04-20T10:40:46.830474 bottleneck=9 replicate=0 seed=0 estimator=MiND k=10 sigma=0.75
[EST DONE] 2026-04-20T10:40:56.101446 bottleneck=9 replicate=0 seed=0 estimator=MiND k=10 dur=9.271s
[EST START] 2026-04-20T10:40:56.101591 bottleneck=9 replicate=0 seed=0 estimator=MiND k=15 sigma=0.75
[EST DONE] 2026-04-20T10:41:06.423016 bottleneck=9 replicate=0 seed=0 estimator=MiND k=15 dur=10.321s
[EST START] 2026-04-20T10:41:06.423192 bottleneck=9 replicate=0 seed=0 estimator=FisherS k=ALL sigma=0.75
[EST DONE] 2026-04-20T10:45:33.778426 bottleneck=9 replicate=0 seed=0 estimator=FisherS k=ALL dur=267.355s
[EST START] 2026-04-20T10:45:33.778611 bottleneck=9 replicate=0 seed=0 estimator=SMAE k=ALL sigma=0.75
[EST DONE] 2026-04-20T10:46:15.757231 bottleneck=9 replicate=0 seed=0 estimator=SMAE k=ALL dur=41.979s
[EST START] 2026-04-20T10:46:15.770373 bottleneck=9 replicate=0 seed=0 estimator=Levina-Bickel k=3 sigma=1.0
[EST DONE] 2026-04-20T10:46:22.231766 bottleneck=9 replicate=0 seed=0 estimator=Levina-Bickel k=3 dur=6.461s
[EST START] 2026-04-20T10:46:22.231923 bottleneck=9 replicate=0 seed=0 estimator=Levina-Bickel k=5 sigma=1.0
[EST DONE] 2026-04-20T10:46:29.703991 bottleneck=9 replicate=0 seed=0 estimator=Levina-Bickel k=5 dur=7.472s
[EST START] 2026-04-20T10:46:29.704156 bottleneck=9 replicate=0 seed=0 estimator=Levina-Bickel k=7 sigma=1.0
[EST DONE] 2026-04-20T10:46:38.135163 bottleneck=9 replicate=0 seed=0 estimator=Levina-Bickel k=7 dur=8.431s
[EST START] 2026-04-20T10:46:38.135304 bottleneck=9 replicate=0 seed=0 estimator=Levina-Bickel k=10 sigma=1.0
[EST DONE] 2026-04-20T10:46:47.795600 bottleneck=9 replicate=0 seed=0 estimator=Levina-Bickel k=10 dur=9.660s
[EST START] 2026-04-20T10:46:47.795778 bottleneck=9 replicate=0 seed=0 estimator=Levina-Bickel k=15 sigma=1.0
[EST DONE] 2026-04-20T10:46:58.611309 bottleneck=9 replicate=0 seed=0 estimator=Levina-Bickel k=15 dur=10.815s
[EST START] 2026-04-20T10:46:58.611490 bottleneck=9 replicate=0 seed=0 estimator=TwoNN k=ALL sigma=1.0
[EST DONE] 2026-04-20T10:47:04.130828 bottleneck=9 replicate=0 seed=0 estimator=TwoNN k=ALL dur=5.519s
[EST START] 2026-04-20T10:47:04.130998 bottleneck=9 replicate=0 seed=0 estimator=lPCA k=3 sigma=1.0
[EST DONE] 2026-04-20T10:47:42.918556 bottleneck=9 replicate=0 seed=0 estimator=lPCA k=3 dur=38.788s
[EST START] 2026-04-20T10:47:42.918702 bottleneck=9 replicate=0 seed=0 estimator=lPCA k=5 sigma=1.0
[EST DONE] 2026-04-20T10:48:25.261018 bottleneck=9 replicate=0 seed=0 estimator=lPCA k=5 dur=42.342s
[EST START] 2026-04-20T10:48:25.261175 bottleneck=9 replicate=0 seed=0 estimator=lPCA k=7 sigma=1.0
[EST DONE] 2026-04-20T10:49:09.780046 bottleneck=9 replicate=0 seed=0 estimator=lPCA k=7 dur=44.519s
[EST START] 2026-04-20T10:49:09.780218 bottleneck=9 replicate=0 seed=0 estimator=lPCA k=10 sigma=1.0
[EST DONE] 2026-04-20T10:49:56.012276 bottleneck=9 replicate=0 seed=0 estimator=lPCA k=10 dur=46.232s
[EST START] 2026-04-20T10:49:56.012467 bottleneck=9 replicate=0 seed=0 estimator=lPCA k=15 sigma=1.0
[EST DONE] 2026-04-20T10:50:44.879053 bottleneck=9 replicate=0 seed=0 estimator=lPCA k=15 dur=48.867s
[EST START] 2026-04-20T10:50:44.879235 bottleneck=9 replicate=0 seed=0 estimator=DANCo k=3 sigma=1.0
[EST DONE] 2026-04-20T10:51:52.535970 bottleneck=9 replicate=0 seed=0 estimator=DANCo k=3 dur=67.657s
[EST START] 2026-04-20T10:51:52.536134 bottleneck=9 replicate=0 seed=0 estimator=DANCo k=5 sigma=1.0
[EST DONE] 2026-04-20T10:53:10.438835 bottleneck=9 replicate=0 seed=0 estimator=DANCo k=5 dur=77.903s
[EST START] 2026-04-20T10:53:10.439001 bottleneck=9 replicate=0 seed=0 estimator=DANCo k=7 sigma=1.0
[EST DONE] 2026-04-20T10:54:27.959499 bottleneck=9 replicate=0 seed=0 estimator=DANCo k=7 dur=77.520s
[EST START] 2026-04-20T10:54:27.959661 bottleneck=9 replicate=0 seed=0 estimator=DANCo k=10 sigma=1.0
[EST DONE] 2026-04-20T10:56:02.436654 bottleneck=9 replicate=0 seed=0 estimator=DANCo k=10 dur=94.477s
[EST START] 2026-04-20T10:56:02.436835 bottleneck=9 replicate=0 seed=0 estimator=DANCo k=15 sigma=1.0
[EST DONE] 2026-04-20T10:57:46.417310 bottleneck=9 replicate=0 seed=0 estimator=DANCo k=15 dur=103.980s
[EST START] 2026-04-20T10:57:46.417492 bottleneck=9 replicate=0 seed=0 estimator=MiND k=3 sigma=1.0
[EST DONE] 2026-04-20T10:57:53.502876 bottleneck=9 replicate=0 seed=0 estimator=MiND k=3 dur=7.085s
[EST START] 2026-04-20T10:57:53.503005 bottleneck=9 replicate=0 seed=0 estimator=MiND k=5 sigma=1.0
[EST DONE] 2026-04-20T10:58:01.683534 bottleneck=9 replicate=0 seed=0 estimator=MiND k=5 dur=8.181s
[EST START] 2026-04-20T10:58:01.683682 bottleneck=9 replicate=0 seed=0 estimator=MiND k=7 sigma=1.0
[EST DONE] 2026-04-20T10:58:10.690612 bottleneck=9 replicate=0 seed=0 estimator=MiND k=7 dur=9.007s
[EST START] 2026-04-20T10:58:10.690750 bottleneck=9 replicate=0 seed=0 estimator=MiND k=10 sigma=1.0
[EST DONE] 2026-04-20T10:58:20.520631 bottleneck=9 replicate=0 seed=0 estimator=MiND k=10 dur=9.830s
[EST START] 2026-04-20T10:58:20.520766 bottleneck=9 replicate=0 seed=0 estimator=MiND k=15 sigma=1.0
[EST DONE] 2026-04-20T10:58:31.490123 bottleneck=9 replicate=0 seed=0 estimator=MiND k=15 dur=10.969s
[EST START] 2026-04-20T10:58:31.490296 bottleneck=9 replicate=0 seed=0 estimator=FisherS k=ALL sigma=1.0
[EST DONE] 2026-04-20T11:03:11.082396 bottleneck=9 replicate=0 seed=0 estimator=FisherS k=ALL dur=279.592s
[EST START] 2026-04-20T11:03:11.082578 bottleneck=9 replicate=0 seed=0 estimator=SMAE k=ALL sigma=1.0
[EST DONE] 2026-04-20T11:03:54.824728 bottleneck=9 replicate=0 seed=0 estimator=SMAE k=ALL dur=43.742s
[MNIST TASK START] 2026-04-20T11:03:54.825048 bottleneck=12 replicate=0 seed=0
[AE START] seed=0 bottleneck=12 epochs=50 subset=0
[AE EPOCH] epoch=1/50 loss=0.096081 epoch_time=1.34s device=cuda
[AE EPOCH] epoch=2/50 loss=0.052290 epoch_time=1.41s device=cuda
[AE EPOCH] epoch=3/50 loss=0.040215 epoch_time=1.25s device=cuda
[AE EPOCH] epoch=4/50 loss=0.034166 epoch_time=1.12s device=cuda
[AE EPOCH] epoch=5/50 loss=0.030293 epoch_time=1.00s device=cuda
[AE EPOCH] epoch=6/50 loss=0.027302 epoch_time=1.13s device=cuda
[AE EPOCH] epoch=7/50 loss=0.025434 epoch_time=1.14s device=cuda
[AE EPOCH] epoch=8/50 loss=0.024263 epoch_time=1.11s device=cuda
[AE EPOCH] epoch=9/50 loss=0.023402 epoch_time=1.24s device=cuda
[AE EPOCH] epoch=10/50 loss=0.022714 epoch_time=1.05s device=cuda
[AE EPOCH] epoch=11/50 loss=0.022143 epoch_time=1.07s device=cuda
[AE EPOCH] epoch=12/50 loss=0.021647 epoch_time=1.26s device=cuda
[AE EPOCH] epoch=13/50 loss=0.021211 epoch_time=1.27s device=cuda
[AE EPOCH] epoch=14/50 loss=0.020823 epoch_time=1.14s device=cuda
[AE EPOCH] epoch=15/50 loss=0.020469 epoch_time=0.98s device=cuda
[AE EPOCH] epoch=16/50 loss=0.020139 epoch_time=1.06s device=cuda
[AE EPOCH] epoch=17/50 loss=0.019835 epoch_time=1.47s device=cuda
[AE EPOCH] epoch=18/50 loss=0.019556 epoch_time=1.29s device=cuda
[AE EPOCH] epoch=19/50 loss=0.019295 epoch_time=1.01s device=cuda
[AE EPOCH] epoch=20/50 loss=0.019052 epoch_time=1.04s device=cuda
[AE EPOCH] epoch=21/50 loss=0.018823 epoch_time=1.00s device=cuda
[AE EPOCH] epoch=22/50 loss=0.018610 epoch_time=1.07s device=cuda
[AE EPOCH] epoch=23/50 loss=0.018407 epoch_time=1.35s device=cuda
[AE EPOCH] epoch=24/50 loss=0.018218 epoch_time=1.33s device=cuda
[AE EPOCH] epoch=25/50 loss=0.018035 epoch_time=1.31s device=cuda
[AE EPOCH] epoch=26/50 loss=0.017861 epoch_time=1.29s device=cuda
[AE EPOCH] epoch=27/50 loss=0.017696 epoch_time=1.32s device=cuda
[AE EPOCH] epoch=28/50 loss=0.017538 epoch_time=1.27s device=cuda
[AE EPOCH] epoch=29/50 loss=0.017387 epoch_time=1.01s device=cuda
[AE EPOCH] epoch=30/50 loss=0.017245 epoch_time=1.00s device=cuda
[AE EPOCH] epoch=31/50 loss=0.017105 epoch_time=1.31s device=cuda
[AE EPOCH] epoch=32/50 loss=0.016973 epoch_time=1.39s device=cuda
[AE EPOCH] epoch=33/50 loss=0.016843 epoch_time=1.20s device=cuda
[AE EPOCH] epoch=34/50 loss=0.016722 epoch_time=1.31s device=cuda
[AE EPOCH] epoch=35/50 loss=0.016604 epoch_time=1.14s device=cuda
[AE EPOCH] epoch=36/50 loss=0.016488 epoch_time=1.36s device=cuda
[AE EPOCH] epoch=37/50 loss=0.016377 epoch_time=1.28s device=cuda
[AE EPOCH] epoch=38/50 loss=0.016271 epoch_time=1.03s device=cuda
[AE EPOCH] epoch=39/50 loss=0.016169 epoch_time=1.10s device=cuda
[AE EPOCH] epoch=40/50 loss=0.016067 epoch_time=1.37s device=cuda
[AE EPOCH] epoch=41/50 loss=0.015968 epoch_time=1.12s device=cuda
[AE EPOCH] epoch=42/50 loss=0.015876 epoch_time=1.05s device=cuda
[AE EPOCH] epoch=43/50 loss=0.015784 epoch_time=1.05s device=cuda
[AE EPOCH] epoch=44/50 loss=0.015696 epoch_time=0.98s device=cuda
[AE EPOCH] epoch=45/50 loss=0.015611 epoch_time=1.12s device=cuda
[AE EPOCH] epoch=46/50 loss=0.015528 epoch_time=1.26s device=cuda
[AE EPOCH] epoch=47/50 loss=0.015448 epoch_time=1.06s device=cuda
[AE EPOCH] epoch=48/50 loss=0.015370 epoch_time=1.01s device=cuda
[AE EPOCH] epoch=49/50 loss=0.015292 epoch_time=1.03s device=cuda
[AE EPOCH] epoch=50/50 loss=0.015217 epoch_time=1.06s device=cuda
[AE TRAIN COMPLETE] total_time=58.58s
[AE TRAIN COMPLETE] 2026-04-20T11:05:02.598795 bottleneck=12 replicate=0 dur=67.8s seed=0
[EST START] 2026-04-20T11:05:02.628949 bottleneck=12 replicate=0 seed=0 estimator=Levina-Bickel k=3 sigma=0.0
[EST DONE] 2026-04-20T11:05:14.631568 bottleneck=12 replicate=0 seed=0 estimator=Levina-Bickel k=3 dur=12.003s
[EST START] 2026-04-20T11:05:14.631725 bottleneck=12 replicate=0 seed=0 estimator=Levina-Bickel k=5 sigma=0.0
[EST DONE] 2026-04-20T11:05:28.838822 bottleneck=12 replicate=0 seed=0 estimator=Levina-Bickel k=5 dur=14.207s
[EST START] 2026-04-20T11:05:28.838976 bottleneck=12 replicate=0 seed=0 estimator=Levina-Bickel k=7 sigma=0.0
[EST DONE] 2026-04-20T11:05:44.445194 bottleneck=12 replicate=0 seed=0 estimator=Levina-Bickel k=7 dur=15.606s
[EST START] 2026-04-20T11:05:44.445357 bottleneck=12 replicate=0 seed=0 estimator=Levina-Bickel k=10 sigma=0.0
[EST DONE] 2026-04-20T11:06:01.470677 bottleneck=12 replicate=0 seed=0 estimator=Levina-Bickel k=10 dur=17.025s
[EST START] 2026-04-20T11:06:01.470845 bottleneck=12 replicate=0 seed=0 estimator=Levina-Bickel k=15 sigma=0.0
[EST DONE] 2026-04-20T11:06:21.383214 bottleneck=12 replicate=0 seed=0 estimator=Levina-Bickel k=15 dur=19.912s
[EST START] 2026-04-20T11:06:21.383397 bottleneck=12 replicate=0 seed=0 estimator=TwoNN k=ALL sigma=0.0
[EST DONE] 2026-04-20T11:06:32.151301 bottleneck=12 replicate=0 seed=0 estimator=TwoNN k=ALL dur=10.768s
[EST START] 2026-04-20T11:06:32.151451 bottleneck=12 replicate=0 seed=0 estimator=lPCA k=3 sigma=0.0
[EST DONE] 2026-04-20T11:07:16.827068 bottleneck=12 replicate=0 seed=0 estimator=lPCA k=3 dur=44.676s
[EST START] 2026-04-20T11:07:16.827282 bottleneck=12 replicate=0 seed=0 estimator=lPCA k=5 sigma=0.0
[EST DONE] 2026-04-20T11:08:06.700187 bottleneck=12 replicate=0 seed=0 estimator=lPCA k=5 dur=49.873s
[EST START] 2026-04-20T11:08:06.700332 bottleneck=12 replicate=0 seed=0 estimator=lPCA k=7 sigma=0.0
[EST DONE] 2026-04-20T11:08:58.047317 bottleneck=12 replicate=0 seed=0 estimator=lPCA k=7 dur=51.347s
[EST START] 2026-04-20T11:08:58.047494 bottleneck=12 replicate=0 seed=0 estimator=lPCA k=10 sigma=0.0
[EST DONE] 2026-04-20T11:09:52.538357 bottleneck=12 replicate=0 seed=0 estimator=lPCA k=10 dur=54.491s
[EST START] 2026-04-20T11:09:52.538489 bottleneck=12 replicate=0 seed=0 estimator=lPCA k=15 sigma=0.0
[EST DONE] 2026-04-20T11:10:49.120921 bottleneck=12 replicate=0 seed=0 estimator=lPCA k=15 dur=56.582s
[EST START] 2026-04-20T11:10:49.121139 bottleneck=12 replicate=0 seed=0 estimator=DANCo k=3 sigma=0.0
[EST DONE] 2026-04-20T11:13:01.709279 bottleneck=12 replicate=0 seed=0 estimator=DANCo k=3 dur=132.588s
[EST START] 2026-04-20T11:13:01.709456 bottleneck=12 replicate=0 seed=0 estimator=DANCo k=5 sigma=0.0
[EST DONE] 2026-04-20T11:15:24.507045 bottleneck=12 replicate=0 seed=0 estimator=DANCo k=5 dur=142.798s
[EST START] 2026-04-20T11:15:24.507214 bottleneck=12 replicate=0 seed=0 estimator=DANCo k=7 sigma=0.0
[EST DONE] 2026-04-20T11:17:49.734057 bottleneck=12 replicate=0 seed=0 estimator=DANCo k=7 dur=145.227s
[EST START] 2026-04-20T11:17:49.734256 bottleneck=12 replicate=0 seed=0 estimator=DANCo k=10 sigma=0.0
[EST DONE] 2026-04-20T11:20:56.980987 bottleneck=12 replicate=0 seed=0 estimator=DANCo k=10 dur=187.247s
[EST START] 2026-04-20T11:20:56.981172 bottleneck=12 replicate=0 seed=0 estimator=DANCo k=15 sigma=0.0
[EST DONE] 2026-04-20T11:24:19.361409 bottleneck=12 replicate=0 seed=0 estimator=DANCo k=15 dur=202.380s
[EST START] 2026-04-20T11:24:19.361576 bottleneck=12 replicate=0 seed=0 estimator=MiND k=3 sigma=0.0
[EST DONE] 2026-04-20T11:24:32.996109 bottleneck=12 replicate=0 seed=0 estimator=MiND k=3 dur=13.634s
[EST START] 2026-04-20T11:24:32.996348 bottleneck=12 replicate=0 seed=0 estimator=MiND k=5 sigma=0.0
[EST DONE] 2026-04-20T11:24:48.434717 bottleneck=12 replicate=0 seed=0 estimator=MiND k=5 dur=15.438s
[EST START] 2026-04-20T11:24:48.434874 bottleneck=12 replicate=0 seed=0 estimator=MiND k=7 sigma=0.0
[EST DONE] 2026-04-20T11:25:04.997878 bottleneck=12 replicate=0 seed=0 estimator=MiND k=7 dur=16.563s
[EST START] 2026-04-20T11:25:04.998020 bottleneck=12 replicate=0 seed=0 estimator=MiND k=10 sigma=0.0
[EST DONE] 2026-04-20T11:25:23.234611 bottleneck=12 replicate=0 seed=0 estimator=MiND k=10 dur=18.237s
[EST START] 2026-04-20T11:25:23.234779 bottleneck=12 replicate=0 seed=0 estimator=MiND k=15 sigma=0.0
[EST DONE] 2026-04-20T11:25:44.090192 bottleneck=12 replicate=0 seed=0 estimator=MiND k=15 dur=20.855s
[EST START] 2026-04-20T11:25:44.090377 bottleneck=12 replicate=0 seed=0 estimator=FisherS k=ALL sigma=0.0
[EST DONE] 2026-04-20T11:30:04.284148 bottleneck=12 replicate=0 seed=0 estimator=FisherS k=ALL dur=260.194s
[EST START] 2026-04-20T11:30:04.284394 bottleneck=12 replicate=0 seed=0 estimator=SMAE k=ALL sigma=0.0
[EST DONE] 2026-04-20T11:30:46.977859 bottleneck=12 replicate=0 seed=0 estimator=SMAE k=ALL dur=42.693s
[EST START] 2026-04-20T11:30:47.008434 bottleneck=12 replicate=0 seed=0 estimator=Levina-Bickel k=3 sigma=0.25
[EST DONE] 2026-04-20T11:30:59.671079 bottleneck=12 replicate=0 seed=0 estimator=Levina-Bickel k=3 dur=12.663s
[EST START] 2026-04-20T11:30:59.671252 bottleneck=12 replicate=0 seed=0 estimator=Levina-Bickel k=5 sigma=0.25
[EST DONE] 2026-04-20T11:31:14.162481 bottleneck=12 replicate=0 seed=0 estimator=Levina-Bickel k=5 dur=14.491s
[EST START] 2026-04-20T11:31:14.162630 bottleneck=12 replicate=0 seed=0 estimator=Levina-Bickel k=7 sigma=0.25
[EST DONE] 2026-04-20T11:31:30.175765 bottleneck=12 replicate=0 seed=0 estimator=Levina-Bickel k=7 dur=16.013s
[EST START] 2026-04-20T11:31:30.175894 bottleneck=12 replicate=0 seed=0 estimator=Levina-Bickel k=10 sigma=0.25
[EST DONE] 2026-04-20T11:31:47.814624 bottleneck=12 replicate=0 seed=0 estimator=Levina-Bickel k=10 dur=17.639s
[EST START] 2026-04-20T11:31:47.814789 bottleneck=12 replicate=0 seed=0 estimator=Levina-Bickel k=15 sigma=0.25
[EST DONE] 2026-04-20T11:32:08.409455 bottleneck=12 replicate=0 seed=0 estimator=Levina-Bickel k=15 dur=20.595s
[EST START] 2026-04-20T11:32:08.409636 bottleneck=12 replicate=0 seed=0 estimator=TwoNN k=ALL sigma=0.25
[EST DONE] 2026-04-20T11:32:19.960560 bottleneck=12 replicate=0 seed=0 estimator=TwoNN k=ALL dur=11.551s
[EST START] 2026-04-20T11:32:19.960730 bottleneck=12 replicate=0 seed=0 estimator=lPCA k=3 sigma=0.25
[EST DONE] 2026-04-20T11:33:07.172822 bottleneck=12 replicate=0 seed=0 estimator=lPCA k=3 dur=47.212s
[EST START] 2026-04-20T11:33:07.172988 bottleneck=12 replicate=0 seed=0 estimator=lPCA k=5 sigma=0.25
[EST DONE] 2026-04-20T11:33:56.446339 bottleneck=12 replicate=0 seed=0 estimator=lPCA k=5 dur=49.273s
[EST START] 2026-04-20T11:33:56.446509 bottleneck=12 replicate=0 seed=0 estimator=lPCA k=7 sigma=0.25
[EST DONE] 2026-04-20T11:34:49.578707 bottleneck=12 replicate=0 seed=0 estimator=lPCA k=7 dur=53.132s
[EST START] 2026-04-20T11:34:49.578872 bottleneck=12 replicate=0 seed=0 estimator=lPCA k=10 sigma=0.25
[EST DONE] 2026-04-20T11:35:45.387071 bottleneck=12 replicate=0 seed=0 estimator=lPCA k=10 dur=55.808s
[EST START] 2026-04-20T11:35:45.387219 bottleneck=12 replicate=0 seed=0 estimator=lPCA k=15 sigma=0.25
[EST DONE] 2026-04-20T11:36:43.917099 bottleneck=12 replicate=0 seed=0 estimator=lPCA k=15 dur=58.530s
[EST START] 2026-04-20T11:36:43.917252 bottleneck=12 replicate=0 seed=0 estimator=DANCo k=3 sigma=0.25
[EST DONE] 2026-04-20T11:39:04.954585 bottleneck=12 replicate=0 seed=0 estimator=DANCo k=3 dur=141.037s
[EST START] 2026-04-20T11:39:04.954791 bottleneck=12 replicate=0 seed=0 estimator=DANCo k=5 sigma=0.25
[EST DONE] 2026-04-20T11:41:49.708496 bottleneck=12 replicate=0 seed=0 estimator=DANCo k=5 dur=164.754s
[EST START] 2026-04-20T11:41:49.708654 bottleneck=12 replicate=0 seed=0 estimator=DANCo k=7 sigma=0.25
[EST DONE] 2026-04-20T11:44:43.917710 bottleneck=12 replicate=0 seed=0 estimator=DANCo k=7 dur=174.209s
[EST START] 2026-04-20T11:44:43.917904 bottleneck=12 replicate=0 seed=0 estimator=DANCo k=10 sigma=0.25
[EST DONE] 2026-04-20T11:47:57.582142 bottleneck=12 replicate=0 seed=0 estimator=DANCo k=10 dur=193.664s
[EST START] 2026-04-20T11:47:57.582347 bottleneck=12 replicate=0 seed=0 estimator=DANCo k=15 sigma=0.25
[EST DONE] 2026-04-20T11:51:37.463423 bottleneck=12 replicate=0 seed=0 estimator=DANCo k=15 dur=219.881s
[EST START] 2026-04-20T11:51:37.463582 bottleneck=12 replicate=0 seed=0 estimator=MiND k=3 sigma=0.25
[EST DONE] 2026-04-20T11:51:51.398036 bottleneck=12 replicate=0 seed=0 estimator=MiND k=3 dur=13.934s
[EST START] 2026-04-20T11:51:51.398218 bottleneck=12 replicate=0 seed=0 estimator=MiND k=5 sigma=0.25
[EST DONE] 2026-04-20T11:52:07.086250 bottleneck=12 replicate=0 seed=0 estimator=MiND k=5 dur=15.688s
[EST START] 2026-04-20T11:52:07.086395 bottleneck=12 replicate=0 seed=0 estimator=MiND k=7 sigma=0.25
[EST DONE] 2026-04-20T11:52:24.151927 bottleneck=12 replicate=0 seed=0 estimator=MiND k=7 dur=17.066s
[EST START] 2026-04-20T11:52:24.152071 bottleneck=12 replicate=0 seed=0 estimator=MiND k=10 sigma=0.25
[EST DONE] 2026-04-20T11:52:43.263955 bottleneck=12 replicate=0 seed=0 estimator=MiND k=10 dur=19.112s
[EST START] 2026-04-20T11:52:43.264124 bottleneck=12 replicate=0 seed=0 estimator=MiND k=15 sigma=0.25
[EST DONE] 2026-04-20T11:53:04.613377 bottleneck=12 replicate=0 seed=0 estimator=MiND k=15 dur=21.349s
[EST START] 2026-04-20T11:53:04.613575 bottleneck=12 replicate=0 seed=0 estimator=FisherS k=ALL sigma=0.25
[EST DONE] 2026-04-20T11:57:21.428361 bottleneck=12 replicate=0 seed=0 estimator=FisherS k=ALL dur=256.815s
[EST START] 2026-04-20T11:57:21.428596 bottleneck=12 replicate=0 seed=0 estimator=SMAE k=ALL sigma=0.25
[EST DONE] 2026-04-20T11:58:01.757342 bottleneck=12 replicate=0 seed=0 estimator=SMAE k=ALL dur=40.329s
[EST START] 2026-04-20T11:58:01.785493 bottleneck=12 replicate=0 seed=0 estimator=Levina-Bickel k=3 sigma=0.5
[EST DONE] 2026-04-20T11:58:14.842847 bottleneck=12 replicate=0 seed=0 estimator=Levina-Bickel k=3 dur=13.057s
[EST START] 2026-04-20T11:58:14.843019 bottleneck=12 replicate=0 seed=0 estimator=Levina-Bickel k=5 sigma=0.5
[EST DONE] 2026-04-20T11:58:29.625397 bottleneck=12 replicate=0 seed=0 estimator=Levina-Bickel k=5 dur=14.782s
[EST START] 2026-04-20T11:58:29.625561 bottleneck=12 replicate=0 seed=0 estimator=Levina-Bickel k=7 sigma=0.5
[EST DONE] 2026-04-20T11:58:45.844159 bottleneck=12 replicate=0 seed=0 estimator=Levina-Bickel k=7 dur=16.219s
[EST START] 2026-04-20T11:58:45.844316 bottleneck=12 replicate=0 seed=0 estimator=Levina-Bickel k=10 sigma=0.5
[EST DONE] 2026-04-20T11:59:04.339135 bottleneck=12 replicate=0 seed=0 estimator=Levina-Bickel k=10 dur=18.495s
[EST START] 2026-04-20T11:59:04.339288 bottleneck=12 replicate=0 seed=0 estimator=Levina-Bickel k=15 sigma=0.5
[EST DONE] 2026-04-20T11:59:24.527847 bottleneck=12 replicate=0 seed=0 estimator=Levina-Bickel k=15 dur=20.189s
[EST START] 2026-04-20T11:59:24.528054 bottleneck=12 replicate=0 seed=0 estimator=TwoNN k=ALL sigma=0.5
[EST DONE] 2026-04-20T11:59:35.941973 bottleneck=12 replicate=0 seed=0 estimator=TwoNN k=ALL dur=11.414s
[EST START] 2026-04-20T11:59:35.942171 bottleneck=12 replicate=0 seed=0 estimator=lPCA k=3 sigma=0.5
[EST DONE] 2026-04-20T12:00:21.974414 bottleneck=12 replicate=0 seed=0 estimator=lPCA k=3 dur=46.032s
[EST START] 2026-04-20T12:00:21.974581 bottleneck=12 replicate=0 seed=0 estimator=lPCA k=5 sigma=0.5
[EST DONE] 2026-04-20T12:01:11.594632 bottleneck=12 replicate=0 seed=0 estimator=lPCA k=5 dur=49.620s
[EST START] 2026-04-20T12:01:11.594828 bottleneck=12 replicate=0 seed=0 estimator=lPCA k=7 sigma=0.5
[EST DONE] 2026-04-20T12:02:06.216857 bottleneck=12 replicate=0 seed=0 estimator=lPCA k=7 dur=54.622s
[EST START] 2026-04-20T12:02:06.216997 bottleneck=12 replicate=0 seed=0 estimator=lPCA k=10 sigma=0.5
[EST DONE] 2026-04-20T12:03:01.123381 bottleneck=12 replicate=0 seed=0 estimator=lPCA k=10 dur=54.906s
[EST START] 2026-04-20T12:03:01.123531 bottleneck=12 replicate=0 seed=0 estimator=lPCA k=15 sigma=0.5
[EST DONE] 2026-04-20T12:03:54.953371 bottleneck=12 replicate=0 seed=0 estimator=lPCA k=15 dur=53.830s
[EST START] 2026-04-20T12:03:54.953523 bottleneck=12 replicate=0 seed=0 estimator=DANCo k=3 sigma=0.5
[EST DONE] 2026-04-20T12:06:22.233817 bottleneck=12 replicate=0 seed=0 estimator=DANCo k=3 dur=147.280s
[EST START] 2026-04-20T12:06:22.233993 bottleneck=12 replicate=0 seed=0 estimator=DANCo k=5 sigma=0.5
[EST DONE] 2026-04-20T12:09:05.956709 bottleneck=12 replicate=0 seed=0 estimator=DANCo k=5 dur=163.723s
[EST START] 2026-04-20T12:09:05.956858 bottleneck=12 replicate=0 seed=0 estimator=DANCo k=7 sigma=0.5
[EST DONE] 2026-04-20T12:11:43.390207 bottleneck=12 replicate=0 seed=0 estimator=DANCo k=7 dur=157.433s
[EST START] 2026-04-20T12:11:43.390368 bottleneck=12 replicate=0 seed=0 estimator=DANCo k=10 sigma=0.5
[EST DONE] 2026-04-20T12:14:06.698993 bottleneck=12 replicate=0 seed=0 estimator=DANCo k=10 dur=143.309s
[EST START] 2026-04-20T12:14:06.699170 bottleneck=12 replicate=0 seed=0 estimator=DANCo k=15 sigma=0.5
[EST DONE] 2026-04-20T12:16:59.526209 bottleneck=12 replicate=0 seed=0 estimator=DANCo k=15 dur=172.827s
[EST START] 2026-04-20T12:16:59.526402 bottleneck=12 replicate=0 seed=0 estimator=MiND k=3 sigma=0.5
[EST DONE] 2026-04-20T12:17:14.039666 bottleneck=12 replicate=0 seed=0 estimator=MiND k=3 dur=14.513s
[EST START] 2026-04-20T12:17:14.039851 bottleneck=12 replicate=0 seed=0 estimator=MiND k=5 sigma=0.5
[EST DONE] 2026-04-20T12:17:30.151106 bottleneck=12 replicate=0 seed=0 estimator=MiND k=5 dur=16.111s
[EST START] 2026-04-20T12:17:30.151267 bottleneck=12 replicate=0 seed=0 estimator=MiND k=7 sigma=0.5
[EST DONE] 2026-04-20T12:17:47.785881 bottleneck=12 replicate=0 seed=0 estimator=MiND k=7 dur=17.635s
[EST START] 2026-04-20T12:17:47.786044 bottleneck=12 replicate=0 seed=0 estimator=MiND k=10 sigma=0.5
[EST DONE] 2026-04-20T12:18:06.983352 bottleneck=12 replicate=0 seed=0 estimator=MiND k=10 dur=19.197s
[EST START] 2026-04-20T12:18:06.983529 bottleneck=12 replicate=0 seed=0 estimator=MiND k=15 sigma=0.5
[EST DONE] 2026-04-20T12:18:28.085164 bottleneck=12 replicate=0 seed=0 estimator=MiND k=15 dur=21.102s
[EST START] 2026-04-20T12:18:28.085331 bottleneck=12 replicate=0 seed=0 estimator=FisherS k=ALL sigma=0.5
[EST DONE] 2026-04-20T12:23:04.116251 bottleneck=12 replicate=0 seed=0 estimator=FisherS k=ALL dur=276.031s
[EST START] 2026-04-20T12:23:04.116496 bottleneck=12 replicate=0 seed=0 estimator=SMAE k=ALL sigma=0.5
[EST DONE] 2026-04-20T12:23:46.277522 bottleneck=12 replicate=0 seed=0 estimator=SMAE k=ALL dur=42.161s
[EST START] 2026-04-20T12:23:46.303740 bottleneck=12 replicate=0 seed=0 estimator=Levina-Bickel k=3 sigma=0.75
[EST DONE] 2026-04-20T12:24:00.566785 bottleneck=12 replicate=0 seed=0 estimator=Levina-Bickel k=3 dur=14.263s
[EST START] 2026-04-20T12:24:00.566944 bottleneck=12 replicate=0 seed=0 estimator=Levina-Bickel k=5 sigma=0.75
[EST DONE] 2026-04-20T12:24:17.248535 bottleneck=12 replicate=0 seed=0 estimator=Levina-Bickel k=5 dur=16.682s
[EST START] 2026-04-20T12:24:17.248701 bottleneck=12 replicate=0 seed=0 estimator=Levina-Bickel k=7 sigma=0.75
[EST DONE] 2026-04-20T12:24:35.090414 bottleneck=12 replicate=0 seed=0 estimator=Levina-Bickel k=7 dur=17.842s
[EST START] 2026-04-20T12:24:35.090571 bottleneck=12 replicate=0 seed=0 estimator=Levina-Bickel k=10 sigma=0.75
[EST DONE] 2026-04-20T12:24:55.089927 bottleneck=12 replicate=0 seed=0 estimator=Levina-Bickel k=10 dur=19.999s
[EST START] 2026-04-20T12:24:55.090111 bottleneck=12 replicate=0 seed=0 estimator=Levina-Bickel k=15 sigma=0.75
[EST DONE] 2026-04-20T12:25:17.534243 bottleneck=12 replicate=0 seed=0 estimator=Levina-Bickel k=15 dur=22.444s
[EST START] 2026-04-20T12:25:17.534464 bottleneck=12 replicate=0 seed=0 estimator=TwoNN k=ALL sigma=0.75
[EST DONE] 2026-04-20T12:25:30.554473 bottleneck=12 replicate=0 seed=0 estimator=TwoNN k=ALL dur=13.020s
[EST START] 2026-04-20T12:25:30.554661 bottleneck=12 replicate=0 seed=0 estimator=lPCA k=3 sigma=0.75
[EST DONE] 2026-04-20T12:26:17.481844 bottleneck=12 replicate=0 seed=0 estimator=lPCA k=3 dur=46.927s
[EST START] 2026-04-20T12:26:17.482023 bottleneck=12 replicate=0 seed=0 estimator=lPCA k=5 sigma=0.75
[EST DONE] 2026-04-20T12:27:08.492938 bottleneck=12 replicate=0 seed=0 estimator=lPCA k=5 dur=51.011s
[EST START] 2026-04-20T12:27:08.493110 bottleneck=12 replicate=0 seed=0 estimator=lPCA k=7 sigma=0.75
[EST DONE] 2026-04-20T12:28:01.468645 bottleneck=12 replicate=0 seed=0 estimator=lPCA k=7 dur=52.975s
[EST START] 2026-04-20T12:28:01.468819 bottleneck=12 replicate=0 seed=0 estimator=lPCA k=10 sigma=0.75
[EST DONE] 2026-04-20T12:28:57.470191 bottleneck=12 replicate=0 seed=0 estimator=lPCA k=10 dur=56.001s
[EST START] 2026-04-20T12:28:57.470372 bottleneck=12 replicate=0 seed=0 estimator=lPCA k=15 sigma=0.75
[EST DONE] 2026-04-20T12:29:58.242282 bottleneck=12 replicate=0 seed=0 estimator=lPCA k=15 dur=60.772s
[EST START] 2026-04-20T12:29:58.242467 bottleneck=12 replicate=0 seed=0 estimator=DANCo k=3 sigma=0.75
[EST DONE] 2026-04-20T12:32:15.468769 bottleneck=12 replicate=0 seed=0 estimator=DANCo k=3 dur=137.226s
[EST START] 2026-04-20T12:32:15.468950 bottleneck=12 replicate=0 seed=0 estimator=DANCo k=5 sigma=0.75
[EST DONE] 2026-04-20T12:34:47.832642 bottleneck=12 replicate=0 seed=0 estimator=DANCo k=5 dur=152.364s
[EST START] 2026-04-20T12:34:47.832823 bottleneck=12 replicate=0 seed=0 estimator=DANCo k=7 sigma=0.75
[EST DONE] 2026-04-20T12:37:34.560020 bottleneck=12 replicate=0 seed=0 estimator=DANCo k=7 dur=166.727s
[EST START] 2026-04-20T12:37:34.560217 bottleneck=12 replicate=0 seed=0 estimator=DANCo k=10 sigma=0.75
[EST DONE] 2026-04-20T12:40:28.221253 bottleneck=12 replicate=0 seed=0 estimator=DANCo k=10 dur=173.661s
[EST START] 2026-04-20T12:40:28.221439 bottleneck=12 replicate=0 seed=0 estimator=DANCo k=15 sigma=0.75
[EST DONE] 2026-04-20T12:43:33.197399 bottleneck=12 replicate=0 seed=0 estimator=DANCo k=15 dur=184.976s
[EST START] 2026-04-20T12:43:33.197583 bottleneck=12 replicate=0 seed=0 estimator=MiND k=3 sigma=0.75
[EST DONE] 2026-04-20T12:43:45.382170 bottleneck=12 replicate=0 seed=0 estimator=MiND k=3 dur=12.185s
[EST START] 2026-04-20T12:43:45.382334 bottleneck=12 replicate=0 seed=0 estimator=MiND k=5 sigma=0.75
[EST DONE] 2026-04-20T12:43:59.574299 bottleneck=12 replicate=0 seed=0 estimator=MiND k=5 dur=14.192s
[EST START] 2026-04-20T12:43:59.574454 bottleneck=12 replicate=0 seed=0 estimator=MiND k=7 sigma=0.75
[EST DONE] 2026-04-20T12:44:17.154085 bottleneck=12 replicate=0 seed=0 estimator=MiND k=7 dur=17.580s
[EST START] 2026-04-20T12:44:17.154234 bottleneck=12 replicate=0 seed=0 estimator=MiND k=10 sigma=0.75
[EST DONE] 2026-04-20T12:44:36.733093 bottleneck=12 replicate=0 seed=0 estimator=MiND k=10 dur=19.579s
[EST START] 2026-04-20T12:44:36.733261 bottleneck=12 replicate=0 seed=0 estimator=MiND k=15 sigma=0.75
[EST DONE] 2026-04-20T12:44:58.834706 bottleneck=12 replicate=0 seed=0 estimator=MiND k=15 dur=22.101s
[EST START] 2026-04-20T12:44:58.834905 bottleneck=12 replicate=0 seed=0 estimator=FisherS k=ALL sigma=0.75
[EST DONE] 2026-04-20T12:49:22.973404 bottleneck=12 replicate=0 seed=0 estimator=FisherS k=ALL dur=264.138s
[EST START] 2026-04-20T12:49:22.973615 bottleneck=12 replicate=0 seed=0 estimator=SMAE k=ALL sigma=0.75
[EST DONE] 2026-04-20T12:50:04.530312 bottleneck=12 replicate=0 seed=0 estimator=SMAE k=ALL dur=41.557s
[EST START] 2026-04-20T12:50:04.556592 bottleneck=12 replicate=0 seed=0 estimator=Levina-Bickel k=3 sigma=1.0
[EST DONE] 2026-04-20T12:50:18.440438 bottleneck=12 replicate=0 seed=0 estimator=Levina-Bickel k=3 dur=13.884s
[EST START] 2026-04-20T12:50:18.440587 bottleneck=12 replicate=0 seed=0 estimator=Levina-Bickel k=5 sigma=1.0
[EST DONE] 2026-04-20T12:50:34.356156 bottleneck=12 replicate=0 seed=0 estimator=Levina-Bickel k=5 dur=15.916s
[EST START] 2026-04-20T12:50:34.356331 bottleneck=12 replicate=0 seed=0 estimator=Levina-Bickel k=7 sigma=1.0
[EST DONE] 2026-04-20T12:50:51.816493 bottleneck=12 replicate=0 seed=0 estimator=Levina-Bickel k=7 dur=17.460s
[EST START] 2026-04-20T12:50:51.816657 bottleneck=12 replicate=0 seed=0 estimator=Levina-Bickel k=10 sigma=1.0
[EST DONE] 2026-04-20T12:51:11.423100 bottleneck=12 replicate=0 seed=0 estimator=Levina-Bickel k=10 dur=19.606s
[EST START] 2026-04-20T12:51:11.423253 bottleneck=12 replicate=0 seed=0 estimator=Levina-Bickel k=15 sigma=1.0
[EST DONE] 2026-04-20T12:51:33.638335 bottleneck=12 replicate=0 seed=0 estimator=Levina-Bickel k=15 dur=22.215s
[EST START] 2026-04-20T12:51:33.638542 bottleneck=12 replicate=0 seed=0 estimator=TwoNN k=ALL sigma=1.0
[EST DONE] 2026-04-20T12:51:46.314797 bottleneck=12 replicate=0 seed=0 estimator=TwoNN k=ALL dur=12.676s
[EST START] 2026-04-20T12:51:46.314974 bottleneck=12 replicate=0 seed=0 estimator=lPCA k=3 sigma=1.0
[EST DONE] 2026-04-20T12:52:31.645602 bottleneck=12 replicate=0 seed=0 estimator=lPCA k=3 dur=45.331s
[EST START] 2026-04-20T12:52:31.645818 bottleneck=12 replicate=0 seed=0 estimator=lPCA k=5 sigma=1.0
[EST DONE] 2026-04-20T12:53:20.058729 bottleneck=12 replicate=0 seed=0 estimator=lPCA k=5 dur=48.413s
[EST START] 2026-04-20T12:53:20.058920 bottleneck=12 replicate=0 seed=0 estimator=lPCA k=7 sigma=1.0
[EST DONE] 2026-04-20T12:54:12.130483 bottleneck=12 replicate=0 seed=0 estimator=lPCA k=7 dur=52.072s
[EST START] 2026-04-20T12:54:12.130661 bottleneck=12 replicate=0 seed=0 estimator=lPCA k=10 sigma=1.0
[EST DONE] 2026-04-20T12:55:05.761248 bottleneck=12 replicate=0 seed=0 estimator=lPCA k=10 dur=53.631s
[EST START] 2026-04-20T12:55:05.761402 bottleneck=12 replicate=0 seed=0 estimator=lPCA k=15 sigma=1.0
[EST DONE] 2026-04-20T12:56:03.108100 bottleneck=12 replicate=0 seed=0 estimator=lPCA k=15 dur=57.347s
[EST START] 2026-04-20T12:56:03.108260 bottleneck=12 replicate=0 seed=0 estimator=DANCo k=3 sigma=1.0
[EST DONE] 2026-04-20T12:58:39.830414 bottleneck=12 replicate=0 seed=0 estimator=DANCo k=3 dur=156.722s
[EST START] 2026-04-20T12:58:39.830580 bottleneck=12 replicate=0 seed=0 estimator=DANCo k=5 sigma=1.0
[EST DONE] 2026-04-20T13:01:20.322252 bottleneck=12 replicate=0 seed=0 estimator=DANCo k=5 dur=160.492s
[EST START] 2026-04-20T13:01:20.322407 bottleneck=12 replicate=0 seed=0 estimator=DANCo k=7 sigma=1.0
[EST DONE] 2026-04-20T13:04:23.439860 bottleneck=12 replicate=0 seed=0 estimator=DANCo k=7 dur=183.117s
[EST START] 2026-04-20T13:04:23.440054 bottleneck=12 replicate=0 seed=0 estimator=DANCo k=10 sigma=1.0
[EST DONE] 2026-04-20T13:07:49.044565 bottleneck=12 replicate=0 seed=0 estimator=DANCo k=10 dur=205.604s
[EST START] 2026-04-20T13:07:49.044761 bottleneck=12 replicate=0 seed=0 estimator=DANCo k=15 sigma=1.0
[EST DONE] 2026-04-20T13:11:24.859086 bottleneck=12 replicate=0 seed=0 estimator=DANCo k=15 dur=215.814s
[EST START] 2026-04-20T13:11:24.859230 bottleneck=12 replicate=0 seed=0 estimator=MiND k=3 sigma=1.0
[EST DONE] 2026-04-20T13:11:37.350497 bottleneck=12 replicate=0 seed=0 estimator=MiND k=3 dur=12.491s
[EST START] 2026-04-20T13:11:37.350661 bottleneck=12 replicate=0 seed=0 estimator=MiND k=5 sigma=1.0
[EST DONE] 2026-04-20T13:11:51.989175 bottleneck=12 replicate=0 seed=0 estimator=MiND k=5 dur=14.638s
[EST START] 2026-04-20T13:11:51.989322 bottleneck=12 replicate=0 seed=0 estimator=MiND k=7 sigma=1.0
[EST DONE] 2026-04-20T13:12:08.265551 bottleneck=12 replicate=0 seed=0 estimator=MiND k=7 dur=16.276s
[EST START] 2026-04-20T13:12:08.265718 bottleneck=12 replicate=0 seed=0 estimator=MiND k=10 sigma=1.0
[EST DONE] 2026-04-20T13:12:28.199713 bottleneck=12 replicate=0 seed=0 estimator=MiND k=10 dur=19.934s
[EST START] 2026-04-20T13:12:28.199857 bottleneck=12 replicate=0 seed=0 estimator=MiND k=15 sigma=1.0
[EST DONE] 2026-04-20T13:12:51.298421 bottleneck=12 replicate=0 seed=0 estimator=MiND k=15 dur=23.099s
[EST START] 2026-04-20T13:12:51.298581 bottleneck=12 replicate=0 seed=0 estimator=FisherS k=ALL sigma=1.0
[EST DONE] 2026-04-20T13:17:18.739694 bottleneck=12 replicate=0 seed=0 estimator=FisherS k=ALL dur=267.441s
[EST START] 2026-04-20T13:17:18.739905 bottleneck=12 replicate=0 seed=0 estimator=SMAE k=ALL sigma=1.0
[EST DONE] 2026-04-20T13:18:11.883390 bottleneck=12 replicate=0 seed=0 estimator=SMAE k=ALL dur=53.143s
[MNIST TASK START] 2026-04-20T13:18:11.883606 bottleneck=15 replicate=0 seed=0
[AE START] seed=0 bottleneck=15 epochs=50 subset=0
[AE EPOCH] epoch=1/50 loss=0.095754 epoch_time=1.33s device=cuda
[AE EPOCH] epoch=2/50 loss=0.052281 epoch_time=1.12s device=cuda
[AE EPOCH] epoch=3/50 loss=0.040356 epoch_time=1.18s device=cuda
[AE EPOCH] epoch=4/50 loss=0.034417 epoch_time=1.31s device=cuda
[AE EPOCH] epoch=5/50 loss=0.030504 epoch_time=1.70s device=cuda
[AE EPOCH] epoch=6/50 loss=0.027599 epoch_time=1.62s device=cuda
[AE EPOCH] epoch=7/50 loss=0.025173 epoch_time=1.58s device=cuda
[AE EPOCH] epoch=8/50 loss=0.023298 epoch_time=1.51s device=cuda
[AE EPOCH] epoch=9/50 loss=0.021989 epoch_time=1.31s device=cuda
[AE EPOCH] epoch=10/50 loss=0.021006 epoch_time=1.40s device=cuda
[AE EPOCH] epoch=11/50 loss=0.020163 epoch_time=1.26s device=cuda
[AE EPOCH] epoch=12/50 loss=0.019449 epoch_time=0.99s device=cuda
[AE EPOCH] epoch=13/50 loss=0.018891 epoch_time=1.37s device=cuda
[AE EPOCH] epoch=14/50 loss=0.018442 epoch_time=1.10s device=cuda
[AE EPOCH] epoch=15/50 loss=0.018061 epoch_time=1.08s device=cuda
[AE EPOCH] epoch=16/50 loss=0.017722 epoch_time=1.07s device=cuda
[AE EPOCH] epoch=17/50 loss=0.017421 epoch_time=1.03s device=cuda
[AE EPOCH] epoch=18/50 loss=0.017150 epoch_time=1.06s device=cuda
[AE EPOCH] epoch=19/50 loss=0.016898 epoch_time=1.31s device=cuda
[AE EPOCH] epoch=20/50 loss=0.016668 epoch_time=1.42s device=cuda
[AE EPOCH] epoch=21/50 loss=0.016448 epoch_time=1.09s device=cuda
[AE EPOCH] epoch=22/50 loss=0.016248 epoch_time=1.09s device=cuda
[AE EPOCH] epoch=23/50 loss=0.016057 epoch_time=1.09s device=cuda
[AE EPOCH] epoch=24/50 loss=0.015875 epoch_time=1.39s device=cuda
[AE EPOCH] epoch=25/50 loss=0.015703 epoch_time=1.15s device=cuda
[AE EPOCH] epoch=26/50 loss=0.015542 epoch_time=1.21s device=cuda
[AE EPOCH] epoch=27/50 loss=0.015389 epoch_time=1.08s device=cuda
[AE EPOCH] epoch=28/50 loss=0.015247 epoch_time=1.08s device=cuda
[AE EPOCH] epoch=29/50 loss=0.015110 epoch_time=1.12s device=cuda
[AE EPOCH] epoch=30/50 loss=0.014980 epoch_time=1.07s device=cuda
[AE EPOCH] epoch=31/50 loss=0.014856 epoch_time=1.02s device=cuda
[AE EPOCH] epoch=32/50 loss=0.014739 epoch_time=1.20s device=cuda
[AE EPOCH] epoch=33/50 loss=0.014628 epoch_time=1.23s device=cuda
[AE EPOCH] epoch=34/50 loss=0.014520 epoch_time=1.07s device=cuda
[AE EPOCH] epoch=35/50 loss=0.014416 epoch_time=1.26s device=cuda
[AE EPOCH] epoch=36/50 loss=0.014318 epoch_time=1.04s device=cuda
[AE EPOCH] epoch=37/50 loss=0.014223 epoch_time=1.09s device=cuda
[AE EPOCH] epoch=38/50 loss=0.014133 epoch_time=1.04s device=cuda
[AE EPOCH] epoch=39/50 loss=0.014044 epoch_time=0.98s device=cuda
[AE EPOCH] epoch=40/50 loss=0.013958 epoch_time=1.38s device=cuda
[AE EPOCH] epoch=41/50 loss=0.013876 epoch_time=1.34s device=cuda
[AE EPOCH] epoch=42/50 loss=0.013796 epoch_time=1.38s device=cuda
[AE EPOCH] epoch=43/50 loss=0.013720 epoch_time=1.12s device=cuda
[AE EPOCH] epoch=44/50 loss=0.013645 epoch_time=1.16s device=cuda
[AE EPOCH] epoch=45/50 loss=0.013570 epoch_time=1.12s device=cuda
[AE EPOCH] epoch=46/50 loss=0.013503 epoch_time=1.03s device=cuda
[AE EPOCH] epoch=47/50 loss=0.013434 epoch_time=1.09s device=cuda
[AE EPOCH] epoch=48/50 loss=0.013367 epoch_time=1.32s device=cuda
[AE EPOCH] epoch=49/50 loss=0.013303 epoch_time=1.41s device=cuda
[AE EPOCH] epoch=50/50 loss=0.013244 epoch_time=1.09s device=cuda
[AE TRAIN COMPLETE] total_time=60.47s
[AE TRAIN COMPLETE] 2026-04-20T13:19:43.089742 bottleneck=15 replicate=0 dur=91.2s seed=0
[EST START] 2026-04-20T13:19:43.123907 bottleneck=15 replicate=0 seed=0 estimator=Levina-Bickel k=3 sigma=0.0
[EST DONE] 2026-04-20T13:20:04.080450 bottleneck=15 replicate=0 seed=0 estimator=Levina-Bickel k=3 dur=20.956s
[EST START] 2026-04-20T13:20:04.080586 bottleneck=15 replicate=0 seed=0 estimator=Levina-Bickel k=5 sigma=0.0
[EST DONE] 2026-04-20T13:20:27.857319 bottleneck=15 replicate=0 seed=0 estimator=Levina-Bickel k=5 dur=23.777s
[EST START] 2026-04-20T13:20:27.857508 bottleneck=15 replicate=0 seed=0 estimator=Levina-Bickel k=7 sigma=0.0
[EST DONE] 2026-04-20T13:20:56.284999 bottleneck=15 replicate=0 seed=0 estimator=Levina-Bickel k=7 dur=28.427s
[EST START] 2026-04-20T13:20:56.285173 bottleneck=15 replicate=0 seed=0 estimator=Levina-Bickel k=10 sigma=0.0
[EST DONE] 2026-04-20T13:21:25.716476 bottleneck=15 replicate=0 seed=0 estimator=Levina-Bickel k=10 dur=29.431s
[EST START] 2026-04-20T13:21:25.716695 bottleneck=15 replicate=0 seed=0 estimator=Levina-Bickel k=15 sigma=0.0
[EST DONE] 2026-04-20T13:21:57.276312 bottleneck=15 replicate=0 seed=0 estimator=Levina-Bickel k=15 dur=31.560s
[EST START] 2026-04-20T13:21:57.276475 bottleneck=15 replicate=0 seed=0 estimator=TwoNN k=ALL sigma=0.0
[EST DONE] 2026-04-20T13:22:15.937966 bottleneck=15 replicate=0 seed=0 estimator=TwoNN k=ALL dur=18.661s
[EST START] 2026-04-20T13:22:15.938187 bottleneck=15 replicate=0 seed=0 estimator=lPCA k=3 sigma=0.0
[EST DONE] 2026-04-20T13:23:07.501025 bottleneck=15 replicate=0 seed=0 estimator=lPCA k=3 dur=51.563s
[EST START] 2026-04-20T13:23:07.501199 bottleneck=15 replicate=0 seed=0 estimator=lPCA k=5 sigma=0.0
[EST DONE] 2026-04-20T13:24:05.491092 bottleneck=15 replicate=0 seed=0 estimator=lPCA k=5 dur=57.990s
[EST START] 2026-04-20T13:24:05.491238 bottleneck=15 replicate=0 seed=0 estimator=lPCA k=7 sigma=0.0
[EST DONE] 2026-04-20T13:25:07.816503 bottleneck=15 replicate=0 seed=0 estimator=lPCA k=7 dur=62.325s
[EST START] 2026-04-20T13:25:07.816691 bottleneck=15 replicate=0 seed=0 estimator=lPCA k=10 sigma=0.0
[EST DONE] 2026-04-20T13:26:15.707378 bottleneck=15 replicate=0 seed=0 estimator=lPCA k=10 dur=67.891s
[EST START] 2026-04-20T13:26:15.707526 bottleneck=15 replicate=0 seed=0 estimator=lPCA k=15 sigma=0.0
[EST DONE] 2026-04-20T13:27:31.991639 bottleneck=15 replicate=0 seed=0 estimator=lPCA k=15 dur=76.284s
[EST START] 2026-04-20T13:27:31.991828 bottleneck=15 replicate=0 seed=0 estimator=DANCo k=3 sigma=0.0
[EST DONE] 2026-04-20T13:32:36.595841 bottleneck=15 replicate=0 seed=0 estimator=DANCo k=3 dur=304.604s
[EST START] 2026-04-20T13:32:36.596040 bottleneck=15 replicate=0 seed=0 estimator=DANCo k=5 sigma=0.0
[EST DONE] 2026-04-20T13:38:13.667219 bottleneck=15 replicate=0 seed=0 estimator=DANCo k=5 dur=337.071s
[EST START] 2026-04-20T13:38:13.667409 bottleneck=15 replicate=0 seed=0 estimator=DANCo k=7 sigma=0.0
[EST DONE] 2026-04-20T13:44:15.150433 bottleneck=15 replicate=0 seed=0 estimator=DANCo k=7 dur=361.483s
[EST START] 2026-04-20T13:44:15.150614 bottleneck=15 replicate=0 seed=0 estimator=DANCo k=10 sigma=0.0
[EST DONE] 2026-04-20T13:50:30.101586 bottleneck=15 replicate=0 seed=0 estimator=DANCo k=10 dur=374.951s
[EST START] 2026-04-20T13:50:30.101761 bottleneck=15 replicate=0 seed=0 estimator=DANCo k=15 sigma=0.0
[EST DONE] 2026-04-20T13:57:14.566336 bottleneck=15 replicate=0 seed=0 estimator=DANCo k=15 dur=404.465s
[EST START] 2026-04-20T13:57:14.566558 bottleneck=15 replicate=0 seed=0 estimator=MiND k=3 sigma=0.0
[EST DONE] 2026-04-20T13:57:37.346985 bottleneck=15 replicate=0 seed=0 estimator=MiND k=3 dur=22.780s
[EST START] 2026-04-20T13:57:37.347127 bottleneck=15 replicate=0 seed=0 estimator=MiND k=5 sigma=0.0
[EST DONE] 2026-04-20T13:58:02.653260 bottleneck=15 replicate=0 seed=0 estimator=MiND k=5 dur=25.306s
[EST START] 2026-04-20T13:58:02.653400 bottleneck=15 replicate=0 seed=0 estimator=MiND k=7 sigma=0.0
[EST DONE] 2026-04-20T13:58:29.256120 bottleneck=15 replicate=0 seed=0 estimator=MiND k=7 dur=26.603s
[EST START] 2026-04-20T13:58:29.256289 bottleneck=15 replicate=0 seed=0 estimator=MiND k=10 sigma=0.0
[EST DONE] 2026-04-20T13:58:58.252782 bottleneck=15 replicate=0 seed=0 estimator=MiND k=10 dur=28.996s
[EST START] 2026-04-20T13:58:58.252954 bottleneck=15 replicate=0 seed=0 estimator=MiND k=15 sigma=0.0
[EST DONE] 2026-04-20T13:59:32.135334 bottleneck=15 replicate=0 seed=0 estimator=MiND k=15 dur=33.882s
[EST START] 2026-04-20T13:59:32.135470 bottleneck=15 replicate=0 seed=0 estimator=FisherS k=ALL sigma=0.0
[EST DONE] 2026-04-20T14:03:49.036118 bottleneck=15 replicate=0 seed=0 estimator=FisherS k=ALL dur=256.901s
[EST START] 2026-04-20T14:03:49.036453 bottleneck=15 replicate=0 seed=0 estimator=SMAE k=ALL sigma=0.0
[EST DONE] 2026-04-20T14:04:36.988195 bottleneck=15 replicate=0 seed=0 estimator=SMAE k=ALL dur=47.952s
[EST START] 2026-04-20T14:04:37.022563 bottleneck=15 replicate=0 seed=0 estimator=Levina-Bickel k=3 sigma=0.25
[EST DONE] 2026-04-20T14:04:56.527905 bottleneck=15 replicate=0 seed=0 estimator=Levina-Bickel k=3 dur=19.505s
[EST START] 2026-04-20T14:04:56.528108 bottleneck=15 replicate=0 seed=0 estimator=Levina-Bickel k=5 sigma=0.25
[EST DONE] 2026-04-20T14:05:21.249446 bottleneck=15 replicate=0 seed=0 estimator=Levina-Bickel k=5 dur=24.721s
[EST START] 2026-04-20T14:05:21.249633 bottleneck=15 replicate=0 seed=0 estimator=Levina-Bickel k=7 sigma=0.25
[EST DONE] 2026-04-20T14:05:48.170669 bottleneck=15 replicate=0 seed=0 estimator=Levina-Bickel k=7 dur=26.921s
[EST START] 2026-04-20T14:05:48.170873 bottleneck=15 replicate=0 seed=0 estimator=Levina-Bickel k=10 sigma=0.25
[EST DONE] 2026-04-20T14:06:18.059641 bottleneck=15 replicate=0 seed=0 estimator=Levina-Bickel k=10 dur=29.889s
[EST START] 2026-04-20T14:06:18.059831 bottleneck=15 replicate=0 seed=0 estimator=Levina-Bickel k=15 sigma=0.25
[EST DONE] 2026-04-20T14:06:48.788880 bottleneck=15 replicate=0 seed=0 estimator=Levina-Bickel k=15 dur=30.729s
[EST START] 2026-04-20T14:06:48.789109 bottleneck=15 replicate=0 seed=0 estimator=TwoNN k=ALL sigma=0.25
[EST DONE] 2026-04-20T14:07:07.151354 bottleneck=15 replicate=0 seed=0 estimator=TwoNN k=ALL dur=18.362s
[EST START] 2026-04-20T14:07:07.151495 bottleneck=15 replicate=0 seed=0 estimator=lPCA k=3 sigma=0.25
[EST DONE] 2026-04-20T14:07:58.055598 bottleneck=15 replicate=0 seed=0 estimator=lPCA k=3 dur=50.904s
[EST START] 2026-04-20T14:07:58.055727 bottleneck=15 replicate=0 seed=0 estimator=lPCA k=5 sigma=0.25
[EST DONE] 2026-04-20T14:08:52.717831 bottleneck=15 replicate=0 seed=0 estimator=lPCA k=5 dur=54.662s
[EST START] 2026-04-20T14:08:52.717981 bottleneck=15 replicate=0 seed=0 estimator=lPCA k=7 sigma=0.25
[EST DONE] 2026-04-20T14:09:54.781088 bottleneck=15 replicate=0 seed=0 estimator=lPCA k=7 dur=62.063s
[EST START] 2026-04-20T14:09:54.781230 bottleneck=15 replicate=0 seed=0 estimator=lPCA k=10 sigma=0.25
[EST DONE] 2026-04-20T14:11:01.610253 bottleneck=15 replicate=0 seed=0 estimator=lPCA k=10 dur=66.829s
[EST START] 2026-04-20T14:11:01.610400 bottleneck=15 replicate=0 seed=0 estimator=lPCA k=15 sigma=0.25
[EST DONE] 2026-04-20T14:12:15.413913 bottleneck=15 replicate=0 seed=0 estimator=lPCA k=15 dur=73.803s
[EST START] 2026-04-20T14:12:15.414114 bottleneck=15 replicate=0 seed=0 estimator=DANCo k=3 sigma=0.25
[EST DONE] 2026-04-20T14:17:11.641226 bottleneck=15 replicate=0 seed=0 estimator=DANCo k=3 dur=296.227s
[EST START] 2026-04-20T14:17:11.641416 bottleneck=15 replicate=0 seed=0 estimator=DANCo k=5 sigma=0.25
[EST DONE] 2026-04-20T14:22:44.085964 bottleneck=15 replicate=0 seed=0 estimator=DANCo k=5 dur=332.445s
[EST START] 2026-04-20T14:22:44.086120 bottleneck=15 replicate=0 seed=0 estimator=DANCo k=7 sigma=0.25
[EST DONE] 2026-04-20T14:27:10.587615 bottleneck=15 replicate=0 seed=0 estimator=DANCo k=7 dur=266.501s
[EST START] 2026-04-20T14:27:10.587773 bottleneck=15 replicate=0 seed=0 estimator=DANCo k=10 sigma=0.25
[EST DONE] 2026-04-20T14:32:20.675333 bottleneck=15 replicate=0 seed=0 estimator=DANCo k=10 dur=310.088s
[EST START] 2026-04-20T14:32:20.675522 bottleneck=15 replicate=0 seed=0 estimator=DANCo k=15 sigma=0.25
[EST DONE] 2026-04-20T14:38:56.221154 bottleneck=15 replicate=0 seed=0 estimator=DANCo k=15 dur=395.546s
[EST START] 2026-04-20T14:38:56.221366 bottleneck=15 replicate=0 seed=0 estimator=MiND k=3 sigma=0.25
[EST DONE] 2026-04-20T14:39:20.934704 bottleneck=15 replicate=0 seed=0 estimator=MiND k=3 dur=24.713s
[EST START] 2026-04-20T14:39:20.934808 bottleneck=15 replicate=0 seed=0 estimator=MiND k=5 sigma=0.25
[EST DONE] 2026-04-20T14:39:46.756001 bottleneck=15 replicate=0 seed=0 estimator=MiND k=5 dur=25.821s
[EST START] 2026-04-20T14:39:46.756158 bottleneck=15 replicate=0 seed=0 estimator=MiND k=7 sigma=0.25
[EST DONE] 2026-04-20T14:40:15.902275 bottleneck=15 replicate=0 seed=0 estimator=MiND k=7 dur=29.146s
[EST START] 2026-04-20T14:40:15.902442 bottleneck=15 replicate=0 seed=0 estimator=MiND k=10 sigma=0.25
[EST DONE] 2026-04-20T14:40:47.330900 bottleneck=15 replicate=0 seed=0 estimator=MiND k=10 dur=31.428s
[EST START] 2026-04-20T14:40:47.331041 bottleneck=15 replicate=0 seed=0 estimator=MiND k=15 sigma=0.25
[EST DONE] 2026-04-20T14:41:22.669520 bottleneck=15 replicate=0 seed=0 estimator=MiND k=15 dur=35.338s
[EST START] 2026-04-20T14:41:22.669672 bottleneck=15 replicate=0 seed=0 estimator=FisherS k=ALL sigma=0.25
[EST DONE] 2026-04-20T14:45:45.306508 bottleneck=15 replicate=0 seed=0 estimator=FisherS k=ALL dur=262.637s
[EST START] 2026-04-20T14:45:45.306819 bottleneck=15 replicate=0 seed=0 estimator=SMAE k=ALL sigma=0.25
[EST DONE] 2026-04-20T14:46:29.342135 bottleneck=15 replicate=0 seed=0 estimator=SMAE k=ALL dur=44.035s
[EST START] 2026-04-20T14:46:29.379042 bottleneck=15 replicate=0 seed=0 estimator=Levina-Bickel k=3 sigma=0.5
[EST DONE] 2026-04-20T14:46:53.140451 bottleneck=15 replicate=0 seed=0 estimator=Levina-Bickel k=3 dur=23.761s
[EST START] 2026-04-20T14:46:53.140629 bottleneck=15 replicate=0 seed=0 estimator=Levina-Bickel k=5 sigma=0.5
[EST DONE] 2026-04-20T14:47:16.777829 bottleneck=15 replicate=0 seed=0 estimator=Levina-Bickel k=5 dur=23.637s
[EST START] 2026-04-20T14:47:16.777964 bottleneck=15 replicate=0 seed=0 estimator=Levina-Bickel k=7 sigma=0.5
[EST DONE] 2026-04-20T14:47:42.706855 bottleneck=15 replicate=0 seed=0 estimator=Levina-Bickel k=7 dur=25.929s
[EST START] 2026-04-20T14:47:42.707046 bottleneck=15 replicate=0 seed=0 estimator=Levina-Bickel k=10 sigma=0.5
[EST DONE] 2026-04-20T14:48:09.356170 bottleneck=15 replicate=0 seed=0 estimator=Levina-Bickel k=10 dur=26.649s
[EST START] 2026-04-20T14:48:09.356332 bottleneck=15 replicate=0 seed=0 estimator=Levina-Bickel k=15 sigma=0.5
[EST DONE] 2026-04-20T14:48:40.115047 bottleneck=15 replicate=0 seed=0 estimator=Levina-Bickel k=15 dur=30.759s
[EST START] 2026-04-20T14:48:40.115255 bottleneck=15 replicate=0 seed=0 estimator=TwoNN k=ALL sigma=0.5
[EST DONE] 2026-04-20T14:48:56.047997 bottleneck=15 replicate=0 seed=0 estimator=TwoNN k=ALL dur=15.933s
[EST START] 2026-04-20T14:48:56.048209 bottleneck=15 replicate=0 seed=0 estimator=lPCA k=3 sigma=0.5
[EST DONE] 2026-04-20T14:49:46.072623 bottleneck=15 replicate=0 seed=0 estimator=lPCA k=3 dur=50.024s
[EST START] 2026-04-20T14:49:46.072774 bottleneck=15 replicate=0 seed=0 estimator=lPCA k=5 sigma=0.5
[EST DONE] 2026-04-20T14:50:41.546659 bottleneck=15 replicate=0 seed=0 estimator=lPCA k=5 dur=55.474s
[EST START] 2026-04-20T14:50:41.546812 bottleneck=15 replicate=0 seed=0 estimator=lPCA k=7 sigma=0.5
[EST DONE] 2026-04-20T14:51:41.856091 bottleneck=15 replicate=0 seed=0 estimator=lPCA k=7 dur=60.309s
[EST START] 2026-04-20T14:51:41.856234 bottleneck=15 replicate=0 seed=0 estimator=lPCA k=10 sigma=0.5
[EST DONE] 2026-04-20T14:52:43.816619 bottleneck=15 replicate=0 seed=0 estimator=lPCA k=10 dur=61.960s
[EST START] 2026-04-20T14:52:43.816800 bottleneck=15 replicate=0 seed=0 estimator=lPCA k=15 sigma=0.5
[EST DONE] 2026-04-20T14:53:58.450545 bottleneck=15 replicate=0 seed=0 estimator=lPCA k=15 dur=74.634s
[EST START] 2026-04-20T14:53:58.450726 bottleneck=15 replicate=0 seed=0 estimator=DANCo k=3 sigma=0.5
[EST DONE] 2026-04-20T14:58:56.164468 bottleneck=15 replicate=0 seed=0 estimator=DANCo k=3 dur=297.714s
[EST START] 2026-04-20T14:58:56.164650 bottleneck=15 replicate=0 seed=0 estimator=DANCo k=5 sigma=0.5
[EST DONE] 2026-04-20T15:04:29.247782 bottleneck=15 replicate=0 seed=0 estimator=DANCo k=5 dur=333.083s
[EST START] 2026-04-20T15:04:29.247982 bottleneck=15 replicate=0 seed=0 estimator=DANCo k=7 sigma=0.5
[EST DONE] 2026-04-20T15:10:34.680017 bottleneck=15 replicate=0 seed=0 estimator=DANCo k=7 dur=365.432s
[EST START] 2026-04-20T15:10:34.680204 bottleneck=15 replicate=0 seed=0 estimator=DANCo k=10 sigma=0.5
[EST DONE] 2026-04-20T15:16:55.676884 bottleneck=15 replicate=0 seed=0 estimator=DANCo k=10 dur=380.997s
[EST START] 2026-04-20T15:16:55.677084 bottleneck=15 replicate=0 seed=0 estimator=DANCo k=15 sigma=0.5
[EST DONE] 2026-04-20T15:23:46.837429 bottleneck=15 replicate=0 seed=0 estimator=DANCo k=15 dur=411.160s
[EST START] 2026-04-20T15:23:46.837621 bottleneck=15 replicate=0 seed=0 estimator=MiND k=3 sigma=0.5
[EST DONE] 2026-04-20T15:24:12.689941 bottleneck=15 replicate=0 seed=0 estimator=MiND k=3 dur=25.852s
[EST START] 2026-04-20T15:24:12.690105 bottleneck=15 replicate=0 seed=0 estimator=MiND k=5 sigma=0.5
[EST DONE] 2026-04-20T15:24:41.721011 bottleneck=15 replicate=0 seed=0 estimator=MiND k=5 dur=29.031s
[EST START] 2026-04-20T15:24:41.721198 bottleneck=15 replicate=0 seed=0 estimator=MiND k=7 sigma=0.5
[EST DONE] 2026-04-20T15:25:12.853783 bottleneck=15 replicate=0 seed=0 estimator=MiND k=7 dur=31.133s
[EST START] 2026-04-20T15:25:12.853964 bottleneck=15 replicate=0 seed=0 estimator=MiND k=10 sigma=0.5
[EST DONE] 2026-04-20T15:25:45.524369 bottleneck=15 replicate=0 seed=0 estimator=MiND k=10 dur=32.670s
[EST START] 2026-04-20T15:25:45.524534 bottleneck=15 replicate=0 seed=0 estimator=MiND k=15 sigma=0.5
[EST DONE] 2026-04-20T15:26:20.624156 bottleneck=15 replicate=0 seed=0 estimator=MiND k=15 dur=35.100s
[EST START] 2026-04-20T15:26:20.624331 bottleneck=15 replicate=0 seed=0 estimator=FisherS k=ALL sigma=0.5
[EST DONE] 2026-04-20T15:30:38.899675 bottleneck=15 replicate=0 seed=0 estimator=FisherS k=ALL dur=258.275s
[EST START] 2026-04-20T15:30:38.899923 bottleneck=15 replicate=0 seed=0 estimator=SMAE k=ALL sigma=0.5
[EST DONE] 2026-04-20T15:31:22.727568 bottleneck=15 replicate=0 seed=0 estimator=SMAE k=ALL dur=43.828s
[EST START] 2026-04-20T15:31:22.753545 bottleneck=15 replicate=0 seed=0 estimator=Levina-Bickel k=3 sigma=0.75
[EST DONE] 2026-04-20T15:31:45.776103 bottleneck=15 replicate=0 seed=0 estimator=Levina-Bickel k=3 dur=23.022s
[EST START] 2026-04-20T15:31:45.776302 bottleneck=15 replicate=0 seed=0 estimator=Levina-Bickel k=5 sigma=0.75
[EST DONE] 2026-04-20T15:32:13.655798 bottleneck=15 replicate=0 seed=0 estimator=Levina-Bickel k=5 dur=27.879s
[EST START] 2026-04-20T15:32:13.655973 bottleneck=15 replicate=0 seed=0 estimator=Levina-Bickel k=7 sigma=0.75
[EST DONE] 2026-04-20T15:32:41.878080 bottleneck=15 replicate=0 seed=0 estimator=Levina-Bickel k=7 dur=28.222s
[EST START] 2026-04-20T15:32:41.878250 bottleneck=15 replicate=0 seed=0 estimator=Levina-Bickel k=10 sigma=0.75
[EST DONE] 2026-04-20T15:33:14.790284 bottleneck=15 replicate=0 seed=0 estimator=Levina-Bickel k=10 dur=32.912s
[EST START] 2026-04-20T15:33:14.790444 bottleneck=15 replicate=0 seed=0 estimator=Levina-Bickel k=15 sigma=0.75
[EST DONE] 2026-04-20T15:33:50.157580 bottleneck=15 replicate=0 seed=0 estimator=Levina-Bickel k=15 dur=35.367s
[EST START] 2026-04-20T15:33:50.157780 bottleneck=15 replicate=0 seed=0 estimator=TwoNN k=ALL sigma=0.75
[EST DONE] 2026-04-20T15:34:11.645477 bottleneck=15 replicate=0 seed=0 estimator=TwoNN k=ALL dur=21.488s
[EST START] 2026-04-20T15:34:11.645698 bottleneck=15 replicate=0 seed=0 estimator=lPCA k=3 sigma=0.75
[EST DONE] 2026-04-20T15:35:05.764712 bottleneck=15 replicate=0 seed=0 estimator=lPCA k=3 dur=54.119s
[EST START] 2026-04-20T15:35:05.764881 bottleneck=15 replicate=0 seed=0 estimator=lPCA k=5 sigma=0.75
[EST DONE] 2026-04-20T15:36:04.719012 bottleneck=15 replicate=0 seed=0 estimator=lPCA k=5 dur=58.954s
[EST START] 2026-04-20T15:36:04.719186 bottleneck=15 replicate=0 seed=0 estimator=lPCA k=7 sigma=0.75
[EST DONE] 2026-04-20T15:37:09.483163 bottleneck=15 replicate=0 seed=0 estimator=lPCA k=7 dur=64.764s
[EST START] 2026-04-20T15:37:09.483339 bottleneck=15 replicate=0 seed=0 estimator=lPCA k=10 sigma=0.75
[EST DONE] 2026-04-20T15:38:18.754578 bottleneck=15 replicate=0 seed=0 estimator=lPCA k=10 dur=69.271s
[EST START] 2026-04-20T15:38:18.754746 bottleneck=15 replicate=0 seed=0 estimator=lPCA k=15 sigma=0.75
[EST DONE] 2026-04-20T15:39:35.222473 bottleneck=15 replicate=0 seed=0 estimator=lPCA k=15 dur=76.468s
[EST START] 2026-04-20T15:39:35.222651 bottleneck=15 replicate=0 seed=0 estimator=DANCo k=3 sigma=0.75
[EST DONE] 2026-04-20T15:44:38.067889 bottleneck=15 replicate=0 seed=0 estimator=DANCo k=3 dur=302.845s
[EST START] 2026-04-20T15:44:38.068091 bottleneck=15 replicate=0 seed=0 estimator=DANCo k=5 sigma=0.75
[EST DONE] 2026-04-20T15:49:57.177042 bottleneck=15 replicate=0 seed=0 estimator=DANCo k=5 dur=319.109s
[EST START] 2026-04-20T15:49:57.177212 bottleneck=15 replicate=0 seed=0 estimator=DANCo k=7 sigma=0.75
[EST DONE] 2026-04-20T15:55:52.579775 bottleneck=15 replicate=0 seed=0 estimator=DANCo k=7 dur=355.403s
[EST START] 2026-04-20T15:55:52.579971 bottleneck=15 replicate=0 seed=0 estimator=DANCo k=10 sigma=0.75
[EST DONE] 2026-04-20T16:01:43.397460 bottleneck=15 replicate=0 seed=0 estimator=DANCo k=10 dur=350.817s
[EST START] 2026-04-20T16:01:43.397687 bottleneck=15 replicate=0 seed=0 estimator=DANCo k=15 sigma=0.75
[EST DONE] 2026-04-20T16:08:34.632778 bottleneck=15 replicate=0 seed=0 estimator=DANCo k=15 dur=411.235s
[EST START] 2026-04-20T16:08:34.633043 bottleneck=15 replicate=0 seed=0 estimator=MiND k=3 sigma=0.75
[EST DONE] 2026-04-20T16:09:02.788877 bottleneck=15 replicate=0 seed=0 estimator=MiND k=3 dur=28.156s
[EST START] 2026-04-20T16:09:02.789051 bottleneck=15 replicate=0 seed=0 estimator=MiND k=5 sigma=0.75
[EST DONE] 2026-04-20T16:09:33.701313 bottleneck=15 replicate=0 seed=0 estimator=MiND k=5 dur=30.912s
[EST START] 2026-04-20T16:09:33.701472 bottleneck=15 replicate=0 seed=0 estimator=MiND k=7 sigma=0.75
[EST DONE] 2026-04-20T16:10:05.761746 bottleneck=15 replicate=0 seed=0 estimator=MiND k=7 dur=32.060s
[EST START] 2026-04-20T16:10:05.761917 bottleneck=15 replicate=0 seed=0 estimator=MiND k=10 sigma=0.75
[EST DONE] 2026-04-20T16:10:40.574585 bottleneck=15 replicate=0 seed=0 estimator=MiND k=10 dur=34.813s
[EST START] 2026-04-20T16:10:40.574758 bottleneck=15 replicate=0 seed=0 estimator=MiND k=15 sigma=0.75
[EST DONE] 2026-04-20T16:11:20.358835 bottleneck=15 replicate=0 seed=0 estimator=MiND k=15 dur=39.784s
[EST START] 2026-04-20T16:11:20.359000 bottleneck=15 replicate=0 seed=0 estimator=FisherS k=ALL sigma=0.75
[EST DONE] 2026-04-20T16:15:25.883835 bottleneck=15 replicate=0 seed=0 estimator=FisherS k=ALL dur=245.525s
[EST START] 2026-04-20T16:15:25.884043 bottleneck=15 replicate=0 seed=0 estimator=SMAE k=ALL sigma=0.75
[EST DONE] 2026-04-20T16:16:12.350962 bottleneck=15 replicate=0 seed=0 estimator=SMAE k=ALL dur=46.467s
[EST START] 2026-04-20T16:16:12.383758 bottleneck=15 replicate=0 seed=0 estimator=Levina-Bickel k=3 sigma=1.0
[EST DONE] 2026-04-20T16:16:38.890939 bottleneck=15 replicate=0 seed=0 estimator=Levina-Bickel k=3 dur=26.507s
[EST START] 2026-04-20T16:16:38.891080 bottleneck=15 replicate=0 seed=0 estimator=Levina-Bickel k=5 sigma=1.0
[EST DONE] 2026-04-20T16:17:09.323774 bottleneck=15 replicate=0 seed=0 estimator=Levina-Bickel k=5 dur=30.433s
[EST START] 2026-04-20T16:17:09.323940 bottleneck=15 replicate=0 seed=0 estimator=Levina-Bickel k=7 sigma=1.0
[EST DONE] 2026-04-20T16:17:43.537525 bottleneck=15 replicate=0 seed=0 estimator=Levina-Bickel k=7 dur=34.214s
[EST START] 2026-04-20T16:17:43.537750 bottleneck=15 replicate=0 seed=0 estimator=Levina-Bickel k=10 sigma=1.0
[EST DONE] 2026-04-20T16:18:19.139438 bottleneck=15 replicate=0 seed=0 estimator=Levina-Bickel k=10 dur=35.602s
[EST START] 2026-04-20T16:18:19.139628 bottleneck=15 replicate=0 seed=0 estimator=Levina-Bickel k=15 sigma=1.0
[EST DONE] 2026-04-20T16:19:01.404835 bottleneck=15 replicate=0 seed=0 estimator=Levina-Bickel k=15 dur=42.265s
[EST START] 2026-04-20T16:19:01.405056 bottleneck=15 replicate=0 seed=0 estimator=TwoNN k=ALL sigma=1.0
[EST DONE] 2026-04-20T16:19:25.277770 bottleneck=15 replicate=0 seed=0 estimator=TwoNN k=ALL dur=23.873s
[EST START] 2026-04-20T16:19:25.277974 bottleneck=15 replicate=0 seed=0 estimator=lPCA k=3 sigma=1.0
[EST DONE] 2026-04-20T16:20:25.081972 bottleneck=15 replicate=0 seed=0 estimator=lPCA k=3 dur=59.804s
[EST START] 2026-04-20T16:20:25.082130 bottleneck=15 replicate=0 seed=0 estimator=lPCA k=5 sigma=1.0
[EST DONE] 2026-04-20T16:21:30.665391 bottleneck=15 replicate=0 seed=0 estimator=lPCA k=5 dur=65.583s
[EST START] 2026-04-20T16:21:30.665605 bottleneck=15 replicate=0 seed=0 estimator=lPCA k=7 sigma=1.0
[EST DONE] 2026-04-20T16:22:40.558352 bottleneck=15 replicate=0 seed=0 estimator=lPCA k=7 dur=69.893s
[EST START] 2026-04-20T16:22:40.558541 bottleneck=15 replicate=0 seed=0 estimator=lPCA k=10 sigma=1.0
[EST DONE] 2026-04-20T16:23:56.670873 bottleneck=15 replicate=0 seed=0 estimator=lPCA k=10 dur=76.112s
[EST START] 2026-04-20T16:23:56.671085 bottleneck=15 replicate=0 seed=0 estimator=lPCA k=15 sigma=1.0
[EST DONE] 2026-04-20T16:25:17.866559 bottleneck=15 replicate=0 seed=0 estimator=lPCA k=15 dur=81.195s
[EST START] 2026-04-20T16:25:17.866725 bottleneck=15 replicate=0 seed=0 estimator=DANCo k=3 sigma=1.0
[EST DONE] 2026-04-20T16:30:18.485835 bottleneck=15 replicate=0 seed=0 estimator=DANCo k=3 dur=300.619s
[EST START] 2026-04-20T16:30:18.485977 bottleneck=15 replicate=0 seed=0 estimator=DANCo k=5 sigma=1.0
[EST DONE] 2026-04-20T16:36:00.547056 bottleneck=15 replicate=0 seed=0 estimator=DANCo k=5 dur=342.061s
[EST START] 2026-04-20T16:36:00.547237 bottleneck=15 replicate=0 seed=0 estimator=DANCo k=7 sigma=1.0
[EST DONE] 2026-04-20T16:41:49.275790 bottleneck=15 replicate=0 seed=0 estimator=DANCo k=7 dur=348.729s
[EST START] 2026-04-20T16:41:49.275969 bottleneck=15 replicate=0 seed=0 estimator=DANCo k=10 sigma=1.0
[EST DONE] 2026-04-20T16:48:04.323724 bottleneck=15 replicate=0 seed=0 estimator=DANCo k=10 dur=375.048s
[EST START] 2026-04-20T16:48:04.323919 bottleneck=15 replicate=0 seed=0 estimator=DANCo k=15 sigma=1.0
[EST DONE] 2026-04-20T16:53:58.441931 bottleneck=15 replicate=0 seed=0 estimator=DANCo k=15 dur=354.118s
[EST START] 2026-04-20T16:53:58.442097 bottleneck=15 replicate=0 seed=0 estimator=MiND k=3 sigma=1.0
[EST DONE] 2026-04-20T16:54:27.934436 bottleneck=15 replicate=0 seed=0 estimator=MiND k=3 dur=29.492s
[EST START] 2026-04-20T16:54:27.934615 bottleneck=15 replicate=0 seed=0 estimator=MiND k=5 sigma=1.0
[EST DONE] 2026-04-20T16:55:02.016240 bottleneck=15 replicate=0 seed=0 estimator=MiND k=5 dur=34.082s
[EST START] 2026-04-20T16:55:02.016412 bottleneck=15 replicate=0 seed=0 estimator=MiND k=7 sigma=1.0
[EST DONE] 2026-04-20T16:55:39.203348 bottleneck=15 replicate=0 seed=0 estimator=MiND k=7 dur=37.187s
[EST START] 2026-04-20T16:55:39.203539 bottleneck=15 replicate=0 seed=0 estimator=MiND k=10 sigma=1.0
[EST DONE] 2026-04-20T16:56:19.559115 bottleneck=15 replicate=0 seed=0 estimator=MiND k=10 dur=40.356s
[EST START] 2026-04-20T16:56:19.559311 bottleneck=15 replicate=0 seed=0 estimator=MiND k=15 sigma=1.0
[EST DONE] 2026-04-20T16:57:01.488165 bottleneck=15 replicate=0 seed=0 estimator=MiND k=15 dur=41.929s
[EST START] 2026-04-20T16:57:01.488330 bottleneck=15 replicate=0 seed=0 estimator=FisherS k=ALL sigma=1.0
[EST DONE] 2026-04-20T17:01:14.937728 bottleneck=15 replicate=0 seed=0 estimator=FisherS k=ALL dur=253.449s
[EST START] 2026-04-20T17:01:14.937942 bottleneck=15 replicate=0 seed=0 estimator=SMAE k=ALL sigma=1.0
[EST DONE] 2026-04-20T17:02:03.457107 bottleneck=15 replicate=0 seed=0 estimator=SMAE k=ALL dur=48.519s
Wrote per-task mnist results to results/mnist_large.task0.csv
Saved results/mnist_large.csv
Making reduced plots...
Saved plots under results/figs_large
