Starting large worker on zuber at Fri May  1 12:30:12 PM EDT 2026; workdir=/local/scratch/cfikes/CS_534_ML_project; user=cfikes; task=1
large
Running synthetic large experiments...
[TASK START] 2026-05-01T12:30:16.747574 manifold=sphere d=5 sigma=0.0 n=5000 seed=1
[TASK START] 2026-05-01T12:30:16.747712 manifold=sphere d=5 sigma=0.25 n=5000 seed=1
[TASK START] 2026-05-01T12:30:16.747894 manifold=sphere d=5 sigma=0.5 n=5000 seed=1
[TASK START] 2026-05-01T12:30:16.747967 manifold=sphere d=5 sigma=0.75 n=5000 seed=1
[TASK START] 2026-05-01T12:30:16.759581 manifold=sphere d=7 sigma=0.0 n=5000 seed=1
[TASK START] 2026-05-01T12:30:16.767651 manifold=sphere d=5 sigma=1.0 n=5000 seed=1
[EST DONE] 2026-05-01T12:30:17.179712 estimator=Levina-Bickel k=3 dur=0.098s seed=1
[EST DONE] 2026-05-01T12:30:17.211506 estimator=Levina-Bickel k=3 dur=0.083s seed=1
[EST DONE] 2026-05-01T12:30:17.228206 estimator=Levina-Bickel k=3 dur=0.091s seed=1
[EST DONE] 2026-05-01T12:30:17.241833 estimator=Levina-Bickel k=3 dur=0.101s seed=1
[EST DONE] 2026-05-01T12:30:17.286173 estimator=Levina-Bickel k=3 dur=0.104s seed=1
[EST DONE] 2026-05-01T12:30:17.294532 estimator=Levina-Bickel k=5 dur=0.115s seed=1
[EST DONE] 2026-05-01T12:30:17.310457 estimator=Levina-Bickel k=5 dur=0.099s seed=1
[EST DONE] 2026-05-01T12:30:17.335969 estimator=Levina-Bickel k=5 dur=0.108s seed=1
[EST DONE] 2026-05-01T12:30:17.360149 estimator=Levina-Bickel k=5 dur=0.118s seed=1
[EST DONE] 2026-05-01T12:30:17.407302 estimator=Levina-Bickel k=5 dur=0.121s seed=1
[EST DONE] 2026-05-01T12:30:17.421741 estimator=Levina-Bickel k=7 dur=0.111s seed=1
[EST DONE] 2026-05-01T12:30:17.421919 estimator=Levina-Bickel k=7 dur=0.127s seed=1
[EST DONE] 2026-05-01T12:30:17.456183 estimator=Levina-Bickel k=7 dur=0.120s seed=1
[EST DONE] 2026-05-01T12:30:17.462821 estimator=Levina-Bickel k=3 dur=0.213s seed=1
[EST DONE] 2026-05-01T12:30:17.491616 estimator=Levina-Bickel k=7 dur=0.131s seed=1
[EST DONE] 2026-05-01T12:30:17.541738 estimator=Levina-Bickel k=7 dur=0.134s seed=1
[EST DONE] 2026-05-01T12:30:17.549049 estimator=Levina-Bickel k=10 dur=0.127s seed=1
[EST DONE] 2026-05-01T12:30:17.565779 estimator=Levina-Bickel k=10 dur=0.144s seed=1
[EST DONE] 2026-05-01T12:30:17.592302 estimator=Levina-Bickel k=10 dur=0.136s seed=1
[EST DONE] 2026-05-01T12:30:17.640503 estimator=Levina-Bickel k=10 dur=0.149s seed=1
[EST DONE] 2026-05-01T12:30:17.694351 estimator=Levina-Bickel k=10 dur=0.153s seed=1
[EST DONE] 2026-05-01T12:30:17.698425 estimator=Levina-Bickel k=15 dur=0.149s seed=1
[EST DONE] 2026-05-01T12:30:17.711266 estimator=Levina-Bickel k=5 dur=0.248s seed=1
[EST DONE] 2026-05-01T12:30:17.733443 estimator=Levina-Bickel k=15 dur=0.168s seed=1
[EST DONE] 2026-05-01T12:30:17.750473 estimator=Levina-Bickel k=15 dur=0.158s seed=1
[EST DONE] 2026-05-01T12:30:17.771666 estimator=TwoNN (no-k) dur=0.073s seed=1
[EST DONE] 2026-05-01T12:30:17.812411 estimator=Levina-Bickel k=15 dur=0.172s seed=1
[EST DONE] 2026-05-01T12:30:17.820372 estimator=TwoNN (no-k) dur=0.087s seed=1
[EST DONE] 2026-05-01T12:30:17.832052 estimator=TwoNN (no-k) dur=0.081s seed=1
[EST DONE] 2026-05-01T12:30:17.869819 estimator=Levina-Bickel k=15 dur=0.175s seed=1
[EST DONE] 2026-05-01T12:30:17.901924 estimator=TwoNN (no-k) dur=0.089s seed=1
[EST DONE] 2026-05-01T12:30:17.956064 estimator=TwoNN (no-k) dur=0.086s seed=1
[EST DONE] 2026-05-01T12:30:17.988320 estimator=Levina-Bickel k=7 dur=0.277s seed=1
[EST DONE] 2026-05-01T12:30:18.344917 estimator=Levina-Bickel k=10 dur=0.356s seed=1
[EST DONE] 2026-05-01T12:30:18.765508 estimator=Levina-Bickel k=15 dur=0.420s seed=1
[EST DONE] 2026-05-01T12:30:18.993271 estimator=TwoNN (no-k) dur=0.228s seed=1
[EST DONE] 2026-05-01T12:30:25.231173 estimator=lPCA k=3 dur=3.720s seed=1
[EST DONE] 2026-05-01T12:30:25.265903 estimator=lPCA k=3 dur=3.739s seed=1
[EST DONE] 2026-05-01T12:30:25.289030 estimator=lPCA k=3 dur=3.763s seed=1
[EST DONE] 2026-05-01T12:30:25.410149 estimator=lPCA k=3 dur=3.761s seed=1
[EST DONE] 2026-05-01T12:30:25.493971 estimator=lPCA k=3 dur=3.769s seed=1
[EST DONE] 2026-05-01T12:30:27.118699 estimator=lPCA k=3 dur=4.046s seed=1
[EST DONE] 2026-05-01T12:30:29.025436 estimator=lPCA k=5 dur=3.794s seed=1
[EST DONE] 2026-05-01T12:30:29.082565 estimator=lPCA k=5 dur=3.817s seed=1
[EST DONE] 2026-05-01T12:30:29.114854 estimator=lPCA k=5 dur=3.826s seed=1
[EST DONE] 2026-05-01T12:30:29.253675 estimator=lPCA k=5 dur=3.843s seed=1
[EST DONE] 2026-05-01T12:30:29.343219 estimator=lPCA k=5 dur=3.849s seed=1
[EST DONE] 2026-05-01T12:30:31.323410 estimator=lPCA k=5 dur=4.205s seed=1
[EST DONE] 2026-05-01T12:30:32.907035 estimator=lPCA k=7 dur=3.881s seed=1
[EST DONE] 2026-05-01T12:30:32.984667 estimator=lPCA k=7 dur=3.902s seed=1
[EST DONE] 2026-05-01T12:30:33.030960 estimator=lPCA k=7 dur=3.916s seed=1
[EST DONE] 2026-05-01T12:30:33.181597 estimator=lPCA k=7 dur=3.928s seed=1
[EST DONE] 2026-05-01T12:30:33.287019 estimator=lPCA k=7 dur=3.944s seed=1
[EST DONE] 2026-05-01T12:30:35.808202 estimator=lPCA k=7 dur=4.485s seed=1
[EST DONE] 2026-05-01T12:30:37.325776 estimator=lPCA k=10 dur=4.419s seed=1
[EST DONE] 2026-05-01T12:30:37.361789 estimator=lPCA k=10 dur=4.331s seed=1
[EST DONE] 2026-05-01T12:30:37.441836 estimator=lPCA k=10 dur=4.457s seed=1
[EST DONE] 2026-05-01T12:30:37.702161 estimator=lPCA k=10 dur=4.520s seed=1
[EST DONE] 2026-05-01T12:30:37.823856 estimator=lPCA k=10 dur=4.537s seed=1
[EST DONE] 2026-05-01T12:30:40.638395 estimator=lPCA k=10 dur=4.830s seed=1
[EST DONE] 2026-05-01T12:30:41.825339 estimator=lPCA k=15 dur=4.463s seed=1
[EST DONE] 2026-05-01T12:30:41.991471 estimator=lPCA k=15 dur=4.666s seed=1
[EST DONE] 2026-05-01T12:30:42.056294 estimator=lPCA k=15 dur=4.614s seed=1
[EST DONE] 2026-05-01T12:30:42.352389 estimator=lPCA k=15 dur=4.650s seed=1
[EST DONE] 2026-05-01T12:30:42.562084 estimator=lPCA k=15 dur=4.738s seed=1
[EST DONE] 2026-05-01T12:30:45.360605 estimator=lPCA k=15 dur=4.722s seed=1
[EST DONE] 2026-05-01T12:35:16.521441 estimator=DANCo k=3 dur=136.531s seed=1
[EST DONE] 2026-05-01T12:35:20.228238 estimator=DANCo k=3 dur=138.070s seed=1
[EST DONE] 2026-05-01T12:35:21.987464 estimator=DANCo k=3 dur=137.167s seed=1
[EST DONE] 2026-05-01T12:35:22.395746 estimator=DANCo k=3 dur=138.064s seed=1
[EST DONE] 2026-05-01T12:35:24.870728 estimator=DANCo k=3 dur=138.152s seed=1
[EST DONE] 2026-05-01T12:35:27.691837 estimator=DANCo k=3 dur=138.777s seed=1
[EST DONE] 2026-05-01T12:37:38.069137 estimator=DANCo k=5 dur=136.081s seed=1
[EST DONE] 2026-05-01T12:37:38.134249 estimator=DANCo k=5 dur=141.613s seed=1
[EST DONE] 2026-05-01T12:37:39.954395 estimator=DANCo k=5 dur=139.726s seed=1
[EST DONE] 2026-05-01T12:37:43.225736 estimator=DANCo k=5 dur=140.830s seed=1
[EST DONE] 2026-05-01T12:37:47.794846 estimator=DANCo k=5 dur=142.924s seed=1
[EST DONE] 2026-05-01T12:37:53.954556 estimator=DANCo k=5 dur=146.263s seed=1
[EST DONE] 2026-05-01T12:39:59.353766 estimator=DANCo k=7 dur=141.219s seed=1
[EST DONE] 2026-05-01T12:40:00.691455 estimator=DANCo k=7 dur=142.622s seed=1
[EST DONE] 2026-05-01T12:40:04.495648 estimator=DANCo k=7 dur=144.541s seed=1
[EST DONE] 2026-05-01T12:40:09.257777 estimator=DANCo k=7 dur=146.032s seed=1
[EST DONE] 2026-05-01T12:40:13.852067 estimator=DANCo k=7 dur=146.057s seed=1
[EST DONE] 2026-05-01T12:40:17.361418 estimator=DANCo k=7 dur=143.407s seed=1
[EST DONE] 2026-05-01T12:42:25.091027 estimator=DANCo k=10 dur=145.737s seed=1
[EST DONE] 2026-05-01T12:42:25.286382 estimator=DANCo k=10 dur=144.595s seed=1
[EST DONE] 2026-05-01T12:42:29.788125 estimator=DANCo k=10 dur=145.292s seed=1
[EST DONE] 2026-05-01T12:42:36.766222 estimator=DANCo k=10 dur=147.508s seed=1
[EST DONE] 2026-05-01T12:42:40.988169 estimator=DANCo k=10 dur=147.136s seed=1
[EST DONE] 2026-05-01T12:42:47.894494 estimator=DANCo k=10 dur=150.533s seed=1
[EST DONE] 2026-05-01T12:44:59.953680 estimator=DANCo k=15 dur=154.863s seed=1
[EST DONE] 2026-05-01T12:45:00.184551 estimator=DANCo k=15 dur=154.898s seed=1
[EST DONE] 2026-05-01T12:45:05.364751 estimator=DANCo k=15 dur=155.576s seed=1
[EST DONE] 2026-05-01T12:45:14.331484 estimator=DANCo k=15 dur=157.565s seed=1
[EST DONE] 2026-05-01T12:45:23.372182 estimator=DANCo k=15 dur=162.384s seed=1
[EST DONE] 2026-05-01T12:45:30.565331 estimator=DANCo k=15 dur=162.671s seed=1
[EST DONE] 2026-05-01T13:23:08.346001 estimator=MiND k=3 dur=1144.874s seed=1
[EST DONE] 2026-05-01T13:23:25.888849 estimator=MiND k=3 dur=1155.835s seed=1
[EST DONE] 2026-05-01T13:23:27.724640 estimator=MiND k=3 dur=1154.857s seed=1
[EST DONE] 2026-05-01T13:23:32.082494 estimator=MiND k=3 dur=1153.094s seed=1
[EST DONE] 2026-05-01T13:23:50.216299 estimator=MiND k=3 dur=1157.128s seed=1
[EST DONE] 2026-05-01T13:23:58.654571 estimator=MiND k=3 dur=1157.899s seed=1
[EST DONE] 2026-05-01T13:42:19.670595 estimator=MiND k=5 dur=1151.324s seed=1
[EST DONE] 2026-05-01T13:42:37.432627 estimator=MiND k=5 dur=1151.544s seed=1
[EST DONE] 2026-05-01T13:42:39.917986 estimator=MiND k=5 dur=1152.193s seed=1
[EST DONE] 2026-05-01T13:42:43.901238 estimator=MiND k=5 dur=1151.819s seed=1
[EST DONE] 2026-05-01T13:43:07.557884 estimator=MiND k=5 dur=1157.341s seed=1
[EST DONE] 2026-05-01T13:43:07.999016 estimator=MiND k=5 dur=1149.344s seed=1
[EST DONE] 2026-05-01T14:01:27.378632 estimator=MiND k=7 dur=1147.708s seed=1
[EST DONE] 2026-05-01T14:01:49.522051 estimator=MiND k=7 dur=1145.621s seed=1
[EST DONE] 2026-05-01T14:01:51.568113 estimator=MiND k=7 dur=1154.135s seed=1
[EST DONE] 2026-05-01T14:01:53.517992 estimator=MiND k=7 dur=1153.600s seed=1
[EST DONE] 2026-05-01T14:02:19.443677 estimator=MiND k=7 dur=1151.886s seed=1
[EST DONE] 2026-05-01T14:02:28.324437 estimator=MiND k=7 dur=1160.325s seed=1
[EST DONE] 2026-05-01T14:20:40.628047 estimator=MiND k=10 dur=1153.249s seed=1
[EST DONE] 2026-05-01T14:20:58.778774 estimator=MiND k=10 dur=1145.261s seed=1
[EST DONE] 2026-05-01T14:21:03.334815 estimator=MiND k=10 dur=1153.813s seed=1
[EST DONE] 2026-05-01T14:21:08.307093 estimator=MiND k=10 dur=1156.739s seed=1
[EST DONE] 2026-05-01T14:21:31.536051 estimator=MiND k=10 dur=1152.092s seed=1
[EST DONE] 2026-05-01T14:21:43.884450 estimator=MiND k=10 dur=1155.560s seed=1
[EST DONE] 2026-05-01T14:39:47.726333 estimator=MiND k=15 dur=1147.098s seed=1
[EST DONE] 2026-05-01T14:39:59.290608 estimator=FisherS (no-k) dur=11.564s seed=1
[TASK END] 2026-05-01T14:39:59.294991 manifold=sphere d=5 sigma=0.0 seed=1 duration=7782.547s
[TASK START] 2026-05-01T14:39:59.296435 manifold=sphere d=7 sigma=0.25 n=5000 seed=1
[EST DONE] 2026-05-01T14:40:00.904613 estimator=Levina-Bickel k=3 dur=0.959s seed=1
[EST DONE] 2026-05-01T14:40:01.284110 estimator=Levina-Bickel k=5 dur=0.379s seed=1
[EST DONE] 2026-05-01T14:40:01.784995 estimator=Levina-Bickel k=7 dur=0.501s seed=1
[EST DONE] 2026-05-01T14:40:02.353538 estimator=Levina-Bickel k=10 dur=0.568s seed=1
[EST DONE] 2026-05-01T14:40:02.964524 estimator=Levina-Bickel k=15 dur=0.611s seed=1
[EST DONE] 2026-05-01T14:40:03.291375 estimator=TwoNN (no-k) dur=0.327s seed=1
[EST DONE] 2026-05-01T14:40:12.026034 estimator=MiND k=15 dur=1153.247s seed=1
[EST DONE] 2026-05-01T14:40:13.919897 estimator=lPCA k=3 dur=5.498s seed=1
[EST DONE] 2026-05-01T14:40:20.509994 estimator=MiND k=15 dur=1157.175s seed=1
[EST DONE] 2026-05-01T14:40:20.639144 estimator=MiND k=15 dur=1152.332s seed=1
[EST DONE] 2026-05-01T14:40:22.299311 estimator=lPCA k=5 dur=8.379s seed=1
[EST DONE] 2026-05-01T14:40:25.681251 estimator=FisherS (no-k) dur=13.655s seed=1
[TASK END] 2026-05-01T14:40:25.681388 manifold=sphere d=5 sigma=1.0 seed=1 duration=7808.914s
[TASK START] 2026-05-01T14:40:25.689564 manifold=sphere d=7 sigma=0.5 n=5000 seed=1
[EST DONE] 2026-05-01T14:40:26.472205 estimator=Levina-Bickel k=3 dur=0.322s seed=1
[EST DONE] 2026-05-01T14:40:26.969212 estimator=Levina-Bickel k=5 dur=0.497s seed=1
[EST DONE] 2026-05-01T14:40:27.369389 estimator=Levina-Bickel k=7 dur=0.396s seed=1
[EST DONE] 2026-05-01T14:40:27.822877 estimator=Levina-Bickel k=10 dur=0.453s seed=1
[EST DONE] 2026-05-01T14:40:28.386035 estimator=lPCA k=7 dur=6.087s seed=1
[EST DONE] 2026-05-01T14:40:28.500552 estimator=Levina-Bickel k=15 dur=0.678s seed=1
[EST DONE] 2026-05-01T14:40:28.774089 estimator=TwoNN (no-k) dur=0.273s seed=1
[EST DONE] 2026-05-01T14:40:30.084497 estimator=FisherS (no-k) dur=9.445s seed=1
[TASK END] 2026-05-01T14:40:30.084623 manifold=sphere d=5 sigma=0.25 seed=1 duration=7813.337s
[TASK START] 2026-05-01T14:40:30.085457 manifold=sphere d=7 sigma=0.75 n=5000 seed=1
[EST DONE] 2026-05-01T14:40:30.353420 estimator=FisherS (no-k) dur=9.843s seed=1
[TASK END] 2026-05-01T14:40:30.353533 manifold=sphere d=5 sigma=0.5 seed=1 duration=7813.606s
[TASK START] 2026-05-01T14:40:30.354401 manifold=sphere d=7 sigma=1.0 n=5000 seed=1
[EST DONE] 2026-05-01T14:40:30.681254 estimator=Levina-Bickel k=3 dur=0.234s seed=1
[EST DONE] 2026-05-01T14:40:30.831377 estimator=Levina-Bickel k=3 dur=0.238s seed=1
[EST DONE] 2026-05-01T14:40:30.986849 estimator=Levina-Bickel k=5 dur=0.305s seed=1
[EST DONE] 2026-05-01T14:40:31.221192 estimator=Levina-Bickel k=5 dur=0.390s seed=1
[EST DONE] 2026-05-01T14:40:31.483399 estimator=Levina-Bickel k=7 dur=0.496s seed=1
[EST DONE] 2026-05-01T14:40:31.567073 estimator=Levina-Bickel k=7 dur=0.346s seed=1
[EST DONE] 2026-05-01T14:40:31.869347 estimator=Levina-Bickel k=10 dur=0.386s seed=1
[EST DONE] 2026-05-01T14:40:32.015680 estimator=Levina-Bickel k=10 dur=0.449s seed=1
[EST DONE] 2026-05-01T14:40:32.445081 estimator=Levina-Bickel k=15 dur=0.429s seed=1
[EST DONE] 2026-05-01T14:40:32.452826 estimator=Levina-Bickel k=15 dur=0.583s seed=1
[EST DONE] 2026-05-01T14:40:32.709863 estimator=TwoNN (no-k) dur=0.265s seed=1
[EST DONE] 2026-05-01T14:40:32.823152 estimator=TwoNN (no-k) dur=0.370s seed=1
[EST DONE] 2026-05-01T14:40:34.153538 estimator=MiND k=15 dur=1142.617s seed=1
[EST DONE] 2026-05-01T14:40:34.267324 estimator=lPCA k=10 dur=5.881s seed=1
[EST DONE] 2026-05-01T14:40:36.694623 estimator=lPCA k=3 dur=3.903s seed=1
[EST DONE] 2026-05-01T14:40:38.939060 estimator=lPCA k=15 dur=4.672s seed=1
[EST DONE] 2026-05-01T14:40:39.360715 estimator=MiND k=15 dur=1135.476s seed=1
[EST DONE] 2026-05-01T14:40:40.663445 estimator=lPCA k=5 dur=3.969s seed=1
[EST DONE] 2026-05-01T14:40:41.133625 estimator=lPCA k=3 dur=4.003s seed=1
[EST DONE] 2026-05-01T14:40:41.816671 estimator=lPCA k=3 dur=4.094s seed=1
[EST DONE] 2026-05-01T14:40:43.170941 estimator=FisherS (no-k) dur=9.017s seed=1
[TASK END] 2026-05-01T14:40:43.171078 manifold=sphere d=5 sigma=0.75 seed=1 duration=7826.423s
[TASK START] 2026-05-01T14:40:43.171933 manifold=sphere d=9 sigma=0.0 n=5000 seed=1
[EST DONE] 2026-05-01T14:40:44.022397 estimator=Levina-Bickel k=3 dur=0.425s seed=1
[EST DONE] 2026-05-01T14:40:44.811889 estimator=Levina-Bickel k=5 dur=0.789s seed=1
[EST DONE] 2026-05-01T14:40:45.370434 estimator=lPCA k=5 dur=4.237s seed=1
[EST DONE] 2026-05-01T14:40:45.375534 estimator=lPCA k=7 dur=4.712s seed=1
[EST DONE] 2026-05-01T14:40:45.653031 estimator=Levina-Bickel k=7 dur=0.841s seed=1
[EST DONE] 2026-05-01T14:40:46.212769 estimator=lPCA k=5 dur=4.396s seed=1
[EST DONE] 2026-05-01T14:40:46.553422 estimator=Levina-Bickel k=10 dur=0.900s seed=1
[EST DONE] 2026-05-01T14:40:46.738191 estimator=FisherS (no-k) dur=7.377s seed=1
[TASK END] 2026-05-01T14:40:46.738333 manifold=sphere d=7 sigma=0.0 seed=1 duration=7829.979s
[TASK START] 2026-05-01T14:40:46.739361 manifold=sphere d=9 sigma=0.25 n=5000 seed=1
[EST DONE] 2026-05-01T14:40:47.496373 estimator=Levina-Bickel k=15 dur=0.943s seed=1
[EST DONE] 2026-05-01T14:40:47.974605 estimator=TwoNN (no-k) dur=0.478s seed=1
[EST DONE] 2026-05-01T14:40:48.418853 estimator=Levina-Bickel k=3 dur=0.860s seed=1
[EST DONE] 2026-05-01T14:40:49.383423 estimator=Levina-Bickel k=5 dur=0.964s seed=1
[EST DONE] 2026-05-01T14:40:49.801122 estimator=lPCA k=7 dur=4.431s seed=1
[EST DONE] 2026-05-01T14:40:50.444119 estimator=lPCA k=10 dur=5.069s seed=1
[EST DONE] 2026-05-01T14:40:50.469711 estimator=Levina-Bickel k=7 dur=1.086s seed=1
[EST DONE] 2026-05-01T14:40:50.704447 estimator=lPCA k=7 dur=4.492s seed=1
[EST DONE] 2026-05-01T14:40:51.075338 estimator=Levina-Bickel k=10 dur=0.606s seed=1
[EST DONE] 2026-05-01T14:40:51.768718 estimator=Levina-Bickel k=15 dur=0.693s seed=1
[EST DONE] 2026-05-01T14:40:52.263508 estimator=TwoNN (no-k) dur=0.495s seed=1
[EST DONE] 2026-05-01T14:40:54.794339 estimator=lPCA k=10 dur=4.993s seed=1
[EST DONE] 2026-05-01T14:40:54.884185 estimator=lPCA k=10 dur=4.180s seed=1
[EST DONE] 2026-05-01T14:40:55.468384 estimator=lPCA k=15 dur=5.024s seed=1
[EST DONE] 2026-05-01T14:40:58.137327 estimator=lPCA k=3 dur=5.214s seed=1
[EST DONE] 2026-05-01T14:40:59.245338 estimator=lPCA k=15 dur=4.361s seed=1
[EST DONE] 2026-05-01T14:40:59.386405 estimator=lPCA k=15 dur=4.592s seed=1
[EST DONE] 2026-05-01T14:41:01.156457 estimator=lPCA k=3 dur=4.412s seed=1
[EST DONE] 2026-05-01T14:41:03.781111 estimator=lPCA k=5 dur=5.644s seed=1
[EST DONE] 2026-05-01T14:41:07.620350 estimator=lPCA k=5 dur=6.464s seed=1
[EST DONE] 2026-05-01T14:41:10.957829 estimator=lPCA k=7 dur=7.177s seed=1
[EST DONE] 2026-05-01T14:41:15.597479 estimator=lPCA k=7 dur=7.977s seed=1
[EST DONE] 2026-05-01T14:41:18.752065 estimator=lPCA k=10 dur=7.794s seed=1
[EST DONE] 2026-05-01T14:41:23.018678 estimator=lPCA k=10 dur=7.421s seed=1
[EST DONE] 2026-05-01T14:41:26.744227 estimator=lPCA k=15 dur=7.992s seed=1
[EST DONE] 2026-05-01T14:41:29.551758 estimator=lPCA k=15 dur=6.533s seed=1
[EST DONE] 2026-05-01T14:44:43.838027 estimator=DANCo k=3 dur=127.899s seed=1
[EST DONE] 2026-05-01T14:45:16.830623 estimator=DANCo k=3 dur=136.844s seed=1
[EST DONE] 2026-05-01T14:45:21.069347 estimator=DANCo k=3 dur=135.006s seed=1
[EST DONE] 2026-05-01T14:45:27.673677 estimator=DANCo k=3 dur=134.966s seed=1
[EST DONE] 2026-05-01T14:45:56.384648 estimator=DANCo k=3 dur=133.668s seed=1
[EST DONE] 2026-05-01T14:46:07.959293 estimator=DANCo k=3 dur=139.482s seed=1
[EST DONE] 2026-05-01T14:46:58.288610 estimator=DANCo k=5 dur=134.450s seed=1
[EST DONE] 2026-05-01T14:47:36.839427 estimator=DANCo k=5 dur=140.009s seed=1
[EST DONE] 2026-05-01T14:47:45.019948 estimator=DANCo k=5 dur=143.950s seed=1
[EST DONE] 2026-05-01T14:47:45.033622 estimator=DANCo k=5 dur=137.360s seed=1
[EST DONE] 2026-05-01T14:48:16.641142 estimator=DANCo k=5 dur=140.256s seed=1
[EST DONE] 2026-05-01T14:48:28.568290 estimator=DANCo k=5 dur=140.609s seed=1
[EST DONE] 2026-05-01T14:49:17.442262 estimator=DANCo k=7 dur=139.154s seed=1
[EST DONE] 2026-05-01T14:49:57.642779 estimator=DANCo k=7 dur=140.803s seed=1
[EST DONE] 2026-05-01T14:50:08.239526 estimator=DANCo k=7 dur=143.206s seed=1
[EST DONE] 2026-05-01T14:50:13.339739 estimator=DANCo k=7 dur=148.320s seed=1
[EST DONE] 2026-05-01T14:50:35.687205 estimator=DANCo k=7 dur=139.046s seed=1
[EST DONE] 2026-05-01T14:50:50.716006 estimator=DANCo k=7 dur=142.148s seed=1
[EST DONE] 2026-05-01T14:51:37.901904 estimator=DANCo k=10 dur=140.459s seed=1
[EST DONE] 2026-05-01T14:52:24.299087 estimator=DANCo k=10 dur=146.656s seed=1
[EST DONE] 2026-05-01T14:52:37.035825 estimator=DANCo k=10 dur=148.796s seed=1
[EST DONE] 2026-05-01T14:52:40.834201 estimator=DANCo k=10 dur=147.494s seed=1
[EST DONE] 2026-05-01T14:53:00.725409 estimator=DANCo k=10 dur=145.038s seed=1
[EST DONE] 2026-05-01T14:53:21.314329 estimator=DANCo k=10 dur=150.598s seed=1
[EST DONE] 2026-05-01T14:54:08.170712 estimator=DANCo k=15 dur=150.269s seed=1
[EST DONE] 2026-05-01T14:55:03.133798 estimator=DANCo k=15 dur=158.835s seed=1
[EST DONE] 2026-05-01T14:55:13.390974 estimator=DANCo k=15 dur=156.355s seed=1
[EST DONE] 2026-05-01T14:55:18.320362 estimator=DANCo k=15 dur=157.486s seed=1
[EST DONE] 2026-05-01T14:55:44.407344 estimator=DANCo k=15 dur=163.682s seed=1
[EST DONE] 2026-05-01T14:56:08.521868 estimator=DANCo k=15 dur=167.207s seed=1
[EST DONE] 2026-05-01T15:32:27.707646 estimator=MiND k=3 dur=1165.287s seed=1
[EST DONE] 2026-05-01T15:33:35.064374 estimator=MiND k=3 dur=1151.238s seed=1
[EST DONE] 2026-05-01T15:33:38.391319 estimator=MiND k=3 dur=1155.973s seed=1
[EST DONE] 2026-05-01T15:33:53.737229 estimator=MiND k=3 dur=1160.764s seed=1
[EST DONE] 2026-05-01T15:34:22.166163 estimator=MiND k=3 dur=1157.238s seed=1
[EST DONE] 2026-05-01T15:34:40.400481 estimator=MiND k=3 dur=1157.434s seed=1
[EST DONE] 2026-05-01T15:51:50.724393 estimator=MiND k=5 dur=1163.017s seed=1
[EST DONE] 2026-05-01T15:52:50.593650 estimator=MiND k=5 dur=1155.529s seed=1
[EST DONE] 2026-05-01T15:52:59.528361 estimator=MiND k=5 dur=1161.137s seed=1
[EST DONE] 2026-05-01T15:53:05.371392 estimator=MiND k=5 dur=1151.634s seed=1
[EST DONE] 2026-05-01T15:53:45.094131 estimator=MiND k=5 dur=1162.928s seed=1
[EST DONE] 2026-05-01T15:53:51.438892 estimator=MiND k=5 dur=1151.038s seed=1
[EST DONE] 2026-05-01T16:11:01.130576 estimator=MiND k=7 dur=1150.406s seed=1
[EST DONE] 2026-05-01T16:12:09.306655 estimator=MiND k=7 dur=1149.778s seed=1
[EST DONE] 2026-05-01T16:12:10.584755 estimator=MiND k=7 dur=1159.991s seed=1
[EST DONE] 2026-05-01T16:12:20.790868 estimator=MiND k=7 dur=1155.419s seed=1
[EST DONE] 2026-05-01T16:13:06.141496 estimator=MiND k=7 dur=1161.047s seed=1
[EST DONE] 2026-05-01T16:13:07.035102 estimator=MiND k=7 dur=1155.596s seed=1
[EST DONE] 2026-05-01T16:30:18.668487 estimator=MiND k=10 dur=1157.538s seed=1
[EST DONE] 2026-05-01T16:31:18.071436 estimator=MiND k=10 dur=1147.486s seed=1
[EST DONE] 2026-05-01T16:31:33.880386 estimator=MiND k=10 dur=1164.574s seed=1
[EST DONE] 2026-05-01T16:31:39.818120 estimator=MiND k=10 dur=1159.027s seed=1
[EST DONE] 2026-05-01T16:32:25.279897 estimator=MiND k=10 dur=1159.138s seed=1
[EST DONE] 2026-05-01T16:32:31.721345 estimator=MiND k=10 dur=1164.686s seed=1
[EST DONE] 2026-05-01T16:49:35.484185 estimator=MiND k=15 dur=1156.816s seed=1
[EST DONE] 2026-05-01T16:49:41.817674 estimator=FisherS (no-k) dur=6.333s seed=1
[TASK END] 2026-05-01T16:49:41.817787 manifold=sphere d=7 sigma=0.25 seed=1 duration=7782.521s
[TASK START] 2026-05-01T16:49:41.819305 manifold=sphere d=9 sigma=0.5 n=5000 seed=1
[EST DONE] 2026-05-01T16:49:42.918308 estimator=Levina-Bickel k=3 dur=0.523s seed=1
[EST DONE] 2026-05-01T16:49:44.799166 estimator=Levina-Bickel k=5 dur=1.881s seed=1
[EST DONE] 2026-05-01T16:49:45.574824 estimator=Levina-Bickel k=7 dur=0.776s seed=1
[EST DONE] 2026-05-01T16:49:46.239928 estimator=Levina-Bickel k=10 dur=0.665s seed=1
[EST DONE] 2026-05-01T16:49:46.914414 estimator=Levina-Bickel k=15 dur=0.674s seed=1
[EST DONE] 2026-05-01T16:49:47.515034 estimator=TwoNN (no-k) dur=0.601s seed=1
[EST DONE] 2026-05-01T16:49:59.595889 estimator=lPCA k=3 dur=5.980s seed=1
[EST DONE] 2026-05-01T16:50:05.767872 estimator=lPCA k=5 dur=6.172s seed=1
[EST DONE] 2026-05-01T16:50:12.736033 estimator=lPCA k=7 dur=6.968s seed=1
[EST DONE] 2026-05-01T16:50:20.536422 estimator=lPCA k=10 dur=7.800s seed=1
[EST DONE] 2026-05-01T16:50:28.122044 estimator=lPCA k=15 dur=7.586s seed=1
[EST DONE] 2026-05-01T16:50:37.344210 estimator=MiND k=15 dur=1159.273s seed=1
[EST DONE] 2026-05-01T16:50:39.441532 estimator=MiND k=15 dur=1139.623s seed=1
[EST DONE] 2026-05-01T16:50:44.686882 estimator=FisherS (no-k) dur=7.342s seed=1
[TASK END] 2026-05-01T16:50:44.686992 manifold=sphere d=7 sigma=0.75 seed=1 duration=7814.602s
[TASK START] 2026-05-01T16:50:44.687580 manifold=sphere d=9 sigma=0.75 n=5000 seed=1
[EST DONE] 2026-05-01T16:50:46.226562 estimator=Levina-Bickel k=3 dur=0.667s seed=1
[EST DONE] 2026-05-01T16:50:46.981128 estimator=Levina-Bickel k=5 dur=0.754s seed=1
[EST DONE] 2026-05-01T16:50:47.864996 estimator=FisherS (no-k) dur=8.423s seed=1
[TASK END] 2026-05-01T16:50:47.865164 manifold=sphere d=7 sigma=1.0 seed=1 duration=7817.511s
[TASK START] 2026-05-01T16:50:47.866278 manifold=sphere d=9 sigma=1.0 n=5000 seed=1
[EST DONE] 2026-05-01T16:50:47.903850 estimator=Levina-Bickel k=7 dur=0.923s seed=1
[EST DONE] 2026-05-01T16:50:48.961851 estimator=Levina-Bickel k=10 dur=1.058s seed=1
[EST DONE] 2026-05-01T16:50:49.240105 estimator=Levina-Bickel k=3 dur=0.462s seed=1
[EST DONE] 2026-05-01T16:50:49.625439 estimator=Levina-Bickel k=15 dur=0.663s seed=1
[EST DONE] 2026-05-01T16:50:49.955240 estimator=Levina-Bickel k=5 dur=0.715s seed=1
[EST DONE] 2026-05-01T16:50:50.738100 estimator=TwoNN (no-k) dur=1.112s seed=1
[EST DONE] 2026-05-01T16:50:51.072823 estimator=Levina-Bickel k=7 dur=1.117s seed=1
[EST DONE] 2026-05-01T16:50:51.716179 estimator=Levina-Bickel k=10 dur=0.643s seed=1
[EST DONE] 2026-05-01T16:50:52.699817 estimator=MiND k=15 dur=1158.819s seed=1
[EST DONE] 2026-05-01T16:50:52.713467 estimator=Levina-Bickel k=15 dur=0.997s seed=1
[EST DONE] 2026-05-01T16:50:53.456575 estimator=TwoNN (no-k) dur=0.743s seed=1
[EST DONE] 2026-05-01T16:51:02.555329 estimator=FisherS (no-k) dur=9.855s seed=1
[TASK END] 2026-05-01T16:51:02.555456 manifold=sphere d=7 sigma=0.5 seed=1 duration=7836.866s
[TASK START] 2026-05-01T16:51:02.566129 manifold=sphere d=12 sigma=0.0 n=5000 seed=1
[EST DONE] 2026-05-01T16:51:03.108855 estimator=lPCA k=3 dur=5.339s seed=1
[EST DONE] 2026-05-01T16:51:04.874164 estimator=lPCA k=3 dur=5.943s seed=1
[EST DONE] 2026-05-01T16:51:05.043607 estimator=Levina-Bickel k=3 dur=1.220s seed=1
[EST DONE] 2026-05-01T16:51:06.375929 estimator=Levina-Bickel k=5 dur=1.332s seed=1
[EST DONE] 2026-05-01T16:51:07.446636 estimator=Levina-Bickel k=7 dur=1.071s seed=1
[EST DONE] 2026-05-01T16:51:08.867414 estimator=Levina-Bickel k=10 dur=1.421s seed=1
[EST DONE] 2026-05-01T16:51:09.215027 estimator=lPCA k=5 dur=6.106s seed=1
[EST DONE] 2026-05-01T16:51:10.148896 estimator=Levina-Bickel k=15 dur=1.281s seed=1
[EST DONE] 2026-05-01T16:51:11.158651 estimator=lPCA k=5 dur=6.284s seed=1
[EST DONE] 2026-05-01T16:51:11.295747 estimator=TwoNN (no-k) dur=1.147s seed=1
[EST DONE] 2026-05-01T16:51:15.512872 estimator=lPCA k=7 dur=6.298s seed=1
[EST DONE] 2026-05-01T16:51:17.629139 estimator=lPCA k=7 dur=6.470s seed=1
[EST DONE] 2026-05-01T16:51:20.954695 estimator=MiND k=15 dur=1135.675s seed=1
[EST DONE] 2026-05-01T16:51:21.838121 estimator=lPCA k=10 dur=6.325s seed=1
[EST DONE] 2026-05-01T16:51:23.651050 estimator=lPCA k=3 dur=5.999s seed=1
[EST DONE] 2026-05-01T16:51:23.976751 estimator=lPCA k=10 dur=6.348s seed=1
[EST DONE] 2026-05-01T16:51:27.358282 estimator=FisherS (no-k) dur=6.403s seed=1
[TASK END] 2026-05-01T16:51:27.358402 manifold=sphere d=9 sigma=0.0 seed=1 duration=7844.186s
[TASK START] 2026-05-01T16:51:27.359569 manifold=sphere d=12 sigma=0.25 n=5000 seed=1
[EST DONE] 2026-05-01T16:51:29.162143 estimator=lPCA k=15 dur=7.324s seed=1
[EST DONE] 2026-05-01T16:51:29.483438 estimator=Levina-Bickel k=3 dur=1.049s seed=1
[EST DONE] 2026-05-01T16:51:30.169154 estimator=lPCA k=5 dur=6.518s seed=1
[EST DONE] 2026-05-01T16:51:30.455585 estimator=Levina-Bickel k=5 dur=0.972s seed=1
[EST DONE] 2026-05-01T16:51:30.603746 estimator=lPCA k=15 dur=6.627s seed=1
[EST DONE] 2026-05-01T16:51:31.443560 estimator=Levina-Bickel k=7 dur=0.988s seed=1
[EST DONE] 2026-05-01T16:51:31.568001 estimator=MiND k=15 dur=1139.847s seed=1
[EST DONE] 2026-05-01T16:51:32.677826 estimator=Levina-Bickel k=10 dur=1.234s seed=1
[EST DONE] 2026-05-01T16:51:34.237425 estimator=Levina-Bickel k=15 dur=1.559s seed=1
[EST DONE] 2026-05-01T16:51:35.390987 estimator=TwoNN (no-k) dur=1.153s seed=1
[EST DONE] 2026-05-01T16:51:36.845139 estimator=lPCA k=7 dur=6.676s seed=1
[EST DONE] 2026-05-01T16:51:38.510190 estimator=FisherS (no-k) dur=6.942s seed=1
[TASK END] 2026-05-01T16:51:38.510310 manifold=sphere d=9 sigma=0.25 seed=1 duration=7851.771s
[TASK START] 2026-05-01T16:51:38.511565 manifold=sphere d=12 sigma=0.5 n=5000 seed=1
[EST DONE] 2026-05-01T16:51:40.939703 estimator=Levina-Bickel k=3 dur=1.228s seed=1
[EST DONE] 2026-05-01T16:51:43.013157 estimator=Levina-Bickel k=5 dur=2.073s seed=1
[EST DONE] 2026-05-01T16:51:44.614530 estimator=Levina-Bickel k=7 dur=1.601s seed=1
[EST DONE] 2026-05-01T16:51:45.220732 estimator=lPCA k=10 dur=8.375s seed=1
[EST DONE] 2026-05-01T16:51:46.601053 estimator=Levina-Bickel k=10 dur=1.986s seed=1
[EST DONE] 2026-05-01T16:51:47.836207 estimator=Levina-Bickel k=15 dur=1.235s seed=1
[EST DONE] 2026-05-01T16:51:49.070918 estimator=TwoNN (no-k) dur=1.235s seed=1
[EST DONE] 2026-05-01T16:51:50.421781 estimator=lPCA k=3 dur=8.259s seed=1
[EST DONE] 2026-05-01T16:51:53.726571 estimator=lPCA k=15 dur=8.506s seed=1
[EST DONE] 2026-05-01T16:51:58.024565 estimator=lPCA k=5 dur=7.603s seed=1
[EST DONE] 2026-05-01T16:52:03.783199 estimator=lPCA k=3 dur=7.236s seed=1
[EST DONE] 2026-05-01T16:52:06.348768 estimator=lPCA k=7 dur=8.324s seed=1
[EST DONE] 2026-05-01T16:52:11.235875 estimator=lPCA k=5 dur=7.453s seed=1
[EST DONE] 2026-05-01T16:52:15.291434 estimator=lPCA k=10 dur=8.943s seed=1
[EST DONE] 2026-05-01T16:52:19.797554 estimator=lPCA k=7 dur=8.562s seed=1
[EST DONE] 2026-05-01T16:52:23.229949 estimator=lPCA k=15 dur=7.938s seed=1
[EST DONE] 2026-05-01T16:52:27.878938 estimator=lPCA k=10 dur=8.081s seed=1
[EST DONE] 2026-05-01T16:52:36.064543 estimator=lPCA k=15 dur=8.186s seed=1
[EST DONE] 2026-05-01T16:54:44.601281 estimator=DANCo k=3 dur=138.541s seed=1
[EST DONE] 2026-05-01T16:55:41.640244 estimator=DANCo k=3 dur=133.463s seed=1
[EST DONE] 2026-05-01T16:55:52.424932 estimator=DANCo k=3 dur=137.915s seed=1
[EST DONE] 2026-05-01T16:56:20.953781 estimator=DANCo k=3 dur=136.801s seed=1
[EST DONE] 2026-05-01T16:57:07.693600 estimator=DANCo k=3 dur=141.201s seed=1
[EST DONE] 2026-05-01T16:57:10.456278 estimator=DANCo k=5 dur=145.855s seed=1
[EST DONE] 2026-05-01T16:57:17.245398 estimator=DANCo k=3 dur=142.709s seed=1
[EST DONE] 2026-05-01T16:58:02.864818 estimator=DANCo k=5 dur=141.224s seed=1
[EST DONE] 2026-05-01T16:58:11.704052 estimator=DANCo k=5 dur=139.279s seed=1
[EST DONE] 2026-05-01T16:58:42.189411 estimator=DANCo k=5 dur=141.235s seed=1
[EST DONE] 2026-05-01T16:59:32.205049 estimator=DANCo k=5 dur=144.511s seed=1
[EST DONE] 2026-05-01T16:59:35.044986 estimator=DANCo k=7 dur=144.589s seed=1
[EST DONE] 2026-05-01T16:59:44.401987 estimator=DANCo k=5 dur=147.156s seed=1
[EST DONE] 2026-05-01T17:00:28.932486 estimator=DANCo k=7 dur=146.068s seed=1
[EST DONE] 2026-05-01T17:00:38.442074 estimator=DANCo k=7 dur=146.738s seed=1
[EST DONE] 2026-05-01T17:01:12.398946 estimator=DANCo k=7 dur=150.209s seed=1
[EST DONE] 2026-05-01T17:02:01.248178 estimator=DANCo k=7 dur=149.043s seed=1
[EST DONE] 2026-05-01T17:02:01.726992 estimator=DANCo k=10 dur=146.682s seed=1
[EST DONE] 2026-05-01T17:02:13.203101 estimator=DANCo k=7 dur=148.801s seed=1
[EST DONE] 2026-05-01T17:03:02.252677 estimator=DANCo k=10 dur=153.320s seed=1
[EST DONE] 2026-05-01T17:03:05.193938 estimator=DANCo k=10 dur=146.752s seed=1
[EST DONE] 2026-05-01T17:03:45.341855 estimator=DANCo k=10 dur=152.943s seed=1
[EST DONE] 2026-05-01T17:04:32.425103 estimator=DANCo k=10 dur=151.177s seed=1
[EST DONE] 2026-05-01T17:04:40.327101 estimator=DANCo k=15 dur=158.600s seed=1
[EST DONE] 2026-05-01T17:04:44.493663 estimator=DANCo k=10 dur=151.290s seed=1
[EST DONE] 2026-05-01T17:05:42.907815 estimator=DANCo k=15 dur=157.714s seed=1
[EST DONE] 2026-05-01T17:05:47.225558 estimator=DANCo k=15 dur=164.973s seed=1
[EST DONE] 2026-05-01T17:06:29.190298 estimator=DANCo k=15 dur=163.848s seed=1
[EST DONE] 2026-05-01T17:07:23.761650 estimator=DANCo k=15 dur=171.336s seed=1
[EST DONE] 2026-05-01T17:07:40.644593 estimator=DANCo k=15 dur=176.151s seed=1
[EST DONE] 2026-05-01T17:43:03.159833 estimator=MiND k=3 dur=1155.667s seed=1
[EST DONE] 2026-05-01T17:44:10.715760 estimator=MiND k=3 dur=1162.273s seed=1
[EST DONE] 2026-05-01T17:44:14.799462 estimator=MiND k=3 dur=1155.723s seed=1
[EST DONE] 2026-05-01T17:45:06.349502 estimator=MiND k=3 dur=1153.318s seed=1
[EST DONE] 2026-05-01T17:45:59.778770 estimator=MiND k=3 dur=1165.139s seed=1
[EST DONE] 2026-05-01T17:46:15.986629 estimator=MiND k=3 dur=1158.238s seed=1
[EST DONE] 2026-05-01T18:02:28.078444 estimator=MiND k=5 dur=1164.918s seed=1
[EST DONE] 2026-05-01T18:03:27.695066 estimator=MiND k=5 dur=1156.979s seed=1
[EST DONE] 2026-05-01T18:03:33.849782 estimator=MiND k=5 dur=1159.050s seed=1
[EST DONE] 2026-05-01T18:04:28.277650 estimator=MiND k=5 dur=1161.928s seed=1
[EST DONE] 2026-05-01T18:05:13.740916 estimator=MiND k=5 dur=1153.962s seed=1
[EST DONE] 2026-05-01T18:05:37.701162 estimator=MiND k=5 dur=1161.714s seed=1
[EST DONE] 2026-05-01T18:21:41.299690 estimator=MiND k=7 dur=1153.221s seed=1
[EST DONE] 2026-05-01T18:22:43.474435 estimator=MiND k=7 dur=1155.779s seed=1
[EST DONE] 2026-05-01T18:23:02.204212 estimator=MiND k=7 dur=1168.354s seed=1
[EST DONE] 2026-05-01T18:23:50.523754 estimator=MiND k=7 dur=1162.246s seed=1
[EST DONE] 2026-05-01T18:24:38.530011 estimator=MiND k=7 dur=1164.789s seed=1
[EST DONE] 2026-05-01T18:24:50.877410 estimator=MiND k=7 dur=1153.176s seed=1
[EST DONE] 2026-05-01T18:41:01.593157 estimator=MiND k=10 dur=1160.293s seed=1
[EST DONE] 2026-05-01T18:42:11.025905 estimator=MiND k=10 dur=1167.551s seed=1
[EST DONE] 2026-05-01T18:42:20.577691 estimator=MiND k=10 dur=1158.373s seed=1
[EST DONE] 2026-05-01T18:43:06.942021 estimator=MiND k=10 dur=1156.418s seed=1
[EST DONE] 2026-05-01T18:44:00.595694 estimator=MiND k=10 dur=1162.066s seed=1
[EST DONE] 2026-05-01T18:44:12.486967 estimator=MiND k=10 dur=1161.609s seed=1
[EST DONE] 2026-05-01T19:00:09.455748 estimator=MiND k=15 dur=1147.862s seed=1
[EST DONE] 2026-05-01T19:00:14.838393 estimator=FisherS (no-k) dur=5.382s seed=1
[TASK END] 2026-05-01T19:00:14.838498 manifold=sphere d=9 sigma=0.5 seed=1 duration=7833.019s
[TASK START] 2026-05-01T19:00:14.839852 manifold=sphere d=12 sigma=0.75 n=5000 seed=1
[EST DONE] 2026-05-01T19:00:17.662087 estimator=Levina-Bickel k=3 dur=1.343s seed=1
[EST DONE] 2026-05-01T19:00:18.901601 estimator=Levina-Bickel k=5 dur=1.239s seed=1
[EST DONE] 2026-05-01T19:00:20.021277 estimator=Levina-Bickel k=7 dur=1.120s seed=1
[EST DONE] 2026-05-01T19:00:21.275821 estimator=Levina-Bickel k=10 dur=1.254s seed=1
[EST DONE] 2026-05-01T19:00:22.586299 estimator=Levina-Bickel k=15 dur=1.310s seed=1
[EST DONE] 2026-05-01T19:00:23.704404 estimator=TwoNN (no-k) dur=1.118s seed=1
[EST DONE] 2026-05-01T19:00:39.758584 estimator=lPCA k=3 dur=8.149s seed=1
[EST DONE] 2026-05-01T19:00:50.260592 estimator=lPCA k=5 dur=10.502s seed=1
[EST DONE] 2026-05-01T19:00:58.931940 estimator=lPCA k=7 dur=8.671s seed=1
[EST DONE] 2026-05-01T19:01:07.533388 estimator=lPCA k=10 dur=8.601s seed=1
[EST DONE] 2026-05-01T19:01:17.208719 estimator=lPCA k=15 dur=9.675s seed=1
[EST DONE] 2026-05-01T19:01:23.108868 estimator=MiND k=15 dur=1152.083s seed=1
[EST DONE] 2026-05-01T19:01:28.084442 estimator=FisherS (no-k) dur=4.975s seed=1
[TASK END] 2026-05-01T19:01:28.084570 manifold=sphere d=9 sigma=1.0 seed=1 duration=7840.218s
[TASK START] 2026-05-01T19:01:28.085736 manifold=sphere d=12 sigma=1.0 n=5000 seed=1
[EST DONE] 2026-05-01T19:01:31.669494 estimator=Levina-Bickel k=3 dur=1.797s seed=1
[EST DONE] 2026-05-01T19:01:33.730631 estimator=Levina-Bickel k=5 dur=2.061s seed=1
[EST DONE] 2026-05-01T19:01:35.050892 estimator=Levina-Bickel k=7 dur=1.320s seed=1
[EST DONE] 2026-05-01T19:01:36.320116 estimator=MiND k=15 dur=1155.742s seed=1
[EST DONE] 2026-05-01T19:01:36.626781 estimator=Levina-Bickel k=10 dur=1.576s seed=1
[EST DONE] 2026-05-01T19:01:38.758760 estimator=Levina-Bickel k=15 dur=2.132s seed=1
[EST DONE] 2026-05-01T19:01:40.361407 estimator=TwoNN (no-k) dur=1.603s seed=1
[EST DONE] 2026-05-01T19:01:43.962422 estimator=FisherS (no-k) dur=7.642s seed=1
[TASK END] 2026-05-01T19:01:43.962539 manifold=sphere d=9 sigma=0.75 seed=1 duration=7859.275s
[TASK START] 2026-05-01T19:01:43.963906 manifold=sphere d=15 sigma=0.0 n=5000 seed=1
[EST DONE] 2026-05-01T19:01:49.889162 estimator=Levina-Bickel k=3 dur=3.011s seed=1
[EST DONE] 2026-05-01T19:01:52.741087 estimator=Levina-Bickel k=5 dur=2.852s seed=1
[EST DONE] 2026-05-01T19:01:55.536059 estimator=Levina-Bickel k=7 dur=2.795s seed=1
[EST DONE] 2026-05-01T19:01:58.457373 estimator=Levina-Bickel k=10 dur=2.921s seed=1
[EST DONE] 2026-05-01T19:01:59.011984 estimator=lPCA k=3 dur=8.328s seed=1
[EST DONE] 2026-05-01T19:02:01.377132 estimator=Levina-Bickel k=15 dur=2.920s seed=1
[EST DONE] 2026-05-01T19:02:04.248153 estimator=TwoNN (no-k) dur=2.871s seed=1
[EST DONE] 2026-05-01T19:02:09.568964 estimator=lPCA k=5 dur=10.557s seed=1
[EST DONE] 2026-05-01T19:02:13.693192 estimator=MiND k=15 dur=1146.751s seed=1
[EST DONE] 2026-05-01T19:02:17.068999 estimator=lPCA k=7 dur=7.500s seed=1
[EST DONE] 2026-05-01T19:02:17.887776 estimator=FisherS (no-k) dur=4.194s seed=1
[TASK END] 2026-05-01T19:02:17.887877 manifold=sphere d=12 sigma=0.0 seed=1 duration=7875.322s
[TASK START] 2026-05-01T19:02:17.888898 manifold=sphere d=15 sigma=0.25 n=5000 seed=1
[EST DONE] 2026-05-01T19:02:23.061918 estimator=Levina-Bickel k=3 dur=2.170s seed=1
[EST DONE] 2026-05-01T19:02:24.526009 estimator=Levina-Bickel k=5 dur=1.464s seed=1
[EST DONE] 2026-05-01T19:02:24.669269 estimator=lPCA k=10 dur=7.600s seed=1
[EST DONE] 2026-05-01T19:02:26.835807 estimator=Levina-Bickel k=7 dur=2.310s seed=1
[EST DONE] 2026-05-01T19:02:27.441539 estimator=lPCA k=3 dur=11.851s seed=1
[EST DONE] 2026-05-01T19:02:29.208195 estimator=Levina-Bickel k=10 dur=2.372s seed=1
[EST DONE] 2026-05-01T19:02:31.740376 estimator=Levina-Bickel k=15 dur=2.532s seed=1
[EST DONE] 2026-05-01T19:02:33.729666 estimator=lPCA k=15 dur=9.060s seed=1
[EST DONE] 2026-05-01T19:02:34.452918 estimator=TwoNN (no-k) dur=2.712s seed=1
[EST DONE] 2026-05-01T19:02:38.604400 estimator=lPCA k=5 dur=11.163s seed=1
[EST DONE] 2026-05-01T19:02:49.466200 estimator=lPCA k=7 dur=10.862s seed=1
[EST DONE] 2026-05-01T19:02:53.216674 estimator=MiND k=15 dur=1120.730s seed=1
[EST DONE] 2026-05-01T19:02:58.229546 estimator=lPCA k=3 dur=12.800s seed=1
[EST DONE] 2026-05-01T19:02:59.953889 estimator=FisherS (no-k) dur=6.737s seed=1
[TASK END] 2026-05-01T19:02:59.953992 manifold=sphere d=12 sigma=0.5 seed=1 duration=7881.442s
[TASK START] 2026-05-01T19:02:59.955180 manifold=sphere d=15 sigma=0.5 n=5000 seed=1
[EST DONE] 2026-05-01T19:03:02.162158 estimator=lPCA k=10 dur=12.696s seed=1
[EST DONE] 2026-05-01T19:03:02.451521 estimator=MiND k=15 dur=1141.856s seed=1
[EST DONE] 2026-05-01T19:03:05.446768 estimator=Levina-Bickel k=3 dur=2.662s seed=1
[EST DONE] 2026-05-01T19:03:06.494811 estimator=lPCA k=5 dur=8.265s seed=1
[EST DONE] 2026-05-01T19:03:08.213399 estimator=Levina-Bickel k=5 dur=2.767s seed=1
[EST DONE] 2026-05-01T19:03:10.713615 estimator=FisherS (no-k) dur=8.262s seed=1
[TASK END] 2026-05-01T19:03:10.713697 manifold=sphere d=12 sigma=0.25 seed=1 duration=7903.354s
[TASK START] 2026-05-01T19:03:10.714700 manifold=sphere d=15 sigma=0.75 n=5000 seed=1
[EST DONE] 2026-05-01T19:03:11.074980 estimator=Levina-Bickel k=7 dur=2.861s seed=1
[EST DONE] 2026-05-01T19:03:13.466039 estimator=lPCA k=15 dur=11.304s seed=1
[EST DONE] 2026-05-01T19:03:13.549961 estimator=Levina-Bickel k=10 dur=2.475s seed=1
[EST DONE] 2026-05-01T19:03:15.279571 estimator=Levina-Bickel k=15 dur=1.729s seed=1
[EST DONE] 2026-05-01T19:03:16.952643 estimator=Levina-Bickel k=3 dur=3.168s seed=1
[EST DONE] 2026-05-01T19:03:17.762640 estimator=lPCA k=7 dur=11.268s seed=1
[EST DONE] 2026-05-01T19:03:18.398248 estimator=TwoNN (no-k) dur=3.119s seed=1
[EST DONE] 2026-05-01T19:03:20.004165 estimator=Levina-Bickel k=5 dur=3.051s seed=1
[EST DONE] 2026-05-01T19:03:22.742496 estimator=Levina-Bickel k=7 dur=2.738s seed=1
[EST DONE] 2026-05-01T19:03:24.625122 estimator=Levina-Bickel k=10 dur=1.882s seed=1
[EST DONE] 2026-05-01T19:03:25.996252 estimator=Levina-Bickel k=15 dur=1.371s seed=1
[EST DONE] 2026-05-01T19:03:27.271957 estimator=TwoNN (no-k) dur=1.276s seed=1
[EST DONE] 2026-05-01T19:03:29.242108 estimator=lPCA k=10 dur=11.479s seed=1
[EST DONE] 2026-05-01T19:03:37.173750 estimator=lPCA k=3 dur=8.319s seed=1
[EST DONE] 2026-05-01T19:03:41.124951 estimator=lPCA k=15 dur=11.883s seed=1
[EST DONE] 2026-05-01T19:03:46.299361 estimator=lPCA k=5 dur=9.126s seed=1
[EST DONE] 2026-05-01T19:03:46.811065 estimator=lPCA k=3 dur=10.403s seed=1
[EST DONE] 2026-05-01T19:03:55.362273 estimator=lPCA k=5 dur=8.551s seed=1
[EST DONE] 2026-05-01T19:03:56.110531 estimator=lPCA k=7 dur=9.811s seed=1
[EST DONE] 2026-05-01T19:04:06.204270 estimator=lPCA k=7 dur=10.842s seed=1
[EST DONE] 2026-05-01T19:04:06.630929 estimator=lPCA k=10 dur=10.520s seed=1
[EST DONE] 2026-05-01T19:04:17.846706 estimator=lPCA k=15 dur=11.216s seed=1
[EST DONE] 2026-05-01T19:04:19.074805 estimator=lPCA k=10 dur=12.870s seed=1
[EST DONE] 2026-05-01T19:04:30.301471 estimator=lPCA k=15 dur=11.227s seed=1
[EST DONE] 2026-05-01T19:06:03.956379 estimator=DANCo k=3 dur=143.025s seed=1
[EST DONE] 2026-05-01T19:07:10.259698 estimator=DANCo k=3 dur=137.439s seed=1
[EST DONE] 2026-05-01T19:07:54.542355 estimator=DANCo k=3 dur=145.686s seed=1
[EST DONE] 2026-05-01T19:08:28.000922 estimator=DANCo k=5 dur=144.044s seed=1
[EST DONE] 2026-05-01T19:08:29.704039 estimator=DANCo k=3 dur=144.883s seed=1
[EST DONE] 2026-05-01T19:09:06.075442 estimator=DANCo k=3 dur=143.541s seed=1
[EST DONE] 2026-05-01T19:09:22.550709 estimator=DANCo k=3 dur=149.478s seed=1
[EST DONE] 2026-05-01T19:09:40.817220 estimator=DANCo k=5 dur=150.557s seed=1
[EST DONE] 2026-05-01T19:10:26.767595 estimator=DANCo k=5 dur=152.225s seed=1
[EST DONE] 2026-05-01T19:10:54.904122 estimator=DANCo k=7 dur=146.903s seed=1
[EST DONE] 2026-05-01T19:10:59.204778 estimator=DANCo k=5 dur=149.500s seed=1
[EST DONE] 2026-05-01T19:11:33.231175 estimator=DANCo k=5 dur=147.156s seed=1
[EST DONE] 2026-05-01T19:11:45.914137 estimator=DANCo k=5 dur=143.363s seed=1
[EST DONE] 2026-05-01T19:12:12.885621 estimator=DANCo k=7 dur=152.068s seed=1
[EST DONE] 2026-05-01T19:12:58.598728 estimator=DANCo k=7 dur=151.831s seed=1
[EST DONE] 2026-05-01T19:13:28.763194 estimator=DANCo k=10 dur=153.859s seed=1
[EST DONE] 2026-05-01T19:13:32.520818 estimator=DANCo k=7 dur=153.316s seed=1
[EST DONE] 2026-05-01T19:14:04.151131 estimator=DANCo k=7 dur=150.920s seed=1
[EST DONE] 2026-05-01T19:14:18.047722 estimator=DANCo k=7 dur=152.133s seed=1
[EST DONE] 2026-05-01T19:14:48.323535 estimator=DANCo k=10 dur=155.438s seed=1
[EST DONE] 2026-05-01T19:15:28.323545 estimator=DANCo k=10 dur=149.725s seed=1
[EST DONE] 2026-05-01T19:16:08.599571 estimator=DANCo k=10 dur=156.079s seed=1
[EST DONE] 2026-05-01T19:16:11.949545 estimator=DANCo k=15 dur=163.186s seed=1
[EST DONE] 2026-05-01T19:16:37.753924 estimator=DANCo k=10 dur=153.603s seed=1
[EST DONE] 2026-05-01T19:16:56.723164 estimator=DANCo k=10 dur=158.675s seed=1
[EST DONE] 2026-05-01T19:17:35.147915 estimator=DANCo k=15 dur=166.824s seed=1
[EST DONE] 2026-05-01T19:18:17.510850 estimator=DANCo k=15 dur=169.187s seed=1
[EST DONE] 2026-05-01T19:19:00.792400 estimator=DANCo k=15 dur=172.193s seed=1
[EST DONE] 2026-05-01T19:19:37.300444 estimator=DANCo k=15 dur=179.546s seed=1
[EST DONE] 2026-05-01T19:19:55.542928 estimator=DANCo k=15 dur=178.820s seed=1
[EST DONE] 2026-05-01T19:54:11.264181 estimator=MiND k=3 dur=1161.814s seed=1
[EST DONE] 2026-05-01T19:56:02.804720 estimator=MiND k=3 dur=1160.322s seed=1
[EST DONE] 2026-05-01T19:56:57.816083 estimator=MiND k=3 dur=1166.006s seed=1
[EST DONE] 2026-05-01T19:57:58.412046 estimator=MiND k=3 dur=1169.853s seed=1
[EST DONE] 2026-05-01T19:58:25.406447 estimator=MiND k=3 dur=1166.664s seed=1
[EST DONE] 2026-05-01T19:58:39.414719 estimator=MiND k=3 dur=1159.721s seed=1
[EST DONE] 2026-05-01T20:13:32.111650 estimator=MiND k=5 dur=1160.847s seed=1
[EST DONE] 2026-05-01T20:15:39.670843 estimator=MiND k=5 dur=1176.866s seed=1
[EST DONE] 2026-05-01T20:16:30.840689 estimator=MiND k=5 dur=1173.024s seed=1
[EST DONE] 2026-05-01T20:17:25.965625 estimator=MiND k=5 dur=1167.553s seed=1
[EST DONE] 2026-05-01T20:17:49.289803 estimator=MiND k=5 dur=1163.883s seed=1
[EST DONE] 2026-05-01T20:18:01.433642 estimator=MiND k=5 dur=1162.019s seed=1
[EST DONE] 2026-05-01T20:32:57.152431 estimator=MiND k=7 dur=1165.041s seed=1
[EST DONE] 2026-05-01T20:35:03.748608 estimator=MiND k=7 dur=1164.078s seed=1
[EST DONE] 2026-05-01T20:36:03.502046 estimator=MiND k=7 dur=1172.661s seed=1
[EST DONE] 2026-05-01T20:36:53.473909 estimator=MiND k=7 dur=1167.508s seed=1
[EST DONE] 2026-05-01T20:37:05.842230 estimator=MiND k=7 dur=1156.552s seed=1
[EST DONE] 2026-05-01T20:37:14.343330 estimator=MiND k=7 dur=1152.910s seed=1
[EST DONE] 2026-05-01T20:52:14.195438 estimator=MiND k=10 dur=1157.043s seed=1
[EST DONE] 2026-05-01T20:54:28.766650 estimator=MiND k=10 dur=1165.018s seed=1
[EST DONE] 2026-05-01T20:55:28.374246 estimator=MiND k=10 dur=1164.872s seed=1
[EST DONE] 2026-05-01T20:56:13.502806 estimator=MiND k=10 dur=1160.029s seed=1
[EST DONE] 2026-05-01T20:56:31.531798 estimator=MiND k=10 dur=1165.689s seed=1
[EST DONE] 2026-05-01T20:56:39.424917 estimator=MiND k=10 dur=1165.081s seed=1
[EST DONE] 2026-05-01T21:11:42.507076 estimator=MiND k=15 dur=1168.312s seed=1
[EST DONE] 2026-05-01T21:11:49.306980 estimator=FisherS (no-k) dur=6.800s seed=1
[TASK END] 2026-05-01T21:11:49.307075 manifold=sphere d=12 sigma=0.75 seed=1 duration=7894.467s
[TASK START] 2026-05-01T21:11:49.308058 manifold=sphere d=15 sigma=1.0 n=5000 seed=1
[EST DONE] 2026-05-01T21:11:55.306903 estimator=Levina-Bickel k=3 dur=3.003s seed=1
[EST DONE] 2026-05-01T21:11:58.292233 estimator=Levina-Bickel k=5 dur=2.985s seed=1
[EST DONE] 2026-05-01T21:12:01.468868 estimator=Levina-Bickel k=7 dur=3.177s seed=1
[EST DONE] 2026-05-01T21:12:04.548804 estimator=Levina-Bickel k=10 dur=3.080s seed=1
[EST DONE] 2026-05-01T21:12:07.636160 estimator=Levina-Bickel k=15 dur=3.087s seed=1
[EST DONE] 2026-05-01T21:12:11.100648 estimator=TwoNN (no-k) dur=3.464s seed=1
[EST DONE] 2026-05-01T21:12:32.932520 estimator=lPCA k=3 dur=10.668s seed=1
[EST DONE] 2026-05-01T21:12:44.296647 estimator=lPCA k=5 dur=11.364s seed=1
[EST DONE] 2026-05-01T21:12:56.979241 estimator=lPCA k=7 dur=12.615s seed=1
[EST DONE] 2026-05-01T21:13:09.996382 estimator=lPCA k=10 dur=13.017s seed=1
[EST DONE] 2026-05-01T21:13:21.628352 estimator=lPCA k=15 dur=11.632s seed=1
[EST DONE] 2026-05-01T21:13:42.644029 estimator=MiND k=15 dur=1153.877s seed=1
[EST DONE] 2026-05-01T21:13:50.958693 estimator=FisherS (no-k) dur=8.314s seed=1
[TASK END] 2026-05-01T21:13:50.958794 manifold=sphere d=12 sigma=1.0 seed=1 duration=7942.873s
[TASK START] 2026-05-01T21:13:50.970374 manifold=torus d=5 sigma=0.0 n=5000 seed=1
[EST DONE] 2026-05-01T21:13:51.441915 estimator=Levina-Bickel k=3 dur=0.193s seed=1
[EST DONE] 2026-05-01T21:13:51.738441 estimator=Levina-Bickel k=5 dur=0.296s seed=1
[EST DONE] 2026-05-01T21:13:52.069211 estimator=Levina-Bickel k=7 dur=0.331s seed=1
[EST DONE] 2026-05-01T21:13:53.086238 estimator=Levina-Bickel k=10 dur=1.017s seed=1
[EST DONE] 2026-05-01T21:13:53.761710 estimator=Levina-Bickel k=15 dur=0.675s seed=1
[EST DONE] 2026-05-01T21:13:53.996819 estimator=TwoNN (no-k) dur=0.235s seed=1
[EST DONE] 2026-05-01T21:14:04.732369 estimator=lPCA k=3 dur=5.491s seed=1
[EST DONE] 2026-05-01T21:14:11.150975 estimator=lPCA k=5 dur=6.419s seed=1
[EST DONE] 2026-05-01T21:14:17.527234 estimator=lPCA k=7 dur=6.376s seed=1
[EST DONE] 2026-05-01T21:14:23.555024 estimator=lPCA k=10 dur=6.028s seed=1
[EST DONE] 2026-05-01T21:14:32.667061 estimator=lPCA k=15 dur=9.112s seed=1
[EST DONE] 2026-05-01T21:14:35.105115 estimator=MiND k=15 dur=1146.731s seed=1
[EST DONE] 2026-05-01T21:14:42.524494 estimator=FisherS (no-k) dur=7.419s seed=1
[TASK END] 2026-05-01T21:14:42.524598 manifold=sphere d=15 sigma=0.0 seed=1 duration=7978.561s
[TASK START] 2026-05-01T21:14:42.525706 manifold=torus d=5 sigma=0.25 n=5000 seed=1
[EST DONE] 2026-05-01T21:14:43.476506 estimator=Levina-Bickel k=3 dur=0.445s seed=1
[EST DONE] 2026-05-01T21:14:44.256404 estimator=Levina-Bickel k=5 dur=0.780s seed=1
[EST DONE] 2026-05-01T21:14:44.803798 estimator=Levina-Bickel k=7 dur=0.547s seed=1
[EST DONE] 2026-05-01T21:14:45.352862 estimator=Levina-Bickel k=10 dur=0.549s seed=1
[EST DONE] 2026-05-01T21:14:46.018365 estimator=Levina-Bickel k=15 dur=0.665s seed=1
[EST DONE] 2026-05-01T21:14:46.697255 estimator=TwoNN (no-k) dur=0.679s seed=1
[EST DONE] 2026-05-01T21:15:00.893873 estimator=lPCA k=3 dur=6.778s seed=1
[EST DONE] 2026-05-01T21:15:07.139574 estimator=lPCA k=5 dur=6.246s seed=1
[EST DONE] 2026-05-01T21:15:14.021338 estimator=lPCA k=7 dur=6.882s seed=1
[EST DONE] 2026-05-01T21:15:16.002082 estimator=MiND k=15 dur=1142.499s seed=1
[EST DONE] 2026-05-01T21:15:23.020516 estimator=lPCA k=10 dur=8.999s seed=1
[EST DONE] 2026-05-01T21:15:23.197218 estimator=FisherS (no-k) dur=7.195s seed=1
[TASK END] 2026-05-01T21:15:23.197309 manifold=sphere d=15 sigma=0.25 seed=1 duration=7985.308s
[TASK START] 2026-05-01T21:15:23.198300 manifold=torus d=5 sigma=0.5 n=5000 seed=1
[EST DONE] 2026-05-01T21:15:24.272587 estimator=Levina-Bickel k=3 dur=0.599s seed=1
[EST DONE] 2026-05-01T21:15:24.919742 estimator=Levina-Bickel k=5 dur=0.647s seed=1
[EST DONE] 2026-05-01T21:15:25.725507 estimator=Levina-Bickel k=7 dur=0.806s seed=1
[EST DONE] 2026-05-01T21:15:26.593168 estimator=Levina-Bickel k=10 dur=0.868s seed=1
[EST DONE] 2026-05-01T21:15:27.381427 estimator=Levina-Bickel k=15 dur=0.788s seed=1
[EST DONE] 2026-05-01T21:15:27.836522 estimator=TwoNN (no-k) dur=0.455s seed=1
[EST DONE] 2026-05-01T21:15:30.700752 estimator=lPCA k=15 dur=7.680s seed=1
[EST DONE] 2026-05-01T21:15:35.576647 estimator=MiND k=15 dur=1144.045s seed=1
[EST DONE] 2026-05-01T21:15:39.201589 estimator=MiND k=15 dur=1139.777s seed=1
[EST DONE] 2026-05-01T21:15:39.985749 estimator=lPCA k=3 dur=5.990s seed=1
[EST DONE] 2026-05-01T21:15:41.369062 estimator=FisherS (no-k) dur=5.792s seed=1
[TASK END] 2026-05-01T21:15:41.369177 manifold=sphere d=15 sigma=0.5 seed=1 duration=7961.414s
[TASK START] 2026-05-01T21:15:41.370276 manifold=torus d=5 sigma=0.75 n=5000 seed=1
[EST DONE] 2026-05-01T21:15:42.601264 estimator=Levina-Bickel k=3 dur=0.603s seed=1
[EST DONE] 2026-05-01T21:15:43.178788 estimator=Levina-Bickel k=5 dur=0.577s seed=1
[EST DONE] 2026-05-01T21:15:44.155839 estimator=Levina-Bickel k=7 dur=0.977s seed=1
[EST DONE] 2026-05-01T21:15:45.149191 estimator=FisherS (no-k) dur=5.947s seed=1
[TASK END] 2026-05-01T21:15:45.149291 manifold=sphere d=15 sigma=0.75 seed=1 duration=7954.435s
[TASK START] 2026-05-01T21:15:45.150677 manifold=torus d=5 sigma=1.0 n=5000 seed=1
[EST DONE] 2026-05-01T21:15:45.198593 estimator=Levina-Bickel k=10 dur=1.043s seed=1
[EST DONE] 2026-05-01T21:15:46.293870 estimator=Levina-Bickel k=15 dur=1.095s seed=1
[EST DONE] 2026-05-01T21:15:46.362822 estimator=lPCA k=5 dur=6.377s seed=1
[EST DONE] 2026-05-01T21:15:46.770947 estimator=Levina-Bickel k=3 dur=0.679s seed=1
[EST DONE] 2026-05-01T21:15:46.777623 estimator=TwoNN (no-k) dur=0.484s seed=1
[EST DONE] 2026-05-01T21:15:47.717411 estimator=Levina-Bickel k=5 dur=0.946s seed=1
[EST DONE] 2026-05-01T21:15:48.715343 estimator=Levina-Bickel k=7 dur=0.998s seed=1
[EST DONE] 2026-05-01T21:15:49.497833 estimator=Levina-Bickel k=10 dur=0.782s seed=1
[EST DONE] 2026-05-01T21:15:50.828053 estimator=Levina-Bickel k=15 dur=1.330s seed=1
[EST DONE] 2026-05-01T21:15:51.646195 estimator=TwoNN (no-k) dur=0.818s seed=1
[EST DONE] 2026-05-01T21:15:53.768224 estimator=lPCA k=7 dur=7.405s seed=1
[EST DONE] 2026-05-01T21:15:58.514804 estimator=lPCA k=3 dur=4.949s seed=1
[EST DONE] 2026-05-01T21:15:59.962842 estimator=lPCA k=10 dur=6.194s seed=1
[EST DONE] 2026-05-01T21:16:02.885424 estimator=lPCA k=3 dur=5.689s seed=1
[EST DONE] 2026-05-01T21:16:05.548536 estimator=lPCA k=5 dur=7.034s seed=1
[EST DONE] 2026-05-01T21:16:07.265692 estimator=lPCA k=15 dur=7.303s seed=1
[EST DONE] 2026-05-01T21:16:09.429641 estimator=lPCA k=5 dur=6.544s seed=1
[EST DONE] 2026-05-01T21:16:12.329951 estimator=lPCA k=7 dur=6.781s seed=1
[EST DONE] 2026-05-01T21:16:15.768269 estimator=lPCA k=7 dur=6.338s seed=1
[EST DONE] 2026-05-01T21:16:20.086053 estimator=lPCA k=10 dur=7.756s seed=1
[EST DONE] 2026-05-01T21:16:23.151405 estimator=lPCA k=10 dur=7.383s seed=1
[EST DONE] 2026-05-01T21:16:27.640681 estimator=lPCA k=15 dur=7.555s seed=1
[EST DONE] 2026-05-01T21:16:30.807161 estimator=lPCA k=15 dur=7.656s seed=1
[EST DONE] 2026-05-01T21:17:55.060290 estimator=DANCo k=3 dur=127.225s seed=1
[EST DONE] 2026-05-01T21:18:54.099478 estimator=DANCo k=3 dur=137.605s seed=1
[EST DONE] 2026-05-01T21:19:53.982350 estimator=DANCo k=3 dur=136.731s seed=1
[EST DONE] 2026-05-01T21:20:22.090967 estimator=DANCo k=5 dur=147.031s seed=1
[EST DONE] 2026-05-01T21:20:32.888230 estimator=DANCo k=3 dur=138.458s seed=1
[EST DONE] 2026-05-01T21:21:04.839875 estimator=DANCo k=3 dur=138.827s seed=1
[EST DONE] 2026-05-01T21:21:15.212448 estimator=DANCo k=3 dur=140.634s seed=1
[EST DONE] 2026-05-01T21:21:16.832736 estimator=DANCo k=5 dur=142.733s seed=1
[EST DONE] 2026-05-01T21:22:11.572350 estimator=DANCo k=5 dur=137.590s seed=1
[EST DONE] 2026-05-01T21:22:50.586755 estimator=DANCo k=7 dur=148.496s seed=1
[EST DONE] 2026-05-01T21:22:55.431526 estimator=DANCo k=5 dur=142.543s seed=1
[EST DONE] 2026-05-01T21:23:28.812660 estimator=DANCo k=5 dur=143.973s seed=1
[EST DONE] 2026-05-01T21:23:40.668637 estimator=DANCo k=5 dur=145.456s seed=1
[EST DONE] 2026-05-01T21:23:42.338437 estimator=DANCo k=7 dur=145.506s seed=1
[EST DONE] 2026-05-01T21:24:33.093289 estimator=DANCo k=7 dur=141.521s seed=1
[EST DONE] 2026-05-01T21:25:22.193603 estimator=DANCo k=7 dur=146.762s seed=1
[EST DONE] 2026-05-01T21:25:30.225550 estimator=DANCo k=10 dur=159.639s seed=1
[EST DONE] 2026-05-01T21:25:56.237400 estimator=DANCo k=7 dur=147.425s seed=1
[EST DONE] 2026-05-01T21:26:05.682016 estimator=DANCo k=7 dur=145.013s seed=1
[EST DONE] 2026-05-01T21:26:14.492903 estimator=DANCo k=10 dur=152.154s seed=1
[EST DONE] 2026-05-01T21:26:55.430482 estimator=DANCo k=10 dur=142.337s seed=1
[EST DONE] 2026-05-01T21:27:48.058658 estimator=DANCo k=10 dur=145.865s seed=1
[EST DONE] 2026-05-01T21:28:12.080230 estimator=DANCo k=15 dur=161.855s seed=1
[EST DONE] 2026-05-01T21:28:24.777930 estimator=DANCo k=10 dur=148.540s seed=1
[EST DONE] 2026-05-01T21:28:32.859841 estimator=DANCo k=10 dur=147.178s seed=1
[EST DONE] 2026-05-01T21:28:57.557105 estimator=DANCo k=15 dur=163.064s seed=1
[EST DONE] 2026-05-01T21:29:42.731812 estimator=DANCo k=15 dur=167.301s seed=1
[EST DONE] 2026-05-01T21:30:33.291751 estimator=DANCo k=15 dur=165.233s seed=1
[EST DONE] 2026-05-01T21:31:17.876756 estimator=DANCo k=15 dur=173.099s seed=1
[EST DONE] 2026-05-01T21:31:25.735752 estimator=DANCo k=15 dur=172.876s seed=1
[EST DONE] 2026-05-01T22:06:36.250061 estimator=MiND k=3 dur=1162.687s seed=1
[EST DONE] 2026-05-01T22:07:14.687989 estimator=MiND k=3 dur=1149.607s seed=1
[EST DONE] 2026-05-01T22:07:46.472917 estimator=MiND k=3 dur=1156.204s seed=1
[EST DONE] 2026-05-01T22:09:02.960246 estimator=MiND k=3 dur=1156.129s seed=1
[EST DONE] 2026-05-01T22:09:53.362854 estimator=MiND k=3 dur=1157.786s seed=1
[EST DONE] 2026-05-01T22:09:54.080989 estimator=MiND k=3 dur=1152.316s seed=1
[EST DONE] 2026-05-01T22:26:01.889496 estimator=MiND k=5 dur=1165.639s seed=1
[EST DONE] 2026-05-01T22:26:20.255546 estimator=MiND k=5 dur=1145.567s seed=1
[EST DONE] 2026-05-01T22:27:07.160966 estimator=MiND k=5 dur=1160.688s seed=1
[EST DONE] 2026-05-01T22:28:16.787858 estimator=MiND k=5 dur=1153.827s seed=1
[EST DONE] 2026-05-01T22:29:03.659199 estimator=MiND k=5 dur=1150.296s seed=1
[EST DONE] 2026-05-01T22:29:18.056415 estimator=MiND k=5 dur=1163.975s seed=1
[EST DONE] 2026-05-01T22:45:26.235549 estimator=MiND k=7 dur=1164.346s seed=1
[EST DONE] 2026-05-01T22:45:43.639107 estimator=MiND k=7 dur=1163.383s seed=1
[EST DONE] 2026-05-01T22:46:31.278029 estimator=MiND k=7 dur=1164.117s seed=1
[EST DONE] 2026-05-01T22:47:31.373014 estimator=MiND k=7 dur=1154.585s seed=1
[EST DONE] 2026-05-01T22:48:18.432004 estimator=MiND k=7 dur=1154.773s seed=1
[EST DONE] 2026-05-01T22:48:31.643173 estimator=MiND k=7 dur=1153.587s seed=1
[EST DONE] 2026-05-01T23:04:50.522227 estimator=MiND k=10 dur=1164.287s seed=1
[EST DONE] 2026-05-01T23:05:04.958060 estimator=MiND k=10 dur=1161.319s seed=1
[EST DONE] 2026-05-01T23:05:56.821468 estimator=MiND k=10 dur=1165.543s seed=1
[EST DONE] 2026-05-01T23:06:53.670673 estimator=MiND k=10 dur=1162.298s seed=1
[EST DONE] 2026-05-01T23:07:44.209714 estimator=MiND k=10 dur=1165.778s seed=1
[EST DONE] 2026-05-01T23:07:50.084261 estimator=MiND k=10 dur=1158.441s seed=1
[EST DONE] 2026-05-01T23:24:08.176816 estimator=MiND k=15 dur=1157.654s seed=1
[EST DONE] 2026-05-01T23:24:16.157169 estimator=FisherS (no-k) dur=7.980s seed=1
[TASK END] 2026-05-01T23:24:16.157276 manifold=sphere d=15 sigma=1.0 seed=1 duration=7946.849s
[TASK START] 2026-05-01T23:24:16.158418 manifold=torus d=7 sigma=0.0 n=5000 seed=1
[EST DONE] 2026-05-01T23:24:19.664791 estimator=Levina-Bickel k=3 dur=1.334s seed=1
[EST DONE] 2026-05-01T23:24:20.984503 estimator=Levina-Bickel k=5 dur=1.320s seed=1
[EST DONE] 2026-05-01T23:24:22.329943 estimator=Levina-Bickel k=7 dur=1.345s seed=1
[EST DONE] 2026-05-01T23:24:24.128963 estimator=Levina-Bickel k=10 dur=1.799s seed=1
[EST DONE] 2026-05-01T23:24:24.674693 estimator=MiND k=15 dur=1159.716s seed=1
[EST DONE] 2026-05-01T23:24:26.292214 estimator=Levina-Bickel k=15 dur=2.163s seed=1
[EST DONE] 2026-05-01T23:24:27.292505 estimator=TwoNN (no-k) dur=1.000s seed=1
[EST DONE] 2026-05-01T23:24:43.069625 estimator=FisherS (no-k) dur=18.395s seed=1
[TASK END] 2026-05-01T23:24:43.069794 manifold=torus d=5 sigma=0.0 seed=1 duration=7852.099s
[TASK START] 2026-05-01T23:24:43.087955 manifold=torus d=7 sigma=0.25 n=5000 seed=1
[EST DONE] 2026-05-01T23:24:44.941374 estimator=lPCA k=3 dur=7.136s seed=1
[EST DONE] 2026-05-01T23:24:45.671753 estimator=Levina-Bickel k=3 dur=1.163s seed=1
[EST DONE] 2026-05-01T23:24:47.020452 estimator=Levina-Bickel k=5 dur=1.349s seed=1
[EST DONE] 2026-05-01T23:24:48.401045 estimator=Levina-Bickel k=7 dur=1.380s seed=1
[EST DONE] 2026-05-01T23:24:49.871331 estimator=Levina-Bickel k=10 dur=1.470s seed=1
[EST DONE] 2026-05-01T23:24:51.381927 estimator=Levina-Bickel k=15 dur=1.510s seed=1
[EST DONE] 2026-05-01T23:24:51.926383 estimator=lPCA k=5 dur=6.985s seed=1
[EST DONE] 2026-05-01T23:24:52.578069 estimator=TwoNN (no-k) dur=1.196s seed=1
[EST DONE] 2026-05-01T23:24:59.090280 estimator=lPCA k=7 dur=7.164s seed=1
[EST DONE] 2026-05-01T23:25:09.098560 estimator=lPCA k=3 dur=8.535s seed=1
[EST DONE] 2026-05-01T23:25:11.170797 estimator=lPCA k=10 dur=12.080s seed=1
[EST DONE] 2026-05-01T23:25:13.823438 estimator=MiND k=15 dur=1157.002s seed=1
[EST DONE] 2026-05-01T23:25:17.469117 estimator=lPCA k=5 dur=8.370s seed=1
[EST DONE] 2026-05-01T23:25:19.375925 estimator=lPCA k=15 dur=8.205s seed=1
[EST DONE] 2026-05-01T23:25:25.270727 estimator=lPCA k=7 dur=7.802s seed=1
[EST DONE] 2026-05-01T23:25:26.105405 estimator=FisherS (no-k) dur=12.282s seed=1
[TASK END] 2026-05-01T23:25:26.105528 manifold=torus d=5 sigma=0.25 seed=1 duration=7843.580s
[TASK START] 2026-05-01T23:25:26.106585 manifold=torus d=7 sigma=0.5 n=5000 seed=1
[EST DONE] 2026-05-01T23:25:29.151774 estimator=Levina-Bickel k=3 dur=1.487s seed=1
[EST DONE] 2026-05-01T23:25:30.906481 estimator=Levina-Bickel k=5 dur=1.755s seed=1
[EST DONE] 2026-05-01T23:25:32.802627 estimator=Levina-Bickel k=7 dur=1.896s seed=1
[EST DONE] 2026-05-01T23:25:35.150410 estimator=Levina-Bickel k=10 dur=2.348s seed=1
[EST DONE] 2026-05-01T23:25:35.831358 estimator=lPCA k=10 dur=10.561s seed=1
[EST DONE] 2026-05-01T23:25:37.003846 estimator=Levina-Bickel k=15 dur=1.853s seed=1
[EST DONE] 2026-05-01T23:25:38.017142 estimator=TwoNN (no-k) dur=1.013s seed=1
[EST DONE] 2026-05-01T23:25:45.610934 estimator=lPCA k=15 dur=9.779s seed=1
[EST DONE] 2026-05-01T23:25:49.660682 estimator=MiND k=15 dur=1135.990s seed=1
[EST DONE] 2026-05-01T23:25:54.340976 estimator=lPCA k=3 dur=7.959s seed=1
[EST DONE] 2026-05-01T23:25:56.785782 estimator=FisherS (no-k) dur=7.125s seed=1
[TASK END] 2026-05-01T23:25:56.785883 manifold=torus d=5 sigma=0.5 seed=1 duration=7833.588s
[TASK START] 2026-05-01T23:25:56.810355 manifold=torus d=7 sigma=0.75 n=5000 seed=1
[EST DONE] 2026-05-01T23:26:00.095835 estimator=Levina-Bickel k=3 dur=1.780s seed=1
[EST DONE] 2026-05-01T23:26:01.747650 estimator=Levina-Bickel k=5 dur=1.652s seed=1
[EST DONE] 2026-05-01T23:26:03.245747 estimator=Levina-Bickel k=7 dur=1.498s seed=1
[EST DONE] 2026-05-01T23:26:03.619469 estimator=lPCA k=5 dur=9.278s seed=1
[EST DONE] 2026-05-01T23:26:04.729224 estimator=Levina-Bickel k=10 dur=1.483s seed=1
[EST DONE] 2026-05-01T23:26:06.421326 estimator=Levina-Bickel k=15 dur=1.692s seed=1
[EST DONE] 2026-05-01T23:26:07.574865 estimator=TwoNN (no-k) dur=1.153s seed=1
[EST DONE] 2026-05-01T23:26:13.490874 estimator=lPCA k=7 dur=9.871s seed=1
[EST DONE] 2026-05-01T23:26:22.445890 estimator=lPCA k=10 dur=8.955s seed=1
[EST DONE] 2026-05-01T23:26:23.149317 estimator=MiND k=15 dur=1113.065s seed=1
[EST DONE] 2026-05-01T23:26:24.808519 estimator=MiND k=15 dur=1120.599s seed=1
[EST DONE] 2026-05-01T23:26:24.819973 estimator=lPCA k=3 dur=7.564s seed=1
[EST DONE] 2026-05-01T23:26:28.861183 estimator=FisherS (no-k) dur=5.712s seed=1
[TASK END] 2026-05-01T23:26:28.861298 manifold=torus d=5 sigma=1.0 seed=1 duration=7843.711s
[TASK START] 2026-05-01T23:26:28.861936 manifold=torus d=7 sigma=1.0 n=5000 seed=1
[EST DONE] 2026-05-01T23:26:30.280026 estimator=FisherS (no-k) dur=5.471s seed=1
[TASK END] 2026-05-01T23:26:30.296388 manifold=torus d=5 sigma=0.75 seed=1 duration=7848.926s
[TASK START] 2026-05-01T23:26:30.297311 manifold=torus d=9 sigma=0.0 n=5000 seed=1
[EST DONE] 2026-05-01T23:26:30.973311 estimator=lPCA k=15 dur=8.517s seed=1
[EST DONE] 2026-05-01T23:26:31.553581 estimator=Levina-Bickel k=3 dur=1.098s seed=1
[EST DONE] 2026-05-01T23:26:32.808264 estimator=Levina-Bickel k=5 dur=1.255s seed=1
[EST DONE] 2026-05-01T23:26:33.188531 estimator=lPCA k=5 dur=8.368s seed=1
[EST DONE] 2026-05-01T23:26:33.799928 estimator=Levina-Bickel k=7 dur=0.992s seed=1
[EST DONE] 2026-05-01T23:26:34.898594 estimator=Levina-Bickel k=3 dur=2.147s seed=1
[EST DONE] 2026-05-01T23:26:34.978305 estimator=Levina-Bickel k=10 dur=1.178s seed=1
[EST DONE] 2026-05-01T23:26:36.374404 estimator=Levina-Bickel k=5 dur=1.476s seed=1
[EST DONE] 2026-05-01T23:26:36.604383 estimator=Levina-Bickel k=15 dur=1.626s seed=1
[EST DONE] 2026-05-01T23:26:37.670139 estimator=Levina-Bickel k=7 dur=1.296s seed=1
[EST DONE] 2026-05-01T23:26:38.357745 estimator=TwoNN (no-k) dur=1.753s seed=1
[EST DONE] 2026-05-01T23:26:39.032501 estimator=Levina-Bickel k=10 dur=1.362s seed=1
[EST DONE] 2026-05-01T23:26:40.395504 estimator=Levina-Bickel k=15 dur=1.363s seed=1
[EST DONE] 2026-05-01T23:26:41.412380 estimator=lPCA k=7 dur=8.224s seed=1
[EST DONE] 2026-05-01T23:26:41.709208 estimator=TwoNN (no-k) dur=1.314s seed=1
[EST DONE] 2026-05-01T23:26:49.809203 estimator=lPCA k=10 dur=8.397s seed=1
[EST DONE] 2026-05-01T23:26:53.344455 estimator=lPCA k=3 dur=7.048s seed=1
[EST DONE] 2026-05-01T23:26:58.172196 estimator=lPCA k=3 dur=9.128s seed=1
[EST DONE] 2026-05-01T23:26:58.665182 estimator=lPCA k=15 dur=8.856s seed=1
[EST DONE] 2026-05-01T23:27:01.963472 estimator=lPCA k=5 dur=8.619s seed=1
[EST DONE] 2026-05-01T23:27:05.623711 estimator=lPCA k=5 dur=7.451s seed=1
[EST DONE] 2026-05-01T23:27:10.725456 estimator=lPCA k=7 dur=8.762s seed=1
[EST DONE] 2026-05-01T23:27:12.843113 estimator=lPCA k=7 dur=7.219s seed=1
[EST DONE] 2026-05-01T23:27:18.983139 estimator=lPCA k=10 dur=8.258s seed=1
[EST DONE] 2026-05-01T23:27:23.289628 estimator=lPCA k=10 dur=10.446s seed=1
[EST DONE] 2026-05-01T23:27:29.655290 estimator=lPCA k=15 dur=10.672s seed=1
[EST DONE] 2026-05-01T23:27:32.692906 estimator=lPCA k=15 dur=9.403s seed=1
[EST DONE] 2026-05-01T23:29:45.381375 estimator=DANCo k=3 dur=136.118s seed=1
[EST DONE] 2026-05-01T23:30:20.823711 estimator=DANCo k=3 dur=142.588s seed=1
[EST DONE] 2026-05-01T23:30:54.182645 estimator=DANCo k=3 dur=138.608s seed=1
[EST DONE] 2026-05-01T23:31:30.582753 estimator=DANCo k=3 dur=134.720s seed=1
[EST DONE] 2026-05-01T23:32:07.608975 estimator=DANCo k=3 dur=138.688s seed=1
[EST DONE] 2026-05-01T23:32:09.783648 estimator=DANCo k=5 dur=144.402s seed=1
[EST DONE] 2026-05-01T23:32:17.010062 estimator=DANCo k=3 dur=139.836s seed=1
[EST DONE] 2026-05-01T23:32:53.464392 estimator=DANCo k=5 dur=152.641s seed=1
[EST DONE] 2026-05-01T23:33:12.821805 estimator=DANCo k=5 dur=138.639s seed=1
[EST DONE] 2026-05-01T23:33:54.943735 estimator=DANCo k=5 dur=144.361s seed=1
[EST DONE] 2026-05-01T23:34:34.698871 estimator=DANCo k=5 dur=147.090s seed=1
[EST DONE] 2026-05-01T23:34:38.873353 estimator=DANCo k=7 dur=149.090s seed=1
[EST DONE] 2026-05-01T23:34:41.385033 estimator=DANCo k=5 dur=144.375s seed=1
[EST DONE] 2026-05-01T23:35:21.042369 estimator=DANCo k=7 dur=147.578s seed=1
[EST DONE] 2026-05-01T23:35:41.180163 estimator=DANCo k=7 dur=148.358s seed=1
[EST DONE] 2026-05-01T23:36:19.571440 estimator=DANCo k=7 dur=144.628s seed=1
[EST DONE] 2026-05-01T23:36:55.285060 estimator=DANCo k=7 dur=140.586s seed=1
[EST DONE] 2026-05-01T23:37:09.410157 estimator=DANCo k=10 dur=150.537s seed=1
[EST DONE] 2026-05-01T23:37:14.037183 estimator=DANCo k=7 dur=152.652s seed=1
[EST DONE] 2026-05-01T23:37:53.498415 estimator=DANCo k=10 dur=152.456s seed=1
[EST DONE] 2026-05-01T23:38:09.286587 estimator=DANCo k=10 dur=148.106s seed=1
[EST DONE] 2026-05-01T23:38:51.730643 estimator=DANCo k=10 dur=152.159s seed=1
[EST DONE] 2026-05-01T23:39:26.451543 estimator=DANCo k=10 dur=151.166s seed=1
[EST DONE] 2026-05-01T23:39:47.585981 estimator=DANCo k=10 dur=153.549s seed=1
[EST DONE] 2026-05-01T23:39:52.713490 estimator=DANCo k=15 dur=163.303s seed=1
[EST DONE] 2026-05-01T23:40:28.932424 estimator=DANCo k=15 dur=155.434s seed=1
[EST DONE] 2026-05-01T23:40:53.327820 estimator=DANCo k=15 dur=164.041s seed=1
[EST DONE] 2026-05-01T23:41:34.730494 estimator=DANCo k=15 dur=163.000s seed=1
[EST DONE] 2026-05-01T23:42:13.918352 estimator=DANCo k=15 dur=167.467s seed=1
[EST DONE] 2026-05-01T23:42:42.059639 estimator=DANCo k=15 dur=174.474s seed=1
[EST DONE] 2026-05-02T00:18:21.409794 estimator=MiND k=3 dur=1156.122s seed=1
[EST DONE] 2026-05-02T00:18:56.332188 estimator=MiND k=3 dur=1156.042s seed=1
[EST DONE] 2026-05-02T00:19:18.846991 estimator=MiND k=3 dur=1154.675s seed=1
[EST DONE] 2026-05-02T00:20:11.293509 estimator=MiND k=3 dur=1163.068s seed=1
[EST DONE] 2026-05-02T00:20:54.546269 estimator=MiND k=3 dur=1153.739s seed=1
[EST DONE] 2026-05-02T00:21:22.621334 estimator=MiND k=3 dur=1158.184s seed=1
[EST DONE] 2026-05-02T00:37:38.655526 estimator=MiND k=5 dur=1157.246s seed=1
[EST DONE] 2026-05-02T00:38:10.198857 estimator=MiND k=5 dur=1153.867s seed=1
[EST DONE] 2026-05-02T00:38:39.799211 estimator=MiND k=5 dur=1160.952s seed=1
[EST DONE] 2026-05-02T00:39:36.276943 estimator=MiND k=5 dur=1164.983s seed=1
[EST DONE] 2026-05-02T00:40:10.249922 estimator=MiND k=5 dur=1155.704s seed=1
[EST DONE] 2026-05-02T00:40:42.721797 estimator=MiND k=5 dur=1160.100s seed=1
[EST DONE] 2026-05-02T00:57:03.663958 estimator=MiND k=7 dur=1165.008s seed=1
[EST DONE] 2026-05-02T00:57:22.512729 estimator=MiND k=7 dur=1152.314s seed=1
[EST DONE] 2026-05-02T00:57:50.186429 estimator=MiND k=7 dur=1150.387s seed=1
[EST DONE] 2026-05-02T00:58:51.412877 estimator=MiND k=7 dur=1155.136s seed=1
[EST DONE] 2026-05-02T00:59:29.225997 estimator=MiND k=7 dur=1158.976s seed=1
[EST DONE] 2026-05-02T01:00:12.644689 estimator=MiND k=7 dur=1169.923s seed=1
[EST DONE] 2026-05-02T01:16:30.419190 estimator=MiND k=10 dur=1166.755s seed=1
[EST DONE] 2026-05-02T01:16:42.169377 estimator=MiND k=10 dur=1159.656s seed=1
[EST DONE] 2026-05-02T01:16:59.978598 estimator=MiND k=10 dur=1149.792s seed=1
[EST DONE] 2026-05-02T01:18:16.410240 estimator=MiND k=10 dur=1164.997s seed=1
[EST DONE] 2026-05-02T01:18:48.188005 estimator=MiND k=10 dur=1158.962s seed=1
[EST DONE] 2026-05-02T01:19:38.408277 estimator=MiND k=10 dur=1165.763s seed=1
[EST DONE] 2026-05-02T01:35:52.634418 estimator=MiND k=15 dur=1162.215s seed=1
[EST DONE] 2026-05-02T01:36:01.146613 estimator=MiND k=15 dur=1158.977s seed=1
[EST DONE] 2026-05-02T01:36:15.834073 estimator=MiND k=15 dur=1155.855s seed=1
[EST DONE] 2026-05-02T01:36:24.417411 estimator=FisherS (no-k) dur=31.783s seed=1
[TASK END] 2026-05-02T01:36:24.417535 manifold=torus d=7 sigma=0.0 seed=1 duration=7928.259s
[TASK START] 2026-05-02T01:36:24.418658 manifold=torus d=9 sigma=0.25 n=5000 seed=1
[EST DONE] 2026-05-02T01:36:25.128839 estimator=FisherS (no-k) dur=23.982s seed=1
[TASK END] 2026-05-02T01:36:25.128969 manifold=torus d=7 sigma=0.25 seed=1 duration=7902.041s
[TASK START] 2026-05-02T01:36:25.130023 manifold=torus d=9 sigma=0.5 n=5000 seed=1
[EST DONE] 2026-05-02T01:36:31.076672 estimator=Levina-Bickel k=3 dur=2.811s seed=1
[EST DONE] 2026-05-02T01:36:31.237432 estimator=Levina-Bickel k=3 dur=2.441s seed=1
[EST DONE] 2026-05-02T01:36:33.449875 estimator=Levina-Bickel k=5 dur=2.212s seed=1
[EST DONE] 2026-05-02T01:36:33.929303 estimator=Levina-Bickel k=5 dur=2.853s seed=1
[EST DONE] 2026-05-02T01:36:35.157703 estimator=Levina-Bickel k=7 dur=1.708s seed=1
[EST DONE] 2026-05-02T01:36:36.858647 estimator=Levina-Bickel k=7 dur=2.929s seed=1
[EST DONE] 2026-05-02T01:36:37.077922 estimator=FisherS (no-k) dur=21.244s seed=1
[TASK END] 2026-05-02T01:36:37.078010 manifold=torus d=7 sigma=0.5 seed=1 duration=7870.971s
[TASK START] 2026-05-02T01:36:37.083463 manifold=torus d=9 sigma=0.75 n=5000 seed=1
[EST DONE] 2026-05-02T01:36:37.859800 estimator=Levina-Bickel k=10 dur=2.702s seed=1
[EST DONE] 2026-05-02T01:36:40.013390 estimator=Levina-Bickel k=10 dur=3.155s seed=1
[EST DONE] 2026-05-02T01:36:40.947063 estimator=Levina-Bickel k=15 dur=3.087s seed=1
[EST DONE] 2026-05-02T01:36:43.093023 estimator=Levina-Bickel k=3 dur=3.059s seed=1
[EST DONE] 2026-05-02T01:36:43.138816 estimator=Levina-Bickel k=15 dur=3.125s seed=1
[EST DONE] 2026-05-02T01:36:43.951197 estimator=TwoNN (no-k) dur=3.004s seed=1
[EST DONE] 2026-05-02T01:36:46.024346 estimator=Levina-Bickel k=5 dur=2.931s seed=1
[EST DONE] 2026-05-02T01:36:46.270663 estimator=TwoNN (no-k) dur=3.132s seed=1
[EST DONE] 2026-05-02T01:36:49.097216 estimator=Levina-Bickel k=7 dur=3.073s seed=1
[EST DONE] 2026-05-02T01:36:51.727257 estimator=Levina-Bickel k=10 dur=2.630s seed=1
[EST DONE] 2026-05-02T01:36:54.068883 estimator=Levina-Bickel k=15 dur=2.341s seed=1
[EST DONE] 2026-05-02T01:36:56.222358 estimator=TwoNN (no-k) dur=2.153s seed=1
[EST DONE] 2026-05-02T01:37:07.260725 estimator=lPCA k=3 dur=9.903s seed=1
[EST DONE] 2026-05-02T01:37:07.316888 estimator=lPCA k=3 dur=12.522s seed=1
[EST DONE] 2026-05-02T01:37:16.451629 estimator=lPCA k=3 dur=10.066s seed=1
[EST DONE] 2026-05-02T01:37:20.080945 estimator=lPCA k=5 dur=12.820s seed=1
[EST DONE] 2026-05-02T01:37:21.190563 estimator=lPCA k=5 dur=13.874s seed=1
[EST DONE] 2026-05-02T01:37:26.277613 estimator=lPCA k=5 dur=9.826s seed=1
[EST DONE] 2026-05-02T01:37:31.611644 estimator=lPCA k=7 dur=11.531s seed=1
[EST DONE] 2026-05-02T01:37:33.430258 estimator=lPCA k=7 dur=12.240s seed=1
[EST DONE] 2026-05-02T01:37:34.887449 estimator=MiND k=15 dur=1158.477s seed=1
[EST DONE] 2026-05-02T01:37:39.918049 estimator=lPCA k=7 dur=13.640s seed=1
[EST DONE] 2026-05-02T01:37:43.996905 estimator=lPCA k=10 dur=12.385s seed=1
[EST DONE] 2026-05-02T01:37:44.651056 estimator=lPCA k=10 dur=11.221s seed=1
[EST DONE] 2026-05-02T01:37:48.248300 estimator=FisherS (no-k) dur=13.361s seed=1
[TASK END] 2026-05-02T01:37:48.248405 manifold=torus d=7 sigma=0.75 seed=1 duration=7911.438s
[TASK START] 2026-05-02T01:37:48.249308 manifold=torus d=9 sigma=1.0 n=5000 seed=1
[EST DONE] 2026-05-02T01:37:51.195336 estimator=lPCA k=10 dur=11.277s seed=1
[EST DONE] 2026-05-02T01:37:51.713452 estimator=MiND k=15 dur=1143.525s seed=1
[EST DONE] 2026-05-02T01:37:53.602504 estimator=Levina-Bickel k=3 dur=2.804s seed=1
[EST DONE] 2026-05-02T01:37:54.751651 estimator=lPCA k=15 dur=10.755s seed=1
[EST DONE] 2026-05-02T01:37:54.981935 estimator=lPCA k=15 dur=10.331s seed=1
[EST DONE] 2026-05-02T01:37:56.533646 estimator=Levina-Bickel k=5 dur=2.931s seed=1
[EST DONE] 2026-05-02T01:37:59.408476 estimator=Levina-Bickel k=7 dur=2.875s seed=1
[EST DONE] 2026-05-02T01:38:01.740840 estimator=Levina-Bickel k=10 dur=2.332s seed=1
[EST DONE] 2026-05-02T01:38:04.246669 estimator=Levina-Bickel k=15 dur=2.506s seed=1
[EST DONE] 2026-05-02T01:38:04.665498 estimator=lPCA k=15 dur=13.470s seed=1
[EST DONE] 2026-05-02T01:38:07.231508 estimator=TwoNN (no-k) dur=2.985s seed=1
[EST DONE] 2026-05-02T01:38:14.787441 estimator=FisherS (no-k) dur=23.074s seed=1
[TASK END] 2026-05-02T01:38:14.787581 manifold=torus d=7 sigma=1.0 seed=1 duration=7905.926s
[TASK START] 2026-05-02T01:38:14.788688 manifold=torus d=12 sigma=0.0 n=5000 seed=1
[EST DONE] 2026-05-02T01:38:19.411334 estimator=Levina-Bickel k=3 dur=2.517s seed=1
[EST DONE] 2026-05-02T01:38:21.509758 estimator=Levina-Bickel k=5 dur=2.098s seed=1
[EST DONE] 2026-05-02T01:38:23.966605 estimator=Levina-Bickel k=7 dur=2.457s seed=1
[EST DONE] 2026-05-02T01:38:26.882009 estimator=Levina-Bickel k=10 dur=2.915s seed=1
[EST DONE] 2026-05-02T01:38:26.887309 estimator=lPCA k=3 dur=10.685s seed=1
[EST DONE] 2026-05-02T01:38:27.338066 estimator=MiND k=15 dur=1128.930s seed=1
[EST DONE] 2026-05-02T01:38:29.701313 estimator=Levina-Bickel k=15 dur=2.819s seed=1
[EST DONE] 2026-05-02T01:38:31.812709 estimator=TwoNN (no-k) dur=2.111s seed=1
[EST DONE] 2026-05-02T01:38:38.991834 estimator=lPCA k=5 dur=12.104s seed=1
[EST DONE] 2026-05-02T01:38:41.633230 estimator=FisherS (no-k) dur=14.295s seed=1
[TASK END] 2026-05-02T01:38:41.633338 manifold=torus d=9 sigma=0.0 seed=1 duration=7931.336s
[TASK START] 2026-05-02T01:38:41.634420 manifold=torus d=12 sigma=0.25 n=5000 seed=1
[EST DONE] 2026-05-02T01:38:47.361325 estimator=Levina-Bickel k=3 dur=2.972s seed=1
[EST DONE] 2026-05-02T01:38:49.372995 estimator=Levina-Bickel k=5 dur=2.012s seed=1
[EST DONE] 2026-05-02T01:38:50.658030 estimator=Levina-Bickel k=7 dur=1.285s seed=1
[EST DONE] 2026-05-02T01:38:51.173763 estimator=lPCA k=7 dur=12.182s seed=1
[EST DONE] 2026-05-02T01:38:51.427472 estimator=lPCA k=3 dur=10.275s seed=1
[EST DONE] 2026-05-02T01:38:52.413941 estimator=Levina-Bickel k=10 dur=1.756s seed=1
[EST DONE] 2026-05-02T01:38:55.357672 estimator=Levina-Bickel k=15 dur=2.944s seed=1
[EST DONE] 2026-05-02T01:38:58.157298 estimator=TwoNN (no-k) dur=2.799s seed=1
[EST DONE] 2026-05-02T01:39:01.911746 estimator=lPCA k=5 dur=10.484s seed=1
[EST DONE] 2026-05-02T01:39:02.120781 estimator=lPCA k=10 dur=10.947s seed=1
[EST DONE] 2026-05-02T01:39:12.221872 estimator=lPCA k=15 dur=10.101s seed=1
[EST DONE] 2026-05-02T01:39:12.849394 estimator=lPCA k=7 dur=10.938s seed=1
[EST DONE] 2026-05-02T01:39:18.565214 estimator=lPCA k=3 dur=9.545s seed=1
[EST DONE] 2026-05-02T01:39:22.693907 estimator=lPCA k=10 dur=9.844s seed=1
[EST DONE] 2026-05-02T01:39:28.377803 estimator=lPCA k=5 dur=9.812s seed=1
[EST DONE] 2026-05-02T01:39:32.630629 estimator=lPCA k=15 dur=9.937s seed=1
[EST DONE] 2026-05-02T01:39:38.197390 estimator=lPCA k=7 dur=9.819s seed=1
[EST DONE] 2026-05-02T01:39:49.634580 estimator=lPCA k=10 dur=11.437s seed=1
[EST DONE] 2026-05-02T01:40:02.427363 estimator=lPCA k=15 dur=12.793s seed=1
[EST DONE] 2026-05-02T01:42:43.103706 estimator=DANCo k=3 dur=146.362s seed=1
[EST DONE] 2026-05-02T01:42:45.232943 estimator=DANCo k=3 dur=143.396s seed=1
[EST DONE] 2026-05-02T01:42:55.970233 estimator=DANCo k=3 dur=151.233s seed=1
[EST DONE] 2026-05-02T01:43:55.675001 estimator=DANCo k=3 dur=139.688s seed=1
[EST DONE] 2026-05-02T01:44:19.338620 estimator=DANCo k=3 dur=141.646s seed=1
[EST DONE] 2026-05-02T01:44:48.209044 estimator=DANCo k=3 dur=141.193s seed=1
[EST DONE] 2026-05-02T01:45:07.055543 estimator=DANCo k=5 dur=143.952s seed=1
[EST DONE] 2026-05-02T01:45:15.423520 estimator=DANCo k=5 dur=150.190s seed=1
[EST DONE] 2026-05-02T01:45:27.783296 estimator=DANCo k=5 dur=151.813s seed=1
[EST DONE] 2026-05-02T01:46:23.611705 estimator=DANCo k=5 dur=147.937s seed=1
[EST DONE] 2026-05-02T01:46:51.237795 estimator=DANCo k=5 dur=151.899s seed=1
[EST DONE] 2026-05-02T01:47:24.942547 estimator=DANCo k=5 dur=156.733s seed=1
[EST DONE] 2026-05-02T01:47:36.842277 estimator=DANCo k=7 dur=149.787s seed=1
[EST DONE] 2026-05-02T01:47:49.556252 estimator=DANCo k=7 dur=154.133s seed=1
[EST DONE] 2026-05-02T01:48:00.969146 estimator=DANCo k=7 dur=153.186s seed=1
[EST DONE] 2026-05-02T01:48:54.706876 estimator=DANCo k=7 dur=151.095s seed=1
[EST DONE] 2026-05-02T01:49:18.742513 estimator=DANCo k=7 dur=147.505s seed=1
[EST DONE] 2026-05-02T01:49:52.584245 estimator=DANCo k=7 dur=147.642s seed=1
[EST DONE] 2026-05-02T01:50:14.985448 estimator=DANCo k=10 dur=158.143s seed=1
[EST DONE] 2026-05-02T01:50:28.296755 estimator=DANCo k=10 dur=158.740s seed=1
[EST DONE] 2026-05-02T01:50:38.472888 estimator=DANCo k=10 dur=157.504s seed=1
[EST DONE] 2026-05-02T01:51:37.406852 estimator=DANCo k=10 dur=162.700s seed=1
[EST DONE] 2026-05-02T01:51:51.381335 estimator=DANCo k=10 dur=152.639s seed=1
[EST DONE] 2026-05-02T01:52:26.532564 estimator=DANCo k=10 dur=153.948s seed=1
[EST DONE] 2026-05-02T01:52:57.225609 estimator=DANCo k=15 dur=162.240s seed=1
[EST DONE] 2026-05-02T01:53:10.194458 estimator=DANCo k=15 dur=161.898s seed=1
[EST DONE] 2026-05-02T01:53:24.188004 estimator=DANCo k=15 dur=165.715s seed=1
[EST DONE] 2026-05-02T01:54:30.922121 estimator=DANCo k=15 dur=173.515s seed=1
[EST DONE] 2026-05-02T01:54:44.151431 estimator=DANCo k=15 dur=172.770s seed=1
[EST DONE] 2026-05-02T01:55:20.284923 estimator=DANCo k=15 dur=173.752s seed=1
[EST DONE] 2026-05-02T02:31:40.279737 estimator=MiND k=3 dur=1159.788s seed=1
[EST DONE] 2026-05-02T02:31:42.968753 estimator=MiND k=3 dur=1160.716s seed=1
[EST DONE] 2026-05-02T02:31:53.564035 estimator=MiND k=3 dur=1155.948s seed=1
[EST DONE] 2026-05-02T02:33:05.147141 estimator=MiND k=3 dur=1158.989s seed=1
[EST DONE] 2026-05-02T02:33:28.203002 estimator=MiND k=3 dur=1158.193s seed=1
[EST DONE] 2026-05-02T02:34:02.021669 estimator=MiND k=3 dur=1159.732s seed=1
[EST DONE] 2026-05-02T02:51:00.456386 estimator=MiND k=5 dur=1160.177s seed=1
[EST DONE] 2026-05-02T02:51:05.783069 estimator=MiND k=5 dur=1162.814s seed=1
[EST DONE] 2026-05-02T02:51:19.341174 estimator=MiND k=5 dur=1165.777s seed=1
[EST DONE] 2026-05-02T02:52:26.773274 estimator=MiND k=5 dur=1161.626s seed=1
[EST DONE] 2026-05-02T02:52:47.811332 estimator=MiND k=5 dur=1159.608s seed=1
[EST DONE] 2026-05-02T02:53:23.605543 estimator=MiND k=5 dur=1161.584s seed=1
[EST DONE] 2026-05-02T03:10:25.538083 estimator=MiND k=7 dur=1159.755s seed=1
[EST DONE] 2026-05-02T03:10:29.232339 estimator=MiND k=7 dur=1168.776s seed=1
[EST DONE] 2026-05-02T03:10:34.308816 estimator=MiND k=7 dur=1154.967s seed=1
[EST DONE] 2026-05-02T03:11:45.397791 estimator=MiND k=7 dur=1158.624s seed=1
[EST DONE] 2026-05-02T03:12:17.178333 estimator=MiND k=7 dur=1169.367s seed=1
[EST DONE] 2026-05-02T03:12:49.751136 estimator=MiND k=7 dur=1166.145s seed=1
[EST DONE] 2026-05-02T03:29:51.257037 estimator=MiND k=10 dur=1165.719s seed=1
[EST DONE] 2026-05-02T03:29:59.802490 estimator=MiND k=10 dur=1165.494s seed=1
[EST DONE] 2026-05-02T03:30:02.344839 estimator=MiND k=10 dur=1173.112s seed=1
[EST DONE] 2026-05-02T03:31:04.793461 estimator=MiND k=10 dur=1159.396s seed=1
[EST DONE] 2026-05-02T03:31:45.054793 estimator=MiND k=10 dur=1167.876s seed=1
[EST DONE] 2026-05-02T03:32:14.244327 estimator=MiND k=10 dur=1164.493s seed=1
[EST DONE] 2026-05-02T03:49:07.542166 estimator=MiND k=15 dur=1156.285s seed=1
[EST DONE] 2026-05-02T03:49:22.159241 estimator=FisherS (no-k) dur=14.617s seed=1
[TASK END] 2026-05-02T03:49:22.159342 manifold=torus d=9 sigma=0.5 seed=1 duration=7977.029s
[TASK START] 2026-05-02T03:49:22.160451 manifold=torus d=12 sigma=0.5 n=5000 seed=1
[EST DONE] 2026-05-02T03:49:27.352327 estimator=MiND k=15 dur=1167.550s seed=1
[EST DONE] 2026-05-02T03:49:28.384018 estimator=Levina-Bickel k=3 dur=3.102s seed=1
[EST DONE] 2026-05-02T03:49:29.490748 estimator=MiND k=15 dur=1167.146s seed=1
[EST DONE] 2026-05-02T03:49:31.284451 estimator=Levina-Bickel k=5 dur=2.892s seed=1
[EST DONE] 2026-05-02T03:49:34.021449 estimator=Levina-Bickel k=7 dur=2.737s seed=1
[EST DONE] 2026-05-02T03:49:36.766540 estimator=Levina-Bickel k=10 dur=2.745s seed=1
[EST DONE] 2026-05-02T03:49:39.705871 estimator=Levina-Bickel k=15 dur=2.939s seed=1
[EST DONE] 2026-05-02T03:49:42.121251 estimator=TwoNN (no-k) dur=2.415s seed=1
[EST DONE] 2026-05-02T03:49:47.231784 estimator=FisherS (no-k) dur=19.879s seed=1
[TASK END] 2026-05-02T03:49:47.231895 manifold=torus d=9 sigma=0.75 seed=1 duration=7990.148s
[TASK START] 2026-05-02T03:49:47.245224 manifold=torus d=12 sigma=0.75 n=5000 seed=1
[EST DONE] 2026-05-02T03:49:48.394097 estimator=FisherS (no-k) dur=18.903s seed=1
[TASK END] 2026-05-02T03:49:48.394220 manifold=torus d=9 sigma=0.25 seed=1 duration=8003.976s
[TASK START] 2026-05-02T03:49:48.395404 manifold=torus d=12 sigma=1.0 n=5000 seed=1
[EST DONE] 2026-05-02T03:49:53.835999 estimator=Levina-Bickel k=3 dur=3.097s seed=1
[EST DONE] 2026-05-02T03:49:54.460315 estimator=Levina-Bickel k=3 dur=3.098s seed=1
[EST DONE] 2026-05-02T03:49:56.826118 estimator=Levina-Bickel k=5 dur=2.990s seed=1
[EST DONE] 2026-05-02T03:49:57.728534 estimator=Levina-Bickel k=5 dur=3.268s seed=1
[EST DONE] 2026-05-02T03:49:59.447116 estimator=Levina-Bickel k=7 dur=2.621s seed=1
[EST DONE] 2026-05-02T03:50:01.023603 estimator=Levina-Bickel k=7 dur=3.295s seed=1
[EST DONE] 2026-05-02T03:50:01.719859 estimator=Levina-Bickel k=10 dur=2.273s seed=1
[EST DONE] 2026-05-02T03:50:03.115878 estimator=lPCA k=3 dur=11.012s seed=1
[EST DONE] 2026-05-02T03:50:04.132642 estimator=Levina-Bickel k=10 dur=3.109s seed=1
[EST DONE] 2026-05-02T03:50:04.275432 estimator=Levina-Bickel k=15 dur=2.555s seed=1
[EST DONE] 2026-05-02T03:50:06.880446 estimator=Levina-Bickel k=15 dur=2.748s seed=1
[EST DONE] 2026-05-02T03:50:07.519981 estimator=TwoNN (no-k) dur=3.244s seed=1
[EST DONE] 2026-05-02T03:50:09.894607 estimator=TwoNN (no-k) dur=3.014s seed=1
[EST DONE] 2026-05-02T03:50:13.350602 estimator=lPCA k=5 dur=10.235s seed=1
[EST DONE] 2026-05-02T03:50:22.722478 estimator=MiND k=15 dur=1157.929s seed=1
[EST DONE] 2026-05-02T03:50:24.421990 estimator=lPCA k=7 dur=11.071s seed=1
[EST DONE] 2026-05-02T03:50:28.139349 estimator=lPCA k=3 dur=10.256s seed=1
[EST DONE] 2026-05-02T03:50:32.249166 estimator=lPCA k=3 dur=11.064s seed=1
[EST DONE] 2026-05-02T03:50:37.735698 estimator=FisherS (no-k) dur=15.013s seed=1
[TASK END] 2026-05-02T03:50:37.735878 manifold=torus d=9 sigma=1.0 seed=1 duration=7969.487s
[TASK START] 2026-05-02T03:50:37.737051 manifold=torus d=15 sigma=0.0 n=5000 seed=1
[EST DONE] 2026-05-02T03:50:39.223373 estimator=lPCA k=10 dur=14.801s seed=1
[EST DONE] 2026-05-02T03:50:39.546304 estimator=lPCA k=5 dur=11.407s seed=1
[EST DONE] 2026-05-02T03:50:41.965910 estimator=lPCA k=5 dur=9.717s seed=1
[EST DONE] 2026-05-02T03:50:42.520917 estimator=Levina-Bickel k=3 dur=2.563s seed=1
[EST DONE] 2026-05-02T03:50:45.738764 estimator=Levina-Bickel k=5 dur=3.218s seed=1
[EST DONE] 2026-05-02T03:50:48.352921 estimator=Levina-Bickel k=7 dur=2.614s seed=1
[EST DONE] 2026-05-02T03:50:50.422277 estimator=lPCA k=7 dur=10.876s seed=1
[EST DONE] 2026-05-02T03:50:50.532989 estimator=Levina-Bickel k=10 dur=2.180s seed=1
[EST DONE] 2026-05-02T03:50:50.975783 estimator=lPCA k=15 dur=11.752s seed=1
[EST DONE] 2026-05-02T03:50:52.707752 estimator=Levina-Bickel k=15 dur=2.175s seed=1
[EST DONE] 2026-05-02T03:50:53.425169 estimator=lPCA k=7 dur=11.459s seed=1
[EST DONE] 2026-05-02T03:50:55.461670 estimator=TwoNN (no-k) dur=2.754s seed=1
[EST DONE] 2026-05-02T03:51:01.024479 estimator=MiND k=15 dur=1155.970s seed=1
[EST DONE] 2026-05-02T03:51:02.034247 estimator=lPCA k=10 dur=11.612s seed=1
[EST DONE] 2026-05-02T03:51:05.068432 estimator=lPCA k=10 dur=11.643s seed=1
[EST DONE] 2026-05-02T03:51:12.133347 estimator=lPCA k=15 dur=10.099s seed=1
[EST DONE] 2026-05-02T03:51:13.373842 estimator=MiND k=15 dur=1139.129s seed=1
[EST DONE] 2026-05-02T03:51:15.462093 estimator=lPCA k=3 dur=10.203s seed=1
[EST DONE] 2026-05-02T03:51:15.518727 estimator=lPCA k=15 dur=10.450s seed=1
[EST DONE] 2026-05-02T03:51:20.786114 estimator=FisherS (no-k) dur=19.762s seed=1
[TASK END] 2026-05-02T03:51:20.786237 manifold=torus d=12 sigma=0.0 seed=1 duration=7985.998s
[TASK START] 2026-05-02T03:51:20.787178 manifold=torus d=15 sigma=0.25 n=5000 seed=1
[EST DONE] 2026-05-02T03:51:25.201404 estimator=Levina-Bickel k=3 dur=2.071s seed=1
[EST DONE] 2026-05-02T03:51:25.880920 estimator=lPCA k=5 dur=10.419s seed=1
[EST DONE] 2026-05-02T03:51:27.078250 estimator=Levina-Bickel k=5 dur=1.877s seed=1
[EST DONE] 2026-05-02T03:51:29.256737 estimator=Levina-Bickel k=7 dur=2.178s seed=1
[EST DONE] 2026-05-02T03:51:30.594268 estimator=FisherS (no-k) dur=17.220s seed=1
[TASK END] 2026-05-02T03:51:30.594403 manifold=torus d=12 sigma=0.25 seed=1 duration=7968.960s
[TASK START] 2026-05-02T03:51:30.595570 manifold=torus d=15 sigma=0.5 n=5000 seed=1
[EST DONE] 2026-05-02T03:51:31.661027 estimator=Levina-Bickel k=10 dur=2.404s seed=1
[EST DONE] 2026-05-02T03:51:33.150238 estimator=Levina-Bickel k=15 dur=1.489s seed=1
[EST DONE] 2026-05-02T03:51:33.955510 estimator=Levina-Bickel k=3 dur=1.494s seed=1
[EST DONE] 2026-05-02T03:51:35.820484 estimator=Levina-Bickel k=5 dur=1.865s seed=1
[EST DONE] 2026-05-02T03:51:35.853868 estimator=lPCA k=7 dur=9.973s seed=1
[EST DONE] 2026-05-02T03:51:36.190004 estimator=TwoNN (no-k) dur=3.040s seed=1
[EST DONE] 2026-05-02T03:51:37.841154 estimator=Levina-Bickel k=7 dur=2.021s seed=1
[EST DONE] 2026-05-02T03:51:39.921106 estimator=Levina-Bickel k=10 dur=2.080s seed=1
[EST DONE] 2026-05-02T03:51:42.954593 estimator=Levina-Bickel k=15 dur=3.033s seed=1
[EST DONE] 2026-05-02T03:51:44.381117 estimator=TwoNN (no-k) dur=1.426s seed=1
[EST DONE] 2026-05-02T03:51:47.740261 estimator=lPCA k=10 dur=11.886s seed=1
[EST DONE] 2026-05-02T03:51:58.776142 estimator=lPCA k=15 dur=11.036s seed=1
[EST DONE] 2026-05-02T03:51:58.891232 estimator=lPCA k=3 dur=10.970s seed=1
[EST DONE] 2026-05-02T03:52:01.780384 estimator=lPCA k=3 dur=8.221s seed=1
[EST DONE] 2026-05-02T03:52:08.465885 estimator=lPCA k=5 dur=9.574s seed=1
[EST DONE] 2026-05-02T03:52:12.098321 estimator=lPCA k=5 dur=10.318s seed=1
[EST DONE] 2026-05-02T03:52:18.820858 estimator=lPCA k=7 dur=10.355s seed=1
[EST DONE] 2026-05-02T03:52:20.816775 estimator=lPCA k=7 dur=8.718s seed=1
[EST DONE] 2026-05-02T03:52:30.334592 estimator=lPCA k=10 dur=11.514s seed=1
[EST DONE] 2026-05-02T03:52:32.195390 estimator=lPCA k=10 dur=11.379s seed=1
[EST DONE] 2026-05-02T03:52:42.673817 estimator=lPCA k=15 dur=12.339s seed=1
[EST DONE] 2026-05-02T03:52:43.184921 estimator=lPCA k=15 dur=10.989s seed=1
[EST DONE] 2026-05-02T03:55:34.632131 estimator=DANCo k=3 dur=144.509s seed=1
[EST DONE] 2026-05-02T03:55:56.321982 estimator=DANCo k=3 dur=144.299s seed=1
[EST DONE] 2026-05-02T03:55:56.411859 estimator=DANCo k=3 dur=139.556s seed=1
[EST DONE] 2026-05-02T03:56:42.407956 estimator=DANCo k=3 dur=145.259s seed=1
[EST DONE] 2026-05-02T03:57:32.970496 estimator=DANCo k=3 dur=139.944s seed=1
[EST DONE] 2026-05-02T03:57:39.626447 estimator=DANCo k=3 dur=151.269s seed=1
[EST DONE] 2026-05-02T03:58:01.047029 estimator=DANCo k=5 dur=146.415s seed=1
[EST DONE] 2026-05-02T03:58:22.743772 estimator=DANCo k=5 dur=146.332s seed=1
[EST DONE] 2026-05-02T03:58:28.392846 estimator=DANCo k=5 dur=152.071s seed=1
[EST DONE] 2026-05-02T03:59:14.643062 estimator=DANCo k=5 dur=152.235s seed=1
[EST DONE] 2026-05-02T03:59:54.259737 estimator=DANCo k=5 dur=141.289s seed=1
[EST DONE] 2026-05-02T04:00:02.554622 estimator=DANCo k=5 dur=142.928s seed=1
[EST DONE] 2026-05-02T04:00:38.479103 estimator=DANCo k=7 dur=157.432s seed=1
[EST DONE] 2026-05-02T04:01:00.063829 estimator=DANCo k=7 dur=157.320s seed=1
[EST DONE] 2026-05-02T04:01:02.951169 estimator=DANCo k=7 dur=154.558s seed=1
[EST DONE] 2026-05-02T04:01:40.756329 estimator=DANCo k=7 dur=146.113s seed=1
[EST DONE] 2026-05-02T04:02:26.641957 estimator=DANCo k=7 dur=152.382s seed=1
[EST DONE] 2026-05-02T04:02:33.480807 estimator=DANCo k=7 dur=150.926s seed=1
[EST DONE] 2026-05-02T04:03:18.089687 estimator=DANCo k=10 dur=159.610s seed=1
[EST DONE] 2026-05-02T04:03:34.683843 estimator=DANCo k=10 dur=154.620s seed=1
[EST DONE] 2026-05-02T04:03:36.779801 estimator=DANCo k=10 dur=153.828s seed=1
[EST DONE] 2026-05-02T04:04:12.229335 estimator=DANCo k=10 dur=151.473s seed=1
[EST DONE] 2026-05-02T04:05:03.436367 estimator=DANCo k=10 dur=156.794s seed=1
[EST DONE] 2026-05-02T04:05:13.839463 estimator=DANCo k=10 dur=160.359s seed=1
[EST DONE] 2026-05-02T04:05:59.089556 estimator=DANCo k=15 dur=161.000s seed=1
[EST DONE] 2026-05-02T04:06:20.202965 estimator=DANCo k=15 dur=165.519s seed=1
[EST DONE] 2026-05-02T04:06:26.898534 estimator=DANCo k=15 dur=170.119s seed=1
[EST DONE] 2026-05-02T04:07:00.174526 estimator=DANCo k=15 dur=167.945s seed=1
[EST DONE] 2026-05-02T04:07:57.335687 estimator=DANCo k=15 dur=173.899s seed=1
[EST DONE] 2026-05-02T04:08:08.651910 estimator=DANCo k=15 dur=174.812s seed=1
[EST DONE] 2026-05-02T04:44:34.014407 estimator=MiND k=3 dur=1159.376s seed=1
[EST DONE] 2026-05-02T04:44:59.665479 estimator=MiND k=3 dur=1156.347s seed=1
[EST DONE] 2026-05-02T04:45:02.389990 estimator=MiND k=3 dur=1166.179s seed=1
[EST DONE] 2026-05-02T04:45:45.478891 estimator=MiND k=3 dur=1162.695s seed=1
[EST DONE] 2026-05-02T04:46:32.590081 estimator=MiND k=3 dur=1157.325s seed=1
[EST DONE] 2026-05-02T04:47:01.255522 estimator=MiND k=3 dur=1165.152s seed=1
[EST DONE] 2026-05-02T05:04:00.261838 estimator=MiND k=5 dur=1166.247s seed=1
[EST DONE] 2026-05-02T05:04:18.700343 estimator=MiND k=5 dur=1159.035s seed=1
[EST DONE] 2026-05-02T05:04:27.115825 estimator=MiND k=5 dur=1164.726s seed=1
[EST DONE] 2026-05-02T05:05:15.627025 estimator=MiND k=5 dur=1170.148s seed=1
[EST DONE] 2026-05-02T05:05:59.491192 estimator=MiND k=5 dur=1166.901s seed=1
[EST DONE] 2026-05-02T05:06:24.446510 estimator=MiND k=5 dur=1163.191s seed=1
[EST DONE] 2026-05-02T05:23:29.369908 estimator=MiND k=7 dur=1169.108s seed=1
[EST DONE] 2026-05-02T05:23:43.552331 estimator=MiND k=7 dur=1164.852s seed=1
[EST DONE] 2026-05-02T05:23:51.686363 estimator=MiND k=7 dur=1164.570s seed=1
[EST DONE] 2026-05-02T05:24:39.105514 estimator=MiND k=7 dur=1163.478s seed=1
[EST DONE] 2026-05-02T05:25:30.240074 estimator=MiND k=7 dur=1170.749s seed=1
[EST DONE] 2026-05-02T05:25:54.410566 estimator=MiND k=7 dur=1169.964s seed=1
[EST DONE] 2026-05-02T05:42:57.959199 estimator=MiND k=10 dur=1168.589s seed=1
[EST DONE] 2026-05-02T05:42:59.598217 estimator=MiND k=10 dur=1156.046s seed=1
[EST DONE] 2026-05-02T05:43:10.673036 estimator=MiND k=10 dur=1158.987s seed=1
[EST DONE] 2026-05-02T05:44:02.862877 estimator=MiND k=10 dur=1163.757s seed=1
[EST DONE] 2026-05-02T05:45:06.859244 estimator=MiND k=10 dur=1176.619s seed=1
[EST DONE] 2026-05-02T05:45:15.595188 estimator=MiND k=10 dur=1161.185s seed=1
[EST DONE] 2026-05-02T06:02:23.355063 estimator=MiND k=15 dur=1165.396s seed=1
[EST DONE] 2026-05-02T06:02:24.319279 estimator=MiND k=15 dur=1164.721s seed=1
[EST DONE] 2026-05-02T06:02:31.302067 estimator=MiND k=15 dur=1160.629s seed=1
[EST DONE] 2026-05-02T06:02:49.605399 estimator=FisherS (no-k) dur=26.250s seed=1
[TASK END] 2026-05-02T06:02:49.605499 manifold=torus d=12 sigma=0.5 seed=1 duration=8007.445s
[TASK START] 2026-05-02T06:02:49.617319 manifold=torus d=15 sigma=0.75 n=5000 seed=1
[EST DONE] 2026-05-02T06:02:54.202161 estimator=FisherS (no-k) dur=29.883s seed=1
[TASK END] 2026-05-02T06:02:54.202248 manifold=torus d=12 sigma=1.0 seed=1 duration=7985.807s
[TASK START] 2026-05-02T06:02:54.203265 manifold=torus d=15 sigma=1.0 n=5000 seed=1
[EST DONE] 2026-05-02T06:02:55.546047 estimator=Levina-Bickel k=3 dur=3.011s seed=1
[EST DONE] 2026-05-02T06:02:56.763558 estimator=FisherS (no-k) dur=25.461s seed=1
[TASK END] 2026-05-02T06:02:56.763640 manifold=torus d=12 sigma=0.75 seed=1 duration=7989.518s
[EST DONE] 2026-05-02T06:02:58.451739 estimator=Levina-Bickel k=5 dur=2.906s seed=1
[EST DONE] 2026-05-02T06:02:59.972665 estimator=Levina-Bickel k=3 dur=2.755s seed=1
[EST DONE] 2026-05-02T06:03:01.483152 estimator=Levina-Bickel k=7 dur=3.031s seed=1
[EST DONE] 2026-05-02T06:03:02.028606 estimator=Levina-Bickel k=5 dur=2.056s seed=1
[EST DONE] 2026-05-02T06:03:04.358505 estimator=Levina-Bickel k=10 dur=2.875s seed=1
[EST DONE] 2026-05-02T06:03:04.689208 estimator=Levina-Bickel k=7 dur=2.661s seed=1
[EST DONE] 2026-05-02T06:03:06.995979 estimator=Levina-Bickel k=10 dur=2.307s seed=1
[EST DONE] 2026-05-02T06:03:07.251782 estimator=Levina-Bickel k=15 dur=2.893s seed=1
[EST DONE] 2026-05-02T06:03:09.554631 estimator=Levina-Bickel k=15 dur=2.559s seed=1
[EST DONE] 2026-05-02T06:03:10.134885 estimator=TwoNN (no-k) dur=2.883s seed=1
[EST DONE] 2026-05-02T06:03:11.059588 estimator=MiND k=15 dur=1148.197s seed=1
[EST DONE] 2026-05-02T06:03:12.471031 estimator=TwoNN (no-k) dur=2.916s seed=1
[EST DONE] 2026-05-02T06:03:28.116716 estimator=lPCA k=3 dur=9.204s seed=1
[EST DONE] 2026-05-02T06:03:31.440679 estimator=lPCA k=3 dur=9.711s seed=1
[EST DONE] 2026-05-02T06:03:39.721728 estimator=lPCA k=5 dur=11.605s seed=1
[EST DONE] 2026-05-02T06:03:41.486509 estimator=lPCA k=5 dur=10.046s seed=1
[EST DONE] 2026-05-02T06:03:46.013151 estimator=FisherS (no-k) dur=34.953s seed=1
[TASK END] 2026-05-02T06:03:46.013293 manifold=torus d=15 sigma=0.0 seed=1 duration=7988.276s
[EST DONE] 2026-05-02T06:03:47.318963 estimator=lPCA k=7 dur=7.597s seed=1
[EST DONE] 2026-05-02T06:03:50.477912 estimator=lPCA k=7 dur=8.991s seed=1
[EST DONE] 2026-05-02T06:03:55.201294 estimator=lPCA k=10 dur=7.882s seed=1
[EST DONE] 2026-05-02T06:03:56.660856 estimator=MiND k=15 dur=1129.801s seed=1
[EST DONE] 2026-05-02T06:03:58.078740 estimator=lPCA k=10 dur=7.601s seed=1
[EST DONE] 2026-05-02T06:04:03.610681 estimator=MiND k=15 dur=1128.015s seed=1
[EST DONE] 2026-05-02T06:04:05.530223 estimator=lPCA k=15 dur=10.329s seed=1
[EST DONE] 2026-05-02T06:04:06.023433 estimator=lPCA k=15 dur=7.945s seed=1
[EST DONE] 2026-05-02T06:04:26.614876 estimator=FisherS (no-k) dur=23.004s seed=1
[TASK END] 2026-05-02T06:04:26.615012 manifold=torus d=15 sigma=0.25 seed=1 duration=7985.828s
[EST DONE] 2026-05-02T06:04:27.608357 estimator=FisherS (no-k) dur=30.947s seed=1
[TASK END] 2026-05-02T06:04:27.608462 manifold=torus d=15 sigma=0.5 seed=1 duration=7977.013s
[EST DONE] 2026-05-02T06:05:43.561527 estimator=DANCo k=3 dur=45.037s seed=1
[EST DONE] 2026-05-02T06:05:44.373877 estimator=DANCo k=3 dur=44.989s seed=1
[EST DONE] 2026-05-02T06:06:31.039228 estimator=DANCo k=5 dur=47.478s seed=1
[EST DONE] 2026-05-02T06:06:34.393030 estimator=DANCo k=5 dur=50.019s seed=1
[EST DONE] 2026-05-02T06:07:20.075001 estimator=DANCo k=7 dur=49.036s seed=1
[EST DONE] 2026-05-02T06:07:22.738551 estimator=DANCo k=7 dur=48.345s seed=1
[EST DONE] 2026-05-02T06:08:09.573399 estimator=DANCo k=10 dur=49.498s seed=1
[EST DONE] 2026-05-02T06:08:11.634558 estimator=DANCo k=10 dur=48.896s seed=1
[EST DONE] 2026-05-02T06:09:02.032521 estimator=DANCo k=15 dur=52.459s seed=1
[EST DONE] 2026-05-02T06:09:03.238712 estimator=DANCo k=15 dur=51.604s seed=1
[EST DONE] 2026-05-02T06:18:17.001710 estimator=MiND k=3 dur=278.539s seed=1
[EST DONE] 2026-05-02T06:18:17.357887 estimator=MiND k=3 dur=277.447s seed=1
[EST DONE] 2026-05-02T06:22:55.031200 estimator=MiND k=5 dur=278.029s seed=1
[EST DONE] 2026-05-02T06:22:57.993545 estimator=MiND k=5 dur=280.636s seed=1
[EST DONE] 2026-05-02T06:27:35.301474 estimator=MiND k=7 dur=280.270s seed=1
[EST DONE] 2026-05-02T06:27:39.314441 estimator=MiND k=7 dur=281.321s seed=1
[EST DONE] 2026-05-02T06:32:15.004143 estimator=MiND k=10 dur=279.703s seed=1
[EST DONE] 2026-05-02T06:32:19.532847 estimator=MiND k=10 dur=280.218s seed=1
[EST DONE] 2026-05-02T06:36:56.211312 estimator=MiND k=15 dur=281.207s seed=1
[EST DONE] 2026-05-02T06:36:59.004037 estimator=FisherS (no-k) dur=2.793s seed=1
[TASK END] 2026-05-02T06:36:59.004180 manifold=torus d=15 sigma=0.75 seed=1 duration=2049.387s
[EST DONE] 2026-05-02T06:36:59.080137 estimator=MiND k=15 dur=279.547s seed=1
[EST DONE] 2026-05-02T06:37:01.657875 estimator=FisherS (no-k) dur=2.578s seed=1
[TASK END] 2026-05-02T06:37:01.657962 manifold=torus d=15 sigma=1.0 seed=1 duration=2047.455s
Completed synthetic task manifold=sphere d=5 sigma=0.0 seed=1 in 7782.6s
Completed synthetic task manifold=sphere d=5 sigma=1.0 seed=1 in 7808.9s
Completed synthetic task manifold=sphere d=5 sigma=0.25 seed=1 in 7813.3s
Completed synthetic task manifold=sphere d=5 sigma=0.5 seed=1 in 7813.6s
Completed synthetic task manifold=sphere d=5 sigma=0.75 seed=1 in 7826.4s
Completed synthetic task manifold=sphere d=7 sigma=0.0 seed=1 in 7830.0s
Completed synthetic task manifold=sphere d=7 sigma=0.25 seed=1 in 15565.1s
Completed synthetic task manifold=sphere d=7 sigma=0.75 seed=1 in 15627.9s
Completed synthetic task manifold=sphere d=7 sigma=1.0 seed=1 in 15631.1s
Completed synthetic task manifold=sphere d=7 sigma=0.5 seed=1 in 15645.8s
Completed synthetic task manifold=sphere d=9 sigma=0.0 seed=1 in 15670.6s
Completed synthetic task manifold=sphere d=9 sigma=0.25 seed=1 in 15681.8s
Completed synthetic task manifold=sphere d=9 sigma=0.5 seed=1 in 23398.1s
Completed synthetic task manifold=sphere d=9 sigma=1.0 seed=1 in 23471.3s
Completed synthetic task manifold=sphere d=9 sigma=0.75 seed=1 in 23487.2s
Completed synthetic task manifold=sphere d=12 sigma=0.0 seed=1 in 23521.1s
Completed synthetic task manifold=sphere d=12 sigma=0.5 seed=1 in 23563.2s
Completed synthetic task manifold=sphere d=12 sigma=0.25 seed=1 in 23574.0s
Completed synthetic task manifold=sphere d=12 sigma=0.75 seed=1 in 31292.6s
Completed synthetic task manifold=sphere d=12 sigma=1.0 seed=1 in 31414.2s
Completed synthetic task manifold=sphere d=15 sigma=0.0 seed=1 in 31465.8s
Completed synthetic task manifold=sphere d=15 sigma=0.25 seed=1 in 31506.5s
Completed synthetic task manifold=sphere d=15 sigma=0.5 seed=1 in 31524.6s
Completed synthetic task manifold=sphere d=15 sigma=0.75 seed=1 in 31528.4s
Completed synthetic task manifold=sphere d=15 sigma=1.0 seed=1 in 39239.4s
Completed synthetic task manifold=torus d=5 sigma=0.0 seed=1 in 39266.3s
Completed synthetic task manifold=torus d=5 sigma=0.25 seed=1 in 39309.4s
Completed synthetic task manifold=torus d=5 sigma=0.5 seed=1 in 39340.0s
Completed synthetic task manifold=torus d=5 sigma=1.0 seed=1 in 39372.1s
Completed synthetic task manifold=torus d=5 sigma=0.75 seed=1 in 39373.6s
Completed synthetic task manifold=torus d=7 sigma=0.0 seed=1 in 47167.7s
Completed synthetic task manifold=torus d=7 sigma=0.25 seed=1 in 47168.4s
Completed synthetic task manifold=torus d=7 sigma=0.5 seed=1 in 47180.3s
Completed synthetic task manifold=torus d=7 sigma=0.75 seed=1 in 47251.5s
Completed synthetic task manifold=torus d=7 sigma=1.0 seed=1 in 47278.0s
Completed synthetic task manifold=torus d=9 sigma=0.0 seed=1 in 47304.9s
Completed synthetic task manifold=torus d=9 sigma=0.5 seed=1 in 55145.4s
Completed synthetic task manifold=torus d=9 sigma=0.75 seed=1 in 55170.5s
Completed synthetic task manifold=torus d=9 sigma=0.25 seed=1 in 55171.7s
Completed synthetic task manifold=torus d=9 sigma=1.0 seed=1 in 55221.0s
Completed synthetic task manifold=torus d=12 sigma=0.0 seed=1 in 55264.0s
Completed synthetic task manifold=torus d=12 sigma=0.25 seed=1 in 55273.9s
Completed synthetic task manifold=torus d=12 sigma=0.5 seed=1 in 63152.9s
Completed synthetic task manifold=torus d=12 sigma=1.0 seed=1 in 63157.5s
Completed synthetic task manifold=torus d=12 sigma=0.75 seed=1 in 63160.0s
Completed synthetic task manifold=torus d=15 sigma=0.0 seed=1 in 63209.3s
Completed synthetic task manifold=torus d=15 sigma=0.25 seed=1 in 63249.9s
Completed synthetic task manifold=torus d=15 sigma=0.5 seed=1 in 63250.9s
Completed synthetic task manifold=torus d=15 sigma=0.75 seed=1 in 65202.3s
Completed synthetic task manifold=torus d=15 sigma=1.0 seed=1 in 65204.9s
Wrote per-task synthetic results to results/synthetic_large.task1.csv
Saved results/synthetic_large.csv
Running MNIST autoencoder large experiments...
[MNIST TASK START] 2026-05-02T06:37:01.934041 bottleneck=5 replicate=0 seed=1
[AE START] seed=1 bottleneck=5 epochs=50 subset=5000
[AE EPOCH] epoch=1/50 loss=0.221749 epoch_time=0.31s device=cuda
[AE EPOCH] epoch=2/50 loss=0.177559 epoch_time=0.12s device=cuda
[AE EPOCH] epoch=3/50 loss=0.108774 epoch_time=0.14s device=cuda
[AE EPOCH] epoch=4/50 loss=0.079989 epoch_time=0.14s device=cuda
[AE EPOCH] epoch=5/50 loss=0.073877 epoch_time=0.15s device=cuda
[AE EPOCH] epoch=6/50 loss=0.071878 epoch_time=0.15s device=cuda
[AE EPOCH] epoch=7/50 loss=0.070758 epoch_time=0.15s device=cuda
[AE EPOCH] epoch=8/50 loss=0.069829 epoch_time=0.16s device=cuda
[AE EPOCH] epoch=9/50 loss=0.068792 epoch_time=0.12s device=cuda
[AE EPOCH] epoch=10/50 loss=0.067461 epoch_time=0.14s device=cuda
[AE EPOCH] epoch=11/50 loss=0.065757 epoch_time=0.15s device=cuda
[AE EPOCH] epoch=12/50 loss=0.063823 epoch_time=0.16s device=cuda
[AE EPOCH] epoch=13/50 loss=0.062037 epoch_time=0.16s device=cuda
[AE EPOCH] epoch=14/50 loss=0.060368 epoch_time=0.16s device=cuda
[AE EPOCH] epoch=15/50 loss=0.058690 epoch_time=0.16s device=cuda
[AE EPOCH] epoch=16/50 loss=0.056892 epoch_time=0.16s device=cuda
[AE EPOCH] epoch=17/50 loss=0.055145 epoch_time=0.16s device=cuda
[AE EPOCH] epoch=18/50 loss=0.053557 epoch_time=0.16s device=cuda
[AE EPOCH] epoch=19/50 loss=0.052128 epoch_time=0.16s device=cuda
[AE EPOCH] epoch=20/50 loss=0.050870 epoch_time=0.16s device=cuda
[AE EPOCH] epoch=21/50 loss=0.049764 epoch_time=0.13s device=cuda
[AE EPOCH] epoch=22/50 loss=0.048739 epoch_time=0.11s device=cuda
[AE EPOCH] epoch=23/50 loss=0.047779 epoch_time=0.10s device=cuda
[AE EPOCH] epoch=24/50 loss=0.046917 epoch_time=0.09s device=cuda
[AE EPOCH] epoch=25/50 loss=0.046114 epoch_time=0.08s device=cuda
[AE EPOCH] epoch=26/50 loss=0.045385 epoch_time=0.08s device=cuda
[AE EPOCH] epoch=27/50 loss=0.044741 epoch_time=0.08s device=cuda
[AE EPOCH] epoch=28/50 loss=0.044173 epoch_time=0.08s device=cuda
[AE EPOCH] epoch=29/50 loss=0.043650 epoch_time=0.08s device=cuda
[AE EPOCH] epoch=30/50 loss=0.043162 epoch_time=0.08s device=cuda
[AE EPOCH] epoch=31/50 loss=0.042727 epoch_time=0.08s device=cuda
[AE EPOCH] epoch=32/50 loss=0.042313 epoch_time=0.08s device=cuda
[AE EPOCH] epoch=33/50 loss=0.041923 epoch_time=0.08s device=cuda
[AE EPOCH] epoch=34/50 loss=0.041553 epoch_time=0.08s device=cuda
[AE EPOCH] epoch=35/50 loss=0.041205 epoch_time=0.08s device=cuda
[AE EPOCH] epoch=36/50 loss=0.040868 epoch_time=0.09s device=cuda
[AE EPOCH] epoch=37/50 loss=0.040544 epoch_time=0.10s device=cuda
[AE EPOCH] epoch=38/50 loss=0.040240 epoch_time=0.11s device=cuda
[AE EPOCH] epoch=39/50 loss=0.039958 epoch_time=0.13s device=cuda
[AE EPOCH] epoch=40/50 loss=0.039688 epoch_time=0.14s device=cuda
[AE EPOCH] epoch=41/50 loss=0.039428 epoch_time=0.15s device=cuda
[AE EPOCH] epoch=42/50 loss=0.039174 epoch_time=0.15s device=cuda
[AE EPOCH] epoch=43/50 loss=0.038940 epoch_time=0.16s device=cuda
[AE EPOCH] epoch=44/50 loss=0.038704 epoch_time=0.16s device=cuda
[AE EPOCH] epoch=45/50 loss=0.038488 epoch_time=0.16s device=cuda
[AE EPOCH] epoch=46/50 loss=0.038256 epoch_time=0.16s device=cuda
[AE EPOCH] epoch=47/50 loss=0.038051 epoch_time=0.16s device=cuda
[AE EPOCH] epoch=48/50 loss=0.037837 epoch_time=0.16s device=cuda
[AE EPOCH] epoch=49/50 loss=0.037648 epoch_time=0.16s device=cuda
[AE EPOCH] epoch=50/50 loss=0.037457 epoch_time=0.16s device=cuda
[AE TRAIN COMPLETE] total_time=6.66s
[AE TRAIN COMPLETE] 2026-05-02T06:37:15.893935 bottleneck=5 replicate=0 dur=14.0s seed=1
[EST START] 2026-05-02T06:37:16.032099 bottleneck=5 replicate=0 seed=1 estimator=Levina-Bickel k=3 sigma=0.0
[EST DONE] 2026-05-02T06:37:16.621662 bottleneck=5 replicate=0 seed=1 estimator=Levina-Bickel k=3 dur=0.589s
[EST START] 2026-05-02T06:37:16.621828 bottleneck=5 replicate=0 seed=1 estimator=Levina-Bickel k=5 sigma=0.0
[EST DONE] 2026-05-02T06:37:16.907510 bottleneck=5 replicate=0 seed=1 estimator=Levina-Bickel k=5 dur=0.286s
[EST START] 2026-05-02T06:37:16.907615 bottleneck=5 replicate=0 seed=1 estimator=Levina-Bickel k=7 sigma=0.0
[EST DONE] 2026-05-02T06:37:17.200659 bottleneck=5 replicate=0 seed=1 estimator=Levina-Bickel k=7 dur=0.293s
[EST START] 2026-05-02T06:37:17.200740 bottleneck=5 replicate=0 seed=1 estimator=Levina-Bickel k=10 sigma=0.0
[EST DONE] 2026-05-02T06:37:17.499193 bottleneck=5 replicate=0 seed=1 estimator=Levina-Bickel k=10 dur=0.298s
[EST START] 2026-05-02T06:37:17.499327 bottleneck=5 replicate=0 seed=1 estimator=Levina-Bickel k=15 sigma=0.0
[EST DONE] 2026-05-02T06:37:17.804911 bottleneck=5 replicate=0 seed=1 estimator=Levina-Bickel k=15 dur=0.306s
[EST START] 2026-05-02T06:37:17.805018 bottleneck=5 replicate=0 seed=1 estimator=TwoNN k=ALL sigma=0.0
[EST DONE] 2026-05-02T06:37:18.088668 bottleneck=5 replicate=0 seed=1 estimator=TwoNN k=ALL dur=0.284s
[EST START] 2026-05-02T06:37:18.088852 bottleneck=5 replicate=0 seed=1 estimator=lPCA k=3 sigma=0.0
[EST DONE] 2026-05-02T06:37:22.116966 bottleneck=5 replicate=0 seed=1 estimator=lPCA k=3 dur=4.028s
[EST START] 2026-05-02T06:37:22.117065 bottleneck=5 replicate=0 seed=1 estimator=lPCA k=5 sigma=0.0
[EST DONE] 2026-05-02T06:37:26.702868 bottleneck=5 replicate=0 seed=1 estimator=lPCA k=5 dur=4.586s
[EST START] 2026-05-02T06:37:26.702990 bottleneck=5 replicate=0 seed=1 estimator=lPCA k=7 sigma=0.0
[EST DONE] 2026-05-02T06:37:31.642052 bottleneck=5 replicate=0 seed=1 estimator=lPCA k=7 dur=4.939s
[EST START] 2026-05-02T06:37:31.642192 bottleneck=5 replicate=0 seed=1 estimator=lPCA k=10 sigma=0.0
[EST DONE] 2026-05-02T06:37:37.139821 bottleneck=5 replicate=0 seed=1 estimator=lPCA k=10 dur=5.498s
[EST START] 2026-05-02T06:37:37.139931 bottleneck=5 replicate=0 seed=1 estimator=lPCA k=15 sigma=0.0
[EST DONE] 2026-05-02T06:37:43.849294 bottleneck=5 replicate=0 seed=1 estimator=lPCA k=15 dur=6.709s
[EST START] 2026-05-02T06:37:43.849456 bottleneck=5 replicate=0 seed=1 estimator=DANCo k=3 sigma=0.0
[EST DONE] 2026-05-02T06:38:08.474091 bottleneck=5 replicate=0 seed=1 estimator=DANCo k=3 dur=24.625s
[EST START] 2026-05-02T06:38:08.474183 bottleneck=5 replicate=0 seed=1 estimator=DANCo k=5 sigma=0.0
[EST DONE] 2026-05-02T06:38:30.177221 bottleneck=5 replicate=0 seed=1 estimator=DANCo k=5 dur=21.703s
[EST START] 2026-05-02T06:38:30.177356 bottleneck=5 replicate=0 seed=1 estimator=DANCo k=7 sigma=0.0
[EST DONE] 2026-05-02T06:38:53.418433 bottleneck=5 replicate=0 seed=1 estimator=DANCo k=7 dur=23.241s
[EST START] 2026-05-02T06:38:53.418551 bottleneck=5 replicate=0 seed=1 estimator=DANCo k=10 sigma=0.0
[EST DONE] 2026-05-02T06:39:18.196575 bottleneck=5 replicate=0 seed=1 estimator=DANCo k=10 dur=24.778s
[EST START] 2026-05-02T06:39:18.196684 bottleneck=5 replicate=0 seed=1 estimator=DANCo k=15 sigma=0.0
[EST DONE] 2026-05-02T06:39:47.262730 bottleneck=5 replicate=0 seed=1 estimator=DANCo k=15 dur=29.066s
[EST START] 2026-05-02T06:39:47.262897 bottleneck=5 replicate=0 seed=1 estimator=MiND k=3 sigma=0.0
[EST DONE] 2026-05-02T06:39:55.499578 bottleneck=5 replicate=0 seed=1 estimator=MiND k=3 dur=8.237s
[EST START] 2026-05-02T06:39:55.499722 bottleneck=5 replicate=0 seed=1 estimator=MiND k=5 sigma=0.0
[EST DONE] 2026-05-02T06:40:04.410425 bottleneck=5 replicate=0 seed=1 estimator=MiND k=5 dur=8.911s
[EST START] 2026-05-02T06:40:04.410517 bottleneck=5 replicate=0 seed=1 estimator=MiND k=7 sigma=0.0
[EST DONE] 2026-05-02T06:40:13.477427 bottleneck=5 replicate=0 seed=1 estimator=MiND k=7 dur=9.067s
[EST START] 2026-05-02T06:40:13.477532 bottleneck=5 replicate=0 seed=1 estimator=MiND k=10 sigma=0.0
[EST DONE] 2026-05-02T06:40:22.980331 bottleneck=5 replicate=0 seed=1 estimator=MiND k=10 dur=9.503s
[EST START] 2026-05-02T06:40:22.980425 bottleneck=5 replicate=0 seed=1 estimator=MiND k=15 sigma=0.0
[EST DONE] 2026-05-02T06:40:32.891283 bottleneck=5 replicate=0 seed=1 estimator=MiND k=15 dur=9.911s
[EST START] 2026-05-02T06:40:32.891465 bottleneck=5 replicate=0 seed=1 estimator=FisherS k=ALL sigma=0.0
[EST DONE] 2026-05-02T06:40:38.565707 bottleneck=5 replicate=0 seed=1 estimator=FisherS k=ALL dur=5.674s
[EST START] 2026-05-02T06:40:38.658777 bottleneck=5 replicate=0 seed=1 estimator=Levina-Bickel k=3 sigma=0.25
[EST DONE] 2026-05-02T06:40:38.973088 bottleneck=5 replicate=0 seed=1 estimator=Levina-Bickel k=3 dur=0.314s
[EST START] 2026-05-02T06:40:38.973219 bottleneck=5 replicate=0 seed=1 estimator=Levina-Bickel k=5 sigma=0.25
[EST DONE] 2026-05-02T06:40:39.291162 bottleneck=5 replicate=0 seed=1 estimator=Levina-Bickel k=5 dur=0.318s
[EST START] 2026-05-02T06:40:39.291297 bottleneck=5 replicate=0 seed=1 estimator=Levina-Bickel k=7 sigma=0.25
[EST DONE] 2026-05-02T06:40:39.612596 bottleneck=5 replicate=0 seed=1 estimator=Levina-Bickel k=7 dur=0.321s
[EST START] 2026-05-02T06:40:39.612736 bottleneck=5 replicate=0 seed=1 estimator=Levina-Bickel k=10 sigma=0.25
[EST DONE] 2026-05-02T06:40:39.939364 bottleneck=5 replicate=0 seed=1 estimator=Levina-Bickel k=10 dur=0.327s
[EST START] 2026-05-02T06:40:39.939540 bottleneck=5 replicate=0 seed=1 estimator=Levina-Bickel k=15 sigma=0.25
[EST DONE] 2026-05-02T06:40:40.275264 bottleneck=5 replicate=0 seed=1 estimator=Levina-Bickel k=15 dur=0.336s
[EST START] 2026-05-02T06:40:40.275369 bottleneck=5 replicate=0 seed=1 estimator=TwoNN k=ALL sigma=0.25
[EST DONE] 2026-05-02T06:40:40.585097 bottleneck=5 replicate=0 seed=1 estimator=TwoNN k=ALL dur=0.310s
[EST START] 2026-05-02T06:40:40.585294 bottleneck=5 replicate=0 seed=1 estimator=lPCA k=3 sigma=0.25
[EST DONE] 2026-05-02T06:40:44.755798 bottleneck=5 replicate=0 seed=1 estimator=lPCA k=3 dur=4.170s
[EST START] 2026-05-02T06:40:44.755900 bottleneck=5 replicate=0 seed=1 estimator=lPCA k=5 sigma=0.25
[EST DONE] 2026-05-02T06:40:49.515917 bottleneck=5 replicate=0 seed=1 estimator=lPCA k=5 dur=4.760s
[EST START] 2026-05-02T06:40:49.516040 bottleneck=5 replicate=0 seed=1 estimator=lPCA k=7 sigma=0.25
[EST DONE] 2026-05-02T06:40:54.604497 bottleneck=5 replicate=0 seed=1 estimator=lPCA k=7 dur=5.088s
[EST START] 2026-05-02T06:40:54.604590 bottleneck=5 replicate=0 seed=1 estimator=lPCA k=10 sigma=0.25
[EST DONE] 2026-05-02T06:41:00.331444 bottleneck=5 replicate=0 seed=1 estimator=lPCA k=10 dur=5.727s
[EST START] 2026-05-02T06:41:00.331582 bottleneck=5 replicate=0 seed=1 estimator=lPCA k=15 sigma=0.25
[EST DONE] 2026-05-02T06:41:07.360934 bottleneck=5 replicate=0 seed=1 estimator=lPCA k=15 dur=7.029s
[EST START] 2026-05-02T06:41:07.361133 bottleneck=5 replicate=0 seed=1 estimator=DANCo k=3 sigma=0.25
[EST DONE] 2026-05-02T06:41:27.125154 bottleneck=5 replicate=0 seed=1 estimator=DANCo k=3 dur=19.764s
[EST START] 2026-05-02T06:41:27.125260 bottleneck=5 replicate=0 seed=1 estimator=DANCo k=5 sigma=0.25
[EST DONE] 2026-05-02T06:41:49.317854 bottleneck=5 replicate=0 seed=1 estimator=DANCo k=5 dur=22.193s
[EST START] 2026-05-02T06:41:49.317975 bottleneck=5 replicate=0 seed=1 estimator=DANCo k=7 sigma=0.25
[EST DONE] 2026-05-02T06:42:13.200725 bottleneck=5 replicate=0 seed=1 estimator=DANCo k=7 dur=23.883s
[EST START] 2026-05-02T06:42:13.200866 bottleneck=5 replicate=0 seed=1 estimator=DANCo k=10 sigma=0.25
[EST DONE] 2026-05-02T06:42:37.920837 bottleneck=5 replicate=0 seed=1 estimator=DANCo k=10 dur=24.720s
[EST START] 2026-05-02T06:42:37.920925 bottleneck=5 replicate=0 seed=1 estimator=DANCo k=15 sigma=0.25
[EST DONE] 2026-05-02T06:43:05.948284 bottleneck=5 replicate=0 seed=1 estimator=DANCo k=15 dur=28.027s
[EST START] 2026-05-02T06:43:05.948472 bottleneck=5 replicate=0 seed=1 estimator=MiND k=3 sigma=0.25
[EST DONE] 2026-05-02T06:43:12.659998 bottleneck=5 replicate=0 seed=1 estimator=MiND k=3 dur=6.712s
[EST START] 2026-05-02T06:43:12.660090 bottleneck=5 replicate=0 seed=1 estimator=MiND k=5 sigma=0.25
[EST DONE] 2026-05-02T06:43:19.523493 bottleneck=5 replicate=0 seed=1 estimator=MiND k=5 dur=6.863s
[EST START] 2026-05-02T06:43:19.523628 bottleneck=5 replicate=0 seed=1 estimator=MiND k=7 sigma=0.25
[EST DONE] 2026-05-02T06:43:26.423579 bottleneck=5 replicate=0 seed=1 estimator=MiND k=7 dur=6.900s
[EST START] 2026-05-02T06:43:26.423750 bottleneck=5 replicate=0 seed=1 estimator=MiND k=10 sigma=0.25
[EST DONE] 2026-05-02T06:43:33.474816 bottleneck=5 replicate=0 seed=1 estimator=MiND k=10 dur=7.051s
[EST START] 2026-05-02T06:43:33.474940 bottleneck=5 replicate=0 seed=1 estimator=MiND k=15 sigma=0.25
[EST DONE] 2026-05-02T06:43:40.707404 bottleneck=5 replicate=0 seed=1 estimator=MiND k=15 dur=7.232s
[EST START] 2026-05-02T06:43:40.707543 bottleneck=5 replicate=0 seed=1 estimator=FisherS k=ALL sigma=0.25
[EST DONE] 2026-05-02T06:43:43.848451 bottleneck=5 replicate=0 seed=1 estimator=FisherS k=ALL dur=3.141s
[EST START] 2026-05-02T06:43:44.062016 bottleneck=5 replicate=0 seed=1 estimator=Levina-Bickel k=3 sigma=0.5
[EST DONE] 2026-05-02T06:43:44.346673 bottleneck=5 replicate=0 seed=1 estimator=Levina-Bickel k=3 dur=0.285s
[EST START] 2026-05-02T06:43:44.346786 bottleneck=5 replicate=0 seed=1 estimator=Levina-Bickel k=5 sigma=0.5
[EST DONE] 2026-05-02T06:43:44.635288 bottleneck=5 replicate=0 seed=1 estimator=Levina-Bickel k=5 dur=0.288s
[EST START] 2026-05-02T06:43:44.635379 bottleneck=5 replicate=0 seed=1 estimator=Levina-Bickel k=7 sigma=0.5
[EST DONE] 2026-05-02T06:43:44.927052 bottleneck=5 replicate=0 seed=1 estimator=Levina-Bickel k=7 dur=0.292s
[EST START] 2026-05-02T06:43:44.927169 bottleneck=5 replicate=0 seed=1 estimator=Levina-Bickel k=10 sigma=0.5
[EST DONE] 2026-05-02T06:43:45.226307 bottleneck=5 replicate=0 seed=1 estimator=Levina-Bickel k=10 dur=0.299s
[EST START] 2026-05-02T06:43:45.226464 bottleneck=5 replicate=0 seed=1 estimator=Levina-Bickel k=15 sigma=0.5
[EST DONE] 2026-05-02T06:43:45.532744 bottleneck=5 replicate=0 seed=1 estimator=Levina-Bickel k=15 dur=0.306s
[EST START] 2026-05-02T06:43:45.532837 bottleneck=5 replicate=0 seed=1 estimator=TwoNN k=ALL sigma=0.5
[EST DONE] 2026-05-02T06:43:45.816212 bottleneck=5 replicate=0 seed=1 estimator=TwoNN k=ALL dur=0.283s
[EST START] 2026-05-02T06:43:45.816305 bottleneck=5 replicate=0 seed=1 estimator=lPCA k=3 sigma=0.5
[EST DONE] 2026-05-02T06:43:49.902318 bottleneck=5 replicate=0 seed=1 estimator=lPCA k=3 dur=4.086s
[EST START] 2026-05-02T06:43:49.902427 bottleneck=5 replicate=0 seed=1 estimator=lPCA k=5 sigma=0.5
[EST DONE] 2026-05-02T06:43:54.595276 bottleneck=5 replicate=0 seed=1 estimator=lPCA k=5 dur=4.693s
[EST START] 2026-05-02T06:43:54.595400 bottleneck=5 replicate=0 seed=1 estimator=lPCA k=7 sigma=0.5
[EST DONE] 2026-05-02T06:43:59.643560 bottleneck=5 replicate=0 seed=1 estimator=lPCA k=7 dur=5.048s
[EST START] 2026-05-02T06:43:59.643708 bottleneck=5 replicate=0 seed=1 estimator=lPCA k=10 sigma=0.5
[EST DONE] 2026-05-02T06:44:05.308156 bottleneck=5 replicate=0 seed=1 estimator=lPCA k=10 dur=5.664s
[EST START] 2026-05-02T06:44:05.308271 bottleneck=5 replicate=0 seed=1 estimator=lPCA k=15 sigma=0.5
[EST DONE] 2026-05-02T06:44:12.275644 bottleneck=5 replicate=0 seed=1 estimator=lPCA k=15 dur=6.967s
[EST START] 2026-05-02T06:44:12.275740 bottleneck=5 replicate=0 seed=1 estimator=DANCo k=3 sigma=0.5
[EST DONE] 2026-05-02T06:44:32.883465 bottleneck=5 replicate=0 seed=1 estimator=DANCo k=3 dur=20.608s
[EST START] 2026-05-02T06:44:32.883567 bottleneck=5 replicate=0 seed=1 estimator=DANCo k=5 sigma=0.5
[EST DONE] 2026-05-02T06:44:55.373797 bottleneck=5 replicate=0 seed=1 estimator=DANCo k=5 dur=22.490s
[EST START] 2026-05-02T06:44:55.373897 bottleneck=5 replicate=0 seed=1 estimator=DANCo k=7 sigma=0.5
[EST DONE] 2026-05-02T06:45:18.734367 bottleneck=5 replicate=0 seed=1 estimator=DANCo k=7 dur=23.360s
[EST START] 2026-05-02T06:45:18.734520 bottleneck=5 replicate=0 seed=1 estimator=DANCo k=10 sigma=0.5
[EST DONE] 2026-05-02T06:45:43.545059 bottleneck=5 replicate=0 seed=1 estimator=DANCo k=10 dur=24.811s
[EST START] 2026-05-02T06:45:43.545165 bottleneck=5 replicate=0 seed=1 estimator=DANCo k=15 sigma=0.5
[EST DONE] 2026-05-02T06:46:11.920377 bottleneck=5 replicate=0 seed=1 estimator=DANCo k=15 dur=28.375s
[EST START] 2026-05-02T06:46:11.920488 bottleneck=5 replicate=0 seed=1 estimator=MiND k=3 sigma=0.5
[EST DONE] 2026-05-02T06:46:18.716055 bottleneck=5 replicate=0 seed=1 estimator=MiND k=3 dur=6.795s
[EST START] 2026-05-02T06:46:18.716213 bottleneck=5 replicate=0 seed=1 estimator=MiND k=5 sigma=0.5
[EST DONE] 2026-05-02T06:46:25.541724 bottleneck=5 replicate=0 seed=1 estimator=MiND k=5 dur=6.825s
[EST START] 2026-05-02T06:46:25.541821 bottleneck=5 replicate=0 seed=1 estimator=MiND k=7 sigma=0.5
[EST DONE] 2026-05-02T06:46:32.394961 bottleneck=5 replicate=0 seed=1 estimator=MiND k=7 dur=6.853s
[EST START] 2026-05-02T06:46:32.395105 bottleneck=5 replicate=0 seed=1 estimator=MiND k=10 sigma=0.5
[EST DONE] 2026-05-02T06:46:39.450443 bottleneck=5 replicate=0 seed=1 estimator=MiND k=10 dur=7.055s
[EST START] 2026-05-02T06:46:39.450572 bottleneck=5 replicate=0 seed=1 estimator=MiND k=15 sigma=0.5
[EST DONE] 2026-05-02T06:46:46.765884 bottleneck=5 replicate=0 seed=1 estimator=MiND k=15 dur=7.315s
[EST START] 2026-05-02T06:46:46.766010 bottleneck=5 replicate=0 seed=1 estimator=FisherS k=ALL sigma=0.5
[EST DONE] 2026-05-02T06:46:49.091166 bottleneck=5 replicate=0 seed=1 estimator=FisherS k=ALL dur=2.325s
[EST START] 2026-05-02T06:46:49.184680 bottleneck=5 replicate=0 seed=1 estimator=Levina-Bickel k=3 sigma=0.75
[EST DONE] 2026-05-02T06:46:49.460267 bottleneck=5 replicate=0 seed=1 estimator=Levina-Bickel k=3 dur=0.276s
[EST START] 2026-05-02T06:46:49.460359 bottleneck=5 replicate=0 seed=1 estimator=Levina-Bickel k=5 sigma=0.75
[EST DONE] 2026-05-02T06:46:49.742347 bottleneck=5 replicate=0 seed=1 estimator=Levina-Bickel k=5 dur=0.282s
[EST START] 2026-05-02T06:46:49.742514 bottleneck=5 replicate=0 seed=1 estimator=Levina-Bickel k=7 sigma=0.75
[EST DONE] 2026-05-02T06:46:50.023513 bottleneck=5 replicate=0 seed=1 estimator=Levina-Bickel k=7 dur=0.281s
[EST START] 2026-05-02T06:46:50.023624 bottleneck=5 replicate=0 seed=1 estimator=Levina-Bickel k=10 sigma=0.75
[EST DONE] 2026-05-02T06:46:50.313288 bottleneck=5 replicate=0 seed=1 estimator=Levina-Bickel k=10 dur=0.290s
[EST START] 2026-05-02T06:46:50.313405 bottleneck=5 replicate=0 seed=1 estimator=Levina-Bickel k=15 sigma=0.75
[EST DONE] 2026-05-02T06:46:50.610467 bottleneck=5 replicate=0 seed=1 estimator=Levina-Bickel k=15 dur=0.297s
[EST START] 2026-05-02T06:46:50.610565 bottleneck=5 replicate=0 seed=1 estimator=TwoNN k=ALL sigma=0.75
[EST DONE] 2026-05-02T06:46:50.886434 bottleneck=5 replicate=0 seed=1 estimator=TwoNN k=ALL dur=0.276s
[EST START] 2026-05-02T06:46:50.886564 bottleneck=5 replicate=0 seed=1 estimator=lPCA k=3 sigma=0.75
[EST DONE] 2026-05-02T06:46:54.933567 bottleneck=5 replicate=0 seed=1 estimator=lPCA k=3 dur=4.047s
[EST START] 2026-05-02T06:46:54.933696 bottleneck=5 replicate=0 seed=1 estimator=lPCA k=5 sigma=0.75
[EST DONE] 2026-05-02T06:46:59.579700 bottleneck=5 replicate=0 seed=1 estimator=lPCA k=5 dur=4.646s
[EST START] 2026-05-02T06:46:59.579792 bottleneck=5 replicate=0 seed=1 estimator=lPCA k=7 sigma=0.75
[EST DONE] 2026-05-02T06:47:04.637583 bottleneck=5 replicate=0 seed=1 estimator=lPCA k=7 dur=5.058s
[EST START] 2026-05-02T06:47:04.637703 bottleneck=5 replicate=0 seed=1 estimator=lPCA k=10 sigma=0.75
[EST DONE] 2026-05-02T06:47:10.260451 bottleneck=5 replicate=0 seed=1 estimator=lPCA k=10 dur=5.623s
[EST START] 2026-05-02T06:47:10.260556 bottleneck=5 replicate=0 seed=1 estimator=lPCA k=15 sigma=0.75
[EST DONE] 2026-05-02T06:47:17.146573 bottleneck=5 replicate=0 seed=1 estimator=lPCA k=15 dur=6.886s
[EST START] 2026-05-02T06:47:17.146666 bottleneck=5 replicate=0 seed=1 estimator=DANCo k=3 sigma=0.75
[EST DONE] 2026-05-02T06:47:36.614523 bottleneck=5 replicate=0 seed=1 estimator=DANCo k=3 dur=19.468s
[EST START] 2026-05-02T06:47:36.614673 bottleneck=5 replicate=0 seed=1 estimator=DANCo k=5 sigma=0.75
[EST DONE] 2026-05-02T06:47:58.874741 bottleneck=5 replicate=0 seed=1 estimator=DANCo k=5 dur=22.260s
[EST START] 2026-05-02T06:47:58.874843 bottleneck=5 replicate=0 seed=1 estimator=DANCo k=7 sigma=0.75
[EST DONE] 2026-05-02T06:48:22.308943 bottleneck=5 replicate=0 seed=1 estimator=DANCo k=7 dur=23.434s
[EST START] 2026-05-02T06:48:22.309037 bottleneck=5 replicate=0 seed=1 estimator=DANCo k=10 sigma=0.75
[EST DONE] 2026-05-02T06:48:47.338637 bottleneck=5 replicate=0 seed=1 estimator=DANCo k=10 dur=25.030s
[EST START] 2026-05-02T06:48:47.338729 bottleneck=5 replicate=0 seed=1 estimator=DANCo k=15 sigma=0.75
[EST DONE] 2026-05-02T06:49:15.769097 bottleneck=5 replicate=0 seed=1 estimator=DANCo k=15 dur=28.430s
[EST START] 2026-05-02T06:49:15.769204 bottleneck=5 replicate=0 seed=1 estimator=MiND k=3 sigma=0.75
[EST DONE] 2026-05-02T06:49:22.542239 bottleneck=5 replicate=0 seed=1 estimator=MiND k=3 dur=6.773s
[EST START] 2026-05-02T06:49:22.542414 bottleneck=5 replicate=0 seed=1 estimator=MiND k=5 sigma=0.75
[EST DONE] 2026-05-02T06:49:29.349784 bottleneck=5 replicate=0 seed=1 estimator=MiND k=5 dur=6.807s
[EST START] 2026-05-02T06:49:29.349913 bottleneck=5 replicate=0 seed=1 estimator=MiND k=7 sigma=0.75
[EST DONE] 2026-05-02T06:49:36.202000 bottleneck=5 replicate=0 seed=1 estimator=MiND k=7 dur=6.852s
[EST START] 2026-05-02T06:49:36.202095 bottleneck=5 replicate=0 seed=1 estimator=MiND k=10 sigma=0.75
[EST DONE] 2026-05-02T06:49:43.251713 bottleneck=5 replicate=0 seed=1 estimator=MiND k=10 dur=7.050s
[EST START] 2026-05-02T06:49:43.251795 bottleneck=5 replicate=0 seed=1 estimator=MiND k=15 sigma=0.75
[EST DONE] 2026-05-02T06:49:50.517447 bottleneck=5 replicate=0 seed=1 estimator=MiND k=15 dur=7.266s
[EST START] 2026-05-02T06:49:50.517569 bottleneck=5 replicate=0 seed=1 estimator=FisherS k=ALL sigma=0.75
[EST DONE] 2026-05-02T06:49:53.571848 bottleneck=5 replicate=0 seed=1 estimator=FisherS k=ALL dur=3.054s
[EST START] 2026-05-02T06:49:53.730737 bottleneck=5 replicate=0 seed=1 estimator=Levina-Bickel k=3 sigma=1.0
[EST DONE] 2026-05-02T06:49:54.014697 bottleneck=5 replicate=0 seed=1 estimator=Levina-Bickel k=3 dur=0.284s
[EST START] 2026-05-02T06:49:54.014781 bottleneck=5 replicate=0 seed=1 estimator=Levina-Bickel k=5 sigma=1.0
[EST DONE] 2026-05-02T06:49:54.301675 bottleneck=5 replicate=0 seed=1 estimator=Levina-Bickel k=5 dur=0.287s
[EST START] 2026-05-02T06:49:54.301851 bottleneck=5 replicate=0 seed=1 estimator=Levina-Bickel k=7 sigma=1.0
[EST DONE] 2026-05-02T06:49:54.594254 bottleneck=5 replicate=0 seed=1 estimator=Levina-Bickel k=7 dur=0.292s
[EST START] 2026-05-02T06:49:54.594383 bottleneck=5 replicate=0 seed=1 estimator=Levina-Bickel k=10 sigma=1.0
[EST DONE] 2026-05-02T06:49:54.891581 bottleneck=5 replicate=0 seed=1 estimator=Levina-Bickel k=10 dur=0.297s
[EST START] 2026-05-02T06:49:54.891696 bottleneck=5 replicate=0 seed=1 estimator=Levina-Bickel k=15 sigma=1.0
[EST DONE] 2026-05-02T06:49:55.198363 bottleneck=5 replicate=0 seed=1 estimator=Levina-Bickel k=15 dur=0.307s
[EST START] 2026-05-02T06:49:55.198461 bottleneck=5 replicate=0 seed=1 estimator=TwoNN k=ALL sigma=1.0
[EST DONE] 2026-05-02T06:49:55.481941 bottleneck=5 replicate=0 seed=1 estimator=TwoNN k=ALL dur=0.283s
[EST START] 2026-05-02T06:49:55.482064 bottleneck=5 replicate=0 seed=1 estimator=lPCA k=3 sigma=1.0
[EST DONE] 2026-05-02T06:49:59.602036 bottleneck=5 replicate=0 seed=1 estimator=lPCA k=3 dur=4.120s
[EST START] 2026-05-02T06:49:59.602228 bottleneck=5 replicate=0 seed=1 estimator=lPCA k=5 sigma=1.0
[EST DONE] 2026-05-02T06:50:04.297570 bottleneck=5 replicate=0 seed=1 estimator=lPCA k=5 dur=4.695s
[EST START] 2026-05-02T06:50:04.297662 bottleneck=5 replicate=0 seed=1 estimator=lPCA k=7 sigma=1.0
[EST DONE] 2026-05-02T06:50:09.378255 bottleneck=5 replicate=0 seed=1 estimator=lPCA k=7 dur=5.081s
[EST START] 2026-05-02T06:50:09.378345 bottleneck=5 replicate=0 seed=1 estimator=lPCA k=10 sigma=1.0
[EST DONE] 2026-05-02T06:50:15.060603 bottleneck=5 replicate=0 seed=1 estimator=lPCA k=10 dur=5.682s
[EST START] 2026-05-02T06:50:15.060718 bottleneck=5 replicate=0 seed=1 estimator=lPCA k=15 sigma=1.0
[EST DONE] 2026-05-02T06:50:22.030890 bottleneck=5 replicate=0 seed=1 estimator=lPCA k=15 dur=6.970s
[EST START] 2026-05-02T06:50:22.030987 bottleneck=5 replicate=0 seed=1 estimator=DANCo k=3 sigma=1.0
[EST DONE] 2026-05-02T06:50:41.232284 bottleneck=5 replicate=0 seed=1 estimator=DANCo k=3 dur=19.201s
[EST START] 2026-05-02T06:50:41.232441 bottleneck=5 replicate=0 seed=1 estimator=DANCo k=5 sigma=1.0
[EST DONE] 2026-05-02T06:51:03.921306 bottleneck=5 replicate=0 seed=1 estimator=DANCo k=5 dur=22.689s
[EST START] 2026-05-02T06:51:03.921400 bottleneck=5 replicate=0 seed=1 estimator=DANCo k=7 sigma=1.0
[EST DONE] 2026-05-02T06:51:27.555872 bottleneck=5 replicate=0 seed=1 estimator=DANCo k=7 dur=23.634s
[EST START] 2026-05-02T06:51:27.555991 bottleneck=5 replicate=0 seed=1 estimator=DANCo k=10 sigma=1.0
[EST DONE] 2026-05-02T06:51:52.047490 bottleneck=5 replicate=0 seed=1 estimator=DANCo k=10 dur=24.491s
[EST START] 2026-05-02T06:51:52.047585 bottleneck=5 replicate=0 seed=1 estimator=DANCo k=15 sigma=1.0
[EST DONE] 2026-05-02T06:52:20.187718 bottleneck=5 replicate=0 seed=1 estimator=DANCo k=15 dur=28.140s
[EST START] 2026-05-02T06:52:20.187839 bottleneck=5 replicate=0 seed=1 estimator=MiND k=3 sigma=1.0
[EST DONE] 2026-05-02T06:52:26.846306 bottleneck=5 replicate=0 seed=1 estimator=MiND k=3 dur=6.658s
[EST START] 2026-05-02T06:52:26.846459 bottleneck=5 replicate=0 seed=1 estimator=MiND k=5 sigma=1.0
[EST DONE] 2026-05-02T06:52:33.619560 bottleneck=5 replicate=0 seed=1 estimator=MiND k=5 dur=6.773s
[EST START] 2026-05-02T06:52:33.619648 bottleneck=5 replicate=0 seed=1 estimator=MiND k=7 sigma=1.0
[EST DONE] 2026-05-02T06:52:40.475221 bottleneck=5 replicate=0 seed=1 estimator=MiND k=7 dur=6.856s
[EST START] 2026-05-02T06:52:40.475319 bottleneck=5 replicate=0 seed=1 estimator=MiND k=10 sigma=1.0
[EST DONE] 2026-05-02T06:52:47.537768 bottleneck=5 replicate=0 seed=1 estimator=MiND k=10 dur=7.062s
[EST START] 2026-05-02T06:52:47.537904 bottleneck=5 replicate=0 seed=1 estimator=MiND k=15 sigma=1.0
[EST DONE] 2026-05-02T06:52:54.762691 bottleneck=5 replicate=0 seed=1 estimator=MiND k=15 dur=7.225s
[EST START] 2026-05-02T06:52:54.762798 bottleneck=5 replicate=0 seed=1 estimator=FisherS k=ALL sigma=1.0
[EST DONE] 2026-05-02T06:52:57.192236 bottleneck=5 replicate=0 seed=1 estimator=FisherS k=ALL dur=2.429s
[MNIST TASK START] 2026-05-02T06:52:57.192584 bottleneck=7 replicate=0 seed=1
[AE START] seed=1 bottleneck=7 epochs=50 subset=5000
[AE EPOCH] epoch=1/50 loss=0.221449 epoch_time=0.24s device=cuda
[AE EPOCH] epoch=2/50 loss=0.171883 epoch_time=0.10s device=cuda
[AE EPOCH] epoch=3/50 loss=0.101821 epoch_time=0.09s device=cuda
[AE EPOCH] epoch=4/50 loss=0.077738 epoch_time=0.08s device=cuda
[AE EPOCH] epoch=5/50 loss=0.073005 epoch_time=0.10s device=cuda
[AE EPOCH] epoch=6/50 loss=0.071330 epoch_time=0.09s device=cuda
[AE EPOCH] epoch=7/50 loss=0.070267 epoch_time=0.09s device=cuda
[AE EPOCH] epoch=8/50 loss=0.069271 epoch_time=0.08s device=cuda
[AE EPOCH] epoch=9/50 loss=0.068111 epoch_time=0.09s device=cuda
[AE EPOCH] epoch=10/50 loss=0.066644 epoch_time=0.09s device=cuda
[AE EPOCH] epoch=11/50 loss=0.064843 epoch_time=0.09s device=cuda
[AE EPOCH] epoch=12/50 loss=0.062753 epoch_time=0.09s device=cuda
[AE EPOCH] epoch=13/50 loss=0.060492 epoch_time=0.09s device=cuda
[AE EPOCH] epoch=14/50 loss=0.058183 epoch_time=0.09s device=cuda
[AE EPOCH] epoch=15/50 loss=0.055996 epoch_time=0.09s device=cuda
[AE EPOCH] epoch=16/50 loss=0.054086 epoch_time=0.10s device=cuda
[AE EPOCH] epoch=17/50 loss=0.052501 epoch_time=0.09s device=cuda
[AE EPOCH] epoch=18/50 loss=0.051199 epoch_time=0.10s device=cuda
[AE EPOCH] epoch=19/50 loss=0.049991 epoch_time=0.08s device=cuda
[AE EPOCH] epoch=20/50 loss=0.048818 epoch_time=0.08s device=cuda
[AE EPOCH] epoch=21/50 loss=0.047641 epoch_time=0.09s device=cuda
[AE EPOCH] epoch=22/50 loss=0.046484 epoch_time=0.08s device=cuda
[AE EPOCH] epoch=23/50 loss=0.045359 epoch_time=0.09s device=cuda
[AE EPOCH] epoch=24/50 loss=0.044310 epoch_time=0.08s device=cuda
[AE EPOCH] epoch=25/50 loss=0.043347 epoch_time=0.08s device=cuda
[AE EPOCH] epoch=26/50 loss=0.042458 epoch_time=0.07s device=cuda
[AE EPOCH] epoch=27/50 loss=0.041705 epoch_time=0.08s device=cuda
[AE EPOCH] epoch=28/50 loss=0.041064 epoch_time=0.08s device=cuda
[AE EPOCH] epoch=29/50 loss=0.040454 epoch_time=0.08s device=cuda
[AE EPOCH] epoch=30/50 loss=0.039937 epoch_time=0.08s device=cuda
[AE EPOCH] epoch=31/50 loss=0.039454 epoch_time=0.07s device=cuda
[AE EPOCH] epoch=32/50 loss=0.039022 epoch_time=0.08s device=cuda
[AE EPOCH] epoch=33/50 loss=0.038597 epoch_time=0.08s device=cuda
[AE EPOCH] epoch=34/50 loss=0.038198 epoch_time=0.08s device=cuda
[AE EPOCH] epoch=35/50 loss=0.037810 epoch_time=0.09s device=cuda
[AE EPOCH] epoch=36/50 loss=0.037409 epoch_time=0.09s device=cuda
[AE EPOCH] epoch=37/50 loss=0.037021 epoch_time=0.10s device=cuda
[AE EPOCH] epoch=38/50 loss=0.036650 epoch_time=0.09s device=cuda
[AE EPOCH] epoch=39/50 loss=0.036269 epoch_time=0.08s device=cuda
[AE EPOCH] epoch=40/50 loss=0.035923 epoch_time=0.08s device=cuda
[AE EPOCH] epoch=41/50 loss=0.035579 epoch_time=0.08s device=cuda
[AE EPOCH] epoch=42/50 loss=0.035249 epoch_time=0.08s device=cuda
[AE EPOCH] epoch=43/50 loss=0.034954 epoch_time=0.08s device=cuda
[AE EPOCH] epoch=44/50 loss=0.034670 epoch_time=0.08s device=cuda
[AE EPOCH] epoch=45/50 loss=0.034402 epoch_time=0.08s device=cuda
[AE EPOCH] epoch=46/50 loss=0.034161 epoch_time=0.08s device=cuda
[AE EPOCH] epoch=47/50 loss=0.033926 epoch_time=0.08s device=cuda
[AE EPOCH] epoch=48/50 loss=0.033694 epoch_time=0.08s device=cuda
[AE EPOCH] epoch=49/50 loss=0.033478 epoch_time=0.08s device=cuda
[AE EPOCH] epoch=50/50 loss=0.033276 epoch_time=0.08s device=cuda
[AE TRAIN COMPLETE] total_time=4.37s
[AE TRAIN COMPLETE] 2026-05-02T06:53:08.376386 bottleneck=7 replicate=0 dur=11.2s seed=1
[EST START] 2026-05-02T06:53:08.502246 bottleneck=7 replicate=0 seed=1 estimator=Levina-Bickel k=3 sigma=0.0
[EST DONE] 2026-05-02T06:53:08.858306 bottleneck=7 replicate=0 seed=1 estimator=Levina-Bickel k=3 dur=0.356s
[EST START] 2026-05-02T06:53:08.858395 bottleneck=7 replicate=0 seed=1 estimator=Levina-Bickel k=5 sigma=0.0
[EST DONE] 2026-05-02T06:53:09.146302 bottleneck=7 replicate=0 seed=1 estimator=Levina-Bickel k=5 dur=0.288s
[EST START] 2026-05-02T06:53:09.146421 bottleneck=7 replicate=0 seed=1 estimator=Levina-Bickel k=7 sigma=0.0
[EST DONE] 2026-05-02T06:53:09.437095 bottleneck=7 replicate=0 seed=1 estimator=Levina-Bickel k=7 dur=0.291s
[EST START] 2026-05-02T06:53:09.437182 bottleneck=7 replicate=0 seed=1 estimator=Levina-Bickel k=10 sigma=0.0
[EST DONE] 2026-05-02T06:53:09.733143 bottleneck=7 replicate=0 seed=1 estimator=Levina-Bickel k=10 dur=0.296s
[EST START] 2026-05-02T06:53:09.733248 bottleneck=7 replicate=0 seed=1 estimator=Levina-Bickel k=15 sigma=0.0
[EST DONE] 2026-05-02T06:53:10.036522 bottleneck=7 replicate=0 seed=1 estimator=Levina-Bickel k=15 dur=0.303s
[EST START] 2026-05-02T06:53:10.036721 bottleneck=7 replicate=0 seed=1 estimator=TwoNN k=ALL sigma=0.0
[EST DONE] 2026-05-02T06:53:10.316874 bottleneck=7 replicate=0 seed=1 estimator=TwoNN k=ALL dur=0.280s
[EST START] 2026-05-02T06:53:10.316998 bottleneck=7 replicate=0 seed=1 estimator=lPCA k=3 sigma=0.0
[EST DONE] 2026-05-02T06:53:14.405684 bottleneck=7 replicate=0 seed=1 estimator=lPCA k=3 dur=4.089s
[EST START] 2026-05-02T06:53:14.405756 bottleneck=7 replicate=0 seed=1 estimator=lPCA k=5 sigma=0.0
[EST DONE] 2026-05-02T06:53:19.060409 bottleneck=7 replicate=0 seed=1 estimator=lPCA k=5 dur=4.655s
[EST START] 2026-05-02T06:53:19.060506 bottleneck=7 replicate=0 seed=1 estimator=lPCA k=7 sigma=0.0
[EST DONE] 2026-05-02T06:53:24.027796 bottleneck=7 replicate=0 seed=1 estimator=lPCA k=7 dur=4.967s
[EST START] 2026-05-02T06:53:24.027907 bottleneck=7 replicate=0 seed=1 estimator=lPCA k=10 sigma=0.0
[EST DONE] 2026-05-02T06:53:29.594337 bottleneck=7 replicate=0 seed=1 estimator=lPCA k=10 dur=5.566s
[EST START] 2026-05-02T06:53:29.594445 bottleneck=7 replicate=0 seed=1 estimator=lPCA k=15 sigma=0.0
[EST DONE] 2026-05-02T06:53:36.442795 bottleneck=7 replicate=0 seed=1 estimator=lPCA k=15 dur=6.848s
[EST START] 2026-05-02T06:53:36.443026 bottleneck=7 replicate=0 seed=1 estimator=DANCo k=3 sigma=0.0
[EST DONE] 2026-05-02T06:53:55.730968 bottleneck=7 replicate=0 seed=1 estimator=DANCo k=3 dur=19.288s
[EST START] 2026-05-02T06:53:55.731067 bottleneck=7 replicate=0 seed=1 estimator=DANCo k=5 sigma=0.0
[EST DONE] 2026-05-02T06:54:17.819466 bottleneck=7 replicate=0 seed=1 estimator=DANCo k=5 dur=22.088s
[EST START] 2026-05-02T06:54:17.819574 bottleneck=7 replicate=0 seed=1 estimator=DANCo k=7 sigma=0.0
[EST DONE] 2026-05-02T06:54:41.065043 bottleneck=7 replicate=0 seed=1 estimator=DANCo k=7 dur=23.245s
[EST START] 2026-05-02T06:54:41.065173 bottleneck=7 replicate=0 seed=1 estimator=DANCo k=10 sigma=0.0
[EST DONE] 2026-05-02T06:55:06.188525 bottleneck=7 replicate=0 seed=1 estimator=DANCo k=10 dur=25.123s
[EST START] 2026-05-02T06:55:06.188624 bottleneck=7 replicate=0 seed=1 estimator=DANCo k=15 sigma=0.0
[EST DONE] 2026-05-02T06:55:35.792869 bottleneck=7 replicate=0 seed=1 estimator=DANCo k=15 dur=29.604s
[EST START] 2026-05-02T06:55:35.792986 bottleneck=7 replicate=0 seed=1 estimator=MiND k=3 sigma=0.0
[EST DONE] 2026-05-02T06:55:43.902882 bottleneck=7 replicate=0 seed=1 estimator=MiND k=3 dur=8.110s
[EST START] 2026-05-02T06:55:43.902977 bottleneck=7 replicate=0 seed=1 estimator=MiND k=5 sigma=0.0
[EST DONE] 2026-05-02T06:55:52.774221 bottleneck=7 replicate=0 seed=1 estimator=MiND k=5 dur=8.871s
[EST START] 2026-05-02T06:55:52.774366 bottleneck=7 replicate=0 seed=1 estimator=MiND k=7 sigma=0.0
[EST DONE] 2026-05-02T06:56:01.756928 bottleneck=7 replicate=0 seed=1 estimator=MiND k=7 dur=8.983s
[EST START] 2026-05-02T06:56:01.757041 bottleneck=7 replicate=0 seed=1 estimator=MiND k=10 sigma=0.0
[EST DONE] 2026-05-02T06:56:11.015905 bottleneck=7 replicate=0 seed=1 estimator=MiND k=10 dur=9.259s
[EST START] 2026-05-02T06:56:11.016004 bottleneck=7 replicate=0 seed=1 estimator=MiND k=15 sigma=0.0
[EST DONE] 2026-05-02T06:56:20.749536 bottleneck=7 replicate=0 seed=1 estimator=MiND k=15 dur=9.734s
[EST START] 2026-05-02T06:56:20.749661 bottleneck=7 replicate=0 seed=1 estimator=FisherS k=ALL sigma=0.0
[EST DONE] 2026-05-02T06:56:28.888876 bottleneck=7 replicate=0 seed=1 estimator=FisherS k=ALL dur=8.139s
[EST START] 2026-05-02T06:56:28.983534 bottleneck=7 replicate=0 seed=1 estimator=Levina-Bickel k=3 sigma=0.25
[EST DONE] 2026-05-02T06:56:29.264386 bottleneck=7 replicate=0 seed=1 estimator=Levina-Bickel k=3 dur=0.281s
[EST START] 2026-05-02T06:56:29.264482 bottleneck=7 replicate=0 seed=1 estimator=Levina-Bickel k=5 sigma=0.25
[EST DONE] 2026-05-02T06:56:29.551922 bottleneck=7 replicate=0 seed=1 estimator=Levina-Bickel k=5 dur=0.287s
[EST START] 2026-05-02T06:56:29.552053 bottleneck=7 replicate=0 seed=1 estimator=Levina-Bickel k=7 sigma=0.25
[EST DONE] 2026-05-02T06:56:29.843646 bottleneck=7 replicate=0 seed=1 estimator=Levina-Bickel k=7 dur=0.292s
[EST START] 2026-05-02T06:56:29.843761 bottleneck=7 replicate=0 seed=1 estimator=Levina-Bickel k=10 sigma=0.25
[EST DONE] 2026-05-02T06:56:30.140891 bottleneck=7 replicate=0 seed=1 estimator=Levina-Bickel k=10 dur=0.297s
[EST START] 2026-05-02T06:56:30.141010 bottleneck=7 replicate=0 seed=1 estimator=Levina-Bickel k=15 sigma=0.25
[EST DONE] 2026-05-02T06:56:30.445314 bottleneck=7 replicate=0 seed=1 estimator=Levina-Bickel k=15 dur=0.304s
[EST START] 2026-05-02T06:56:30.445423 bottleneck=7 replicate=0 seed=1 estimator=TwoNN k=ALL sigma=0.25
[EST DONE] 2026-05-02T06:56:30.726660 bottleneck=7 replicate=0 seed=1 estimator=TwoNN k=ALL dur=0.281s
[EST START] 2026-05-02T06:56:30.726780 bottleneck=7 replicate=0 seed=1 estimator=lPCA k=3 sigma=0.25
[EST DONE] 2026-05-02T06:56:34.785775 bottleneck=7 replicate=0 seed=1 estimator=lPCA k=3 dur=4.059s
[EST START] 2026-05-02T06:56:34.785846 bottleneck=7 replicate=0 seed=1 estimator=lPCA k=5 sigma=0.25
[EST DONE] 2026-05-02T06:56:39.436607 bottleneck=7 replicate=0 seed=1 estimator=lPCA k=5 dur=4.651s
[EST START] 2026-05-02T06:56:39.436748 bottleneck=7 replicate=0 seed=1 estimator=lPCA k=7 sigma=0.25
[EST DONE] 2026-05-02T06:56:44.499627 bottleneck=7 replicate=0 seed=1 estimator=lPCA k=7 dur=5.063s
[EST START] 2026-05-02T06:56:44.499741 bottleneck=7 replicate=0 seed=1 estimator=lPCA k=10 sigma=0.25
[EST DONE] 2026-05-02T06:56:50.112687 bottleneck=7 replicate=0 seed=1 estimator=lPCA k=10 dur=5.613s
[EST START] 2026-05-02T06:56:50.112781 bottleneck=7 replicate=0 seed=1 estimator=lPCA k=15 sigma=0.25
[EST DONE] 2026-05-02T06:56:57.025938 bottleneck=7 replicate=0 seed=1 estimator=lPCA k=15 dur=6.913s
[EST START] 2026-05-02T06:56:57.026041 bottleneck=7 replicate=0 seed=1 estimator=DANCo k=3 sigma=0.25
[EST DONE] 2026-05-02T06:57:16.802380 bottleneck=7 replicate=0 seed=1 estimator=DANCo k=3 dur=19.776s
[EST START] 2026-05-02T06:57:16.802480 bottleneck=7 replicate=0 seed=1 estimator=DANCo k=5 sigma=0.25
[EST DONE] 2026-05-02T06:57:39.848410 bottleneck=7 replicate=0 seed=1 estimator=DANCo k=5 dur=23.046s
[EST START] 2026-05-02T06:57:39.848533 bottleneck=7 replicate=0 seed=1 estimator=DANCo k=7 sigma=0.25
[EST DONE] 2026-05-02T06:58:04.497329 bottleneck=7 replicate=0 seed=1 estimator=DANCo k=7 dur=24.649s
[EST START] 2026-05-02T06:58:04.497449 bottleneck=7 replicate=0 seed=1 estimator=DANCo k=10 sigma=0.25
[EST DONE] 2026-05-02T06:58:30.283893 bottleneck=7 replicate=0 seed=1 estimator=DANCo k=10 dur=25.786s
[EST START] 2026-05-02T06:58:30.283987 bottleneck=7 replicate=0 seed=1 estimator=DANCo k=15 sigma=0.25
[EST DONE] 2026-05-02T06:58:59.139958 bottleneck=7 replicate=0 seed=1 estimator=DANCo k=15 dur=28.856s
[EST START] 2026-05-02T06:58:59.140083 bottleneck=7 replicate=0 seed=1 estimator=MiND k=3 sigma=0.25
[EST DONE] 2026-05-02T06:59:05.877019 bottleneck=7 replicate=0 seed=1 estimator=MiND k=3 dur=6.737s
[EST START] 2026-05-02T06:59:05.877146 bottleneck=7 replicate=0 seed=1 estimator=MiND k=5 sigma=0.25
[EST DONE] 2026-05-02T06:59:12.701253 bottleneck=7 replicate=0 seed=1 estimator=MiND k=5 dur=6.824s
[EST START] 2026-05-02T06:59:12.701391 bottleneck=7 replicate=0 seed=1 estimator=MiND k=7 sigma=0.25
[EST DONE] 2026-05-02T06:59:19.548337 bottleneck=7 replicate=0 seed=1 estimator=MiND k=7 dur=6.847s
[EST START] 2026-05-02T06:59:19.548440 bottleneck=7 replicate=0 seed=1 estimator=MiND k=10 sigma=0.25
[EST DONE] 2026-05-02T06:59:26.542158 bottleneck=7 replicate=0 seed=1 estimator=MiND k=10 dur=6.994s
[EST START] 2026-05-02T06:59:26.542297 bottleneck=7 replicate=0 seed=1 estimator=MiND k=15 sigma=0.25
[EST DONE] 2026-05-02T06:59:33.730470 bottleneck=7 replicate=0 seed=1 estimator=MiND k=15 dur=7.188s
[EST START] 2026-05-02T06:59:33.730602 bottleneck=7 replicate=0 seed=1 estimator=FisherS k=ALL sigma=0.25
[EST DONE] 2026-05-02T06:59:36.943985 bottleneck=7 replicate=0 seed=1 estimator=FisherS k=ALL dur=3.213s
[EST START] 2026-05-02T06:59:37.040601 bottleneck=7 replicate=0 seed=1 estimator=Levina-Bickel k=3 sigma=0.5
[EST DONE] 2026-05-02T06:59:37.323360 bottleneck=7 replicate=0 seed=1 estimator=Levina-Bickel k=3 dur=0.283s
[EST START] 2026-05-02T06:59:37.323465 bottleneck=7 replicate=0 seed=1 estimator=Levina-Bickel k=5 sigma=0.5
[EST DONE] 2026-05-02T06:59:37.605712 bottleneck=7 replicate=0 seed=1 estimator=Levina-Bickel k=5 dur=0.282s
[EST START] 2026-05-02T06:59:37.605836 bottleneck=7 replicate=0 seed=1 estimator=Levina-Bickel k=7 sigma=0.5
[EST DONE] 2026-05-02T06:59:37.888504 bottleneck=7 replicate=0 seed=1 estimator=Levina-Bickel k=7 dur=0.283s
[EST START] 2026-05-02T06:59:37.888605 bottleneck=7 replicate=0 seed=1 estimator=Levina-Bickel k=10 sigma=0.5
[EST DONE] 2026-05-02T06:59:38.178644 bottleneck=7 replicate=0 seed=1 estimator=Levina-Bickel k=10 dur=0.290s
[EST START] 2026-05-02T06:59:38.178735 bottleneck=7 replicate=0 seed=1 estimator=Levina-Bickel k=15 sigma=0.5
[EST DONE] 2026-05-02T06:59:38.479001 bottleneck=7 replicate=0 seed=1 estimator=Levina-Bickel k=15 dur=0.300s
[EST START] 2026-05-02T06:59:38.479132 bottleneck=7 replicate=0 seed=1 estimator=TwoNN k=ALL sigma=0.5
[EST DONE] 2026-05-02T06:59:38.757921 bottleneck=7 replicate=0 seed=1 estimator=TwoNN k=ALL dur=0.279s
[EST START] 2026-05-02T06:59:38.758022 bottleneck=7 replicate=0 seed=1 estimator=lPCA k=3 sigma=0.5
[EST DONE] 2026-05-02T06:59:42.831150 bottleneck=7 replicate=0 seed=1 estimator=lPCA k=3 dur=4.073s
[EST START] 2026-05-02T06:59:42.831262 bottleneck=7 replicate=0 seed=1 estimator=lPCA k=5 sigma=0.5
[EST DONE] 2026-05-02T06:59:47.478611 bottleneck=7 replicate=0 seed=1 estimator=lPCA k=5 dur=4.647s
[EST START] 2026-05-02T06:59:47.478720 bottleneck=7 replicate=0 seed=1 estimator=lPCA k=7 sigma=0.5
[EST DONE] 2026-05-02T06:59:52.520627 bottleneck=7 replicate=0 seed=1 estimator=lPCA k=7 dur=5.042s
[EST START] 2026-05-02T06:59:52.520742 bottleneck=7 replicate=0 seed=1 estimator=lPCA k=10 sigma=0.5
[EST DONE] 2026-05-02T06:59:58.137733 bottleneck=7 replicate=0 seed=1 estimator=lPCA k=10 dur=5.617s
[EST START] 2026-05-02T06:59:58.137847 bottleneck=7 replicate=0 seed=1 estimator=lPCA k=15 sigma=0.5
[EST DONE] 2026-05-02T07:00:05.063339 bottleneck=7 replicate=0 seed=1 estimator=lPCA k=15 dur=6.925s
[EST START] 2026-05-02T07:00:05.063428 bottleneck=7 replicate=0 seed=1 estimator=DANCo k=3 sigma=0.5
[EST DONE] 2026-05-02T07:00:24.834112 bottleneck=7 replicate=0 seed=1 estimator=DANCo k=3 dur=19.771s
[EST START] 2026-05-02T07:00:24.834221 bottleneck=7 replicate=0 seed=1 estimator=DANCo k=5 sigma=0.5
[EST DONE] 2026-05-02T07:00:46.933122 bottleneck=7 replicate=0 seed=1 estimator=DANCo k=5 dur=22.099s
[EST START] 2026-05-02T07:00:46.933243 bottleneck=7 replicate=0 seed=1 estimator=DANCo k=7 sigma=0.5
[EST DONE] 2026-05-02T07:01:11.132293 bottleneck=7 replicate=0 seed=1 estimator=DANCo k=7 dur=24.199s
[EST START] 2026-05-02T07:01:11.132445 bottleneck=7 replicate=0 seed=1 estimator=DANCo k=10 sigma=0.5
[EST DONE] 2026-05-02T07:01:37.063325 bottleneck=7 replicate=0 seed=1 estimator=DANCo k=10 dur=25.931s
[EST START] 2026-05-02T07:01:37.063438 bottleneck=7 replicate=0 seed=1 estimator=DANCo k=15 sigma=0.5
[EST DONE] 2026-05-02T07:02:06.905273 bottleneck=7 replicate=0 seed=1 estimator=DANCo k=15 dur=29.842s
[EST START] 2026-05-02T07:02:06.905413 bottleneck=7 replicate=0 seed=1 estimator=MiND k=3 sigma=0.5
[EST DONE] 2026-05-02T07:02:13.742277 bottleneck=7 replicate=0 seed=1 estimator=MiND k=3 dur=6.837s
[EST START] 2026-05-02T07:02:13.742408 bottleneck=7 replicate=0 seed=1 estimator=MiND k=5 sigma=0.5
[EST DONE] 2026-05-02T07:02:20.681592 bottleneck=7 replicate=0 seed=1 estimator=MiND k=5 dur=6.939s
[EST START] 2026-05-02T07:02:20.681706 bottleneck=7 replicate=0 seed=1 estimator=MiND k=7 sigma=0.5
[EST DONE] 2026-05-02T07:02:27.561761 bottleneck=7 replicate=0 seed=1 estimator=MiND k=7 dur=6.880s
[EST START] 2026-05-02T07:02:27.561873 bottleneck=7 replicate=0 seed=1 estimator=MiND k=10 sigma=0.5
[EST DONE] 2026-05-02T07:02:34.726352 bottleneck=7 replicate=0 seed=1 estimator=MiND k=10 dur=7.164s
[EST START] 2026-05-02T07:02:34.726455 bottleneck=7 replicate=0 seed=1 estimator=MiND k=15 sigma=0.5
[EST DONE] 2026-05-02T07:02:42.005085 bottleneck=7 replicate=0 seed=1 estimator=MiND k=15 dur=7.279s
[EST START] 2026-05-02T07:02:42.005210 bottleneck=7 replicate=0 seed=1 estimator=FisherS k=ALL sigma=0.5
[EST DONE] 2026-05-02T07:02:46.356924 bottleneck=7 replicate=0 seed=1 estimator=FisherS k=ALL dur=4.352s
[EST START] 2026-05-02T07:02:46.452427 bottleneck=7 replicate=0 seed=1 estimator=Levina-Bickel k=3 sigma=0.75
[EST DONE] 2026-05-02T07:02:46.737242 bottleneck=7 replicate=0 seed=1 estimator=Levina-Bickel k=3 dur=0.285s
[EST START] 2026-05-02T07:02:46.737350 bottleneck=7 replicate=0 seed=1 estimator=Levina-Bickel k=5 sigma=0.75
[EST DONE] 2026-05-02T07:02:47.027573 bottleneck=7 replicate=0 seed=1 estimator=Levina-Bickel k=5 dur=0.290s
[EST START] 2026-05-02T07:02:47.027671 bottleneck=7 replicate=0 seed=1 estimator=Levina-Bickel k=7 sigma=0.75
[EST DONE] 2026-05-02T07:02:47.320718 bottleneck=7 replicate=0 seed=1 estimator=Levina-Bickel k=7 dur=0.293s
[EST START] 2026-05-02T07:02:47.320811 bottleneck=7 replicate=0 seed=1 estimator=Levina-Bickel k=10 sigma=0.75
[EST DONE] 2026-05-02T07:02:47.619319 bottleneck=7 replicate=0 seed=1 estimator=Levina-Bickel k=10 dur=0.298s
[EST START] 2026-05-02T07:02:47.619431 bottleneck=7 replicate=0 seed=1 estimator=Levina-Bickel k=15 sigma=0.75
[EST DONE] 2026-05-02T07:02:47.926924 bottleneck=7 replicate=0 seed=1 estimator=Levina-Bickel k=15 dur=0.307s
[EST START] 2026-05-02T07:02:47.927025 bottleneck=7 replicate=0 seed=1 estimator=TwoNN k=ALL sigma=0.75
[EST DONE] 2026-05-02T07:02:48.210826 bottleneck=7 replicate=0 seed=1 estimator=TwoNN k=ALL dur=0.284s
[EST START] 2026-05-02T07:02:48.210958 bottleneck=7 replicate=0 seed=1 estimator=lPCA k=3 sigma=0.75
[EST DONE] 2026-05-02T07:02:52.302129 bottleneck=7 replicate=0 seed=1 estimator=lPCA k=3 dur=4.091s
[EST START] 2026-05-02T07:02:52.302227 bottleneck=7 replicate=0 seed=1 estimator=lPCA k=5 sigma=0.75
[EST DONE] 2026-05-02T07:02:56.977651 bottleneck=7 replicate=0 seed=1 estimator=lPCA k=5 dur=4.675s
[EST START] 2026-05-02T07:02:56.977764 bottleneck=7 replicate=0 seed=1 estimator=lPCA k=7 sigma=0.75
[EST DONE] 2026-05-02T07:03:01.984833 bottleneck=7 replicate=0 seed=1 estimator=lPCA k=7 dur=5.007s
[EST START] 2026-05-02T07:03:01.984929 bottleneck=7 replicate=0 seed=1 estimator=lPCA k=10 sigma=0.75
[EST DONE] 2026-05-02T07:03:07.601727 bottleneck=7 replicate=0 seed=1 estimator=lPCA k=10 dur=5.617s
[EST START] 2026-05-02T07:03:07.601822 bottleneck=7 replicate=0 seed=1 estimator=lPCA k=15 sigma=0.75
[EST DONE] 2026-05-02T07:03:14.519650 bottleneck=7 replicate=0 seed=1 estimator=lPCA k=15 dur=6.918s
[EST START] 2026-05-02T07:03:14.519778 bottleneck=7 replicate=0 seed=1 estimator=DANCo k=3 sigma=0.75
[EST DONE] 2026-05-02T07:03:34.486638 bottleneck=7 replicate=0 seed=1 estimator=DANCo k=3 dur=19.967s
[EST START] 2026-05-02T07:03:34.486738 bottleneck=7 replicate=0 seed=1 estimator=DANCo k=5 sigma=0.75
[EST DONE] 2026-05-02T07:03:56.941245 bottleneck=7 replicate=0 seed=1 estimator=DANCo k=5 dur=22.454s
[EST START] 2026-05-02T07:03:56.941335 bottleneck=7 replicate=0 seed=1 estimator=DANCo k=7 sigma=0.75
[EST DONE] 2026-05-02T07:04:20.196751 bottleneck=7 replicate=0 seed=1 estimator=DANCo k=7 dur=23.255s
[EST START] 2026-05-02T07:04:20.196866 bottleneck=7 replicate=0 seed=1 estimator=DANCo k=10 sigma=0.75
[EST DONE] 2026-05-02T07:04:45.632620 bottleneck=7 replicate=0 seed=1 estimator=DANCo k=10 dur=25.436s
[EST START] 2026-05-02T07:04:45.632729 bottleneck=7 replicate=0 seed=1 estimator=DANCo k=15 sigma=0.75
[EST DONE] 2026-05-02T07:05:14.385550 bottleneck=7 replicate=0 seed=1 estimator=DANCo k=15 dur=28.753s
[EST START] 2026-05-02T07:05:14.385658 bottleneck=7 replicate=0 seed=1 estimator=MiND k=3 sigma=0.75
[EST DONE] 2026-05-02T07:05:21.206855 bottleneck=7 replicate=0 seed=1 estimator=MiND k=3 dur=6.821s
[EST START] 2026-05-02T07:05:21.207001 bottleneck=7 replicate=0 seed=1 estimator=MiND k=5 sigma=0.75
[EST DONE] 2026-05-02T07:05:28.063018 bottleneck=7 replicate=0 seed=1 estimator=MiND k=5 dur=6.856s
[EST START] 2026-05-02T07:05:28.063172 bottleneck=7 replicate=0 seed=1 estimator=MiND k=7 sigma=0.75
[EST DONE] 2026-05-02T07:05:34.880371 bottleneck=7 replicate=0 seed=1 estimator=MiND k=7 dur=6.817s
[EST START] 2026-05-02T07:05:34.880499 bottleneck=7 replicate=0 seed=1 estimator=MiND k=10 sigma=0.75
[EST DONE] 2026-05-02T07:05:41.791410 bottleneck=7 replicate=0 seed=1 estimator=MiND k=10 dur=6.911s
[EST START] 2026-05-02T07:05:41.791529 bottleneck=7 replicate=0 seed=1 estimator=MiND k=15 sigma=0.75
[EST DONE] 2026-05-02T07:05:49.035613 bottleneck=7 replicate=0 seed=1 estimator=MiND k=15 dur=7.244s
[EST START] 2026-05-02T07:05:49.035709 bottleneck=7 replicate=0 seed=1 estimator=FisherS k=ALL sigma=0.75
[EST DONE] 2026-05-02T07:05:54.524839 bottleneck=7 replicate=0 seed=1 estimator=FisherS k=ALL dur=5.489s
[EST START] 2026-05-02T07:05:54.621977 bottleneck=7 replicate=0 seed=1 estimator=Levina-Bickel k=3 sigma=1.0
[EST DONE] 2026-05-02T07:05:54.936586 bottleneck=7 replicate=0 seed=1 estimator=Levina-Bickel k=3 dur=0.315s
[EST START] 2026-05-02T07:05:54.936721 bottleneck=7 replicate=0 seed=1 estimator=Levina-Bickel k=5 sigma=1.0
[EST DONE] 2026-05-02T07:05:55.253068 bottleneck=7 replicate=0 seed=1 estimator=Levina-Bickel k=5 dur=0.316s
[EST START] 2026-05-02T07:05:55.253204 bottleneck=7 replicate=0 seed=1 estimator=Levina-Bickel k=7 sigma=1.0
[EST DONE] 2026-05-02T07:05:55.570797 bottleneck=7 replicate=0 seed=1 estimator=Levina-Bickel k=7 dur=0.318s
[EST START] 2026-05-02T07:05:55.570887 bottleneck=7 replicate=0 seed=1 estimator=Levina-Bickel k=10 sigma=1.0
[EST DONE] 2026-05-02T07:05:55.898180 bottleneck=7 replicate=0 seed=1 estimator=Levina-Bickel k=10 dur=0.327s
[EST START] 2026-05-02T07:05:55.898309 bottleneck=7 replicate=0 seed=1 estimator=Levina-Bickel k=15 sigma=1.0
[EST DONE] 2026-05-02T07:05:56.220851 bottleneck=7 replicate=0 seed=1 estimator=Levina-Bickel k=15 dur=0.323s
[EST START] 2026-05-02T07:05:56.220961 bottleneck=7 replicate=0 seed=1 estimator=TwoNN k=ALL sigma=1.0
[EST DONE] 2026-05-02T07:05:56.500197 bottleneck=7 replicate=0 seed=1 estimator=TwoNN k=ALL dur=0.279s
[EST START] 2026-05-02T07:05:56.500306 bottleneck=7 replicate=0 seed=1 estimator=lPCA k=3 sigma=1.0
[EST DONE] 2026-05-02T07:06:00.574904 bottleneck=7 replicate=0 seed=1 estimator=lPCA k=3 dur=4.075s
[EST START] 2026-05-02T07:06:00.575041 bottleneck=7 replicate=0 seed=1 estimator=lPCA k=5 sigma=1.0
[EST DONE] 2026-05-02T07:06:05.263410 bottleneck=7 replicate=0 seed=1 estimator=lPCA k=5 dur=4.688s
[EST START] 2026-05-02T07:06:05.263530 bottleneck=7 replicate=0 seed=1 estimator=lPCA k=7 sigma=1.0
[EST DONE] 2026-05-02T07:06:10.306792 bottleneck=7 replicate=0 seed=1 estimator=lPCA k=7 dur=5.043s
[EST START] 2026-05-02T07:06:10.306891 bottleneck=7 replicate=0 seed=1 estimator=lPCA k=10 sigma=1.0
[EST DONE] 2026-05-02T07:06:15.884055 bottleneck=7 replicate=0 seed=1 estimator=lPCA k=10 dur=5.577s
[EST START] 2026-05-02T07:06:15.884169 bottleneck=7 replicate=0 seed=1 estimator=lPCA k=15 sigma=1.0
[EST DONE] 2026-05-02T07:06:22.745498 bottleneck=7 replicate=0 seed=1 estimator=lPCA k=15 dur=6.861s
[EST START] 2026-05-02T07:06:22.745600 bottleneck=7 replicate=0 seed=1 estimator=DANCo k=3 sigma=1.0
[EST DONE] 2026-05-02T07:06:41.886689 bottleneck=7 replicate=0 seed=1 estimator=DANCo k=3 dur=19.141s
[EST START] 2026-05-02T07:06:41.886788 bottleneck=7 replicate=0 seed=1 estimator=DANCo k=5 sigma=1.0
[EST DONE] 2026-05-02T07:07:03.500395 bottleneck=7 replicate=0 seed=1 estimator=DANCo k=5 dur=21.614s
[EST START] 2026-05-02T07:07:03.500497 bottleneck=7 replicate=0 seed=1 estimator=DANCo k=7 sigma=1.0
[EST DONE] 2026-05-02T07:07:26.291492 bottleneck=7 replicate=0 seed=1 estimator=DANCo k=7 dur=22.791s
[EST START] 2026-05-02T07:07:26.291583 bottleneck=7 replicate=0 seed=1 estimator=DANCo k=10 sigma=1.0
[EST DONE] 2026-05-02T07:07:50.977322 bottleneck=7 replicate=0 seed=1 estimator=DANCo k=10 dur=24.686s
[EST START] 2026-05-02T07:07:50.977433 bottleneck=7 replicate=0 seed=1 estimator=DANCo k=15 sigma=1.0
[EST DONE] 2026-05-02T07:08:19.704643 bottleneck=7 replicate=0 seed=1 estimator=DANCo k=15 dur=28.727s
[EST START] 2026-05-02T07:08:19.704760 bottleneck=7 replicate=0 seed=1 estimator=MiND k=3 sigma=1.0
[EST DONE] 2026-05-02T07:08:26.512496 bottleneck=7 replicate=0 seed=1 estimator=MiND k=3 dur=6.808s
[EST START] 2026-05-02T07:08:26.512606 bottleneck=7 replicate=0 seed=1 estimator=MiND k=5 sigma=1.0
[EST DONE] 2026-05-02T07:08:33.391874 bottleneck=7 replicate=0 seed=1 estimator=MiND k=5 dur=6.879s
[EST START] 2026-05-02T07:08:33.391989 bottleneck=7 replicate=0 seed=1 estimator=MiND k=7 sigma=1.0
[EST DONE] 2026-05-02T07:08:40.265329 bottleneck=7 replicate=0 seed=1 estimator=MiND k=7 dur=6.873s
[EST START] 2026-05-02T07:08:40.265429 bottleneck=7 replicate=0 seed=1 estimator=MiND k=10 sigma=1.0
[EST DONE] 2026-05-02T07:08:47.264678 bottleneck=7 replicate=0 seed=1 estimator=MiND k=10 dur=6.999s
[EST START] 2026-05-02T07:08:47.264800 bottleneck=7 replicate=0 seed=1 estimator=MiND k=15 sigma=1.0
[EST DONE] 2026-05-02T07:08:54.394423 bottleneck=7 replicate=0 seed=1 estimator=MiND k=15 dur=7.130s
[EST START] 2026-05-02T07:08:54.394549 bottleneck=7 replicate=0 seed=1 estimator=FisherS k=ALL sigma=1.0
[EST DONE] 2026-05-02T07:09:00.019768 bottleneck=7 replicate=0 seed=1 estimator=FisherS k=ALL dur=5.625s
[MNIST TASK START] 2026-05-02T07:09:00.020008 bottleneck=9 replicate=0 seed=1
[AE START] seed=1 bottleneck=9 epochs=50 subset=5000
[AE EPOCH] epoch=1/50 loss=0.223346 epoch_time=0.31s device=cuda
[AE EPOCH] epoch=2/50 loss=0.180517 epoch_time=0.12s device=cuda
[AE EPOCH] epoch=3/50 loss=0.108333 epoch_time=0.14s device=cuda
[AE EPOCH] epoch=4/50 loss=0.079077 epoch_time=0.15s device=cuda
[AE EPOCH] epoch=5/50 loss=0.073427 epoch_time=0.15s device=cuda
[AE EPOCH] epoch=6/50 loss=0.071715 epoch_time=0.15s device=cuda
[AE EPOCH] epoch=7/50 loss=0.070811 epoch_time=0.16s device=cuda
[AE EPOCH] epoch=8/50 loss=0.070105 epoch_time=0.16s device=cuda
[AE EPOCH] epoch=9/50 loss=0.069412 epoch_time=0.13s device=cuda
[AE EPOCH] epoch=10/50 loss=0.068569 epoch_time=0.14s device=cuda
[AE EPOCH] epoch=11/50 loss=0.067407 epoch_time=0.17s device=cuda
[AE EPOCH] epoch=12/50 loss=0.065866 epoch_time=0.15s device=cuda
[AE EPOCH] epoch=13/50 loss=0.063783 epoch_time=0.15s device=cuda
[AE EPOCH] epoch=14/50 loss=0.061415 epoch_time=0.11s device=cuda
[AE EPOCH] epoch=15/50 loss=0.059047 epoch_time=0.10s device=cuda
[AE EPOCH] epoch=16/50 loss=0.056964 epoch_time=0.09s device=cuda
[AE EPOCH] epoch=17/50 loss=0.055201 epoch_time=0.09s device=cuda
[AE EPOCH] epoch=18/50 loss=0.053612 epoch_time=0.09s device=cuda
[AE EPOCH] epoch=19/50 loss=0.052190 epoch_time=0.09s device=cuda
[AE EPOCH] epoch=20/50 loss=0.050862 epoch_time=0.09s device=cuda
[AE EPOCH] epoch=21/50 loss=0.049616 epoch_time=0.08s device=cuda
[AE EPOCH] epoch=22/50 loss=0.048426 epoch_time=0.08s device=cuda
[AE EPOCH] epoch=23/50 loss=0.047266 epoch_time=0.08s device=cuda
[AE EPOCH] epoch=24/50 loss=0.046145 epoch_time=0.08s device=cuda
[AE EPOCH] epoch=25/50 loss=0.045117 epoch_time=0.08s device=cuda
[AE EPOCH] epoch=26/50 loss=0.044165 epoch_time=0.08s device=cuda
[AE EPOCH] epoch=27/50 loss=0.043320 epoch_time=0.08s device=cuda
[AE EPOCH] epoch=28/50 loss=0.042547 epoch_time=0.08s device=cuda
[AE EPOCH] epoch=29/50 loss=0.041848 epoch_time=0.08s device=cuda
[AE EPOCH] epoch=30/50 loss=0.041168 epoch_time=0.08s device=cuda
[AE EPOCH] epoch=31/50 loss=0.040505 epoch_time=0.08s device=cuda
[AE EPOCH] epoch=32/50 loss=0.039862 epoch_time=0.08s device=cuda
[AE EPOCH] epoch=33/50 loss=0.039211 epoch_time=0.08s device=cuda
[AE EPOCH] epoch=34/50 loss=0.038569 epoch_time=0.10s device=cuda
[AE EPOCH] epoch=35/50 loss=0.037964 epoch_time=0.12s device=cuda
[AE EPOCH] epoch=36/50 loss=0.037348 epoch_time=0.14s device=cuda
[AE EPOCH] epoch=37/50 loss=0.036749 epoch_time=0.15s device=cuda
[AE EPOCH] epoch=38/50 loss=0.036176 epoch_time=0.15s device=cuda
[AE EPOCH] epoch=39/50 loss=0.035629 epoch_time=0.16s device=cuda
[AE EPOCH] epoch=40/50 loss=0.035116 epoch_time=0.15s device=cuda
[AE EPOCH] epoch=41/50 loss=0.034643 epoch_time=0.17s device=cuda
[AE EPOCH] epoch=42/50 loss=0.034197 epoch_time=0.13s device=cuda
[AE EPOCH] epoch=43/50 loss=0.033794 epoch_time=0.10s device=cuda
[AE EPOCH] epoch=44/50 loss=0.033416 epoch_time=0.09s device=cuda
[AE EPOCH] epoch=45/50 loss=0.033060 epoch_time=0.08s device=cuda
[AE EPOCH] epoch=46/50 loss=0.032720 epoch_time=0.08s device=cuda
[AE EPOCH] epoch=47/50 loss=0.032409 epoch_time=0.09s device=cuda
[AE EPOCH] epoch=48/50 loss=0.032111 epoch_time=0.09s device=cuda
[AE EPOCH] epoch=49/50 loss=0.031831 epoch_time=0.08s device=cuda
[AE EPOCH] epoch=50/50 loss=0.031571 epoch_time=0.08s device=cuda
[AE TRAIN COMPLETE] total_time=5.78s
[AE TRAIN COMPLETE] 2026-05-02T07:09:16.778980 bottleneck=9 replicate=0 dur=16.8s seed=1
[EST START] 2026-05-02T07:09:16.880148 bottleneck=9 replicate=0 seed=1 estimator=Levina-Bickel k=3 sigma=0.0
[EST DONE] 2026-05-02T07:09:17.259793 bottleneck=9 replicate=0 seed=1 estimator=Levina-Bickel k=3 dur=0.380s
[EST START] 2026-05-02T07:09:17.259924 bottleneck=9 replicate=0 seed=1 estimator=Levina-Bickel k=5 sigma=0.0
[EST DONE] 2026-05-02T07:09:17.550095 bottleneck=9 replicate=0 seed=1 estimator=Levina-Bickel k=5 dur=0.290s
[EST START] 2026-05-02T07:09:17.550220 bottleneck=9 replicate=0 seed=1 estimator=Levina-Bickel k=7 sigma=0.0
[EST DONE] 2026-05-02T07:09:17.844562 bottleneck=9 replicate=0 seed=1 estimator=Levina-Bickel k=7 dur=0.294s
[EST START] 2026-05-02T07:09:17.844688 bottleneck=9 replicate=0 seed=1 estimator=Levina-Bickel k=10 sigma=0.0
[EST DONE] 2026-05-02T07:09:18.142378 bottleneck=9 replicate=0 seed=1 estimator=Levina-Bickel k=10 dur=0.298s
[EST START] 2026-05-02T07:09:18.142494 bottleneck=9 replicate=0 seed=1 estimator=Levina-Bickel k=15 sigma=0.0
[EST DONE] 2026-05-02T07:09:18.447099 bottleneck=9 replicate=0 seed=1 estimator=Levina-Bickel k=15 dur=0.305s
[EST START] 2026-05-02T07:09:18.447215 bottleneck=9 replicate=0 seed=1 estimator=TwoNN k=ALL sigma=0.0
[EST DONE] 2026-05-02T07:09:18.731356 bottleneck=9 replicate=0 seed=1 estimator=TwoNN k=ALL dur=0.284s
[EST START] 2026-05-02T07:09:18.731485 bottleneck=9 replicate=0 seed=1 estimator=lPCA k=3 sigma=0.0
[EST DONE] 2026-05-02T07:09:22.815317 bottleneck=9 replicate=0 seed=1 estimator=lPCA k=3 dur=4.084s
[EST START] 2026-05-02T07:09:22.815410 bottleneck=9 replicate=0 seed=1 estimator=lPCA k=5 sigma=0.0
[EST DONE] 2026-05-02T07:09:27.488648 bottleneck=9 replicate=0 seed=1 estimator=lPCA k=5 dur=4.673s
[EST START] 2026-05-02T07:09:27.488782 bottleneck=9 replicate=0 seed=1 estimator=lPCA k=7 sigma=0.0
[EST DONE] 2026-05-02T07:09:32.479226 bottleneck=9 replicate=0 seed=1 estimator=lPCA k=7 dur=4.990s
[EST START] 2026-05-02T07:09:32.479321 bottleneck=9 replicate=0 seed=1 estimator=lPCA k=10 sigma=0.0
[EST DONE] 2026-05-02T07:09:37.952431 bottleneck=9 replicate=0 seed=1 estimator=lPCA k=10 dur=5.473s
[EST START] 2026-05-02T07:09:37.952535 bottleneck=9 replicate=0 seed=1 estimator=lPCA k=15 sigma=0.0
[EST DONE] 2026-05-02T07:09:44.665847 bottleneck=9 replicate=0 seed=1 estimator=lPCA k=15 dur=6.713s
[EST START] 2026-05-02T07:09:44.665962 bottleneck=9 replicate=0 seed=1 estimator=DANCo k=3 sigma=0.0
[EST DONE] 2026-05-02T07:10:04.218039 bottleneck=9 replicate=0 seed=1 estimator=DANCo k=3 dur=19.552s
[EST START] 2026-05-02T07:10:04.218146 bottleneck=9 replicate=0 seed=1 estimator=DANCo k=5 sigma=0.0
[EST DONE] 2026-05-02T07:10:25.823687 bottleneck=9 replicate=0 seed=1 estimator=DANCo k=5 dur=21.606s
[EST START] 2026-05-02T07:10:25.823774 bottleneck=9 replicate=0 seed=1 estimator=DANCo k=7 sigma=0.0
[EST DONE] 2026-05-02T07:10:48.814589 bottleneck=9 replicate=0 seed=1 estimator=DANCo k=7 dur=22.991s
[EST START] 2026-05-02T07:10:48.814721 bottleneck=9 replicate=0 seed=1 estimator=DANCo k=10 sigma=0.0
[EST DONE] 2026-05-02T07:11:14.620449 bottleneck=9 replicate=0 seed=1 estimator=DANCo k=10 dur=25.806s
[EST START] 2026-05-02T07:11:14.620589 bottleneck=9 replicate=0 seed=1 estimator=DANCo k=15 sigma=0.0
[EST DONE] 2026-05-02T07:11:42.852814 bottleneck=9 replicate=0 seed=1 estimator=DANCo k=15 dur=28.232s
[EST START] 2026-05-02T07:11:42.852915 bottleneck=9 replicate=0 seed=1 estimator=MiND k=3 sigma=0.0
[EST DONE] 2026-05-02T07:11:51.039244 bottleneck=9 replicate=0 seed=1 estimator=MiND k=3 dur=8.186s
[EST START] 2026-05-02T07:11:51.039359 bottleneck=9 replicate=0 seed=1 estimator=MiND k=5 sigma=0.0
[EST DONE] 2026-05-02T07:12:00.011610 bottleneck=9 replicate=0 seed=1 estimator=MiND k=5 dur=8.972s
[EST START] 2026-05-02T07:12:00.011745 bottleneck=9 replicate=0 seed=1 estimator=MiND k=7 sigma=0.0
[EST DONE] 2026-05-02T07:12:09.061114 bottleneck=9 replicate=0 seed=1 estimator=MiND k=7 dur=9.049s
[EST START] 2026-05-02T07:12:09.061206 bottleneck=9 replicate=0 seed=1 estimator=MiND k=10 sigma=0.0
[EST DONE] 2026-05-02T07:12:18.248548 bottleneck=9 replicate=0 seed=1 estimator=MiND k=10 dur=9.187s
[EST START] 2026-05-02T07:12:18.248690 bottleneck=9 replicate=0 seed=1 estimator=MiND k=15 sigma=0.0
[EST DONE] 2026-05-02T07:12:27.910790 bottleneck=9 replicate=0 seed=1 estimator=MiND k=15 dur=9.662s
[EST START] 2026-05-02T07:12:27.910920 bottleneck=9 replicate=0 seed=1 estimator=FisherS k=ALL sigma=0.0
[EST DONE] 2026-05-02T07:12:30.487871 bottleneck=9 replicate=0 seed=1 estimator=FisherS k=ALL dur=2.577s
[EST START] 2026-05-02T07:12:30.583787 bottleneck=9 replicate=0 seed=1 estimator=Levina-Bickel k=3 sigma=0.25
[EST DONE] 2026-05-02T07:12:30.864309 bottleneck=9 replicate=0 seed=1 estimator=Levina-Bickel k=3 dur=0.280s
[EST START] 2026-05-02T07:12:30.864401 bottleneck=9 replicate=0 seed=1 estimator=Levina-Bickel k=5 sigma=0.25
[EST DONE] 2026-05-02T07:12:31.146260 bottleneck=9 replicate=0 seed=1 estimator=Levina-Bickel k=5 dur=0.282s
[EST START] 2026-05-02T07:12:31.146348 bottleneck=9 replicate=0 seed=1 estimator=Levina-Bickel k=7 sigma=0.25
[EST DONE] 2026-05-02T07:12:31.435942 bottleneck=9 replicate=0 seed=1 estimator=Levina-Bickel k=7 dur=0.290s
[EST START] 2026-05-02T07:12:31.436037 bottleneck=9 replicate=0 seed=1 estimator=Levina-Bickel k=10 sigma=0.25
[EST DONE] 2026-05-02T07:12:31.728366 bottleneck=9 replicate=0 seed=1 estimator=Levina-Bickel k=10 dur=0.292s
[EST START] 2026-05-02T07:12:31.728461 bottleneck=9 replicate=0 seed=1 estimator=Levina-Bickel k=15 sigma=0.25
[EST DONE] 2026-05-02T07:12:32.026858 bottleneck=9 replicate=0 seed=1 estimator=Levina-Bickel k=15 dur=0.298s
[EST START] 2026-05-02T07:12:32.026965 bottleneck=9 replicate=0 seed=1 estimator=TwoNN k=ALL sigma=0.25
[EST DONE] 2026-05-02T07:12:32.302382 bottleneck=9 replicate=0 seed=1 estimator=TwoNN k=ALL dur=0.275s
[EST START] 2026-05-02T07:12:32.302531 bottleneck=9 replicate=0 seed=1 estimator=lPCA k=3 sigma=0.25
[EST DONE] 2026-05-02T07:12:36.378760 bottleneck=9 replicate=0 seed=1 estimator=lPCA k=3 dur=4.076s
[EST START] 2026-05-02T07:12:36.378876 bottleneck=9 replicate=0 seed=1 estimator=lPCA k=5 sigma=0.25
[EST DONE] 2026-05-02T07:12:41.034297 bottleneck=9 replicate=0 seed=1 estimator=lPCA k=5 dur=4.655s
[EST START] 2026-05-02T07:12:41.034410 bottleneck=9 replicate=0 seed=1 estimator=lPCA k=7 sigma=0.25
[EST DONE] 2026-05-02T07:12:46.057887 bottleneck=9 replicate=0 seed=1 estimator=lPCA k=7 dur=5.023s
[EST START] 2026-05-02T07:12:46.058017 bottleneck=9 replicate=0 seed=1 estimator=lPCA k=10 sigma=0.25
[EST DONE] 2026-05-02T07:12:51.678739 bottleneck=9 replicate=0 seed=1 estimator=lPCA k=10 dur=5.621s
[EST START] 2026-05-02T07:12:51.678835 bottleneck=9 replicate=0 seed=1 estimator=lPCA k=15 sigma=0.25
[EST DONE] 2026-05-02T07:12:58.541751 bottleneck=9 replicate=0 seed=1 estimator=lPCA k=15 dur=6.863s
[EST START] 2026-05-02T07:12:58.541854 bottleneck=9 replicate=0 seed=1 estimator=DANCo k=3 sigma=0.25
[EST DONE] 2026-05-02T07:13:18.020988 bottleneck=9 replicate=0 seed=1 estimator=DANCo k=3 dur=19.479s
[EST START] 2026-05-02T07:13:18.021112 bottleneck=9 replicate=0 seed=1 estimator=DANCo k=5 sigma=0.25
[EST DONE] 2026-05-02T07:13:39.857931 bottleneck=9 replicate=0 seed=1 estimator=DANCo k=5 dur=21.837s
[EST START] 2026-05-02T07:13:39.858053 bottleneck=9 replicate=0 seed=1 estimator=DANCo k=7 sigma=0.25
[EST DONE] 2026-05-02T07:14:02.760222 bottleneck=9 replicate=0 seed=1 estimator=DANCo k=7 dur=22.902s
[EST START] 2026-05-02T07:14:02.760329 bottleneck=9 replicate=0 seed=1 estimator=DANCo k=10 sigma=0.25
[EST DONE] 2026-05-02T07:14:28.332281 bottleneck=9 replicate=0 seed=1 estimator=DANCo k=10 dur=25.572s
[EST START] 2026-05-02T07:14:28.332378 bottleneck=9 replicate=0 seed=1 estimator=DANCo k=15 sigma=0.25
[EST DONE] 2026-05-02T07:14:57.160855 bottleneck=9 replicate=0 seed=1 estimator=DANCo k=15 dur=28.828s
[EST START] 2026-05-02T07:14:57.160959 bottleneck=9 replicate=0 seed=1 estimator=MiND k=3 sigma=0.25
[EST DONE] 2026-05-02T07:15:03.951909 bottleneck=9 replicate=0 seed=1 estimator=MiND k=3 dur=6.791s
[EST START] 2026-05-02T07:15:03.952051 bottleneck=9 replicate=0 seed=1 estimator=MiND k=5 sigma=0.25
[EST DONE] 2026-05-02T07:15:10.826092 bottleneck=9 replicate=0 seed=1 estimator=MiND k=5 dur=6.874s
[EST START] 2026-05-02T07:15:10.826222 bottleneck=9 replicate=0 seed=1 estimator=MiND k=7 sigma=0.25
[EST DONE] 2026-05-02T07:15:17.739997 bottleneck=9 replicate=0 seed=1 estimator=MiND k=7 dur=6.914s
[EST START] 2026-05-02T07:15:17.740122 bottleneck=9 replicate=0 seed=1 estimator=MiND k=10 sigma=0.25
[EST DONE] 2026-05-02T07:15:24.848409 bottleneck=9 replicate=0 seed=1 estimator=MiND k=10 dur=7.108s
[EST START] 2026-05-02T07:15:24.848605 bottleneck=9 replicate=0 seed=1 estimator=MiND k=15 sigma=0.25
[EST DONE] 2026-05-02T07:15:32.066393 bottleneck=9 replicate=0 seed=1 estimator=MiND k=15 dur=7.218s
[EST START] 2026-05-02T07:15:32.066598 bottleneck=9 replicate=0 seed=1 estimator=FisherS k=ALL sigma=0.25
[EST DONE] 2026-05-02T07:15:34.840521 bottleneck=9 replicate=0 seed=1 estimator=FisherS k=ALL dur=2.774s
[EST START] 2026-05-02T07:15:34.933151 bottleneck=9 replicate=0 seed=1 estimator=Levina-Bickel k=3 sigma=0.5
[EST DONE] 2026-05-02T07:15:35.215101 bottleneck=9 replicate=0 seed=1 estimator=Levina-Bickel k=3 dur=0.282s
[EST START] 2026-05-02T07:15:35.215203 bottleneck=9 replicate=0 seed=1 estimator=Levina-Bickel k=5 sigma=0.5
[EST DONE] 2026-05-02T07:15:35.498375 bottleneck=9 replicate=0 seed=1 estimator=Levina-Bickel k=5 dur=0.283s
[EST START] 2026-05-02T07:15:35.498492 bottleneck=9 replicate=0 seed=1 estimator=Levina-Bickel k=7 sigma=0.5
[EST DONE] 2026-05-02T07:15:35.786492 bottleneck=9 replicate=0 seed=1 estimator=Levina-Bickel k=7 dur=0.288s
[EST START] 2026-05-02T07:15:35.786587 bottleneck=9 replicate=0 seed=1 estimator=Levina-Bickel k=10 sigma=0.5
[EST DONE] 2026-05-02T07:15:36.082177 bottleneck=9 replicate=0 seed=1 estimator=Levina-Bickel k=10 dur=0.296s
[EST START] 2026-05-02T07:15:36.082300 bottleneck=9 replicate=0 seed=1 estimator=Levina-Bickel k=15 sigma=0.5
[EST DONE] 2026-05-02T07:15:36.384009 bottleneck=9 replicate=0 seed=1 estimator=Levina-Bickel k=15 dur=0.302s
[EST START] 2026-05-02T07:15:36.384118 bottleneck=9 replicate=0 seed=1 estimator=TwoNN k=ALL sigma=0.5
[EST DONE] 2026-05-02T07:15:36.660930 bottleneck=9 replicate=0 seed=1 estimator=TwoNN k=ALL dur=0.277s
[EST START] 2026-05-02T07:15:36.661062 bottleneck=9 replicate=0 seed=1 estimator=lPCA k=3 sigma=0.5
[EST DONE] 2026-05-02T07:15:40.780691 bottleneck=9 replicate=0 seed=1 estimator=lPCA k=3 dur=4.120s
[EST START] 2026-05-02T07:15:40.780789 bottleneck=9 replicate=0 seed=1 estimator=lPCA k=5 sigma=0.5
[EST DONE] 2026-05-02T07:15:45.500079 bottleneck=9 replicate=0 seed=1 estimator=lPCA k=5 dur=4.719s
[EST START] 2026-05-02T07:15:45.500198 bottleneck=9 replicate=0 seed=1 estimator=lPCA k=7 sigma=0.5
[EST DONE] 2026-05-02T07:15:50.543449 bottleneck=9 replicate=0 seed=1 estimator=lPCA k=7 dur=5.043s
[EST START] 2026-05-02T07:15:50.543570 bottleneck=9 replicate=0 seed=1 estimator=lPCA k=10 sigma=0.5
[EST DONE] 2026-05-02T07:15:56.173872 bottleneck=9 replicate=0 seed=1 estimator=lPCA k=10 dur=5.630s
[EST START] 2026-05-02T07:15:56.173991 bottleneck=9 replicate=0 seed=1 estimator=lPCA k=15 sigma=0.5
[EST DONE] 2026-05-02T07:16:03.126736 bottleneck=9 replicate=0 seed=1 estimator=lPCA k=15 dur=6.953s
[EST START] 2026-05-02T07:16:03.126857 bottleneck=9 replicate=0 seed=1 estimator=DANCo k=3 sigma=0.5
[EST DONE] 2026-05-02T07:16:22.617463 bottleneck=9 replicate=0 seed=1 estimator=DANCo k=3 dur=19.491s
[EST START] 2026-05-02T07:16:22.617562 bottleneck=9 replicate=0 seed=1 estimator=DANCo k=5 sigma=0.5
[EST DONE] 2026-05-02T07:16:44.327913 bottleneck=9 replicate=0 seed=1 estimator=DANCo k=5 dur=21.710s
[EST START] 2026-05-02T07:16:44.328024 bottleneck=9 replicate=0 seed=1 estimator=DANCo k=7 sigma=0.5
[EST DONE] 2026-05-02T07:17:07.097564 bottleneck=9 replicate=0 seed=1 estimator=DANCo k=7 dur=22.770s
[EST START] 2026-05-02T07:17:07.097662 bottleneck=9 replicate=0 seed=1 estimator=DANCo k=10 sigma=0.5
[EST DONE] 2026-05-02T07:17:31.948458 bottleneck=9 replicate=0 seed=1 estimator=DANCo k=10 dur=24.851s
[EST START] 2026-05-02T07:17:31.948595 bottleneck=9 replicate=0 seed=1 estimator=DANCo k=15 sigma=0.5
[EST DONE] 2026-05-02T07:18:01.550222 bottleneck=9 replicate=0 seed=1 estimator=DANCo k=15 dur=29.602s
[EST START] 2026-05-02T07:18:01.550377 bottleneck=9 replicate=0 seed=1 estimator=MiND k=3 sigma=0.5
[EST DONE] 2026-05-02T07:18:08.418425 bottleneck=9 replicate=0 seed=1 estimator=MiND k=3 dur=6.868s
[EST START] 2026-05-02T07:18:08.418560 bottleneck=9 replicate=0 seed=1 estimator=MiND k=5 sigma=0.5
[EST DONE] 2026-05-02T07:18:15.384835 bottleneck=9 replicate=0 seed=1 estimator=MiND k=5 dur=6.966s
[EST START] 2026-05-02T07:18:15.384989 bottleneck=9 replicate=0 seed=1 estimator=MiND k=7 sigma=0.5
[EST DONE] 2026-05-02T07:18:22.334953 bottleneck=9 replicate=0 seed=1 estimator=MiND k=7 dur=6.950s
[EST START] 2026-05-02T07:18:22.335070 bottleneck=9 replicate=0 seed=1 estimator=MiND k=10 sigma=0.5
[EST DONE] 2026-05-02T07:18:29.423451 bottleneck=9 replicate=0 seed=1 estimator=MiND k=10 dur=7.088s
[EST START] 2026-05-02T07:18:29.423611 bottleneck=9 replicate=0 seed=1 estimator=MiND k=15 sigma=0.5
[EST DONE] 2026-05-02T07:18:36.650539 bottleneck=9 replicate=0 seed=1 estimator=MiND k=15 dur=7.227s
[EST START] 2026-05-02T07:18:36.650681 bottleneck=9 replicate=0 seed=1 estimator=FisherS k=ALL sigma=0.5
[EST DONE] 2026-05-02T07:18:39.588780 bottleneck=9 replicate=0 seed=1 estimator=FisherS k=ALL dur=2.938s
[EST START] 2026-05-02T07:18:39.680518 bottleneck=9 replicate=0 seed=1 estimator=Levina-Bickel k=3 sigma=0.75
[EST DONE] 2026-05-02T07:18:39.955048 bottleneck=9 replicate=0 seed=1 estimator=Levina-Bickel k=3 dur=0.274s
[EST START] 2026-05-02T07:18:39.955175 bottleneck=9 replicate=0 seed=1 estimator=Levina-Bickel k=5 sigma=0.75
[EST DONE] 2026-05-02T07:18:40.232160 bottleneck=9 replicate=0 seed=1 estimator=Levina-Bickel k=5 dur=0.277s
[EST START] 2026-05-02T07:18:40.232255 bottleneck=9 replicate=0 seed=1 estimator=Levina-Bickel k=7 sigma=0.75
[EST DONE] 2026-05-02T07:18:40.514359 bottleneck=9 replicate=0 seed=1 estimator=Levina-Bickel k=7 dur=0.282s
[EST START] 2026-05-02T07:18:40.514476 bottleneck=9 replicate=0 seed=1 estimator=Levina-Bickel k=10 sigma=0.75
[EST DONE] 2026-05-02T07:18:40.801346 bottleneck=9 replicate=0 seed=1 estimator=Levina-Bickel k=10 dur=0.287s
[EST START] 2026-05-02T07:18:40.801467 bottleneck=9 replicate=0 seed=1 estimator=Levina-Bickel k=15 sigma=0.75
[EST DONE] 2026-05-02T07:18:41.093796 bottleneck=9 replicate=0 seed=1 estimator=Levina-Bickel k=15 dur=0.292s
[EST START] 2026-05-02T07:18:41.093901 bottleneck=9 replicate=0 seed=1 estimator=TwoNN k=ALL sigma=0.75
[EST DONE] 2026-05-02T07:18:41.366657 bottleneck=9 replicate=0 seed=1 estimator=TwoNN k=ALL dur=0.273s
[EST START] 2026-05-02T07:18:41.366820 bottleneck=9 replicate=0 seed=1 estimator=lPCA k=3 sigma=0.75
[EST DONE] 2026-05-02T07:18:45.361118 bottleneck=9 replicate=0 seed=1 estimator=lPCA k=3 dur=3.994s
[EST START] 2026-05-02T07:18:45.361204 bottleneck=9 replicate=0 seed=1 estimator=lPCA k=5 sigma=0.75
[EST DONE] 2026-05-02T07:18:49.975155 bottleneck=9 replicate=0 seed=1 estimator=lPCA k=5 dur=4.614s
[EST START] 2026-05-02T07:18:49.975263 bottleneck=9 replicate=0 seed=1 estimator=lPCA k=7 sigma=0.75
[EST DONE] 2026-05-02T07:18:54.972938 bottleneck=9 replicate=0 seed=1 estimator=lPCA k=7 dur=4.998s
[EST START] 2026-05-02T07:18:54.973076 bottleneck=9 replicate=0 seed=1 estimator=lPCA k=10 sigma=0.75
[EST DONE] 2026-05-02T07:19:00.521115 bottleneck=9 replicate=0 seed=1 estimator=lPCA k=10 dur=5.548s
[EST START] 2026-05-02T07:19:00.521223 bottleneck=9 replicate=0 seed=1 estimator=lPCA k=15 sigma=0.75
[EST DONE] 2026-05-02T07:19:07.400202 bottleneck=9 replicate=0 seed=1 estimator=lPCA k=15 dur=6.879s
[EST START] 2026-05-02T07:19:07.400314 bottleneck=9 replicate=0 seed=1 estimator=DANCo k=3 sigma=0.75
[EST DONE] 2026-05-02T07:19:26.845757 bottleneck=9 replicate=0 seed=1 estimator=DANCo k=3 dur=19.445s
[EST START] 2026-05-02T07:19:26.845849 bottleneck=9 replicate=0 seed=1 estimator=DANCo k=5 sigma=0.75
[EST DONE] 2026-05-02T07:19:48.532335 bottleneck=9 replicate=0 seed=1 estimator=DANCo k=5 dur=21.686s
[EST START] 2026-05-02T07:19:48.532448 bottleneck=9 replicate=0 seed=1 estimator=DANCo k=7 sigma=0.75
[EST DONE] 2026-05-02T07:20:11.436335 bottleneck=9 replicate=0 seed=1 estimator=DANCo k=7 dur=22.904s
[EST START] 2026-05-02T07:20:11.436441 bottleneck=9 replicate=0 seed=1 estimator=DANCo k=10 sigma=0.75
[EST DONE] 2026-05-02T07:20:36.308505 bottleneck=9 replicate=0 seed=1 estimator=DANCo k=10 dur=24.872s
[EST START] 2026-05-02T07:20:36.308619 bottleneck=9 replicate=0 seed=1 estimator=DANCo k=15 sigma=0.75
[EST DONE] 2026-05-02T07:21:05.247157 bottleneck=9 replicate=0 seed=1 estimator=DANCo k=15 dur=28.939s
[EST START] 2026-05-02T07:21:05.247291 bottleneck=9 replicate=0 seed=1 estimator=MiND k=3 sigma=0.75
[EST DONE] 2026-05-02T07:21:11.934827 bottleneck=9 replicate=0 seed=1 estimator=MiND k=3 dur=6.688s
[EST START] 2026-05-02T07:21:11.934942 bottleneck=9 replicate=0 seed=1 estimator=MiND k=5 sigma=0.75
[EST DONE] 2026-05-02T07:21:18.851414 bottleneck=9 replicate=0 seed=1 estimator=MiND k=5 dur=6.916s
[EST START] 2026-05-02T07:21:18.851522 bottleneck=9 replicate=0 seed=1 estimator=MiND k=7 sigma=0.75
[EST DONE] 2026-05-02T07:21:25.777103 bottleneck=9 replicate=0 seed=1 estimator=MiND k=7 dur=6.926s
[EST START] 2026-05-02T07:21:25.777213 bottleneck=9 replicate=0 seed=1 estimator=MiND k=10 sigma=0.75
[EST DONE] 2026-05-02T07:21:32.877702 bottleneck=9 replicate=0 seed=1 estimator=MiND k=10 dur=7.100s
[EST START] 2026-05-02T07:21:32.877849 bottleneck=9 replicate=0 seed=1 estimator=MiND k=15 sigma=0.75
[EST DONE] 2026-05-02T07:21:40.171485 bottleneck=9 replicate=0 seed=1 estimator=MiND k=15 dur=7.294s
[EST START] 2026-05-02T07:21:40.171608 bottleneck=9 replicate=0 seed=1 estimator=FisherS k=ALL sigma=0.75
[EST DONE] 2026-05-02T07:21:46.237963 bottleneck=9 replicate=0 seed=1 estimator=FisherS k=ALL dur=6.066s
[EST START] 2026-05-02T07:21:46.334272 bottleneck=9 replicate=0 seed=1 estimator=Levina-Bickel k=3 sigma=1.0
[EST DONE] 2026-05-02T07:21:46.648525 bottleneck=9 replicate=0 seed=1 estimator=Levina-Bickel k=3 dur=0.314s
[EST START] 2026-05-02T07:21:46.648637 bottleneck=9 replicate=0 seed=1 estimator=Levina-Bickel k=5 sigma=1.0
[EST DONE] 2026-05-02T07:21:46.965955 bottleneck=9 replicate=0 seed=1 estimator=Levina-Bickel k=5 dur=0.317s
[EST START] 2026-05-02T07:21:46.966080 bottleneck=9 replicate=0 seed=1 estimator=Levina-Bickel k=7 sigma=1.0
[EST DONE] 2026-05-02T07:21:47.289360 bottleneck=9 replicate=0 seed=1 estimator=Levina-Bickel k=7 dur=0.323s
[EST START] 2026-05-02T07:21:47.289452 bottleneck=9 replicate=0 seed=1 estimator=Levina-Bickel k=10 sigma=1.0
[EST DONE] 2026-05-02T07:21:47.616787 bottleneck=9 replicate=0 seed=1 estimator=Levina-Bickel k=10 dur=0.327s
[EST START] 2026-05-02T07:21:47.616879 bottleneck=9 replicate=0 seed=1 estimator=Levina-Bickel k=15 sigma=1.0
[EST DONE] 2026-05-02T07:21:47.946893 bottleneck=9 replicate=0 seed=1 estimator=Levina-Bickel k=15 dur=0.330s
[EST START] 2026-05-02T07:21:47.946998 bottleneck=9 replicate=0 seed=1 estimator=TwoNN k=ALL sigma=1.0
[EST DONE] 2026-05-02T07:21:48.260245 bottleneck=9 replicate=0 seed=1 estimator=TwoNN k=ALL dur=0.313s
[EST START] 2026-05-02T07:21:48.260355 bottleneck=9 replicate=0 seed=1 estimator=lPCA k=3 sigma=1.0
[EST DONE] 2026-05-02T07:21:52.362780 bottleneck=9 replicate=0 seed=1 estimator=lPCA k=3 dur=4.102s
[EST START] 2026-05-02T07:21:52.362905 bottleneck=9 replicate=0 seed=1 estimator=lPCA k=5 sigma=1.0
[EST DONE] 2026-05-02T07:21:57.053077 bottleneck=9 replicate=0 seed=1 estimator=lPCA k=5 dur=4.690s
[EST START] 2026-05-02T07:21:57.053197 bottleneck=9 replicate=0 seed=1 estimator=lPCA k=7 sigma=1.0
[EST DONE] 2026-05-02T07:22:02.088432 bottleneck=9 replicate=0 seed=1 estimator=lPCA k=7 dur=5.035s
[EST START] 2026-05-02T07:22:02.088525 bottleneck=9 replicate=0 seed=1 estimator=lPCA k=10 sigma=1.0
[EST DONE] 2026-05-02T07:22:07.747933 bottleneck=9 replicate=0 seed=1 estimator=lPCA k=10 dur=5.659s
[EST START] 2026-05-02T07:22:07.748032 bottleneck=9 replicate=0 seed=1 estimator=lPCA k=15 sigma=1.0
[EST DONE] 2026-05-02T07:22:14.623568 bottleneck=9 replicate=0 seed=1 estimator=lPCA k=15 dur=6.876s
[EST START] 2026-05-02T07:22:14.623687 bottleneck=9 replicate=0 seed=1 estimator=DANCo k=3 sigma=1.0
[EST DONE] 2026-05-02T07:22:34.098932 bottleneck=9 replicate=0 seed=1 estimator=DANCo k=3 dur=19.475s
[EST START] 2026-05-02T07:22:34.099057 bottleneck=9 replicate=0 seed=1 estimator=DANCo k=5 sigma=1.0
[EST DONE] 2026-05-02T07:22:55.748281 bottleneck=9 replicate=0 seed=1 estimator=DANCo k=5 dur=21.649s
[EST START] 2026-05-02T07:22:55.748415 bottleneck=9 replicate=0 seed=1 estimator=DANCo k=7 sigma=1.0
[EST DONE] 2026-05-02T07:23:18.740855 bottleneck=9 replicate=0 seed=1 estimator=DANCo k=7 dur=22.992s
[EST START] 2026-05-02T07:23:18.740974 bottleneck=9 replicate=0 seed=1 estimator=DANCo k=10 sigma=1.0
[EST DONE] 2026-05-02T07:23:43.444153 bottleneck=9 replicate=0 seed=1 estimator=DANCo k=10 dur=24.703s
[EST START] 2026-05-02T07:23:43.444303 bottleneck=9 replicate=0 seed=1 estimator=DANCo k=15 sigma=1.0
[EST DONE] 2026-05-02T07:24:12.240622 bottleneck=9 replicate=0 seed=1 estimator=DANCo k=15 dur=28.796s
[EST START] 2026-05-02T07:24:12.240728 bottleneck=9 replicate=0 seed=1 estimator=MiND k=3 sigma=1.0
[EST DONE] 2026-05-02T07:24:19.002491 bottleneck=9 replicate=0 seed=1 estimator=MiND k=3 dur=6.762s
[EST START] 2026-05-02T07:24:19.002622 bottleneck=9 replicate=0 seed=1 estimator=MiND k=5 sigma=1.0
[EST DONE] 2026-05-02T07:24:25.776423 bottleneck=9 replicate=0 seed=1 estimator=MiND k=5 dur=6.774s
[EST START] 2026-05-02T07:24:25.776534 bottleneck=9 replicate=0 seed=1 estimator=MiND k=7 sigma=1.0
[EST DONE] 2026-05-02T07:24:32.689085 bottleneck=9 replicate=0 seed=1 estimator=MiND k=7 dur=6.913s
[EST START] 2026-05-02T07:24:32.689207 bottleneck=9 replicate=0 seed=1 estimator=MiND k=10 sigma=1.0
[EST DONE] 2026-05-02T07:24:39.771984 bottleneck=9 replicate=0 seed=1 estimator=MiND k=10 dur=7.083s
[EST START] 2026-05-02T07:24:39.772123 bottleneck=9 replicate=0 seed=1 estimator=MiND k=15 sigma=1.0
[EST DONE] 2026-05-02T07:24:47.009972 bottleneck=9 replicate=0 seed=1 estimator=MiND k=15 dur=7.238s
[EST START] 2026-05-02T07:24:47.010096 bottleneck=9 replicate=0 seed=1 estimator=FisherS k=ALL sigma=1.0
[EST DONE] 2026-05-02T07:24:50.623923 bottleneck=9 replicate=0 seed=1 estimator=FisherS k=ALL dur=3.614s
[MNIST TASK START] 2026-05-02T07:24:50.624195 bottleneck=12 replicate=0 seed=1
[AE START] seed=1 bottleneck=12 epochs=50 subset=5000
[AE EPOCH] epoch=1/50 loss=0.223824 epoch_time=0.27s device=cuda
[AE EPOCH] epoch=2/50 loss=0.181688 epoch_time=0.07s device=cuda
[AE EPOCH] epoch=3/50 loss=0.107378 epoch_time=0.07s device=cuda
[AE EPOCH] epoch=4/50 loss=0.078439 epoch_time=0.08s device=cuda
[AE EPOCH] epoch=5/50 loss=0.073182 epoch_time=0.08s device=cuda
[AE EPOCH] epoch=6/50 loss=0.071639 epoch_time=0.08s device=cuda
[AE EPOCH] epoch=7/50 loss=0.070740 epoch_time=0.08s device=cuda
[AE EPOCH] epoch=8/50 loss=0.070024 epoch_time=0.08s device=cuda
[AE EPOCH] epoch=9/50 loss=0.069258 epoch_time=0.08s device=cuda
[AE EPOCH] epoch=10/50 loss=0.068314 epoch_time=0.08s device=cuda
[AE EPOCH] epoch=11/50 loss=0.066998 epoch_time=0.08s device=cuda
[AE EPOCH] epoch=12/50 loss=0.065223 epoch_time=0.08s device=cuda
[AE EPOCH] epoch=13/50 loss=0.063154 epoch_time=0.08s device=cuda
[AE EPOCH] epoch=14/50 loss=0.061101 epoch_time=0.08s device=cuda
[AE EPOCH] epoch=15/50 loss=0.059227 epoch_time=0.08s device=cuda
[AE EPOCH] epoch=16/50 loss=0.057179 epoch_time=0.08s device=cuda
[AE EPOCH] epoch=17/50 loss=0.054955 epoch_time=0.08s device=cuda
[AE EPOCH] epoch=18/50 loss=0.052791 epoch_time=0.08s device=cuda
[AE EPOCH] epoch=19/50 loss=0.050897 epoch_time=0.08s device=cuda
[AE EPOCH] epoch=20/50 loss=0.049286 epoch_time=0.08s device=cuda
[AE EPOCH] epoch=21/50 loss=0.047907 epoch_time=0.08s device=cuda
[AE EPOCH] epoch=22/50 loss=0.046719 epoch_time=0.08s device=cuda
[AE EPOCH] epoch=23/50 loss=0.045671 epoch_time=0.08s device=cuda
[AE EPOCH] epoch=24/50 loss=0.044695 epoch_time=0.09s device=cuda
[AE EPOCH] epoch=25/50 loss=0.043775 epoch_time=0.08s device=cuda
[AE EPOCH] epoch=26/50 loss=0.042898 epoch_time=0.08s device=cuda
[AE EPOCH] epoch=27/50 loss=0.042059 epoch_time=0.08s device=cuda
[AE EPOCH] epoch=28/50 loss=0.041277 epoch_time=0.08s device=cuda
[AE EPOCH] epoch=29/50 loss=0.040548 epoch_time=0.08s device=cuda
[AE EPOCH] epoch=30/50 loss=0.039842 epoch_time=0.08s device=cuda
[AE EPOCH] epoch=31/50 loss=0.039182 epoch_time=0.08s device=cuda
[AE EPOCH] epoch=32/50 loss=0.038521 epoch_time=0.09s device=cuda
[AE EPOCH] epoch=33/50 loss=0.037878 epoch_time=0.10s device=cuda
[AE EPOCH] epoch=34/50 loss=0.037237 epoch_time=0.12s device=cuda
[AE EPOCH] epoch=35/50 loss=0.036594 epoch_time=0.12s device=cuda
[AE EPOCH] epoch=36/50 loss=0.035981 epoch_time=0.09s device=cuda
[AE EPOCH] epoch=37/50 loss=0.035368 epoch_time=0.09s device=cuda
[AE EPOCH] epoch=38/50 loss=0.034793 epoch_time=0.12s device=cuda
[AE EPOCH] epoch=39/50 loss=0.034259 epoch_time=0.14s device=cuda
[AE EPOCH] epoch=40/50 loss=0.033742 epoch_time=0.14s device=cuda
[AE EPOCH] epoch=41/50 loss=0.033264 epoch_time=0.13s device=cuda
[AE EPOCH] epoch=42/50 loss=0.032822 epoch_time=0.13s device=cuda
[AE EPOCH] epoch=43/50 loss=0.032398 epoch_time=0.13s device=cuda
[AE EPOCH] epoch=44/50 loss=0.032000 epoch_time=0.11s device=cuda
[AE EPOCH] epoch=45/50 loss=0.031615 epoch_time=0.10s device=cuda
[AE EPOCH] epoch=46/50 loss=0.031234 epoch_time=0.08s device=cuda
[AE EPOCH] epoch=47/50 loss=0.030883 epoch_time=0.08s device=cuda
[AE EPOCH] epoch=48/50 loss=0.030548 epoch_time=0.10s device=cuda
[AE EPOCH] epoch=49/50 loss=0.030221 epoch_time=0.09s device=cuda
[AE EPOCH] epoch=50/50 loss=0.029912 epoch_time=0.08s device=cuda
[AE TRAIN COMPLETE] total_time=4.68s
[AE TRAIN COMPLETE] 2026-05-02T07:25:05.618244 bottleneck=12 replicate=0 dur=15.0s seed=1
[EST START] 2026-05-02T07:25:05.726474 bottleneck=12 replicate=0 seed=1 estimator=Levina-Bickel k=3 sigma=0.0
[EST DONE] 2026-05-02T07:25:06.093327 bottleneck=12 replicate=0 seed=1 estimator=Levina-Bickel k=3 dur=0.367s
[EST START] 2026-05-02T07:25:06.093458 bottleneck=12 replicate=0 seed=1 estimator=Levina-Bickel k=5 sigma=0.0
[EST DONE] 2026-05-02T07:25:06.375682 bottleneck=12 replicate=0 seed=1 estimator=Levina-Bickel k=5 dur=0.282s
[EST START] 2026-05-02T07:25:06.375784 bottleneck=12 replicate=0 seed=1 estimator=Levina-Bickel k=7 sigma=0.0
[EST DONE] 2026-05-02T07:25:06.661068 bottleneck=12 replicate=0 seed=1 estimator=Levina-Bickel k=7 dur=0.285s
[EST START] 2026-05-02T07:25:06.661158 bottleneck=12 replicate=0 seed=1 estimator=Levina-Bickel k=10 sigma=0.0
[EST DONE] 2026-05-02T07:25:06.945929 bottleneck=12 replicate=0 seed=1 estimator=Levina-Bickel k=10 dur=0.285s
[EST START] 2026-05-02T07:25:06.946018 bottleneck=12 replicate=0 seed=1 estimator=Levina-Bickel k=15 sigma=0.0
[EST DONE] 2026-05-02T07:25:07.243501 bottleneck=12 replicate=0 seed=1 estimator=Levina-Bickel k=15 dur=0.297s
[EST START] 2026-05-02T07:25:07.243632 bottleneck=12 replicate=0 seed=1 estimator=TwoNN k=ALL sigma=0.0
[EST DONE] 2026-05-02T07:25:07.519355 bottleneck=12 replicate=0 seed=1 estimator=TwoNN k=ALL dur=0.276s
[EST START] 2026-05-02T07:25:07.519507 bottleneck=12 replicate=0 seed=1 estimator=lPCA k=3 sigma=0.0
[EST DONE] 2026-05-02T07:25:11.578904 bottleneck=12 replicate=0 seed=1 estimator=lPCA k=3 dur=4.059s
[EST START] 2026-05-02T07:25:11.579022 bottleneck=12 replicate=0 seed=1 estimator=lPCA k=5 sigma=0.0
[EST DONE] 2026-05-02T07:25:16.210529 bottleneck=12 replicate=0 seed=1 estimator=lPCA k=5 dur=4.631s
[EST START] 2026-05-02T07:25:16.210626 bottleneck=12 replicate=0 seed=1 estimator=lPCA k=7 sigma=0.0
[EST DONE] 2026-05-02T07:25:21.140425 bottleneck=12 replicate=0 seed=1 estimator=lPCA k=7 dur=4.930s
[EST START] 2026-05-02T07:25:21.140537 bottleneck=12 replicate=0 seed=1 estimator=lPCA k=10 sigma=0.0
[EST DONE] 2026-05-02T07:25:26.656140 bottleneck=12 replicate=0 seed=1 estimator=lPCA k=10 dur=5.516s
[EST START] 2026-05-02T07:25:26.656240 bottleneck=12 replicate=0 seed=1 estimator=lPCA k=15 sigma=0.0
[EST DONE] 2026-05-02T07:25:33.454263 bottleneck=12 replicate=0 seed=1 estimator=lPCA k=15 dur=6.798s
[EST START] 2026-05-02T07:25:33.454398 bottleneck=12 replicate=0 seed=1 estimator=DANCo k=3 sigma=0.0
[EST DONE] 2026-05-02T07:25:52.854367 bottleneck=12 replicate=0 seed=1 estimator=DANCo k=3 dur=19.400s
[EST START] 2026-05-02T07:25:52.854504 bottleneck=12 replicate=0 seed=1 estimator=DANCo k=5 sigma=0.0
[EST DONE] 2026-05-02T07:26:14.822036 bottleneck=12 replicate=0 seed=1 estimator=DANCo k=5 dur=21.968s
[EST START] 2026-05-02T07:26:14.822154 bottleneck=12 replicate=0 seed=1 estimator=DANCo k=7 sigma=0.0
[EST DONE] 2026-05-02T07:26:38.047079 bottleneck=12 replicate=0 seed=1 estimator=DANCo k=7 dur=23.225s
[EST START] 2026-05-02T07:26:38.047197 bottleneck=12 replicate=0 seed=1 estimator=DANCo k=10 sigma=0.0
[EST DONE] 2026-05-02T07:27:03.455996 bottleneck=12 replicate=0 seed=1 estimator=DANCo k=10 dur=25.409s
[EST START] 2026-05-02T07:27:03.456083 bottleneck=12 replicate=0 seed=1 estimator=DANCo k=15 sigma=0.0
[EST DONE] 2026-05-02T07:27:31.998529 bottleneck=12 replicate=0 seed=1 estimator=DANCo k=15 dur=28.542s
[EST START] 2026-05-02T07:27:31.998655 bottleneck=12 replicate=0 seed=1 estimator=MiND k=3 sigma=0.0
[EST DONE] 2026-05-02T07:27:39.996734 bottleneck=12 replicate=0 seed=1 estimator=MiND k=3 dur=7.998s
[EST START] 2026-05-02T07:27:39.996852 bottleneck=12 replicate=0 seed=1 estimator=MiND k=5 sigma=0.0
[EST DONE] 2026-05-02T07:27:48.744592 bottleneck=12 replicate=0 seed=1 estimator=MiND k=5 dur=8.748s
[EST START] 2026-05-02T07:27:48.744727 bottleneck=12 replicate=0 seed=1 estimator=MiND k=7 sigma=0.0
[EST DONE] 2026-05-02T07:27:57.560680 bottleneck=12 replicate=0 seed=1 estimator=MiND k=7 dur=8.816s
[EST START] 2026-05-02T07:27:57.560792 bottleneck=12 replicate=0 seed=1 estimator=MiND k=10 sigma=0.0
[EST DONE] 2026-05-02T07:28:06.671950 bottleneck=12 replicate=0 seed=1 estimator=MiND k=10 dur=9.111s
[EST START] 2026-05-02T07:28:06.672080 bottleneck=12 replicate=0 seed=1 estimator=MiND k=15 sigma=0.0
[EST DONE] 2026-05-02T07:28:16.425256 bottleneck=12 replicate=0 seed=1 estimator=MiND k=15 dur=9.753s
[EST START] 2026-05-02T07:28:16.425421 bottleneck=12 replicate=0 seed=1 estimator=FisherS k=ALL sigma=0.0
[EST DONE] 2026-05-02T07:28:23.709911 bottleneck=12 replicate=0 seed=1 estimator=FisherS k=ALL dur=7.284s
[EST START] 2026-05-02T07:28:23.806277 bottleneck=12 replicate=0 seed=1 estimator=Levina-Bickel k=3 sigma=0.25
[EST DONE] 2026-05-02T07:28:24.096932 bottleneck=12 replicate=0 seed=1 estimator=Levina-Bickel k=3 dur=0.291s
[EST START] 2026-05-02T07:28:24.097051 bottleneck=12 replicate=0 seed=1 estimator=Levina-Bickel k=5 sigma=0.25
[EST DONE] 2026-05-02T07:28:24.394090 bottleneck=12 replicate=0 seed=1 estimator=Levina-Bickel k=5 dur=0.297s
[EST START] 2026-05-02T07:28:24.394222 bottleneck=12 replicate=0 seed=1 estimator=Levina-Bickel k=7 sigma=0.25
[EST DONE] 2026-05-02T07:28:24.689202 bottleneck=12 replicate=0 seed=1 estimator=Levina-Bickel k=7 dur=0.295s
[EST START] 2026-05-02T07:28:24.689331 bottleneck=12 replicate=0 seed=1 estimator=Levina-Bickel k=10 sigma=0.25
[EST DONE] 2026-05-02T07:28:24.979884 bottleneck=12 replicate=0 seed=1 estimator=Levina-Bickel k=10 dur=0.291s
[EST START] 2026-05-02T07:28:24.980018 bottleneck=12 replicate=0 seed=1 estimator=Levina-Bickel k=15 sigma=0.25
[EST DONE] 2026-05-02T07:28:25.277371 bottleneck=12 replicate=0 seed=1 estimator=Levina-Bickel k=15 dur=0.297s
[EST START] 2026-05-02T07:28:25.277489 bottleneck=12 replicate=0 seed=1 estimator=TwoNN k=ALL sigma=0.25
[EST DONE] 2026-05-02T07:28:25.555801 bottleneck=12 replicate=0 seed=1 estimator=TwoNN k=ALL dur=0.278s
[EST START] 2026-05-02T07:28:25.555922 bottleneck=12 replicate=0 seed=1 estimator=lPCA k=3 sigma=0.25
[EST DONE] 2026-05-02T07:28:29.715520 bottleneck=12 replicate=0 seed=1 estimator=lPCA k=3 dur=4.160s
[EST START] 2026-05-02T07:28:29.715597 bottleneck=12 replicate=0 seed=1 estimator=lPCA k=5 sigma=0.25
[EST DONE] 2026-05-02T07:28:34.476042 bottleneck=12 replicate=0 seed=1 estimator=lPCA k=5 dur=4.760s
[EST START] 2026-05-02T07:28:34.476189 bottleneck=12 replicate=0 seed=1 estimator=lPCA k=7 sigma=0.25
[EST DONE] 2026-05-02T07:28:39.555111 bottleneck=12 replicate=0 seed=1 estimator=lPCA k=7 dur=5.079s
[EST START] 2026-05-02T07:28:39.555198 bottleneck=12 replicate=0 seed=1 estimator=lPCA k=10 sigma=0.25
[EST DONE] 2026-05-02T07:28:45.177774 bottleneck=12 replicate=0 seed=1 estimator=lPCA k=10 dur=5.623s
[EST START] 2026-05-02T07:28:45.177873 bottleneck=12 replicate=0 seed=1 estimator=lPCA k=15 sigma=0.25
[EST DONE] 2026-05-02T07:28:52.099205 bottleneck=12 replicate=0 seed=1 estimator=lPCA k=15 dur=6.921s
[EST START] 2026-05-02T07:28:52.099302 bottleneck=12 replicate=0 seed=1 estimator=DANCo k=3 sigma=0.25
[EST DONE] 2026-05-02T07:29:11.550942 bottleneck=12 replicate=0 seed=1 estimator=DANCo k=3 dur=19.452s
[EST START] 2026-05-02T07:29:11.551061 bottleneck=12 replicate=0 seed=1 estimator=DANCo k=5 sigma=0.25
[EST DONE] 2026-05-02T07:29:34.370539 bottleneck=12 replicate=0 seed=1 estimator=DANCo k=5 dur=22.819s
[EST START] 2026-05-02T07:29:34.370641 bottleneck=12 replicate=0 seed=1 estimator=DANCo k=7 sigma=0.25
[EST DONE] 2026-05-02T07:29:57.104355 bottleneck=12 replicate=0 seed=1 estimator=DANCo k=7 dur=22.734s
[EST START] 2026-05-02T07:29:57.104470 bottleneck=12 replicate=0 seed=1 estimator=DANCo k=10 sigma=0.25
[EST DONE] 2026-05-02T07:30:21.867778 bottleneck=12 replicate=0 seed=1 estimator=DANCo k=10 dur=24.763s
[EST START] 2026-05-02T07:30:21.867870 bottleneck=12 replicate=0 seed=1 estimator=DANCo k=15 sigma=0.25
[EST DONE] 2026-05-02T07:30:50.390933 bottleneck=12 replicate=0 seed=1 estimator=DANCo k=15 dur=28.523s
[EST START] 2026-05-02T07:30:50.391036 bottleneck=12 replicate=0 seed=1 estimator=MiND k=3 sigma=0.25
[EST DONE] 2026-05-02T07:30:57.186248 bottleneck=12 replicate=0 seed=1 estimator=MiND k=3 dur=6.795s
[EST START] 2026-05-02T07:30:57.186352 bottleneck=12 replicate=0 seed=1 estimator=MiND k=5 sigma=0.25
[EST DONE] 2026-05-02T07:31:04.068637 bottleneck=12 replicate=0 seed=1 estimator=MiND k=5 dur=6.882s
[EST START] 2026-05-02T07:31:04.068772 bottleneck=12 replicate=0 seed=1 estimator=MiND k=7 sigma=0.25
[EST DONE] 2026-05-02T07:31:11.003162 bottleneck=12 replicate=0 seed=1 estimator=MiND k=7 dur=6.934s
[EST START] 2026-05-02T07:31:11.003304 bottleneck=12 replicate=0 seed=1 estimator=MiND k=10 sigma=0.25
[EST DONE] 2026-05-02T07:31:18.090804 bottleneck=12 replicate=0 seed=1 estimator=MiND k=10 dur=7.087s
[EST START] 2026-05-02T07:31:18.090928 bottleneck=12 replicate=0 seed=1 estimator=MiND k=15 sigma=0.25
[EST DONE] 2026-05-02T07:31:25.362267 bottleneck=12 replicate=0 seed=1 estimator=MiND k=15 dur=7.271s
[EST START] 2026-05-02T07:31:25.362367 bottleneck=12 replicate=0 seed=1 estimator=FisherS k=ALL sigma=0.25
[EST DONE] 2026-05-02T07:31:33.216938 bottleneck=12 replicate=0 seed=1 estimator=FisherS k=ALL dur=7.855s
[EST START] 2026-05-02T07:31:33.312631 bottleneck=12 replicate=0 seed=1 estimator=Levina-Bickel k=3 sigma=0.5
[EST DONE] 2026-05-02T07:31:33.593205 bottleneck=12 replicate=0 seed=1 estimator=Levina-Bickel k=3 dur=0.280s
[EST START] 2026-05-02T07:31:33.593323 bottleneck=12 replicate=0 seed=1 estimator=Levina-Bickel k=5 sigma=0.5
[EST DONE] 2026-05-02T07:31:33.874731 bottleneck=12 replicate=0 seed=1 estimator=Levina-Bickel k=5 dur=0.281s
[EST START] 2026-05-02T07:31:33.874830 bottleneck=12 replicate=0 seed=1 estimator=Levina-Bickel k=7 sigma=0.5
[EST DONE] 2026-05-02T07:31:34.162438 bottleneck=12 replicate=0 seed=1 estimator=Levina-Bickel k=7 dur=0.288s
[EST START] 2026-05-02T07:31:34.162547 bottleneck=12 replicate=0 seed=1 estimator=Levina-Bickel k=10 sigma=0.5
[EST DONE] 2026-05-02T07:31:34.456636 bottleneck=12 replicate=0 seed=1 estimator=Levina-Bickel k=10 dur=0.294s
[EST START] 2026-05-02T07:31:34.456800 bottleneck=12 replicate=0 seed=1 estimator=Levina-Bickel k=15 sigma=0.5
[EST DONE] 2026-05-02T07:31:34.765750 bottleneck=12 replicate=0 seed=1 estimator=Levina-Bickel k=15 dur=0.309s
[EST START] 2026-05-02T07:31:34.765885 bottleneck=12 replicate=0 seed=1 estimator=TwoNN k=ALL sigma=0.5
[EST DONE] 2026-05-02T07:31:35.054366 bottleneck=12 replicate=0 seed=1 estimator=TwoNN k=ALL dur=0.288s
[EST START] 2026-05-02T07:31:35.054504 bottleneck=12 replicate=0 seed=1 estimator=lPCA k=3 sigma=0.5
[EST DONE] 2026-05-02T07:31:39.210726 bottleneck=12 replicate=0 seed=1 estimator=lPCA k=3 dur=4.156s
[EST START] 2026-05-02T07:31:39.210814 bottleneck=12 replicate=0 seed=1 estimator=lPCA k=5 sigma=0.5
[EST DONE] 2026-05-02T07:31:43.935866 bottleneck=12 replicate=0 seed=1 estimator=lPCA k=5 dur=4.725s
[EST START] 2026-05-02T07:31:43.935961 bottleneck=12 replicate=0 seed=1 estimator=lPCA k=7 sigma=0.5
[EST DONE] 2026-05-02T07:31:49.046367 bottleneck=12 replicate=0 seed=1 estimator=lPCA k=7 dur=5.110s
[EST START] 2026-05-02T07:31:49.046471 bottleneck=12 replicate=0 seed=1 estimator=lPCA k=10 sigma=0.5
[EST DONE] 2026-05-02T07:31:54.710132 bottleneck=12 replicate=0 seed=1 estimator=lPCA k=10 dur=5.664s
[EST START] 2026-05-02T07:31:54.710254 bottleneck=12 replicate=0 seed=1 estimator=lPCA k=15 sigma=0.5
[EST DONE] 2026-05-02T07:32:01.697034 bottleneck=12 replicate=0 seed=1 estimator=lPCA k=15 dur=6.987s
[EST START] 2026-05-02T07:32:01.697156 bottleneck=12 replicate=0 seed=1 estimator=DANCo k=3 sigma=0.5
[EST DONE] 2026-05-02T07:32:21.082639 bottleneck=12 replicate=0 seed=1 estimator=DANCo k=3 dur=19.385s
[EST START] 2026-05-02T07:32:21.082748 bottleneck=12 replicate=0 seed=1 estimator=DANCo k=5 sigma=0.5
[EST DONE] 2026-05-02T07:32:43.398581 bottleneck=12 replicate=0 seed=1 estimator=DANCo k=5 dur=22.316s
[EST START] 2026-05-02T07:32:43.398688 bottleneck=12 replicate=0 seed=1 estimator=DANCo k=7 sigma=0.5
[EST DONE] 2026-05-02T07:33:06.951502 bottleneck=12 replicate=0 seed=1 estimator=DANCo k=7 dur=23.553s
[EST START] 2026-05-02T07:33:06.951635 bottleneck=12 replicate=0 seed=1 estimator=DANCo k=10 sigma=0.5
[EST DONE] 2026-05-02T07:33:31.800339 bottleneck=12 replicate=0 seed=1 estimator=DANCo k=10 dur=24.849s
[EST START] 2026-05-02T07:33:31.800448 bottleneck=12 replicate=0 seed=1 estimator=DANCo k=15 sigma=0.5
[EST DONE] 2026-05-02T07:34:00.684365 bottleneck=12 replicate=0 seed=1 estimator=DANCo k=15 dur=28.884s
[EST START] 2026-05-02T07:34:00.684580 bottleneck=12 replicate=0 seed=1 estimator=MiND k=3 sigma=0.5
[EST DONE] 2026-05-02T07:34:09.042245 bottleneck=12 replicate=0 seed=1 estimator=MiND k=3 dur=8.358s
[EST START] 2026-05-02T07:34:09.042389 bottleneck=12 replicate=0 seed=1 estimator=MiND k=5 sigma=0.5
[EST DONE] 2026-05-02T07:34:15.945625 bottleneck=12 replicate=0 seed=1 estimator=MiND k=5 dur=6.903s
[EST START] 2026-05-02T07:34:15.945755 bottleneck=12 replicate=0 seed=1 estimator=MiND k=7 sigma=0.5
[EST DONE] 2026-05-02T07:34:22.900813 bottleneck=12 replicate=0 seed=1 estimator=MiND k=7 dur=6.955s
[EST START] 2026-05-02T07:34:22.900941 bottleneck=12 replicate=0 seed=1 estimator=MiND k=10 sigma=0.5
[EST DONE] 2026-05-02T07:34:30.019358 bottleneck=12 replicate=0 seed=1 estimator=MiND k=10 dur=7.118s
[EST START] 2026-05-02T07:34:30.019481 bottleneck=12 replicate=0 seed=1 estimator=MiND k=15 sigma=0.5
[EST DONE] 2026-05-02T07:34:37.320603 bottleneck=12 replicate=0 seed=1 estimator=MiND k=15 dur=7.301s
[EST START] 2026-05-02T07:34:37.320726 bottleneck=12 replicate=0 seed=1 estimator=FisherS k=ALL sigma=0.5
[EST DONE] 2026-05-02T07:34:53.267531 bottleneck=12 replicate=0 seed=1 estimator=FisherS k=ALL dur=15.947s
[EST START] 2026-05-02T07:34:53.364118 bottleneck=12 replicate=0 seed=1 estimator=Levina-Bickel k=3 sigma=0.75
[EST DONE] 2026-05-02T07:34:53.674588 bottleneck=12 replicate=0 seed=1 estimator=Levina-Bickel k=3 dur=0.310s
[EST START] 2026-05-02T07:34:53.674683 bottleneck=12 replicate=0 seed=1 estimator=Levina-Bickel k=5 sigma=0.75
[EST DONE] 2026-05-02T07:34:53.990383 bottleneck=12 replicate=0 seed=1 estimator=Levina-Bickel k=5 dur=0.316s
[EST START] 2026-05-02T07:34:53.990504 bottleneck=12 replicate=0 seed=1 estimator=Levina-Bickel k=7 sigma=0.75
[EST DONE] 2026-05-02T07:34:54.309630 bottleneck=12 replicate=0 seed=1 estimator=Levina-Bickel k=7 dur=0.319s
[EST START] 2026-05-02T07:34:54.309722 bottleneck=12 replicate=0 seed=1 estimator=Levina-Bickel k=10 sigma=0.75
[EST DONE] 2026-05-02T07:34:54.635832 bottleneck=12 replicate=0 seed=1 estimator=Levina-Bickel k=10 dur=0.326s
[EST START] 2026-05-02T07:34:54.635974 bottleneck=12 replicate=0 seed=1 estimator=Levina-Bickel k=15 sigma=0.75
[EST DONE] 2026-05-02T07:34:55.189883 bottleneck=12 replicate=0 seed=1 estimator=Levina-Bickel k=15 dur=0.554s
[EST START] 2026-05-02T07:34:55.189996 bottleneck=12 replicate=0 seed=1 estimator=TwoNN k=ALL sigma=0.75
[EST DONE] 2026-05-02T07:34:55.511012 bottleneck=12 replicate=0 seed=1 estimator=TwoNN k=ALL dur=0.321s
[EST START] 2026-05-02T07:34:55.511151 bottleneck=12 replicate=0 seed=1 estimator=lPCA k=3 sigma=0.75
[EST DONE] 2026-05-02T07:34:59.731565 bottleneck=12 replicate=0 seed=1 estimator=lPCA k=3 dur=4.220s
[EST START] 2026-05-02T07:34:59.731690 bottleneck=12 replicate=0 seed=1 estimator=lPCA k=5 sigma=0.75
[EST DONE] 2026-05-02T07:35:04.522803 bottleneck=12 replicate=0 seed=1 estimator=lPCA k=5 dur=4.791s
[EST START] 2026-05-02T07:35:04.522930 bottleneck=12 replicate=0 seed=1 estimator=lPCA k=7 sigma=0.75
[EST DONE] 2026-05-02T07:35:09.647716 bottleneck=12 replicate=0 seed=1 estimator=lPCA k=7 dur=5.125s
[EST START] 2026-05-02T07:35:09.647818 bottleneck=12 replicate=0 seed=1 estimator=lPCA k=10 sigma=0.75
[EST DONE] 2026-05-02T07:35:15.332507 bottleneck=12 replicate=0 seed=1 estimator=lPCA k=10 dur=5.685s
[EST START] 2026-05-02T07:35:15.332635 bottleneck=12 replicate=0 seed=1 estimator=lPCA k=15 sigma=0.75
[EST DONE] 2026-05-02T07:35:22.338212 bottleneck=12 replicate=0 seed=1 estimator=lPCA k=15 dur=7.006s
[EST START] 2026-05-02T07:35:22.338336 bottleneck=12 replicate=0 seed=1 estimator=DANCo k=3 sigma=0.75
[EST DONE] 2026-05-02T07:35:41.711263 bottleneck=12 replicate=0 seed=1 estimator=DANCo k=3 dur=19.373s
[EST START] 2026-05-02T07:35:41.711359 bottleneck=12 replicate=0 seed=1 estimator=DANCo k=5 sigma=0.75
[EST DONE] 2026-05-02T07:36:03.864815 bottleneck=12 replicate=0 seed=1 estimator=DANCo k=5 dur=22.153s
[EST START] 2026-05-02T07:36:03.864924 bottleneck=12 replicate=0 seed=1 estimator=DANCo k=7 sigma=0.75
[EST DONE] 2026-05-02T07:36:27.295617 bottleneck=12 replicate=0 seed=1 estimator=DANCo k=7 dur=23.431s
[EST START] 2026-05-02T07:36:27.295733 bottleneck=12 replicate=0 seed=1 estimator=DANCo k=10 sigma=0.75
[EST DONE] 2026-05-02T07:36:51.880785 bottleneck=12 replicate=0 seed=1 estimator=DANCo k=10 dur=24.585s
[EST START] 2026-05-02T07:36:51.880904 bottleneck=12 replicate=0 seed=1 estimator=DANCo k=15 sigma=0.75
[EST DONE] 2026-05-02T07:37:20.607226 bottleneck=12 replicate=0 seed=1 estimator=DANCo k=15 dur=28.726s
[EST START] 2026-05-02T07:37:20.607335 bottleneck=12 replicate=0 seed=1 estimator=MiND k=3 sigma=0.75
[EST DONE] 2026-05-02T07:37:27.296865 bottleneck=12 replicate=0 seed=1 estimator=MiND k=3 dur=6.690s
[EST START] 2026-05-02T07:37:27.296974 bottleneck=12 replicate=0 seed=1 estimator=MiND k=5 sigma=0.75
[EST DONE] 2026-05-02T07:37:34.141472 bottleneck=12 replicate=0 seed=1 estimator=MiND k=5 dur=6.844s
[EST START] 2026-05-02T07:37:34.141590 bottleneck=12 replicate=0 seed=1 estimator=MiND k=7 sigma=0.75
[EST DONE] 2026-05-02T07:37:41.053198 bottleneck=12 replicate=0 seed=1 estimator=MiND k=7 dur=6.912s
[EST START] 2026-05-02T07:37:41.053329 bottleneck=12 replicate=0 seed=1 estimator=MiND k=10 sigma=0.75
[EST DONE] 2026-05-02T07:37:48.127735 bottleneck=12 replicate=0 seed=1 estimator=MiND k=10 dur=7.074s
[EST START] 2026-05-02T07:37:48.127845 bottleneck=12 replicate=0 seed=1 estimator=MiND k=15 sigma=0.75
[EST DONE] 2026-05-02T07:37:55.408955 bottleneck=12 replicate=0 seed=1 estimator=MiND k=15 dur=7.281s
[EST START] 2026-05-02T07:37:55.409081 bottleneck=12 replicate=0 seed=1 estimator=FisherS k=ALL sigma=0.75
[EST DONE] 2026-05-02T07:38:21.897737 bottleneck=12 replicate=0 seed=1 estimator=FisherS k=ALL dur=26.489s
[EST START] 2026-05-02T07:38:21.991542 bottleneck=12 replicate=0 seed=1 estimator=Levina-Bickel k=3 sigma=1.0
[EST DONE] 2026-05-02T07:38:22.274627 bottleneck=12 replicate=0 seed=1 estimator=Levina-Bickel k=3 dur=0.283s
[EST START] 2026-05-02T07:38:22.274750 bottleneck=12 replicate=0 seed=1 estimator=Levina-Bickel k=5 sigma=1.0
[EST DONE] 2026-05-02T07:38:22.559495 bottleneck=12 replicate=0 seed=1 estimator=Levina-Bickel k=5 dur=0.285s
[EST START] 2026-05-02T07:38:22.559622 bottleneck=12 replicate=0 seed=1 estimator=Levina-Bickel k=7 sigma=1.0
[EST DONE] 2026-05-02T07:38:22.849334 bottleneck=12 replicate=0 seed=1 estimator=Levina-Bickel k=7 dur=0.290s
[EST START] 2026-05-02T07:38:22.849432 bottleneck=12 replicate=0 seed=1 estimator=Levina-Bickel k=10 sigma=1.0
[EST DONE] 2026-05-02T07:38:23.142774 bottleneck=12 replicate=0 seed=1 estimator=Levina-Bickel k=10 dur=0.293s
[EST START] 2026-05-02T07:38:23.142903 bottleneck=12 replicate=0 seed=1 estimator=Levina-Bickel k=15 sigma=1.0
[EST DONE] 2026-05-02T07:38:23.443138 bottleneck=12 replicate=0 seed=1 estimator=Levina-Bickel k=15 dur=0.300s
[EST START] 2026-05-02T07:38:23.443240 bottleneck=12 replicate=0 seed=1 estimator=TwoNN k=ALL sigma=1.0
[EST DONE] 2026-05-02T07:38:23.722429 bottleneck=12 replicate=0 seed=1 estimator=TwoNN k=ALL dur=0.279s
[EST START] 2026-05-02T07:38:23.722548 bottleneck=12 replicate=0 seed=1 estimator=lPCA k=3 sigma=1.0
[EST DONE] 2026-05-02T07:38:27.899688 bottleneck=12 replicate=0 seed=1 estimator=lPCA k=3 dur=4.177s
[EST START] 2026-05-02T07:38:27.899816 bottleneck=12 replicate=0 seed=1 estimator=lPCA k=5 sigma=1.0
[EST DONE] 2026-05-02T07:38:32.644553 bottleneck=12 replicate=0 seed=1 estimator=lPCA k=5 dur=4.745s
[EST START] 2026-05-02T07:38:32.644662 bottleneck=12 replicate=0 seed=1 estimator=lPCA k=7 sigma=1.0
[EST DONE] 2026-05-02T07:38:37.760175 bottleneck=12 replicate=0 seed=1 estimator=lPCA k=7 dur=5.115s
[EST START] 2026-05-02T07:38:37.760271 bottleneck=12 replicate=0 seed=1 estimator=lPCA k=10 sigma=1.0
[EST DONE] 2026-05-02T07:38:43.434112 bottleneck=12 replicate=0 seed=1 estimator=lPCA k=10 dur=5.674s
[EST START] 2026-05-02T07:38:43.434225 bottleneck=12 replicate=0 seed=1 estimator=lPCA k=15 sigma=1.0
[EST DONE] 2026-05-02T07:38:50.405737 bottleneck=12 replicate=0 seed=1 estimator=lPCA k=15 dur=6.971s
[EST START] 2026-05-02T07:38:50.405857 bottleneck=12 replicate=0 seed=1 estimator=DANCo k=3 sigma=1.0
[EST DONE] 2026-05-02T07:39:10.115590 bottleneck=12 replicate=0 seed=1 estimator=DANCo k=3 dur=19.710s
[EST START] 2026-05-02T07:39:10.115695 bottleneck=12 replicate=0 seed=1 estimator=DANCo k=5 sigma=1.0
[EST DONE] 2026-05-02T07:39:32.677302 bottleneck=12 replicate=0 seed=1 estimator=DANCo k=5 dur=22.562s
[EST START] 2026-05-02T07:39:32.677421 bottleneck=12 replicate=0 seed=1 estimator=DANCo k=7 sigma=1.0
[EST DONE] 2026-05-02T07:39:55.922090 bottleneck=12 replicate=0 seed=1 estimator=DANCo k=7 dur=23.245s
[EST START] 2026-05-02T07:39:55.922208 bottleneck=12 replicate=0 seed=1 estimator=DANCo k=10 sigma=1.0
[EST DONE] 2026-05-02T07:40:20.762005 bottleneck=12 replicate=0 seed=1 estimator=DANCo k=10 dur=24.840s
[EST START] 2026-05-02T07:40:20.762115 bottleneck=12 replicate=0 seed=1 estimator=DANCo k=15 sigma=1.0
[EST DONE] 2026-05-02T07:40:49.735977 bottleneck=12 replicate=0 seed=1 estimator=DANCo k=15 dur=28.974s
[EST START] 2026-05-02T07:40:49.736110 bottleneck=12 replicate=0 seed=1 estimator=MiND k=3 sigma=1.0
[EST DONE] 2026-05-02T07:40:56.443824 bottleneck=12 replicate=0 seed=1 estimator=MiND k=3 dur=6.708s
[EST START] 2026-05-02T07:40:56.443925 bottleneck=12 replicate=0 seed=1 estimator=MiND k=5 sigma=1.0
[EST DONE] 2026-05-02T07:41:03.295969 bottleneck=12 replicate=0 seed=1 estimator=MiND k=5 dur=6.852s
[EST START] 2026-05-02T07:41:03.296113 bottleneck=12 replicate=0 seed=1 estimator=MiND k=7 sigma=1.0
[EST DONE] 2026-05-02T07:41:10.243996 bottleneck=12 replicate=0 seed=1 estimator=MiND k=7 dur=6.948s
[EST START] 2026-05-02T07:41:10.244135 bottleneck=12 replicate=0 seed=1 estimator=MiND k=10 sigma=1.0
[EST DONE] 2026-05-02T07:41:17.344755 bottleneck=12 replicate=0 seed=1 estimator=MiND k=10 dur=7.101s
[EST START] 2026-05-02T07:41:17.344873 bottleneck=12 replicate=0 seed=1 estimator=MiND k=15 sigma=1.0
[EST DONE] 2026-05-02T07:41:24.658070 bottleneck=12 replicate=0 seed=1 estimator=MiND k=15 dur=7.313s
[EST START] 2026-05-02T07:41:24.658197 bottleneck=12 replicate=0 seed=1 estimator=FisherS k=ALL sigma=1.0
[EST DONE] 2026-05-02T07:41:36.727867 bottleneck=12 replicate=0 seed=1 estimator=FisherS k=ALL dur=12.070s
[MNIST TASK START] 2026-05-02T07:41:36.728123 bottleneck=15 replicate=0 seed=1
[AE START] seed=1 bottleneck=15 epochs=50 subset=5000
[AE EPOCH] epoch=1/50 loss=0.225687 epoch_time=0.28s device=cuda
[AE EPOCH] epoch=2/50 loss=0.187356 epoch_time=0.08s device=cuda
[AE EPOCH] epoch=3/50 loss=0.112017 epoch_time=0.07s device=cuda
[AE EPOCH] epoch=4/50 loss=0.078945 epoch_time=0.07s device=cuda
[AE EPOCH] epoch=5/50 loss=0.073104 epoch_time=0.08s device=cuda
[AE EPOCH] epoch=6/50 loss=0.071306 epoch_time=0.08s device=cuda
[AE EPOCH] epoch=7/50 loss=0.070192 epoch_time=0.08s device=cuda
[AE EPOCH] epoch=8/50 loss=0.069064 epoch_time=0.08s device=cuda
[AE EPOCH] epoch=9/50 loss=0.067727 epoch_time=0.09s device=cuda
[AE EPOCH] epoch=10/50 loss=0.066059 epoch_time=0.10s device=cuda
[AE EPOCH] epoch=11/50 loss=0.064310 epoch_time=0.07s device=cuda
[AE EPOCH] epoch=12/50 loss=0.062736 epoch_time=0.08s device=cuda
[AE EPOCH] epoch=13/50 loss=0.061348 epoch_time=0.08s device=cuda
[AE EPOCH] epoch=14/50 loss=0.059982 epoch_time=0.09s device=cuda
[AE EPOCH] epoch=15/50 loss=0.058491 epoch_time=0.09s device=cuda
[AE EPOCH] epoch=16/50 loss=0.056812 epoch_time=0.09s device=cuda
[AE EPOCH] epoch=17/50 loss=0.055114 epoch_time=0.09s device=cuda
[AE EPOCH] epoch=18/50 loss=0.053492 epoch_time=0.07s device=cuda
[AE EPOCH] epoch=19/50 loss=0.052002 epoch_time=0.07s device=cuda
[AE EPOCH] epoch=20/50 loss=0.050571 epoch_time=0.10s device=cuda
[AE EPOCH] epoch=21/50 loss=0.049203 epoch_time=0.09s device=cuda
[AE EPOCH] epoch=22/50 loss=0.047797 epoch_time=0.09s device=cuda
[AE EPOCH] epoch=23/50 loss=0.046379 epoch_time=0.09s device=cuda
[AE EPOCH] epoch=24/50 loss=0.044971 epoch_time=0.09s device=cuda
[AE EPOCH] epoch=25/50 loss=0.043678 epoch_time=0.09s device=cuda
[AE EPOCH] epoch=26/50 loss=0.042526 epoch_time=0.09s device=cuda
[AE EPOCH] epoch=27/50 loss=0.041502 epoch_time=0.09s device=cuda
[AE EPOCH] epoch=28/50 loss=0.040564 epoch_time=0.09s device=cuda
[AE EPOCH] epoch=29/50 loss=0.039716 epoch_time=0.09s device=cuda
[AE EPOCH] epoch=30/50 loss=0.038967 epoch_time=0.09s device=cuda
[AE EPOCH] epoch=31/50 loss=0.038261 epoch_time=0.09s device=cuda
[AE EPOCH] epoch=32/50 loss=0.037633 epoch_time=0.09s device=cuda
[AE EPOCH] epoch=33/50 loss=0.037049 epoch_time=0.09s device=cuda
[AE EPOCH] epoch=34/50 loss=0.036521 epoch_time=0.09s device=cuda
[AE EPOCH] epoch=35/50 loss=0.036003 epoch_time=0.09s device=cuda
[AE EPOCH] epoch=36/50 loss=0.035522 epoch_time=0.09s device=cuda
[AE EPOCH] epoch=37/50 loss=0.035045 epoch_time=0.10s device=cuda
[AE EPOCH] epoch=38/50 loss=0.034591 epoch_time=0.13s device=cuda
[AE EPOCH] epoch=39/50 loss=0.034136 epoch_time=0.13s device=cuda
[AE EPOCH] epoch=40/50 loss=0.033687 epoch_time=0.13s device=cuda
[AE EPOCH] epoch=41/50 loss=0.033251 epoch_time=0.14s device=cuda
[AE EPOCH] epoch=42/50 loss=0.032805 epoch_time=0.12s device=cuda
[AE EPOCH] epoch=43/50 loss=0.032373 epoch_time=0.12s device=cuda
[AE EPOCH] epoch=44/50 loss=0.031953 epoch_time=0.10s device=cuda
[AE EPOCH] epoch=45/50 loss=0.031547 epoch_time=0.09s device=cuda
[AE EPOCH] epoch=46/50 loss=0.031159 epoch_time=0.09s device=cuda
[AE EPOCH] epoch=47/50 loss=0.030774 epoch_time=0.09s device=cuda
[AE EPOCH] epoch=48/50 loss=0.030401 epoch_time=0.09s device=cuda
[AE EPOCH] epoch=49/50 loss=0.030025 epoch_time=0.09s device=cuda
[AE EPOCH] epoch=50/50 loss=0.029662 epoch_time=0.08s device=cuda
[AE TRAIN COMPLETE] total_time=4.83s
[AE TRAIN COMPLETE] 2026-05-02T07:42:10.151873 bottleneck=15 replicate=0 dur=33.4s seed=1
[EST START] 2026-05-02T07:42:10.252259 bottleneck=15 replicate=0 seed=1 estimator=Levina-Bickel k=3 sigma=0.0
[EST DONE] 2026-05-02T07:42:10.642667 bottleneck=15 replicate=0 seed=1 estimator=Levina-Bickel k=3 dur=0.390s
[EST START] 2026-05-02T07:42:10.642791 bottleneck=15 replicate=0 seed=1 estimator=Levina-Bickel k=5 sigma=0.0
[EST DONE] 2026-05-02T07:42:10.930972 bottleneck=15 replicate=0 seed=1 estimator=Levina-Bickel k=5 dur=0.288s
[EST START] 2026-05-02T07:42:10.931122 bottleneck=15 replicate=0 seed=1 estimator=Levina-Bickel k=7 sigma=0.0
[EST DONE] 2026-05-02T07:42:11.221375 bottleneck=15 replicate=0 seed=1 estimator=Levina-Bickel k=7 dur=0.290s
[EST START] 2026-05-02T07:42:11.221476 bottleneck=15 replicate=0 seed=1 estimator=Levina-Bickel k=10 sigma=0.0
[EST DONE] 2026-05-02T07:42:11.515795 bottleneck=15 replicate=0 seed=1 estimator=Levina-Bickel k=10 dur=0.294s
[EST START] 2026-05-02T07:42:11.515894 bottleneck=15 replicate=0 seed=1 estimator=Levina-Bickel k=15 sigma=0.0
[EST DONE] 2026-05-02T07:42:11.817490 bottleneck=15 replicate=0 seed=1 estimator=Levina-Bickel k=15 dur=0.302s
[EST START] 2026-05-02T07:42:11.817610 bottleneck=15 replicate=0 seed=1 estimator=TwoNN k=ALL sigma=0.0
[EST DONE] 2026-05-02T07:42:12.095165 bottleneck=15 replicate=0 seed=1 estimator=TwoNN k=ALL dur=0.278s
[EST START] 2026-05-02T07:42:12.095290 bottleneck=15 replicate=0 seed=1 estimator=lPCA k=3 sigma=0.0
[EST DONE] 2026-05-02T07:42:16.188810 bottleneck=15 replicate=0 seed=1 estimator=lPCA k=3 dur=4.093s
[EST START] 2026-05-02T07:42:16.188929 bottleneck=15 replicate=0 seed=1 estimator=lPCA k=5 sigma=0.0
[EST DONE] 2026-05-02T07:42:20.866985 bottleneck=15 replicate=0 seed=1 estimator=lPCA k=5 dur=4.678s
[EST START] 2026-05-02T07:42:20.867100 bottleneck=15 replicate=0 seed=1 estimator=lPCA k=7 sigma=0.0
[EST DONE] 2026-05-02T07:42:25.898428 bottleneck=15 replicate=0 seed=1 estimator=lPCA k=7 dur=5.031s
[EST START] 2026-05-02T07:42:25.898536 bottleneck=15 replicate=0 seed=1 estimator=lPCA k=10 sigma=0.0
[EST DONE] 2026-05-02T07:42:31.482631 bottleneck=15 replicate=0 seed=1 estimator=lPCA k=10 dur=5.584s
[EST START] 2026-05-02T07:42:31.482756 bottleneck=15 replicate=0 seed=1 estimator=lPCA k=15 sigma=0.0
[EST DONE] 2026-05-02T07:42:38.316140 bottleneck=15 replicate=0 seed=1 estimator=lPCA k=15 dur=6.833s
[EST START] 2026-05-02T07:42:38.316257 bottleneck=15 replicate=0 seed=1 estimator=DANCo k=3 sigma=0.0
[EST DONE] 2026-05-02T07:42:57.808275 bottleneck=15 replicate=0 seed=1 estimator=DANCo k=3 dur=19.492s
[EST START] 2026-05-02T07:42:57.808385 bottleneck=15 replicate=0 seed=1 estimator=DANCo k=5 sigma=0.0
[EST DONE] 2026-05-02T07:43:19.666999 bottleneck=15 replicate=0 seed=1 estimator=DANCo k=5 dur=21.859s
[EST START] 2026-05-02T07:43:19.667110 bottleneck=15 replicate=0 seed=1 estimator=DANCo k=7 sigma=0.0
[EST DONE] 2026-05-02T07:43:42.967173 bottleneck=15 replicate=0 seed=1 estimator=DANCo k=7 dur=23.300s
[EST START] 2026-05-02T07:43:42.967316 bottleneck=15 replicate=0 seed=1 estimator=DANCo k=10 sigma=0.0
[EST DONE] 2026-05-02T07:44:08.175302 bottleneck=15 replicate=0 seed=1 estimator=DANCo k=10 dur=25.208s
[EST START] 2026-05-02T07:44:08.175427 bottleneck=15 replicate=0 seed=1 estimator=DANCo k=15 sigma=0.0
[EST DONE] 2026-05-02T07:44:38.135483 bottleneck=15 replicate=0 seed=1 estimator=DANCo k=15 dur=29.960s
[EST START] 2026-05-02T07:44:38.135608 bottleneck=15 replicate=0 seed=1 estimator=MiND k=3 sigma=0.0
[EST DONE] 2026-05-02T07:44:46.361206 bottleneck=15 replicate=0 seed=1 estimator=MiND k=3 dur=8.226s
[EST START] 2026-05-02T07:44:46.361299 bottleneck=15 replicate=0 seed=1 estimator=MiND k=5 sigma=0.0
[EST DONE] 2026-05-02T07:44:55.244929 bottleneck=15 replicate=0 seed=1 estimator=MiND k=5 dur=8.884s
[EST START] 2026-05-02T07:44:55.245037 bottleneck=15 replicate=0 seed=1 estimator=MiND k=7 sigma=0.0
[EST DONE] 2026-05-02T07:45:04.152752 bottleneck=15 replicate=0 seed=1 estimator=MiND k=7 dur=8.908s
[EST START] 2026-05-02T07:45:04.152893 bottleneck=15 replicate=0 seed=1 estimator=MiND k=10 sigma=0.0
[EST DONE] 2026-05-02T07:45:13.388645 bottleneck=15 replicate=0 seed=1 estimator=MiND k=10 dur=9.236s
[EST START] 2026-05-02T07:45:13.388786 bottleneck=15 replicate=0 seed=1 estimator=MiND k=15 sigma=0.0
[EST DONE] 2026-05-02T07:45:23.010515 bottleneck=15 replicate=0 seed=1 estimator=MiND k=15 dur=9.622s
[EST START] 2026-05-02T07:45:23.010631 bottleneck=15 replicate=0 seed=1 estimator=FisherS k=ALL sigma=0.0
[EST DONE] 2026-05-02T07:45:30.007041 bottleneck=15 replicate=0 seed=1 estimator=FisherS k=ALL dur=6.996s
[EST START] 2026-05-02T07:45:30.101293 bottleneck=15 replicate=0 seed=1 estimator=Levina-Bickel k=3 sigma=0.25
[EST DONE] 2026-05-02T07:45:30.383595 bottleneck=15 replicate=0 seed=1 estimator=Levina-Bickel k=3 dur=0.282s
[EST START] 2026-05-02T07:45:30.383714 bottleneck=15 replicate=0 seed=1 estimator=Levina-Bickel k=5 sigma=0.25
[EST DONE] 2026-05-02T07:45:30.661653 bottleneck=15 replicate=0 seed=1 estimator=Levina-Bickel k=5 dur=0.278s
[EST START] 2026-05-02T07:45:30.661750 bottleneck=15 replicate=0 seed=1 estimator=Levina-Bickel k=7 sigma=0.25
[EST DONE] 2026-05-02T07:45:30.953493 bottleneck=15 replicate=0 seed=1 estimator=Levina-Bickel k=7 dur=0.292s
[EST START] 2026-05-02T07:45:30.953611 bottleneck=15 replicate=0 seed=1 estimator=Levina-Bickel k=10 sigma=0.25
[EST DONE] 2026-05-02T07:45:31.235522 bottleneck=15 replicate=0 seed=1 estimator=Levina-Bickel k=10 dur=0.282s
[EST START] 2026-05-02T07:45:31.235648 bottleneck=15 replicate=0 seed=1 estimator=Levina-Bickel k=15 sigma=0.25
[EST DONE] 2026-05-02T07:45:31.524283 bottleneck=15 replicate=0 seed=1 estimator=Levina-Bickel k=15 dur=0.289s
[EST START] 2026-05-02T07:45:31.524435 bottleneck=15 replicate=0 seed=1 estimator=TwoNN k=ALL sigma=0.25
[EST DONE] 2026-05-02T07:45:31.803091 bottleneck=15 replicate=0 seed=1 estimator=TwoNN k=ALL dur=0.279s
[EST START] 2026-05-02T07:45:31.803229 bottleneck=15 replicate=0 seed=1 estimator=lPCA k=3 sigma=0.25
[EST DONE] 2026-05-02T07:45:35.834277 bottleneck=15 replicate=0 seed=1 estimator=lPCA k=3 dur=4.031s
[EST START] 2026-05-02T07:45:35.834373 bottleneck=15 replicate=0 seed=1 estimator=lPCA k=5 sigma=0.25
[EST DONE] 2026-05-02T07:45:40.511513 bottleneck=15 replicate=0 seed=1 estimator=lPCA k=5 dur=4.677s
[EST START] 2026-05-02T07:45:40.511617 bottleneck=15 replicate=0 seed=1 estimator=lPCA k=7 sigma=0.25
[EST DONE] 2026-05-02T07:45:45.576753 bottleneck=15 replicate=0 seed=1 estimator=lPCA k=7 dur=5.065s
[EST START] 2026-05-02T07:45:45.576875 bottleneck=15 replicate=0 seed=1 estimator=lPCA k=10 sigma=0.25
[EST DONE] 2026-05-02T07:45:51.233674 bottleneck=15 replicate=0 seed=1 estimator=lPCA k=10 dur=5.657s
[EST START] 2026-05-02T07:45:51.233762 bottleneck=15 replicate=0 seed=1 estimator=lPCA k=15 sigma=0.25
[EST DONE] 2026-05-02T07:45:58.180249 bottleneck=15 replicate=0 seed=1 estimator=lPCA k=15 dur=6.946s
[EST START] 2026-05-02T07:45:58.180404 bottleneck=15 replicate=0 seed=1 estimator=DANCo k=3 sigma=0.25
[EST DONE] 2026-05-02T07:46:17.575579 bottleneck=15 replicate=0 seed=1 estimator=DANCo k=3 dur=19.395s
[EST START] 2026-05-02T07:46:17.575689 bottleneck=15 replicate=0 seed=1 estimator=DANCo k=5 sigma=0.25
[EST DONE] 2026-05-02T07:46:39.412893 bottleneck=15 replicate=0 seed=1 estimator=DANCo k=5 dur=21.837s
[EST START] 2026-05-02T07:46:39.413007 bottleneck=15 replicate=0 seed=1 estimator=DANCo k=7 sigma=0.25
[EST DONE] 2026-05-02T07:47:02.284637 bottleneck=15 replicate=0 seed=1 estimator=DANCo k=7 dur=22.872s
[EST START] 2026-05-02T07:47:02.284769 bottleneck=15 replicate=0 seed=1 estimator=DANCo k=10 sigma=0.25
[EST DONE] 2026-05-02T07:47:26.984943 bottleneck=15 replicate=0 seed=1 estimator=DANCo k=10 dur=24.700s
[EST START] 2026-05-02T07:47:26.985061 bottleneck=15 replicate=0 seed=1 estimator=DANCo k=15 sigma=0.25
[EST DONE] 2026-05-02T07:47:54.586789 bottleneck=15 replicate=0 seed=1 estimator=DANCo k=15 dur=27.602s
[EST START] 2026-05-02T07:47:54.586932 bottleneck=15 replicate=0 seed=1 estimator=MiND k=3 sigma=0.25
[EST DONE] 2026-05-02T07:48:01.161031 bottleneck=15 replicate=0 seed=1 estimator=MiND k=3 dur=6.574s
[EST START] 2026-05-02T07:48:01.161167 bottleneck=15 replicate=0 seed=1 estimator=MiND k=5 sigma=0.25
[EST DONE] 2026-05-02T07:48:07.963597 bottleneck=15 replicate=0 seed=1 estimator=MiND k=5 dur=6.802s
[EST START] 2026-05-02T07:48:07.963740 bottleneck=15 replicate=0 seed=1 estimator=MiND k=7 sigma=0.25
[EST DONE] 2026-05-02T07:48:14.902113 bottleneck=15 replicate=0 seed=1 estimator=MiND k=7 dur=6.938s
[EST START] 2026-05-02T07:48:14.902243 bottleneck=15 replicate=0 seed=1 estimator=MiND k=10 sigma=0.25
[EST DONE] 2026-05-02T07:48:21.999216 bottleneck=15 replicate=0 seed=1 estimator=MiND k=10 dur=7.097s
[EST START] 2026-05-02T07:48:21.999330 bottleneck=15 replicate=0 seed=1 estimator=MiND k=15 sigma=0.25
[EST DONE] 2026-05-02T07:48:29.297245 bottleneck=15 replicate=0 seed=1 estimator=MiND k=15 dur=7.298s
[EST START] 2026-05-02T07:48:29.297370 bottleneck=15 replicate=0 seed=1 estimator=FisherS k=ALL sigma=0.25
[EST DONE] 2026-05-02T07:48:33.102303 bottleneck=15 replicate=0 seed=1 estimator=FisherS k=ALL dur=3.805s
[EST START] 2026-05-02T07:48:33.196363 bottleneck=15 replicate=0 seed=1 estimator=Levina-Bickel k=3 sigma=0.5
[EST DONE] 2026-05-02T07:48:33.509434 bottleneck=15 replicate=0 seed=1 estimator=Levina-Bickel k=3 dur=0.313s
[EST START] 2026-05-02T07:48:33.509532 bottleneck=15 replicate=0 seed=1 estimator=Levina-Bickel k=5 sigma=0.5
[EST DONE] 2026-05-02T07:48:33.822746 bottleneck=15 replicate=0 seed=1 estimator=Levina-Bickel k=5 dur=0.313s
[EST START] 2026-05-02T07:48:33.822843 bottleneck=15 replicate=0 seed=1 estimator=Levina-Bickel k=7 sigma=0.5
[EST DONE] 2026-05-02T07:48:34.140578 bottleneck=15 replicate=0 seed=1 estimator=Levina-Bickel k=7 dur=0.318s
[EST START] 2026-05-02T07:48:34.140670 bottleneck=15 replicate=0 seed=1 estimator=Levina-Bickel k=10 sigma=0.5
[EST DONE] 2026-05-02T07:48:34.463139 bottleneck=15 replicate=0 seed=1 estimator=Levina-Bickel k=10 dur=0.322s
[EST START] 2026-05-02T07:48:34.463257 bottleneck=15 replicate=0 seed=1 estimator=Levina-Bickel k=15 sigma=0.5
[EST DONE] 2026-05-02T07:48:34.777284 bottleneck=15 replicate=0 seed=1 estimator=Levina-Bickel k=15 dur=0.314s
[EST START] 2026-05-02T07:48:34.777377 bottleneck=15 replicate=0 seed=1 estimator=TwoNN k=ALL sigma=0.5
[EST DONE] 2026-05-02T07:48:35.055559 bottleneck=15 replicate=0 seed=1 estimator=TwoNN k=ALL dur=0.278s
[EST START] 2026-05-02T07:48:35.055653 bottleneck=15 replicate=0 seed=1 estimator=lPCA k=3 sigma=0.5
[EST DONE] 2026-05-02T07:48:39.145497 bottleneck=15 replicate=0 seed=1 estimator=lPCA k=3 dur=4.090s
[EST START] 2026-05-02T07:48:39.145596 bottleneck=15 replicate=0 seed=1 estimator=lPCA k=5 sigma=0.5
[EST DONE] 2026-05-02T07:48:43.839284 bottleneck=15 replicate=0 seed=1 estimator=lPCA k=5 dur=4.694s
[EST START] 2026-05-02T07:48:43.839387 bottleneck=15 replicate=0 seed=1 estimator=lPCA k=7 sigma=0.5
[EST DONE] 2026-05-02T07:48:48.890165 bottleneck=15 replicate=0 seed=1 estimator=lPCA k=7 dur=5.051s
[EST START] 2026-05-02T07:48:48.890303 bottleneck=15 replicate=0 seed=1 estimator=lPCA k=10 sigma=0.5
[EST DONE] 2026-05-02T07:48:54.509139 bottleneck=15 replicate=0 seed=1 estimator=lPCA k=10 dur=5.619s
[EST START] 2026-05-02T07:48:54.509246 bottleneck=15 replicate=0 seed=1 estimator=lPCA k=15 sigma=0.5
[EST DONE] 2026-05-02T07:49:01.414434 bottleneck=15 replicate=0 seed=1 estimator=lPCA k=15 dur=6.905s
[EST START] 2026-05-02T07:49:01.414552 bottleneck=15 replicate=0 seed=1 estimator=DANCo k=3 sigma=0.5
[EST DONE] 2026-05-02T07:49:20.986412 bottleneck=15 replicate=0 seed=1 estimator=DANCo k=3 dur=19.572s
[EST START] 2026-05-02T07:49:20.986499 bottleneck=15 replicate=0 seed=1 estimator=DANCo k=5 sigma=0.5
[EST DONE] 2026-05-02T07:49:42.840090 bottleneck=15 replicate=0 seed=1 estimator=DANCo k=5 dur=21.854s
[EST START] 2026-05-02T07:49:42.840221 bottleneck=15 replicate=0 seed=1 estimator=DANCo k=7 sigma=0.5
[EST DONE] 2026-05-02T07:50:06.506650 bottleneck=15 replicate=0 seed=1 estimator=DANCo k=7 dur=23.666s
[EST START] 2026-05-02T07:50:06.506752 bottleneck=15 replicate=0 seed=1 estimator=DANCo k=10 sigma=0.5
[EST DONE] 2026-05-02T07:50:31.332675 bottleneck=15 replicate=0 seed=1 estimator=DANCo k=10 dur=24.826s
[EST START] 2026-05-02T07:50:31.332769 bottleneck=15 replicate=0 seed=1 estimator=DANCo k=15 sigma=0.5
[EST DONE] 2026-05-02T07:50:59.596675 bottleneck=15 replicate=0 seed=1 estimator=DANCo k=15 dur=28.264s
[EST START] 2026-05-02T07:50:59.596788 bottleneck=15 replicate=0 seed=1 estimator=MiND k=3 sigma=0.5
[EST DONE] 2026-05-02T07:51:06.337313 bottleneck=15 replicate=0 seed=1 estimator=MiND k=3 dur=6.740s
[EST START] 2026-05-02T07:51:06.337420 bottleneck=15 replicate=0 seed=1 estimator=MiND k=5 sigma=0.5
[EST DONE] 2026-05-02T07:51:13.208970 bottleneck=15 replicate=0 seed=1 estimator=MiND k=5 dur=6.872s
[EST START] 2026-05-02T07:51:13.209105 bottleneck=15 replicate=0 seed=1 estimator=MiND k=7 sigma=0.5
[EST DONE] 2026-05-02T07:51:19.924693 bottleneck=15 replicate=0 seed=1 estimator=MiND k=7 dur=6.716s
[EST START] 2026-05-02T07:51:19.924821 bottleneck=15 replicate=0 seed=1 estimator=MiND k=10 sigma=0.5
[EST DONE] 2026-05-02T07:51:26.945152 bottleneck=15 replicate=0 seed=1 estimator=MiND k=10 dur=7.020s
[EST START] 2026-05-02T07:51:26.945260 bottleneck=15 replicate=0 seed=1 estimator=MiND k=15 sigma=0.5
[EST DONE] 2026-05-02T07:51:34.208151 bottleneck=15 replicate=0 seed=1 estimator=MiND k=15 dur=7.263s
[EST START] 2026-05-02T07:51:34.208287 bottleneck=15 replicate=0 seed=1 estimator=FisherS k=ALL sigma=0.5
[EST DONE] 2026-05-02T07:51:37.377308 bottleneck=15 replicate=0 seed=1 estimator=FisherS k=ALL dur=3.169s
[EST START] 2026-05-02T07:51:37.470638 bottleneck=15 replicate=0 seed=1 estimator=Levina-Bickel k=3 sigma=0.75
[EST DONE] 2026-05-02T07:51:37.747942 bottleneck=15 replicate=0 seed=1 estimator=Levina-Bickel k=3 dur=0.277s
[EST START] 2026-05-02T07:51:37.748083 bottleneck=15 replicate=0 seed=1 estimator=Levina-Bickel k=5 sigma=0.75
[EST DONE] 2026-05-02T07:51:38.031325 bottleneck=15 replicate=0 seed=1 estimator=Levina-Bickel k=5 dur=0.283s
[EST START] 2026-05-02T07:51:38.031430 bottleneck=15 replicate=0 seed=1 estimator=Levina-Bickel k=7 sigma=0.75
[EST DONE] 2026-05-02T07:51:38.320140 bottleneck=15 replicate=0 seed=1 estimator=Levina-Bickel k=7 dur=0.289s
[EST START] 2026-05-02T07:51:38.320230 bottleneck=15 replicate=0 seed=1 estimator=Levina-Bickel k=10 sigma=0.75
[EST DONE] 2026-05-02T07:51:38.619141 bottleneck=15 replicate=0 seed=1 estimator=Levina-Bickel k=10 dur=0.299s
[EST START] 2026-05-02T07:51:38.619303 bottleneck=15 replicate=0 seed=1 estimator=Levina-Bickel k=15 sigma=0.75
[EST DONE] 2026-05-02T07:51:38.929806 bottleneck=15 replicate=0 seed=1 estimator=Levina-Bickel k=15 dur=0.310s
[EST START] 2026-05-02T07:51:38.929948 bottleneck=15 replicate=0 seed=1 estimator=TwoNN k=ALL sigma=0.75
[EST DONE] 2026-05-02T07:51:39.210907 bottleneck=15 replicate=0 seed=1 estimator=TwoNN k=ALL dur=0.281s
[EST START] 2026-05-02T07:51:39.211037 bottleneck=15 replicate=0 seed=1 estimator=lPCA k=3 sigma=0.75
[EST DONE] 2026-05-02T07:51:43.334813 bottleneck=15 replicate=0 seed=1 estimator=lPCA k=3 dur=4.124s
[EST START] 2026-05-02T07:51:43.334949 bottleneck=15 replicate=0 seed=1 estimator=lPCA k=5 sigma=0.75
[EST DONE] 2026-05-02T07:51:48.031002 bottleneck=15 replicate=0 seed=1 estimator=lPCA k=5 dur=4.696s
[EST START] 2026-05-02T07:51:48.031115 bottleneck=15 replicate=0 seed=1 estimator=lPCA k=7 sigma=0.75
[EST DONE] 2026-05-02T07:51:53.101906 bottleneck=15 replicate=0 seed=1 estimator=lPCA k=7 dur=5.071s
[EST START] 2026-05-02T07:51:53.102043 bottleneck=15 replicate=0 seed=1 estimator=lPCA k=10 sigma=0.75
[EST DONE] 2026-05-02T07:51:58.732896 bottleneck=15 replicate=0 seed=1 estimator=lPCA k=10 dur=5.631s
[EST START] 2026-05-02T07:51:58.733014 bottleneck=15 replicate=0 seed=1 estimator=lPCA k=15 sigma=0.75
[EST DONE] 2026-05-02T07:52:05.670027 bottleneck=15 replicate=0 seed=1 estimator=lPCA k=15 dur=6.937s
[EST START] 2026-05-02T07:52:05.670153 bottleneck=15 replicate=0 seed=1 estimator=DANCo k=3 sigma=0.75
[EST DONE] 2026-05-02T07:52:25.320574 bottleneck=15 replicate=0 seed=1 estimator=DANCo k=3 dur=19.650s
[EST START] 2026-05-02T07:52:25.320684 bottleneck=15 replicate=0 seed=1 estimator=DANCo k=5 sigma=0.75
[EST DONE] 2026-05-02T07:52:47.326578 bottleneck=15 replicate=0 seed=1 estimator=DANCo k=5 dur=22.006s
[EST START] 2026-05-02T07:52:47.326678 bottleneck=15 replicate=0 seed=1 estimator=DANCo k=7 sigma=0.75
[EST DONE] 2026-05-02T07:53:10.124197 bottleneck=15 replicate=0 seed=1 estimator=DANCo k=7 dur=22.797s
[EST START] 2026-05-02T07:53:10.124299 bottleneck=15 replicate=0 seed=1 estimator=DANCo k=10 sigma=0.75
[EST DONE] 2026-05-02T07:53:34.602903 bottleneck=15 replicate=0 seed=1 estimator=DANCo k=10 dur=24.479s
[EST START] 2026-05-02T07:53:34.603029 bottleneck=15 replicate=0 seed=1 estimator=DANCo k=15 sigma=0.75
[EST DONE] 2026-05-02T07:54:02.935940 bottleneck=15 replicate=0 seed=1 estimator=DANCo k=15 dur=28.333s
[EST START] 2026-05-02T07:54:02.936049 bottleneck=15 replicate=0 seed=1 estimator=MiND k=3 sigma=0.75
[EST DONE] 2026-05-02T07:54:09.622835 bottleneck=15 replicate=0 seed=1 estimator=MiND k=3 dur=6.687s
[EST START] 2026-05-02T07:54:09.622936 bottleneck=15 replicate=0 seed=1 estimator=MiND k=5 sigma=0.75
[EST DONE] 2026-05-02T07:54:16.376764 bottleneck=15 replicate=0 seed=1 estimator=MiND k=5 dur=6.754s
[EST START] 2026-05-02T07:54:16.376887 bottleneck=15 replicate=0 seed=1 estimator=MiND k=7 sigma=0.75
[EST DONE] 2026-05-02T07:54:23.153070 bottleneck=15 replicate=0 seed=1 estimator=MiND k=7 dur=6.776s
[EST START] 2026-05-02T07:54:23.153189 bottleneck=15 replicate=0 seed=1 estimator=MiND k=10 sigma=0.75
[EST DONE] 2026-05-02T07:54:30.208685 bottleneck=15 replicate=0 seed=1 estimator=MiND k=10 dur=7.055s
[EST START] 2026-05-02T07:54:30.208799 bottleneck=15 replicate=0 seed=1 estimator=MiND k=15 sigma=0.75
[EST DONE] 2026-05-02T07:54:37.407013 bottleneck=15 replicate=0 seed=1 estimator=MiND k=15 dur=7.198s
[EST START] 2026-05-02T07:54:37.407112 bottleneck=15 replicate=0 seed=1 estimator=FisherS k=ALL sigma=0.75
[EST DONE] 2026-05-02T07:54:40.994667 bottleneck=15 replicate=0 seed=1 estimator=FisherS k=ALL dur=3.588s
[EST START] 2026-05-02T07:54:41.092064 bottleneck=15 replicate=0 seed=1 estimator=Levina-Bickel k=3 sigma=1.0
[EST DONE] 2026-05-02T07:54:41.370340 bottleneck=15 replicate=0 seed=1 estimator=Levina-Bickel k=3 dur=0.278s
[EST START] 2026-05-02T07:54:41.370439 bottleneck=15 replicate=0 seed=1 estimator=Levina-Bickel k=5 sigma=1.0
[EST DONE] 2026-05-02T07:54:41.654168 bottleneck=15 replicate=0 seed=1 estimator=Levina-Bickel k=5 dur=0.284s
[EST START] 2026-05-02T07:54:41.654269 bottleneck=15 replicate=0 seed=1 estimator=Levina-Bickel k=7 sigma=1.0
[EST DONE] 2026-05-02T07:54:41.940959 bottleneck=15 replicate=0 seed=1 estimator=Levina-Bickel k=7 dur=0.287s
[EST START] 2026-05-02T07:54:41.941111 bottleneck=15 replicate=0 seed=1 estimator=Levina-Bickel k=10 sigma=1.0
[EST DONE] 2026-05-02T07:54:42.233441 bottleneck=15 replicate=0 seed=1 estimator=Levina-Bickel k=10 dur=0.292s
[EST START] 2026-05-02T07:54:42.233573 bottleneck=15 replicate=0 seed=1 estimator=Levina-Bickel k=15 sigma=1.0
[EST DONE] 2026-05-02T07:54:42.531434 bottleneck=15 replicate=0 seed=1 estimator=Levina-Bickel k=15 dur=0.298s
[EST START] 2026-05-02T07:54:42.531534 bottleneck=15 replicate=0 seed=1 estimator=TwoNN k=ALL sigma=1.0
[EST DONE] 2026-05-02T07:54:42.808023 bottleneck=15 replicate=0 seed=1 estimator=TwoNN k=ALL dur=0.276s
[EST START] 2026-05-02T07:54:42.808164 bottleneck=15 replicate=0 seed=1 estimator=lPCA k=3 sigma=1.0
[EST DONE] 2026-05-02T07:54:46.905517 bottleneck=15 replicate=0 seed=1 estimator=lPCA k=3 dur=4.097s
[EST START] 2026-05-02T07:54:46.905614 bottleneck=15 replicate=0 seed=1 estimator=lPCA k=5 sigma=1.0
[EST DONE] 2026-05-02T07:54:51.600597 bottleneck=15 replicate=0 seed=1 estimator=lPCA k=5 dur=4.695s
[EST START] 2026-05-02T07:54:51.600708 bottleneck=15 replicate=0 seed=1 estimator=lPCA k=7 sigma=1.0
[EST DONE] 2026-05-02T07:54:56.692792 bottleneck=15 replicate=0 seed=1 estimator=lPCA k=7 dur=5.092s
[EST START] 2026-05-02T07:54:56.692887 bottleneck=15 replicate=0 seed=1 estimator=lPCA k=10 sigma=1.0
[EST DONE] 2026-05-02T07:55:02.303412 bottleneck=15 replicate=0 seed=1 estimator=lPCA k=10 dur=5.611s
[EST START] 2026-05-02T07:55:02.303507 bottleneck=15 replicate=0 seed=1 estimator=lPCA k=15 sigma=1.0
[EST DONE] 2026-05-02T07:55:09.239095 bottleneck=15 replicate=0 seed=1 estimator=lPCA k=15 dur=6.936s
[EST START] 2026-05-02T07:55:09.239218 bottleneck=15 replicate=0 seed=1 estimator=DANCo k=3 sigma=1.0
[EST DONE] 2026-05-02T07:55:28.942154 bottleneck=15 replicate=0 seed=1 estimator=DANCo k=3 dur=19.703s
[EST START] 2026-05-02T07:55:28.942261 bottleneck=15 replicate=0 seed=1 estimator=DANCo k=5 sigma=1.0
[EST DONE] 2026-05-02T07:55:51.058586 bottleneck=15 replicate=0 seed=1 estimator=DANCo k=5 dur=22.116s
[EST START] 2026-05-02T07:55:51.058697 bottleneck=15 replicate=0 seed=1 estimator=DANCo k=7 sigma=1.0
[EST DONE] 2026-05-02T07:56:13.998448 bottleneck=15 replicate=0 seed=1 estimator=DANCo k=7 dur=22.940s
[EST START] 2026-05-02T07:56:13.998551 bottleneck=15 replicate=0 seed=1 estimator=DANCo k=10 sigma=1.0
[EST DONE] 2026-05-02T07:56:38.417013 bottleneck=15 replicate=0 seed=1 estimator=DANCo k=10 dur=24.418s
[EST START] 2026-05-02T07:56:38.417107 bottleneck=15 replicate=0 seed=1 estimator=DANCo k=15 sigma=1.0
[EST DONE] 2026-05-02T07:57:06.643384 bottleneck=15 replicate=0 seed=1 estimator=DANCo k=15 dur=28.226s
[EST START] 2026-05-02T07:57:06.643533 bottleneck=15 replicate=0 seed=1 estimator=MiND k=3 sigma=1.0
[EST DONE] 2026-05-02T07:57:13.292047 bottleneck=15 replicate=0 seed=1 estimator=MiND k=3 dur=6.648s
[EST START] 2026-05-02T07:57:13.292192 bottleneck=15 replicate=0 seed=1 estimator=MiND k=5 sigma=1.0
[EST DONE] 2026-05-02T07:57:20.072089 bottleneck=15 replicate=0 seed=1 estimator=MiND k=5 dur=6.780s
[EST START] 2026-05-02T07:57:20.072252 bottleneck=15 replicate=0 seed=1 estimator=MiND k=7 sigma=1.0
[EST DONE] 2026-05-02T07:57:26.886371 bottleneck=15 replicate=0 seed=1 estimator=MiND k=7 dur=6.814s
[EST START] 2026-05-02T07:57:26.886486 bottleneck=15 replicate=0 seed=1 estimator=MiND k=10 sigma=1.0
[EST DONE] 2026-05-02T07:57:33.781307 bottleneck=15 replicate=0 seed=1 estimator=MiND k=10 dur=6.895s
[EST START] 2026-05-02T07:57:33.781401 bottleneck=15 replicate=0 seed=1 estimator=MiND k=15 sigma=1.0
[EST DONE] 2026-05-02T07:57:41.010033 bottleneck=15 replicate=0 seed=1 estimator=MiND k=15 dur=7.229s
[EST START] 2026-05-02T07:57:41.010143 bottleneck=15 replicate=0 seed=1 estimator=FisherS k=ALL sigma=1.0
[EST DONE] 2026-05-02T07:57:44.713991 bottleneck=15 replicate=0 seed=1 estimator=FisherS k=ALL dur=3.704s
Wrote per-task mnist results to results/mnist_large.task1.csv
Saved results/mnist_large.csv
Making reduced plots...
Saved plots under results/figs_large
