Starting large worker on zuber at Mon Apr 20 05:02:17 PM EDT 2026; workdir=/local/scratch/cfikes/CS_534_ML_project; user=cfikes; task=3
large
Running synthetic large experiments...
[TASK START] 2026-04-20T17:02:21.905001 manifold=sphere d=5 sigma=0.0 n=60000 seed=3
[TASK START] 2026-04-20T17:02:21.906269 manifold=sphere d=5 sigma=0.25 n=60000 seed=3
[TASK START] 2026-04-20T17:02:21.910334 manifold=sphere d=5 sigma=0.75 n=60000 seed=3
[TASK START] 2026-04-20T17:02:21.910657 manifold=sphere d=7 sigma=0.0 n=60000 seed=3
[TASK START] 2026-04-20T17:02:21.924571 manifold=sphere d=5 sigma=0.5 n=60000 seed=3
[TASK START] 2026-04-20T17:02:21.924571 manifold=sphere d=5 sigma=1.0 n=60000 seed=3
[EST DONE] 2026-04-20T17:02:27.792926 estimator=Levina-Bickel k=3 dur=2.918s seed=3
[EST DONE] 2026-04-20T17:02:29.459221 estimator=Levina-Bickel k=3 dur=3.686s seed=3
[EST DONE] 2026-04-20T17:02:30.197620 estimator=Levina-Bickel k=3 dur=4.189s seed=3
[EST DONE] 2026-04-20T17:02:30.625368 estimator=Levina-Bickel k=3 dur=4.303s seed=3
[EST DONE] 2026-04-20T17:02:30.653842 estimator=Levina-Bickel k=3 dur=4.326s seed=3
[EST DONE] 2026-04-20T17:02:31.243226 estimator=Levina-Bickel k=5 dur=3.450s seed=3
[EST DONE] 2026-04-20T17:02:33.666168 estimator=Levina-Bickel k=5 dur=4.207s seed=3
[EST DONE] 2026-04-20T17:02:34.841150 estimator=Levina-Bickel k=5 dur=4.643s seed=3
[EST DONE] 2026-04-20T17:02:34.909698 estimator=Levina-Bickel k=7 dur=3.666s seed=3
[EST DONE] 2026-04-20T17:02:35.370157 estimator=Levina-Bickel k=5 dur=4.745s seed=3
[EST DONE] 2026-04-20T17:02:35.421514 estimator=Levina-Bickel k=5 dur=4.768s seed=3
[EST DONE] 2026-04-20T17:02:38.036348 estimator=Levina-Bickel k=7 dur=4.370s seed=3
[EST DONE] 2026-04-20T17:02:38.980132 estimator=Levina-Bickel k=10 dur=4.070s seed=3
[EST DONE] 2026-04-20T17:02:39.742335 estimator=Levina-Bickel k=7 dur=4.901s seed=3
[EST DONE] 2026-04-20T17:02:40.378681 estimator=Levina-Bickel k=7 dur=5.008s seed=3
[EST DONE] 2026-04-20T17:02:40.403570 estimator=Levina-Bickel k=7 dur=4.982s seed=3
[EST DONE] 2026-04-20T17:02:42.630885 estimator=Levina-Bickel k=3 dur=9.476s seed=3
[EST DONE] 2026-04-20T17:02:42.700553 estimator=Levina-Bickel k=10 dur=4.664s seed=3
[EST DONE] 2026-04-20T17:02:43.610795 estimator=Levina-Bickel k=15 dur=4.630s seed=3
[EST DONE] 2026-04-20T17:02:45.168463 estimator=Levina-Bickel k=10 dur=5.426s seed=3
[EST DONE] 2026-04-20T17:02:45.685681 estimator=TwoNN (no-k) dur=2.075s seed=3
[EST DONE] 2026-04-20T17:02:45.970322 estimator=Levina-Bickel k=10 dur=5.567s seed=3
[EST DONE] 2026-04-20T17:02:45.972530 estimator=Levina-Bickel k=10 dur=5.594s seed=3
[EST DONE] 2026-04-20T17:02:48.335804 estimator=Levina-Bickel k=15 dur=5.635s seed=3
[EST DONE] 2026-04-20T17:02:50.901180 estimator=TwoNN (no-k) dur=2.565s seed=3
[EST DONE] 2026-04-20T17:02:51.790804 estimator=Levina-Bickel k=15 dur=6.622s seed=3
[EST DONE] 2026-04-20T17:02:52.400568 estimator=Levina-Bickel k=15 dur=6.428s seed=3
[EST DONE] 2026-04-20T17:02:53.212879 estimator=Levina-Bickel k=15 dur=7.242s seed=3
[EST DONE] 2026-04-20T17:02:53.261813 estimator=Levina-Bickel k=5 dur=10.631s seed=3
[EST DONE] 2026-04-20T17:02:54.605926 estimator=TwoNN (no-k) dur=2.815s seed=3
[EST DONE] 2026-04-20T17:02:55.247721 estimator=TwoNN (no-k) dur=2.847s seed=3
[EST DONE] 2026-04-20T17:02:56.624443 estimator=TwoNN (no-k) dur=3.411s seed=3
[EST DONE] 2026-04-20T17:03:05.767937 estimator=Levina-Bickel k=7 dur=12.506s seed=3
[EST DONE] 2026-04-20T17:03:19.891093 estimator=Levina-Bickel k=10 dur=14.123s seed=3
[EST DONE] 2026-04-20T17:03:36.763756 estimator=Levina-Bickel k=15 dur=16.872s seed=3
[EST DONE] 2026-04-20T17:03:44.407738 estimator=TwoNN (no-k) dur=7.644s seed=3
[EST DONE] 2026-04-20T17:04:17.621955 estimator=lPCA k=3 dur=44.089s seed=3
[EST DONE] 2026-04-20T17:04:18.438817 estimator=lPCA k=3 dur=47.222s seed=3
[EST DONE] 2026-04-20T17:04:26.085546 estimator=lPCA k=3 dur=45.359s seed=3
[EST DONE] 2026-04-20T17:04:28.394943 estimator=lPCA k=3 dur=45.772s seed=3
[EST DONE] 2026-04-20T17:04:30.954382 estimator=lPCA k=3 dur=48.466s seed=3
[EST DONE] 2026-04-20T17:05:04.490560 estimator=lPCA k=5 dur=46.868s seed=3
[EST DONE] 2026-04-20T17:05:07.163618 estimator=lPCA k=5 dur=48.725s seed=3
[EST DONE] 2026-04-20T17:05:12.395924 estimator=lPCA k=5 dur=46.310s seed=3
[EST DONE] 2026-04-20T17:05:15.706192 estimator=lPCA k=5 dur=47.311s seed=3
[EST DONE] 2026-04-20T17:05:20.551993 estimator=lPCA k=5 dur=49.597s seed=3
[EST DONE] 2026-04-20T17:05:25.307477 estimator=lPCA k=3 dur=50.279s seed=3
[EST DONE] 2026-04-20T17:05:52.180667 estimator=lPCA k=7 dur=47.690s seed=3
[EST DONE] 2026-04-20T17:05:56.792420 estimator=lPCA k=7 dur=49.629s seed=3
[EST DONE] 2026-04-20T17:06:00.548289 estimator=lPCA k=7 dur=48.152s seed=3
[EST DONE] 2026-04-20T17:06:05.892507 estimator=lPCA k=7 dur=50.186s seed=3
[EST DONE] 2026-04-20T17:06:12.421416 estimator=lPCA k=7 dur=51.869s seed=3
[EST DONE] 2026-04-20T17:06:18.776786 estimator=lPCA k=5 dur=53.469s seed=3
[EST DONE] 2026-04-20T17:06:47.036593 estimator=lPCA k=10 dur=54.856s seed=3
[EST DONE] 2026-04-20T17:06:53.457868 estimator=lPCA k=10 dur=56.665s seed=3
[EST DONE] 2026-04-20T17:06:54.712084 estimator=lPCA k=10 dur=54.164s seed=3
[EST DONE] 2026-04-20T17:07:05.200424 estimator=lPCA k=10 dur=59.308s seed=3
[EST DONE] 2026-04-20T17:07:14.305141 estimator=lPCA k=10 dur=61.884s seed=3
[EST DONE] 2026-04-20T17:07:18.792136 estimator=lPCA k=7 dur=60.015s seed=3
[EST DONE] 2026-04-20T17:07:43.306267 estimator=lPCA k=15 dur=56.269s seed=3
[EST DONE] 2026-04-20T17:07:51.644605 estimator=lPCA k=15 dur=56.932s seed=3
[EST DONE] 2026-04-20T17:07:54.198734 estimator=lPCA k=15 dur=60.741s seed=3
[EST DONE] 2026-04-20T17:08:06.792560 estimator=lPCA k=15 dur=61.592s seed=3
[EST DONE] 2026-04-20T17:08:14.364611 estimator=lPCA k=15 dur=60.059s seed=3
[EST DONE] 2026-04-20T17:08:21.472022 estimator=lPCA k=10 dur=62.680s seed=3
[EST DONE] 2026-04-20T17:09:34.055366 estimator=lPCA k=15 dur=72.583s seed=3
[EST DONE] 2026-04-20T17:09:37.931536 estimator=DANCo k=3 dur=55.698s seed=3
[EST DONE] 2026-04-20T17:09:53.996312 estimator=DANCo k=3 dur=63.013s seed=3
[EST DONE] 2026-04-20T17:09:55.085021 estimator=DANCo k=3 dur=58.034s seed=3
[EST DONE] 2026-04-20T17:10:11.764004 estimator=DANCo k=3 dur=60.600s seed=3
[EST DONE] 2026-04-20T17:10:28.055670 estimator=DANCo k=3 dur=65.234s seed=3
[EST DONE] 2026-04-20T17:10:43.368376 estimator=DANCo k=5 dur=65.437s seed=3
[EST DONE] 2026-04-20T17:11:01.066370 estimator=DANCo k=5 dur=67.070s seed=3
[EST DONE] 2026-04-20T17:11:08.319678 estimator=DANCo k=5 dur=73.235s seed=3
[EST DONE] 2026-04-20T17:11:18.989841 estimator=DANCo k=5 dur=67.226s seed=3
[EST DONE] 2026-04-20T17:11:46.295967 estimator=DANCo k=5 dur=78.240s seed=3
[EST DONE] 2026-04-20T17:11:54.891362 estimator=DANCo k=7 dur=71.523s seed=3
[EST DONE] 2026-04-20T17:12:15.227877 estimator=DANCo k=7 dur=74.161s seed=3
[EST DONE] 2026-04-20T17:12:23.268047 estimator=DANCo k=7 dur=74.948s seed=3
[EST DONE] 2026-04-20T17:12:30.279070 estimator=DANCo k=7 dur=71.289s seed=3
[EST DONE] 2026-04-20T17:12:45.507460 estimator=DANCo k=3 dur=96.675s seed=3
[EST DONE] 2026-04-20T17:13:02.790644 estimator=DANCo k=7 dur=76.494s seed=3
[EST DONE] 2026-04-20T17:13:18.433169 estimator=DANCo k=10 dur=83.542s seed=3
[EST DONE] 2026-04-20T17:13:43.421475 estimator=DANCo k=10 dur=80.153s seed=3
[EST DONE] 2026-04-20T17:13:46.417383 estimator=DANCo k=10 dur=91.189s seed=3
[EST DONE] 2026-04-20T17:13:52.734519 estimator=DANCo k=10 dur=82.455s seed=3
[EST DONE] 2026-04-20T17:14:30.682805 estimator=DANCo k=10 dur=87.892s seed=3
[EST DONE] 2026-04-20T17:14:34.947927 estimator=DANCo k=5 dur=109.440s seed=3
[EST DONE] 2026-04-20T17:14:56.727784 estimator=DANCo k=15 dur=98.294s seed=3
[EST DONE] 2026-04-20T17:15:06.513652 estimator=MiND k=3 dur=5.822s seed=3
[EST DONE] 2026-04-20T17:15:12.062494 estimator=MiND k=5 dur=5.549s seed=3
[EST DONE] 2026-04-20T17:15:18.225562 estimator=MiND k=7 dur=6.163s seed=3
[EST DONE] 2026-04-20T17:15:19.719518 estimator=DANCo k=15 dur=96.298s seed=3
[EST DONE] 2026-04-20T17:15:20.126803 estimator=DANCo k=15 dur=93.709s seed=3
[EST DONE] 2026-04-20T17:15:23.331603 estimator=MiND k=10 dur=5.106s seed=3
[EST DONE] 2026-04-20T17:15:23.448361 estimator=DANCo k=15 dur=90.714s seed=3
[EST DONE] 2026-04-20T17:15:25.566066 estimator=MiND k=3 dur=3.040s seed=3
[EST DONE] 2026-04-20T17:15:28.264982 estimator=MiND k=5 dur=2.699s seed=3
[EST DONE] 2026-04-20T17:15:28.472456 estimator=MiND k=3 dur=3.808s seed=3
[EST DONE] 2026-04-20T17:15:29.215760 estimator=MiND k=15 dur=5.884s seed=3
[EST DONE] 2026-04-20T17:15:31.892755 estimator=MiND k=3 dur=4.588s seed=3
[EST DONE] 2026-04-20T17:15:32.470879 estimator=MiND k=7 dur=4.206s seed=3
[EST DONE] 2026-04-20T17:15:33.284825 estimator=MiND k=5 dur=4.812s seed=3
[EST DONE] 2026-04-20T17:15:35.866377 estimator=MiND k=5 dur=3.973s seed=3
[EST DONE] 2026-04-20T17:15:35.903753 estimator=MiND k=10 dur=3.433s seed=3
[EST DONE] 2026-04-20T17:15:39.272843 estimator=MiND k=7 dur=5.988s seed=3
[EST DONE] 2026-04-20T17:15:41.256249 estimator=MiND k=7 dur=5.390s seed=3
[EST DONE] 2026-04-20T17:15:41.840756 estimator=MiND k=15 dur=5.937s seed=3
[EST DONE] 2026-04-20T17:15:44.233685 estimator=MiND k=10 dur=4.961s seed=3
[EST DONE] 2026-04-20T17:15:47.399450 estimator=MiND k=10 dur=6.143s seed=3
[EST DONE] 2026-04-20T17:15:55.147615 estimator=MiND k=15 dur=10.914s seed=3
[EST DONE] 2026-04-20T17:16:00.089535 estimator=DANCo k=15 dur=89.407s seed=3
[EST DONE] 2026-04-20T17:16:00.268568 estimator=MiND k=15 dur=12.869s seed=3
[EST DONE] 2026-04-20T17:16:07.488070 estimator=MiND k=3 dur=3.565s seed=3
[EST DONE] 2026-04-20T17:16:13.298061 estimator=MiND k=5 dur=5.809s seed=3
[EST DONE] 2026-04-20T17:16:19.160074 estimator=MiND k=7 dur=5.862s seed=3
[EST DONE] 2026-04-20T17:16:23.536474 estimator=DANCo k=7 dur=108.588s seed=3
[EST DONE] 2026-04-20T17:16:23.612611 estimator=MiND k=10 dur=4.452s seed=3
[EST DONE] 2026-04-20T17:16:29.738144 estimator=MiND k=15 dur=6.125s seed=3
[EST DONE] 2026-04-20T17:18:21.824069 estimator=DANCo k=10 dur=118.287s seed=3
[EST DONE] 2026-04-20T17:20:47.708735 estimator=DANCo k=15 dur=145.884s seed=3
[EST DONE] 2026-04-20T17:21:19.470181 estimator=MiND k=3 dur=15.602s seed=3
[EST DONE] 2026-04-20T17:21:32.814670 estimator=MiND k=5 dur=13.344s seed=3
[EST DONE] 2026-04-20T17:21:49.854306 estimator=MiND k=7 dur=17.039s seed=3
[EST DONE] 2026-04-20T17:22:10.043582 estimator=MiND k=10 dur=20.189s seed=3
[EST DONE] 2026-04-20T17:22:34.476382 estimator=MiND k=15 dur=24.433s seed=3
[EST DONE] 2026-04-20T17:26:28.912272 estimator=FisherS (no-k) dur=659.696s seed=3
[EST DONE] 2026-04-20T17:26:33.802762 estimator=FisherS (no-k) dur=651.962s seed=3
[EST DONE] 2026-04-20T17:26:42.769002 estimator=FisherS (no-k) dur=613.031s seed=3
[EST DONE] 2026-04-20T17:27:02.059727 estimator=FisherS (no-k) dur=666.912s seed=3
[EST DONE] 2026-04-20T17:27:06.886765 estimator=FisherS (no-k) dur=666.618s seed=3
[EST DONE] 2026-04-20T17:30:14.947533 estimator=FisherS (no-k) dur=460.471s seed=3
[EST DONE] 2026-04-20T17:34:28.585617 estimator=SMAE (no-k) dur=474.783s seed=3
[TASK END] 2026-04-20T17:34:28.585826 manifold=sphere d=5 sigma=0.0 seed=3 duration=1926.681s
[TASK START] 2026-04-20T17:34:28.587321 manifold=sphere d=7 sigma=0.25 n=60000 seed=3
[EST DONE] 2026-04-20T17:34:38.336512 estimator=SMAE (no-k) dur=475.567s seed=3
[TASK END] 2026-04-20T17:34:38.336727 manifold=sphere d=5 sigma=0.5 seed=3 duration=1936.412s
[TASK START] 2026-04-20T17:34:38.337853 manifold=sphere d=7 sigma=0.5 n=60000 seed=3
[EST DONE] 2026-04-20T17:34:46.648551 estimator=Levina-Bickel k=3 dur=9.346s seed=3
[EST DONE] 2026-04-20T17:34:48.184652 estimator=SMAE (no-k) dur=499.272s seed=3
[TASK END] 2026-04-20T17:34:48.184856 manifold=sphere d=5 sigma=0.25 seed=3 duration=1946.279s
[TASK START] 2026-04-20T17:34:48.185990 manifold=sphere d=7 sigma=0.75 n=60000 seed=3
[EST DONE] 2026-04-20T17:34:48.577385 estimator=SMAE (no-k) dur=466.517s seed=3
[TASK END] 2026-04-20T17:34:48.577561 manifold=sphere d=5 sigma=0.75 seed=3 duration=1946.667s
[TASK START] 2026-04-20T17:34:48.578253 manifold=sphere d=7 sigma=1.0 n=60000 seed=3
[EST DONE] 2026-04-20T17:34:59.072883 estimator=Levina-Bickel k=5 dur=12.424s seed=3
[EST DONE] 2026-04-20T17:34:59.093351 estimator=Levina-Bickel k=3 dur=10.562s seed=3
[EST DONE] 2026-04-20T17:35:10.590185 estimator=Levina-Bickel k=3 dur=11.000s seed=3
[EST DONE] 2026-04-20T17:35:11.210422 estimator=Levina-Bickel k=5 dur=12.117s seed=3
[EST DONE] 2026-04-20T17:35:12.590581 estimator=Levina-Bickel k=3 dur=11.836s seed=3
[EST DONE] 2026-04-20T17:35:12.851371 estimator=Levina-Bickel k=7 dur=13.778s seed=3
[EST DONE] 2026-04-20T17:35:20.911898 estimator=SMAE (no-k) dur=494.025s seed=3
[TASK END] 2026-04-20T17:35:20.912146 manifold=sphere d=5 sigma=1.0 seed=3 duration=1978.988s
[TASK START] 2026-04-20T17:35:20.913306 manifold=sphere d=9 sigma=0.0 n=60000 seed=3
[EST DONE] 2026-04-20T17:35:23.786238 estimator=Levina-Bickel k=5 dur=13.196s seed=3
[EST DONE] 2026-04-20T17:35:25.026534 estimator=Levina-Bickel k=7 dur=13.816s seed=3
[EST DONE] 2026-04-20T17:35:27.087207 estimator=Levina-Bickel k=5 dur=14.496s seed=3
[EST DONE] 2026-04-20T17:35:29.277804 estimator=Levina-Bickel k=10 dur=16.426s seed=3
[EST DONE] 2026-04-20T17:35:39.749119 estimator=Levina-Bickel k=7 dur=15.963s seed=3
[EST DONE] 2026-04-20T17:35:41.560893 estimator=Levina-Bickel k=10 dur=16.534s seed=3
[EST DONE] 2026-04-20T17:35:44.267900 estimator=Levina-Bickel k=7 dur=17.181s seed=3
[EST DONE] 2026-04-20T17:35:49.288621 estimator=Levina-Bickel k=15 dur=20.011s seed=3
[EST DONE] 2026-04-20T17:35:57.925924 estimator=Levina-Bickel k=10 dur=18.177s seed=3
[EST DONE] 2026-04-20T17:35:59.064363 estimator=TwoNN (no-k) dur=9.776s seed=3
[EST DONE] 2026-04-20T17:36:00.642021 estimator=Levina-Bickel k=15 dur=19.081s seed=3
[EST DONE] 2026-04-20T17:36:03.469176 estimator=Levina-Bickel k=10 dur=19.201s seed=3
[EST DONE] 2026-04-20T17:36:10.316692 estimator=TwoNN (no-k) dur=9.674s seed=3
[EST DONE] 2026-04-20T17:36:18.297457 estimator=Levina-Bickel k=15 dur=20.371s seed=3
[EST DONE] 2026-04-20T17:36:18.959617 estimator=Levina-Bickel k=3 dur=28.472s seed=3
[EST DONE] 2026-04-20T17:36:27.451828 estimator=Levina-Bickel k=15 dur=23.982s seed=3
[EST DONE] 2026-04-20T17:36:28.808449 estimator=TwoNN (no-k) dur=10.511s seed=3
[EST DONE] 2026-04-20T17:36:38.580591 estimator=TwoNN (no-k) dur=11.129s seed=3
[EST DONE] 2026-04-20T17:36:47.898570 estimator=Levina-Bickel k=5 dur=28.939s seed=3
[EST DONE] 2026-04-20T17:37:18.589538 estimator=Levina-Bickel k=7 dur=30.691s seed=3
[EST DONE] 2026-04-20T17:37:22.490233 estimator=SMAE (no-k) dur=427.542s seed=3
[TASK END] 2026-04-20T17:37:22.490400 manifold=sphere d=7 sigma=0.0 seed=3 duration=2100.580s
[TASK START] 2026-04-20T17:37:22.491415 manifold=sphere d=9 sigma=0.25 n=60000 seed=3
[EST DONE] 2026-04-20T17:37:49.646260 estimator=lPCA k=3 dur=56.000s seed=3
[EST DONE] 2026-04-20T17:37:53.786804 estimator=Levina-Bickel k=10 dur=35.197s seed=3
[EST DONE] 2026-04-20T17:37:55.098170 estimator=lPCA k=3 dur=53.006s seed=3
[EST DONE] 2026-04-20T17:38:15.863096 estimator=Levina-Bickel k=3 dur=26.887s seed=3
[EST DONE] 2026-04-20T17:38:17.075976 estimator=lPCA k=3 dur=54.110s seed=3
[EST DONE] 2026-04-20T17:38:34.571391 estimator=lPCA k=3 dur=58.065s seed=3
[EST DONE] 2026-04-20T17:38:36.207158 estimator=Levina-Bickel k=15 dur=42.420s seed=3
[EST DONE] 2026-04-20T17:38:48.132138 estimator=Levina-Bickel k=5 dur=32.269s seed=3
[EST DONE] 2026-04-20T17:38:49.704838 estimator=lPCA k=5 dur=60.058s seed=3
[EST DONE] 2026-04-20T17:38:52.162165 estimator=lPCA k=5 dur=57.064s seed=3
[EST DONE] 2026-04-20T17:38:59.777601 estimator=TwoNN (no-k) dur=23.570s seed=3
[EST DONE] 2026-04-20T17:39:15.261886 estimator=lPCA k=5 dur=58.186s seed=3
[EST DONE] 2026-04-20T17:39:25.943119 estimator=Levina-Bickel k=7 dur=37.811s seed=3
[EST DONE] 2026-04-20T17:39:37.466910 estimator=lPCA k=5 dur=62.895s seed=3
[EST DONE] 2026-04-20T17:39:53.517251 estimator=lPCA k=7 dur=61.355s seed=3
[EST DONE] 2026-04-20T17:39:54.681950 estimator=lPCA k=7 dur=64.977s seed=3
[EST DONE] 2026-04-20T17:40:10.155168 estimator=Levina-Bickel k=10 dur=44.212s seed=3
[EST DONE] 2026-04-20T17:40:15.677274 estimator=lPCA k=7 dur=60.415s seed=3
[EST DONE] 2026-04-20T17:40:41.607310 estimator=lPCA k=7 dur=64.140s seed=3
[EST DONE] 2026-04-20T17:40:57.606813 estimator=lPCA k=10 dur=64.089s seed=3
[EST DONE] 2026-04-20T17:40:58.576319 estimator=Levina-Bickel k=15 dur=48.421s seed=3
[EST DONE] 2026-04-20T17:41:01.538219 estimator=lPCA k=10 dur=66.856s seed=3
[EST DONE] 2026-04-20T17:41:12.852673 estimator=lPCA k=3 dur=66.697s seed=3
[EST DONE] 2026-04-20T17:41:21.775761 estimator=lPCA k=10 dur=66.098s seed=3
[EST DONE] 2026-04-20T17:41:25.722832 estimator=TwoNN (no-k) dur=27.146s seed=3
[EST DONE] 2026-04-20T17:41:49.657482 estimator=lPCA k=10 dur=68.050s seed=3
[EST DONE] 2026-04-20T17:42:08.739746 estimator=lPCA k=15 dur=71.133s seed=3
[EST DONE] 2026-04-20T17:42:13.700338 estimator=lPCA k=15 dur=72.162s seed=3
[EST DONE] 2026-04-20T17:42:27.051767 estimator=lPCA k=5 dur=74.199s seed=3
[EST DONE] 2026-04-20T17:42:37.771386 estimator=lPCA k=15 dur=75.995s seed=3
[EST DONE] 2026-04-20T17:43:04.994105 estimator=lPCA k=15 dur=75.336s seed=3
[EST DONE] 2026-04-20T17:43:59.962624 estimator=lPCA k=7 dur=92.911s seed=3
[EST DONE] 2026-04-20T17:44:09.319158 estimator=lPCA k=3 dur=90.789s seed=3
[EST DONE] 2026-04-20T17:45:13.554130 estimator=DANCo k=3 dur=98.651s seed=3
[EST DONE] 2026-04-20T17:45:24.733466 estimator=DANCo k=3 dur=97.351s seed=3
[EST DONE] 2026-04-20T17:45:52.677015 estimator=lPCA k=5 dur=103.358s seed=3
[EST DONE] 2026-04-20T17:45:54.630130 estimator=DANCo k=3 dur=100.676s seed=3
[EST DONE] 2026-04-20T17:45:58.277812 estimator=lPCA k=10 dur=118.315s seed=3
[EST DONE] 2026-04-20T17:46:32.383343 estimator=DANCo k=3 dur=99.570s seed=3
[EST DONE] 2026-04-20T17:47:05.487872 estimator=DANCo k=5 dur=100.754s seed=3
[EST DONE] 2026-04-20T17:47:06.547850 estimator=DANCo k=5 dur=112.994s seed=3
[EST DONE] 2026-04-20T17:47:41.063980 estimator=lPCA k=7 dur=108.387s seed=3
[EST DONE] 2026-04-20T17:47:44.198189 estimator=DANCo k=5 dur=109.568s seed=3
[EST DONE] 2026-04-20T17:47:58.444702 estimator=lPCA k=15 dur=120.167s seed=3
[EST DONE] 2026-04-20T17:48:31.927906 estimator=DANCo k=5 dur=119.544s seed=3
[EST DONE] 2026-04-20T17:49:02.625742 estimator=DANCo k=7 dur=116.078s seed=3
[EST DONE] 2026-04-20T17:49:02.626169 estimator=DANCo k=7 dur=117.138s seed=3
[EST DONE] 2026-04-20T17:49:49.062442 estimator=lPCA k=10 dur=127.998s seed=3
[EST DONE] 2026-04-20T17:49:55.768223 estimator=DANCo k=7 dur=131.570s seed=3
[EST DONE] 2026-04-20T17:50:54.962415 estimator=DANCo k=7 dur=143.034s seed=3
[EST DONE] 2026-04-20T17:51:24.832037 estimator=DANCo k=10 dur=142.206s seed=3
[EST DONE] 2026-04-20T17:51:44.048171 estimator=DANCo k=10 dur=161.422s seed=3
[EST DONE] 2026-04-20T17:52:30.830464 estimator=DANCo k=10 dur=155.062s seed=3
[EST DONE] 2026-04-20T17:52:34.895955 estimator=lPCA k=15 dur=165.833s seed=3
[EST DONE] 2026-04-20T17:53:25.263792 estimator=DANCo k=10 dur=150.301s seed=3
[EST DONE] 2026-04-20T17:53:52.755478 estimator=DANCo k=3 dur=177.921s seed=3
[EST DONE] 2026-04-20T17:54:09.419134 estimator=DANCo k=15 dur=164.587s seed=3
[EST DONE] 2026-04-20T17:54:45.412549 estimator=DANCo k=15 dur=181.364s seed=3
[EST DONE] 2026-04-20T17:54:47.088421 estimator=MiND k=3 dur=12.135s seed=3
[EST DONE] 2026-04-20T17:55:07.466240 estimator=MiND k=5 dur=20.378s seed=3
[EST DONE] 2026-04-20T17:55:25.749249 estimator=MiND k=3 dur=25.105s seed=3
[EST DONE] 2026-04-20T17:55:36.673028 estimator=MiND k=7 dur=29.207s seed=3
[EST DONE] 2026-04-20T17:55:39.506422 estimator=DANCo k=15 dur=188.676s seed=3
[EST DONE] 2026-04-20T17:55:47.689209 estimator=MiND k=5 dur=21.940s seed=3
[EST DONE] 2026-04-20T17:56:03.835250 estimator=MiND k=10 dur=27.162s seed=3
[EST DONE] 2026-04-20T17:56:24.186406 estimator=MiND k=7 dur=36.497s seed=3
[EST DONE] 2026-04-20T17:56:24.478478 estimator=DANCo k=15 dur=179.214s seed=3
[EST DONE] 2026-04-20T17:56:27.248707 estimator=MiND k=3 dur=26.335s seed=3
[EST DONE] 2026-04-20T17:56:41.837546 estimator=MiND k=15 dur=38.002s seed=3
[EST DONE] 2026-04-20T17:56:59.702279 estimator=MiND k=10 dur=35.516s seed=3
[EST DONE] 2026-04-20T17:57:03.414501 estimator=MiND k=5 dur=36.166s seed=3
[EST DONE] 2026-04-20T17:57:04.112058 estimator=DANCo k=5 dur=191.356s seed=3
[EST DONE] 2026-04-20T17:57:11.863504 estimator=MiND k=3 dur=16.946s seed=3
[EST DONE] 2026-04-20T17:57:21.363010 estimator=MiND k=15 dur=21.661s seed=3
[EST DONE] 2026-04-20T17:57:24.479289 estimator=MiND k=7 dur=21.065s seed=3
[EST DONE] 2026-04-20T17:57:31.452007 estimator=MiND k=5 dur=19.588s seed=3
[EST DONE] 2026-04-20T17:57:53.912225 estimator=MiND k=10 dur=29.433s seed=3
[EST DONE] 2026-04-20T17:57:59.765853 estimator=MiND k=7 dur=28.314s seed=3
[EST DONE] 2026-04-20T17:58:33.482131 estimator=DANCo k=3 dur=166.042s seed=3
[EST DONE] 2026-04-20T17:58:38.879624 estimator=MiND k=10 dur=39.114s seed=3
[EST DONE] 2026-04-20T17:58:39.520911 estimator=MiND k=15 dur=45.609s seed=3
[EST DONE] 2026-04-20T17:59:17.519221 estimator=MiND k=15 dur=38.639s seed=3
[EST DONE] 2026-04-20T18:00:24.391058 estimator=DANCo k=7 dur=200.279s seed=3
[EST DONE] 2026-04-20T18:01:56.410057 estimator=DANCo k=5 dur=202.928s seed=3
[EST DONE] 2026-04-20T18:04:18.437267 estimator=DANCo k=10 dur=234.046s seed=3
[EST DONE] 2026-04-20T18:05:33.977793 estimator=DANCo k=7 dur=217.568s seed=3
[EST DONE] 2026-04-20T18:06:09.480610 estimator=FisherS (no-k) dur=567.643s seed=3
[EST DONE] 2026-04-20T18:06:56.955529 estimator=FisherS (no-k) dur=575.592s seed=3
[EST DONE] 2026-04-20T18:08:39.545510 estimator=FisherS (no-k) dur=600.024s seed=3
[EST DONE] 2026-04-20T18:08:52.327961 estimator=DANCo k=15 dur=273.890s seed=3
[EST DONE] 2026-04-20T18:09:21.281428 estimator=DANCo k=10 dur=227.303s seed=3
[EST DONE] 2026-04-20T18:09:24.613501 estimator=FisherS (no-k) dur=607.094s seed=3
[EST DONE] 2026-04-20T18:09:59.041169 estimator=MiND k=3 dur=27.425s seed=3
[EST DONE] 2026-04-20T18:10:29.083263 estimator=MiND k=5 dur=30.042s seed=3
[EST DONE] 2026-04-20T18:11:02.542867 estimator=MiND k=7 dur=33.459s seed=3
[EST DONE] 2026-04-20T18:11:55.807017 estimator=MiND k=10 dur=53.264s seed=3
[EST DONE] 2026-04-20T18:12:26.581702 estimator=DANCo k=15 dur=185.300s seed=3
[EST DONE] 2026-04-20T18:12:55.622148 estimator=MiND k=15 dur=59.815s seed=3
[EST DONE] 2026-04-20T18:13:38.220783 estimator=MiND k=3 dur=38.501s seed=3
[EST DONE] 2026-04-20T18:14:16.085783 estimator=MiND k=5 dur=37.865s seed=3
[EST DONE] 2026-04-20T18:15:03.470063 estimator=MiND k=7 dur=47.384s seed=3
[EST DONE] 2026-04-20T18:15:14.642062 estimator=SMAE (no-k) dur=545.161s seed=3
[TASK END] 2026-04-20T18:15:14.642251 manifold=sphere d=7 sigma=0.5 seed=3 duration=2436.304s
[TASK START] 2026-04-20T18:15:14.643513 manifold=sphere d=9 sigma=0.5 n=60000 seed=3
[EST DONE] 2026-04-20T18:15:58.716969 estimator=MiND k=10 dur=55.247s seed=3
[EST DONE] 2026-04-20T18:16:20.543466 estimator=SMAE (no-k) dur=563.588s seed=3
[TASK END] 2026-04-20T18:16:20.543665 manifold=sphere d=7 sigma=0.25 seed=3 duration=2511.956s
[TASK START] 2026-04-20T18:16:20.545061 manifold=sphere d=9 sigma=0.75 n=60000 seed=3
[EST DONE] 2026-04-20T18:16:31.986307 estimator=Levina-Bickel k=3 dur=38.570s seed=3
[EST DONE] 2026-04-20T18:16:55.549811 estimator=MiND k=15 dur=56.833s seed=3
[EST DONE] 2026-04-20T18:17:15.566592 estimator=SMAE (no-k) dur=516.021s seed=3
[TASK END] 2026-04-20T18:17:15.566765 manifold=sphere d=7 sigma=0.75 seed=3 duration=2547.381s
[TASK START] 2026-04-20T18:17:15.567771 manifold=sphere d=9 sigma=1.0 n=60000 seed=3
[EST DONE] 2026-04-20T18:17:21.692731 estimator=Levina-Bickel k=5 dur=49.706s seed=3
[EST DONE] 2026-04-20T18:17:27.682282 estimator=SMAE (no-k) dur=483.069s seed=3
[TASK END] 2026-04-20T18:17:27.682457 manifold=sphere d=7 sigma=1.0 seed=3 duration=2559.104s
[TASK START] 2026-04-20T18:17:27.683620 manifold=sphere d=12 sigma=0.0 n=60000 seed=3
[EST DONE] 2026-04-20T18:17:49.816186 estimator=Levina-Bickel k=3 dur=40.428s seed=3
[EST DONE] 2026-04-20T18:18:11.490283 estimator=Levina-Bickel k=7 dur=49.797s seed=3
[EST DONE] 2026-04-20T18:18:37.159702 estimator=Levina-Bickel k=5 dur=47.343s seed=3
[EST DONE] 2026-04-20T18:18:56.265938 estimator=Levina-Bickel k=3 dur=42.623s seed=3
[EST DONE] 2026-04-20T18:19:01.923133 estimator=FisherS (no-k) dur=366.301s seed=3
[EST DONE] 2026-04-20T18:19:14.534549 estimator=Levina-Bickel k=10 dur=63.044s seed=3
[EST DONE] 2026-04-20T18:19:36.008028 estimator=Levina-Bickel k=7 dur=58.848s seed=3
[EST DONE] 2026-04-20T18:19:49.373410 estimator=Levina-Bickel k=5 dur=53.107s seed=3
[EST DONE] 2026-04-20T18:20:23.600613 estimator=Levina-Bickel k=15 dur=69.066s seed=3
[EST DONE] 2026-04-20T18:20:36.308552 estimator=Levina-Bickel k=10 dur=60.300s seed=3
[EST DONE] 2026-04-20T18:20:44.194396 estimator=Levina-Bickel k=7 dur=54.821s seed=3
[EST DONE] 2026-04-20T18:20:58.226422 estimator=TwoNN (no-k) dur=34.626s seed=3
[EST DONE] 2026-04-20T18:21:36.618045 estimator=Levina-Bickel k=15 dur=60.309s seed=3
[EST DONE] 2026-04-20T18:21:47.301969 estimator=Levina-Bickel k=10 dur=63.107s seed=3
[EST DONE] 2026-04-20T18:22:08.030098 estimator=TwoNN (no-k) dur=31.412s seed=3
[EST DONE] 2026-04-20T18:22:55.390390 estimator=Levina-Bickel k=3 dur=152.903s seed=3
[EST DONE] 2026-04-20T18:22:59.150462 estimator=Levina-Bickel k=15 dur=71.848s seed=3
[EST DONE] 2026-04-20T18:23:03.168818 estimator=FisherS (no-k) dur=367.619s seed=3
[EST DONE] 2026-04-20T18:23:27.356108 estimator=TwoNN (no-k) dur=28.205s seed=3
[EST DONE] 2026-04-20T18:23:44.789812 estimator=lPCA k=3 dur=82.229s seed=3
[EST DONE] 2026-04-20T18:24:48.838090 estimator=lPCA k=3 dur=77.468s seed=3
[EST DONE] 2026-04-20T18:25:06.084893 estimator=lPCA k=5 dur=81.295s seed=3
[EST DONE] 2026-04-20T18:25:24.450735 estimator=Levina-Bickel k=5 dur=149.060s seed=3
[EST DONE] 2026-04-20T18:26:01.720957 estimator=SMAE (no-k) dur=419.798s seed=3
[TASK END] 2026-04-20T18:26:01.721193 manifold=sphere d=9 sigma=0.0 seed=3 duration=3040.808s
[TASK START] 2026-04-20T18:26:01.722502 manifold=sphere d=12 sigma=0.25 n=60000 seed=3
[EST DONE] 2026-04-20T18:26:03.166178 estimator=lPCA k=3 dur=78.376s seed=3
[EST DONE] 2026-04-20T18:26:13.982410 estimator=lPCA k=5 dur=85.144s seed=3
[EST DONE] 2026-04-20T18:26:34.997151 estimator=lPCA k=7 dur=88.912s seed=3
[EST DONE] 2026-04-20T18:27:22.104512 estimator=lPCA k=5 dur=78.938s seed=3
[EST DONE] 2026-04-20T18:27:43.271251 estimator=lPCA k=7 dur=89.289s seed=3
[EST DONE] 2026-04-20T18:28:08.898272 estimator=lPCA k=10 dur=93.901s seed=3
[EST DONE] 2026-04-20T18:28:21.612005 estimator=Levina-Bickel k=7 dur=177.161s seed=3
[EST DONE] 2026-04-20T18:28:46.410934 estimator=lPCA k=7 dur=84.306s seed=3
[EST DONE] 2026-04-20T18:29:19.531841 estimator=lPCA k=10 dur=96.260s seed=3
[EST DONE] 2026-04-20T18:29:53.432069 estimator=lPCA k=15 dur=104.534s seed=3
[EST DONE] 2026-04-20T18:30:11.704322 estimator=SMAE (no-k) dur=428.535s seed=3
[TASK END] 2026-04-20T18:30:11.704514 manifold=sphere d=9 sigma=0.25 seed=3 duration=3169.213s
[TASK START] 2026-04-20T18:30:11.705549 manifold=sphere d=12 sigma=0.5 n=60000 seed=3
[EST DONE] 2026-04-20T18:30:20.649291 estimator=lPCA k=10 dur=94.238s seed=3
[EST DONE] 2026-04-20T18:31:11.362158 estimator=Levina-Bickel k=3 dur=159.403s seed=3
[EST DONE] 2026-04-20T18:31:13.382909 estimator=lPCA k=15 dur=113.851s seed=3
[EST DONE] 2026-04-20T18:32:01.279897 estimator=Levina-Bickel k=10 dur=219.668s seed=3
[EST DONE] 2026-04-20T18:32:20.369189 estimator=lPCA k=15 dur=119.720s seed=3
[EST DONE] 2026-04-20T18:34:23.686592 estimator=Levina-Bickel k=5 dur=192.324s seed=3
[EST DONE] 2026-04-20T18:34:53.691778 estimator=DANCo k=3 dur=177.167s seed=3
[EST DONE] 2026-04-20T18:36:02.595358 estimator=Levina-Bickel k=3 dur=189.337s seed=3
[EST DONE] 2026-04-20T18:36:25.866966 estimator=DANCo k=3 dur=156.295s seed=3
[EST DONE] 2026-04-20T18:36:47.764448 estimator=Levina-Bickel k=15 dur=286.484s seed=3
[EST DONE] 2026-04-20T18:37:28.388753 estimator=DANCo k=3 dur=157.884s seed=3
[EST DONE] 2026-04-20T18:37:49.980336 estimator=DANCo k=5 dur=176.288s seed=3
[EST DONE] 2026-04-20T18:38:37.892217 estimator=Levina-Bickel k=7 dur=254.205s seed=3
[EST DONE] 2026-04-20T18:39:25.080544 estimator=DANCo k=5 dur=179.213s seed=3
[EST DONE] 2026-04-20T18:39:37.902343 estimator=TwoNN (no-k) dur=170.138s seed=3
[EST DONE] 2026-04-20T18:40:04.182416 estimator=Levina-Bickel k=5 dur=241.587s seed=3
[EST DONE] 2026-04-20T18:40:29.165681 estimator=DANCo k=5 dur=180.777s seed=3
[EST DONE] 2026-04-20T18:41:01.649737 estimator=DANCo k=7 dur=191.669s seed=3
[EST DONE] 2026-04-20T18:42:41.625877 estimator=DANCo k=7 dur=196.545s seed=3
[EST DONE] 2026-04-20T18:43:12.452003 estimator=Levina-Bickel k=10 dur=274.560s seed=3
[EST DONE] 2026-04-20T18:43:36.489154 estimator=DANCo k=7 dur=187.323s seed=3
[EST DONE] 2026-04-20T18:44:13.179380 estimator=DANCo k=10 dur=191.529s seed=3
[EST DONE] 2026-04-20T18:44:38.237821 estimator=Levina-Bickel k=7 dur=274.055s seed=3
[EST DONE] 2026-04-20T18:46:19.685185 estimator=DANCo k=10 dur=218.059s seed=3
[EST DONE] 2026-04-20T18:47:23.329704 estimator=DANCo k=10 dur=226.840s seed=3
[EST DONE] 2026-04-20T18:48:02.167815 estimator=DANCo k=15 dur=228.988s seed=3
[EST DONE] 2026-04-20T18:48:14.533179 estimator=lPCA k=3 dur=260.224s seed=3
[EST DONE] 2026-04-20T18:48:35.841824 estimator=Levina-Bickel k=15 dur=323.390s seed=3
[EST DONE] 2026-04-20T18:49:10.761841 estimator=Levina-Bickel k=10 dur=272.524s seed=3
[EST DONE] 2026-04-20T18:49:25.476647 estimator=MiND k=3 dur=45.657s seed=3
[EST DONE] 2026-04-20T18:50:28.537051 estimator=DANCo k=15 dur=248.852s seed=3
[EST DONE] 2026-04-20T18:50:39.774272 estimator=MiND k=5 dur=74.297s seed=3
[EST DONE] 2026-04-20T18:51:26.001436 estimator=DANCo k=15 dur=242.672s seed=3
[EST DONE] 2026-04-20T18:51:47.207659 estimator=TwoNN (no-k) dur=191.366s seed=3
[EST DONE] 2026-04-20T18:51:49.901560 estimator=MiND k=7 dur=70.127s seed=3
[EST DONE] 2026-04-20T18:52:17.940932 estimator=MiND k=3 dur=43.526s seed=3
[EST DONE] 2026-04-20T18:52:33.965049 estimator=lPCA k=5 dur=259.432s seed=3
[EST DONE] 2026-04-20T18:52:49.142499 estimator=MiND k=10 dur=59.241s seed=3
[EST DONE] 2026-04-20T18:52:54.251425 estimator=MiND k=3 dur=43.181s seed=3
[EST DONE] 2026-04-20T18:53:06.281135 estimator=MiND k=5 dur=48.340s seed=3
[EST DONE] 2026-04-20T18:53:46.686195 estimator=MiND k=5 dur=52.435s seed=3
[EST DONE] 2026-04-20T18:53:58.043655 estimator=Levina-Bickel k=15 dur=287.282s seed=3
[EST DONE] 2026-04-20T18:54:00.160535 estimator=MiND k=15 dur=71.018s seed=3
[EST DONE] 2026-04-20T18:54:02.533506 estimator=MiND k=7 dur=56.252s seed=3
[EST DONE] 2026-04-20T18:54:48.485351 estimator=MiND k=7 dur=61.799s seed=3
[EST DONE] 2026-04-20T18:55:07.597099 estimator=MiND k=10 dur=65.063s seed=3
[EST DONE] 2026-04-20T18:56:02.768805 estimator=MiND k=10 dur=74.283s seed=3
[EST DONE] 2026-04-20T18:56:12.274939 estimator=MiND k=15 dur=64.678s seed=3
[EST DONE] 2026-04-20T18:56:23.728608 estimator=TwoNN (no-k) dur=145.685s seed=3
[EST DONE] 2026-04-20T18:57:06.653596 estimator=lPCA k=7 dur=272.688s seed=3
[EST DONE] 2026-04-20T18:57:23.179641 estimator=MiND k=15 dur=80.411s seed=3
[EST DONE] 2026-04-20T18:59:14.473984 estimator=lPCA k=3 dur=220.129s seed=3
[EST DONE] 2026-04-20T19:00:36.304079 estimator=FisherS (no-k) dur=396.143s seed=3
[EST DONE] 2026-04-20T19:01:34.606845 estimator=lPCA k=10 dur=267.953s seed=3
[EST DONE] 2026-04-20T19:03:17.860433 estimator=lPCA k=5 dur=243.386s seed=3
[EST DONE] 2026-04-20T19:03:20.170777 estimator=lPCA k=3 dur=177.737s seed=3
[EST DONE] 2026-04-20T19:03:23.165742 estimator=FisherS (no-k) dur=430.891s seed=3
[EST DONE] 2026-04-20T19:04:34.428800 estimator=FisherS (no-k) dur=431.249s seed=3
[EST DONE] 2026-04-20T19:06:05.542699 estimator=lPCA k=15 dur=270.936s seed=3
[EST DONE] 2026-04-20T19:06:47.003341 estimator=lPCA k=5 dur=206.832s seed=3
[EST DONE] 2026-04-20T19:07:04.449575 estimator=lPCA k=7 dur=226.589s seed=3
[EST DONE] 2026-04-20T19:07:17.321949 estimator=SMAE (no-k) dur=401.018s seed=3
[TASK END] 2026-04-20T19:07:17.322185 manifold=sphere d=9 sigma=0.5 seed=3 duration=3122.679s
[TASK START] 2026-04-20T19:07:17.323336 manifold=sphere d=12 sigma=0.75 n=60000 seed=3
[EST DONE] 2026-04-20T19:10:21.395933 estimator=SMAE (no-k) dur=418.230s seed=3
[TASK END] 2026-04-20T19:10:21.396120 manifold=sphere d=9 sigma=0.75 seed=3 duration=3240.851s
[TASK START] 2026-04-20T19:10:21.401449 manifold=sphere d=12 sigma=1.0 n=60000 seed=3
[EST DONE] 2026-04-20T19:12:02.372392 estimator=lPCA k=7 dur=315.369s seed=3
[EST DONE] 2026-04-20T19:12:23.276380 estimator=lPCA k=10 dur=318.827s seed=3
[EST DONE] 2026-04-20T19:12:55.477250 estimator=Levina-Bickel k=3 dur=204.714s seed=3
[EST DONE] 2026-04-20T19:13:23.950464 estimator=SMAE (no-k) dur=529.521s seed=3
[TASK END] 2026-04-20T19:13:23.950642 manifold=sphere d=9 sigma=1.0 seed=3 duration=3368.383s
[TASK START] 2026-04-20T19:13:23.951755 manifold=sphere d=15 sigma=0.0 n=60000 seed=3
[EST DONE] 2026-04-20T19:13:42.045337 estimator=Levina-Bickel k=3 dur=8.696s seed=3
[EST DONE] 2026-04-20T19:13:49.369139 estimator=Levina-Bickel k=5 dur=7.324s seed=3
[EST DONE] 2026-04-20T19:13:56.854124 estimator=Levina-Bickel k=7 dur=7.485s seed=3
[EST DONE] 2026-04-20T19:14:04.193777 estimator=Levina-Bickel k=10 dur=7.340s seed=3
[EST DONE] 2026-04-20T19:14:12.835999 estimator=Levina-Bickel k=15 dur=8.642s seed=3
[EST DONE] 2026-04-20T19:14:21.581111 estimator=TwoNN (no-k) dur=8.743s seed=3
[EST DONE] 2026-04-20T19:16:00.139502 estimator=Levina-Bickel k=5 dur=184.662s seed=3
[EST DONE] 2026-04-20T19:16:10.343113 estimator=lPCA k=3 dur=61.532s seed=3
[EST DONE] 2026-04-20T19:18:06.498380 estimator=DANCo k=3 dur=373.648s seed=3
[EST DONE] 2026-04-20T19:18:09.685268 estimator=lPCA k=10 dur=367.313s seed=3
[EST DONE] 2026-04-20T19:18:09.999359 estimator=lPCA k=5 dur=119.656s seed=3
[EST DONE] 2026-04-20T19:18:20.424284 estimator=Levina-Bickel k=3 dur=253.440s seed=3
[EST DONE] 2026-04-20T19:18:48.302072 estimator=lPCA k=15 dur=385.025s seed=3
[EST DONE] 2026-04-20T19:19:01.042389 estimator=lPCA k=7 dur=51.043s seed=3
[EST DONE] 2026-04-20T19:19:57.512540 estimator=lPCA k=10 dur=56.470s seed=3
[EST DONE] 2026-04-20T19:20:04.020060 estimator=Levina-Bickel k=7 dur=243.880s seed=3
[EST DONE] 2026-04-20T19:20:55.783273 estimator=lPCA k=15 dur=58.271s seed=3
[EST DONE] 2026-04-20T19:21:54.419151 estimator=Levina-Bickel k=5 dur=213.995s seed=3
[EST DONE] 2026-04-20T19:24:00.530647 estimator=lPCA k=15 dur=350.845s seed=3
[EST DONE] 2026-04-20T19:24:52.883237 estimator=Levina-Bickel k=10 dur=288.863s seed=3
[EST DONE] 2026-04-20T19:26:20.294830 estimator=DANCo k=5 dur=493.796s seed=3
[EST DONE] 2026-04-20T19:30:37.261494 estimator=Levina-Bickel k=7 dur=522.842s seed=3
[EST DONE] 2026-04-20T19:33:19.201163 estimator=Levina-Bickel k=15 dur=506.318s seed=3
[EST DONE] 2026-04-20T19:33:26.433560 estimator=DANCo k=3 dur=313.352s seed=3
[EST DONE] 2026-04-20T19:38:03.115673 estimator=DANCo k=3 dur=663.941s seed=3
[EST DONE] 2026-04-20T19:38:06.549250 estimator=TwoNN (no-k) dur=287.348s seed=3
[EST DONE] 2026-04-20T19:40:09.436595 estimator=DANCo k=7 dur=829.142s seed=3
[EST DONE] 2026-04-20T19:41:21.798390 estimator=Levina-Bickel k=10 dur=644.537s seed=3
[EST DONE] 2026-04-20T19:42:14.588214 estimator=DANCo k=5 dur=528.154s seed=3
[EST DONE] 2026-04-20T19:48:30.647444 estimator=DANCo k=7 dur=376.059s seed=3
[EST DONE] 2026-04-20T19:50:05.764468 estimator=Levina-Bickel k=15 dur=523.966s seed=3
[EST DONE] 2026-04-20T19:51:18.653464 estimator=DANCo k=3 dur=849.326s seed=3
[EST DONE] 2026-04-20T19:52:05.715734 estimator=DANCo k=5 dur=842.600s seed=3
[EST DONE] 2026-04-20T19:55:38.078527 estimator=lPCA k=3 dur=579.241s seed=3
[EST DONE] 2026-04-20T19:56:56.345992 estimator=DANCo k=10 dur=1006.909s seed=3
[EST DONE] 2026-04-20T19:58:27.265644 estimator=DANCo k=10 dur=596.618s seed=3
[EST DONE] 2026-04-20T19:58:28.467052 estimator=TwoNN (no-k) dur=502.702s seed=3
[EST DONE] 2026-04-20T20:05:10.653951 estimator=lPCA k=5 dur=572.575s seed=3
[EST DONE] 2026-04-20T20:06:54.934183 estimator=DANCo k=5 dur=936.280s seed=3
[EST DONE] 2026-04-20T20:07:33.176797 estimator=DANCo k=7 dur=927.461s seed=3
[EST DONE] 2026-04-20T20:07:35.274561 estimator=DANCo k=15 dur=548.009s seed=3
[EST DONE] 2026-04-20T20:07:52.124035 estimator=MiND k=3 dur=8.065s seed=3
[EST DONE] 2026-04-20T20:08:01.207446 estimator=MiND k=5 dur=9.083s seed=3
[EST DONE] 2026-04-20T20:08:08.797288 estimator=MiND k=7 dur=7.590s seed=3
[EST DONE] 2026-04-20T20:08:17.215227 estimator=MiND k=10 dur=8.418s seed=3
[EST DONE] 2026-04-20T20:08:25.746500 estimator=MiND k=15 dur=8.531s seed=3
[EST DONE] 2026-04-20T20:12:27.568292 estimator=DANCo k=15 dur=931.222s seed=3
[EST DONE] 2026-04-20T20:13:17.774343 estimator=lPCA k=7 dur=487.120s seed=3
[EST DONE] 2026-04-20T20:13:36.312605 estimator=lPCA k=3 dur=352.576s seed=3
[EST DONE] 2026-04-20T20:17:36.633391 estimator=DANCo k=7 dur=641.699s seed=3
[EST DONE] 2026-04-20T20:18:13.910401 estimator=DANCo k=10 dur=640.733s seed=3
[EST DONE] 2026-04-20T20:19:08.935147 estimator=FisherS (no-k) dur=643.188s seed=3
[EST DONE] 2026-04-20T20:19:46.876569 estimator=lPCA k=10 dur=389.102s seed=3
[EST DONE] 2026-04-20T20:20:13.311423 estimator=lPCA k=5 dur=396.999s seed=3
[EST DONE] 2026-04-20T20:20:15.797849 estimator=MiND k=3 dur=243.901s seed=3
[EST DONE] 2026-04-20T20:23:28.301231 estimator=MiND k=5 dur=192.503s seed=3
[EST DONE] 2026-04-20T20:24:21.242558 estimator=lPCA k=15 dur=274.366s seed=3
[EST DONE] 2026-04-20T20:26:34.936311 estimator=lPCA k=7 dur=381.625s seed=3
[EST DONE] 2026-04-20T20:26:37.912513 estimator=DANCo k=10 dur=541.279s seed=3
[EST DONE] 2026-04-20T20:27:22.898380 estimator=DANCo k=15 dur=548.988s seed=3
[EST DONE] 2026-04-20T20:29:08.713198 estimator=SMAE (no-k) dur=599.778s seed=3
[TASK END] 2026-04-20T20:29:08.713387 manifold=sphere d=15 sigma=0.0 seed=3 duration=4544.762s
[TASK START] 2026-04-20T20:29:08.714621 manifold=sphere d=15 sigma=0.25 n=60000 seed=3
[EST DONE] 2026-04-20T20:29:11.703070 estimator=MiND k=7 dur=343.402s seed=3
[EST DONE] 2026-04-20T20:29:28.066335 estimator=Levina-Bickel k=3 dur=8.253s seed=3
[EST DONE] 2026-04-20T20:29:37.949033 estimator=Levina-Bickel k=5 dur=9.883s seed=3
[EST DONE] 2026-04-20T20:29:45.346568 estimator=Levina-Bickel k=7 dur=7.397s seed=3
[EST DONE] 2026-04-20T20:29:54.915776 estimator=Levina-Bickel k=10 dur=9.569s seed=3
[EST DONE] 2026-04-20T20:30:04.203838 estimator=Levina-Bickel k=15 dur=9.288s seed=3
[EST DONE] 2026-04-20T20:30:15.257030 estimator=TwoNN (no-k) dur=11.053s seed=3
[EST DONE] 2026-04-20T20:32:39.416511 estimator=lPCA k=10 dur=364.480s seed=3
[EST DONE] 2026-04-20T20:33:01.392421 estimator=lPCA k=3 dur=54.364s seed=3
[EST DONE] 2026-04-20T20:34:12.333996 estimator=lPCA k=5 dur=70.941s seed=3
[EST DONE] 2026-04-20T20:35:11.924930 estimator=MiND k=10 dur=360.222s seed=3
[EST DONE] 2026-04-20T20:35:12.140499 estimator=MiND k=3 dur=268.994s seed=3
[EST DONE] 2026-04-20T20:36:23.527524 estimator=lPCA k=7 dur=131.193s seed=3
[EST DONE] 2026-04-20T20:37:01.017738 estimator=DANCo k=15 dur=623.105s seed=3
[EST DONE] 2026-04-20T20:37:40.837390 estimator=lPCA k=10 dur=77.310s seed=3
[EST DONE] 2026-04-20T20:39:11.316409 estimator=lPCA k=15 dur=90.479s seed=3
[EST DONE] 2026-04-20T20:40:20.746725 estimator=MiND k=5 dur=308.606s seed=3
[EST DONE] 2026-04-20T20:40:30.851821 estimator=DANCo k=3 dur=488.378s seed=3
[EST DONE] 2026-04-20T20:40:36.928331 estimator=lPCA k=15 dur=477.512s seed=3
[EST DONE] 2026-04-20T20:41:49.071632 estimator=MiND k=15 dur=397.147s seed=3
[EST DONE] 2026-04-20T20:46:07.257676 estimator=MiND k=7 dur=346.511s seed=3
[EST DONE] 2026-04-20T20:46:14.932300 estimator=MiND k=3 dur=329.335s seed=3
[EST DONE] 2026-04-20T20:52:09.610769 estimator=DANCo k=5 dur=698.759s seed=3
[EST DONE] 2026-04-20T20:53:07.595849 estimator=DANCo k=3 dur=468.261s seed=3
[EST DONE] 2026-04-20T20:54:08.064789 estimator=MiND k=5 dur=473.132s seed=3
[EST DONE] 2026-04-20T20:54:30.821600 estimator=MiND k=10 dur=503.564s seed=3
[EST DONE] 2026-04-20T20:54:42.958918 estimator=FisherS (no-k) dur=773.887s seed=3
[EST DONE] 2026-04-20T20:58:54.318181 estimator=DANCo k=5 dur=346.722s seed=3
[EST DONE] 2026-04-20T21:00:23.237218 estimator=MiND k=7 dur=375.172s seed=3
[EST DONE] 2026-04-20T21:03:07.613349 estimator=DANCo k=3 dur=622.033s seed=3
[EST DONE] 2026-04-20T21:03:40.917317 estimator=MiND k=15 dur=550.096s seed=3
[EST DONE] 2026-04-20T21:03:57.172186 estimator=DANCo k=7 dur=707.561s seed=3
[EST DONE] 2026-04-20T21:07:44.939020 estimator=DANCo k=7 dur=530.621s seed=3
[EST DONE] 2026-04-20T21:08:25.529091 estimator=MiND k=10 dur=482.292s seed=3
[EST DONE] 2026-04-20T21:13:14.211026 estimator=SMAE (no-k) dur=1111.252s seed=3
[TASK END] 2026-04-20T21:13:14.211209 manifold=sphere d=12 sigma=0.0 seed=3 duration=10546.528s
[TASK START] 2026-04-20T21:13:14.211833 manifold=sphere d=15 sigma=0.5 n=60000 seed=3
[EST DONE] 2026-04-20T21:14:20.548596 estimator=Levina-Bickel k=3 dur=35.741s seed=3
[EST DONE] 2026-04-20T21:14:28.940732 estimator=Levina-Bickel k=5 dur=8.392s seed=3
[EST DONE] 2026-04-20T21:15:10.813384 estimator=Levina-Bickel k=7 dur=41.872s seed=3
[EST DONE] 2026-04-20T21:15:57.852880 estimator=Levina-Bickel k=10 dur=47.039s seed=3
[EST DONE] 2026-04-20T21:16:09.723089 estimator=Levina-Bickel k=15 dur=11.870s seed=3
[EST DONE] 2026-04-20T21:16:22.430651 estimator=DANCo k=5 dur=794.817s seed=3
[EST DONE] 2026-04-20T21:16:33.977198 estimator=TwoNN (no-k) dur=24.254s seed=3
[EST DONE] 2026-04-20T21:17:01.269196 estimator=DANCo k=10 dur=556.330s seed=3
[EST DONE] 2026-04-20T21:17:16.518308 estimator=MiND k=15 dur=530.989s seed=3
[EST DONE] 2026-04-20T21:17:57.556554 estimator=DANCo k=10 dur=840.384s seed=3
[EST DONE] 2026-04-20T21:18:12.683186 estimator=FisherS (no-k) dur=871.766s seed=3
[EST DONE] 2026-04-20T21:19:23.163283 estimator=lPCA k=3 dur=64.760s seed=3
[EST DONE] 2026-04-20T21:21:16.424158 estimator=lPCA k=5 dur=113.261s seed=3
[EST DONE] 2026-04-20T21:24:02.191336 estimator=lPCA k=7 dur=165.767s seed=3
[EST DONE] 2026-04-20T21:26:20.370769 estimator=DANCo k=15 dur=559.101s seed=3
[EST DONE] 2026-04-20T21:27:00.039991 estimator=MiND k=3 dur=12.656s seed=3
[EST DONE] 2026-04-20T21:27:13.054318 estimator=MiND k=5 dur=13.014s seed=3
[EST DONE] 2026-04-20T21:27:34.835920 estimator=lPCA k=10 dur=212.644s seed=3
[EST DONE] 2026-04-20T21:27:43.275309 estimator=MiND k=7 dur=30.211s seed=3
[EST DONE] 2026-04-20T21:28:02.260287 estimator=MiND k=10 dur=18.985s seed=3
[EST DONE] 2026-04-20T21:28:11.502259 estimator=MiND k=15 dur=9.242s seed=3
[EST DONE] 2026-04-20T21:28:13.006303 estimator=DANCo k=7 dur=710.575s seed=3
[EST DONE] 2026-04-20T21:30:14.566255 estimator=lPCA k=15 dur=159.730s seed=3
[EST DONE] 2026-04-20T21:30:50.127303 estimator=FisherS (no-k) dur=813.609s seed=3
[EST DONE] 2026-04-20T21:31:47.171032 estimator=DANCo k=15 dur=829.614s seed=3
[EST DONE] 2026-04-20T21:35:49.812034 estimator=SMAE (no-k) dur=1057.129s seed=3
[TASK END] 2026-04-20T21:35:49.812228 manifold=sphere d=12 sigma=0.25 seed=3 duration=11388.090s
[TASK START] 2026-04-20T21:35:49.813245 manifold=sphere d=15 sigma=0.75 n=60000 seed=3
[EST DONE] 2026-04-20T21:36:42.809004 estimator=Levina-Bickel k=3 dur=26.763s seed=3
[EST DONE] 2026-04-20T21:36:53.428138 estimator=Levina-Bickel k=5 dur=10.619s seed=3
[EST DONE] 2026-04-20T21:37:08.496390 estimator=Levina-Bickel k=7 dur=15.068s seed=3
[EST DONE] 2026-04-20T21:37:18.822224 estimator=Levina-Bickel k=10 dur=10.326s seed=3
[EST DONE] 2026-04-20T21:37:37.119241 estimator=Levina-Bickel k=15 dur=18.297s seed=3
[EST DONE] 2026-04-20T21:37:46.853136 estimator=TwoNN (no-k) dur=9.734s seed=3
[EST DONE] 2026-04-20T21:41:00.628362 estimator=DANCo k=10 dur=767.622s seed=3
[EST DONE] 2026-04-20T21:41:28.945897 estimator=MiND k=3 dur=370.496s seed=3
[EST DONE] 2026-04-20T21:41:56.665289 estimator=FisherS (no-k) dur=825.163s seed=3
[EST DONE] 2026-04-20T21:41:58.777373 estimator=lPCA k=3 dur=138.077s seed=3
[EST DONE] 2026-04-20T21:44:18.872609 estimator=lPCA k=5 dur=140.095s seed=3
[EST DONE] 2026-04-20T21:44:58.992279 estimator=DANCo k=3 dur=456.858s seed=3
[EST DONE] 2026-04-20T21:45:32.719875 estimator=lPCA k=7 dur=73.847s seed=3
[EST DONE] 2026-04-20T21:45:46.893030 estimator=MiND k=5 dur=257.947s seed=3
[EST DONE] 2026-04-20T21:46:38.772271 estimator=SMAE (no-k) dur=948.645s seed=3
[TASK END] 2026-04-20T21:46:38.772437 manifold=sphere d=12 sigma=0.5 seed=3 duration=11787.067s
[TASK START] 2026-04-20T21:46:38.773438 manifold=sphere d=15 sigma=1.0 n=60000 seed=3
[EST DONE] 2026-04-20T21:46:46.476265 estimator=lPCA k=10 dur=73.756s seed=3
[EST DONE] 2026-04-20T21:47:18.703397 estimator=Levina-Bickel k=3 dur=18.148s seed=3
[EST DONE] 2026-04-20T21:47:32.351175 estimator=Levina-Bickel k=5 dur=13.648s seed=3
[EST DONE] 2026-04-20T21:47:40.772785 estimator=Levina-Bickel k=7 dur=8.421s seed=3
[EST DONE] 2026-04-20T21:48:00.474067 estimator=Levina-Bickel k=10 dur=19.701s seed=3
[EST DONE] 2026-04-20T21:48:16.944028 estimator=Levina-Bickel k=15 dur=16.470s seed=3
[EST DONE] 2026-04-20T21:48:25.168278 estimator=TwoNN (no-k) dur=8.215s seed=3
[EST DONE] 2026-04-20T21:49:54.036698 estimator=lPCA k=15 dur=187.560s seed=3
[EST DONE] 2026-04-20T21:50:20.537541 estimator=DANCo k=5 dur=321.545s seed=3
[EST DONE] 2026-04-20T21:50:53.728164 estimator=MiND k=7 dur=306.835s seed=3
[EST DONE] 2026-04-20T21:52:21.133151 estimator=lPCA k=3 dur=106.013s seed=3
[EST DONE] 2026-04-20T21:54:54.701190 estimator=DANCo k=15 dur=834.073s seed=3
[EST DONE] 2026-04-20T21:54:59.376516 estimator=lPCA k=5 dur=158.243s seed=3
[EST DONE] 2026-04-20T21:59:14.847134 estimator=lPCA k=7 dur=255.470s seed=3
[EST DONE] 2026-04-20T21:59:31.064947 estimator=DANCo k=7 dur=550.527s seed=3
[EST DONE] 2026-04-20T21:59:42.471439 estimator=MiND k=10 dur=528.743s seed=3
[EST DONE] 2026-04-20T22:00:21.769962 estimator=lPCA k=10 dur=66.923s seed=3
[EST DONE] 2026-04-20T22:00:44.714646 estimator=SMAE (no-k) dur=1128.049s seed=3
[TASK END] 2026-04-20T22:00:44.714806 manifold=sphere d=15 sigma=0.25 seed=3 duration=5496.000s
[TASK START] 2026-04-20T22:00:44.715931 manifold=torus d=5 sigma=0.0 n=60000 seed=3
[EST DONE] 2026-04-20T22:01:00.227881 estimator=Levina-Bickel k=3 dur=3.687s seed=3
[EST DONE] 2026-04-20T22:01:07.063493 estimator=Levina-Bickel k=5 dur=6.835s seed=3
[EST DONE] 2026-04-20T22:01:24.953758 estimator=Levina-Bickel k=7 dur=17.890s seed=3
[EST DONE] 2026-04-20T22:01:49.763335 estimator=Levina-Bickel k=10 dur=24.809s seed=3
[EST DONE] 2026-04-20T22:02:21.832846 estimator=Levina-Bickel k=15 dur=32.069s seed=3
[EST DONE] 2026-04-20T22:02:21.904961 estimator=lPCA k=15 dur=120.135s seed=3
[EST DONE] 2026-04-20T22:02:57.159128 estimator=TwoNN (no-k) dur=35.326s seed=3
[EST DONE] 2026-04-20T22:06:14.839367 estimator=DANCo k=3 dur=411.604s seed=3
[EST DONE] 2026-04-20T22:06:24.422258 estimator=MiND k=15 dur=401.951s seed=3
[EST DONE] 2026-04-20T22:06:51.717424 estimator=DANCo k=10 dur=440.652s seed=3
[EST DONE] 2026-04-20T22:07:18.827593 estimator=MiND k=3 dur=385.176s seed=3
[EST DONE] 2026-04-20T22:07:51.821697 estimator=lPCA k=3 dur=97.422s seed=3
[EST DONE] 2026-04-20T22:11:45.572490 estimator=lPCA k=5 dur=233.751s seed=3
[EST DONE] 2026-04-20T22:15:55.893029 estimator=lPCA k=7 dur=250.320s seed=3
[EST DONE] 2026-04-20T22:15:57.781258 estimator=DANCo k=5 dur=582.942s seed=3
[EST DONE] 2026-04-20T22:17:11.939310 estimator=MiND k=5 dur=593.112s seed=3
[EST DONE] 2026-04-20T22:19:23.082984 estimator=lPCA k=10 dur=207.190s seed=3
[EST DONE] 2026-04-20T22:19:41.535050 estimator=DANCo k=15 dur=769.817s seed=3
[EST DONE] 2026-04-20T22:20:18.091950 estimator=MiND k=3 dur=8.072s seed=3
[EST DONE] 2026-04-20T22:20:45.317126 estimator=MiND k=5 dur=27.225s seed=3
[EST DONE] 2026-04-20T22:21:10.790690 estimator=MiND k=7 dur=25.473s seed=3
[EST DONE] 2026-04-20T22:21:28.862437 estimator=MiND k=10 dur=18.072s seed=3
[EST DONE] 2026-04-20T22:21:47.598911 estimator=MiND k=15 dur=18.736s seed=3
[EST DONE] 2026-04-20T22:23:12.812514 estimator=DANCo k=3 dur=633.408s seed=3
[EST DONE] 2026-04-20T22:23:28.017888 estimator=lPCA k=15 dur=244.935s seed=3
[EST DONE] 2026-04-20T22:25:12.173017 estimator=FisherS (no-k) dur=1127.751s seed=3
[EST DONE] 2026-04-20T22:26:45.263294 estimator=MiND k=7 dur=573.324s seed=3
[EST DONE] 2026-04-20T22:27:00.897992 estimator=DANCo k=7 dur=663.117s seed=3
[EST DONE] 2026-04-20T22:31:51.195642 estimator=DANCo k=3 dur=233.496s seed=3
[EST DONE] 2026-04-20T22:32:00.466452 estimator=DANCo k=5 dur=527.654s seed=3
[EST DONE] 2026-04-20T22:34:42.890363 estimator=MiND k=10 dur=477.627s seed=3
[EST DONE] 2026-04-20T22:36:35.754926 estimator=DANCo k=5 dur=284.559s seed=3
[EST DONE] 2026-04-20T22:37:43.584474 estimator=DANCo k=10 dur=642.686s seed=3
[EST DONE] 2026-04-20T22:38:23.120001 estimator=FisherS (no-k) dur=995.521s seed=3
[EST DONE] 2026-04-20T22:40:21.144974 estimator=DANCo k=7 dur=500.678s seed=3
[EST DONE] 2026-04-20T22:40:58.328432 estimator=DANCo k=7 dur=262.573s seed=3
[EST DONE] 2026-04-20T22:42:18.033309 estimator=MiND k=15 dur=455.143s seed=3
[EST DONE] 2026-04-20T22:43:40.320538 estimator=SMAE (no-k) dur=1108.147s seed=3
[TASK END] 2026-04-20T22:43:40.320715 manifold=sphere d=12 sigma=0.75 seed=3 duration=12982.997s
[TASK START] 2026-04-20T22:43:40.321748 manifold=torus d=5 sigma=0.25 n=60000 seed=3
[EST DONE] 2026-04-20T22:44:54.804940 estimator=Levina-Bickel k=3 dur=23.119s seed=3
[EST DONE] 2026-04-20T22:45:48.091205 estimator=Levina-Bickel k=5 dur=53.286s seed=3
[EST DONE] 2026-04-20T22:46:32.465799 estimator=DANCo k=10 dur=334.137s seed=3
[EST DONE] 2026-04-20T22:46:38.516833 estimator=Levina-Bickel k=7 dur=50.425s seed=3
[EST DONE] 2026-04-20T22:48:03.846795 estimator=Levina-Bickel k=10 dur=85.330s seed=3
[EST DONE] 2026-04-20T22:49:05.509922 estimator=Levina-Bickel k=15 dur=61.663s seed=3
[EST DONE] 2026-04-20T22:49:21.891415 estimator=DANCo k=15 dur=698.307s seed=3
[EST DONE] 2026-04-20T22:49:51.841811 estimator=TwoNN (no-k) dur=46.332s seed=3
[EST DONE] 2026-04-20T22:50:06.301502 estimator=MiND k=3 dur=14.053s seed=3
[EST DONE] 2026-04-20T22:50:15.959720 estimator=MiND k=5 dur=9.658s seed=3
[EST DONE] 2026-04-20T22:50:26.968781 estimator=MiND k=7 dur=11.009s seed=3
[EST DONE] 2026-04-20T22:50:36.694241 estimator=MiND k=10 dur=9.725s seed=3
[EST DONE] 2026-04-20T22:50:47.338744 estimator=MiND k=15 dur=10.644s seed=3
[EST DONE] 2026-04-20T22:50:47.704779 estimator=DANCo k=10 dur=626.560s seed=3
[EST DONE] 2026-04-20T22:52:32.907893 estimator=DANCo k=15 dur=360.442s seed=3
[EST DONE] 2026-04-20T22:52:43.512190 estimator=MiND k=3 dur=5.399s seed=3
[EST DONE] 2026-04-20T22:52:53.482967 estimator=MiND k=5 dur=9.971s seed=3
[EST DONE] 2026-04-20T22:52:53.909436 estimator=lPCA k=3 dur=83.776s seed=3
[EST DONE] 2026-04-20T22:53:05.924771 estimator=MiND k=7 dur=12.442s seed=3
[EST DONE] 2026-04-20T22:53:23.661464 estimator=MiND k=10 dur=17.737s seed=3
[EST DONE] 2026-04-20T22:53:45.318828 estimator=MiND k=15 dur=21.657s seed=3
[EST DONE] 2026-04-20T22:54:47.544571 estimator=lPCA k=5 dur=113.635s seed=3
[EST DONE] 2026-04-20T22:56:27.410838 estimator=SMAE (no-k) dur=1084.291s seed=3
[TASK END] 2026-04-20T22:56:27.411035 manifold=sphere d=15 sigma=0.5 seed=3 duration=6193.199s
[TASK START] 2026-04-20T22:56:27.428402 manifold=torus d=5 sigma=0.5 n=60000 seed=3
[EST DONE] 2026-04-20T22:57:13.594868 estimator=FisherS (no-k) dur=895.561s seed=3
[EST DONE] 2026-04-20T22:57:24.943188 estimator=lPCA k=7 dur=157.398s seed=3
[EST DONE] 2026-04-20T22:57:30.521074 estimator=Levina-Bickel k=3 dur=14.958s seed=3
[EST DONE] 2026-04-20T22:57:49.329700 estimator=DANCo k=15 dur=421.625s seed=3
[EST DONE] 2026-04-20T22:57:50.636242 estimator=Levina-Bickel k=5 dur=20.115s seed=3
[EST DONE] 2026-04-20T22:58:08.955705 estimator=MiND k=3 dur=9.444s seed=3
[EST DONE] 2026-04-20T22:58:18.933861 estimator=MiND k=5 dur=9.978s seed=3
[EST DONE] 2026-04-20T22:58:22.602032 estimator=Levina-Bickel k=7 dur=31.966s seed=3
[EST DONE] 2026-04-20T22:58:30.406875 estimator=MiND k=7 dur=11.473s seed=3
[EST DONE] 2026-04-20T22:58:40.531941 estimator=MiND k=10 dur=10.125s seed=3
[EST DONE] 2026-04-20T22:58:50.635063 estimator=MiND k=15 dur=10.103s seed=3
[EST DONE] 2026-04-20T22:58:51.064724 estimator=Levina-Bickel k=10 dur=28.463s seed=3
[EST DONE] 2026-04-20T22:59:06.155201 estimator=lPCA k=10 dur=101.212s seed=3
[EST DONE] 2026-04-20T22:59:24.255850 estimator=Levina-Bickel k=15 dur=33.191s seed=3
[EST DONE] 2026-04-20T22:59:40.260604 estimator=TwoNN (no-k) dur=16.005s seed=3
[EST DONE] 2026-04-20T23:00:17.934352 estimator=lPCA k=15 dur=71.779s seed=3
[EST DONE] 2026-04-20T23:00:40.475193 estimator=FisherS (no-k) dur=593.136s seed=3
[EST DONE] 2026-04-20T23:02:05.964437 estimator=lPCA k=3 dur=75.146s seed=3
[EST DONE] 2026-04-20T23:03:08.306474 estimator=FisherS (no-k) dur=562.987s seed=3
[EST DONE] 2026-04-20T23:03:31.530710 estimator=lPCA k=5 dur=85.566s seed=3
[EST DONE] 2026-04-20T23:04:29.084816 estimator=DANCo k=3 dur=122.143s seed=3
[EST DONE] 2026-04-20T23:04:58.088124 estimator=lPCA k=7 dur=86.557s seed=3
[EST DONE] 2026-04-20T23:06:08.381948 estimator=FisherS (no-k) dur=437.747s seed=3
[EST DONE] 2026-04-20T23:06:26.664155 estimator=lPCA k=10 dur=88.576s seed=3
[EST DONE] 2026-04-20T23:06:42.920840 estimator=DANCo k=5 dur=133.836s seed=3
[EST DONE] 2026-04-20T23:07:27.850246 estimator=SMAE (no-k) dur=614.255s seed=3
[TASK END] 2026-04-20T23:07:27.850423 manifold=sphere d=12 sigma=1.0 seed=3 duration=14226.449s
[TASK START] 2026-04-20T23:07:27.851886 manifold=torus d=5 sigma=0.75 n=60000 seed=3
[EST DONE] 2026-04-20T23:07:50.706609 estimator=lPCA k=15 dur=84.042s seed=3
[EST DONE] 2026-04-20T23:08:29.039994 estimator=Levina-Bickel k=3 dur=36.418s seed=3
[EST DONE] 2026-04-20T23:08:51.864036 estimator=DANCo k=7 dur=128.943s seed=3
[EST DONE] 2026-04-20T23:09:06.794899 estimator=Levina-Bickel k=5 dur=37.755s seed=3
[EST DONE] 2026-04-20T23:09:37.778060 estimator=Levina-Bickel k=7 dur=30.983s seed=3
[EST DONE] 2026-04-20T23:10:37.305765 estimator=Levina-Bickel k=10 dur=59.527s seed=3
[EST DONE] 2026-04-20T23:11:03.819506 estimator=SMAE (no-k) dur=623.344s seed=3
[TASK END] 2026-04-20T23:11:03.819676 manifold=sphere d=15 sigma=0.75 seed=3 duration=5714.006s
[TASK START] 2026-04-20T23:11:03.820991 manifold=torus d=5 sigma=1.0 n=60000 seed=3
[EST DONE] 2026-04-20T23:11:29.673820 estimator=DANCo k=10 dur=157.810s seed=3
[EST DONE] 2026-04-20T23:11:46.044672 estimator=Levina-Bickel k=15 dur=68.739s seed=3
[EST DONE] 2026-04-20T23:12:14.128275 estimator=TwoNN (no-k) dur=28.083s seed=3
[EST DONE] 2026-04-20T23:12:32.780523 estimator=Levina-Bickel k=3 dur=44.831s seed=3
[EST DONE] 2026-04-20T23:12:38.523256 estimator=DANCo k=3 dur=145.031s seed=3
[EST DONE] 2026-04-20T23:13:02.317040 estimator=Levina-Bickel k=5 dur=29.536s seed=3
[EST DONE] 2026-04-20T23:13:15.880644 estimator=SMAE (no-k) dur=607.574s seed=3
[TASK END] 2026-04-20T23:13:15.880814 manifold=torus d=5 sigma=0.0 seed=3 duration=4351.165s
[TASK START] 2026-04-20T23:13:15.882240 manifold=torus d=7 sigma=0.0 n=60000 seed=3
[EST DONE] 2026-04-20T23:13:51.660571 estimator=Levina-Bickel k=7 dur=49.343s seed=3
[EST DONE] 2026-04-20T23:14:41.240383 estimator=DANCo k=15 dur=191.566s seed=3
[EST DONE] 2026-04-20T23:15:07.104419 estimator=MiND k=3 dur=16.290s seed=3
[EST DONE] 2026-04-20T23:15:10.163052 estimator=DANCo k=5 dur=151.640s seed=3
[EST DONE] 2026-04-20T23:15:12.479202 estimator=Levina-Bickel k=10 dur=80.818s seed=3
[EST DONE] 2026-04-20T23:15:14.858951 estimator=MiND k=5 dur=7.754s seed=3
[EST DONE] 2026-04-20T23:15:24.117401 estimator=MiND k=7 dur=9.258s seed=3
[EST DONE] 2026-04-20T23:15:31.377072 estimator=lPCA k=3 dur=115.200s seed=3
[EST DONE] 2026-04-20T23:15:35.526362 estimator=MiND k=10 dur=11.409s seed=3
[EST DONE] 2026-04-20T23:15:50.418647 estimator=MiND k=15 dur=14.892s seed=3
[EST DONE] 2026-04-20T23:16:07.126409 estimator=Levina-Bickel k=15 dur=54.647s seed=3
[EST DONE] 2026-04-20T23:16:11.530465 estimator=Levina-Bickel k=3 dur=68.436s seed=3
[EST DONE] 2026-04-20T23:16:38.515933 estimator=TwoNN (no-k) dur=31.389s seed=3
[EST DONE] 2026-04-20T23:17:11.223526 estimator=lPCA k=5 dur=99.846s seed=3
[EST DONE] 2026-04-20T23:17:21.526403 estimator=DANCo k=7 dur=131.363s seed=3
[EST DONE] 2026-04-20T23:17:22.616164 estimator=SMAE (no-k) dur=674.234s seed=3
[TASK END] 2026-04-20T23:17:22.616301 manifold=sphere d=15 sigma=1.0 seed=3 duration=5443.843s
[TASK START] 2026-04-20T23:17:22.617543 manifold=torus d=7 sigma=0.25 n=60000 seed=3
[EST DONE] 2026-04-20T23:17:57.174622 estimator=Levina-Bickel k=5 dur=105.644s seed=3
[EST DONE] 2026-04-20T23:18:35.748939 estimator=lPCA k=7 dur=84.525s seed=3
[EST DONE] 2026-04-20T23:19:48.046691 estimator=Levina-Bickel k=7 dur=110.872s seed=3
[EST DONE] 2026-04-20T23:20:00.771668 estimator=Levina-Bickel k=3 dur=94.515s seed=3
[EST DONE] 2026-04-20T23:20:01.230264 estimator=lPCA k=3 dur=103.437s seed=3
[EST DONE] 2026-04-20T23:20:01.742859 estimator=DANCo k=10 dur=160.216s seed=3
[EST DONE] 2026-04-20T23:20:30.629862 estimator=lPCA k=10 dur=114.881s seed=3
[EST DONE] 2026-04-20T23:21:24.879437 estimator=lPCA k=5 dur=83.649s seed=3
[EST DONE] 2026-04-20T23:21:47.329823 estimator=Levina-Bickel k=5 dur=106.558s seed=3
[EST DONE] 2026-04-20T23:22:07.858204 estimator=Levina-Bickel k=10 dur=139.811s seed=3
[EST DONE] 2026-04-20T23:22:33.459203 estimator=lPCA k=15 dur=122.829s seed=3
[EST DONE] 2026-04-20T23:23:05.168471 estimator=DANCo k=15 dur=183.425s seed=3
[EST DONE] 2026-04-20T23:23:35.593683 estimator=MiND k=3 dur=15.105s seed=3
[EST DONE] 2026-04-20T23:23:37.229417 estimator=FisherS (no-k) dur=466.811s seed=3
[EST DONE] 2026-04-20T23:23:38.251028 estimator=lPCA k=7 dur=133.371s seed=3
[EST DONE] 2026-04-20T23:23:51.886550 estimator=MiND k=5 dur=16.293s seed=3
[EST DONE] 2026-04-20T23:24:13.993879 estimator=MiND k=7 dur=22.107s seed=3
[EST DONE] 2026-04-20T23:24:28.143404 estimator=Levina-Bickel k=7 dur=160.813s seed=3
[EST DONE] 2026-04-20T23:24:54.682566 estimator=MiND k=10 dur=40.689s seed=3
[EST DONE] 2026-04-20T23:25:18.926968 estimator=MiND k=15 dur=24.244s seed=3
[EST DONE] 2026-04-20T23:25:28.819906 estimator=Levina-Bickel k=15 dur=200.962s seed=3
[EST DONE] 2026-04-20T23:25:36.027524 estimator=lPCA k=10 dur=117.776s seed=3
[EST DONE] 2026-04-20T23:26:21.608102 estimator=TwoNN (no-k) dur=52.788s seed=3
[EST DONE] 2026-04-20T23:26:55.838279 estimator=Levina-Bickel k=10 dur=147.695s seed=3
[EST DONE] 2026-04-20T23:26:58.433506 estimator=DANCo k=3 dur=119.681s seed=3
[EST DONE] 2026-04-20T23:27:31.689584 estimator=lPCA k=15 dur=115.662s seed=3
[EST DONE] 2026-04-20T23:29:33.403825 estimator=DANCo k=5 dur=154.970s seed=3
[EST DONE] 2026-04-20T23:29:40.367774 estimator=Levina-Bickel k=15 dur=164.529s seed=3
[EST DONE] 2026-04-20T23:30:50.357253 estimator=TwoNN (no-k) dur=69.989s seed=3
[EST DONE] 2026-04-20T23:30:57.437181 estimator=lPCA k=3 dur=150.255s seed=3
[EST DONE] 2026-04-20T23:32:38.168399 estimator=DANCo k=7 dur=184.764s seed=3
[EST DONE] 2026-04-20T23:32:49.512618 estimator=DANCo k=3 dur=159.344s seed=3
[EST DONE] 2026-04-20T23:32:57.454037 estimator=FisherS (no-k) dur=458.527s seed=3
[EST DONE] 2026-04-20T23:33:21.525561 estimator=SMAE (no-k) dur=584.296s seed=3
[TASK END] 2026-04-20T23:33:21.525739 manifold=torus d=5 sigma=0.25 seed=3 duration=2981.204s
[TASK START] 2026-04-20T23:33:21.526911 manifold=torus d=7 sigma=0.5 n=60000 seed=3
[EST DONE] 2026-04-20T23:33:42.221217 estimator=lPCA k=5 dur=164.784s seed=3
[EST DONE] 2026-04-20T23:34:59.171521 estimator=DANCo k=5 dur=129.659s seed=3
[EST DONE] 2026-04-20T23:35:47.529098 estimator=DANCo k=10 dur=189.360s seed=3
[EST DONE] 2026-04-20T23:36:20.400685 estimator=lPCA k=3 dur=159.965s seed=3
[EST DONE] 2026-04-20T23:36:32.073129 estimator=lPCA k=7 dur=169.852s seed=3
[EST DONE] 2026-04-20T23:37:48.531306 estimator=DANCo k=7 dur=169.360s seed=3
[EST DONE] 2026-04-20T23:38:06.992423 estimator=Levina-Bickel k=3 dur=137.567s seed=3
[EST DONE] 2026-04-20T23:39:13.152172 estimator=DANCo k=15 dur=205.623s seed=3
[EST DONE] 2026-04-20T23:39:23.977862 estimator=lPCA k=5 dur=183.577s seed=3
[EST DONE] 2026-04-20T23:40:02.563227 estimator=lPCA k=10 dur=210.490s seed=3
[EST DONE] 2026-04-20T23:40:12.529894 estimator=MiND k=3 dur=35.346s seed=3
[EST DONE] 2026-04-20T23:41:00.110091 estimator=DANCo k=10 dur=191.579s seed=3
[EST DONE] 2026-04-20T23:41:00.746199 estimator=MiND k=5 dur=48.216s seed=3
[EST DONE] 2026-04-20T23:41:15.184390 estimator=Levina-Bickel k=5 dur=188.192s seed=3
[EST DONE] 2026-04-20T23:41:32.401140 estimator=MiND k=7 dur=31.655s seed=3
[EST DONE] 2026-04-20T23:42:05.024513 estimator=MiND k=10 dur=32.623s seed=3
[EST DONE] 2026-04-20T23:42:32.877562 estimator=lPCA k=7 dur=188.900s seed=3
[EST DONE] 2026-04-20T23:42:40.841010 estimator=MiND k=15 dur=35.816s seed=3
[EST DONE] 2026-04-20T23:43:35.303344 estimator=SMAE (no-k) dur=637.849s seed=3
[TASK END] 2026-04-20T23:43:35.303505 manifold=torus d=5 sigma=0.5 seed=3 duration=2827.875s
[TASK START] 2026-04-20T23:43:35.312321 manifold=torus d=7 sigma=0.75 n=60000 seed=3
[EST DONE] 2026-04-20T23:43:52.007801 estimator=lPCA k=15 dur=229.444s seed=3
[EST DONE] 2026-04-20T23:44:15.518902 estimator=DANCo k=15 dur=195.409s seed=3
[EST DONE] 2026-04-20T23:44:23.696184 estimator=Levina-Bickel k=7 dur=188.512s seed=3
[EST DONE] 2026-04-20T23:45:20.709101 estimator=MiND k=3 dur=34.036s seed=3
[EST DONE] 2026-04-20T23:45:57.852131 estimator=MiND k=5 dur=37.143s seed=3
[EST DONE] 2026-04-20T23:46:21.827229 estimator=lPCA k=10 dur=228.949s seed=3
[EST DONE] 2026-04-20T23:46:49.314022 estimator=MiND k=7 dur=51.462s seed=3
[EST DONE] 2026-04-20T23:49:32.913235 estimator=MiND k=10 dur=163.599s seed=3
[EST DONE] 2026-04-20T23:49:53.919564 estimator=Levina-Bickel k=10 dur=330.223s seed=3
[EST DONE] 2026-04-20T23:50:26.056390 estimator=MiND k=15 dur=53.143s seed=3
[EST DONE] 2026-04-20T23:50:42.769022 estimator=Levina-Bickel k=3 dur=252.291s seed=3
[EST DONE] 2026-04-20T23:50:50.369323 estimator=FisherS (no-k) dur=489.528s seed=3
[EST DONE] 2026-04-20T23:52:12.992734 estimator=lPCA k=15 dur=351.165s seed=3
[EST DONE] 2026-04-20T23:55:26.112494 estimator=Levina-Bickel k=5 dur=283.343s seed=3
[EST DONE] 2026-04-20T23:55:27.404159 estimator=Levina-Bickel k=15 dur=333.484s seed=3
[EST DONE] 2026-04-20T23:55:32.439229 estimator=DANCo k=3 dur=352.519s seed=3
[EST DONE] 2026-04-20T23:57:27.760604 estimator=TwoNN (no-k) dur=120.356s seed=3
[EST DONE] 2026-04-21T00:00:57.062483 estimator=FisherS (no-k) dur=631.006s seed=3
[EST DONE] 2026-04-21T00:01:12.937888 estimator=Levina-Bickel k=7 dur=346.825s seed=3
[EST DONE] 2026-04-21T00:03:21.055213 estimator=DANCo k=5 dur=468.616s seed=3
[EST DONE] 2026-04-21T00:05:10.768837 estimator=SMAE (no-k) dur=860.399s seed=3
[TASK END] 2026-04-21T00:05:10.769032 manifold=torus d=5 sigma=0.75 seed=3 duration=3462.917s
[TASK START] 2026-04-21T00:05:10.784350 manifold=torus d=7 sigma=1.0 n=60000 seed=3
[EST DONE] 2026-04-21T00:06:39.183267 estimator=Levina-Bickel k=10 dur=326.245s seed=3
[EST DONE] 2026-04-21T00:07:36.130985 estimator=DANCo k=3 dur=460.198s seed=3
[EST DONE] 2026-04-21T00:09:36.389137 estimator=lPCA k=3 dur=342.707s seed=3
[EST DONE] 2026-04-21T00:11:26.920606 estimator=DANCo k=7 dur=485.865s seed=3
[EST DONE] 2026-04-21T00:12:55.840926 estimator=Levina-Bickel k=15 dur=376.657s seed=3
[EST DONE] 2026-04-21T00:15:54.011682 estimator=lPCA k=5 dur=377.622s seed=3
[EST DONE] 2026-04-21T00:15:56.848412 estimator=DANCo k=5 dur=500.717s seed=3
[EST DONE] 2026-04-21T00:15:58.432325 estimator=SMAE (no-k) dur=901.370s seed=3
[TASK END] 2026-04-21T00:15:58.432508 manifold=torus d=5 sigma=1.0 seed=3 duration=3894.612s
[TASK START] 2026-04-21T00:15:58.433577 manifold=torus d=9 sigma=0.0 n=60000 seed=3
[EST DONE] 2026-04-21T00:16:15.048274 estimator=Levina-Bickel k=3 dur=8.197s seed=3
[EST DONE] 2026-04-21T00:16:22.689498 estimator=Levina-Bickel k=5 dur=7.641s seed=3
[EST DONE] 2026-04-21T00:16:30.862403 estimator=Levina-Bickel k=7 dur=8.173s seed=3
[EST DONE] 2026-04-21T00:16:32.305550 estimator=Levina-Bickel k=3 dur=306.313s seed=3
[EST DONE] 2026-04-21T00:16:39.534862 estimator=Levina-Bickel k=10 dur=8.672s seed=3
[EST DONE] 2026-04-21T00:16:49.255677 estimator=Levina-Bickel k=15 dur=9.721s seed=3
[EST DONE] 2026-04-21T00:16:59.713839 estimator=TwoNN (no-k) dur=10.458s seed=3
[EST DONE] 2026-04-21T00:17:02.237737 estimator=TwoNN (no-k) dur=246.397s seed=3
[EST DONE] 2026-04-21T00:20:08.425809 estimator=lPCA k=3 dur=122.108s seed=3
[EST DONE] 2026-04-21T00:21:18.032303 estimator=DANCo k=10 dur=591.112s seed=3
[EST DONE] 2026-04-21T00:21:47.088552 estimator=lPCA k=5 dur=98.663s seed=3
[EST DONE] 2026-04-21T00:22:23.855663 estimator=lPCA k=7 dur=389.844s seed=3
[EST DONE] 2026-04-21T00:22:30.698751 estimator=Levina-Bickel k=5 dur=358.393s seed=3
[EST DONE] 2026-04-21T00:23:05.214851 estimator=lPCA k=7 dur=78.126s seed=3
[EST DONE] 2026-04-21T00:25:53.812075 estimator=lPCA k=10 dur=168.597s seed=3
[EST DONE] 2026-04-21T00:26:08.134849 estimator=DANCo k=7 dur=611.286s seed=3
[EST DONE] 2026-04-21T00:26:51.500266 estimator=lPCA k=15 dur=57.688s seed=3
[EST DONE] 2026-04-21T00:27:45.488051 estimator=lPCA k=3 dur=308.266s seed=3
[EST DONE] 2026-04-21T00:29:31.751730 estimator=lPCA k=10 dur=427.896s seed=3
[EST DONE] 2026-04-21T00:30:57.483629 estimator=Levina-Bickel k=7 dur=506.785s seed=3
[EST DONE] 2026-04-21T00:34:05.485487 estimator=DANCo k=15 dur=767.453s seed=3
[EST DONE] 2026-04-21T00:38:40.770955 estimator=lPCA k=5 dur=655.283s seed=3
[EST DONE] 2026-04-21T00:38:44.308330 estimator=DANCo k=10 dur=756.173s seed=3
[EST DONE] 2026-04-21T00:40:11.240367 estimator=MiND k=3 dur=220.582s seed=3
[EST DONE] 2026-04-21T00:42:17.495080 estimator=Levina-Bickel k=10 dur=680.011s seed=3
[EST DONE] 2026-04-21T00:42:31.495266 estimator=lPCA k=15 dur=779.743s seed=3
[EST DONE] 2026-04-21T00:43:08.515514 estimator=DANCo k=3 dur=497.988s seed=3
[EST DONE] 2026-04-21T00:43:15.180161 estimator=MiND k=5 dur=183.940s seed=3
[EST DONE] 2026-04-21T00:44:56.691430 estimator=MiND k=7 dur=101.511s seed=3
[EST DONE] 2026-04-21T00:45:04.227882 estimator=lPCA k=7 dur=383.457s seed=3
[EST DONE] 2026-04-21T00:49:07.733671 estimator=Levina-Bickel k=15 dur=410.238s seed=3
[EST DONE] 2026-04-21T00:51:32.103502 estimator=MiND k=10 dur=395.412s seed=3
[EST DONE] 2026-04-21T00:52:30.501408 estimator=DANCo k=5 dur=561.986s seed=3
[EST DONE] 2026-04-21T00:53:51.827157 estimator=DANCo k=15 dur=907.519s seed=3
[EST DONE] 2026-04-21T00:55:51.443930 estimator=TwoNN (no-k) dur=403.710s seed=3
[EST DONE] 2026-04-21T00:56:08.991353 estimator=lPCA k=10 dur=664.763s seed=3
[EST DONE] 2026-04-21T00:58:59.605070 estimator=MiND k=15 dur=447.501s seed=3
[EST DONE] 2026-04-21T01:00:31.349341 estimator=MiND k=3 dur=244.796s seed=3
[EST DONE] 2026-04-21T01:00:42.387418 estimator=DANCo k=7 dur=491.886s seed=3
[EST DONE] 2026-04-21T01:03:01.179069 estimator=DANCo k=3 dur=623.386s seed=3
[EST DONE] 2026-04-21T01:04:46.083601 estimator=MiND k=5 dur=254.734s seed=3
[EST DONE] 2026-04-21T01:06:45.608165 estimator=lPCA k=15 dur=636.617s seed=3
[EST DONE] 2026-04-21T01:09:26.331861 estimator=MiND k=7 dur=280.248s seed=3
[EST DONE] 2026-04-21T01:09:32.783871 estimator=DANCo k=10 dur=530.396s seed=3
[EST DONE] 2026-04-21T01:11:38.665452 estimator=FisherS (no-k) dur=759.060s seed=3
[EST DONE] 2026-04-21T01:11:49.507898 estimator=lPCA k=3 dur=458.744s seed=3
[EST DONE] 2026-04-21T01:13:54.990745 estimator=MiND k=10 dur=268.659s seed=3
[EST DONE] 2026-04-21T01:14:00.054279 estimator=DANCo k=5 dur=658.875s seed=3
[EST DONE] 2026-04-21T01:21:10.578619 estimator=DANCo k=15 dur=697.795s seed=3
[EST DONE] 2026-04-21T01:21:28.413087 estimator=MiND k=3 dur=9.228s seed=3
[EST DONE] 2026-04-21T01:21:36.115809 estimator=MiND k=5 dur=7.703s seed=3
[EST DONE] 2026-04-21T01:21:44.108875 estimator=MiND k=7 dur=7.993s seed=3
[EST DONE] 2026-04-21T01:21:51.968785 estimator=MiND k=10 dur=7.860s seed=3
[EST DONE] 2026-04-21T01:22:01.052601 estimator=MiND k=15 dur=9.084s seed=3
[EST DONE] 2026-04-21T01:22:28.931987 estimator=MiND k=15 dur=513.941s seed=3
[EST DONE] 2026-04-21T01:22:37.137754 estimator=lPCA k=5 dur=647.630s seed=3
[EST DONE] 2026-04-21T01:27:40.581098 estimator=DANCo k=7 dur=820.527s seed=3
[EST DONE] 2026-04-21T01:29:46.312195 estimator=DANCo k=3 dur=626.218s seed=3
[EST DONE] 2026-04-21T01:30:46.447565 estimator=SMAE (no-k) dur=1147.782s seed=3
[TASK END] 2026-04-21T01:30:46.447780 manifold=torus d=7 sigma=0.0 seed=3 duration=8250.566s
[TASK START] 2026-04-21T01:30:46.449291 manifold=torus d=9 sigma=0.25 n=60000 seed=3
[EST DONE] 2026-04-21T01:31:06.323305 estimator=Levina-Bickel k=3 dur=10.005s seed=3
[EST DONE] 2026-04-21T01:31:15.565790 estimator=Levina-Bickel k=5 dur=9.242s seed=3
[EST DONE] 2026-04-21T01:31:24.169903 estimator=lPCA k=7 dur=527.032s seed=3
[EST DONE] 2026-04-21T01:31:25.225595 estimator=Levina-Bickel k=7 dur=9.660s seed=3
[EST DONE] 2026-04-21T01:31:35.252767 estimator=Levina-Bickel k=10 dur=10.027s seed=3
[EST DONE] 2026-04-21T01:31:45.386354 estimator=Levina-Bickel k=15 dur=10.133s seed=3
[EST DONE] 2026-04-21T01:31:53.993370 estimator=TwoNN (no-k) dur=8.607s seed=3
[EST DONE] 2026-04-21T01:33:05.593999 estimator=FisherS (no-k) dur=664.541s seed=3
[EST DONE] 2026-04-21T01:33:38.890437 estimator=FisherS (no-k) dur=669.958s seed=3
[EST DONE] 2026-04-21T01:33:49.833257 estimator=lPCA k=3 dur=55.115s seed=3
[EST DONE] 2026-04-21T01:35:17.219114 estimator=lPCA k=5 dur=87.386s seed=3
[EST DONE] 2026-04-21T01:39:17.712999 estimator=DANCo k=5 dur=571.401s seed=3
[EST DONE] 2026-04-21T01:39:19.381243 estimator=lPCA k=7 dur=242.162s seed=3
[EST DONE] 2026-04-21T01:39:21.350191 estimator=lPCA k=10 dur=477.180s seed=3
[EST DONE] 2026-04-21T01:39:25.644337 estimator=DANCo k=10 dur=705.063s seed=3
[EST DONE] 2026-04-21T01:40:15.303488 estimator=lPCA k=10 dur=55.922s seed=3
[EST DONE] 2026-04-21T01:41:09.237033 estimator=lPCA k=15 dur=53.933s seed=3
[EST DONE] 2026-04-21T01:48:02.345576 estimator=lPCA k=15 dur=520.995s seed=3
[EST DONE] 2026-04-21T01:49:29.366765 estimator=SMAE (no-k) dur=983.772s seed=3
[TASK END] 2026-04-21T01:49:29.366954 manifold=torus d=9 sigma=0.0 seed=3 duration=5610.933s
[TASK START] 2026-04-21T01:49:29.367734 manifold=torus d=9 sigma=0.5 n=60000 seed=3
[EST DONE] 2026-04-21T01:50:20.464601 estimator=Levina-Bickel k=3 dur=9.215s seed=3
[EST DONE] 2026-04-21T01:50:31.059241 estimator=DANCo k=7 dur=673.346s seed=3
[EST DONE] 2026-04-21T01:50:31.331174 estimator=Levina-Bickel k=5 dur=10.866s seed=3
[EST DONE] 2026-04-21T01:50:53.359589 estimator=Levina-Bickel k=7 dur=22.028s seed=3
[EST DONE] 2026-04-21T01:51:12.442911 estimator=Levina-Bickel k=10 dur=19.083s seed=3
[EST DONE] 2026-04-21T01:51:21.084916 estimator=Levina-Bickel k=15 dur=8.642s seed=3
[EST DONE] 2026-04-21T01:51:40.341519 estimator=TwoNN (no-k) dur=19.256s seed=3
[EST DONE] 2026-04-21T01:53:14.531332 estimator=SMAE (no-k) dur=1175.641s seed=3
[TASK END] 2026-04-21T01:53:14.531519 manifold=torus d=7 sigma=0.25 seed=3 duration=9351.914s
[TASK START] 2026-04-21T01:53:14.537901 manifold=torus d=9 sigma=0.75 n=60000 seed=3
[EST DONE] 2026-04-21T01:53:33.279728 estimator=DANCo k=15 dur=847.635s seed=3
[EST DONE] 2026-04-21T01:53:34.105703 estimator=Levina-Bickel k=3 dur=8.830s seed=3
[EST DONE] 2026-04-21T01:53:45.456212 estimator=Levina-Bickel k=5 dur=11.350s seed=3
[EST DONE] 2026-04-21T01:53:55.840238 estimator=Levina-Bickel k=7 dur=10.384s seed=3
[EST DONE] 2026-04-21T01:54:09.634290 estimator=Levina-Bickel k=10 dur=13.794s seed=3
[EST DONE] 2026-04-21T01:54:26.927483 estimator=Levina-Bickel k=15 dur=17.293s seed=3
[EST DONE] 2026-04-21T01:54:35.457223 estimator=TwoNN (no-k) dur=8.530s seed=3
[EST DONE] 2026-04-21T01:55:41.507088 estimator=lPCA k=3 dur=106.983s seed=3
[EST DONE] 2026-04-21T01:58:19.111043 estimator=lPCA k=5 dur=157.604s seed=3
[EST DONE] 2026-04-21T01:58:43.966099 estimator=lPCA k=3 dur=109.779s seed=3
[EST DONE] 2026-04-21T01:59:09.509523 estimator=DANCo k=3 dur=529.875s seed=3
[EST DONE] 2026-04-21T01:59:50.846978 estimator=lPCA k=7 dur=91.736s seed=3
[EST DONE] 2026-04-21T02:00:21.480779 estimator=lPCA k=5 dur=97.514s seed=3
[EST DONE] 2026-04-21T02:03:09.505897 estimator=lPCA k=10 dur=198.659s seed=3
[EST DONE] 2026-04-21T02:03:43.579313 estimator=lPCA k=7 dur=202.098s seed=3
[EST DONE] 2026-04-21T02:04:12.320637 estimator=MiND k=3 dur=326.011s seed=3
[EST DONE] 2026-04-21T02:07:10.379422 estimator=lPCA k=15 dur=240.873s seed=3
[EST DONE] 2026-04-21T02:08:12.337501 estimator=lPCA k=10 dur=268.758s seed=3
[EST DONE] 2026-04-21T02:08:20.196642 estimator=DANCo k=10 dur=1069.137s seed=3
[EST DONE] 2026-04-21T02:10:06.099459 estimator=lPCA k=15 dur=113.762s seed=3
[EST DONE] 2026-04-21T02:10:30.005742 estimator=DANCo k=5 dur=680.496s seed=3
[EST DONE] 2026-04-21T02:11:04.952031 estimator=MiND k=5 dur=412.631s seed=3
[EST DONE] 2026-04-21T02:20:54.452763 estimator=DANCo k=3 dur=1071.260s seed=3
[EST DONE] 2026-04-21T02:21:19.721488 estimator=MiND k=7 dur=614.769s seed=3
[EST DONE] 2026-04-21T02:21:56.720199 estimator=DANCo k=7 dur=686.714s seed=3
[EST DONE] 2026-04-21T02:28:12.419738 estimator=DANCo k=3 dur=715.514s seed=3
[EST DONE] 2026-04-21T02:31:06.338573 estimator=DANCo k=15 dur=1366.142s seed=3
[EST DONE] 2026-04-21T02:32:39.739497 estimator=DANCo k=3 dur=705.525s seed=3
[EST DONE] 2026-04-21T02:32:44.937192 estimator=MiND k=10 dur=685.216s seed=3
[EST DONE] 2026-04-21T02:36:26.669794 estimator=DANCo k=10 dur=869.949s seed=3
[EST DONE] 2026-04-21T02:40:18.459666 estimator=DANCo k=5 dur=726.040s seed=3
[EST DONE] 2026-04-21T02:41:47.308979 estimator=DANCo k=5 dur=1252.856s seed=3
[EST DONE] 2026-04-21T02:42:55.359931 estimator=DANCo k=5 dur=615.620s seed=3
[EST DONE] 2026-04-21T02:43:16.149171 estimator=MiND k=15 dur=631.212s seed=3
[EST DONE] 2026-04-21T02:48:45.363197 estimator=MiND k=3 dur=505.526s seed=3
[EST DONE] 2026-04-21T02:51:16.908212 estimator=DANCo k=15 dur=890.238s seed=3
[EST DONE] 2026-04-21T02:51:52.867523 estimator=MiND k=3 dur=14.235s seed=3
[EST DONE] 2026-04-21T02:52:07.063527 estimator=DANCo k=7 dur=708.604s seed=3
[EST DONE] 2026-04-21T02:52:28.024771 estimator=MiND k=5 dur=35.157s seed=3
[EST DONE] 2026-04-21T02:52:38.919325 estimator=MiND k=7 dur=10.894s seed=3
[EST DONE] 2026-04-21T02:52:48.201460 estimator=MiND k=10 dur=9.282s seed=3
[EST DONE] 2026-04-21T02:53:00.485853 estimator=MiND k=15 dur=12.284s seed=3
[EST DONE] 2026-04-21T02:53:44.707659 estimator=DANCo k=7 dur=649.348s seed=3
[EST DONE] 2026-04-21T02:54:45.438252 estimator=MiND k=5 dur=360.075s seed=3
[EST DONE] 2026-04-21T03:01:21.019585 estimator=DANCo k=7 dur=1173.710s seed=3
[EST DONE] 2026-04-21T03:02:04.685582 estimator=FisherS (no-k) dur=1128.536s seed=3
[EST DONE] 2026-04-21T03:03:16.943292 estimator=DANCo k=10 dur=669.880s seed=3
[EST DONE] 2026-04-21T03:04:37.815434 estimator=MiND k=7 dur=592.377s seed=3
[EST DONE] 2026-04-21T03:04:59.460852 estimator=DANCo k=10 dur=674.753s seed=3
[EST DONE] 2026-04-21T03:09:05.070305 estimator=FisherS (no-k) dur=964.584s seed=3
[EST DONE] 2026-04-21T03:11:14.764412 estimator=MiND k=10 dur=396.949s seed=3
[EST DONE] 2026-04-21T03:13:06.190467 estimator=DANCo k=15 dur=589.247s seed=3
[EST DONE] 2026-04-21T03:13:30.814025 estimator=MiND k=3 dur=16.389s seed=3
[EST DONE] 2026-04-21T03:13:40.555268 estimator=MiND k=5 dur=9.741s seed=3
[EST DONE] 2026-04-21T03:13:51.983249 estimator=MiND k=7 dur=11.428s seed=3
[EST DONE] 2026-04-21T03:14:10.623358 estimator=MiND k=10 dur=18.640s seed=3
[EST DONE] 2026-04-21T03:14:23.203043 estimator=MiND k=15 dur=12.580s seed=3
[EST DONE] 2026-04-21T03:15:22.931421 estimator=DANCo k=15 dur=623.470s seed=3
[EST DONE] 2026-04-21T03:15:55.413558 estimator=MiND k=3 dur=9.119s seed=3
[EST DONE] 2026-04-21T03:16:15.715556 estimator=MiND k=5 dur=20.302s seed=3
[EST DONE] 2026-04-21T03:16:42.064432 estimator=MiND k=7 dur=26.349s seed=3
[EST DONE] 2026-04-21T03:16:57.083699 estimator=MiND k=10 dur=15.019s seed=3
[EST DONE] 2026-04-21T03:17:07.752117 estimator=MiND k=15 dur=10.668s seed=3
[EST DONE] 2026-04-21T03:18:15.653194 estimator=DANCo k=10 dur=1014.633s seed=3
[EST DONE] 2026-04-21T03:19:00.959058 estimator=MiND k=15 dur=466.194s seed=3
[EST DONE] 2026-04-21T03:19:56.216331 estimator=SMAE (no-k) dur=1071.531s seed=3
[TASK END] 2026-04-21T03:19:56.216499 manifold=torus d=7 sigma=0.5 seed=3 duration=13594.690s
[TASK START] 2026-04-21T03:19:56.217822 manifold=torus d=9 sigma=1.0 n=60000 seed=3
[EST DONE] 2026-04-21T03:20:18.762885 estimator=Levina-Bickel k=3 dur=10.262s seed=3
[EST DONE] 2026-04-21T03:20:28.060132 estimator=Levina-Bickel k=5 dur=9.297s seed=3
[EST DONE] 2026-04-21T03:20:37.680580 estimator=Levina-Bickel k=7 dur=9.620s seed=3
[EST DONE] 2026-04-21T03:20:48.226814 estimator=Levina-Bickel k=10 dur=10.546s seed=3
[EST DONE] 2026-04-21T03:21:00.545616 estimator=Levina-Bickel k=15 dur=12.319s seed=3
[EST DONE] 2026-04-21T03:21:09.885891 estimator=TwoNN (no-k) dur=9.340s seed=3
[EST DONE] 2026-04-21T03:22:55.950834 estimator=SMAE (no-k) dur=830.880s seed=3
[TASK END] 2026-04-21T03:22:55.951014 manifold=torus d=9 sigma=0.25 seed=3 duration=6729.502s
[TASK START] 2026-04-21T03:22:55.952473 manifold=torus d=12 sigma=0.0 n=60000 seed=3
[EST DONE] 2026-04-21T03:23:19.620965 estimator=Levina-Bickel k=3 dur=11.198s seed=3
[EST DONE] 2026-04-21T03:23:29.985587 estimator=Levina-Bickel k=5 dur=10.364s seed=3
[EST DONE] 2026-04-21T03:23:39.984168 estimator=Levina-Bickel k=7 dur=9.998s seed=3
[EST DONE] 2026-04-21T03:23:40.439118 estimator=lPCA k=3 dur=84.380s seed=3
[EST DONE] 2026-04-21T03:23:54.540182 estimator=Levina-Bickel k=10 dur=14.556s seed=3
[EST DONE] 2026-04-21T03:24:06.807138 estimator=Levina-Bickel k=15 dur=12.267s seed=3
[EST DONE] 2026-04-21T03:24:17.112917 estimator=TwoNN (no-k) dur=10.306s seed=3
[EST DONE] 2026-04-21T03:25:13.222179 estimator=FisherS (no-k) dur=650.019s seed=3
[EST DONE] 2026-04-21T03:25:36.007578 estimator=lPCA k=5 dur=115.568s seed=3
[EST DONE] 2026-04-21T03:27:54.291073 estimator=FisherS (no-k) dur=646.539s seed=3
[EST DONE] 2026-04-21T03:28:14.477465 estimator=lPCA k=7 dur=158.470s seed=3
[EST DONE] 2026-04-21T03:28:28.684077 estimator=lPCA k=3 dur=133.304s seed=3
[EST DONE] 2026-04-21T03:29:45.284149 estimator=DANCo k=15 dur=689.631s seed=3
[EST DONE] 2026-04-21T03:30:05.197162 estimator=FisherS (no-k) dur=664.238s seed=3
[EST DONE] 2026-04-21T03:30:09.970014 estimator=lPCA k=10 dur=115.492s seed=3
[EST DONE] 2026-04-21T03:30:21.422856 estimator=lPCA k=5 dur=112.739s seed=3
[EST DONE] 2026-04-21T03:31:15.009293 estimator=lPCA k=15 dur=65.039s seed=3
[EST DONE] 2026-04-21T03:31:21.567405 estimator=lPCA k=7 dur=60.144s seed=3
[EST DONE] 2026-04-21T03:32:21.043909 estimator=lPCA k=10 dur=59.476s seed=3
[EST DONE] 2026-04-21T03:34:30.136786 estimator=lPCA k=15 dur=129.093s seed=3
[EST DONE] 2026-04-21T03:37:28.994806 estimator=MiND k=3 dur=320.946s seed=3
[EST DONE] 2026-04-21T03:40:43.954832 estimator=SMAE (no-k) dur=930.732s seed=3
[TASK END] 2026-04-21T03:40:43.955056 manifold=torus d=9 sigma=0.5 seed=3 duration=6674.587s
[TASK START] 2026-04-21T03:40:43.955720 manifold=torus d=12 sigma=0.25 n=60000 seed=3
[EST DONE] 2026-04-21T03:41:45.611765 estimator=Levina-Bickel k=3 dur=34.056s seed=3
[EST DONE] 2026-04-21T03:41:55.187916 estimator=Levina-Bickel k=5 dur=9.576s seed=3
[EST DONE] 2026-04-21T03:42:13.967436 estimator=Levina-Bickel k=7 dur=18.779s seed=3
[EST DONE] 2026-04-21T03:42:24.515369 estimator=Levina-Bickel k=10 dur=10.548s seed=3
[EST DONE] 2026-04-21T03:42:47.361162 estimator=Levina-Bickel k=15 dur=22.846s seed=3
[EST DONE] 2026-04-21T03:42:59.030689 estimator=TwoNN (no-k) dur=11.669s seed=3
[EST DONE] 2026-04-21T03:44:27.497005 estimator=SMAE (no-k) dur=993.206s seed=3
[TASK END] 2026-04-21T03:44:27.497165 manifold=torus d=9 sigma=0.75 seed=3 duration=6672.959s
[TASK START] 2026-04-21T03:44:27.528341 manifold=torus d=12 sigma=0.5 n=60000 seed=3
[EST DONE] 2026-04-21T03:45:18.924724 estimator=Levina-Bickel k=3 dur=20.133s seed=3
[EST DONE] 2026-04-21T03:45:19.799795 estimator=SMAE (no-k) dur=914.602s seed=3
[TASK END] 2026-04-21T03:45:19.799929 manifold=torus d=7 sigma=0.75 seed=3 duration=14504.488s
[TASK START] 2026-04-21T03:45:19.801315 manifold=torus d=12 sigma=0.75 n=60000 seed=3
[EST DONE] 2026-04-21T03:45:26.354227 estimator=MiND k=5 dur=477.359s seed=3
[EST DONE] 2026-04-21T03:45:33.074326 estimator=Levina-Bickel k=5 dur=14.149s seed=3
[EST DONE] 2026-04-21T03:46:00.736997 estimator=Levina-Bickel k=7 dur=27.663s seed=3
[EST DONE] 2026-04-21T03:46:04.655529 estimator=Levina-Bickel k=3 dur=30.796s seed=3
[EST DONE] 2026-04-21T03:46:39.934627 estimator=Levina-Bickel k=10 dur=39.197s seed=3
[EST DONE] 2026-04-21T03:46:42.902324 estimator=Levina-Bickel k=5 dur=38.247s seed=3
[EST DONE] 2026-04-21T03:46:55.588821 estimator=Levina-Bickel k=15 dur=15.654s seed=3
[EST DONE] 2026-04-21T03:46:56.722974 estimator=Levina-Bickel k=7 dur=13.821s seed=3
[EST DONE] 2026-04-21T03:47:07.239973 estimator=TwoNN (no-k) dur=11.651s seed=3
[EST DONE] 2026-04-21T03:47:09.396669 estimator=Levina-Bickel k=10 dur=12.674s seed=3
[EST DONE] 2026-04-21T03:47:24.695078 estimator=Levina-Bickel k=15 dur=15.298s seed=3
[EST DONE] 2026-04-21T03:47:33.430439 estimator=TwoNN (no-k) dur=8.735s seed=3
[EST DONE] 2026-04-21T03:48:12.479694 estimator=lPCA k=3 dur=115.398s seed=3
[EST DONE] 2026-04-21T03:48:15.175172 estimator=DANCo k=3 dur=616.897s seed=3
[EST DONE] 2026-04-21T03:49:21.966330 estimator=lPCA k=5 dur=69.486s seed=3
[EST DONE] 2026-04-21T03:49:39.302872 estimator=lPCA k=3 dur=69.130s seed=3
[EST DONE] 2026-04-21T03:50:30.979768 estimator=lPCA k=3 dur=100.130s seed=3
[EST DONE] 2026-04-21T03:52:18.875129 estimator=lPCA k=7 dur=176.909s seed=3
[EST DONE] 2026-04-21T03:52:21.554546 estimator=lPCA k=5 dur=162.251s seed=3
[EST DONE] 2026-04-21T03:52:26.032798 estimator=MiND k=7 dur=419.678s seed=3
[EST DONE] 2026-04-21T03:55:09.697285 estimator=lPCA k=5 dur=278.717s seed=3
[EST DONE] 2026-04-21T03:56:37.711632 estimator=lPCA k=7 dur=256.157s seed=3
[EST DONE] 2026-04-21T03:56:53.694428 estimator=lPCA k=10 dur=274.819s seed=3
[EST DONE] 2026-04-21T03:57:47.270605 estimator=lPCA k=7 dur=157.573s seed=3
[EST DONE] 2026-04-21T03:58:06.500726 estimator=DANCo k=5 dur=591.325s seed=3
[EST DONE] 2026-04-21T03:58:10.303938 estimator=lPCA k=10 dur=92.592s seed=3
[EST DONE] 2026-04-21T03:58:23.619872 estimator=lPCA k=15 dur=89.925s seed=3
[EST DONE] 2026-04-21T03:58:42.030232 estimator=DANCo k=3 dur=645.668s seed=3
[EST DONE] 2026-04-21T03:59:10.677727 estimator=lPCA k=10 dur=83.407s seed=3
[EST DONE] 2026-04-21T03:59:33.133579 estimator=lPCA k=15 dur=82.829s seed=3
[EST DONE] 2026-04-21T04:00:21.550919 estimator=MiND k=10 dur=475.518s seed=3
[EST DONE] 2026-04-21T04:01:28.934949 estimator=lPCA k=15 dur=138.257s seed=3
[EST DONE] 2026-04-21T04:11:32.465092 estimator=DANCo k=7 dur=805.964s seed=3
[EST DONE] 2026-04-21T04:16:43.195713 estimator=DANCo k=5 dur=1081.165s seed=3
[EST DONE] 2026-04-21T04:17:06.487557 estimator=MiND k=15 dur=1004.936s seed=3
[EST DONE] 2026-04-21T04:26:53.797717 estimator=DANCo k=10 dur=921.332s seed=3
[EST DONE] 2026-04-21T04:33:03.507390 estimator=DANCo k=3 dur=1058.249s seed=3
[EST DONE] 2026-04-21T04:36:10.760812 estimator=DANCo k=3 dur=1118.874s seed=3
[EST DONE] 2026-04-21T04:37:03.500462 estimator=DANCo k=7 dur=1220.305s seed=3
[EST DONE] 2026-04-21T04:39:57.929964 estimator=DANCo k=3 dur=1120.553s seed=3
[EST DONE] 2026-04-21T04:40:50.878619 estimator=FisherS (no-k) dur=1424.391s seed=3
[EST DONE] 2026-04-21T04:44:19.179792 estimator=DANCo k=15 dur=1045.382s seed=3
[EST DONE] 2026-04-21T04:45:02.155429 estimator=MiND k=3 dur=14.115s seed=3
[EST DONE] 2026-04-21T04:45:34.281091 estimator=MiND k=5 dur=32.126s seed=3
[EST DONE] 2026-04-21T04:46:00.867295 estimator=MiND k=7 dur=26.586s seed=3
[EST DONE] 2026-04-21T04:46:20.447292 estimator=MiND k=10 dur=19.580s seed=3
[EST DONE] 2026-04-21T04:46:52.480945 estimator=MiND k=15 dur=32.034s seed=3
[EST DONE] 2026-04-21T04:52:23.529794 estimator=DANCo k=5 dur=1160.022s seed=3
[EST DONE] 2026-04-21T04:55:19.928648 estimator=DANCo k=5 dur=1149.168s seed=3
[EST DONE] 2026-04-21T04:56:27.900812 estimator=DANCo k=5 dur=989.971s seed=3
[EST DONE] 2026-04-21T04:57:07.644320 estimator=DANCo k=10 dur=1204.144s seed=3
[EST DONE] 2026-04-21T05:07:09.131410 estimator=DANCo k=7 dur=885.601s seed=3
[EST DONE] 2026-04-21T05:07:52.924704 estimator=SMAE (no-k) dur=1622.046s seed=3
[TASK END] 2026-04-21T05:07:52.924883 manifold=torus d=7 sigma=1.0 seed=3 duration=18162.141s
[TASK START] 2026-04-21T05:07:52.926180 manifold=torus d=12 sigma=1.0 n=60000 seed=3
[EST DONE] 2026-04-21T05:08:23.937755 estimator=FisherS (no-k) dur=1291.457s seed=3
[EST DONE] 2026-04-21T05:08:54.751179 estimator=Levina-Bickel k=3 dur=32.139s seed=3
[EST DONE] 2026-04-21T05:09:09.033350 estimator=Levina-Bickel k=5 dur=14.282s seed=3
[EST DONE] 2026-04-21T05:09:20.194894 estimator=Levina-Bickel k=7 dur=11.161s seed=3
[EST DONE] 2026-04-21T05:09:43.061866 estimator=Levina-Bickel k=10 dur=22.867s seed=3
[EST DONE] 2026-04-21T05:10:15.362325 estimator=Levina-Bickel k=15 dur=32.300s seed=3
[EST DONE] 2026-04-21T05:10:40.185933 estimator=TwoNN (no-k) dur=24.823s seed=3
[EST DONE] 2026-04-21T05:12:24.201469 estimator=DANCo k=7 dur=1024.273s seed=3
[EST DONE] 2026-04-21T05:12:32.003366 estimator=DANCo k=7 dur=964.102s seed=3
[EST DONE] 2026-04-21T05:15:08.967929 estimator=lPCA k=3 dur=157.557s seed=3
[EST DONE] 2026-04-21T05:17:16.831438 estimator=DANCo k=15 dur=1209.187s seed=3
[EST DONE] 2026-04-21T05:17:52.861268 estimator=lPCA k=5 dur=163.893s seed=3
[EST DONE] 2026-04-21T05:18:00.803775 estimator=MiND k=3 dur=19.053s seed=3
[EST DONE] 2026-04-21T05:18:26.347123 estimator=MiND k=5 dur=25.543s seed=3
[EST DONE] 2026-04-21T05:18:44.041813 estimator=MiND k=7 dur=17.695s seed=3
[EST DONE] 2026-04-21T05:19:01.716384 estimator=MiND k=10 dur=17.674s seed=3
[EST DONE] 2026-04-21T05:19:30.292330 estimator=MiND k=15 dur=28.576s seed=3
[EST DONE] 2026-04-21T05:22:21.614351 estimator=lPCA k=7 dur=268.753s seed=3
[EST DONE] 2026-04-21T05:24:50.977119 estimator=DANCo k=10 dur=1061.835s seed=3
[EST DONE] 2026-04-21T05:25:17.418476 estimator=lPCA k=10 dur=175.804s seed=3
[EST DONE] 2026-04-21T05:26:55.302549 estimator=lPCA k=15 dur=97.884s seed=3
[EST DONE] 2026-04-21T05:27:25.814802 estimator=DANCo k=10 dur=893.811s seed=3
[EST DONE] 2026-04-21T05:28:25.245637 estimator=DANCo k=10 dur=961.044s seed=3
[EST DONE] 2026-04-21T05:29:41.162785 estimator=SMAE (no-k) dur=1277.225s seed=3
[TASK END] 2026-04-21T05:29:41.162944 manifold=torus d=9 sigma=1.0 seed=3 duration=7784.945s
[TASK START] 2026-04-21T05:29:41.163585 manifold=torus d=15 sigma=0.0 n=60000 seed=3
[EST DONE] 2026-04-21T05:30:20.575233 estimator=Levina-Bickel k=3 dur=20.518s seed=3
[EST DONE] 2026-04-21T05:30:54.933141 estimator=Levina-Bickel k=5 dur=34.358s seed=3
[EST DONE] 2026-04-21T05:31:22.018265 estimator=Levina-Bickel k=7 dur=27.085s seed=3
[EST DONE] 2026-04-21T05:31:33.499541 estimator=Levina-Bickel k=10 dur=11.481s seed=3
[EST DONE] 2026-04-21T05:32:01.116633 estimator=Levina-Bickel k=15 dur=27.617s seed=3
[EST DONE] 2026-04-21T05:32:42.473095 estimator=TwoNN (no-k) dur=41.356s seed=3
[EST DONE] 2026-04-21T05:39:30.680739 estimator=FisherS (no-k) dur=1200.388s seed=3
[EST DONE] 2026-04-21T05:42:37.766211 estimator=lPCA k=3 dur=303.032s seed=3
[EST DONE] 2026-04-21T05:44:59.005467 estimator=DANCo k=15 dur=1208.028s seed=3
[EST DONE] 2026-04-21T05:45:16.787030 estimator=MiND k=3 dur=9.551s seed=3
[EST DONE] 2026-04-21T05:45:19.730200 estimator=lPCA k=5 dur=161.964s seed=3
[EST DONE] 2026-04-21T05:45:34.522495 estimator=MiND k=5 dur=17.735s seed=3
[EST DONE] 2026-04-21T05:45:44.057740 estimator=MiND k=7 dur=9.535s seed=3
[EST DONE] 2026-04-21T05:45:56.956339 estimator=MiND k=10 dur=12.898s seed=3
[EST DONE] 2026-04-21T05:46:10.352064 estimator=MiND k=15 dur=13.396s seed=3
[EST DONE] 2026-04-21T05:47:20.824756 estimator=lPCA k=7 dur=121.094s seed=3
[EST DONE] 2026-04-21T05:47:59.194237 estimator=DANCo k=15 dur=1233.379s seed=3
[EST DONE] 2026-04-21T05:48:36.291451 estimator=MiND k=3 dur=13.338s seed=3
[EST DONE] 2026-04-21T05:49:01.283416 estimator=MiND k=5 dur=24.992s seed=3
[EST DONE] 2026-04-21T05:49:20.038135 estimator=MiND k=7 dur=18.755s seed=3
[EST DONE] 2026-04-21T05:49:33.755585 estimator=MiND k=10 dur=13.717s seed=3
[EST DONE] 2026-04-21T05:50:03.792430 estimator=MiND k=15 dur=30.037s seed=3
[EST DONE] 2026-04-21T05:50:14.681673 estimator=DANCo k=15 dur=1309.436s seed=3
[EST DONE] 2026-04-21T05:50:29.078949 estimator=lPCA k=10 dur=188.254s seed=3
[EST DONE] 2026-04-21T05:50:52.365934 estimator=MiND k=3 dur=26.745s seed=3
[EST DONE] 2026-04-21T05:51:26.079896 estimator=MiND k=5 dur=33.714s seed=3
[EST DONE] 2026-04-21T05:51:39.950936 estimator=MiND k=7 dur=13.871s seed=3
[EST DONE] 2026-04-21T05:51:54.770323 estimator=MiND k=10 dur=14.819s seed=3
[EST DONE] 2026-04-21T05:52:07.442295 estimator=MiND k=15 dur=12.672s seed=3
[EST DONE] 2026-04-21T05:52:42.469977 estimator=lPCA k=15 dur=133.391s seed=3
[EST DONE] 2026-04-21T05:54:54.014090 estimator=DANCo k=3 dur=629.931s seed=3
[EST DONE] 2026-04-21T05:57:31.197094 estimator=SMAE (no-k) dur=1080.516s seed=3
[TASK END] 2026-04-21T05:57:31.197263 manifold=torus d=12 sigma=0.0 seed=3 duration=9275.245s
[TASK START] 2026-04-21T05:57:31.208353 manifold=torus d=15 sigma=0.25 n=60000 seed=3
[EST DONE] 2026-04-21T05:58:10.192206 estimator=Levina-Bickel k=3 dur=12.304s seed=3
[EST DONE] 2026-04-21T05:58:31.992461 estimator=Levina-Bickel k=5 dur=21.800s seed=3
[EST DONE] 2026-04-21T05:59:09.533108 estimator=Levina-Bickel k=7 dur=37.540s seed=3
[EST DONE] 2026-04-21T05:59:25.322383 estimator=Levina-Bickel k=10 dur=15.789s seed=3
[EST DONE] 2026-04-21T05:59:42.709581 estimator=Levina-Bickel k=15 dur=17.387s seed=3
[EST DONE] 2026-04-21T05:59:55.105174 estimator=TwoNN (no-k) dur=12.395s seed=3
[EST DONE] 2026-04-21T06:01:21.519403 estimator=FisherS (no-k) dur=911.167s seed=3
[EST DONE] 2026-04-21T06:05:00.651435 estimator=lPCA k=3 dur=131.595s seed=3
[EST DONE] 2026-04-21T06:05:03.249583 estimator=FisherS (no-k) dur=899.457s seed=3
[EST DONE] 2026-04-21T06:06:21.091437 estimator=FisherS (no-k) dur=853.649s seed=3
[EST DONE] 2026-04-21T06:06:44.317568 estimator=lPCA k=5 dur=103.666s seed=3
[EST DONE] 2026-04-21T06:07:30.557040 estimator=DANCo k=5 dur=756.543s seed=3
[EST DONE] 2026-04-21T06:07:55.057845 estimator=lPCA k=7 dur=70.740s seed=3
[EST DONE] 2026-04-21T06:09:51.976625 estimator=lPCA k=10 dur=116.919s seed=3
[EST DONE] 2026-04-21T06:14:15.016308 estimator=lPCA k=15 dur=263.039s seed=3
[EST DONE] 2026-04-21T06:17:26.734873 estimator=SMAE (no-k) dur=965.215s seed=3
[TASK END] 2026-04-21T06:17:26.735096 manifold=torus d=12 sigma=0.25 seed=3 duration=9402.779s
[TASK START] 2026-04-21T06:17:26.752299 manifold=torus d=15 sigma=0.5 n=60000 seed=3
[EST DONE] 2026-04-21T06:18:01.742478 estimator=Levina-Bickel k=3 dur=17.708s seed=3
[EST DONE] 2026-04-21T06:18:15.629145 estimator=Levina-Bickel k=5 dur=13.887s seed=3
[EST DONE] 2026-04-21T06:18:37.594831 estimator=Levina-Bickel k=7 dur=21.966s seed=3
[EST DONE] 2026-04-21T06:18:51.709140 estimator=Levina-Bickel k=10 dur=14.114s seed=3
[EST DONE] 2026-04-21T06:19:18.087224 estimator=Levina-Bickel k=15 dur=26.378s seed=3
[EST DONE] 2026-04-21T06:19:30.255611 estimator=TwoNN (no-k) dur=12.168s seed=3
[EST DONE] 2026-04-21T06:21:37.635553 estimator=DANCo k=7 dur=847.078s seed=3
[EST DONE] 2026-04-21T06:22:07.785936 estimator=DANCo k=3 dur=915.676s seed=3
[EST DONE] 2026-04-21T06:22:22.338767 estimator=SMAE (no-k) dur=1039.089s seed=3
[TASK END] 2026-04-21T06:22:22.338953 manifold=torus d=12 sigma=0.75 seed=3 duration=9422.538s
[TASK START] 2026-04-21T06:22:22.339802 manifold=torus d=15 sigma=0.75 n=60000 seed=3
[EST DONE] 2026-04-21T06:22:44.935848 estimator=Levina-Bickel k=3 dur=11.747s seed=3
[EST DONE] 2026-04-21T06:22:54.653178 estimator=Levina-Bickel k=5 dur=9.717s seed=3
[EST DONE] 2026-04-21T06:23:06.682468 estimator=Levina-Bickel k=7 dur=12.029s seed=3
[EST DONE] 2026-04-21T06:23:17.951097 estimator=Levina-Bickel k=10 dur=11.268s seed=3
[EST DONE] 2026-04-21T06:23:30.586617 estimator=Levina-Bickel k=15 dur=12.635s seed=3
[EST DONE] 2026-04-21T06:23:41.257408 estimator=TwoNN (no-k) dur=10.671s seed=3
[EST DONE] 2026-04-21T06:24:03.314149 estimator=lPCA k=3 dur=113.236s seed=3
[EST DONE] 2026-04-21T06:26:23.523884 estimator=SMAE (no-k) dur=1202.432s seed=3
[TASK END] 2026-04-21T06:26:23.524060 manifold=torus d=12 sigma=0.5 seed=3 duration=9715.996s
[TASK START] 2026-04-21T06:26:23.532332 manifold=torus d=15 sigma=1.0 n=60000 seed=3
[EST DONE] 2026-04-21T06:27:14.215529 estimator=Levina-Bickel k=3 dur=20.414s seed=3
[EST DONE] 2026-04-21T06:27:18.449123 estimator=lPCA k=5 dur=195.135s seed=3
[EST DONE] 2026-04-21T06:27:45.476680 estimator=Levina-Bickel k=5 dur=31.261s seed=3
[EST DONE] 2026-04-21T06:28:21.921608 estimator=Levina-Bickel k=7 dur=36.445s seed=3
[EST DONE] 2026-04-21T06:28:56.513162 estimator=Levina-Bickel k=10 dur=34.591s seed=3
[EST DONE] 2026-04-21T06:29:18.459274 estimator=Levina-Bickel k=15 dur=21.946s seed=3
[EST DONE] 2026-04-21T06:29:48.509279 estimator=TwoNN (no-k) dur=30.050s seed=3
[EST DONE] 2026-04-21T06:31:46.560726 estimator=lPCA k=3 dur=340.283s seed=3
[EST DONE] 2026-04-21T06:32:41.207261 estimator=lPCA k=7 dur=322.758s seed=3
[EST DONE] 2026-04-21T06:33:54.906283 estimator=lPCA k=5 dur=128.345s seed=3
[EST DONE] 2026-04-21T06:34:30.536148 estimator=lPCA k=10 dur=109.329s seed=3
[EST DONE] 2026-04-21T06:35:05.691541 estimator=lPCA k=3 dur=114.694s seed=3
[EST DONE] 2026-04-21T06:36:27.783496 estimator=lPCA k=7 dur=152.877s seed=3
[EST DONE] 2026-04-21T06:37:31.028197 estimator=DANCo k=10 dur=953.392s seed=3
[EST DONE] 2026-04-21T06:38:03.581714 estimator=lPCA k=15 dur=213.045s seed=3
[EST DONE] 2026-04-21T06:38:43.780032 estimator=lPCA k=5 dur=218.088s seed=3
[EST DONE] 2026-04-21T06:39:26.819256 estimator=lPCA k=10 dur=179.036s seed=3
[EST DONE] 2026-04-21T06:40:16.430069 estimator=DANCo k=5 dur=1088.644s seed=3
[EST DONE] 2026-04-21T06:40:21.825178 estimator=lPCA k=7 dur=98.045s seed=3
[EST DONE] 2026-04-21T06:41:46.644959 estimator=lPCA k=15 dur=139.826s seed=3
[EST DONE] 2026-04-21T06:43:52.693404 estimator=lPCA k=10 dur=210.868s seed=3
[EST DONE] 2026-04-21T06:50:03.951122 estimator=DANCo k=3 dur=1161.729s seed=3
[EST DONE] 2026-04-21T06:51:09.005351 estimator=lPCA k=15 dur=436.312s seed=3
[EST DONE] 2026-04-21T07:00:54.890117 estimator=DANCo k=15 dur=1403.862s seed=3
[EST DONE] 2026-04-21T07:02:21.096906 estimator=MiND k=3 dur=39.654s seed=3
[EST DONE] 2026-04-21T07:02:32.276641 estimator=MiND k=5 dur=11.180s seed=3
[EST DONE] 2026-04-21T07:02:48.311054 estimator=MiND k=7 dur=16.034s seed=3
[EST DONE] 2026-04-21T07:03:01.478582 estimator=MiND k=10 dur=13.167s seed=3
[EST DONE] 2026-04-21T07:03:14.087825 estimator=MiND k=15 dur=12.609s seed=3
[EST DONE] 2026-04-21T07:05:22.583036 estimator=DANCo k=7 dur=1506.153s seed=3
[EST DONE] 2026-04-21T07:13:03.339018 estimator=DANCo k=5 dur=1379.388s seed=3
[EST DONE] 2026-04-21T07:23:05.393335 estimator=DANCo k=3 dur=1333.557s seed=3
[EST DONE] 2026-04-21T07:26:25.800681 estimator=FisherS (no-k) dur=1391.713s seed=3
[EST DONE] 2026-04-21T07:28:23.191980 estimator=DANCo k=3 dur=1349.614s seed=3
[EST DONE] 2026-04-21T07:30:08.138246 estimator=DANCo k=10 dur=1485.555s seed=3
[EST DONE] 2026-04-21T07:34:35.919612 estimator=DANCo k=3 dur=1336.354s seed=3
[EST DONE] 2026-04-21T07:37:52.416908 estimator=DANCo k=7 dur=1489.078s seed=3
[EST DONE] 2026-04-21T07:46:20.694695 estimator=DANCo k=5 dur=1395.301s seed=3
[EST DONE] 2026-04-21T07:51:04.692113 estimator=DANCo k=5 dur=1361.460s seed=3
[EST DONE] 2026-04-21T07:51:42.112031 estimator=SMAE (no-k) dur=1516.311s seed=3
[TASK END] 2026-04-21T07:51:42.112308 manifold=torus d=12 sigma=1.0 seed=3 duration=9829.186s
[EST DONE] 2026-04-21T07:56:41.390431 estimator=DANCo k=5 dur=1325.471s seed=3
[EST DONE] 2026-04-21T07:57:51.455506 estimator=DANCo k=15 dur=1663.317s seed=3
[EST DONE] 2026-04-21T07:58:26.616618 estimator=MiND k=3 dur=9.806s seed=3
[EST DONE] 2026-04-21T07:58:51.252796 estimator=MiND k=5 dur=24.636s seed=3
[EST DONE] 2026-04-21T07:59:20.391759 estimator=MiND k=7 dur=29.139s seed=3
[EST DONE] 2026-04-21T07:59:34.643086 estimator=MiND k=10 dur=14.251s seed=3
[EST DONE] 2026-04-21T08:00:00.984536 estimator=MiND k=15 dur=26.341s seed=3
[EST DONE] 2026-04-21T08:02:58.032222 estimator=DANCo k=10 dur=1505.615s seed=3
[EST DONE] 2026-04-21T08:07:25.284733 estimator=DANCo k=7 dur=1264.590s seed=3
[EST DONE] 2026-04-21T08:11:45.681366 estimator=DANCo k=7 dur=1240.989s seed=3
[EST DONE] 2026-04-21T08:16:06.383050 estimator=DANCo k=7 dur=1164.992s seed=3
[EST DONE] 2026-04-21T08:18:10.050241 estimator=FisherS (no-k) dur=1089.066s seed=3
[EST DONE] 2026-04-21T08:25:52.897395 estimator=DANCo k=15 dur=1374.865s seed=3
[EST DONE] 2026-04-21T08:26:15.073242 estimator=MiND k=3 dur=13.872s seed=3
[EST DONE] 2026-04-21T08:26:26.145515 estimator=MiND k=5 dur=11.072s seed=3
[EST DONE] 2026-04-21T08:26:33.987375 estimator=MiND k=7 dur=7.842s seed=3
[EST DONE] 2026-04-21T08:26:50.925771 estimator=MiND k=10 dur=16.938s seed=3
[EST DONE] 2026-04-21T08:26:59.551003 estimator=MiND k=15 dur=8.625s seed=3
[EST DONE] 2026-04-21T08:28:18.916647 estimator=DANCo k=10 dur=1253.632s seed=3
[EST DONE] 2026-04-21T08:30:13.627362 estimator=DANCo k=10 dur=1107.946s seed=3
[EST DONE] 2026-04-21T08:32:07.962634 estimator=DANCo k=10 dur=961.579s seed=3
[EST DONE] 2026-04-21T08:36:22.766960 estimator=SMAE (no-k) dur=1092.716s seed=3
[TASK END] 2026-04-21T08:36:22.767121 manifold=torus d=15 sigma=0.0 seed=3 duration=11201.604s
[EST DONE] 2026-04-21T08:40:57.406385 estimator=FisherS (no-k) dur=837.855s seed=3
[EST DONE] 2026-04-21T08:45:45.074055 estimator=DANCo k=15 dur=1046.157s seed=3
[EST DONE] 2026-04-21T08:46:05.713840 estimator=MiND k=3 dur=13.790s seed=3
[EST DONE] 2026-04-21T08:46:13.767409 estimator=MiND k=5 dur=8.053s seed=3
[EST DONE] 2026-04-21T08:46:25.524456 estimator=MiND k=7 dur=11.757s seed=3
[EST DONE] 2026-04-21T08:46:34.037994 estimator=MiND k=10 dur=8.513s seed=3
[EST DONE] 2026-04-21T08:46:46.766977 estimator=MiND k=15 dur=12.729s seed=3
[EST DONE] 2026-04-21T08:47:58.402825 estimator=DANCo k=15 dur=1064.775s seed=3
[EST DONE] 2026-04-21T08:48:17.177090 estimator=MiND k=3 dur=8.245s seed=3
[EST DONE] 2026-04-21T08:48:19.864516 estimator=DANCo k=15 dur=971.902s seed=3
[EST DONE] 2026-04-21T08:48:27.278537 estimator=MiND k=5 dur=10.101s seed=3
[EST DONE] 2026-04-21T08:48:39.459246 estimator=MiND k=7 dur=12.181s seed=3
[EST DONE] 2026-04-21T08:48:44.121049 estimator=MiND k=3 dur=12.172s seed=3
[EST DONE] 2026-04-21T08:48:50.910686 estimator=MiND k=10 dur=11.451s seed=3
[EST DONE] 2026-04-21T08:48:55.194110 estimator=MiND k=5 dur=11.073s seed=3
[EST DONE] 2026-04-21T08:49:02.123521 estimator=MiND k=15 dur=11.213s seed=3
[EST DONE] 2026-04-21T08:49:05.189227 estimator=MiND k=7 dur=9.995s seed=3
[EST DONE] 2026-04-21T08:49:12.749677 estimator=MiND k=10 dur=7.560s seed=3
[EST DONE] 2026-04-21T08:49:21.799094 estimator=MiND k=15 dur=9.049s seed=3
[EST DONE] 2026-04-21T08:51:58.397501 estimator=SMAE (no-k) dur=660.991s seed=3
[TASK END] 2026-04-21T08:51:58.397659 manifold=torus d=15 sigma=0.25 seed=3 duration=10467.189s
[EST DONE] 2026-04-21T08:53:24.962150 estimator=FisherS (no-k) dur=398.195s seed=3
[EST DONE] 2026-04-21T08:54:58.416986 estimator=FisherS (no-k) dur=356.293s seed=3
[EST DONE] 2026-04-21T08:55:12.136026 estimator=FisherS (no-k) dur=350.337s seed=3
[EST DONE] 2026-04-21T09:00:00.389674 estimator=SMAE (no-k) dur=395.427s seed=3
[TASK END] 2026-04-21T09:00:00.389835 manifold=torus d=15 sigma=0.5 seed=3 duration=9753.638s
[EST DONE] 2026-04-21T09:01:17.279424 estimator=SMAE (no-k) dur=378.862s seed=3
[TASK END] 2026-04-21T09:01:17.279599 manifold=torus d=15 sigma=0.75 seed=3 duration=9534.940s
[EST DONE] 2026-04-21T09:01:30.976674 estimator=SMAE (no-k) dur=378.840s seed=3
[TASK END] 2026-04-21T09:01:30.976801 manifold=torus d=15 sigma=1.0 seed=3 duration=9307.444s
Completed synthetic task manifold=sphere d=5 sigma=0.0 seed=3 in 1926.7s
Completed synthetic task manifold=sphere d=5 sigma=0.5 seed=3 in 1936.4s
Completed synthetic task manifold=sphere d=5 sigma=0.25 seed=3 in 1946.3s
Completed synthetic task manifold=sphere d=5 sigma=0.75 seed=3 in 1946.7s
Completed synthetic task manifold=sphere d=5 sigma=1.0 seed=3 in 1979.0s
Completed synthetic task manifold=sphere d=7 sigma=0.0 seed=3 in 2100.6s
Completed synthetic task manifold=sphere d=7 sigma=0.5 seed=3 in 4372.7s
Completed synthetic task manifold=sphere d=7 sigma=0.25 seed=3 in 4438.6s
Completed synthetic task manifold=sphere d=7 sigma=0.75 seed=3 in 4493.7s
Completed synthetic task manifold=sphere d=7 sigma=1.0 seed=3 in 4505.8s
Completed synthetic task manifold=sphere d=9 sigma=0.0 seed=3 in 5019.8s
Completed synthetic task manifold=sphere d=9 sigma=0.25 seed=3 in 5269.8s
Completed synthetic task manifold=sphere d=9 sigma=0.5 seed=3 in 7495.4s
Completed synthetic task manifold=sphere d=9 sigma=0.75 seed=3 in 7679.5s
Completed synthetic task manifold=sphere d=9 sigma=1.0 seed=3 in 7862.0s
Completed synthetic task manifold=sphere d=15 sigma=0.0 seed=3 in 12406.8s
Completed synthetic task manifold=sphere d=12 sigma=0.0 seed=3 in 15052.3s
Completed synthetic task manifold=sphere d=12 sigma=0.25 seed=3 in 16407.9s
Completed synthetic task manifold=sphere d=12 sigma=0.5 seed=3 in 17056.9s
Completed synthetic task manifold=sphere d=15 sigma=0.25 seed=3 in 17902.8s
Completed synthetic task manifold=sphere d=12 sigma=0.75 seed=3 in 20478.4s
Completed synthetic task manifold=sphere d=15 sigma=0.5 seed=3 in 21245.5s
Completed synthetic task manifold=sphere d=12 sigma=1.0 seed=3 in 21905.9s
Completed synthetic task manifold=sphere d=15 sigma=0.75 seed=3 in 22121.9s
Completed synthetic task manifold=torus d=5 sigma=0.0 seed=3 in 22254.0s
Completed synthetic task manifold=sphere d=15 sigma=1.0 seed=3 in 22500.7s
Completed synthetic task manifold=torus d=5 sigma=0.25 seed=3 in 23459.6s
Completed synthetic task manifold=torus d=5 sigma=0.5 seed=3 in 24073.4s
Completed synthetic task manifold=torus d=5 sigma=0.75 seed=3 in 25368.9s
Completed synthetic task manifold=torus d=5 sigma=1.0 seed=3 in 26016.5s
Completed synthetic task manifold=torus d=7 sigma=0.0 seed=3 in 30504.5s
Completed synthetic task manifold=torus d=9 sigma=0.0 seed=3 in 31627.5s
Completed synthetic task manifold=torus d=7 sigma=0.25 seed=3 in 31852.6s
Completed synthetic task manifold=torus d=7 sigma=0.5 seed=3 in 37054.3s
Completed synthetic task manifold=torus d=9 sigma=0.25 seed=3 in 37234.1s
Completed synthetic task manifold=torus d=9 sigma=0.5 seed=3 in 38302.1s
Completed synthetic task manifold=torus d=9 sigma=0.75 seed=3 in 38525.6s
Completed synthetic task manifold=torus d=7 sigma=0.75 seed=3 in 38577.9s
Completed synthetic task manifold=torus d=7 sigma=1.0 seed=3 in 43531.0s
Completed synthetic task manifold=torus d=9 sigma=1.0 seed=3 in 44839.3s
Completed synthetic task manifold=torus d=12 sigma=0.0 seed=3 in 46509.3s
Completed synthetic task manifold=torus d=12 sigma=0.25 seed=3 in 47704.8s
Completed synthetic task manifold=torus d=12 sigma=0.75 seed=3 in 48000.4s
Completed synthetic task manifold=torus d=12 sigma=0.5 seed=3 in 48241.6s
Completed synthetic task manifold=torus d=12 sigma=1.0 seed=3 in 53360.2s
Completed synthetic task manifold=torus d=15 sigma=0.0 seed=3 in 56040.9s
Completed synthetic task manifold=torus d=15 sigma=0.25 seed=3 in 56976.5s
Completed synthetic task manifold=torus d=15 sigma=0.5 seed=3 in 57458.5s
Completed synthetic task manifold=torus d=15 sigma=0.75 seed=3 in 57535.4s
Completed synthetic task manifold=torus d=15 sigma=1.0 seed=3 in 57549.1s
Wrote per-task synthetic results to results/synthetic_large.task3.csv
Saved results/synthetic_large.csv
Running MNIST autoencoder large experiments...
[MNIST TASK START] 2026-04-21T09:01:31.911282 bottleneck=5 replicate=0 seed=3
[AE START] seed=3 bottleneck=5 epochs=50 subset=0
[AE EPOCH] epoch=1/50 loss=0.093953 epoch_time=1.60s device=cuda
[AE EPOCH] epoch=2/50 loss=0.051737 epoch_time=1.33s device=cuda
[AE EPOCH] epoch=3/50 loss=0.043133 epoch_time=1.37s device=cuda
[AE EPOCH] epoch=4/50 loss=0.039408 epoch_time=1.27s device=cuda
[AE EPOCH] epoch=5/50 loss=0.037244 epoch_time=1.22s device=cuda
[AE EPOCH] epoch=6/50 loss=0.035846 epoch_time=1.20s device=cuda
[AE EPOCH] epoch=7/50 loss=0.034846 epoch_time=1.08s device=cuda
[AE EPOCH] epoch=8/50 loss=0.034076 epoch_time=1.15s device=cuda
[AE EPOCH] epoch=9/50 loss=0.033449 epoch_time=1.35s device=cuda
[AE EPOCH] epoch=10/50 loss=0.032903 epoch_time=1.46s device=cuda
[AE EPOCH] epoch=11/50 loss=0.032423 epoch_time=1.20s device=cuda
[AE EPOCH] epoch=12/50 loss=0.031984 epoch_time=1.22s device=cuda
[AE EPOCH] epoch=13/50 loss=0.031592 epoch_time=1.32s device=cuda
[AE EPOCH] epoch=14/50 loss=0.031236 epoch_time=1.37s device=cuda
[AE EPOCH] epoch=15/50 loss=0.030907 epoch_time=1.21s device=cuda
[AE EPOCH] epoch=16/50 loss=0.030609 epoch_time=1.43s device=cuda
[AE EPOCH] epoch=17/50 loss=0.030336 epoch_time=1.27s device=cuda
[AE EPOCH] epoch=18/50 loss=0.030083 epoch_time=1.18s device=cuda
[AE EPOCH] epoch=19/50 loss=0.029850 epoch_time=1.45s device=cuda
[AE EPOCH] epoch=20/50 loss=0.029636 epoch_time=1.22s device=cuda
[AE EPOCH] epoch=21/50 loss=0.029433 epoch_time=1.28s device=cuda
[AE EPOCH] epoch=22/50 loss=0.029248 epoch_time=1.38s device=cuda
[AE EPOCH] epoch=23/50 loss=0.029074 epoch_time=1.42s device=cuda
[AE EPOCH] epoch=24/50 loss=0.028913 epoch_time=1.44s device=cuda
[AE EPOCH] epoch=25/50 loss=0.028759 epoch_time=1.21s device=cuda
[AE EPOCH] epoch=26/50 loss=0.028616 epoch_time=1.47s device=cuda
[AE EPOCH] epoch=27/50 loss=0.028479 epoch_time=1.44s device=cuda
[AE EPOCH] epoch=28/50 loss=0.028352 epoch_time=1.24s device=cuda
[AE EPOCH] epoch=29/50 loss=0.028230 epoch_time=1.33s device=cuda
[AE EPOCH] epoch=30/50 loss=0.028118 epoch_time=1.14s device=cuda
[AE EPOCH] epoch=31/50 loss=0.028007 epoch_time=1.27s device=cuda
[AE EPOCH] epoch=32/50 loss=0.027905 epoch_time=1.21s device=cuda
[AE EPOCH] epoch=33/50 loss=0.027807 epoch_time=1.28s device=cuda
[AE EPOCH] epoch=34/50 loss=0.027710 epoch_time=1.30s device=cuda
[AE EPOCH] epoch=35/50 loss=0.027621 epoch_time=1.10s device=cuda
[AE EPOCH] epoch=36/50 loss=0.027535 epoch_time=1.32s device=cuda
[AE EPOCH] epoch=37/50 loss=0.027452 epoch_time=1.21s device=cuda
[AE EPOCH] epoch=38/50 loss=0.027372 epoch_time=1.10s device=cuda
[AE EPOCH] epoch=39/50 loss=0.027298 epoch_time=1.30s device=cuda
[AE EPOCH] epoch=40/50 loss=0.027220 epoch_time=1.29s device=cuda
[AE EPOCH] epoch=41/50 loss=0.027150 epoch_time=1.12s device=cuda
[AE EPOCH] epoch=42/50 loss=0.027085 epoch_time=1.26s device=cuda
[AE EPOCH] epoch=43/50 loss=0.027016 epoch_time=1.33s device=cuda
[AE EPOCH] epoch=44/50 loss=0.026952 epoch_time=1.37s device=cuda
[AE EPOCH] epoch=45/50 loss=0.026888 epoch_time=1.36s device=cuda
[AE EPOCH] epoch=46/50 loss=0.026830 epoch_time=1.31s device=cuda
[AE EPOCH] epoch=47/50 loss=0.026770 epoch_time=1.24s device=cuda
[AE EPOCH] epoch=48/50 loss=0.026712 epoch_time=1.38s device=cuda
[AE EPOCH] epoch=49/50 loss=0.026658 epoch_time=1.09s device=cuda
[AE EPOCH] epoch=50/50 loss=0.026603 epoch_time=1.24s device=cuda
[AE TRAIN COMPLETE] total_time=64.38s
[AE TRAIN COMPLETE] 2026-04-21T09:02:41.960684 bottleneck=5 replicate=0 dur=70.0s seed=3
[EST START] 2026-04-21T09:02:42.080013 bottleneck=5 replicate=0 seed=3 estimator=Levina-Bickel k=3 sigma=0.0
[EST DONE] 2026-04-21T09:02:43.384119 bottleneck=5 replicate=0 seed=3 estimator=Levina-Bickel k=3 dur=1.304s
[EST START] 2026-04-21T09:02:43.384231 bottleneck=5 replicate=0 seed=3 estimator=Levina-Bickel k=5 sigma=0.0
[EST DONE] 2026-04-21T09:02:44.774818 bottleneck=5 replicate=0 seed=3 estimator=Levina-Bickel k=5 dur=1.391s
[EST START] 2026-04-21T09:02:44.774934 bottleneck=5 replicate=0 seed=3 estimator=Levina-Bickel k=7 sigma=0.0
[EST DONE] 2026-04-21T09:02:46.423567 bottleneck=5 replicate=0 seed=3 estimator=Levina-Bickel k=7 dur=1.649s
[EST START] 2026-04-21T09:02:46.423683 bottleneck=5 replicate=0 seed=3 estimator=Levina-Bickel k=10 sigma=0.0
[EST DONE] 2026-04-21T09:02:48.271768 bottleneck=5 replicate=0 seed=3 estimator=Levina-Bickel k=10 dur=1.848s
[EST START] 2026-04-21T09:02:48.271909 bottleneck=5 replicate=0 seed=3 estimator=Levina-Bickel k=15 sigma=0.0
[EST DONE] 2026-04-21T09:02:50.502951 bottleneck=5 replicate=0 seed=3 estimator=Levina-Bickel k=15 dur=2.231s
[EST START] 2026-04-21T09:02:50.503138 bottleneck=5 replicate=0 seed=3 estimator=TwoNN k=ALL sigma=0.0
[EST DONE] 2026-04-21T09:02:51.532339 bottleneck=5 replicate=0 seed=3 estimator=TwoNN k=ALL dur=1.029s
[EST START] 2026-04-21T09:02:51.532468 bottleneck=5 replicate=0 seed=3 estimator=lPCA k=3 sigma=0.0
[EST DONE] 2026-04-21T09:03:23.559679 bottleneck=5 replicate=0 seed=3 estimator=lPCA k=3 dur=32.027s
[EST START] 2026-04-21T09:03:23.559808 bottleneck=5 replicate=0 seed=3 estimator=lPCA k=5 sigma=0.0
[EST DONE] 2026-04-21T09:03:56.869517 bottleneck=5 replicate=0 seed=3 estimator=lPCA k=5 dur=33.310s
[EST START] 2026-04-21T09:03:56.869643 bottleneck=5 replicate=0 seed=3 estimator=lPCA k=7 sigma=0.0
[EST DONE] 2026-04-21T09:04:31.585780 bottleneck=5 replicate=0 seed=3 estimator=lPCA k=7 dur=34.716s
[EST START] 2026-04-21T09:04:31.585918 bottleneck=5 replicate=0 seed=3 estimator=lPCA k=10 sigma=0.0
[EST DONE] 2026-04-21T09:05:09.129934 bottleneck=5 replicate=0 seed=3 estimator=lPCA k=10 dur=37.544s
[EST START] 2026-04-21T09:05:09.130133 bottleneck=5 replicate=0 seed=3 estimator=lPCA k=15 sigma=0.0
[EST DONE] 2026-04-21T09:05:48.501758 bottleneck=5 replicate=0 seed=3 estimator=lPCA k=15 dur=39.372s
[EST START] 2026-04-21T09:05:48.501894 bottleneck=5 replicate=0 seed=3 estimator=DANCo k=3 sigma=0.0
[EST DONE] 2026-04-21T09:06:23.750246 bottleneck=5 replicate=0 seed=3 estimator=DANCo k=3 dur=35.248s
[EST START] 2026-04-21T09:06:23.750353 bottleneck=5 replicate=0 seed=3 estimator=DANCo k=5 sigma=0.0
[EST DONE] 2026-04-21T09:06:57.131607 bottleneck=5 replicate=0 seed=3 estimator=DANCo k=5 dur=33.381s
[EST START] 2026-04-21T09:06:57.131733 bottleneck=5 replicate=0 seed=3 estimator=DANCo k=7 sigma=0.0
[EST DONE] 2026-04-21T09:07:32.523907 bottleneck=5 replicate=0 seed=3 estimator=DANCo k=7 dur=35.392s
[EST START] 2026-04-21T09:07:32.524045 bottleneck=5 replicate=0 seed=3 estimator=DANCo k=10 sigma=0.0
[EST DONE] 2026-04-21T09:08:08.615667 bottleneck=5 replicate=0 seed=3 estimator=DANCo k=10 dur=36.092s
[EST START] 2026-04-21T09:08:08.615864 bottleneck=5 replicate=0 seed=3 estimator=DANCo k=15 sigma=0.0
[EST DONE] 2026-04-21T09:08:51.957128 bottleneck=5 replicate=0 seed=3 estimator=DANCo k=15 dur=43.341s
[EST START] 2026-04-21T09:08:51.957263 bottleneck=5 replicate=0 seed=3 estimator=MiND k=3 sigma=0.0
[EST DONE] 2026-04-21T09:08:53.288016 bottleneck=5 replicate=0 seed=3 estimator=MiND k=3 dur=1.331s
[EST START] 2026-04-21T09:08:53.288131 bottleneck=5 replicate=0 seed=3 estimator=MiND k=5 sigma=0.0
[EST DONE] 2026-04-21T09:08:54.764769 bottleneck=5 replicate=0 seed=3 estimator=MiND k=5 dur=1.477s
[EST START] 2026-04-21T09:08:54.764870 bottleneck=5 replicate=0 seed=3 estimator=MiND k=7 sigma=0.0
[EST DONE] 2026-04-21T09:08:56.448023 bottleneck=5 replicate=0 seed=3 estimator=MiND k=7 dur=1.683s
[EST START] 2026-04-21T09:08:56.448140 bottleneck=5 replicate=0 seed=3 estimator=MiND k=10 sigma=0.0
[EST DONE] 2026-04-21T09:08:58.291456 bottleneck=5 replicate=0 seed=3 estimator=MiND k=10 dur=1.843s
[EST START] 2026-04-21T09:08:58.291632 bottleneck=5 replicate=0 seed=3 estimator=MiND k=15 sigma=0.0
[EST DONE] 2026-04-21T09:09:00.448497 bottleneck=5 replicate=0 seed=3 estimator=MiND k=15 dur=2.157s
[EST START] 2026-04-21T09:09:00.448602 bottleneck=5 replicate=0 seed=3 estimator=FisherS k=ALL sigma=0.0
[EST DONE] 2026-04-21T09:13:14.259046 bottleneck=5 replicate=0 seed=3 estimator=FisherS k=ALL dur=253.810s
[EST START] 2026-04-21T09:13:14.259271 bottleneck=5 replicate=0 seed=3 estimator=SMAE k=ALL sigma=0.0
[EST DONE] 2026-04-21T09:19:01.917106 bottleneck=5 replicate=0 seed=3 estimator=SMAE k=ALL dur=347.658s
[EST START] 2026-04-21T09:19:01.929079 bottleneck=5 replicate=0 seed=3 estimator=Levina-Bickel k=3 sigma=0.25
[EST DONE] 2026-04-21T09:19:03.096504 bottleneck=5 replicate=0 seed=3 estimator=Levina-Bickel k=3 dur=1.167s
[EST START] 2026-04-21T09:19:03.096611 bottleneck=5 replicate=0 seed=3 estimator=Levina-Bickel k=5 sigma=0.25
[EST DONE] 2026-04-21T09:19:04.493369 bottleneck=5 replicate=0 seed=3 estimator=Levina-Bickel k=5 dur=1.397s
[EST START] 2026-04-21T09:19:04.493546 bottleneck=5 replicate=0 seed=3 estimator=Levina-Bickel k=7 sigma=0.25
[EST DONE] 2026-04-21T09:19:06.120261 bottleneck=5 replicate=0 seed=3 estimator=Levina-Bickel k=7 dur=1.627s
[EST START] 2026-04-21T09:19:06.120390 bottleneck=5 replicate=0 seed=3 estimator=Levina-Bickel k=10 sigma=0.25
[EST DONE] 2026-04-21T09:19:07.861655 bottleneck=5 replicate=0 seed=3 estimator=Levina-Bickel k=10 dur=1.741s
[EST START] 2026-04-21T09:19:07.861762 bottleneck=5 replicate=0 seed=3 estimator=Levina-Bickel k=15 sigma=0.25
[EST DONE] 2026-04-21T09:19:10.038717 bottleneck=5 replicate=0 seed=3 estimator=Levina-Bickel k=15 dur=2.177s
[EST START] 2026-04-21T09:19:10.038833 bottleneck=5 replicate=0 seed=3 estimator=TwoNN k=ALL sigma=0.25
[EST DONE] 2026-04-21T09:19:11.067401 bottleneck=5 replicate=0 seed=3 estimator=TwoNN k=ALL dur=1.029s
[EST START] 2026-04-21T09:19:11.067521 bottleneck=5 replicate=0 seed=3 estimator=lPCA k=3 sigma=0.25
[EST DONE] 2026-04-21T09:19:43.464362 bottleneck=5 replicate=0 seed=3 estimator=lPCA k=3 dur=32.397s
[EST START] 2026-04-21T09:19:43.464507 bottleneck=5 replicate=0 seed=3 estimator=lPCA k=5 sigma=0.25
[EST DONE] 2026-04-21T09:20:16.611518 bottleneck=5 replicate=0 seed=3 estimator=lPCA k=5 dur=33.147s
[EST START] 2026-04-21T09:20:16.611663 bottleneck=5 replicate=0 seed=3 estimator=lPCA k=7 sigma=0.25
[EST DONE] 2026-04-21T09:20:50.614347 bottleneck=5 replicate=0 seed=3 estimator=lPCA k=7 dur=34.003s
[EST START] 2026-04-21T09:20:50.614502 bottleneck=5 replicate=0 seed=3 estimator=lPCA k=10 sigma=0.25
[EST DONE] 2026-04-21T09:21:27.016756 bottleneck=5 replicate=0 seed=3 estimator=lPCA k=10 dur=36.402s
[EST START] 2026-04-21T09:21:27.017115 bottleneck=5 replicate=0 seed=3 estimator=lPCA k=15 sigma=0.25
[EST DONE] 2026-04-21T09:22:03.473882 bottleneck=5 replicate=0 seed=3 estimator=lPCA k=15 dur=36.457s
[EST START] 2026-04-21T09:22:03.474044 bottleneck=5 replicate=0 seed=3 estimator=DANCo k=3 sigma=0.25
[EST DONE] 2026-04-21T09:22:32.111628 bottleneck=5 replicate=0 seed=3 estimator=DANCo k=3 dur=28.638s
[EST START] 2026-04-21T09:22:32.111788 bottleneck=5 replicate=0 seed=3 estimator=DANCo k=5 sigma=0.25
[EST DONE] 2026-04-21T09:23:05.719493 bottleneck=5 replicate=0 seed=3 estimator=DANCo k=5 dur=33.608s
[EST START] 2026-04-21T09:23:05.719657 bottleneck=5 replicate=0 seed=3 estimator=DANCo k=7 sigma=0.25
[EST DONE] 2026-04-21T09:23:39.751840 bottleneck=5 replicate=0 seed=3 estimator=DANCo k=7 dur=34.032s
[EST START] 2026-04-21T09:23:39.751990 bottleneck=5 replicate=0 seed=3 estimator=DANCo k=10 sigma=0.25
[EST DONE] 2026-04-21T09:24:18.196221 bottleneck=5 replicate=0 seed=3 estimator=DANCo k=10 dur=38.444s
[EST START] 2026-04-21T09:24:18.196355 bottleneck=5 replicate=0 seed=3 estimator=DANCo k=15 sigma=0.25
[EST DONE] 2026-04-21T09:25:00.938517 bottleneck=5 replicate=0 seed=3 estimator=DANCo k=15 dur=42.742s
[EST START] 2026-04-21T09:25:00.938680 bottleneck=5 replicate=0 seed=3 estimator=MiND k=3 sigma=0.25
[EST DONE] 2026-04-21T09:25:02.269732 bottleneck=5 replicate=0 seed=3 estimator=MiND k=3 dur=1.331s
[EST START] 2026-04-21T09:25:02.269892 bottleneck=5 replicate=0 seed=3 estimator=MiND k=5 sigma=0.25
[EST DONE] 2026-04-21T09:25:03.851906 bottleneck=5 replicate=0 seed=3 estimator=MiND k=5 dur=1.582s
[EST START] 2026-04-21T09:25:03.852007 bottleneck=5 replicate=0 seed=3 estimator=MiND k=7 sigma=0.25
[EST DONE] 2026-04-21T09:25:05.575524 bottleneck=5 replicate=0 seed=3 estimator=MiND k=7 dur=1.723s
[EST START] 2026-04-21T09:25:05.575653 bottleneck=5 replicate=0 seed=3 estimator=MiND k=10 sigma=0.25
[EST DONE] 2026-04-21T09:25:07.395493 bottleneck=5 replicate=0 seed=3 estimator=MiND k=10 dur=1.820s
[EST START] 2026-04-21T09:25:07.395596 bottleneck=5 replicate=0 seed=3 estimator=MiND k=15 sigma=0.25
[EST DONE] 2026-04-21T09:25:09.548244 bottleneck=5 replicate=0 seed=3 estimator=MiND k=15 dur=2.153s
[EST START] 2026-04-21T09:25:09.548362 bottleneck=5 replicate=0 seed=3 estimator=FisherS k=ALL sigma=0.25
[EST DONE] 2026-04-21T09:29:22.611464 bottleneck=5 replicate=0 seed=3 estimator=FisherS k=ALL dur=253.063s
[EST START] 2026-04-21T09:29:22.611730 bottleneck=5 replicate=0 seed=3 estimator=SMAE k=ALL sigma=0.25
[EST DONE] 2026-04-21T09:37:33.113643 bottleneck=5 replicate=0 seed=3 estimator=SMAE k=ALL dur=490.502s
[EST START] 2026-04-21T09:37:33.124975 bottleneck=5 replicate=0 seed=3 estimator=Levina-Bickel k=3 sigma=0.5
[EST DONE] 2026-04-21T09:37:34.343247 bottleneck=5 replicate=0 seed=3 estimator=Levina-Bickel k=3 dur=1.218s
[EST START] 2026-04-21T09:37:34.343444 bottleneck=5 replicate=0 seed=3 estimator=Levina-Bickel k=5 sigma=0.5
[EST DONE] 2026-04-21T09:37:35.843358 bottleneck=5 replicate=0 seed=3 estimator=Levina-Bickel k=5 dur=1.500s
[EST START] 2026-04-21T09:37:35.843486 bottleneck=5 replicate=0 seed=3 estimator=Levina-Bickel k=7 sigma=0.5
[EST DONE] 2026-04-21T09:37:37.532326 bottleneck=5 replicate=0 seed=3 estimator=Levina-Bickel k=7 dur=1.689s
[EST START] 2026-04-21T09:37:37.532487 bottleneck=5 replicate=0 seed=3 estimator=Levina-Bickel k=10 sigma=0.5
[EST DONE] 2026-04-21T09:37:39.415194 bottleneck=5 replicate=0 seed=3 estimator=Levina-Bickel k=10 dur=1.883s
[EST START] 2026-04-21T09:37:39.415318 bottleneck=5 replicate=0 seed=3 estimator=Levina-Bickel k=15 sigma=0.5
[EST DONE] 2026-04-21T09:37:41.568254 bottleneck=5 replicate=0 seed=3 estimator=Levina-Bickel k=15 dur=2.153s
[EST START] 2026-04-21T09:37:41.568375 bottleneck=5 replicate=0 seed=3 estimator=TwoNN k=ALL sigma=0.5
[EST DONE] 2026-04-21T09:37:42.590478 bottleneck=5 replicate=0 seed=3 estimator=TwoNN k=ALL dur=1.022s
[EST START] 2026-04-21T09:37:42.590687 bottleneck=5 replicate=0 seed=3 estimator=lPCA k=3 sigma=0.5
[EST DONE] 2026-04-21T09:38:18.235086 bottleneck=5 replicate=0 seed=3 estimator=lPCA k=3 dur=35.644s
[EST START] 2026-04-21T09:38:18.235281 bottleneck=5 replicate=0 seed=3 estimator=lPCA k=5 sigma=0.5
[EST DONE] 2026-04-21T09:38:54.754305 bottleneck=5 replicate=0 seed=3 estimator=lPCA k=5 dur=36.519s
[EST START] 2026-04-21T09:38:54.754481 bottleneck=5 replicate=0 seed=3 estimator=lPCA k=7 sigma=0.5
[EST DONE] 2026-04-21T09:39:32.235241 bottleneck=5 replicate=0 seed=3 estimator=lPCA k=7 dur=37.481s
[EST START] 2026-04-21T09:39:32.235413 bottleneck=5 replicate=0 seed=3 estimator=lPCA k=10 sigma=0.5
[EST DONE] 2026-04-21T09:40:11.427070 bottleneck=5 replicate=0 seed=3 estimator=lPCA k=10 dur=39.192s
[EST START] 2026-04-21T09:40:11.427234 bottleneck=5 replicate=0 seed=3 estimator=lPCA k=15 sigma=0.5
[EST DONE] 2026-04-21T09:40:51.798888 bottleneck=5 replicate=0 seed=3 estimator=lPCA k=15 dur=40.372s
[EST START] 2026-04-21T09:40:51.799119 bottleneck=5 replicate=0 seed=3 estimator=DANCo k=3 sigma=0.5
[EST DONE] 2026-04-21T09:41:22.099911 bottleneck=5 replicate=0 seed=3 estimator=DANCo k=3 dur=30.301s
[EST START] 2026-04-21T09:41:22.100023 bottleneck=5 replicate=0 seed=3 estimator=DANCo k=5 sigma=0.5
[EST DONE] 2026-04-21T09:41:58.451674 bottleneck=5 replicate=0 seed=3 estimator=DANCo k=5 dur=36.352s
[EST START] 2026-04-21T09:41:58.451843 bottleneck=5 replicate=0 seed=3 estimator=DANCo k=7 sigma=0.5
[EST DONE] 2026-04-21T09:42:37.024912 bottleneck=5 replicate=0 seed=3 estimator=DANCo k=7 dur=38.573s
[EST START] 2026-04-21T09:42:37.025093 bottleneck=5 replicate=0 seed=3 estimator=DANCo k=10 sigma=0.5
[EST DONE] 2026-04-21T09:43:11.915568 bottleneck=5 replicate=0 seed=3 estimator=DANCo k=10 dur=34.890s
[EST START] 2026-04-21T09:43:11.915715 bottleneck=5 replicate=0 seed=3 estimator=DANCo k=15 sigma=0.5
[EST DONE] 2026-04-21T09:43:53.431684 bottleneck=5 replicate=0 seed=3 estimator=DANCo k=15 dur=41.516s
[EST START] 2026-04-21T09:43:53.431902 bottleneck=5 replicate=0 seed=3 estimator=MiND k=3 sigma=0.5
[EST DONE] 2026-04-21T09:43:54.797709 bottleneck=5 replicate=0 seed=3 estimator=MiND k=3 dur=1.366s
[EST START] 2026-04-21T09:43:54.797799 bottleneck=5 replicate=0 seed=3 estimator=MiND k=5 sigma=0.5
[EST DONE] 2026-04-21T09:43:56.400465 bottleneck=5 replicate=0 seed=3 estimator=MiND k=5 dur=1.603s
[EST START] 2026-04-21T09:43:56.400586 bottleneck=5 replicate=0 seed=3 estimator=MiND k=7 sigma=0.5
[EST DONE] 2026-04-21T09:43:58.096239 bottleneck=5 replicate=0 seed=3 estimator=MiND k=7 dur=1.696s
[EST START] 2026-04-21T09:43:58.096335 bottleneck=5 replicate=0 seed=3 estimator=MiND k=10 sigma=0.5
[EST DONE] 2026-04-21T09:44:00.081232 bottleneck=5 replicate=0 seed=3 estimator=MiND k=10 dur=1.985s
[EST START] 2026-04-21T09:44:00.081342 bottleneck=5 replicate=0 seed=3 estimator=MiND k=15 sigma=0.5
[EST DONE] 2026-04-21T09:44:02.405477 bottleneck=5 replicate=0 seed=3 estimator=MiND k=15 dur=2.324s
[EST START] 2026-04-21T09:44:02.405679 bottleneck=5 replicate=0 seed=3 estimator=FisherS k=ALL sigma=0.5
[EST DONE] 2026-04-21T09:48:32.079585 bottleneck=5 replicate=0 seed=3 estimator=FisherS k=ALL dur=269.674s
[EST START] 2026-04-21T09:48:32.079801 bottleneck=5 replicate=0 seed=3 estimator=SMAE k=ALL sigma=0.5
[EST DONE] 2026-04-21T09:56:23.556443 bottleneck=5 replicate=0 seed=3 estimator=SMAE k=ALL dur=471.477s
[EST START] 2026-04-21T09:56:23.569274 bottleneck=5 replicate=0 seed=3 estimator=Levina-Bickel k=3 sigma=0.75
[EST DONE] 2026-04-21T09:56:24.776877 bottleneck=5 replicate=0 seed=3 estimator=Levina-Bickel k=3 dur=1.207s
[EST START] 2026-04-21T09:56:24.776990 bottleneck=5 replicate=0 seed=3 estimator=Levina-Bickel k=5 sigma=0.75
[EST DONE] 2026-04-21T09:56:26.226472 bottleneck=5 replicate=0 seed=3 estimator=Levina-Bickel k=5 dur=1.449s
[EST START] 2026-04-21T09:56:26.226606 bottleneck=5 replicate=0 seed=3 estimator=Levina-Bickel k=7 sigma=0.75
[EST DONE] 2026-04-21T09:56:27.777360 bottleneck=5 replicate=0 seed=3 estimator=Levina-Bickel k=7 dur=1.551s
[EST START] 2026-04-21T09:56:27.777545 bottleneck=5 replicate=0 seed=3 estimator=Levina-Bickel k=10 sigma=0.75
[EST DONE] 2026-04-21T09:56:29.544564 bottleneck=5 replicate=0 seed=3 estimator=Levina-Bickel k=10 dur=1.767s
[EST START] 2026-04-21T09:56:29.544674 bottleneck=5 replicate=0 seed=3 estimator=Levina-Bickel k=15 sigma=0.75
[EST DONE] 2026-04-21T09:56:31.717471 bottleneck=5 replicate=0 seed=3 estimator=Levina-Bickel k=15 dur=2.173s
[EST START] 2026-04-21T09:56:31.717674 bottleneck=5 replicate=0 seed=3 estimator=TwoNN k=ALL sigma=0.75
[EST DONE] 2026-04-21T09:56:32.730073 bottleneck=5 replicate=0 seed=3 estimator=TwoNN k=ALL dur=1.012s
[EST START] 2026-04-21T09:56:32.730194 bottleneck=5 replicate=0 seed=3 estimator=lPCA k=3 sigma=0.75
[EST DONE] 2026-04-21T09:57:05.954116 bottleneck=5 replicate=0 seed=3 estimator=lPCA k=3 dur=33.224s
[EST START] 2026-04-21T09:57:05.954255 bottleneck=5 replicate=0 seed=3 estimator=lPCA k=5 sigma=0.75
[EST DONE] 2026-04-21T09:57:41.661371 bottleneck=5 replicate=0 seed=3 estimator=lPCA k=5 dur=35.707s
[EST START] 2026-04-21T09:57:41.661511 bottleneck=5 replicate=0 seed=3 estimator=lPCA k=7 sigma=0.75
[EST DONE] 2026-04-21T09:58:17.810215 bottleneck=5 replicate=0 seed=3 estimator=lPCA k=7 dur=36.149s
[EST START] 2026-04-21T09:58:17.810355 bottleneck=5 replicate=0 seed=3 estimator=lPCA k=10 sigma=0.75
[EST DONE] 2026-04-21T09:58:55.968976 bottleneck=5 replicate=0 seed=3 estimator=lPCA k=10 dur=38.159s
[EST START] 2026-04-21T09:58:55.969154 bottleneck=5 replicate=0 seed=3 estimator=lPCA k=15 sigma=0.75
[EST DONE] 2026-04-21T09:59:35.993387 bottleneck=5 replicate=0 seed=3 estimator=lPCA k=15 dur=40.024s
[EST START] 2026-04-21T09:59:35.993560 bottleneck=5 replicate=0 seed=3 estimator=DANCo k=3 sigma=0.75
[EST DONE] 2026-04-21T10:00:07.526479 bottleneck=5 replicate=0 seed=3 estimator=DANCo k=3 dur=31.533s
[EST START] 2026-04-21T10:00:07.526633 bottleneck=5 replicate=0 seed=3 estimator=DANCo k=5 sigma=0.75
[EST DONE] 2026-04-21T10:00:45.616129 bottleneck=5 replicate=0 seed=3 estimator=DANCo k=5 dur=38.089s
[EST START] 2026-04-21T10:00:45.616364 bottleneck=5 replicate=0 seed=3 estimator=DANCo k=7 sigma=0.75
[EST DONE] 2026-04-21T10:01:23.837062 bottleneck=5 replicate=0 seed=3 estimator=DANCo k=7 dur=38.221s
[EST START] 2026-04-21T10:01:23.837183 bottleneck=5 replicate=0 seed=3 estimator=DANCo k=10 sigma=0.75
[EST DONE] 2026-04-21T10:02:02.375201 bottleneck=5 replicate=0 seed=3 estimator=DANCo k=10 dur=38.538s
[EST START] 2026-04-21T10:02:02.375330 bottleneck=5 replicate=0 seed=3 estimator=DANCo k=15 sigma=0.75
[EST DONE] 2026-04-21T10:02:40.801686 bottleneck=5 replicate=0 seed=3 estimator=DANCo k=15 dur=38.426s
[EST START] 2026-04-21T10:02:40.801831 bottleneck=5 replicate=0 seed=3 estimator=MiND k=3 sigma=0.75
[EST DONE] 2026-04-21T10:02:42.139463 bottleneck=5 replicate=0 seed=3 estimator=MiND k=3 dur=1.338s
[EST START] 2026-04-21T10:02:42.139560 bottleneck=5 replicate=0 seed=3 estimator=MiND k=5 sigma=0.75
[EST DONE] 2026-04-21T10:02:43.689942 bottleneck=5 replicate=0 seed=3 estimator=MiND k=5 dur=1.550s
[EST START] 2026-04-21T10:02:43.690109 bottleneck=5 replicate=0 seed=3 estimator=MiND k=7 sigma=0.75
[EST DONE] 2026-04-21T10:02:45.501745 bottleneck=5 replicate=0 seed=3 estimator=MiND k=7 dur=1.812s
[EST START] 2026-04-21T10:02:45.501867 bottleneck=5 replicate=0 seed=3 estimator=MiND k=10 sigma=0.75
[EST DONE] 2026-04-21T10:02:47.553605 bottleneck=5 replicate=0 seed=3 estimator=MiND k=10 dur=2.052s
[EST START] 2026-04-21T10:02:47.553732 bottleneck=5 replicate=0 seed=3 estimator=MiND k=15 sigma=0.75
[EST DONE] 2026-04-21T10:02:49.915455 bottleneck=5 replicate=0 seed=3 estimator=MiND k=15 dur=2.362s
[EST START] 2026-04-21T10:02:49.915611 bottleneck=5 replicate=0 seed=3 estimator=FisherS k=ALL sigma=0.75
[EST DONE] 2026-04-21T10:07:18.711681 bottleneck=5 replicate=0 seed=3 estimator=FisherS k=ALL dur=268.796s
[EST START] 2026-04-21T10:07:18.711922 bottleneck=5 replicate=0 seed=3 estimator=SMAE k=ALL sigma=0.75
[EST DONE] 2026-04-21T10:13:11.894566 bottleneck=5 replicate=0 seed=3 estimator=SMAE k=ALL dur=353.183s
[EST START] 2026-04-21T10:13:11.905107 bottleneck=5 replicate=0 seed=3 estimator=Levina-Bickel k=3 sigma=1.0
[EST DONE] 2026-04-21T10:13:13.052879 bottleneck=5 replicate=0 seed=3 estimator=Levina-Bickel k=3 dur=1.148s
[EST START] 2026-04-21T10:13:13.053001 bottleneck=5 replicate=0 seed=3 estimator=Levina-Bickel k=5 sigma=1.0
[EST DONE] 2026-04-21T10:13:14.461003 bottleneck=5 replicate=0 seed=3 estimator=Levina-Bickel k=5 dur=1.408s
[EST START] 2026-04-21T10:13:14.461184 bottleneck=5 replicate=0 seed=3 estimator=Levina-Bickel k=7 sigma=1.0
[EST DONE] 2026-04-21T10:13:16.101038 bottleneck=5 replicate=0 seed=3 estimator=Levina-Bickel k=7 dur=1.640s
[EST START] 2026-04-21T10:13:16.101174 bottleneck=5 replicate=0 seed=3 estimator=Levina-Bickel k=10 sigma=1.0
[EST DONE] 2026-04-21T10:13:17.914200 bottleneck=5 replicate=0 seed=3 estimator=Levina-Bickel k=10 dur=1.813s
[EST START] 2026-04-21T10:13:17.914338 bottleneck=5 replicate=0 seed=3 estimator=Levina-Bickel k=15 sigma=1.0
[EST DONE] 2026-04-21T10:13:20.064756 bottleneck=5 replicate=0 seed=3 estimator=Levina-Bickel k=15 dur=2.150s
[EST START] 2026-04-21T10:13:20.064893 bottleneck=5 replicate=0 seed=3 estimator=TwoNN k=ALL sigma=1.0
[EST DONE] 2026-04-21T10:13:21.087779 bottleneck=5 replicate=0 seed=3 estimator=TwoNN k=ALL dur=1.023s
[EST START] 2026-04-21T10:13:21.087916 bottleneck=5 replicate=0 seed=3 estimator=lPCA k=3 sigma=1.0
[EST DONE] 2026-04-21T10:13:55.043446 bottleneck=5 replicate=0 seed=3 estimator=lPCA k=3 dur=33.955s
[EST START] 2026-04-21T10:13:55.043643 bottleneck=5 replicate=0 seed=3 estimator=lPCA k=5 sigma=1.0
[EST DONE] 2026-04-21T10:14:31.784109 bottleneck=5 replicate=0 seed=3 estimator=lPCA k=5 dur=36.740s
[EST START] 2026-04-21T10:14:31.784280 bottleneck=5 replicate=0 seed=3 estimator=lPCA k=7 sigma=1.0
[EST DONE] 2026-04-21T10:15:08.714198 bottleneck=5 replicate=0 seed=3 estimator=lPCA k=7 dur=36.930s
[EST START] 2026-04-21T10:15:08.714317 bottleneck=5 replicate=0 seed=3 estimator=lPCA k=10 sigma=1.0
[EST DONE] 2026-04-21T10:15:46.328072 bottleneck=5 replicate=0 seed=3 estimator=lPCA k=10 dur=37.614s
[EST START] 2026-04-21T10:15:46.328243 bottleneck=5 replicate=0 seed=3 estimator=lPCA k=15 sigma=1.0
[EST DONE] 2026-04-21T10:16:23.841488 bottleneck=5 replicate=0 seed=3 estimator=lPCA k=15 dur=37.513s
[EST START] 2026-04-21T10:16:23.841667 bottleneck=5 replicate=0 seed=3 estimator=DANCo k=3 sigma=1.0
[EST DONE] 2026-04-21T10:16:56.145257 bottleneck=5 replicate=0 seed=3 estimator=DANCo k=3 dur=32.304s
[EST START] 2026-04-21T10:16:56.145480 bottleneck=5 replicate=0 seed=3 estimator=DANCo k=5 sigma=1.0
[EST DONE] 2026-04-21T10:17:28.836526 bottleneck=5 replicate=0 seed=3 estimator=DANCo k=5 dur=32.691s
[EST START] 2026-04-21T10:17:28.836670 bottleneck=5 replicate=0 seed=3 estimator=DANCo k=7 sigma=1.0
[EST DONE] 2026-04-21T10:18:03.817535 bottleneck=5 replicate=0 seed=3 estimator=DANCo k=7 dur=34.981s
[EST START] 2026-04-21T10:18:03.817694 bottleneck=5 replicate=0 seed=3 estimator=DANCo k=10 sigma=1.0
[EST DONE] 2026-04-21T10:18:41.453898 bottleneck=5 replicate=0 seed=3 estimator=DANCo k=10 dur=37.636s
[EST START] 2026-04-21T10:18:41.454021 bottleneck=5 replicate=0 seed=3 estimator=DANCo k=15 sigma=1.0
[EST DONE] 2026-04-21T10:19:24.467524 bottleneck=5 replicate=0 seed=3 estimator=DANCo k=15 dur=43.013s
[EST START] 2026-04-21T10:19:24.467674 bottleneck=5 replicate=0 seed=3 estimator=MiND k=3 sigma=1.0
[EST DONE] 2026-04-21T10:19:25.817938 bottleneck=5 replicate=0 seed=3 estimator=MiND k=3 dur=1.350s
[EST START] 2026-04-21T10:19:25.818112 bottleneck=5 replicate=0 seed=3 estimator=MiND k=5 sigma=1.0
[EST DONE] 2026-04-21T10:19:27.391451 bottleneck=5 replicate=0 seed=3 estimator=MiND k=5 dur=1.573s
[EST START] 2026-04-21T10:19:27.391549 bottleneck=5 replicate=0 seed=3 estimator=MiND k=7 sigma=1.0
[EST DONE] 2026-04-21T10:19:29.106207 bottleneck=5 replicate=0 seed=3 estimator=MiND k=7 dur=1.715s
[EST START] 2026-04-21T10:19:29.106358 bottleneck=5 replicate=0 seed=3 estimator=MiND k=10 sigma=1.0
[EST DONE] 2026-04-21T10:19:31.106634 bottleneck=5 replicate=0 seed=3 estimator=MiND k=10 dur=2.000s
[EST START] 2026-04-21T10:19:31.106751 bottleneck=5 replicate=0 seed=3 estimator=MiND k=15 sigma=1.0
[EST DONE] 2026-04-21T10:19:33.353558 bottleneck=5 replicate=0 seed=3 estimator=MiND k=15 dur=2.247s
[EST START] 2026-04-21T10:19:33.353707 bottleneck=5 replicate=0 seed=3 estimator=FisherS k=ALL sigma=1.0
[EST DONE] 2026-04-21T10:24:11.566390 bottleneck=5 replicate=0 seed=3 estimator=FisherS k=ALL dur=278.213s
[EST START] 2026-04-21T10:24:11.566727 bottleneck=5 replicate=0 seed=3 estimator=SMAE k=ALL sigma=1.0
[EST DONE] 2026-04-21T10:30:16.187640 bottleneck=5 replicate=0 seed=3 estimator=SMAE k=ALL dur=364.621s
[MNIST TASK START] 2026-04-21T10:30:16.187977 bottleneck=7 replicate=0 seed=3
[AE START] seed=3 bottleneck=7 epochs=50 subset=0
[AE EPOCH] epoch=1/50 loss=0.095875 epoch_time=1.66s device=cuda
[AE EPOCH] epoch=2/50 loss=0.052602 epoch_time=1.43s device=cuda
[AE EPOCH] epoch=3/50 loss=0.040453 epoch_time=1.39s device=cuda
[AE EPOCH] epoch=4/50 loss=0.035288 epoch_time=1.51s device=cuda
[AE EPOCH] epoch=5/50 loss=0.033103 epoch_time=1.53s device=cuda
[AE EPOCH] epoch=6/50 loss=0.031693 epoch_time=1.54s device=cuda
[AE EPOCH] epoch=7/50 loss=0.030616 epoch_time=1.18s device=cuda
[AE EPOCH] epoch=8/50 loss=0.029755 epoch_time=1.41s device=cuda
[AE EPOCH] epoch=9/50 loss=0.029045 epoch_time=1.34s device=cuda
[AE EPOCH] epoch=10/50 loss=0.028440 epoch_time=1.37s device=cuda
[AE EPOCH] epoch=11/50 loss=0.027912 epoch_time=1.13s device=cuda
[AE EPOCH] epoch=12/50 loss=0.027447 epoch_time=1.49s device=cuda
[AE EPOCH] epoch=13/50 loss=0.027030 epoch_time=1.38s device=cuda
[AE EPOCH] epoch=14/50 loss=0.026651 epoch_time=1.31s device=cuda
[AE EPOCH] epoch=15/50 loss=0.026301 epoch_time=1.14s device=cuda
[AE EPOCH] epoch=16/50 loss=0.025976 epoch_time=1.47s device=cuda
[AE EPOCH] epoch=17/50 loss=0.025671 epoch_time=1.15s device=cuda
[AE EPOCH] epoch=18/50 loss=0.025388 epoch_time=1.38s device=cuda
[AE EPOCH] epoch=19/50 loss=0.025120 epoch_time=1.34s device=cuda
[AE EPOCH] epoch=20/50 loss=0.024874 epoch_time=1.34s device=cuda
[AE EPOCH] epoch=21/50 loss=0.024643 epoch_time=1.31s device=cuda
[AE EPOCH] epoch=22/50 loss=0.024426 epoch_time=1.19s device=cuda
[AE EPOCH] epoch=23/50 loss=0.024224 epoch_time=1.54s device=cuda
[AE EPOCH] epoch=24/50 loss=0.024036 epoch_time=1.38s device=cuda
[AE EPOCH] epoch=25/50 loss=0.023856 epoch_time=1.48s device=cuda
[AE EPOCH] epoch=26/50 loss=0.023689 epoch_time=1.27s device=cuda
[AE EPOCH] epoch=27/50 loss=0.023527 epoch_time=1.56s device=cuda
[AE EPOCH] epoch=28/50 loss=0.023379 epoch_time=1.26s device=cuda
[AE EPOCH] epoch=29/50 loss=0.023235 epoch_time=1.73s device=cuda
[AE EPOCH] epoch=30/50 loss=0.023101 epoch_time=1.17s device=cuda
[AE EPOCH] epoch=31/50 loss=0.022972 epoch_time=1.48s device=cuda
[AE EPOCH] epoch=32/50 loss=0.022853 epoch_time=1.21s device=cuda
[AE EPOCH] epoch=33/50 loss=0.022737 epoch_time=1.30s device=cuda
[AE EPOCH] epoch=34/50 loss=0.022624 epoch_time=1.23s device=cuda
[AE EPOCH] epoch=35/50 loss=0.022521 epoch_time=1.21s device=cuda
[AE EPOCH] epoch=36/50 loss=0.022421 epoch_time=1.31s device=cuda
[AE EPOCH] epoch=37/50 loss=0.022324 epoch_time=1.42s device=cuda
[AE EPOCH] epoch=38/50 loss=0.022232 epoch_time=1.40s device=cuda
[AE EPOCH] epoch=39/50 loss=0.022142 epoch_time=1.17s device=cuda
[AE EPOCH] epoch=40/50 loss=0.022058 epoch_time=1.29s device=cuda
[AE EPOCH] epoch=41/50 loss=0.021975 epoch_time=1.38s device=cuda
[AE EPOCH] epoch=42/50 loss=0.021896 epoch_time=1.35s device=cuda
[AE EPOCH] epoch=43/50 loss=0.021819 epoch_time=1.53s device=cuda
[AE EPOCH] epoch=44/50 loss=0.021745 epoch_time=1.45s device=cuda
[AE EPOCH] epoch=45/50 loss=0.021673 epoch_time=1.31s device=cuda
[AE EPOCH] epoch=46/50 loss=0.021604 epoch_time=1.49s device=cuda
[AE EPOCH] epoch=47/50 loss=0.021540 epoch_time=1.23s device=cuda
[AE EPOCH] epoch=48/50 loss=0.021473 epoch_time=1.25s device=cuda
[AE EPOCH] epoch=49/50 loss=0.021414 epoch_time=1.28s device=cuda
[AE EPOCH] epoch=50/50 loss=0.021354 epoch_time=1.48s device=cuda
[AE TRAIN COMPLETE] total_time=68.14s
[AE TRAIN COMPLETE] 2026-04-21T10:31:30.744342 bottleneck=7 replicate=0 dur=74.6s seed=3
[EST START] 2026-04-21T10:31:30.765920 bottleneck=7 replicate=0 seed=3 estimator=Levina-Bickel k=3 sigma=0.0
[EST DONE] 2026-04-21T10:31:34.030602 bottleneck=7 replicate=0 seed=3 estimator=Levina-Bickel k=3 dur=3.265s
[EST START] 2026-04-21T10:31:34.030764 bottleneck=7 replicate=0 seed=3 estimator=Levina-Bickel k=5 sigma=0.0
[EST DONE] 2026-04-21T10:31:37.752282 bottleneck=7 replicate=0 seed=3 estimator=Levina-Bickel k=5 dur=3.721s
[EST START] 2026-04-21T10:31:37.752470 bottleneck=7 replicate=0 seed=3 estimator=Levina-Bickel k=7 sigma=0.0
[EST DONE] 2026-04-21T10:31:41.944647 bottleneck=7 replicate=0 seed=3 estimator=Levina-Bickel k=7 dur=4.192s
[EST START] 2026-04-21T10:31:41.944811 bottleneck=7 replicate=0 seed=3 estimator=Levina-Bickel k=10 sigma=0.0
[EST DONE] 2026-04-21T10:31:46.788255 bottleneck=7 replicate=0 seed=3 estimator=Levina-Bickel k=10 dur=4.843s
[EST START] 2026-04-21T10:31:46.788415 bottleneck=7 replicate=0 seed=3 estimator=Levina-Bickel k=15 sigma=0.0
[EST DONE] 2026-04-21T10:31:52.414621 bottleneck=7 replicate=0 seed=3 estimator=Levina-Bickel k=15 dur=5.626s
[EST START] 2026-04-21T10:31:52.414811 bottleneck=7 replicate=0 seed=3 estimator=TwoNN k=ALL sigma=0.0
[EST DONE] 2026-04-21T10:31:55.323481 bottleneck=7 replicate=0 seed=3 estimator=TwoNN k=ALL dur=2.909s
[EST START] 2026-04-21T10:31:55.323633 bottleneck=7 replicate=0 seed=3 estimator=lPCA k=3 sigma=0.0
[EST DONE] 2026-04-21T10:32:31.435874 bottleneck=7 replicate=0 seed=3 estimator=lPCA k=3 dur=36.112s
[EST START] 2026-04-21T10:32:31.436031 bottleneck=7 replicate=0 seed=3 estimator=lPCA k=5 sigma=0.0
[EST DONE] 2026-04-21T10:33:10.385596 bottleneck=7 replicate=0 seed=3 estimator=lPCA k=5 dur=38.950s
[EST START] 2026-04-21T10:33:10.385774 bottleneck=7 replicate=0 seed=3 estimator=lPCA k=7 sigma=0.0
[EST DONE] 2026-04-21T10:33:48.549271 bottleneck=7 replicate=0 seed=3 estimator=lPCA k=7 dur=38.163s
[EST START] 2026-04-21T10:33:48.549431 bottleneck=7 replicate=0 seed=3 estimator=lPCA k=10 sigma=0.0
[EST DONE] 2026-04-21T10:34:33.864817 bottleneck=7 replicate=0 seed=3 estimator=lPCA k=10 dur=45.315s
[EST START] 2026-04-21T10:34:33.864992 bottleneck=7 replicate=0 seed=3 estimator=lPCA k=15 sigma=0.0
[EST DONE] 2026-04-21T10:35:20.701805 bottleneck=7 replicate=0 seed=3 estimator=lPCA k=15 dur=46.837s
[EST START] 2026-04-21T10:35:20.701986 bottleneck=7 replicate=0 seed=3 estimator=DANCo k=3 sigma=0.0
[EST DONE] 2026-04-21T10:36:05.286412 bottleneck=7 replicate=0 seed=3 estimator=DANCo k=3 dur=44.584s
[EST START] 2026-04-21T10:36:05.286560 bottleneck=7 replicate=0 seed=3 estimator=DANCo k=5 sigma=0.0
[EST DONE] 2026-04-21T10:36:59.815172 bottleneck=7 replicate=0 seed=3 estimator=DANCo k=5 dur=54.529s
[EST START] 2026-04-21T10:36:59.815333 bottleneck=7 replicate=0 seed=3 estimator=DANCo k=7 sigma=0.0
[EST DONE] 2026-04-21T10:37:52.206376 bottleneck=7 replicate=0 seed=3 estimator=DANCo k=7 dur=52.391s
[EST START] 2026-04-21T10:37:52.206530 bottleneck=7 replicate=0 seed=3 estimator=DANCo k=10 sigma=0.0
[EST DONE] 2026-04-21T10:38:47.971743 bottleneck=7 replicate=0 seed=3 estimator=DANCo k=10 dur=55.765s
[EST START] 2026-04-21T10:38:47.971900 bottleneck=7 replicate=0 seed=3 estimator=DANCo k=15 sigma=0.0
[EST DONE] 2026-04-21T10:39:51.425430 bottleneck=7 replicate=0 seed=3 estimator=DANCo k=15 dur=63.453s
[EST START] 2026-04-21T10:39:51.425610 bottleneck=7 replicate=0 seed=3 estimator=MiND k=3 sigma=0.0
[EST DONE] 2026-04-21T10:39:54.781373 bottleneck=7 replicate=0 seed=3 estimator=MiND k=3 dur=3.356s
[EST START] 2026-04-21T10:39:54.781500 bottleneck=7 replicate=0 seed=3 estimator=MiND k=5 sigma=0.0
[EST DONE] 2026-04-21T10:39:58.742146 bottleneck=7 replicate=0 seed=3 estimator=MiND k=5 dur=3.961s
[EST START] 2026-04-21T10:39:58.742284 bottleneck=7 replicate=0 seed=3 estimator=MiND k=7 sigma=0.0
[EST DONE] 2026-04-21T10:40:03.028012 bottleneck=7 replicate=0 seed=3 estimator=MiND k=7 dur=4.286s
[EST START] 2026-04-21T10:40:03.028130 bottleneck=7 replicate=0 seed=3 estimator=MiND k=10 sigma=0.0
[EST DONE] 2026-04-21T10:40:07.876215 bottleneck=7 replicate=0 seed=3 estimator=MiND k=10 dur=4.848s
[EST START] 2026-04-21T10:40:07.876345 bottleneck=7 replicate=0 seed=3 estimator=MiND k=15 sigma=0.0
[EST DONE] 2026-04-21T10:40:13.322551 bottleneck=7 replicate=0 seed=3 estimator=MiND k=15 dur=5.446s
[EST START] 2026-04-21T10:40:13.322690 bottleneck=7 replicate=0 seed=3 estimator=FisherS k=ALL sigma=0.0
[EST DONE] 2026-04-21T10:44:37.732406 bottleneck=7 replicate=0 seed=3 estimator=FisherS k=ALL dur=264.410s
[EST START] 2026-04-21T10:44:37.732639 bottleneck=7 replicate=0 seed=3 estimator=SMAE k=ALL sigma=0.0
[EST DONE] 2026-04-21T10:50:31.464696 bottleneck=7 replicate=0 seed=3 estimator=SMAE k=ALL dur=353.732s
[EST START] 2026-04-21T10:50:31.482067 bottleneck=7 replicate=0 seed=3 estimator=Levina-Bickel k=3 sigma=0.25
[EST DONE] 2026-04-21T10:50:34.556370 bottleneck=7 replicate=0 seed=3 estimator=Levina-Bickel k=3 dur=3.074s
[EST START] 2026-04-21T10:50:34.556515 bottleneck=7 replicate=0 seed=3 estimator=Levina-Bickel k=5 sigma=0.25
[EST DONE] 2026-04-21T10:50:38.229901 bottleneck=7 replicate=0 seed=3 estimator=Levina-Bickel k=5 dur=3.673s
[EST START] 2026-04-21T10:50:38.230053 bottleneck=7 replicate=0 seed=3 estimator=Levina-Bickel k=7 sigma=0.25
[EST DONE] 2026-04-21T10:50:42.289278 bottleneck=7 replicate=0 seed=3 estimator=Levina-Bickel k=7 dur=4.059s
[EST START] 2026-04-21T10:50:42.289413 bottleneck=7 replicate=0 seed=3 estimator=Levina-Bickel k=10 sigma=0.25
[EST DONE] 2026-04-21T10:50:46.872062 bottleneck=7 replicate=0 seed=3 estimator=Levina-Bickel k=10 dur=4.583s
[EST START] 2026-04-21T10:50:46.872206 bottleneck=7 replicate=0 seed=3 estimator=Levina-Bickel k=15 sigma=0.25
[EST DONE] 2026-04-21T10:50:52.311697 bottleneck=7 replicate=0 seed=3 estimator=Levina-Bickel k=15 dur=5.439s
[EST START] 2026-04-21T10:50:52.311863 bottleneck=7 replicate=0 seed=3 estimator=TwoNN k=ALL sigma=0.25
[EST DONE] 2026-04-21T10:50:55.070583 bottleneck=7 replicate=0 seed=3 estimator=TwoNN k=ALL dur=2.759s
[EST START] 2026-04-21T10:50:55.070735 bottleneck=7 replicate=0 seed=3 estimator=lPCA k=3 sigma=0.25
[EST DONE] 2026-04-21T10:51:30.147089 bottleneck=7 replicate=0 seed=3 estimator=lPCA k=3 dur=35.076s
[EST START] 2026-04-21T10:51:30.147251 bottleneck=7 replicate=0 seed=3 estimator=lPCA k=5 sigma=0.25
[EST DONE] 2026-04-21T10:52:07.326922 bottleneck=7 replicate=0 seed=3 estimator=lPCA k=5 dur=37.180s
[EST START] 2026-04-21T10:52:07.327094 bottleneck=7 replicate=0 seed=3 estimator=lPCA k=7 sigma=0.25
[EST DONE] 2026-04-21T10:52:44.783800 bottleneck=7 replicate=0 seed=3 estimator=lPCA k=7 dur=37.457s
[EST START] 2026-04-21T10:52:44.783953 bottleneck=7 replicate=0 seed=3 estimator=lPCA k=10 sigma=0.25
[EST DONE] 2026-04-21T10:53:27.827802 bottleneck=7 replicate=0 seed=3 estimator=lPCA k=10 dur=43.044s
[EST START] 2026-04-21T10:53:27.827961 bottleneck=7 replicate=0 seed=3 estimator=lPCA k=15 sigma=0.25
[EST DONE] 2026-04-21T10:54:11.517637 bottleneck=7 replicate=0 seed=3 estimator=lPCA k=15 dur=43.690s
[EST START] 2026-04-21T10:54:11.517798 bottleneck=7 replicate=0 seed=3 estimator=DANCo k=3 sigma=0.25
[EST DONE] 2026-04-21T10:54:56.866398 bottleneck=7 replicate=0 seed=3 estimator=DANCo k=3 dur=45.349s
[EST START] 2026-04-21T10:54:56.866529 bottleneck=7 replicate=0 seed=3 estimator=DANCo k=5 sigma=0.25
[EST DONE] 2026-04-21T10:55:45.282125 bottleneck=7 replicate=0 seed=3 estimator=DANCo k=5 dur=48.416s
[EST START] 2026-04-21T10:55:45.282290 bottleneck=7 replicate=0 seed=3 estimator=DANCo k=7 sigma=0.25
[EST DONE] 2026-04-21T10:56:37.998811 bottleneck=7 replicate=0 seed=3 estimator=DANCo k=7 dur=52.716s
[EST START] 2026-04-21T10:56:37.998963 bottleneck=7 replicate=0 seed=3 estimator=DANCo k=10 sigma=0.25
[EST DONE] 2026-04-21T10:57:38.955655 bottleneck=7 replicate=0 seed=3 estimator=DANCo k=10 dur=60.957s
[EST START] 2026-04-21T10:57:38.955835 bottleneck=7 replicate=0 seed=3 estimator=DANCo k=15 sigma=0.25
[EST DONE] 2026-04-21T10:58:41.780490 bottleneck=7 replicate=0 seed=3 estimator=DANCo k=15 dur=62.825s
[EST START] 2026-04-21T10:58:41.780665 bottleneck=7 replicate=0 seed=3 estimator=MiND k=3 sigma=0.25
[EST DONE] 2026-04-21T10:58:45.143454 bottleneck=7 replicate=0 seed=3 estimator=MiND k=3 dur=3.363s
[EST START] 2026-04-21T10:58:45.143577 bottleneck=7 replicate=0 seed=3 estimator=MiND k=5 sigma=0.25
[EST DONE] 2026-04-21T10:58:49.138280 bottleneck=7 replicate=0 seed=3 estimator=MiND k=5 dur=3.995s
[EST START] 2026-04-21T10:58:49.138391 bottleneck=7 replicate=0 seed=3 estimator=MiND k=7 sigma=0.25
[EST DONE] 2026-04-21T10:58:53.500413 bottleneck=7 replicate=0 seed=3 estimator=MiND k=7 dur=4.362s
[EST START] 2026-04-21T10:58:53.500544 bottleneck=7 replicate=0 seed=3 estimator=MiND k=10 sigma=0.25
[EST DONE] 2026-04-21T10:58:58.440633 bottleneck=7 replicate=0 seed=3 estimator=MiND k=10 dur=4.940s
[EST START] 2026-04-21T10:58:58.440790 bottleneck=7 replicate=0 seed=3 estimator=MiND k=15 sigma=0.25
[EST DONE] 2026-04-21T10:59:04.034939 bottleneck=7 replicate=0 seed=3 estimator=MiND k=15 dur=5.594s
[EST START] 2026-04-21T10:59:04.035110 bottleneck=7 replicate=0 seed=3 estimator=FisherS k=ALL sigma=0.25
[EST DONE] 2026-04-21T11:03:23.940248 bottleneck=7 replicate=0 seed=3 estimator=FisherS k=ALL dur=259.905s
[EST START] 2026-04-21T11:03:23.940470 bottleneck=7 replicate=0 seed=3 estimator=SMAE k=ALL sigma=0.25
[EST DONE] 2026-04-21T11:09:21.575269 bottleneck=7 replicate=0 seed=3 estimator=SMAE k=ALL dur=357.635s
[EST START] 2026-04-21T11:09:21.591207 bottleneck=7 replicate=0 seed=3 estimator=Levina-Bickel k=3 sigma=0.5
[EST DONE] 2026-04-21T11:09:24.709024 bottleneck=7 replicate=0 seed=3 estimator=Levina-Bickel k=3 dur=3.118s
[EST START] 2026-04-21T11:09:24.709159 bottleneck=7 replicate=0 seed=3 estimator=Levina-Bickel k=5 sigma=0.5
[EST DONE] 2026-04-21T11:09:28.342941 bottleneck=7 replicate=0 seed=3 estimator=Levina-Bickel k=5 dur=3.634s
[EST START] 2026-04-21T11:09:28.343064 bottleneck=7 replicate=0 seed=3 estimator=Levina-Bickel k=7 sigma=0.5
[EST DONE] 2026-04-21T11:09:32.288143 bottleneck=7 replicate=0 seed=3 estimator=Levina-Bickel k=7 dur=3.945s
[EST START] 2026-04-21T11:09:32.288289 bottleneck=7 replicate=0 seed=3 estimator=Levina-Bickel k=10 sigma=0.5
[EST DONE] 2026-04-21T11:09:36.890490 bottleneck=7 replicate=0 seed=3 estimator=Levina-Bickel k=10 dur=4.602s
[EST START] 2026-04-21T11:09:36.890622 bottleneck=7 replicate=0 seed=3 estimator=Levina-Bickel k=15 sigma=0.5
[EST DONE] 2026-04-21T11:09:42.203852 bottleneck=7 replicate=0 seed=3 estimator=Levina-Bickel k=15 dur=5.313s
[EST START] 2026-04-21T11:09:42.203998 bottleneck=7 replicate=0 seed=3 estimator=TwoNN k=ALL sigma=0.5
[EST DONE] 2026-04-21T11:09:44.839115 bottleneck=7 replicate=0 seed=3 estimator=TwoNN k=ALL dur=2.635s
[EST START] 2026-04-21T11:09:44.839258 bottleneck=7 replicate=0 seed=3 estimator=lPCA k=3 sigma=0.5
[EST DONE] 2026-04-21T11:10:20.223957 bottleneck=7 replicate=0 seed=3 estimator=lPCA k=3 dur=35.385s
[EST START] 2026-04-21T11:10:20.224135 bottleneck=7 replicate=0 seed=3 estimator=lPCA k=5 sigma=0.5
[EST DONE] 2026-04-21T11:10:57.394490 bottleneck=7 replicate=0 seed=3 estimator=lPCA k=5 dur=37.170s
[EST START] 2026-04-21T11:10:57.394659 bottleneck=7 replicate=0 seed=3 estimator=lPCA k=7 sigma=0.5
[EST DONE] 2026-04-21T11:11:36.802341 bottleneck=7 replicate=0 seed=3 estimator=lPCA k=7 dur=39.408s
[EST START] 2026-04-21T11:11:36.802527 bottleneck=7 replicate=0 seed=3 estimator=lPCA k=10 sigma=0.5
[EST DONE] 2026-04-21T11:12:21.718828 bottleneck=7 replicate=0 seed=3 estimator=lPCA k=10 dur=44.916s
[EST START] 2026-04-21T11:12:21.719000 bottleneck=7 replicate=0 seed=3 estimator=lPCA k=15 sigma=0.5
[EST DONE] 2026-04-21T11:13:06.574234 bottleneck=7 replicate=0 seed=3 estimator=lPCA k=15 dur=44.855s
[EST START] 2026-04-21T11:13:06.574416 bottleneck=7 replicate=0 seed=3 estimator=DANCo k=3 sigma=0.5
[EST DONE] 2026-04-21T11:13:56.591049 bottleneck=7 replicate=0 seed=3 estimator=DANCo k=3 dur=50.017s
[EST START] 2026-04-21T11:13:56.591208 bottleneck=7 replicate=0 seed=3 estimator=DANCo k=5 sigma=0.5
[EST DONE] 2026-04-21T11:14:54.193526 bottleneck=7 replicate=0 seed=3 estimator=DANCo k=5 dur=57.602s
[EST START] 2026-04-21T11:14:54.193709 bottleneck=7 replicate=0 seed=3 estimator=DANCo k=7 sigma=0.5
[EST DONE] 2026-04-21T11:15:48.276134 bottleneck=7 replicate=0 seed=3 estimator=DANCo k=7 dur=54.082s
[EST START] 2026-04-21T11:15:48.276307 bottleneck=7 replicate=0 seed=3 estimator=DANCo k=10 sigma=0.5
[EST DONE] 2026-04-21T11:16:48.843132 bottleneck=7 replicate=0 seed=3 estimator=DANCo k=10 dur=60.567s
[EST START] 2026-04-21T11:16:48.843313 bottleneck=7 replicate=0 seed=3 estimator=DANCo k=15 sigma=0.5
[EST DONE] 2026-04-21T11:17:57.735941 bottleneck=7 replicate=0 seed=3 estimator=DANCo k=15 dur=68.893s
[EST START] 2026-04-21T11:17:57.736090 bottleneck=7 replicate=0 seed=3 estimator=MiND k=3 sigma=0.5
[EST DONE] 2026-04-21T11:18:01.072708 bottleneck=7 replicate=0 seed=3 estimator=MiND k=3 dur=3.337s
[EST START] 2026-04-21T11:18:01.072822 bottleneck=7 replicate=0 seed=3 estimator=MiND k=5 sigma=0.5
[EST DONE] 2026-04-21T11:18:04.920116 bottleneck=7 replicate=0 seed=3 estimator=MiND k=5 dur=3.847s
[EST START] 2026-04-21T11:18:04.920237 bottleneck=7 replicate=0 seed=3 estimator=MiND k=7 sigma=0.5
[EST DONE] 2026-04-21T11:18:09.107032 bottleneck=7 replicate=0 seed=3 estimator=MiND k=7 dur=4.187s
[EST START] 2026-04-21T11:18:09.107160 bottleneck=7 replicate=0 seed=3 estimator=MiND k=10 sigma=0.5
[EST DONE] 2026-04-21T11:18:13.899498 bottleneck=7 replicate=0 seed=3 estimator=MiND k=10 dur=4.792s
[EST START] 2026-04-21T11:18:13.899617 bottleneck=7 replicate=0 seed=3 estimator=MiND k=15 sigma=0.5
[EST DONE] 2026-04-21T11:18:19.334395 bottleneck=7 replicate=0 seed=3 estimator=MiND k=15 dur=5.435s
[EST START] 2026-04-21T11:18:19.334534 bottleneck=7 replicate=0 seed=3 estimator=FisherS k=ALL sigma=0.5
[EST DONE] 2026-04-21T11:22:43.580997 bottleneck=7 replicate=0 seed=3 estimator=FisherS k=ALL dur=264.246s
[EST START] 2026-04-21T11:22:43.581193 bottleneck=7 replicate=0 seed=3 estimator=SMAE k=ALL sigma=0.5
[EST DONE] 2026-04-21T11:28:38.063324 bottleneck=7 replicate=0 seed=3 estimator=SMAE k=ALL dur=354.482s
[EST START] 2026-04-21T11:28:38.079142 bottleneck=7 replicate=0 seed=3 estimator=Levina-Bickel k=3 sigma=0.75
[EST DONE] 2026-04-21T11:28:41.245771 bottleneck=7 replicate=0 seed=3 estimator=Levina-Bickel k=3 dur=3.167s
[EST START] 2026-04-21T11:28:41.245906 bottleneck=7 replicate=0 seed=3 estimator=Levina-Bickel k=5 sigma=0.75
[EST DONE] 2026-04-21T11:28:44.984063 bottleneck=7 replicate=0 seed=3 estimator=Levina-Bickel k=5 dur=3.738s
[EST START] 2026-04-21T11:28:44.984210 bottleneck=7 replicate=0 seed=3 estimator=Levina-Bickel k=7 sigma=0.75
[EST DONE] 2026-04-21T11:28:49.076949 bottleneck=7 replicate=0 seed=3 estimator=Levina-Bickel k=7 dur=4.093s
[EST START] 2026-04-21T11:28:49.077089 bottleneck=7 replicate=0 seed=3 estimator=Levina-Bickel k=10 sigma=0.75
[EST DONE] 2026-04-21T11:28:53.932439 bottleneck=7 replicate=0 seed=3 estimator=Levina-Bickel k=10 dur=4.855s
[EST START] 2026-04-21T11:28:53.932594 bottleneck=7 replicate=0 seed=3 estimator=Levina-Bickel k=15 sigma=0.75
[EST DONE] 2026-04-21T11:28:59.569470 bottleneck=7 replicate=0 seed=3 estimator=Levina-Bickel k=15 dur=5.637s
[EST START] 2026-04-21T11:28:59.569655 bottleneck=7 replicate=0 seed=3 estimator=TwoNN k=ALL sigma=0.75
[EST DONE] 2026-04-21T11:29:02.362517 bottleneck=7 replicate=0 seed=3 estimator=TwoNN k=ALL dur=2.793s
[EST START] 2026-04-21T11:29:02.362673 bottleneck=7 replicate=0 seed=3 estimator=lPCA k=3 sigma=0.75
[EST DONE] 2026-04-21T11:29:38.355409 bottleneck=7 replicate=0 seed=3 estimator=lPCA k=3 dur=35.993s
[EST START] 2026-04-21T11:29:38.355590 bottleneck=7 replicate=0 seed=3 estimator=lPCA k=5 sigma=0.75
[EST DONE] 2026-04-21T11:30:14.374519 bottleneck=7 replicate=0 seed=3 estimator=lPCA k=5 dur=36.019s
[EST START] 2026-04-21T11:30:14.374682 bottleneck=7 replicate=0 seed=3 estimator=lPCA k=7 sigma=0.75
[EST DONE] 2026-04-21T11:30:51.032525 bottleneck=7 replicate=0 seed=3 estimator=lPCA k=7 dur=36.658s
[EST START] 2026-04-21T11:30:51.032669 bottleneck=7 replicate=0 seed=3 estimator=lPCA k=10 sigma=0.75
[EST DONE] 2026-04-21T11:31:34.025540 bottleneck=7 replicate=0 seed=3 estimator=lPCA k=10 dur=42.993s
[EST START] 2026-04-21T11:31:34.025707 bottleneck=7 replicate=0 seed=3 estimator=lPCA k=15 sigma=0.75
[EST DONE] 2026-04-21T11:32:17.879907 bottleneck=7 replicate=0 seed=3 estimator=lPCA k=15 dur=43.854s
[EST START] 2026-04-21T11:32:17.880086 bottleneck=7 replicate=0 seed=3 estimator=DANCo k=3 sigma=0.75
[EST DONE] 2026-04-21T11:33:05.007984 bottleneck=7 replicate=0 seed=3 estimator=DANCo k=3 dur=47.128s
[EST START] 2026-04-21T11:33:05.008142 bottleneck=7 replicate=0 seed=3 estimator=DANCo k=5 sigma=0.75
[EST DONE] 2026-04-21T11:33:56.850546 bottleneck=7 replicate=0 seed=3 estimator=DANCo k=5 dur=51.842s
[EST START] 2026-04-21T11:33:56.850729 bottleneck=7 replicate=0 seed=3 estimator=DANCo k=7 sigma=0.75
[EST DONE] 2026-04-21T11:34:54.347262 bottleneck=7 replicate=0 seed=3 estimator=DANCo k=7 dur=57.496s
[EST START] 2026-04-21T11:34:54.347438 bottleneck=7 replicate=0 seed=3 estimator=DANCo k=10 sigma=0.75
[EST DONE] 2026-04-21T11:35:54.877238 bottleneck=7 replicate=0 seed=3 estimator=DANCo k=10 dur=60.530s
[EST START] 2026-04-21T11:35:54.877417 bottleneck=7 replicate=0 seed=3 estimator=DANCo k=15 sigma=0.75
[EST DONE] 2026-04-21T11:36:58.845635 bottleneck=7 replicate=0 seed=3 estimator=DANCo k=15 dur=63.968s
[EST START] 2026-04-21T11:36:58.845821 bottleneck=7 replicate=0 seed=3 estimator=MiND k=3 sigma=0.75
[EST DONE] 2026-04-21T11:37:02.442975 bottleneck=7 replicate=0 seed=3 estimator=MiND k=3 dur=3.597s
[EST START] 2026-04-21T11:37:02.443092 bottleneck=7 replicate=0 seed=3 estimator=MiND k=5 sigma=0.75
[EST DONE] 2026-04-21T11:37:06.421764 bottleneck=7 replicate=0 seed=3 estimator=MiND k=5 dur=3.979s
[EST START] 2026-04-21T11:37:06.421906 bottleneck=7 replicate=0 seed=3 estimator=MiND k=7 sigma=0.75
[EST DONE] 2026-04-21T11:37:10.832767 bottleneck=7 replicate=0 seed=3 estimator=MiND k=7 dur=4.411s
[EST START] 2026-04-21T11:37:10.832921 bottleneck=7 replicate=0 seed=3 estimator=MiND k=10 sigma=0.75
[EST DONE] 2026-04-21T11:37:15.727444 bottleneck=7 replicate=0 seed=3 estimator=MiND k=10 dur=4.894s
[EST START] 2026-04-21T11:37:15.727587 bottleneck=7 replicate=0 seed=3 estimator=MiND k=15 sigma=0.75
[EST DONE] 2026-04-21T11:37:21.496482 bottleneck=7 replicate=0 seed=3 estimator=MiND k=15 dur=5.769s
[EST START] 2026-04-21T11:37:21.496639 bottleneck=7 replicate=0 seed=3 estimator=FisherS k=ALL sigma=0.75
[EST DONE] 2026-04-21T11:41:44.785922 bottleneck=7 replicate=0 seed=3 estimator=FisherS k=ALL dur=263.289s
[EST START] 2026-04-21T11:41:44.786152 bottleneck=7 replicate=0 seed=3 estimator=SMAE k=ALL sigma=0.75
[EST DONE] 2026-04-21T11:47:41.378133 bottleneck=7 replicate=0 seed=3 estimator=SMAE k=ALL dur=356.592s
[EST START] 2026-04-21T11:47:41.392742 bottleneck=7 replicate=0 seed=3 estimator=Levina-Bickel k=3 sigma=1.0
[EST DONE] 2026-04-21T11:47:44.558895 bottleneck=7 replicate=0 seed=3 estimator=Levina-Bickel k=3 dur=3.166s
[EST START] 2026-04-21T11:47:44.559033 bottleneck=7 replicate=0 seed=3 estimator=Levina-Bickel k=5 sigma=1.0
[EST DONE] 2026-04-21T11:47:48.289516 bottleneck=7 replicate=0 seed=3 estimator=Levina-Bickel k=5 dur=3.730s
[EST START] 2026-04-21T11:47:48.289636 bottleneck=7 replicate=0 seed=3 estimator=Levina-Bickel k=7 sigma=1.0
[EST DONE] 2026-04-21T11:47:52.537572 bottleneck=7 replicate=0 seed=3 estimator=Levina-Bickel k=7 dur=4.248s
[EST START] 2026-04-21T11:47:52.537737 bottleneck=7 replicate=0 seed=3 estimator=Levina-Bickel k=10 sigma=1.0
[EST DONE] 2026-04-21T11:47:57.411679 bottleneck=7 replicate=0 seed=3 estimator=Levina-Bickel k=10 dur=4.874s
[EST START] 2026-04-21T11:47:57.411800 bottleneck=7 replicate=0 seed=3 estimator=Levina-Bickel k=15 sigma=1.0
[EST DONE] 2026-04-21T11:48:03.094958 bottleneck=7 replicate=0 seed=3 estimator=Levina-Bickel k=15 dur=5.683s
[EST START] 2026-04-21T11:48:03.095122 bottleneck=7 replicate=0 seed=3 estimator=TwoNN k=ALL sigma=1.0
[EST DONE] 2026-04-21T11:48:05.858728 bottleneck=7 replicate=0 seed=3 estimator=TwoNN k=ALL dur=2.764s
[EST START] 2026-04-21T11:48:05.858903 bottleneck=7 replicate=0 seed=3 estimator=lPCA k=3 sigma=1.0
[EST DONE] 2026-04-21T11:48:40.612009 bottleneck=7 replicate=0 seed=3 estimator=lPCA k=3 dur=34.753s
[EST START] 2026-04-21T11:48:40.612154 bottleneck=7 replicate=0 seed=3 estimator=lPCA k=5 sigma=1.0
[EST DONE] 2026-04-21T11:49:16.396304 bottleneck=7 replicate=0 seed=3 estimator=lPCA k=5 dur=35.784s
[EST START] 2026-04-21T11:49:16.396437 bottleneck=7 replicate=0 seed=3 estimator=lPCA k=7 sigma=1.0
[EST DONE] 2026-04-21T11:49:55.057047 bottleneck=7 replicate=0 seed=3 estimator=lPCA k=7 dur=38.661s
[EST START] 2026-04-21T11:49:55.057214 bottleneck=7 replicate=0 seed=3 estimator=lPCA k=10 sigma=1.0
[EST DONE] 2026-04-21T11:50:40.729618 bottleneck=7 replicate=0 seed=3 estimator=lPCA k=10 dur=45.672s
[EST START] 2026-04-21T11:50:40.729791 bottleneck=7 replicate=0 seed=3 estimator=lPCA k=15 sigma=1.0
[EST DONE] 2026-04-21T11:51:26.782894 bottleneck=7 replicate=0 seed=3 estimator=lPCA k=15 dur=46.053s
[EST START] 2026-04-21T11:51:26.783049 bottleneck=7 replicate=0 seed=3 estimator=DANCo k=3 sigma=1.0
[EST DONE] 2026-04-21T11:52:12.801651 bottleneck=7 replicate=0 seed=3 estimator=DANCo k=3 dur=46.019s
[EST START] 2026-04-21T11:52:12.801815 bottleneck=7 replicate=0 seed=3 estimator=DANCo k=5 sigma=1.0
[EST DONE] 2026-04-21T11:53:03.457548 bottleneck=7 replicate=0 seed=3 estimator=DANCo k=5 dur=50.656s
[EST START] 2026-04-21T11:53:03.457686 bottleneck=7 replicate=0 seed=3 estimator=DANCo k=7 sigma=1.0
[EST DONE] 2026-04-21T11:53:58.238957 bottleneck=7 replicate=0 seed=3 estimator=DANCo k=7 dur=54.781s
[EST START] 2026-04-21T11:53:58.239167 bottleneck=7 replicate=0 seed=3 estimator=DANCo k=10 sigma=1.0
[EST DONE] 2026-04-21T11:55:00.659208 bottleneck=7 replicate=0 seed=3 estimator=DANCo k=10 dur=62.420s
[EST START] 2026-04-21T11:55:00.659352 bottleneck=7 replicate=0 seed=3 estimator=DANCo k=15 sigma=1.0
[EST DONE] 2026-04-21T11:56:04.389097 bottleneck=7 replicate=0 seed=3 estimator=DANCo k=15 dur=63.730s
[EST START] 2026-04-21T11:56:04.389280 bottleneck=7 replicate=0 seed=3 estimator=MiND k=3 sigma=1.0
[EST DONE] 2026-04-21T11:56:07.940469 bottleneck=7 replicate=0 seed=3 estimator=MiND k=3 dur=3.551s
[EST START] 2026-04-21T11:56:07.940604 bottleneck=7 replicate=0 seed=3 estimator=MiND k=5 sigma=1.0
[EST DONE] 2026-04-21T11:56:11.970239 bottleneck=7 replicate=0 seed=3 estimator=MiND k=5 dur=4.030s
[EST START] 2026-04-21T11:56:11.970364 bottleneck=7 replicate=0 seed=3 estimator=MiND k=7 sigma=1.0
[EST DONE] 2026-04-21T11:56:16.367119 bottleneck=7 replicate=0 seed=3 estimator=MiND k=7 dur=4.397s
[EST START] 2026-04-21T11:56:16.367260 bottleneck=7 replicate=0 seed=3 estimator=MiND k=10 sigma=1.0
[EST DONE] 2026-04-21T11:56:21.391236 bottleneck=7 replicate=0 seed=3 estimator=MiND k=10 dur=5.024s
[EST START] 2026-04-21T11:56:21.391374 bottleneck=7 replicate=0 seed=3 estimator=MiND k=15 sigma=1.0
[EST DONE] 2026-04-21T11:56:27.134699 bottleneck=7 replicate=0 seed=3 estimator=MiND k=15 dur=5.743s
[EST START] 2026-04-21T11:56:27.134856 bottleneck=7 replicate=0 seed=3 estimator=FisherS k=ALL sigma=1.0
[EST DONE] 2026-04-21T12:00:51.768850 bottleneck=7 replicate=0 seed=3 estimator=FisherS k=ALL dur=264.634s
[EST START] 2026-04-21T12:00:51.769058 bottleneck=7 replicate=0 seed=3 estimator=SMAE k=ALL sigma=1.0
[EST DONE] 2026-04-21T12:06:49.930726 bottleneck=7 replicate=0 seed=3 estimator=SMAE k=ALL dur=358.162s
[MNIST TASK START] 2026-04-21T12:06:49.931070 bottleneck=9 replicate=0 seed=3
[AE START] seed=3 bottleneck=9 epochs=50 subset=0
[AE EPOCH] epoch=1/50 loss=0.095496 epoch_time=1.49s device=cuda
[AE EPOCH] epoch=2/50 loss=0.050657 epoch_time=1.20s device=cuda
[AE EPOCH] epoch=3/50 loss=0.038726 epoch_time=1.14s device=cuda
[AE EPOCH] epoch=4/50 loss=0.033782 epoch_time=1.24s device=cuda
[AE EPOCH] epoch=5/50 loss=0.031037 epoch_time=1.41s device=cuda
[AE EPOCH] epoch=6/50 loss=0.029401 epoch_time=1.25s device=cuda
[AE EPOCH] epoch=7/50 loss=0.028269 epoch_time=1.34s device=cuda
[AE EPOCH] epoch=8/50 loss=0.027384 epoch_time=1.38s device=cuda
[AE EPOCH] epoch=9/50 loss=0.026651 epoch_time=1.16s device=cuda
[AE EPOCH] epoch=10/50 loss=0.026021 epoch_time=1.26s device=cuda
[AE EPOCH] epoch=11/50 loss=0.025472 epoch_time=1.36s device=cuda
[AE EPOCH] epoch=12/50 loss=0.024981 epoch_time=1.28s device=cuda
[AE EPOCH] epoch=13/50 loss=0.024535 epoch_time=1.61s device=cuda
[AE EPOCH] epoch=14/50 loss=0.024129 epoch_time=1.35s device=cuda
[AE EPOCH] epoch=15/50 loss=0.023756 epoch_time=1.42s device=cuda
[AE EPOCH] epoch=16/50 loss=0.023412 epoch_time=1.23s device=cuda
[AE EPOCH] epoch=17/50 loss=0.023088 epoch_time=1.36s device=cuda
[AE EPOCH] epoch=18/50 loss=0.022790 epoch_time=1.37s device=cuda
[AE EPOCH] epoch=19/50 loss=0.022512 epoch_time=1.26s device=cuda
[AE EPOCH] epoch=20/50 loss=0.022251 epoch_time=1.19s device=cuda
[AE EPOCH] epoch=21/50 loss=0.022010 epoch_time=1.31s device=cuda
[AE EPOCH] epoch=22/50 loss=0.021782 epoch_time=1.29s device=cuda
[AE EPOCH] epoch=23/50 loss=0.021568 epoch_time=1.44s device=cuda
[AE EPOCH] epoch=24/50 loss=0.021368 epoch_time=1.29s device=cuda
[AE EPOCH] epoch=25/50 loss=0.021176 epoch_time=1.27s device=cuda
[AE EPOCH] epoch=26/50 loss=0.020997 epoch_time=1.33s device=cuda
[AE EPOCH] epoch=27/50 loss=0.020828 epoch_time=1.32s device=cuda
[AE EPOCH] epoch=28/50 loss=0.020669 epoch_time=1.32s device=cuda
[AE EPOCH] epoch=29/50 loss=0.020515 epoch_time=1.28s device=cuda
[AE EPOCH] epoch=30/50 loss=0.020374 epoch_time=1.26s device=cuda
[AE EPOCH] epoch=31/50 loss=0.020237 epoch_time=1.09s device=cuda
[AE EPOCH] epoch=32/50 loss=0.020107 epoch_time=1.28s device=cuda
[AE EPOCH] epoch=33/50 loss=0.019983 epoch_time=1.36s device=cuda
[AE EPOCH] epoch=34/50 loss=0.019867 epoch_time=1.48s device=cuda
[AE EPOCH] epoch=35/50 loss=0.019752 epoch_time=1.43s device=cuda
[AE EPOCH] epoch=36/50 loss=0.019647 epoch_time=1.24s device=cuda
[AE EPOCH] epoch=37/50 loss=0.019546 epoch_time=1.29s device=cuda
[AE EPOCH] epoch=38/50 loss=0.019446 epoch_time=1.24s device=cuda
[AE EPOCH] epoch=39/50 loss=0.019352 epoch_time=1.35s device=cuda
[AE EPOCH] epoch=40/50 loss=0.019261 epoch_time=1.16s device=cuda
[AE EPOCH] epoch=41/50 loss=0.019173 epoch_time=1.33s device=cuda
[AE EPOCH] epoch=42/50 loss=0.019092 epoch_time=1.17s device=cuda
[AE EPOCH] epoch=43/50 loss=0.019011 epoch_time=1.16s device=cuda
[AE EPOCH] epoch=44/50 loss=0.018933 epoch_time=1.22s device=cuda
[AE EPOCH] epoch=45/50 loss=0.018859 epoch_time=1.45s device=cuda
[AE EPOCH] epoch=46/50 loss=0.018786 epoch_time=1.13s device=cuda
[AE EPOCH] epoch=47/50 loss=0.018717 epoch_time=1.20s device=cuda
[AE EPOCH] epoch=48/50 loss=0.018650 epoch_time=1.35s device=cuda
[AE EPOCH] epoch=49/50 loss=0.018586 epoch_time=1.28s device=cuda
[AE EPOCH] epoch=50/50 loss=0.018522 epoch_time=1.35s device=cuda
[AE TRAIN COMPLETE] total_time=65.02s
[AE TRAIN COMPLETE] 2026-04-21T12:08:01.553419 bottleneck=9 replicate=0 dur=71.6s seed=3
[EST START] 2026-04-21T12:08:01.575595 bottleneck=9 replicate=0 seed=3 estimator=Levina-Bickel k=3 sigma=0.0
[EST DONE] 2026-04-21T12:08:07.490518 bottleneck=9 replicate=0 seed=3 estimator=Levina-Bickel k=3 dur=5.915s
[EST START] 2026-04-21T12:08:07.490666 bottleneck=9 replicate=0 seed=3 estimator=Levina-Bickel k=5 sigma=0.0
[EST DONE] 2026-04-21T12:08:14.487484 bottleneck=9 replicate=0 seed=3 estimator=Levina-Bickel k=5 dur=6.997s
[EST START] 2026-04-21T12:08:14.487641 bottleneck=9 replicate=0 seed=3 estimator=Levina-Bickel k=7 sigma=0.0
[EST DONE] 2026-04-21T12:08:22.179449 bottleneck=9 replicate=0 seed=3 estimator=Levina-Bickel k=7 dur=7.692s
[EST START] 2026-04-21T12:08:22.179628 bottleneck=9 replicate=0 seed=3 estimator=Levina-Bickel k=10 sigma=0.0
[EST DONE] 2026-04-21T12:08:30.857599 bottleneck=9 replicate=0 seed=3 estimator=Levina-Bickel k=10 dur=8.678s
[EST START] 2026-04-21T12:08:30.857759 bottleneck=9 replicate=0 seed=3 estimator=Levina-Bickel k=15 sigma=0.0
[EST DONE] 2026-04-21T12:08:40.755228 bottleneck=9 replicate=0 seed=3 estimator=Levina-Bickel k=15 dur=9.897s
[EST START] 2026-04-21T12:08:40.755396 bottleneck=9 replicate=0 seed=3 estimator=TwoNN k=ALL sigma=0.0
[EST DONE] 2026-04-21T12:08:45.812515 bottleneck=9 replicate=0 seed=3 estimator=TwoNN k=ALL dur=5.057s
[EST START] 2026-04-21T12:08:45.812677 bottleneck=9 replicate=0 seed=3 estimator=lPCA k=3 sigma=0.0
[EST DONE] 2026-04-21T12:09:25.264743 bottleneck=9 replicate=0 seed=3 estimator=lPCA k=3 dur=39.452s
[EST START] 2026-04-21T12:09:25.264895 bottleneck=9 replicate=0 seed=3 estimator=lPCA k=5 sigma=0.0
[EST DONE] 2026-04-21T12:10:05.799464 bottleneck=9 replicate=0 seed=3 estimator=lPCA k=5 dur=40.535s
[EST START] 2026-04-21T12:10:05.799660 bottleneck=9 replicate=0 seed=3 estimator=lPCA k=7 sigma=0.0
[EST DONE] 2026-04-21T12:10:47.614221 bottleneck=9 replicate=0 seed=3 estimator=lPCA k=7 dur=41.815s
[EST START] 2026-04-21T12:10:47.614384 bottleneck=9 replicate=0 seed=3 estimator=lPCA k=10 sigma=0.0
[EST DONE] 2026-04-21T12:11:31.223321 bottleneck=9 replicate=0 seed=3 estimator=lPCA k=10 dur=43.609s
[EST START] 2026-04-21T12:11:31.223497 bottleneck=9 replicate=0 seed=3 estimator=lPCA k=15 sigma=0.0
[EST DONE] 2026-04-21T12:12:16.761308 bottleneck=9 replicate=0 seed=3 estimator=lPCA k=15 dur=45.538s
[EST START] 2026-04-21T12:12:16.761488 bottleneck=9 replicate=0 seed=3 estimator=DANCo k=3 sigma=0.0
[EST DONE] 2026-04-21T12:13:31.357795 bottleneck=9 replicate=0 seed=3 estimator=DANCo k=3 dur=74.596s
[EST START] 2026-04-21T12:13:31.357954 bottleneck=9 replicate=0 seed=3 estimator=DANCo k=5 sigma=0.0
[EST DONE] 2026-04-21T12:14:53.081211 bottleneck=9 replicate=0 seed=3 estimator=DANCo k=5 dur=81.723s
[EST START] 2026-04-21T12:14:53.081388 bottleneck=9 replicate=0 seed=3 estimator=DANCo k=7 sigma=0.0
[EST DONE] 2026-04-21T12:16:25.737281 bottleneck=9 replicate=0 seed=3 estimator=DANCo k=7 dur=92.656s
[EST START] 2026-04-21T12:16:25.737461 bottleneck=9 replicate=0 seed=3 estimator=DANCo k=10 sigma=0.0
[EST DONE] 2026-04-21T12:17:57.571701 bottleneck=9 replicate=0 seed=3 estimator=DANCo k=10 dur=91.834s
[EST START] 2026-04-21T12:17:57.571862 bottleneck=9 replicate=0 seed=3 estimator=DANCo k=15 sigma=0.0
[EST DONE] 2026-04-21T12:19:43.191338 bottleneck=9 replicate=0 seed=3 estimator=DANCo k=15 dur=105.619s
[EST START] 2026-04-21T12:19:43.191488 bottleneck=9 replicate=0 seed=3 estimator=MiND k=3 sigma=0.0
[EST DONE] 2026-04-21T12:19:49.450999 bottleneck=9 replicate=0 seed=3 estimator=MiND k=3 dur=6.259s
[EST START] 2026-04-21T12:19:49.451146 bottleneck=9 replicate=0 seed=3 estimator=MiND k=5 sigma=0.0
[EST DONE] 2026-04-21T12:19:56.518832 bottleneck=9 replicate=0 seed=3 estimator=MiND k=5 dur=7.068s
[EST START] 2026-04-21T12:19:56.519007 bottleneck=9 replicate=0 seed=3 estimator=MiND k=7 sigma=0.0
[EST DONE] 2026-04-21T12:20:03.933290 bottleneck=9 replicate=0 seed=3 estimator=MiND k=7 dur=7.414s
[EST START] 2026-04-21T12:20:03.933418 bottleneck=9 replicate=0 seed=3 estimator=MiND k=10 sigma=0.0
[EST DONE] 2026-04-21T12:20:12.490666 bottleneck=9 replicate=0 seed=3 estimator=MiND k=10 dur=8.557s
[EST START] 2026-04-21T12:20:12.490801 bottleneck=9 replicate=0 seed=3 estimator=MiND k=15 sigma=0.0
[EST DONE] 2026-04-21T12:20:22.457672 bottleneck=9 replicate=0 seed=3 estimator=MiND k=15 dur=9.967s
[EST START] 2026-04-21T12:20:22.457844 bottleneck=9 replicate=0 seed=3 estimator=FisherS k=ALL sigma=0.0
[EST DONE] 2026-04-21T12:24:48.781343 bottleneck=9 replicate=0 seed=3 estimator=FisherS k=ALL dur=266.323s
[EST START] 2026-04-21T12:24:48.781551 bottleneck=9 replicate=0 seed=3 estimator=SMAE k=ALL sigma=0.0
[EST DONE] 2026-04-21T12:30:45.546693 bottleneck=9 replicate=0 seed=3 estimator=SMAE k=ALL dur=356.765s
[EST START] 2026-04-21T12:30:45.568436 bottleneck=9 replicate=0 seed=3 estimator=Levina-Bickel k=3 sigma=0.25
[EST DONE] 2026-04-21T12:30:51.485940 bottleneck=9 replicate=0 seed=3 estimator=Levina-Bickel k=3 dur=5.917s
[EST START] 2026-04-21T12:30:51.486095 bottleneck=9 replicate=0 seed=3 estimator=Levina-Bickel k=5 sigma=0.25
[EST DONE] 2026-04-21T12:30:58.472692 bottleneck=9 replicate=0 seed=3 estimator=Levina-Bickel k=5 dur=6.987s
[EST START] 2026-04-21T12:30:58.472861 bottleneck=9 replicate=0 seed=3 estimator=Levina-Bickel k=7 sigma=0.25
[EST DONE] 2026-04-21T12:31:06.420207 bottleneck=9 replicate=0 seed=3 estimator=Levina-Bickel k=7 dur=7.947s
[EST START] 2026-04-21T12:31:06.420368 bottleneck=9 replicate=0 seed=3 estimator=Levina-Bickel k=10 sigma=0.25
[EST DONE] 2026-04-21T12:31:14.996964 bottleneck=9 replicate=0 seed=3 estimator=Levina-Bickel k=10 dur=8.577s
[EST START] 2026-04-21T12:31:14.997123 bottleneck=9 replicate=0 seed=3 estimator=Levina-Bickel k=15 sigma=0.25
[EST DONE] 2026-04-21T12:31:24.845310 bottleneck=9 replicate=0 seed=3 estimator=Levina-Bickel k=15 dur=9.848s
[EST START] 2026-04-21T12:31:24.845476 bottleneck=9 replicate=0 seed=3 estimator=TwoNN k=ALL sigma=0.25
[EST DONE] 2026-04-21T12:31:29.974118 bottleneck=9 replicate=0 seed=3 estimator=TwoNN k=ALL dur=5.129s
[EST START] 2026-04-21T12:31:29.974282 bottleneck=9 replicate=0 seed=3 estimator=lPCA k=3 sigma=0.25
[EST DONE] 2026-04-21T12:32:08.858163 bottleneck=9 replicate=0 seed=3 estimator=lPCA k=3 dur=38.884s
[EST START] 2026-04-21T12:32:08.858331 bottleneck=9 replicate=0 seed=3 estimator=lPCA k=5 sigma=0.25
[EST DONE] 2026-04-21T12:32:49.868298 bottleneck=9 replicate=0 seed=3 estimator=lPCA k=5 dur=41.010s
[EST START] 2026-04-21T12:32:49.868449 bottleneck=9 replicate=0 seed=3 estimator=lPCA k=7 sigma=0.25
[EST DONE] 2026-04-21T12:33:32.884602 bottleneck=9 replicate=0 seed=3 estimator=lPCA k=7 dur=43.016s
[EST START] 2026-04-21T12:33:32.884772 bottleneck=9 replicate=0 seed=3 estimator=lPCA k=10 sigma=0.25
[EST DONE] 2026-04-21T12:34:18.361838 bottleneck=9 replicate=0 seed=3 estimator=lPCA k=10 dur=45.477s
[EST START] 2026-04-21T12:34:18.362002 bottleneck=9 replicate=0 seed=3 estimator=lPCA k=15 sigma=0.25
[EST DONE] 2026-04-21T12:35:03.228024 bottleneck=9 replicate=0 seed=3 estimator=lPCA k=15 dur=44.866s
[EST START] 2026-04-21T12:35:03.228212 bottleneck=9 replicate=0 seed=3 estimator=DANCo k=3 sigma=0.25
[EST DONE] 2026-04-21T12:36:10.889801 bottleneck=9 replicate=0 seed=3 estimator=DANCo k=3 dur=67.662s
[EST START] 2026-04-21T12:36:10.889970 bottleneck=9 replicate=0 seed=3 estimator=DANCo k=5 sigma=0.25
[EST DONE] 2026-04-21T12:37:25.838702 bottleneck=9 replicate=0 seed=3 estimator=DANCo k=5 dur=74.949s
[EST START] 2026-04-21T12:37:25.838873 bottleneck=9 replicate=0 seed=3 estimator=DANCo k=7 sigma=0.25
[EST DONE] 2026-04-21T12:38:40.808728 bottleneck=9 replicate=0 seed=3 estimator=DANCo k=7 dur=74.970s
[EST START] 2026-04-21T12:38:40.808890 bottleneck=9 replicate=0 seed=3 estimator=DANCo k=10 sigma=0.25
[EST DONE] 2026-04-21T12:40:04.366802 bottleneck=9 replicate=0 seed=3 estimator=DANCo k=10 dur=83.558s
[EST START] 2026-04-21T12:40:04.366969 bottleneck=9 replicate=0 seed=3 estimator=DANCo k=15 sigma=0.25
[EST DONE] 2026-04-21T12:41:32.143034 bottleneck=9 replicate=0 seed=3 estimator=DANCo k=15 dur=87.776s
[EST START] 2026-04-21T12:41:32.143190 bottleneck=9 replicate=0 seed=3 estimator=MiND k=3 sigma=0.25
[EST DONE] 2026-04-21T12:41:38.363829 bottleneck=9 replicate=0 seed=3 estimator=MiND k=3 dur=6.221s
[EST START] 2026-04-21T12:41:38.363961 bottleneck=9 replicate=0 seed=3 estimator=MiND k=5 sigma=0.25
[EST DONE] 2026-04-21T12:41:45.431118 bottleneck=9 replicate=0 seed=3 estimator=MiND k=5 dur=7.067s
[EST START] 2026-04-21T12:41:45.431256 bottleneck=9 replicate=0 seed=3 estimator=MiND k=7 sigma=0.25
[EST DONE] 2026-04-21T12:41:53.291368 bottleneck=9 replicate=0 seed=3 estimator=MiND k=7 dur=7.860s
[EST START] 2026-04-21T12:41:53.291493 bottleneck=9 replicate=0 seed=3 estimator=MiND k=10 sigma=0.25
[EST DONE] 2026-04-21T12:42:02.085518 bottleneck=9 replicate=0 seed=3 estimator=MiND k=10 dur=8.794s
[EST START] 2026-04-21T12:42:02.085661 bottleneck=9 replicate=0 seed=3 estimator=MiND k=15 sigma=0.25
[EST DONE] 2026-04-21T12:42:11.958894 bottleneck=9 replicate=0 seed=3 estimator=MiND k=15 dur=9.873s
[EST START] 2026-04-21T12:42:11.959029 bottleneck=9 replicate=0 seed=3 estimator=FisherS k=ALL sigma=0.25
[EST DONE] 2026-04-21T12:46:29.389031 bottleneck=9 replicate=0 seed=3 estimator=FisherS k=ALL dur=257.430s
[EST START] 2026-04-21T12:46:29.389241 bottleneck=9 replicate=0 seed=3 estimator=SMAE k=ALL sigma=0.25
[EST DONE] 2026-04-21T12:52:24.962105 bottleneck=9 replicate=0 seed=3 estimator=SMAE k=ALL dur=355.573s
[EST START] 2026-04-21T12:52:24.982350 bottleneck=9 replicate=0 seed=3 estimator=Levina-Bickel k=3 sigma=0.5
[EST DONE] 2026-04-21T12:52:31.070812 bottleneck=9 replicate=0 seed=3 estimator=Levina-Bickel k=3 dur=6.088s
[EST START] 2026-04-21T12:52:31.070964 bottleneck=9 replicate=0 seed=3 estimator=Levina-Bickel k=5 sigma=0.5
[EST DONE] 2026-04-21T12:52:38.242407 bottleneck=9 replicate=0 seed=3 estimator=Levina-Bickel k=5 dur=7.171s
[EST START] 2026-04-21T12:52:38.242595 bottleneck=9 replicate=0 seed=3 estimator=Levina-Bickel k=7 sigma=0.5
[EST DONE] 2026-04-21T12:52:46.154216 bottleneck=9 replicate=0 seed=3 estimator=Levina-Bickel k=7 dur=7.912s
[EST START] 2026-04-21T12:52:46.154370 bottleneck=9 replicate=0 seed=3 estimator=Levina-Bickel k=10 sigma=0.5
[EST DONE] 2026-04-21T12:52:55.123316 bottleneck=9 replicate=0 seed=3 estimator=Levina-Bickel k=10 dur=8.969s
[EST START] 2026-04-21T12:52:55.123481 bottleneck=9 replicate=0 seed=3 estimator=Levina-Bickel k=15 sigma=0.5
[EST DONE] 2026-04-21T12:53:05.556053 bottleneck=9 replicate=0 seed=3 estimator=Levina-Bickel k=15 dur=10.433s
[EST START] 2026-04-21T12:53:05.556221 bottleneck=9 replicate=0 seed=3 estimator=TwoNN k=ALL sigma=0.5
[EST DONE] 2026-04-21T12:53:10.873814 bottleneck=9 replicate=0 seed=3 estimator=TwoNN k=ALL dur=5.318s
[EST START] 2026-04-21T12:53:10.873987 bottleneck=9 replicate=0 seed=3 estimator=lPCA k=3 sigma=0.5
[EST DONE] 2026-04-21T12:53:50.813016 bottleneck=9 replicate=0 seed=3 estimator=lPCA k=3 dur=39.939s
[EST START] 2026-04-21T12:53:50.813222 bottleneck=9 replicate=0 seed=3 estimator=lPCA k=5 sigma=0.5
[EST DONE] 2026-04-21T12:54:31.204197 bottleneck=9 replicate=0 seed=3 estimator=lPCA k=5 dur=40.391s
[EST START] 2026-04-21T12:54:31.204372 bottleneck=9 replicate=0 seed=3 estimator=lPCA k=7 sigma=0.5
[EST DONE] 2026-04-21T12:55:13.797456 bottleneck=9 replicate=0 seed=3 estimator=lPCA k=7 dur=42.593s
[EST START] 2026-04-21T12:55:13.797648 bottleneck=9 replicate=0 seed=3 estimator=lPCA k=10 sigma=0.5
[EST DONE] 2026-04-21T12:55:59.298896 bottleneck=9 replicate=0 seed=3 estimator=lPCA k=10 dur=45.501s
[EST START] 2026-04-21T12:55:59.299055 bottleneck=9 replicate=0 seed=3 estimator=lPCA k=15 sigma=0.5
[EST DONE] 2026-04-21T12:56:47.394269 bottleneck=9 replicate=0 seed=3 estimator=lPCA k=15 dur=48.095s
[EST START] 2026-04-21T12:56:47.394439 bottleneck=9 replicate=0 seed=3 estimator=DANCo k=3 sigma=0.5
[EST DONE] 2026-04-21T12:57:58.944222 bottleneck=9 replicate=0 seed=3 estimator=DANCo k=3 dur=71.550s
[EST START] 2026-04-21T12:57:58.944356 bottleneck=9 replicate=0 seed=3 estimator=DANCo k=5 sigma=0.5
[EST DONE] 2026-04-21T12:59:22.405034 bottleneck=9 replicate=0 seed=3 estimator=DANCo k=5 dur=83.461s
[EST START] 2026-04-21T12:59:22.405226 bottleneck=9 replicate=0 seed=3 estimator=DANCo k=7 sigma=0.5
[EST DONE] 2026-04-21T13:00:50.306076 bottleneck=9 replicate=0 seed=3 estimator=DANCo k=7 dur=87.901s
[EST START] 2026-04-21T13:00:50.306261 bottleneck=9 replicate=0 seed=3 estimator=DANCo k=10 sigma=0.5
[EST DONE] 2026-04-21T13:02:21.819758 bottleneck=9 replicate=0 seed=3 estimator=DANCo k=10 dur=91.513s
[EST START] 2026-04-21T13:02:21.819925 bottleneck=9 replicate=0 seed=3 estimator=DANCo k=15 sigma=0.5
[EST DONE] 2026-04-21T13:04:08.831505 bottleneck=9 replicate=0 seed=3 estimator=DANCo k=15 dur=107.012s
[EST START] 2026-04-21T13:04:08.831717 bottleneck=9 replicate=0 seed=3 estimator=MiND k=3 sigma=0.5
[EST DONE] 2026-04-21T13:04:15.619261 bottleneck=9 replicate=0 seed=3 estimator=MiND k=3 dur=6.788s
[EST START] 2026-04-21T13:04:15.619419 bottleneck=9 replicate=0 seed=3 estimator=MiND k=5 sigma=0.5
[EST DONE] 2026-04-21T13:04:23.260641 bottleneck=9 replicate=0 seed=3 estimator=MiND k=5 dur=7.641s
[EST START] 2026-04-21T13:04:23.260784 bottleneck=9 replicate=0 seed=3 estimator=MiND k=7 sigma=0.5
[EST DONE] 2026-04-21T13:04:31.619815 bottleneck=9 replicate=0 seed=3 estimator=MiND k=7 dur=8.359s
[EST START] 2026-04-21T13:04:31.619955 bottleneck=9 replicate=0 seed=3 estimator=MiND k=10 sigma=0.5
[EST DONE] 2026-04-21T13:04:40.608616 bottleneck=9 replicate=0 seed=3 estimator=MiND k=10 dur=8.989s
[EST START] 2026-04-21T13:04:40.608767 bottleneck=9 replicate=0 seed=3 estimator=MiND k=15 sigma=0.5
[EST DONE] 2026-04-21T13:04:50.877553 bottleneck=9 replicate=0 seed=3 estimator=MiND k=15 dur=10.269s
[EST START] 2026-04-21T13:04:50.877713 bottleneck=9 replicate=0 seed=3 estimator=FisherS k=ALL sigma=0.5
[EST DONE] 2026-04-21T13:09:24.302675 bottleneck=9 replicate=0 seed=3 estimator=FisherS k=ALL dur=273.425s
[EST START] 2026-04-21T13:09:24.302842 bottleneck=9 replicate=0 seed=3 estimator=SMAE k=ALL sigma=0.5
[EST DONE] 2026-04-21T13:15:10.001082 bottleneck=9 replicate=0 seed=3 estimator=SMAE k=ALL dur=345.698s
[EST START] 2026-04-21T13:15:10.023241 bottleneck=9 replicate=0 seed=3 estimator=Levina-Bickel k=3 sigma=0.75
[EST DONE] 2026-04-21T13:15:16.260260 bottleneck=9 replicate=0 seed=3 estimator=Levina-Bickel k=3 dur=6.237s
[EST START] 2026-04-21T13:15:16.260413 bottleneck=9 replicate=0 seed=3 estimator=Levina-Bickel k=5 sigma=0.75
[EST DONE] 2026-04-21T13:15:23.527743 bottleneck=9 replicate=0 seed=3 estimator=Levina-Bickel k=5 dur=7.267s
[EST START] 2026-04-21T13:15:23.527920 bottleneck=9 replicate=0 seed=3 estimator=Levina-Bickel k=7 sigma=0.75
[EST DONE] 2026-04-21T13:15:31.714407 bottleneck=9 replicate=0 seed=3 estimator=Levina-Bickel k=7 dur=8.186s
[EST START] 2026-04-21T13:15:31.714534 bottleneck=9 replicate=0 seed=3 estimator=Levina-Bickel k=10 sigma=0.75
[EST DONE] 2026-04-21T13:15:40.848721 bottleneck=9 replicate=0 seed=3 estimator=Levina-Bickel k=10 dur=9.134s
[EST START] 2026-04-21T13:15:40.848855 bottleneck=9 replicate=0 seed=3 estimator=Levina-Bickel k=15 sigma=0.75
[EST DONE] 2026-04-21T13:15:51.741166 bottleneck=9 replicate=0 seed=3 estimator=Levina-Bickel k=15 dur=10.892s
[EST START] 2026-04-21T13:15:51.741323 bottleneck=9 replicate=0 seed=3 estimator=TwoNN k=ALL sigma=0.75
[EST DONE] 2026-04-21T13:15:57.214883 bottleneck=9 replicate=0 seed=3 estimator=TwoNN k=ALL dur=5.474s
[EST START] 2026-04-21T13:15:57.215032 bottleneck=9 replicate=0 seed=3 estimator=lPCA k=3 sigma=0.75
[EST DONE] 2026-04-21T13:16:37.342120 bottleneck=9 replicate=0 seed=3 estimator=lPCA k=3 dur=40.127s
[EST START] 2026-04-21T13:16:37.342283 bottleneck=9 replicate=0 seed=3 estimator=lPCA k=5 sigma=0.75
[EST DONE] 2026-04-21T13:17:18.916287 bottleneck=9 replicate=0 seed=3 estimator=lPCA k=5 dur=41.574s
[EST START] 2026-04-21T13:17:18.916444 bottleneck=9 replicate=0 seed=3 estimator=lPCA k=7 sigma=0.75
[EST DONE] 2026-04-21T13:18:03.011798 bottleneck=9 replicate=0 seed=3 estimator=lPCA k=7 dur=44.095s
[EST START] 2026-04-21T13:18:03.011966 bottleneck=9 replicate=0 seed=3 estimator=lPCA k=10 sigma=0.75
[EST DONE] 2026-04-21T13:18:49.057390 bottleneck=9 replicate=0 seed=3 estimator=lPCA k=10 dur=46.045s
[EST START] 2026-04-21T13:18:49.057566 bottleneck=9 replicate=0 seed=3 estimator=lPCA k=15 sigma=0.75
[EST DONE] 2026-04-21T13:19:37.117396 bottleneck=9 replicate=0 seed=3 estimator=lPCA k=15 dur=48.060s
[EST START] 2026-04-21T13:19:37.117570 bottleneck=9 replicate=0 seed=3 estimator=DANCo k=3 sigma=0.75
[EST DONE] 2026-04-21T13:20:49.755107 bottleneck=9 replicate=0 seed=3 estimator=DANCo k=3 dur=72.638s
[EST START] 2026-04-21T13:20:49.755259 bottleneck=9 replicate=0 seed=3 estimator=DANCo k=5 sigma=0.75
[EST DONE] 2026-04-21T13:22:11.396878 bottleneck=9 replicate=0 seed=3 estimator=DANCo k=5 dur=81.642s
[EST START] 2026-04-21T13:22:11.397056 bottleneck=9 replicate=0 seed=3 estimator=DANCo k=7 sigma=0.75
[EST DONE] 2026-04-21T13:23:42.569988 bottleneck=9 replicate=0 seed=3 estimator=DANCo k=7 dur=91.173s
[EST START] 2026-04-21T13:23:42.570139 bottleneck=9 replicate=0 seed=3 estimator=DANCo k=10 sigma=0.75
[EST DONE] 2026-04-21T13:25:20.848812 bottleneck=9 replicate=0 seed=3 estimator=DANCo k=10 dur=98.279s
[EST START] 2026-04-21T13:25:20.848993 bottleneck=9 replicate=0 seed=3 estimator=DANCo k=15 sigma=0.75
[EST DONE] 2026-04-21T13:27:13.155533 bottleneck=9 replicate=0 seed=3 estimator=DANCo k=15 dur=112.306s
[EST START] 2026-04-21T13:27:13.155692 bottleneck=9 replicate=0 seed=3 estimator=MiND k=3 sigma=0.75
[EST DONE] 2026-04-21T13:27:19.731985 bottleneck=9 replicate=0 seed=3 estimator=MiND k=3 dur=6.576s
[EST START] 2026-04-21T13:27:19.732130 bottleneck=9 replicate=0 seed=3 estimator=MiND k=5 sigma=0.75
[EST DONE] 2026-04-21T13:27:27.239754 bottleneck=9 replicate=0 seed=3 estimator=MiND k=5 dur=7.508s
[EST START] 2026-04-21T13:27:27.239895 bottleneck=9 replicate=0 seed=3 estimator=MiND k=7 sigma=0.75
[EST DONE] 2026-04-21T13:27:35.717149 bottleneck=9 replicate=0 seed=3 estimator=MiND k=7 dur=8.477s
[EST START] 2026-04-21T13:27:35.717296 bottleneck=9 replicate=0 seed=3 estimator=MiND k=10 sigma=0.75
[EST DONE] 2026-04-21T13:27:45.178168 bottleneck=9 replicate=0 seed=3 estimator=MiND k=10 dur=9.461s
[EST START] 2026-04-21T13:27:45.178314 bottleneck=9 replicate=0 seed=3 estimator=MiND k=15 sigma=0.75
[EST DONE] 2026-04-21T13:27:55.853662 bottleneck=9 replicate=0 seed=3 estimator=MiND k=15 dur=10.675s
[EST START] 2026-04-21T13:27:55.853813 bottleneck=9 replicate=0 seed=3 estimator=FisherS k=ALL sigma=0.75
[EST DONE] 2026-04-21T13:32:13.336948 bottleneck=9 replicate=0 seed=3 estimator=FisherS k=ALL dur=257.483s
[EST START] 2026-04-21T13:32:13.337173 bottleneck=9 replicate=0 seed=3 estimator=SMAE k=ALL sigma=0.75
[EST DONE] 2026-04-21T13:37:57.564661 bottleneck=9 replicate=0 seed=3 estimator=SMAE k=ALL dur=344.227s
[EST START] 2026-04-21T13:37:57.577987 bottleneck=9 replicate=0 seed=3 estimator=Levina-Bickel k=3 sigma=1.0
[EST DONE] 2026-04-21T13:38:02.184514 bottleneck=9 replicate=0 seed=3 estimator=Levina-Bickel k=3 dur=4.606s
[EST START] 2026-04-21T13:38:02.184620 bottleneck=9 replicate=0 seed=3 estimator=Levina-Bickel k=5 sigma=1.0
[EST DONE] 2026-04-21T13:38:09.244153 bottleneck=9 replicate=0 seed=3 estimator=Levina-Bickel k=5 dur=7.060s
[EST START] 2026-04-21T13:38:09.244286 bottleneck=9 replicate=0 seed=3 estimator=Levina-Bickel k=7 sigma=1.0
[EST DONE] 2026-04-21T13:38:18.288872 bottleneck=9 replicate=0 seed=3 estimator=Levina-Bickel k=7 dur=9.045s
[EST START] 2026-04-21T13:38:18.289058 bottleneck=9 replicate=0 seed=3 estimator=Levina-Bickel k=10 sigma=1.0
[EST DONE] 2026-04-21T13:38:28.507748 bottleneck=9 replicate=0 seed=3 estimator=Levina-Bickel k=10 dur=10.219s
[EST START] 2026-04-21T13:38:28.507875 bottleneck=9 replicate=0 seed=3 estimator=Levina-Bickel k=15 sigma=1.0
[EST DONE] 2026-04-21T13:38:39.841562 bottleneck=9 replicate=0 seed=3 estimator=Levina-Bickel k=15 dur=11.334s
[EST START] 2026-04-21T13:38:39.841722 bottleneck=9 replicate=0 seed=3 estimator=TwoNN k=ALL sigma=1.0
[EST DONE] 2026-04-21T13:38:45.617872 bottleneck=9 replicate=0 seed=3 estimator=TwoNN k=ALL dur=5.776s
[EST START] 2026-04-21T13:38:45.618007 bottleneck=9 replicate=0 seed=3 estimator=lPCA k=3 sigma=1.0
[EST DONE] 2026-04-21T13:39:24.750145 bottleneck=9 replicate=0 seed=3 estimator=lPCA k=3 dur=39.132s
[EST START] 2026-04-21T13:39:24.750269 bottleneck=9 replicate=0 seed=3 estimator=lPCA k=5 sigma=1.0
[EST DONE] 2026-04-21T13:40:03.270777 bottleneck=9 replicate=0 seed=3 estimator=lPCA k=5 dur=38.520s
[EST START] 2026-04-21T13:40:03.270921 bottleneck=9 replicate=0 seed=3 estimator=lPCA k=7 sigma=1.0
[EST DONE] 2026-04-21T13:40:43.518917 bottleneck=9 replicate=0 seed=3 estimator=lPCA k=7 dur=40.248s
[EST START] 2026-04-21T13:40:43.519065 bottleneck=9 replicate=0 seed=3 estimator=lPCA k=10 sigma=1.0
[EST DONE] 2026-04-21T13:41:30.818175 bottleneck=9 replicate=0 seed=3 estimator=lPCA k=10 dur=47.299s
[EST START] 2026-04-21T13:41:30.818365 bottleneck=9 replicate=0 seed=3 estimator=lPCA k=15 sigma=1.0
[EST DONE] 2026-04-21T13:42:21.116070 bottleneck=9 replicate=0 seed=3 estimator=lPCA k=15 dur=50.298s
[EST START] 2026-04-21T13:42:21.116235 bottleneck=9 replicate=0 seed=3 estimator=DANCo k=3 sigma=1.0
[EST DONE] 2026-04-21T13:43:22.054504 bottleneck=9 replicate=0 seed=3 estimator=DANCo k=3 dur=60.938s
[EST START] 2026-04-21T13:43:22.054628 bottleneck=9 replicate=0 seed=3 estimator=DANCo k=5 sigma=1.0
[EST DONE] 2026-04-21T13:44:23.966428 bottleneck=9 replicate=0 seed=3 estimator=DANCo k=5 dur=61.912s
[EST START] 2026-04-21T13:44:23.966563 bottleneck=9 replicate=0 seed=3 estimator=DANCo k=7 sigma=1.0
[EST DONE] 2026-04-21T13:45:38.129004 bottleneck=9 replicate=0 seed=3 estimator=DANCo k=7 dur=74.162s
[EST START] 2026-04-21T13:45:38.129145 bottleneck=9 replicate=0 seed=3 estimator=DANCo k=10 sigma=1.0
[EST DONE] 2026-04-21T13:47:08.535178 bottleneck=9 replicate=0 seed=3 estimator=DANCo k=10 dur=90.406s
[EST START] 2026-04-21T13:47:08.535360 bottleneck=9 replicate=0 seed=3 estimator=DANCo k=15 sigma=1.0
[EST DONE] 2026-04-21T13:48:49.659533 bottleneck=9 replicate=0 seed=3 estimator=DANCo k=15 dur=101.124s
[EST START] 2026-04-21T13:48:49.659705 bottleneck=9 replicate=0 seed=3 estimator=MiND k=3 sigma=1.0
[EST DONE] 2026-04-21T13:48:57.022847 bottleneck=9 replicate=0 seed=3 estimator=MiND k=3 dur=7.363s
[EST START] 2026-04-21T13:48:57.022977 bottleneck=9 replicate=0 seed=3 estimator=MiND k=5 sigma=1.0
[EST DONE] 2026-04-21T13:49:05.373362 bottleneck=9 replicate=0 seed=3 estimator=MiND k=5 dur=8.350s
[EST START] 2026-04-21T13:49:05.373496 bottleneck=9 replicate=0 seed=3 estimator=MiND k=7 sigma=1.0
[EST DONE] 2026-04-21T13:49:14.003455 bottleneck=9 replicate=0 seed=3 estimator=MiND k=7 dur=8.630s
[EST START] 2026-04-21T13:49:14.003594 bottleneck=9 replicate=0 seed=3 estimator=MiND k=10 sigma=1.0
[EST DONE] 2026-04-21T13:49:23.409590 bottleneck=9 replicate=0 seed=3 estimator=MiND k=10 dur=9.406s
[EST START] 2026-04-21T13:49:23.409719 bottleneck=9 replicate=0 seed=3 estimator=MiND k=15 sigma=1.0
[EST DONE] 2026-04-21T13:49:34.646719 bottleneck=9 replicate=0 seed=3 estimator=MiND k=15 dur=11.237s
[EST START] 2026-04-21T13:49:34.646859 bottleneck=9 replicate=0 seed=3 estimator=FisherS k=ALL sigma=1.0
[EST DONE] 2026-04-21T13:53:55.264036 bottleneck=9 replicate=0 seed=3 estimator=FisherS k=ALL dur=260.617s
[EST START] 2026-04-21T13:53:55.264286 bottleneck=9 replicate=0 seed=3 estimator=SMAE k=ALL sigma=1.0
[EST DONE] 2026-04-21T13:59:59.481933 bottleneck=9 replicate=0 seed=3 estimator=SMAE k=ALL dur=364.218s
[MNIST TASK START] 2026-04-21T13:59:59.482285 bottleneck=12 replicate=0 seed=3
[AE START] seed=3 bottleneck=12 epochs=50 subset=0
[AE EPOCH] epoch=1/50 loss=0.095550 epoch_time=1.51s device=cuda
[AE EPOCH] epoch=2/50 loss=0.050750 epoch_time=1.45s device=cuda
[AE EPOCH] epoch=3/50 loss=0.038663 epoch_time=1.15s device=cuda
[AE EPOCH] epoch=4/50 loss=0.033101 epoch_time=1.22s device=cuda
[AE EPOCH] epoch=5/50 loss=0.029299 epoch_time=1.65s device=cuda
[AE EPOCH] epoch=6/50 loss=0.027063 epoch_time=1.32s device=cuda
[AE EPOCH] epoch=7/50 loss=0.025335 epoch_time=1.37s device=cuda
[AE EPOCH] epoch=8/50 loss=0.024061 epoch_time=1.29s device=cuda
[AE EPOCH] epoch=9/50 loss=0.023158 epoch_time=1.51s device=cuda
[AE EPOCH] epoch=10/50 loss=0.022445 epoch_time=1.34s device=cuda
[AE EPOCH] epoch=11/50 loss=0.021856 epoch_time=1.40s device=cuda
[AE EPOCH] epoch=12/50 loss=0.021346 epoch_time=1.40s device=cuda
[AE EPOCH] epoch=13/50 loss=0.020893 epoch_time=1.32s device=cuda
[AE EPOCH] epoch=14/50 loss=0.020493 epoch_time=1.47s device=cuda
[AE EPOCH] epoch=15/50 loss=0.020131 epoch_time=1.14s device=cuda
[AE EPOCH] epoch=16/50 loss=0.019804 epoch_time=1.22s device=cuda
[AE EPOCH] epoch=17/50 loss=0.019510 epoch_time=1.33s device=cuda
[AE EPOCH] epoch=18/50 loss=0.019241 epoch_time=1.27s device=cuda
[AE EPOCH] epoch=19/50 loss=0.018992 epoch_time=1.24s device=cuda
[AE EPOCH] epoch=20/50 loss=0.018763 epoch_time=1.19s device=cuda
[AE EPOCH] epoch=21/50 loss=0.018551 epoch_time=1.26s device=cuda
[AE EPOCH] epoch=22/50 loss=0.018350 epoch_time=1.07s device=cuda
[AE EPOCH] epoch=23/50 loss=0.018166 epoch_time=1.35s device=cuda
[AE EPOCH] epoch=24/50 loss=0.017986 epoch_time=1.07s device=cuda
[AE EPOCH] epoch=25/50 loss=0.017819 epoch_time=1.28s device=cuda
[AE EPOCH] epoch=26/50 loss=0.017662 epoch_time=1.30s device=cuda
[AE EPOCH] epoch=27/50 loss=0.017512 epoch_time=1.34s device=cuda
[AE EPOCH] epoch=28/50 loss=0.017370 epoch_time=1.08s device=cuda
[AE EPOCH] epoch=29/50 loss=0.017235 epoch_time=1.34s device=cuda
[AE EPOCH] epoch=30/50 loss=0.017103 epoch_time=1.23s device=cuda
[AE EPOCH] epoch=31/50 loss=0.016979 epoch_time=1.17s device=cuda
[AE EPOCH] epoch=32/50 loss=0.016861 epoch_time=1.18s device=cuda
[AE EPOCH] epoch=33/50 loss=0.016746 epoch_time=1.30s device=cuda
[AE EPOCH] epoch=34/50 loss=0.016638 epoch_time=1.32s device=cuda
[AE EPOCH] epoch=35/50 loss=0.016532 epoch_time=1.46s device=cuda
[AE EPOCH] epoch=36/50 loss=0.016433 epoch_time=1.07s device=cuda
[AE EPOCH] epoch=37/50 loss=0.016335 epoch_time=1.16s device=cuda
[AE EPOCH] epoch=38/50 loss=0.016241 epoch_time=1.57s device=cuda
[AE EPOCH] epoch=39/50 loss=0.016150 epoch_time=1.04s device=cuda
[AE EPOCH] epoch=40/50 loss=0.016062 epoch_time=1.04s device=cuda
[AE EPOCH] epoch=41/50 loss=0.015977 epoch_time=1.08s device=cuda
[AE EPOCH] epoch=42/50 loss=0.015893 epoch_time=1.41s device=cuda
[AE EPOCH] epoch=43/50 loss=0.015815 epoch_time=1.20s device=cuda
[AE EPOCH] epoch=44/50 loss=0.015737 epoch_time=1.13s device=cuda
[AE EPOCH] epoch=45/50 loss=0.015662 epoch_time=1.23s device=cuda
[AE EPOCH] epoch=46/50 loss=0.015587 epoch_time=1.41s device=cuda
[AE EPOCH] epoch=47/50 loss=0.015517 epoch_time=1.18s device=cuda
[AE EPOCH] epoch=48/50 loss=0.015446 epoch_time=1.04s device=cuda
[AE EPOCH] epoch=49/50 loss=0.015381 epoch_time=1.26s device=cuda
[AE EPOCH] epoch=50/50 loss=0.015313 epoch_time=1.25s device=cuda
[AE TRAIN COMPLETE] total_time=63.61s
[AE TRAIN COMPLETE] 2026-04-21T14:01:17.124401 bottleneck=12 replicate=0 dur=77.6s seed=3
[EST START] 2026-04-21T14:01:17.152393 bottleneck=12 replicate=0 seed=3 estimator=Levina-Bickel k=3 sigma=0.0
[EST DONE] 2026-04-21T14:01:31.290328 bottleneck=12 replicate=0 seed=3 estimator=Levina-Bickel k=3 dur=14.138s
[EST START] 2026-04-21T14:01:31.290442 bottleneck=12 replicate=0 seed=3 estimator=Levina-Bickel k=5 sigma=0.0
[EST DONE] 2026-04-21T14:01:46.963904 bottleneck=12 replicate=0 seed=3 estimator=Levina-Bickel k=5 dur=15.673s
[EST START] 2026-04-21T14:01:46.964052 bottleneck=12 replicate=0 seed=3 estimator=Levina-Bickel k=7 sigma=0.0
[EST DONE] 2026-04-21T14:02:04.535120 bottleneck=12 replicate=0 seed=3 estimator=Levina-Bickel k=7 dur=17.571s
[EST START] 2026-04-21T14:02:04.535255 bottleneck=12 replicate=0 seed=3 estimator=Levina-Bickel k=10 sigma=0.0
[EST DONE] 2026-04-21T14:02:24.603370 bottleneck=12 replicate=0 seed=3 estimator=Levina-Bickel k=10 dur=20.068s
[EST START] 2026-04-21T14:02:24.603515 bottleneck=12 replicate=0 seed=3 estimator=Levina-Bickel k=15 sigma=0.0
[EST DONE] 2026-04-21T14:02:46.332505 bottleneck=12 replicate=0 seed=3 estimator=Levina-Bickel k=15 dur=21.729s
[EST START] 2026-04-21T14:02:46.332709 bottleneck=12 replicate=0 seed=3 estimator=TwoNN k=ALL sigma=0.0
[EST DONE] 2026-04-21T14:02:58.472325 bottleneck=12 replicate=0 seed=3 estimator=TwoNN k=ALL dur=12.140s
[EST START] 2026-04-21T14:02:58.472471 bottleneck=12 replicate=0 seed=3 estimator=lPCA k=3 sigma=0.0
[EST DONE] 2026-04-21T14:03:42.266087 bottleneck=12 replicate=0 seed=3 estimator=lPCA k=3 dur=43.794s
[EST START] 2026-04-21T14:03:42.266214 bottleneck=12 replicate=0 seed=3 estimator=lPCA k=5 sigma=0.0
[EST DONE] 2026-04-21T14:04:27.261620 bottleneck=12 replicate=0 seed=3 estimator=lPCA k=5 dur=44.995s
[EST START] 2026-04-21T14:04:27.261802 bottleneck=12 replicate=0 seed=3 estimator=lPCA k=7 sigma=0.0
[EST DONE] 2026-04-21T14:05:22.607905 bottleneck=12 replicate=0 seed=3 estimator=lPCA k=7 dur=55.346s
[EST START] 2026-04-21T14:05:22.608041 bottleneck=12 replicate=0 seed=3 estimator=lPCA k=10 sigma=0.0
[EST DONE] 2026-04-21T14:06:16.866167 bottleneck=12 replicate=0 seed=3 estimator=lPCA k=10 dur=54.258s
[EST START] 2026-04-21T14:06:16.866354 bottleneck=12 replicate=0 seed=3 estimator=lPCA k=15 sigma=0.0
[EST DONE] 2026-04-21T14:07:12.703403 bottleneck=12 replicate=0 seed=3 estimator=lPCA k=15 dur=55.837s
[EST START] 2026-04-21T14:07:12.703554 bottleneck=12 replicate=0 seed=3 estimator=DANCo k=3 sigma=0.0
[EST DONE] 2026-04-21T14:09:28.053681 bottleneck=12 replicate=0 seed=3 estimator=DANCo k=3 dur=135.350s
[EST START] 2026-04-21T14:09:28.053807 bottleneck=12 replicate=0 seed=3 estimator=DANCo k=5 sigma=0.0
[EST DONE] 2026-04-21T14:11:57.471255 bottleneck=12 replicate=0 seed=3 estimator=DANCo k=5 dur=149.417s
[EST START] 2026-04-21T14:11:57.471391 bottleneck=12 replicate=0 seed=3 estimator=DANCo k=7 sigma=0.0
[EST DONE] 2026-04-21T14:14:51.952666 bottleneck=12 replicate=0 seed=3 estimator=DANCo k=7 dur=174.481s
[EST START] 2026-04-21T14:14:51.952841 bottleneck=12 replicate=0 seed=3 estimator=DANCo k=10 sigma=0.0
[EST DONE] 2026-04-21T14:17:13.023288 bottleneck=12 replicate=0 seed=3 estimator=DANCo k=10 dur=141.070s
[EST START] 2026-04-21T14:17:13.023453 bottleneck=12 replicate=0 seed=3 estimator=DANCo k=15 sigma=0.0
[EST DONE] 2026-04-21T14:20:07.073211 bottleneck=12 replicate=0 seed=3 estimator=DANCo k=15 dur=174.050s
[EST START] 2026-04-21T14:20:07.073393 bottleneck=12 replicate=0 seed=3 estimator=MiND k=3 sigma=0.0
[EST DONE] 2026-04-21T14:20:21.785467 bottleneck=12 replicate=0 seed=3 estimator=MiND k=3 dur=14.712s
[EST START] 2026-04-21T14:20:21.785582 bottleneck=12 replicate=0 seed=3 estimator=MiND k=5 sigma=0.0
[EST DONE] 2026-04-21T14:20:37.915837 bottleneck=12 replicate=0 seed=3 estimator=MiND k=5 dur=16.130s
[EST START] 2026-04-21T14:20:37.915955 bottleneck=12 replicate=0 seed=3 estimator=MiND k=7 sigma=0.0
[EST DONE] 2026-04-21T14:20:55.667626 bottleneck=12 replicate=0 seed=3 estimator=MiND k=7 dur=17.752s
[EST START] 2026-04-21T14:20:55.667790 bottleneck=12 replicate=0 seed=3 estimator=MiND k=10 sigma=0.0
[EST DONE] 2026-04-21T14:21:15.190947 bottleneck=12 replicate=0 seed=3 estimator=MiND k=10 dur=19.523s
[EST START] 2026-04-21T14:21:15.191058 bottleneck=12 replicate=0 seed=3 estimator=MiND k=15 sigma=0.0
[EST DONE] 2026-04-21T14:21:37.059787 bottleneck=12 replicate=0 seed=3 estimator=MiND k=15 dur=21.869s
[EST START] 2026-04-21T14:21:37.059901 bottleneck=12 replicate=0 seed=3 estimator=FisherS k=ALL sigma=0.0
[EST DONE] 2026-04-21T14:25:58.546669 bottleneck=12 replicate=0 seed=3 estimator=FisherS k=ALL dur=261.487s
[EST START] 2026-04-21T14:25:58.546917 bottleneck=12 replicate=0 seed=3 estimator=SMAE k=ALL sigma=0.0
[EST DONE] 2026-04-21T14:32:15.600689 bottleneck=12 replicate=0 seed=3 estimator=SMAE k=ALL dur=377.054s
[EST START] 2026-04-21T14:32:15.627205 bottleneck=12 replicate=0 seed=3 estimator=Levina-Bickel k=3 sigma=0.25
[EST DONE] 2026-04-21T14:32:28.078933 bottleneck=12 replicate=0 seed=3 estimator=Levina-Bickel k=3 dur=12.452s
[EST START] 2026-04-21T14:32:28.079079 bottleneck=12 replicate=0 seed=3 estimator=Levina-Bickel k=5 sigma=0.25
[EST DONE] 2026-04-21T14:32:42.572607 bottleneck=12 replicate=0 seed=3 estimator=Levina-Bickel k=5 dur=14.493s
[EST START] 2026-04-21T14:32:42.572743 bottleneck=12 replicate=0 seed=3 estimator=Levina-Bickel k=7 sigma=0.25
[EST DONE] 2026-04-21T14:32:58.734267 bottleneck=12 replicate=0 seed=3 estimator=Levina-Bickel k=7 dur=16.161s
[EST START] 2026-04-21T14:32:58.734417 bottleneck=12 replicate=0 seed=3 estimator=Levina-Bickel k=10 sigma=0.25
[EST DONE] 2026-04-21T14:33:16.551617 bottleneck=12 replicate=0 seed=3 estimator=Levina-Bickel k=10 dur=17.817s
[EST START] 2026-04-21T14:33:16.551780 bottleneck=12 replicate=0 seed=3 estimator=Levina-Bickel k=15 sigma=0.25
[EST DONE] 2026-04-21T14:33:36.795977 bottleneck=12 replicate=0 seed=3 estimator=Levina-Bickel k=15 dur=20.244s
[EST START] 2026-04-21T14:33:36.796164 bottleneck=12 replicate=0 seed=3 estimator=TwoNN k=ALL sigma=0.25
[EST DONE] 2026-04-21T14:33:47.924465 bottleneck=12 replicate=0 seed=3 estimator=TwoNN k=ALL dur=11.128s
[EST START] 2026-04-21T14:33:47.924661 bottleneck=12 replicate=0 seed=3 estimator=lPCA k=3 sigma=0.25
[EST DONE] 2026-04-21T14:34:35.487718 bottleneck=12 replicate=0 seed=3 estimator=lPCA k=3 dur=47.563s
[EST START] 2026-04-21T14:34:35.487883 bottleneck=12 replicate=0 seed=3 estimator=lPCA k=5 sigma=0.25
[EST DONE] 2026-04-21T14:35:25.446097 bottleneck=12 replicate=0 seed=3 estimator=lPCA k=5 dur=49.958s
[EST START] 2026-04-21T14:35:25.446244 bottleneck=12 replicate=0 seed=3 estimator=lPCA k=7 sigma=0.25
[EST DONE] 2026-04-21T14:36:13.931014 bottleneck=12 replicate=0 seed=3 estimator=lPCA k=7 dur=48.485s
[EST START] 2026-04-21T14:36:13.931177 bottleneck=12 replicate=0 seed=3 estimator=lPCA k=10 sigma=0.25
[EST DONE] 2026-04-21T14:37:05.594400 bottleneck=12 replicate=0 seed=3 estimator=lPCA k=10 dur=51.663s
[EST START] 2026-04-21T14:37:05.594552 bottleneck=12 replicate=0 seed=3 estimator=lPCA k=15 sigma=0.25
[EST DONE] 2026-04-21T14:38:01.874866 bottleneck=12 replicate=0 seed=3 estimator=lPCA k=15 dur=56.280s
[EST START] 2026-04-21T14:38:01.875005 bottleneck=12 replicate=0 seed=3 estimator=DANCo k=3 sigma=0.25
[EST DONE] 2026-04-21T14:40:18.468183 bottleneck=12 replicate=0 seed=3 estimator=DANCo k=3 dur=136.593s
[EST START] 2026-04-21T14:40:18.468366 bottleneck=12 replicate=0 seed=3 estimator=DANCo k=5 sigma=0.25
[EST DONE] 2026-04-21T14:42:38.689190 bottleneck=12 replicate=0 seed=3 estimator=DANCo k=5 dur=140.221s
[EST START] 2026-04-21T14:42:38.689359 bottleneck=12 replicate=0 seed=3 estimator=DANCo k=7 sigma=0.25
[EST DONE] 2026-04-21T14:45:13.008383 bottleneck=12 replicate=0 seed=3 estimator=DANCo k=7 dur=154.319s
[EST START] 2026-04-21T14:45:13.008535 bottleneck=12 replicate=0 seed=3 estimator=DANCo k=10 sigma=0.25
[EST DONE] 2026-04-21T14:47:51.879202 bottleneck=12 replicate=0 seed=3 estimator=DANCo k=10 dur=158.871s
[EST START] 2026-04-21T14:47:51.879396 bottleneck=12 replicate=0 seed=3 estimator=DANCo k=15 sigma=0.25
[EST DONE] 2026-04-21T14:50:48.072360 bottleneck=12 replicate=0 seed=3 estimator=DANCo k=15 dur=176.193s
[EST START] 2026-04-21T14:50:48.072539 bottleneck=12 replicate=0 seed=3 estimator=MiND k=3 sigma=0.25
[EST DONE] 2026-04-21T14:51:01.315832 bottleneck=12 replicate=0 seed=3 estimator=MiND k=3 dur=13.243s
[EST START] 2026-04-21T14:51:01.315958 bottleneck=12 replicate=0 seed=3 estimator=MiND k=5 sigma=0.25
[EST DONE] 2026-04-21T14:51:16.366389 bottleneck=12 replicate=0 seed=3 estimator=MiND k=5 dur=15.050s
[EST START] 2026-04-21T14:51:16.366508 bottleneck=12 replicate=0 seed=3 estimator=MiND k=7 sigma=0.25
[EST DONE] 2026-04-21T14:51:32.663873 bottleneck=12 replicate=0 seed=3 estimator=MiND k=7 dur=16.297s
[EST START] 2026-04-21T14:51:32.664017 bottleneck=12 replicate=0 seed=3 estimator=MiND k=10 sigma=0.25
[EST DONE] 2026-04-21T14:51:50.685213 bottleneck=12 replicate=0 seed=3 estimator=MiND k=10 dur=18.021s
[EST START] 2026-04-21T14:51:50.685336 bottleneck=12 replicate=0 seed=3 estimator=MiND k=15 sigma=0.25
[EST DONE] 2026-04-21T14:52:10.786277 bottleneck=12 replicate=0 seed=3 estimator=MiND k=15 dur=20.101s
[EST START] 2026-04-21T14:52:10.786436 bottleneck=12 replicate=0 seed=3 estimator=FisherS k=ALL sigma=0.25
[EST DONE] 2026-04-21T14:56:25.999847 bottleneck=12 replicate=0 seed=3 estimator=FisherS k=ALL dur=255.213s
[EST START] 2026-04-21T14:56:26.000067 bottleneck=12 replicate=0 seed=3 estimator=SMAE k=ALL sigma=0.25
[EST DONE] 2026-04-21T15:02:22.453934 bottleneck=12 replicate=0 seed=3 estimator=SMAE k=ALL dur=356.454s
[EST START] 2026-04-21T15:02:22.480467 bottleneck=12 replicate=0 seed=3 estimator=Levina-Bickel k=3 sigma=0.5
[EST DONE] 2026-04-21T15:02:35.769389 bottleneck=12 replicate=0 seed=3 estimator=Levina-Bickel k=3 dur=13.289s
[EST START] 2026-04-21T15:02:35.769558 bottleneck=12 replicate=0 seed=3 estimator=Levina-Bickel k=5 sigma=0.5
[EST DONE] 2026-04-21T15:02:51.338558 bottleneck=12 replicate=0 seed=3 estimator=Levina-Bickel k=5 dur=15.569s
[EST START] 2026-04-21T15:02:51.338717 bottleneck=12 replicate=0 seed=3 estimator=Levina-Bickel k=7 sigma=0.5
[EST DONE] 2026-04-21T15:03:08.732249 bottleneck=12 replicate=0 seed=3 estimator=Levina-Bickel k=7 dur=17.393s
[EST START] 2026-04-21T15:03:08.732435 bottleneck=12 replicate=0 seed=3 estimator=Levina-Bickel k=10 sigma=0.5
[EST DONE] 2026-04-21T15:03:28.203837 bottleneck=12 replicate=0 seed=3 estimator=Levina-Bickel k=10 dur=19.471s
[EST START] 2026-04-21T15:03:28.204000 bottleneck=12 replicate=0 seed=3 estimator=Levina-Bickel k=15 sigma=0.5
[EST DONE] 2026-04-21T15:03:50.136942 bottleneck=12 replicate=0 seed=3 estimator=Levina-Bickel k=15 dur=21.933s
[EST START] 2026-04-21T15:03:50.137118 bottleneck=12 replicate=0 seed=3 estimator=TwoNN k=ALL sigma=0.5
[EST DONE] 2026-04-21T15:04:02.050394 bottleneck=12 replicate=0 seed=3 estimator=TwoNN k=ALL dur=11.913s
[EST START] 2026-04-21T15:04:02.050583 bottleneck=12 replicate=0 seed=3 estimator=lPCA k=3 sigma=0.5
[EST DONE] 2026-04-21T15:04:50.416216 bottleneck=12 replicate=0 seed=3 estimator=lPCA k=3 dur=48.366s
[EST START] 2026-04-21T15:04:50.416373 bottleneck=12 replicate=0 seed=3 estimator=lPCA k=5 sigma=0.5
[EST DONE] 2026-04-21T15:05:41.598329 bottleneck=12 replicate=0 seed=3 estimator=lPCA k=5 dur=51.182s
[EST START] 2026-04-21T15:05:41.598521 bottleneck=12 replicate=0 seed=3 estimator=lPCA k=7 sigma=0.5
[EST DONE] 2026-04-21T15:06:34.221403 bottleneck=12 replicate=0 seed=3 estimator=lPCA k=7 dur=52.623s
[EST START] 2026-04-21T15:06:34.221578 bottleneck=12 replicate=0 seed=3 estimator=lPCA k=10 sigma=0.5
[EST DONE] 2026-04-21T15:07:29.908674 bottleneck=12 replicate=0 seed=3 estimator=lPCA k=10 dur=55.687s
[EST START] 2026-04-21T15:07:29.908840 bottleneck=12 replicate=0 seed=3 estimator=lPCA k=15 sigma=0.5
[EST DONE] 2026-04-21T15:08:25.995199 bottleneck=12 replicate=0 seed=3 estimator=lPCA k=15 dur=56.086s
[EST START] 2026-04-21T15:08:25.995350 bottleneck=12 replicate=0 seed=3 estimator=DANCo k=3 sigma=0.5
[EST DONE] 2026-04-21T15:10:30.321243 bottleneck=12 replicate=0 seed=3 estimator=DANCo k=3 dur=124.326s
[EST START] 2026-04-21T15:10:30.321405 bottleneck=12 replicate=0 seed=3 estimator=DANCo k=5 sigma=0.5
[EST DONE] 2026-04-21T15:12:51.738886 bottleneck=12 replicate=0 seed=3 estimator=DANCo k=5 dur=141.417s
[EST START] 2026-04-21T15:12:51.739072 bottleneck=12 replicate=0 seed=3 estimator=DANCo k=7 sigma=0.5
[EST DONE] 2026-04-21T15:15:38.122052 bottleneck=12 replicate=0 seed=3 estimator=DANCo k=7 dur=166.383s
[EST START] 2026-04-21T15:15:38.122212 bottleneck=12 replicate=0 seed=3 estimator=DANCo k=10 sigma=0.5
[EST DONE] 2026-04-21T15:18:42.433945 bottleneck=12 replicate=0 seed=3 estimator=DANCo k=10 dur=184.312s
[EST START] 2026-04-21T15:18:42.434107 bottleneck=12 replicate=0 seed=3 estimator=DANCo k=15 sigma=0.5
[EST DONE] 2026-04-21T15:22:11.010835 bottleneck=12 replicate=0 seed=3 estimator=DANCo k=15 dur=208.577s
[EST START] 2026-04-21T15:22:11.011005 bottleneck=12 replicate=0 seed=3 estimator=MiND k=3 sigma=0.5
[EST DONE] 2026-04-21T15:22:25.131932 bottleneck=12 replicate=0 seed=3 estimator=MiND k=3 dur=14.121s
[EST START] 2026-04-21T15:22:25.132033 bottleneck=12 replicate=0 seed=3 estimator=MiND k=5 sigma=0.5
[EST DONE] 2026-04-21T15:22:41.289252 bottleneck=12 replicate=0 seed=3 estimator=MiND k=5 dur=16.157s
[EST START] 2026-04-21T15:22:41.289416 bottleneck=12 replicate=0 seed=3 estimator=MiND k=7 sigma=0.5
[EST DONE] 2026-04-21T15:22:59.034819 bottleneck=12 replicate=0 seed=3 estimator=MiND k=7 dur=17.745s
[EST START] 2026-04-21T15:22:59.034974 bottleneck=12 replicate=0 seed=3 estimator=MiND k=10 sigma=0.5
[EST DONE] 2026-04-21T15:23:18.838619 bottleneck=12 replicate=0 seed=3 estimator=MiND k=10 dur=19.804s
[EST START] 2026-04-21T15:23:18.838764 bottleneck=12 replicate=0 seed=3 estimator=MiND k=15 sigma=0.5
[EST DONE] 2026-04-21T15:23:40.714850 bottleneck=12 replicate=0 seed=3 estimator=MiND k=15 dur=21.876s
[EST START] 2026-04-21T15:23:40.715063 bottleneck=12 replicate=0 seed=3 estimator=FisherS k=ALL sigma=0.5
[EST DONE] 2026-04-21T15:27:50.786706 bottleneck=12 replicate=0 seed=3 estimator=FisherS k=ALL dur=250.072s
[EST START] 2026-04-21T15:27:50.786923 bottleneck=12 replicate=0 seed=3 estimator=SMAE k=ALL sigma=0.5
[EST DONE] 2026-04-21T15:33:46.893652 bottleneck=12 replicate=0 seed=3 estimator=SMAE k=ALL dur=356.107s
[EST START] 2026-04-21T15:33:46.918943 bottleneck=12 replicate=0 seed=3 estimator=Levina-Bickel k=3 sigma=0.75
[EST DONE] 2026-04-21T15:33:59.995518 bottleneck=12 replicate=0 seed=3 estimator=Levina-Bickel k=3 dur=13.076s
[EST START] 2026-04-21T15:33:59.995689 bottleneck=12 replicate=0 seed=3 estimator=Levina-Bickel k=5 sigma=0.75
[EST DONE] 2026-04-21T15:34:15.111361 bottleneck=12 replicate=0 seed=3 estimator=Levina-Bickel k=5 dur=15.116s
[EST START] 2026-04-21T15:34:15.111530 bottleneck=12 replicate=0 seed=3 estimator=Levina-Bickel k=7 sigma=0.75
[EST DONE] 2026-04-21T15:34:31.824668 bottleneck=12 replicate=0 seed=3 estimator=Levina-Bickel k=7 dur=16.713s
[EST START] 2026-04-21T15:34:31.824813 bottleneck=12 replicate=0 seed=3 estimator=Levina-Bickel k=10 sigma=0.75
[EST DONE] 2026-04-21T15:34:50.162380 bottleneck=12 replicate=0 seed=3 estimator=Levina-Bickel k=10 dur=18.338s
[EST START] 2026-04-21T15:34:50.162547 bottleneck=12 replicate=0 seed=3 estimator=Levina-Bickel k=15 sigma=0.75
[EST DONE] 2026-04-21T15:35:10.772076 bottleneck=12 replicate=0 seed=3 estimator=Levina-Bickel k=15 dur=20.609s
[EST START] 2026-04-21T15:35:10.772268 bottleneck=12 replicate=0 seed=3 estimator=TwoNN k=ALL sigma=0.75
[EST DONE] 2026-04-21T15:35:22.591341 bottleneck=12 replicate=0 seed=3 estimator=TwoNN k=ALL dur=11.819s
[EST START] 2026-04-21T15:35:22.591515 bottleneck=12 replicate=0 seed=3 estimator=lPCA k=3 sigma=0.75
[EST DONE] 2026-04-21T15:36:06.690161 bottleneck=12 replicate=0 seed=3 estimator=lPCA k=3 dur=44.099s
[EST START] 2026-04-21T15:36:06.690359 bottleneck=12 replicate=0 seed=3 estimator=lPCA k=5 sigma=0.75
[EST DONE] 2026-04-21T15:36:53.802064 bottleneck=12 replicate=0 seed=3 estimator=lPCA k=5 dur=47.112s
[EST START] 2026-04-21T15:36:53.802212 bottleneck=12 replicate=0 seed=3 estimator=lPCA k=7 sigma=0.75
[EST DONE] 2026-04-21T15:37:44.564996 bottleneck=12 replicate=0 seed=3 estimator=lPCA k=7 dur=50.763s
[EST START] 2026-04-21T15:37:44.565160 bottleneck=12 replicate=0 seed=3 estimator=lPCA k=10 sigma=0.75
[EST DONE] 2026-04-21T15:38:37.853875 bottleneck=12 replicate=0 seed=3 estimator=lPCA k=10 dur=53.289s
[EST START] 2026-04-21T15:38:37.854048 bottleneck=12 replicate=0 seed=3 estimator=lPCA k=15 sigma=0.75
[EST DONE] 2026-04-21T15:39:35.043675 bottleneck=12 replicate=0 seed=3 estimator=lPCA k=15 dur=57.190s
[EST START] 2026-04-21T15:39:35.043846 bottleneck=12 replicate=0 seed=3 estimator=DANCo k=3 sigma=0.75
[EST DONE] 2026-04-21T15:41:54.126979 bottleneck=12 replicate=0 seed=3 estimator=DANCo k=3 dur=139.083s
[EST START] 2026-04-21T15:41:54.127141 bottleneck=12 replicate=0 seed=3 estimator=DANCo k=5 sigma=0.75
[EST DONE] 2026-04-21T15:44:24.985541 bottleneck=12 replicate=0 seed=3 estimator=DANCo k=5 dur=150.858s
[EST START] 2026-04-21T15:44:24.985700 bottleneck=12 replicate=0 seed=3 estimator=DANCo k=7 sigma=0.75
[EST DONE] 2026-04-21T15:47:10.814257 bottleneck=12 replicate=0 seed=3 estimator=DANCo k=7 dur=165.829s
[EST START] 2026-04-21T15:47:10.814426 bottleneck=12 replicate=0 seed=3 estimator=DANCo k=10 sigma=0.75
[EST DONE] 2026-04-21T15:50:12.222464 bottleneck=12 replicate=0 seed=3 estimator=DANCo k=10 dur=181.408s
[EST START] 2026-04-21T15:50:12.222645 bottleneck=12 replicate=0 seed=3 estimator=DANCo k=15 sigma=0.75
[EST DONE] 2026-04-21T15:53:35.313284 bottleneck=12 replicate=0 seed=3 estimator=DANCo k=15 dur=203.091s
[EST START] 2026-04-21T15:53:35.313479 bottleneck=12 replicate=0 seed=3 estimator=MiND k=3 sigma=0.75
[EST DONE] 2026-04-21T15:53:48.613131 bottleneck=12 replicate=0 seed=3 estimator=MiND k=3 dur=13.300s
[EST START] 2026-04-21T15:53:48.613253 bottleneck=12 replicate=0 seed=3 estimator=MiND k=5 sigma=0.75
[EST DONE] 2026-04-21T15:54:02.159503 bottleneck=12 replicate=0 seed=3 estimator=MiND k=5 dur=13.546s
[EST START] 2026-04-21T15:54:02.159659 bottleneck=12 replicate=0 seed=3 estimator=MiND k=7 sigma=0.75
[EST DONE] 2026-04-21T15:54:20.970679 bottleneck=12 replicate=0 seed=3 estimator=MiND k=7 dur=18.811s
[EST START] 2026-04-21T15:54:20.970841 bottleneck=12 replicate=0 seed=3 estimator=MiND k=10 sigma=0.75
[EST DONE] 2026-04-21T15:54:41.701918 bottleneck=12 replicate=0 seed=3 estimator=MiND k=10 dur=20.731s
[EST START] 2026-04-21T15:54:41.702085 bottleneck=12 replicate=0 seed=3 estimator=MiND k=15 sigma=0.75
[EST DONE] 2026-04-21T15:55:01.184034 bottleneck=12 replicate=0 seed=3 estimator=MiND k=15 dur=19.482s
[EST START] 2026-04-21T15:55:01.184263 bottleneck=12 replicate=0 seed=3 estimator=FisherS k=ALL sigma=0.75
[EST DONE] 2026-04-21T15:59:17.060499 bottleneck=12 replicate=0 seed=3 estimator=FisherS k=ALL dur=255.876s
[EST START] 2026-04-21T15:59:17.060688 bottleneck=12 replicate=0 seed=3 estimator=SMAE k=ALL sigma=0.75
[EST DONE] 2026-04-21T16:04:50.732241 bottleneck=12 replicate=0 seed=3 estimator=SMAE k=ALL dur=333.672s
[EST START] 2026-04-21T16:04:50.751155 bottleneck=12 replicate=0 seed=3 estimator=Levina-Bickel k=3 sigma=1.0
[EST DONE] 2026-04-21T16:05:05.268337 bottleneck=12 replicate=0 seed=3 estimator=Levina-Bickel k=3 dur=14.517s
[EST START] 2026-04-21T16:05:05.268492 bottleneck=12 replicate=0 seed=3 estimator=Levina-Bickel k=5 sigma=1.0
[EST DONE] 2026-04-21T16:05:19.491963 bottleneck=12 replicate=0 seed=3 estimator=Levina-Bickel k=5 dur=14.223s
[EST START] 2026-04-21T16:05:19.492105 bottleneck=12 replicate=0 seed=3 estimator=Levina-Bickel k=7 sigma=1.0
[EST DONE] 2026-04-21T16:05:37.351173 bottleneck=12 replicate=0 seed=3 estimator=Levina-Bickel k=7 dur=17.859s
[EST START] 2026-04-21T16:05:37.351362 bottleneck=12 replicate=0 seed=3 estimator=Levina-Bickel k=10 sigma=1.0
[EST DONE] 2026-04-21T16:05:58.047017 bottleneck=12 replicate=0 seed=3 estimator=Levina-Bickel k=10 dur=20.696s
[EST START] 2026-04-21T16:05:58.047227 bottleneck=12 replicate=0 seed=3 estimator=Levina-Bickel k=15 sigma=1.0
[EST DONE] 2026-04-21T16:06:21.030978 bottleneck=12 replicate=0 seed=3 estimator=Levina-Bickel k=15 dur=22.984s
[EST START] 2026-04-21T16:06:21.031211 bottleneck=12 replicate=0 seed=3 estimator=TwoNN k=ALL sigma=1.0
[EST DONE] 2026-04-21T16:06:34.723189 bottleneck=12 replicate=0 seed=3 estimator=TwoNN k=ALL dur=13.692s
[EST START] 2026-04-21T16:06:34.723411 bottleneck=12 replicate=0 seed=3 estimator=lPCA k=3 sigma=1.0
[EST DONE] 2026-04-21T16:07:17.686522 bottleneck=12 replicate=0 seed=3 estimator=lPCA k=3 dur=42.963s
[EST START] 2026-04-21T16:07:17.686702 bottleneck=12 replicate=0 seed=3 estimator=lPCA k=5 sigma=1.0
[EST DONE] 2026-04-21T16:08:07.291416 bottleneck=12 replicate=0 seed=3 estimator=lPCA k=5 dur=49.605s
[EST START] 2026-04-21T16:08:07.291581 bottleneck=12 replicate=0 seed=3 estimator=lPCA k=7 sigma=1.0
[EST DONE] 2026-04-21T16:09:01.721403 bottleneck=12 replicate=0 seed=3 estimator=lPCA k=7 dur=54.430s
[EST START] 2026-04-21T16:09:01.721579 bottleneck=12 replicate=0 seed=3 estimator=lPCA k=10 sigma=1.0
[EST DONE] 2026-04-21T16:09:55.320262 bottleneck=12 replicate=0 seed=3 estimator=lPCA k=10 dur=53.599s
[EST START] 2026-04-21T16:09:55.320439 bottleneck=12 replicate=0 seed=3 estimator=lPCA k=15 sigma=1.0
[EST DONE] 2026-04-21T16:10:53.297387 bottleneck=12 replicate=0 seed=3 estimator=lPCA k=15 dur=57.977s
[EST START] 2026-04-21T16:10:53.297529 bottleneck=12 replicate=0 seed=3 estimator=DANCo k=3 sigma=1.0
[EST DONE] 2026-04-21T16:13:22.871034 bottleneck=12 replicate=0 seed=3 estimator=DANCo k=3 dur=149.573s
[EST START] 2026-04-21T16:13:22.871219 bottleneck=12 replicate=0 seed=3 estimator=DANCo k=5 sigma=1.0
[EST DONE] 2026-04-21T16:16:00.174060 bottleneck=12 replicate=0 seed=3 estimator=DANCo k=5 dur=157.303s
[EST START] 2026-04-21T16:16:00.174247 bottleneck=12 replicate=0 seed=3 estimator=DANCo k=7 sigma=1.0
[EST DONE] 2026-04-21T16:18:52.919877 bottleneck=12 replicate=0 seed=3 estimator=DANCo k=7 dur=172.746s
[EST START] 2026-04-21T16:18:52.920052 bottleneck=12 replicate=0 seed=3 estimator=DANCo k=10 sigma=1.0
[EST DONE] 2026-04-21T16:21:56.021401 bottleneck=12 replicate=0 seed=3 estimator=DANCo k=10 dur=183.101s
[EST START] 2026-04-21T16:21:56.021587 bottleneck=12 replicate=0 seed=3 estimator=DANCo k=15 sigma=1.0
[EST DONE] 2026-04-21T16:25:26.470878 bottleneck=12 replicate=0 seed=3 estimator=DANCo k=15 dur=210.449s
[EST START] 2026-04-21T16:25:26.471062 bottleneck=12 replicate=0 seed=3 estimator=MiND k=3 sigma=1.0
[EST DONE] 2026-04-21T16:25:42.058273 bottleneck=12 replicate=0 seed=3 estimator=MiND k=3 dur=15.587s
[EST START] 2026-04-21T16:25:42.058419 bottleneck=12 replicate=0 seed=3 estimator=MiND k=5 sigma=1.0
[EST DONE] 2026-04-21T16:25:59.311321 bottleneck=12 replicate=0 seed=3 estimator=MiND k=5 dur=17.253s
[EST START] 2026-04-21T16:25:59.311484 bottleneck=12 replicate=0 seed=3 estimator=MiND k=7 sigma=1.0
[EST DONE] 2026-04-21T16:26:18.201125 bottleneck=12 replicate=0 seed=3 estimator=MiND k=7 dur=18.890s
[EST START] 2026-04-21T16:26:18.201286 bottleneck=12 replicate=0 seed=3 estimator=MiND k=10 sigma=1.0
[EST DONE] 2026-04-21T16:26:39.005422 bottleneck=12 replicate=0 seed=3 estimator=MiND k=10 dur=20.804s
[EST START] 2026-04-21T16:26:39.005581 bottleneck=12 replicate=0 seed=3 estimator=MiND k=15 sigma=1.0
[EST DONE] 2026-04-21T16:27:02.434571 bottleneck=12 replicate=0 seed=3 estimator=MiND k=15 dur=23.429s
[EST START] 2026-04-21T16:27:02.434718 bottleneck=12 replicate=0 seed=3 estimator=FisherS k=ALL sigma=1.0
[EST DONE] 2026-04-21T16:31:29.020352 bottleneck=12 replicate=0 seed=3 estimator=FisherS k=ALL dur=266.586s
[EST START] 2026-04-21T16:31:29.020579 bottleneck=12 replicate=0 seed=3 estimator=SMAE k=ALL sigma=1.0
[EST DONE] 2026-04-21T16:37:07.588335 bottleneck=12 replicate=0 seed=3 estimator=SMAE k=ALL dur=338.568s
[MNIST TASK START] 2026-04-21T16:37:07.588666 bottleneck=15 replicate=0 seed=3
[AE START] seed=3 bottleneck=15 epochs=50 subset=0
[AE EPOCH] epoch=1/50 loss=0.094836 epoch_time=1.18s device=cuda
[AE EPOCH] epoch=2/50 loss=0.052912 epoch_time=1.08s device=cuda
[AE EPOCH] epoch=3/50 loss=0.040125 epoch_time=0.94s device=cuda
[AE EPOCH] epoch=4/50 loss=0.034262 epoch_time=1.11s device=cuda
[AE EPOCH] epoch=5/50 loss=0.030037 epoch_time=1.17s device=cuda
[AE EPOCH] epoch=6/50 loss=0.027142 epoch_time=1.15s device=cuda
[AE EPOCH] epoch=7/50 loss=0.024671 epoch_time=1.26s device=cuda
[AE EPOCH] epoch=8/50 loss=0.022738 epoch_time=1.38s device=cuda
[AE EPOCH] epoch=9/50 loss=0.021392 epoch_time=1.18s device=cuda
[AE EPOCH] epoch=10/50 loss=0.020433 epoch_time=1.30s device=cuda
[AE EPOCH] epoch=11/50 loss=0.019706 epoch_time=1.31s device=cuda
[AE EPOCH] epoch=12/50 loss=0.019124 epoch_time=1.25s device=cuda
[AE EPOCH] epoch=13/50 loss=0.018634 epoch_time=1.10s device=cuda
[AE EPOCH] epoch=14/50 loss=0.018210 epoch_time=1.13s device=cuda
[AE EPOCH] epoch=15/50 loss=0.017828 epoch_time=1.37s device=cuda
[AE EPOCH] epoch=16/50 loss=0.017491 epoch_time=1.29s device=cuda
[AE EPOCH] epoch=17/50 loss=0.017193 epoch_time=1.28s device=cuda
[AE EPOCH] epoch=18/50 loss=0.016922 epoch_time=1.27s device=cuda
[AE EPOCH] epoch=19/50 loss=0.016671 epoch_time=1.24s device=cuda
[AE EPOCH] epoch=20/50 loss=0.016444 epoch_time=1.25s device=cuda
[AE EPOCH] epoch=21/50 loss=0.016230 epoch_time=1.17s device=cuda
[AE EPOCH] epoch=22/50 loss=0.016032 epoch_time=1.24s device=cuda
[AE EPOCH] epoch=23/50 loss=0.015846 epoch_time=1.20s device=cuda
[AE EPOCH] epoch=24/50 loss=0.015671 epoch_time=1.22s device=cuda
[AE EPOCH] epoch=25/50 loss=0.015504 epoch_time=1.02s device=cuda
[AE EPOCH] epoch=26/50 loss=0.015349 epoch_time=1.26s device=cuda
[AE EPOCH] epoch=27/50 loss=0.015201 epoch_time=1.04s device=cuda
[AE EPOCH] epoch=28/50 loss=0.015061 epoch_time=1.00s device=cuda
[AE EPOCH] epoch=29/50 loss=0.014929 epoch_time=1.13s device=cuda
[AE EPOCH] epoch=30/50 loss=0.014802 epoch_time=1.26s device=cuda
[AE EPOCH] epoch=31/50 loss=0.014681 epoch_time=1.25s device=cuda
[AE EPOCH] epoch=32/50 loss=0.014565 epoch_time=1.18s device=cuda
[AE EPOCH] epoch=33/50 loss=0.014454 epoch_time=0.96s device=cuda
[AE EPOCH] epoch=34/50 loss=0.014348 epoch_time=1.23s device=cuda
[AE EPOCH] epoch=35/50 loss=0.014246 epoch_time=1.31s device=cuda
[AE EPOCH] epoch=36/50 loss=0.014148 epoch_time=1.10s device=cuda
[AE EPOCH] epoch=37/50 loss=0.014054 epoch_time=1.32s device=cuda
[AE EPOCH] epoch=38/50 loss=0.013963 epoch_time=1.23s device=cuda
[AE EPOCH] epoch=39/50 loss=0.013877 epoch_time=1.23s device=cuda
[AE EPOCH] epoch=40/50 loss=0.013793 epoch_time=1.33s device=cuda
[AE EPOCH] epoch=41/50 loss=0.013710 epoch_time=1.24s device=cuda
[AE EPOCH] epoch=42/50 loss=0.013632 epoch_time=1.07s device=cuda
[AE EPOCH] epoch=43/50 loss=0.013556 epoch_time=1.09s device=cuda
[AE EPOCH] epoch=44/50 loss=0.013482 epoch_time=1.46s device=cuda
[AE EPOCH] epoch=45/50 loss=0.013410 epoch_time=1.28s device=cuda
[AE EPOCH] epoch=46/50 loss=0.013342 epoch_time=1.16s device=cuda
[AE EPOCH] epoch=47/50 loss=0.013276 epoch_time=1.23s device=cuda
[AE EPOCH] epoch=48/50 loss=0.013208 epoch_time=1.15s device=cuda
[AE EPOCH] epoch=49/50 loss=0.013145 epoch_time=1.11s device=cuda
[AE EPOCH] epoch=50/50 loss=0.013085 epoch_time=1.15s device=cuda
[AE TRAIN COMPLETE] total_time=59.89s
[AE TRAIN COMPLETE] 2026-04-21T16:38:22.300329 bottleneck=15 replicate=0 dur=74.7s seed=3
[EST START] 2026-04-21T16:38:22.338086 bottleneck=15 replicate=0 seed=3 estimator=Levina-Bickel k=3 sigma=0.0
[EST DONE] 2026-04-21T16:38:46.733429 bottleneck=15 replicate=0 seed=3 estimator=Levina-Bickel k=3 dur=24.395s
[EST START] 2026-04-21T16:38:46.733659 bottleneck=15 replicate=0 seed=3 estimator=Levina-Bickel k=5 sigma=0.0
[EST DONE] 2026-04-21T16:39:14.528224 bottleneck=15 replicate=0 seed=3 estimator=Levina-Bickel k=5 dur=27.795s
[EST START] 2026-04-21T16:39:14.528398 bottleneck=15 replicate=0 seed=3 estimator=Levina-Bickel k=7 sigma=0.0
[EST DONE] 2026-04-21T16:39:44.199865 bottleneck=15 replicate=0 seed=3 estimator=Levina-Bickel k=7 dur=29.671s
[EST START] 2026-04-21T16:39:44.200126 bottleneck=15 replicate=0 seed=3 estimator=Levina-Bickel k=10 sigma=0.0
[EST DONE] 2026-04-21T16:40:16.293336 bottleneck=15 replicate=0 seed=3 estimator=Levina-Bickel k=10 dur=32.093s
[EST START] 2026-04-21T16:40:16.293554 bottleneck=15 replicate=0 seed=3 estimator=Levina-Bickel k=15 sigma=0.0
[EST DONE] 2026-04-21T16:40:52.617402 bottleneck=15 replicate=0 seed=3 estimator=Levina-Bickel k=15 dur=36.324s
[EST START] 2026-04-21T16:40:52.617626 bottleneck=15 replicate=0 seed=3 estimator=TwoNN k=ALL sigma=0.0
[EST DONE] 2026-04-21T16:41:13.290534 bottleneck=15 replicate=0 seed=3 estimator=TwoNN k=ALL dur=20.673s
[EST START] 2026-04-21T16:41:13.290757 bottleneck=15 replicate=0 seed=3 estimator=lPCA k=3 sigma=0.0
[EST DONE] 2026-04-21T16:42:12.319482 bottleneck=15 replicate=0 seed=3 estimator=lPCA k=3 dur=59.029s
[EST START] 2026-04-21T16:42:12.319661 bottleneck=15 replicate=0 seed=3 estimator=lPCA k=5 sigma=0.0
[EST DONE] 2026-04-21T16:43:06.877272 bottleneck=15 replicate=0 seed=3 estimator=lPCA k=5 dur=54.558s
[EST START] 2026-04-21T16:43:06.877440 bottleneck=15 replicate=0 seed=3 estimator=lPCA k=7 sigma=0.0
[EST DONE] 2026-04-21T16:44:10.054501 bottleneck=15 replicate=0 seed=3 estimator=lPCA k=7 dur=63.177s
[EST START] 2026-04-21T16:44:10.054685 bottleneck=15 replicate=0 seed=3 estimator=lPCA k=10 sigma=0.0
[EST DONE] 2026-04-21T16:45:21.758998 bottleneck=15 replicate=0 seed=3 estimator=lPCA k=10 dur=71.704s
[EST START] 2026-04-21T16:45:21.759167 bottleneck=15 replicate=0 seed=3 estimator=lPCA k=15 sigma=0.0
[EST DONE] 2026-04-21T16:46:37.423631 bottleneck=15 replicate=0 seed=3 estimator=lPCA k=15 dur=75.664s
[EST START] 2026-04-21T16:46:37.423852 bottleneck=15 replicate=0 seed=3 estimator=DANCo k=3 sigma=0.0
[EST DONE] 2026-04-21T16:51:28.678393 bottleneck=15 replicate=0 seed=3 estimator=DANCo k=3 dur=291.254s
[EST START] 2026-04-21T16:51:28.678576 bottleneck=15 replicate=0 seed=3 estimator=DANCo k=5 sigma=0.0
[EST DONE] 2026-04-21T16:56:40.742530 bottleneck=15 replicate=0 seed=3 estimator=DANCo k=5 dur=312.064s
[EST START] 2026-04-21T16:56:40.742722 bottleneck=15 replicate=0 seed=3 estimator=DANCo k=7 sigma=0.0
[EST DONE] 2026-04-21T17:01:33.814597 bottleneck=15 replicate=0 seed=3 estimator=DANCo k=7 dur=293.072s
[EST START] 2026-04-21T17:01:33.814777 bottleneck=15 replicate=0 seed=3 estimator=DANCo k=10 sigma=0.0
[EST DONE] 2026-04-21T17:08:02.310889 bottleneck=15 replicate=0 seed=3 estimator=DANCo k=10 dur=388.496s
[EST START] 2026-04-21T17:08:02.311046 bottleneck=15 replicate=0 seed=3 estimator=DANCo k=15 sigma=0.0
[EST DONE] 2026-04-21T17:15:19.607647 bottleneck=15 replicate=0 seed=3 estimator=DANCo k=15 dur=437.297s
[EST START] 2026-04-21T17:15:19.607846 bottleneck=15 replicate=0 seed=3 estimator=MiND k=3 sigma=0.0
[EST DONE] 2026-04-21T17:15:44.826719 bottleneck=15 replicate=0 seed=3 estimator=MiND k=3 dur=25.219s
[EST START] 2026-04-21T17:15:44.826952 bottleneck=15 replicate=0 seed=3 estimator=MiND k=5 sigma=0.0
[EST DONE] 2026-04-21T17:16:13.766716 bottleneck=15 replicate=0 seed=3 estimator=MiND k=5 dur=28.940s
[EST START] 2026-04-21T17:16:13.766877 bottleneck=15 replicate=0 seed=3 estimator=MiND k=7 sigma=0.0
[EST DONE] 2026-04-21T17:16:45.265081 bottleneck=15 replicate=0 seed=3 estimator=MiND k=7 dur=31.498s
[EST START] 2026-04-21T17:16:45.265221 bottleneck=15 replicate=0 seed=3 estimator=MiND k=10 sigma=0.0
[EST DONE] 2026-04-21T17:17:19.378447 bottleneck=15 replicate=0 seed=3 estimator=MiND k=10 dur=34.113s
[EST START] 2026-04-21T17:17:19.378626 bottleneck=15 replicate=0 seed=3 estimator=MiND k=15 sigma=0.0
[EST DONE] 2026-04-21T17:17:56.525606 bottleneck=15 replicate=0 seed=3 estimator=MiND k=15 dur=37.147s
[EST START] 2026-04-21T17:17:56.525789 bottleneck=15 replicate=0 seed=3 estimator=FisherS k=ALL sigma=0.0
[EST DONE] 2026-04-21T17:22:11.737348 bottleneck=15 replicate=0 seed=3 estimator=FisherS k=ALL dur=255.212s
[EST START] 2026-04-21T17:22:11.737553 bottleneck=15 replicate=0 seed=3 estimator=SMAE k=ALL sigma=0.0
[EST DONE] 2026-04-21T17:28:01.538342 bottleneck=15 replicate=0 seed=3 estimator=SMAE k=ALL dur=349.801s
[EST START] 2026-04-21T17:28:01.560520 bottleneck=15 replicate=0 seed=3 estimator=Levina-Bickel k=3 sigma=0.25
[EST DONE] 2026-04-21T17:28:25.446748 bottleneck=15 replicate=0 seed=3 estimator=Levina-Bickel k=3 dur=23.886s
[EST START] 2026-04-21T17:28:25.446924 bottleneck=15 replicate=0 seed=3 estimator=Levina-Bickel k=5 sigma=0.25
[EST DONE] 2026-04-21T17:28:49.043666 bottleneck=15 replicate=0 seed=3 estimator=Levina-Bickel k=5 dur=23.597s
[EST START] 2026-04-21T17:28:49.043829 bottleneck=15 replicate=0 seed=3 estimator=Levina-Bickel k=7 sigma=0.25
[EST DONE] 2026-04-21T17:29:15.941271 bottleneck=15 replicate=0 seed=3 estimator=Levina-Bickel k=7 dur=26.897s
[EST START] 2026-04-21T17:29:15.941475 bottleneck=15 replicate=0 seed=3 estimator=Levina-Bickel k=10 sigma=0.25
[EST DONE] 2026-04-21T17:29:43.608639 bottleneck=15 replicate=0 seed=3 estimator=Levina-Bickel k=10 dur=27.667s
[EST START] 2026-04-21T17:29:43.608820 bottleneck=15 replicate=0 seed=3 estimator=Levina-Bickel k=15 sigma=0.25
[EST DONE] 2026-04-21T17:30:17.515189 bottleneck=15 replicate=0 seed=3 estimator=Levina-Bickel k=15 dur=33.906s
[EST START] 2026-04-21T17:30:17.515374 bottleneck=15 replicate=0 seed=3 estimator=TwoNN k=ALL sigma=0.25
[EST DONE] 2026-04-21T17:30:34.671193 bottleneck=15 replicate=0 seed=3 estimator=TwoNN k=ALL dur=17.156s
[EST START] 2026-04-21T17:30:34.671421 bottleneck=15 replicate=0 seed=3 estimator=lPCA k=3 sigma=0.25
[EST DONE] 2026-04-21T17:31:25.244474 bottleneck=15 replicate=0 seed=3 estimator=lPCA k=3 dur=50.573s
[EST START] 2026-04-21T17:31:25.244635 bottleneck=15 replicate=0 seed=3 estimator=lPCA k=5 sigma=0.25
[EST DONE] 2026-04-21T17:32:26.163270 bottleneck=15 replicate=0 seed=3 estimator=lPCA k=5 dur=60.919s
[EST START] 2026-04-21T17:32:26.163467 bottleneck=15 replicate=0 seed=3 estimator=lPCA k=7 sigma=0.25
[EST DONE] 2026-04-21T17:33:33.372726 bottleneck=15 replicate=0 seed=3 estimator=lPCA k=7 dur=67.209s
[EST START] 2026-04-21T17:33:33.372920 bottleneck=15 replicate=0 seed=3 estimator=lPCA k=10 sigma=0.25
[EST DONE] 2026-04-21T17:34:38.386022 bottleneck=15 replicate=0 seed=3 estimator=lPCA k=10 dur=65.013s
[EST START] 2026-04-21T17:34:38.386188 bottleneck=15 replicate=0 seed=3 estimator=lPCA k=15 sigma=0.25
[EST DONE] 2026-04-21T17:35:49.042002 bottleneck=15 replicate=0 seed=3 estimator=lPCA k=15 dur=70.656s
[EST START] 2026-04-21T17:35:49.042222 bottleneck=15 replicate=0 seed=3 estimator=DANCo k=3 sigma=0.25
[EST DONE] 2026-04-21T17:40:42.278056 bottleneck=15 replicate=0 seed=3 estimator=DANCo k=3 dur=293.236s
[EST START] 2026-04-21T17:40:42.278229 bottleneck=15 replicate=0 seed=3 estimator=DANCo k=5 sigma=0.25
[EST DONE] 2026-04-21T17:46:14.497203 bottleneck=15 replicate=0 seed=3 estimator=DANCo k=5 dur=332.219s
[EST START] 2026-04-21T17:46:14.497394 bottleneck=15 replicate=0 seed=3 estimator=DANCo k=7 sigma=0.25
[EST DONE] 2026-04-21T17:52:13.566713 bottleneck=15 replicate=0 seed=3 estimator=DANCo k=7 dur=359.069s
[EST START] 2026-04-21T17:52:13.566909 bottleneck=15 replicate=0 seed=3 estimator=DANCo k=10 sigma=0.25
[EST DONE] 2026-04-21T17:58:46.972335 bottleneck=15 replicate=0 seed=3 estimator=DANCo k=10 dur=393.405s
[EST START] 2026-04-21T17:58:46.972543 bottleneck=15 replicate=0 seed=3 estimator=DANCo k=15 sigma=0.25
[EST DONE] 2026-04-21T18:05:58.363359 bottleneck=15 replicate=0 seed=3 estimator=DANCo k=15 dur=431.391s
[EST START] 2026-04-21T18:05:58.363568 bottleneck=15 replicate=0 seed=3 estimator=MiND k=3 sigma=0.25
[EST DONE] 2026-04-21T18:06:19.104775 bottleneck=15 replicate=0 seed=3 estimator=MiND k=3 dur=20.741s
[EST START] 2026-04-21T18:06:19.104935 bottleneck=15 replicate=0 seed=3 estimator=MiND k=5 sigma=0.25
[EST DONE] 2026-04-21T18:06:47.001658 bottleneck=15 replicate=0 seed=3 estimator=MiND k=5 dur=27.897s
[EST START] 2026-04-21T18:06:47.001838 bottleneck=15 replicate=0 seed=3 estimator=MiND k=7 sigma=0.25
[EST DONE] 2026-04-21T18:07:17.501494 bottleneck=15 replicate=0 seed=3 estimator=MiND k=7 dur=30.500s
[EST START] 2026-04-21T18:07:17.501661 bottleneck=15 replicate=0 seed=3 estimator=MiND k=10 sigma=0.25
[EST DONE] 2026-04-21T18:07:48.091229 bottleneck=15 replicate=0 seed=3 estimator=MiND k=10 dur=30.590s
[EST START] 2026-04-21T18:07:48.091419 bottleneck=15 replicate=0 seed=3 estimator=MiND k=15 sigma=0.25
[EST DONE] 2026-04-21T18:08:28.324193 bottleneck=15 replicate=0 seed=3 estimator=MiND k=15 dur=40.233s
[EST START] 2026-04-21T18:08:28.324407 bottleneck=15 replicate=0 seed=3 estimator=FisherS k=ALL sigma=0.25
[EST DONE] 2026-04-21T18:12:48.729260 bottleneck=15 replicate=0 seed=3 estimator=FisherS k=ALL dur=260.405s
[EST START] 2026-04-21T18:12:48.729486 bottleneck=15 replicate=0 seed=3 estimator=SMAE k=ALL sigma=0.25
[EST DONE] 2026-04-21T18:18:45.321797 bottleneck=15 replicate=0 seed=3 estimator=SMAE k=ALL dur=356.592s
[EST START] 2026-04-21T18:18:45.355653 bottleneck=15 replicate=0 seed=3 estimator=Levina-Bickel k=3 sigma=0.5
[EST DONE] 2026-04-21T18:19:08.557203 bottleneck=15 replicate=0 seed=3 estimator=Levina-Bickel k=3 dur=23.201s
[EST START] 2026-04-21T18:19:08.557422 bottleneck=15 replicate=0 seed=3 estimator=Levina-Bickel k=5 sigma=0.5
[EST DONE] 2026-04-21T18:19:37.069938 bottleneck=15 replicate=0 seed=3 estimator=Levina-Bickel k=5 dur=28.512s
[EST START] 2026-04-21T18:19:37.070096 bottleneck=15 replicate=0 seed=3 estimator=Levina-Bickel k=7 sigma=0.5
[EST DONE] 2026-04-21T18:20:08.404945 bottleneck=15 replicate=0 seed=3 estimator=Levina-Bickel k=7 dur=31.335s
[EST START] 2026-04-21T18:20:08.405132 bottleneck=15 replicate=0 seed=3 estimator=Levina-Bickel k=10 sigma=0.5
[EST DONE] 2026-04-21T18:20:41.803371 bottleneck=15 replicate=0 seed=3 estimator=Levina-Bickel k=10 dur=33.398s
[EST START] 2026-04-21T18:20:41.803551 bottleneck=15 replicate=0 seed=3 estimator=Levina-Bickel k=15 sigma=0.5
[EST DONE] 2026-04-21T18:21:16.782499 bottleneck=15 replicate=0 seed=3 estimator=Levina-Bickel k=15 dur=34.979s
[EST START] 2026-04-21T18:21:16.782690 bottleneck=15 replicate=0 seed=3 estimator=TwoNN k=ALL sigma=0.5
[EST DONE] 2026-04-21T18:21:36.662298 bottleneck=15 replicate=0 seed=3 estimator=TwoNN k=ALL dur=19.880s
[EST START] 2026-04-21T18:21:36.662491 bottleneck=15 replicate=0 seed=3 estimator=lPCA k=3 sigma=0.5
[EST DONE] 2026-04-21T18:22:29.937933 bottleneck=15 replicate=0 seed=3 estimator=lPCA k=3 dur=53.275s
[EST START] 2026-04-21T18:22:29.938120 bottleneck=15 replicate=0 seed=3 estimator=lPCA k=5 sigma=0.5
[EST DONE] 2026-04-21T18:23:36.120580 bottleneck=15 replicate=0 seed=3 estimator=lPCA k=5 dur=66.182s
[EST START] 2026-04-21T18:23:36.120800 bottleneck=15 replicate=0 seed=3 estimator=lPCA k=7 sigma=0.5
[EST DONE] 2026-04-21T18:24:40.272136 bottleneck=15 replicate=0 seed=3 estimator=lPCA k=7 dur=64.151s
[EST START] 2026-04-21T18:24:40.272293 bottleneck=15 replicate=0 seed=3 estimator=lPCA k=10 sigma=0.5
[EST DONE] 2026-04-21T18:25:46.153719 bottleneck=15 replicate=0 seed=3 estimator=lPCA k=10 dur=65.881s
[EST START] 2026-04-21T18:25:46.153892 bottleneck=15 replicate=0 seed=3 estimator=lPCA k=15 sigma=0.5
[EST DONE] 2026-04-21T18:26:59.605438 bottleneck=15 replicate=0 seed=3 estimator=lPCA k=15 dur=73.452s
[EST START] 2026-04-21T18:26:59.605625 bottleneck=15 replicate=0 seed=3 estimator=DANCo k=3 sigma=0.5
[EST DONE] 2026-04-21T18:32:03.389866 bottleneck=15 replicate=0 seed=3 estimator=DANCo k=3 dur=303.784s
[EST START] 2026-04-21T18:32:03.390032 bottleneck=15 replicate=0 seed=3 estimator=DANCo k=5 sigma=0.5
[EST DONE] 2026-04-21T18:37:17.067483 bottleneck=15 replicate=0 seed=3 estimator=DANCo k=5 dur=313.677s
[EST START] 2026-04-21T18:37:17.067684 bottleneck=15 replicate=0 seed=3 estimator=DANCo k=7 sigma=0.5
[EST DONE] 2026-04-21T18:43:06.003336 bottleneck=15 replicate=0 seed=3 estimator=DANCo k=7 dur=348.936s
[EST START] 2026-04-21T18:43:06.003525 bottleneck=15 replicate=0 seed=3 estimator=DANCo k=10 sigma=0.5
[EST DONE] 2026-04-21T18:49:28.477377 bottleneck=15 replicate=0 seed=3 estimator=DANCo k=10 dur=382.474s
[EST START] 2026-04-21T18:49:28.477562 bottleneck=15 replicate=0 seed=3 estimator=DANCo k=15 sigma=0.5
[EST DONE] 2026-04-21T18:56:20.812173 bottleneck=15 replicate=0 seed=3 estimator=DANCo k=15 dur=412.335s
[EST START] 2026-04-21T18:56:20.812341 bottleneck=15 replicate=0 seed=3 estimator=MiND k=3 sigma=0.5
[EST DONE] 2026-04-21T18:56:49.518657 bottleneck=15 replicate=0 seed=3 estimator=MiND k=3 dur=28.706s
[EST START] 2026-04-21T18:56:49.518822 bottleneck=15 replicate=0 seed=3 estimator=MiND k=5 sigma=0.5
[EST DONE] 2026-04-21T18:57:19.781048 bottleneck=15 replicate=0 seed=3 estimator=MiND k=5 dur=30.262s
[EST START] 2026-04-21T18:57:19.781202 bottleneck=15 replicate=0 seed=3 estimator=MiND k=7 sigma=0.5
[EST DONE] 2026-04-21T18:57:50.677168 bottleneck=15 replicate=0 seed=3 estimator=MiND k=7 dur=30.896s
[EST START] 2026-04-21T18:57:50.677358 bottleneck=15 replicate=0 seed=3 estimator=MiND k=10 sigma=0.5
[EST DONE] 2026-04-21T18:58:26.229618 bottleneck=15 replicate=0 seed=3 estimator=MiND k=10 dur=35.552s
[EST START] 2026-04-21T18:58:26.229807 bottleneck=15 replicate=0 seed=3 estimator=MiND k=15 sigma=0.5
[EST DONE] 2026-04-21T18:59:07.638210 bottleneck=15 replicate=0 seed=3 estimator=MiND k=15 dur=41.408s
[EST START] 2026-04-21T18:59:07.638438 bottleneck=15 replicate=0 seed=3 estimator=FisherS k=ALL sigma=0.5
[EST DONE] 2026-04-21T19:03:34.461200 bottleneck=15 replicate=0 seed=3 estimator=FisherS k=ALL dur=266.823s
[EST START] 2026-04-21T19:03:34.461397 bottleneck=15 replicate=0 seed=3 estimator=SMAE k=ALL sigma=0.5
[EST DONE] 2026-04-21T19:09:33.898708 bottleneck=15 replicate=0 seed=3 estimator=SMAE k=ALL dur=359.437s
[EST START] 2026-04-21T19:09:33.922552 bottleneck=15 replicate=0 seed=3 estimator=Levina-Bickel k=3 sigma=0.75
[EST DONE] 2026-04-21T19:10:00.551286 bottleneck=15 replicate=0 seed=3 estimator=Levina-Bickel k=3 dur=26.629s
[EST START] 2026-04-21T19:10:00.551443 bottleneck=15 replicate=0 seed=3 estimator=Levina-Bickel k=5 sigma=0.75
[EST DONE] 2026-04-21T19:10:30.642182 bottleneck=15 replicate=0 seed=3 estimator=Levina-Bickel k=5 dur=30.091s
[EST START] 2026-04-21T19:10:30.642380 bottleneck=15 replicate=0 seed=3 estimator=Levina-Bickel k=7 sigma=0.75
[EST DONE] 2026-04-21T19:11:03.324213 bottleneck=15 replicate=0 seed=3 estimator=Levina-Bickel k=7 dur=32.682s
[EST START] 2026-04-21T19:11:03.324403 bottleneck=15 replicate=0 seed=3 estimator=Levina-Bickel k=10 sigma=0.75
[EST DONE] 2026-04-21T19:11:39.678206 bottleneck=15 replicate=0 seed=3 estimator=Levina-Bickel k=10 dur=36.354s
[EST START] 2026-04-21T19:11:39.678410 bottleneck=15 replicate=0 seed=3 estimator=Levina-Bickel k=15 sigma=0.75
[EST DONE] 2026-04-21T19:12:19.956303 bottleneck=15 replicate=0 seed=3 estimator=Levina-Bickel k=15 dur=40.278s
[EST START] 2026-04-21T19:12:19.956501 bottleneck=15 replicate=0 seed=3 estimator=TwoNN k=ALL sigma=0.75
[EST DONE] 2026-04-21T19:12:44.299997 bottleneck=15 replicate=0 seed=3 estimator=TwoNN k=ALL dur=24.343s
[EST START] 2026-04-21T19:12:44.300257 bottleneck=15 replicate=0 seed=3 estimator=lPCA k=3 sigma=0.75
[EST DONE] 2026-04-21T19:13:43.475485 bottleneck=15 replicate=0 seed=3 estimator=lPCA k=3 dur=59.175s
[EST START] 2026-04-21T19:13:43.475677 bottleneck=15 replicate=0 seed=3 estimator=lPCA k=5 sigma=0.75
[EST DONE] 2026-04-21T19:14:46.623865 bottleneck=15 replicate=0 seed=3 estimator=lPCA k=5 dur=63.148s
[EST START] 2026-04-21T19:14:46.624042 bottleneck=15 replicate=0 seed=3 estimator=lPCA k=7 sigma=0.75
[EST DONE] 2026-04-21T19:15:56.512380 bottleneck=15 replicate=0 seed=3 estimator=lPCA k=7 dur=69.888s
[EST START] 2026-04-21T19:15:56.512598 bottleneck=15 replicate=0 seed=3 estimator=lPCA k=10 sigma=0.75
[EST DONE] 2026-04-21T19:17:08.426641 bottleneck=15 replicate=0 seed=3 estimator=lPCA k=10 dur=71.914s
[EST START] 2026-04-21T19:17:08.426833 bottleneck=15 replicate=0 seed=3 estimator=lPCA k=15 sigma=0.75
[EST DONE] 2026-04-21T19:18:29.225991 bottleneck=15 replicate=0 seed=3 estimator=lPCA k=15 dur=80.799s
[EST START] 2026-04-21T19:18:29.226169 bottleneck=15 replicate=0 seed=3 estimator=DANCo k=3 sigma=0.75
[EST DONE] 2026-04-21T19:23:22.230955 bottleneck=15 replicate=0 seed=3 estimator=DANCo k=3 dur=293.005s
[EST START] 2026-04-21T19:23:22.231143 bottleneck=15 replicate=0 seed=3 estimator=DANCo k=5 sigma=0.75
[EST DONE] 2026-04-21T19:28:45.137555 bottleneck=15 replicate=0 seed=3 estimator=DANCo k=5 dur=322.906s
[EST START] 2026-04-21T19:28:45.137728 bottleneck=15 replicate=0 seed=3 estimator=DANCo k=7 sigma=0.75
[EST DONE] 2026-04-21T19:34:33.038995 bottleneck=15 replicate=0 seed=3 estimator=DANCo k=7 dur=347.901s
[EST START] 2026-04-21T19:34:33.039214 bottleneck=15 replicate=0 seed=3 estimator=DANCo k=10 sigma=0.75
[EST DONE] 2026-04-21T19:40:46.272881 bottleneck=15 replicate=0 seed=3 estimator=DANCo k=10 dur=373.234s
[EST START] 2026-04-21T19:40:46.273079 bottleneck=15 replicate=0 seed=3 estimator=DANCo k=15 sigma=0.75
[EST DONE] 2026-04-21T19:47:39.203003 bottleneck=15 replicate=0 seed=3 estimator=DANCo k=15 dur=412.930s
[EST START] 2026-04-21T19:47:39.203172 bottleneck=15 replicate=0 seed=3 estimator=MiND k=3 sigma=0.75
[EST DONE] 2026-04-21T19:48:07.323633 bottleneck=15 replicate=0 seed=3 estimator=MiND k=3 dur=28.120s
[EST START] 2026-04-21T19:48:07.323796 bottleneck=15 replicate=0 seed=3 estimator=MiND k=5 sigma=0.75
[EST DONE] 2026-04-21T19:48:39.369773 bottleneck=15 replicate=0 seed=3 estimator=MiND k=5 dur=32.046s
[EST START] 2026-04-21T19:48:39.369977 bottleneck=15 replicate=0 seed=3 estimator=MiND k=7 sigma=0.75
[EST DONE] 2026-04-21T19:49:13.518085 bottleneck=15 replicate=0 seed=3 estimator=MiND k=7 dur=34.148s
[EST START] 2026-04-21T19:49:13.518262 bottleneck=15 replicate=0 seed=3 estimator=MiND k=10 sigma=0.75
[EST DONE] 2026-04-21T19:49:50.763511 bottleneck=15 replicate=0 seed=3 estimator=MiND k=10 dur=37.245s
[EST START] 2026-04-21T19:49:50.763704 bottleneck=15 replicate=0 seed=3 estimator=MiND k=15 sigma=0.75
[EST DONE] 2026-04-21T19:50:31.645835 bottleneck=15 replicate=0 seed=3 estimator=MiND k=15 dur=40.882s
[EST START] 2026-04-21T19:50:31.646060 bottleneck=15 replicate=0 seed=3 estimator=FisherS k=ALL sigma=0.75
[EST DONE] 2026-04-21T19:54:41.625119 bottleneck=15 replicate=0 seed=3 estimator=FisherS k=ALL dur=249.979s
[EST START] 2026-04-21T19:54:41.625365 bottleneck=15 replicate=0 seed=3 estimator=SMAE k=ALL sigma=0.75
[EST DONE] 2026-04-21T20:01:19.692452 bottleneck=15 replicate=0 seed=3 estimator=SMAE k=ALL dur=398.067s
[EST START] 2026-04-21T20:01:19.730394 bottleneck=15 replicate=0 seed=3 estimator=Levina-Bickel k=3 sigma=1.0
[EST DONE] 2026-04-21T20:01:47.735985 bottleneck=15 replicate=0 seed=3 estimator=Levina-Bickel k=3 dur=28.005s
[EST START] 2026-04-21T20:01:47.736170 bottleneck=15 replicate=0 seed=3 estimator=Levina-Bickel k=5 sigma=1.0
[EST DONE] 2026-04-21T20:02:19.983925 bottleneck=15 replicate=0 seed=3 estimator=Levina-Bickel k=5 dur=32.248s
[EST START] 2026-04-21T20:02:19.984129 bottleneck=15 replicate=0 seed=3 estimator=Levina-Bickel k=7 sigma=1.0
[EST DONE] 2026-04-21T20:02:56.320776 bottleneck=15 replicate=0 seed=3 estimator=Levina-Bickel k=7 dur=36.337s
[EST START] 2026-04-21T20:02:56.321000 bottleneck=15 replicate=0 seed=3 estimator=Levina-Bickel k=10 sigma=1.0
[EST DONE] 2026-04-21T20:03:35.684075 bottleneck=15 replicate=0 seed=3 estimator=Levina-Bickel k=10 dur=39.363s
[EST START] 2026-04-21T20:03:35.684284 bottleneck=15 replicate=0 seed=3 estimator=Levina-Bickel k=15 sigma=1.0
[EST DONE] 2026-04-21T20:04:19.127945 bottleneck=15 replicate=0 seed=3 estimator=Levina-Bickel k=15 dur=43.444s
[EST START] 2026-04-21T20:04:19.128172 bottleneck=15 replicate=0 seed=3 estimator=TwoNN k=ALL sigma=1.0
[EST DONE] 2026-04-21T20:04:44.951355 bottleneck=15 replicate=0 seed=3 estimator=TwoNN k=ALL dur=25.823s
[EST START] 2026-04-21T20:04:44.951575 bottleneck=15 replicate=0 seed=3 estimator=lPCA k=3 sigma=1.0
[EST DONE] 2026-04-21T20:05:49.233515 bottleneck=15 replicate=0 seed=3 estimator=lPCA k=3 dur=64.282s
[EST START] 2026-04-21T20:05:49.233702 bottleneck=15 replicate=0 seed=3 estimator=lPCA k=5 sigma=1.0
[EST DONE] 2026-04-21T20:06:57.064131 bottleneck=15 replicate=0 seed=3 estimator=lPCA k=5 dur=67.830s
[EST START] 2026-04-21T20:06:57.064313 bottleneck=15 replicate=0 seed=3 estimator=lPCA k=7 sigma=1.0
[EST DONE] 2026-04-21T20:08:06.594289 bottleneck=15 replicate=0 seed=3 estimator=lPCA k=7 dur=69.530s
[EST START] 2026-04-21T20:08:06.594484 bottleneck=15 replicate=0 seed=3 estimator=lPCA k=10 sigma=1.0
[EST DONE] 2026-04-21T20:09:21.613574 bottleneck=15 replicate=0 seed=3 estimator=lPCA k=10 dur=75.019s
[EST START] 2026-04-21T20:09:21.613774 bottleneck=15 replicate=0 seed=3 estimator=lPCA k=15 sigma=1.0
[EST DONE] 2026-04-21T20:10:45.205738 bottleneck=15 replicate=0 seed=3 estimator=lPCA k=15 dur=83.592s
[EST START] 2026-04-21T20:10:45.205965 bottleneck=15 replicate=0 seed=3 estimator=DANCo k=3 sigma=1.0
[EST DONE] 2026-04-21T20:15:44.806445 bottleneck=15 replicate=0 seed=3 estimator=DANCo k=3 dur=299.600s
[EST START] 2026-04-21T20:15:44.806623 bottleneck=15 replicate=0 seed=3 estimator=DANCo k=5 sigma=1.0
[EST DONE] 2026-04-21T20:21:08.141676 bottleneck=15 replicate=0 seed=3 estimator=DANCo k=5 dur=323.335s
[EST START] 2026-04-21T20:21:08.141855 bottleneck=15 replicate=0 seed=3 estimator=DANCo k=7 sigma=1.0
[EST DONE] 2026-04-21T20:26:57.129552 bottleneck=15 replicate=0 seed=3 estimator=DANCo k=7 dur=348.988s
[EST START] 2026-04-21T20:26:57.129756 bottleneck=15 replicate=0 seed=3 estimator=DANCo k=10 sigma=1.0
[EST DONE] 2026-04-21T20:33:14.096440 bottleneck=15 replicate=0 seed=3 estimator=DANCo k=10 dur=376.967s
[EST START] 2026-04-21T20:33:14.096631 bottleneck=15 replicate=0 seed=3 estimator=DANCo k=15 sigma=1.0
[EST DONE] 2026-04-21T20:40:06.612236 bottleneck=15 replicate=0 seed=3 estimator=DANCo k=15 dur=412.516s
[EST START] 2026-04-21T20:40:06.612436 bottleneck=15 replicate=0 seed=3 estimator=MiND k=3 sigma=1.0
[EST DONE] 2026-04-21T20:40:38.099007 bottleneck=15 replicate=0 seed=3 estimator=MiND k=3 dur=31.487s
[EST START] 2026-04-21T20:40:38.099178 bottleneck=15 replicate=0 seed=3 estimator=MiND k=5 sigma=1.0
[EST DONE] 2026-04-21T20:41:13.354886 bottleneck=15 replicate=0 seed=3 estimator=MiND k=5 dur=35.256s
[EST START] 2026-04-21T20:41:13.355097 bottleneck=15 replicate=0 seed=3 estimator=MiND k=7 sigma=1.0
[EST DONE] 2026-04-21T20:41:50.930202 bottleneck=15 replicate=0 seed=3 estimator=MiND k=7 dur=37.575s
[EST START] 2026-04-21T20:41:50.930388 bottleneck=15 replicate=0 seed=3 estimator=MiND k=10 sigma=1.0
[EST DONE] 2026-04-21T20:42:31.262676 bottleneck=15 replicate=0 seed=3 estimator=MiND k=10 dur=40.332s
[EST START] 2026-04-21T20:42:31.262865 bottleneck=15 replicate=0 seed=3 estimator=MiND k=15 sigma=1.0
[EST DONE] 2026-04-21T20:43:14.791695 bottleneck=15 replicate=0 seed=3 estimator=MiND k=15 dur=43.529s
[EST START] 2026-04-21T20:43:14.791879 bottleneck=15 replicate=0 seed=3 estimator=FisherS k=ALL sigma=1.0
[EST DONE] 2026-04-21T20:47:25.597624 bottleneck=15 replicate=0 seed=3 estimator=FisherS k=ALL dur=250.806s
[EST START] 2026-04-21T20:47:25.597873 bottleneck=15 replicate=0 seed=3 estimator=SMAE k=ALL sigma=1.0
[EST DONE] 2026-04-21T20:53:04.738774 bottleneck=15 replicate=0 seed=3 estimator=SMAE k=ALL dur=339.141s
Wrote per-task mnist results to results/mnist_large.task3.csv
Saved results/mnist_large.csv
Making reduced plots...
Saved plots under results/figs_large
