Starting large worker on zuber at Sun Apr 19 04:56:03 PM EDT 2026; workdir=/local/scratch/cfikes/CS_534_ML_project; user=cfikes; task=1
large
Running synthetic large experiments...
[TASK START] 2026-04-19T16:56:07.962836 manifold=sphere d=5 sigma=0.0 n=60000 seed=1
[TASK START] 2026-04-19T16:56:07.962926 manifold=sphere d=5 sigma=0.25 n=60000 seed=1
[TASK START] 2026-04-19T16:56:07.963144 manifold=sphere d=5 sigma=0.5 n=60000 seed=1
[TASK START] 2026-04-19T16:56:07.964782 manifold=sphere d=5 sigma=1.0 n=60000 seed=1
[TASK START] 2026-04-19T16:56:07.976656 manifold=sphere d=7 sigma=0.0 n=60000 seed=1
[TASK START] 2026-04-19T16:56:07.995140 manifold=sphere d=5 sigma=0.75 n=60000 seed=1
[EST DONE] 2026-04-19T16:56:13.637320 estimator=Levina-Bickel k=3 dur=2.754s seed=1
[EST DONE] 2026-04-19T16:56:15.077684 estimator=Levina-Bickel k=3 dur=3.451s seed=1
[EST DONE] 2026-04-19T16:56:15.923519 estimator=Levina-Bickel k=3 dur=3.894s seed=1
[EST DONE] 2026-04-19T16:56:16.304229 estimator=Levina-Bickel k=3 dur=4.025s seed=1
[EST DONE] 2026-04-19T16:56:16.551666 estimator=Levina-Bickel k=3 dur=4.152s seed=1
[EST DONE] 2026-04-19T16:56:17.004717 estimator=Levina-Bickel k=5 dur=3.367s seed=1
[EST DONE] 2026-04-19T16:56:19.248378 estimator=Levina-Bickel k=5 dur=4.171s seed=1
[EST DONE] 2026-04-19T16:56:20.627846 estimator=Levina-Bickel k=5 dur=4.704s seed=1
[EST DONE] 2026-04-19T16:56:20.894854 estimator=Levina-Bickel k=7 dur=3.890s seed=1
[EST DONE] 2026-04-19T16:56:21.183711 estimator=Levina-Bickel k=5 dur=4.879s seed=1
[EST DONE] 2026-04-19T16:56:21.586725 estimator=Levina-Bickel k=5 dur=5.035s seed=1
[EST DONE] 2026-04-19T16:56:23.965381 estimator=Levina-Bickel k=7 dur=4.717s seed=1
[EST DONE] 2026-04-19T16:56:25.396381 estimator=Levina-Bickel k=10 dur=4.501s seed=1
[EST DONE] 2026-04-19T16:56:25.958524 estimator=Levina-Bickel k=7 dur=5.330s seed=1
[EST DONE] 2026-04-19T16:56:26.685923 estimator=Levina-Bickel k=7 dur=5.502s seed=1
[EST DONE] 2026-04-19T16:56:27.273025 estimator=Levina-Bickel k=7 dur=5.686s seed=1
[EST DONE] 2026-04-19T16:56:28.703077 estimator=Levina-Bickel k=3 dur=10.304s seed=1
[EST DONE] 2026-04-19T16:56:29.779401 estimator=Levina-Bickel k=10 dur=5.814s seed=1
[EST DONE] 2026-04-19T16:56:31.828231 estimator=Levina-Bickel k=10 dur=5.870s seed=1
[EST DONE] 2026-04-19T16:56:31.838635 estimator=Levina-Bickel k=15 dur=6.442s seed=1
[EST DONE] 2026-04-19T16:56:32.824071 estimator=Levina-Bickel k=10 dur=6.138s seed=1
[EST DONE] 2026-04-19T16:56:33.662788 estimator=Levina-Bickel k=10 dur=6.390s seed=1
[EST DONE] 2026-04-19T16:56:34.198320 estimator=TwoNN (no-k) dur=2.360s seed=1
[EST DONE] 2026-04-19T16:56:36.181048 estimator=Levina-Bickel k=15 dur=6.401s seed=1
[EST DONE] 2026-04-19T16:56:38.985800 estimator=TwoNN (no-k) dur=2.805s seed=1
[EST DONE] 2026-04-19T16:56:40.319039 estimator=Levina-Bickel k=5 dur=11.616s seed=1
[EST DONE] 2026-04-19T16:56:45.302762 estimator=Levina-Bickel k=15 dur=13.474s seed=1
[EST DONE] 2026-04-19T16:56:45.332509 estimator=Levina-Bickel k=15 dur=12.508s seed=1
[EST DONE] 2026-04-19T16:56:45.389686 estimator=Levina-Bickel k=15 dur=11.727s seed=1
[EST DONE] 2026-04-19T16:56:48.180496 estimator=TwoNN (no-k) dur=2.877s seed=1
[EST DONE] 2026-04-19T16:56:48.902742 estimator=TwoNN (no-k) dur=3.570s seed=1
[EST DONE] 2026-04-19T16:56:49.059275 estimator=TwoNN (no-k) dur=3.669s seed=1
[EST DONE] 2026-04-19T16:56:50.250289 estimator=Levina-Bickel k=7 dur=9.931s seed=1
[EST DONE] 2026-04-19T16:57:07.357126 estimator=Levina-Bickel k=10 dur=17.107s seed=1
[EST DONE] 2026-04-19T16:57:33.151471 estimator=Levina-Bickel k=15 dur=25.794s seed=1
[EST DONE] 2026-04-19T16:57:40.631474 estimator=TwoNN (no-k) dur=7.480s seed=1
[EST DONE] 2026-04-19T16:58:01.424688 estimator=lPCA k=3 dur=44.280s seed=1
[EST DONE] 2026-04-19T16:58:07.715377 estimator=lPCA k=3 dur=45.486s seed=1
[EST DONE] 2026-04-19T16:58:14.431483 estimator=lPCA k=3 dur=43.930s seed=1
[EST DONE] 2026-04-19T16:58:20.594164 estimator=lPCA k=3 dur=45.843s seed=1
[EST DONE] 2026-04-19T16:58:21.454177 estimator=lPCA k=3 dur=46.366s seed=1
[EST DONE] 2026-04-19T16:58:46.789068 estimator=lPCA k=5 dur=45.364s seed=1
[EST DONE] 2026-04-19T16:58:53.726779 estimator=lPCA k=5 dur=46.011s seed=1
[EST DONE] 2026-04-19T16:59:00.474025 estimator=lPCA k=5 dur=46.042s seed=1
[EST DONE] 2026-04-19T16:59:07.666891 estimator=lPCA k=5 dur=47.073s seed=1
[EST DONE] 2026-04-19T16:59:08.571271 estimator=lPCA k=5 dur=47.117s seed=1
[EST DONE] 2026-04-19T16:59:21.258483 estimator=lPCA k=3 dur=50.384s seed=1
[EST DONE] 2026-04-19T16:59:33.112457 estimator=lPCA k=7 dur=46.323s seed=1
[EST DONE] 2026-04-19T16:59:40.854892 estimator=lPCA k=7 dur=47.128s seed=1
[EST DONE] 2026-04-19T16:59:47.516111 estimator=lPCA k=7 dur=47.042s seed=1
[EST DONE] 2026-04-19T16:59:53.534099 estimator=lPCA k=7 dur=45.867s seed=1
[EST DONE] 2026-04-19T16:59:55.576446 estimator=lPCA k=7 dur=47.005s seed=1
[EST DONE] 2026-04-19T17:00:12.618531 estimator=lPCA k=5 dur=51.360s seed=1
[EST DONE] 2026-04-19T17:00:33.617491 estimator=lPCA k=10 dur=60.505s seed=1
[EST DONE] 2026-04-19T17:00:45.987473 estimator=lPCA k=10 dur=65.132s seed=1
[EST DONE] 2026-04-19T17:01:06.806377 estimator=lPCA k=7 dur=54.188s seed=1
[EST DONE] 2026-04-19T17:01:12.803062 estimator=lPCA k=10 dur=79.269s seed=1
[EST DONE] 2026-04-19T17:01:17.113432 estimator=lPCA k=10 dur=89.597s seed=1
[EST DONE] 2026-04-19T17:01:18.207312 estimator=lPCA k=10 dur=82.631s seed=1
[EST DONE] 2026-04-19T17:01:40.282506 estimator=lPCA k=15 dur=66.665s seed=1
[EST DONE] 2026-04-19T17:01:43.382249 estimator=lPCA k=15 dur=57.395s seed=1
[EST DONE] 2026-04-19T17:02:13.480182 estimator=lPCA k=10 dur=66.674s seed=1
[EST DONE] 2026-04-19T17:02:24.215725 estimator=lPCA k=15 dur=67.102s seed=1
[EST DONE] 2026-04-19T17:02:35.294800 estimator=lPCA k=15 dur=77.087s seed=1
[EST DONE] 2026-04-19T17:02:35.726933 estimator=lPCA k=15 dur=82.924s seed=1
[EST DONE] 2026-04-19T17:03:15.895567 estimator=lPCA k=15 dur=62.415s seed=1
[EST DONE] 2026-04-19T17:03:32.096912 estimator=DANCo k=3 dur=54.237s seed=1
[EST DONE] 2026-04-19T17:03:37.738798 estimator=DANCo k=3 dur=56.883s seed=1
[EST DONE] 2026-04-19T17:04:25.833601 estimator=DANCo k=3 dur=60.907s seed=1
[EST DONE] 2026-04-19T17:04:33.595842 estimator=DANCo k=5 dur=61.499s seed=1
[EST DONE] 2026-04-19T17:04:40.878779 estimator=DANCo k=3 dur=63.696s seed=1
[EST DONE] 2026-04-19T17:04:40.968289 estimator=DANCo k=3 dur=62.896s seed=1
[EST DONE] 2026-04-19T17:04:42.578974 estimator=DANCo k=5 dur=64.840s seed=1
[EST DONE] 2026-04-19T17:05:34.350486 estimator=DANCo k=5 dur=68.517s seed=1
[EST DONE] 2026-04-19T17:05:36.466305 estimator=DANCo k=7 dur=62.870s seed=1
[EST DONE] 2026-04-19T17:05:46.111459 estimator=DANCo k=5 dur=65.232s seed=1
[EST DONE] 2026-04-19T17:05:47.395306 estimator=DANCo k=5 dur=66.427s seed=1
[EST DONE] 2026-04-19T17:05:48.694717 estimator=DANCo k=7 dur=66.116s seed=1
[EST DONE] 2026-04-19T17:06:22.515592 estimator=DANCo k=3 dur=88.251s seed=1
[EST DONE] 2026-04-19T17:06:42.795798 estimator=DANCo k=7 dur=68.445s seed=1
[EST DONE] 2026-04-19T17:06:48.443682 estimator=DANCo k=10 dur=71.977s seed=1
[EST DONE] 2026-04-19T17:06:54.260625 estimator=DANCo k=7 dur=66.865s seed=1
[EST DONE] 2026-04-19T17:06:56.700899 estimator=DANCo k=7 dur=70.589s seed=1
[EST DONE] 2026-04-19T17:07:03.581836 estimator=DANCo k=10 dur=74.887s seed=1
[EST DONE] 2026-04-19T17:07:59.582821 estimator=DANCo k=10 dur=76.787s seed=1
[EST DONE] 2026-04-19T17:08:05.700117 estimator=DANCo k=5 dur=103.184s seed=1
[EST DONE] 2026-04-19T17:08:06.789775 estimator=DANCo k=10 dur=72.529s seed=1
[EST DONE] 2026-04-19T17:08:08.714523 estimator=DANCo k=10 dur=72.013s seed=1
[EST DONE] 2026-04-19T17:08:10.597248 estimator=DANCo k=15 dur=82.153s seed=1
[EST DONE] 2026-04-19T17:08:15.244383 estimator=MiND k=3 dur=2.325s seed=1
[EST DONE] 2026-04-19T17:08:18.385324 estimator=MiND k=5 dur=3.141s seed=1
[EST DONE] 2026-04-19T17:08:19.466872 estimator=DANCo k=15 dur=75.885s seed=1
[EST DONE] 2026-04-19T17:08:21.660087 estimator=MiND k=7 dur=3.275s seed=1
[EST DONE] 2026-04-19T17:08:25.746264 estimator=MiND k=10 dur=4.086s seed=1
[EST DONE] 2026-04-19T17:08:26.316141 estimator=MiND k=3 dur=3.301s seed=1
[EST DONE] 2026-04-19T17:08:30.260779 estimator=MiND k=5 dur=3.944s seed=1
[EST DONE] 2026-04-19T17:08:30.483644 estimator=MiND k=15 dur=4.737s seed=1
[EST DONE] 2026-04-19T17:08:34.557020 estimator=MiND k=7 dur=4.296s seed=1
[EST DONE] 2026-04-19T17:08:39.805815 estimator=MiND k=10 dur=5.249s seed=1
[EST DONE] 2026-04-19T17:08:45.990594 estimator=MiND k=15 dur=6.185s seed=1
[EST DONE] 2026-04-19T17:09:16.863765 estimator=DANCo k=15 dur=77.281s seed=1
[EST DONE] 2026-04-19T17:09:21.960359 estimator=DANCo k=15 dur=73.246s seed=1
[EST DONE] 2026-04-19T17:09:22.656962 estimator=DANCo k=15 dur=75.867s seed=1
[EST DONE] 2026-04-19T17:09:27.271600 estimator=MiND k=3 dur=4.647s seed=1
[EST DONE] 2026-04-19T17:09:32.276903 estimator=MiND k=3 dur=6.499s seed=1
[EST DONE] 2026-04-19T17:09:34.468539 estimator=MiND k=3 dur=7.740s seed=1
[EST DONE] 2026-04-19T17:09:34.883481 estimator=MiND k=5 dur=7.612s seed=1
[EST DONE] 2026-04-19T17:09:36.646786 estimator=MiND k=5 dur=4.370s seed=1
[EST DONE] 2026-04-19T17:09:38.785017 estimator=MiND k=5 dur=4.316s seed=1
[EST DONE] 2026-04-19T17:09:38.814693 estimator=MiND k=7 dur=3.931s seed=1
[EST DONE] 2026-04-19T17:09:38.873237 estimator=DANCo k=7 dur=93.173s seed=1
[EST DONE] 2026-04-19T17:09:40.830113 estimator=MiND k=7 dur=4.183s seed=1
[EST DONE] 2026-04-19T17:09:43.245506 estimator=MiND k=10 dur=4.431s seed=1
[EST DONE] 2026-04-19T17:09:44.568145 estimator=MiND k=7 dur=5.783s seed=1
[EST DONE] 2026-04-19T17:09:46.538582 estimator=MiND k=10 dur=5.708s seed=1
[EST DONE] 2026-04-19T17:09:48.493048 estimator=MiND k=15 dur=5.247s seed=1
[EST DONE] 2026-04-19T17:09:52.616168 estimator=MiND k=10 dur=8.048s seed=1
[EST DONE] 2026-04-19T17:09:54.759052 estimator=MiND k=15 dur=8.220s seed=1
[EST DONE] 2026-04-19T17:10:01.543434 estimator=MiND k=15 dur=8.927s seed=1
[EST DONE] 2026-04-19T17:11:24.230854 estimator=DANCo k=10 dur=105.357s seed=1
[EST DONE] 2026-04-19T17:13:33.692381 estimator=DANCo k=15 dur=129.461s seed=1
[EST DONE] 2026-04-19T17:13:59.644554 estimator=MiND k=3 dur=12.756s seed=1
[EST DONE] 2026-04-19T17:14:13.724968 estimator=MiND k=5 dur=14.080s seed=1
[EST DONE] 2026-04-19T17:14:30.880597 estimator=MiND k=7 dur=17.155s seed=1
[EST DONE] 2026-04-19T17:14:49.287565 estimator=MiND k=10 dur=18.407s seed=1
[EST DONE] 2026-04-19T17:15:12.455628 estimator=MiND k=15 dur=23.168s seed=1
[EST DONE] 2026-04-19T17:17:24.097863 estimator=FisherS (no-k) dur=533.614s seed=1
[EST DONE] 2026-04-19T17:17:53.297354 estimator=FisherS (no-k) dur=547.307s seed=1
[EST DONE] 2026-04-19T17:18:27.364908 estimator=SMAE (no-k) dur=63.266s seed=1
[TASK END] 2026-04-19T17:18:27.365048 manifold=sphere d=5 sigma=0.0 seed=1 duration=1339.402s
[TASK START] 2026-04-19T17:18:27.367015 manifold=sphere d=7 sigma=0.25 n=60000 seed=1
[EST DONE] 2026-04-19T17:18:50.140325 estimator=Levina-Bickel k=3 dur=13.570s seed=1
[EST DONE] 2026-04-19T17:18:52.890553 estimator=SMAE (no-k) dur=59.593s seed=1
[TASK END] 2026-04-19T17:18:52.890694 manifold=sphere d=5 sigma=0.25 seed=1 duration=1364.928s
[TASK START] 2026-04-19T17:18:52.892013 manifold=sphere d=7 sigma=0.5 n=60000 seed=1
[EST DONE] 2026-04-19T17:19:07.232634 estimator=Levina-Bickel k=5 dur=17.092s seed=1
[EST DONE] 2026-04-19T17:19:09.061001 estimator=FisherS (no-k) dur=560.568s seed=1
[EST DONE] 2026-04-19T17:19:20.239382 estimator=Levina-Bickel k=3 dur=14.147s seed=1
[EST DONE] 2026-04-19T17:19:23.009720 estimator=FisherS (no-k) dur=568.250s seed=1
[EST DONE] 2026-04-19T17:19:24.279361 estimator=Levina-Bickel k=7 dur=17.047s seed=1
[EST DONE] 2026-04-19T17:19:30.000725 estimator=FisherS (no-k) dur=568.457s seed=1
[EST DONE] 2026-04-19T17:19:34.502849 estimator=Levina-Bickel k=5 dur=14.263s seed=1
[EST DONE] 2026-04-19T17:19:44.996253 estimator=Levina-Bickel k=10 dur=20.717s seed=1
[EST DONE] 2026-04-19T17:19:46.284871 estimator=Levina-Bickel k=7 dur=11.782s seed=1
[EST DONE] 2026-04-19T17:20:01.290749 estimator=SMAE (no-k) dur=52.230s seed=1
[TASK END] 2026-04-19T17:20:01.290880 manifold=sphere d=5 sigma=0.5 seed=1 duration=1433.328s
[TASK START] 2026-04-19T17:20:01.291998 manifold=sphere d=7 sigma=0.75 n=60000 seed=1
[EST DONE] 2026-04-19T17:20:13.039804 estimator=SMAE (no-k) dur=50.030s seed=1
[TASK END] 2026-04-19T17:20:13.039946 manifold=sphere d=5 sigma=0.75 seed=1 duration=1445.045s
[TASK START] 2026-04-19T17:20:13.041092 manifold=sphere d=7 sigma=1.0 n=60000 seed=1
[EST DONE] 2026-04-19T17:20:15.322915 estimator=Levina-Bickel k=10 dur=29.038s seed=1
[EST DONE] 2026-04-19T17:20:16.980603 estimator=Levina-Bickel k=15 dur=31.984s seed=1
[EST DONE] 2026-04-19T17:20:18.471049 estimator=SMAE (no-k) dur=48.470s seed=1
[TASK END] 2026-04-19T17:20:18.471181 manifold=sphere d=5 sigma=1.0 seed=1 duration=1450.506s
[TASK START] 2026-04-19T17:20:18.472349 manifold=sphere d=9 sigma=0.0 n=60000 seed=1
[EST DONE] 2026-04-19T17:20:24.132967 estimator=Levina-Bickel k=3 dur=13.806s seed=1
[EST DONE] 2026-04-19T17:20:26.729156 estimator=TwoNN (no-k) dur=9.748s seed=1
[EST DONE] 2026-04-19T17:20:40.094912 estimator=Levina-Bickel k=3 dur=13.661s seed=1
[EST DONE] 2026-04-19T17:20:41.966394 estimator=Levina-Bickel k=5 dur=17.833s seed=1
[EST DONE] 2026-04-19T17:20:51.126943 estimator=Levina-Bickel k=15 dur=35.804s seed=1
[EST DONE] 2026-04-19T17:20:52.695132 estimator=Levina-Bickel k=5 dur=12.600s seed=1
[EST DONE] 2026-04-19T17:20:55.597543 estimator=Levina-Bickel k=7 dur=13.631s seed=1
[EST DONE] 2026-04-19T17:21:01.181845 estimator=TwoNN (no-k) dur=10.055s seed=1
[EST DONE] 2026-04-19T17:21:09.026546 estimator=Levina-Bickel k=7 dur=16.331s seed=1
[EST DONE] 2026-04-19T17:21:14.918609 estimator=Levina-Bickel k=10 dur=19.321s seed=1
[EST DONE] 2026-04-19T17:21:28.355494 estimator=Levina-Bickel k=3 dur=30.679s seed=1
[EST DONE] 2026-04-19T17:21:32.270792 estimator=Levina-Bickel k=10 dur=23.244s seed=1
[EST DONE] 2026-04-19T17:21:49.315888 estimator=Levina-Bickel k=15 dur=34.397s seed=1
[EST DONE] 2026-04-19T17:21:51.166249 estimator=Levina-Bickel k=15 dur=18.895s seed=1
[EST DONE] 2026-04-19T17:21:58.052618 estimator=Levina-Bickel k=5 dur=29.697s seed=1
[EST DONE] 2026-04-19T17:21:59.890342 estimator=TwoNN (no-k) dur=10.574s seed=1
[EST DONE] 2026-04-19T17:22:02.058577 estimator=TwoNN (no-k) dur=10.892s seed=1
[EST DONE] 2026-04-19T17:22:05.132614 estimator=lPCA k=3 dur=48.898s seed=1
[EST DONE] 2026-04-19T17:22:32.920779 estimator=Levina-Bickel k=7 dur=34.868s seed=1
[EST DONE] 2026-04-19T17:22:42.028804 estimator=lPCA k=3 dur=50.784s seed=1
[EST DONE] 2026-04-19T17:22:59.993208 estimator=lPCA k=5 dur=54.860s seed=1
[EST DONE] 2026-04-19T17:23:06.969964 estimator=Levina-Bickel k=10 dur=34.049s seed=1
[EST DONE] 2026-04-19T17:23:38.243266 estimator=lPCA k=5 dur=56.214s seed=1
[EST DONE] 2026-04-19T17:23:53.084257 estimator=lPCA k=3 dur=54.668s seed=1
[EST DONE] 2026-04-19T17:23:53.418166 estimator=lPCA k=3 dur=51.880s seed=1
[EST DONE] 2026-04-19T17:23:56.485979 estimator=Levina-Bickel k=15 dur=49.516s seed=1
[EST DONE] 2026-04-19T17:23:59.886946 estimator=lPCA k=7 dur=59.894s seed=1
[EST DONE] 2026-04-19T17:24:20.588608 estimator=TwoNN (no-k) dur=24.102s seed=1
[EST DONE] 2026-04-19T17:24:38.547727 estimator=lPCA k=7 dur=60.304s seed=1
[EST DONE] 2026-04-19T17:24:46.791867 estimator=lPCA k=5 dur=53.374s seed=1
[EST DONE] 2026-04-19T17:24:52.024516 estimator=lPCA k=5 dur=58.940s seed=1
[EST DONE] 2026-04-19T17:25:05.140517 estimator=lPCA k=10 dur=65.253s seed=1
[EST DONE] 2026-04-19T17:25:28.094439 estimator=FisherS (no-k) dur=615.639s seed=1
[EST DONE] 2026-04-19T17:25:40.821722 estimator=lPCA k=10 dur=62.274s seed=1
[EST DONE] 2026-04-19T17:25:49.301394 estimator=lPCA k=7 dur=62.509s seed=1
[EST DONE] 2026-04-19T17:25:50.625063 estimator=lPCA k=7 dur=58.600s seed=1
[EST DONE] 2026-04-19T17:26:07.426390 estimator=lPCA k=15 dur=62.286s seed=1
[EST DONE] 2026-04-19T17:26:19.660427 estimator=SMAE (no-k) dur=51.566s seed=1
[TASK END] 2026-04-19T17:26:19.660580 manifold=sphere d=7 sigma=0.0 seed=1 duration=1811.684s
[TASK START] 2026-04-19T17:26:19.661788 manifold=sphere d=9 sigma=0.25 n=60000 seed=1
[EST DONE] 2026-04-19T17:26:33.236442 estimator=lPCA k=3 dur=61.876s seed=1
[EST DONE] 2026-04-19T17:26:40.482792 estimator=lPCA k=15 dur=59.661s seed=1
[EST DONE] 2026-04-19T17:26:46.929505 estimator=lPCA k=10 dur=56.304s seed=1
[EST DONE] 2026-04-19T17:26:47.917979 estimator=lPCA k=10 dur=58.616s seed=1
[EST DONE] 2026-04-19T17:27:14.141991 estimator=Levina-Bickel k=3 dur=31.545s seed=1
[EST DONE] 2026-04-19T17:27:45.683913 estimator=Levina-Bickel k=5 dur=31.542s seed=1
[EST DONE] 2026-04-19T17:27:55.279191 estimator=lPCA k=5 dur=82.043s seed=1
[EST DONE] 2026-04-19T17:28:00.225024 estimator=lPCA k=15 dur=73.295s seed=1
[EST DONE] 2026-04-19T17:28:09.775599 estimator=lPCA k=15 dur=81.857s seed=1
[EST DONE] 2026-04-19T17:28:29.317715 estimator=Levina-Bickel k=7 dur=43.634s seed=1
[EST DONE] 2026-04-19T17:28:30.746964 estimator=DANCo k=3 dur=74.988s seed=1
[EST DONE] 2026-04-19T17:29:12.347354 estimator=Levina-Bickel k=10 dur=43.029s seed=1
[EST DONE] 2026-04-19T17:29:26.796383 estimator=lPCA k=7 dur=91.517s seed=1
[EST DONE] 2026-04-19T17:29:30.159763 estimator=DANCo k=3 dur=91.190s seed=1
[EST DONE] 2026-04-19T17:30:02.287401 estimator=DANCo k=5 dur=91.540s seed=1
[EST DONE] 2026-04-19T17:30:12.948795 estimator=Levina-Bickel k=15 dur=60.601s seed=1
[EST DONE] 2026-04-19T17:30:40.537555 estimator=TwoNN (no-k) dur=27.589s seed=1
[EST DONE] 2026-04-19T17:31:02.097054 estimator=DANCo k=3 dur=92.483s seed=1
[EST DONE] 2026-04-19T17:31:10.033621 estimator=DANCo k=5 dur=99.874s seed=1
[EST DONE] 2026-04-19T17:31:13.758544 estimator=lPCA k=10 dur=106.962s seed=1
[EST DONE] 2026-04-19T17:31:18.937224 estimator=DANCo k=3 dur=94.135s seed=1
[EST DONE] 2026-04-19T17:31:40.441169 estimator=DANCo k=7 dur=98.154s seed=1
[EST DONE] 2026-04-19T17:32:40.082760 estimator=DANCo k=5 dur=97.986s seed=1
[EST DONE] 2026-04-19T17:32:56.434889 estimator=DANCo k=5 dur=97.497s seed=1
[EST DONE] 2026-04-19T17:32:57.670370 estimator=DANCo k=7 dur=107.637s seed=1
[EST DONE] 2026-04-19T17:33:01.267121 estimator=lPCA k=15 dur=107.508s seed=1
[EST DONE] 2026-04-19T17:33:31.501540 estimator=DANCo k=10 dur=111.060s seed=1
[EST DONE] 2026-04-19T17:33:40.531299 estimator=lPCA k=3 dur=96.220s seed=1
[EST DONE] 2026-04-19T17:34:35.115438 estimator=DANCo k=7 dur=115.033s seed=1
[EST DONE] 2026-04-19T17:34:58.998223 estimator=DANCo k=7 dur=122.563s seed=1
[EST DONE] 2026-04-19T17:35:04.041816 estimator=DANCo k=10 dur=126.371s seed=1
[EST DONE] 2026-04-19T17:35:38.926494 estimator=lPCA k=5 dur=118.395s seed=1
[EST DONE] 2026-04-19T17:35:58.118267 estimator=DANCo k=15 dur=146.617s seed=1
[EST DONE] 2026-04-19T17:36:26.150110 estimator=MiND k=3 dur=16.849s seed=1
[EST DONE] 2026-04-19T17:36:45.008168 estimator=DANCo k=10 dur=129.893s seed=1
[EST DONE] 2026-04-19T17:36:49.657147 estimator=MiND k=5 dur=23.507s seed=1
[EST DONE] 2026-04-19T17:37:02.378319 estimator=DANCo k=10 dur=123.380s seed=1
[EST DONE] 2026-04-19T17:37:19.176435 estimator=MiND k=7 dur=29.519s seed=1
[EST DONE] 2026-04-19T17:37:21.643406 estimator=DANCo k=15 dur=137.601s seed=1
[EST DONE] 2026-04-19T17:37:30.981399 estimator=lPCA k=7 dur=112.055s seed=1
[EST DONE] 2026-04-19T17:37:37.039408 estimator=MiND k=10 dur=17.863s seed=1
[EST DONE] 2026-04-19T17:37:55.069392 estimator=DANCo k=3 dur=145.192s seed=1
[EST DONE] 2026-04-19T17:37:55.901402 estimator=MiND k=3 dur=19.773s seed=1
[EST DONE] 2026-04-19T17:38:05.143133 estimator=MiND k=15 dur=28.104s seed=1
[EST DONE] 2026-04-19T17:38:12.395504 estimator=MiND k=5 dur=16.494s seed=1
[EST DONE] 2026-04-19T17:38:34.827996 estimator=MiND k=7 dur=22.432s seed=1
[EST DONE] 2026-04-19T17:38:59.393780 estimator=MiND k=10 dur=24.566s seed=1
[EST DONE] 2026-04-19T17:39:09.936809 estimator=DANCo k=15 dur=144.928s seed=1
[EST DONE] 2026-04-19T17:39:13.390597 estimator=DANCo k=15 dur=131.012s seed=1
[EST DONE] 2026-04-19T17:39:22.756909 estimator=MiND k=15 dur=23.363s seed=1
[EST DONE] 2026-04-19T17:39:25.759517 estimator=lPCA k=10 dur=114.778s seed=1
[EST DONE] 2026-04-19T17:39:37.484541 estimator=MiND k=3 dur=13.128s seed=1
[EST DONE] 2026-04-19T17:39:47.099753 estimator=MiND k=3 dur=18.440s seed=1
[EST DONE] 2026-04-19T17:40:02.204498 estimator=MiND k=5 dur=24.720s seed=1
[EST DONE] 2026-04-19T17:40:21.920000 estimator=MiND k=5 dur=34.820s seed=1
[EST DONE] 2026-04-19T17:40:27.311149 estimator=DANCo k=5 dur=152.242s seed=1
[EST DONE] 2026-04-19T17:40:33.233336 estimator=MiND k=7 dur=31.029s seed=1
[EST DONE] 2026-04-19T17:40:39.784298 estimator=MiND k=7 dur=17.864s seed=1
[EST DONE] 2026-04-19T17:40:54.484005 estimator=MiND k=10 dur=21.251s seed=1
[EST DONE] 2026-04-19T17:41:01.651252 estimator=MiND k=10 dur=21.867s seed=1
[EST DONE] 2026-04-19T17:41:13.918945 estimator=MiND k=15 dur=19.435s seed=1
[EST DONE] 2026-04-19T17:41:27.984821 estimator=MiND k=15 dur=26.333s seed=1
[EST DONE] 2026-04-19T17:41:34.061268 estimator=lPCA k=15 dur=128.302s seed=1
[EST DONE] 2026-04-19T17:43:09.620285 estimator=DANCo k=7 dur=162.309s seed=1
[EST DONE] 2026-04-19T17:46:43.376735 estimator=DANCo k=10 dur=213.756s seed=1
[EST DONE] 2026-04-19T17:47:31.630761 estimator=DANCo k=3 dur=177.036s seed=1
[EST DONE] 2026-04-19T17:50:14.956395 estimator=DANCo k=5 dur=163.325s seed=1
[EST DONE] 2026-04-19T17:50:18.087699 estimator=DANCo k=15 dur=214.711s seed=1
[EST DONE] 2026-04-19T17:51:01.663260 estimator=MiND k=3 dur=19.595s seed=1
[EST DONE] 2026-04-19T17:51:31.371607 estimator=MiND k=5 dur=29.708s seed=1
[EST DONE] 2026-04-19T17:52:34.138472 estimator=DANCo k=7 dur=139.182s seed=1
[EST DONE] 2026-04-19T17:52:37.723169 estimator=FisherS (no-k) dur=872.580s seed=1
[EST DONE] 2026-04-19T17:52:38.488132 estimator=MiND k=7 dur=67.116s seed=1
[EST DONE] 2026-04-19T17:53:25.111409 estimator=MiND k=10 dur=46.623s seed=1
[EST DONE] 2026-04-19T17:53:29.916436 estimator=FisherS (no-k) dur=847.159s seed=1
[EST DONE] 2026-04-19T17:53:31.724634 estimator=SMAE (no-k) dur=54.001s seed=1
[TASK END] 2026-04-19T17:53:31.724824 manifold=sphere d=7 sigma=0.25 seed=1 duration=2104.358s
[TASK START] 2026-04-19T17:53:31.726033 manifold=sphere d=9 sigma=0.5 n=60000 seed=1
[EST DONE] 2026-04-19T17:54:04.023977 estimator=FisherS (no-k) dur=756.039s seed=1
[EST DONE] 2026-04-19T17:54:06.543787 estimator=FisherS (no-k) dur=772.625s seed=1
[EST DONE] 2026-04-19T17:54:08.962493 estimator=MiND k=15 dur=43.851s seed=1
[EST DONE] 2026-04-19T17:54:19.351184 estimator=SMAE (no-k) dur=49.435s seed=1
[TASK END] 2026-04-19T17:54:19.351362 manifold=sphere d=7 sigma=0.5 seed=1 duration=2126.459s
[TASK START] 2026-04-19T17:54:19.352614 manifold=sphere d=9 sigma=0.75 n=60000 seed=1
[EST DONE] 2026-04-19T17:54:58.448254 estimator=Levina-Bickel k=3 dur=44.639s seed=1
[EST DONE] 2026-04-19T17:55:13.946716 estimator=SMAE (no-k) dur=69.923s seed=1
[TASK END] 2026-04-19T17:55:13.946928 manifold=sphere d=7 sigma=1.0 seed=1 duration=2100.906s
[TASK START] 2026-04-19T17:55:13.947569 manifold=sphere d=9 sigma=1.0 n=60000 seed=1
[EST DONE] 2026-04-19T17:55:23.130400 estimator=SMAE (no-k) dur=76.586s seed=1
[TASK END] 2026-04-19T17:55:23.130574 manifold=sphere d=7 sigma=0.75 seed=1 duration=2121.839s
[TASK START] 2026-04-19T17:55:23.156346 manifold=sphere d=12 sigma=0.0 n=60000 seed=1
[EST DONE] 2026-04-19T17:55:40.641836 estimator=DANCo k=10 dur=186.503s seed=1
[EST DONE] 2026-04-19T17:56:07.103277 estimator=Levina-Bickel k=3 dur=54.604s seed=1
[EST DONE] 2026-04-19T17:56:11.960605 estimator=Levina-Bickel k=5 dur=73.512s seed=1
[EST DONE] 2026-04-19T17:56:51.195115 estimator=Levina-Bickel k=3 dur=42.030s seed=1
[EST DONE] 2026-04-19T17:56:55.100037 estimator=Levina-Bickel k=5 dur=47.997s seed=1
[EST DONE] 2026-04-19T17:57:17.790412 estimator=Levina-Bickel k=7 dur=65.830s seed=1
[EST DONE] 2026-04-19T17:57:38.800350 estimator=Levina-Bickel k=5 dur=47.605s seed=1
[EST DONE] 2026-04-19T17:57:47.432508 estimator=Levina-Bickel k=7 dur=52.332s seed=1
[EST DONE] 2026-04-19T17:58:24.982198 estimator=Levina-Bickel k=10 dur=67.192s seed=1
[EST DONE] 2026-04-19T17:58:49.203406 estimator=Levina-Bickel k=7 dur=70.403s seed=1
[EST DONE] 2026-04-19T17:59:16.679540 estimator=Levina-Bickel k=10 dur=89.247s seed=1
[EST DONE] 2026-04-19T17:59:21.485246 estimator=DANCo k=15 dur=220.843s seed=1
[EST DONE] 2026-04-19T17:59:55.054162 estimator=Levina-Bickel k=15 dur=90.072s seed=1
[EST DONE] 2026-04-19T18:00:07.092081 estimator=Levina-Bickel k=10 dur=77.888s seed=1
[EST DONE] 2026-04-19T18:00:27.228561 estimator=TwoNN (no-k) dur=32.174s seed=1
[EST DONE] 2026-04-19T18:00:31.669894 estimator=Levina-Bickel k=15 dur=74.990s seed=1
[EST DONE] 2026-04-19T18:00:59.317536 estimator=MiND k=3 dur=49.791s seed=1
[EST DONE] 2026-04-19T18:01:14.258000 estimator=FisherS (no-k) dur=425.295s seed=1
[EST DONE] 2026-04-19T18:01:14.952850 estimator=TwoNN (no-k) dur=43.283s seed=1
[EST DONE] 2026-04-19T18:01:25.086250 estimator=Levina-Bickel k=15 dur=77.994s seed=1
[EST DONE] 2026-04-19T18:01:31.456615 estimator=Levina-Bickel k=3 dur=181.554s seed=1
[EST DONE] 2026-04-19T18:01:53.058908 estimator=MiND k=5 dur=53.741s seed=1
[EST DONE] 2026-04-19T18:02:00.883090 estimator=TwoNN (no-k) dur=35.797s seed=1
[EST DONE] 2026-04-19T18:02:02.107039 estimator=SMAE (no-k) dur=47.849s seed=1
[TASK END] 2026-04-19T18:02:02.107192 manifold=sphere d=9 sigma=0.0 seed=1 duration=2503.635s
[TASK START] 2026-04-19T18:02:02.108370 manifold=sphere d=12 sigma=0.25 n=60000 seed=1
[EST DONE] 2026-04-19T18:02:40.203038 estimator=MiND k=7 dur=47.144s seed=1
[EST DONE] 2026-04-19T18:03:07.861435 estimator=lPCA k=3 dur=77.736s seed=1
[EST DONE] 2026-04-19T18:03:31.849596 estimator=MiND k=10 dur=51.646s seed=1
[EST DONE] 2026-04-19T18:03:45.270665 estimator=lPCA k=3 dur=74.777s seed=1
[EST DONE] 2026-04-19T18:04:31.444878 estimator=MiND k=15 dur=59.595s seed=1
[EST DONE] 2026-04-19T18:04:34.898185 estimator=lPCA k=5 dur=87.037s seed=1
[EST DONE] 2026-04-19T18:04:40.067233 estimator=lPCA k=3 dur=80.066s seed=1
[EST DONE] 2026-04-19T18:04:41.390904 estimator=Levina-Bickel k=5 dur=189.934s seed=1
[EST DONE] 2026-04-19T18:05:18.455886 estimator=lPCA k=5 dur=93.185s seed=1
[EST DONE] 2026-04-19T18:06:12.026783 estimator=lPCA k=5 dur=91.959s seed=1
[EST DONE] 2026-04-19T18:06:31.567942 estimator=lPCA k=7 dur=116.670s seed=1
[EST DONE] 2026-04-19T18:06:59.454638 estimator=lPCA k=7 dur=100.999s seed=1
[EST DONE] 2026-04-19T18:07:42.126311 estimator=lPCA k=7 dur=90.099s seed=1
[EST DONE] 2026-04-19T18:08:21.986602 estimator=Levina-Bickel k=7 dur=220.595s seed=1
[EST DONE] 2026-04-19T18:08:27.521393 estimator=Levina-Bickel k=3 dur=184.567s seed=1
[EST DONE] 2026-04-19T18:08:28.188123 estimator=lPCA k=10 dur=116.620s seed=1
[EST DONE] 2026-04-19T18:08:44.788987 estimator=lPCA k=10 dur=105.334s seed=1
[EST DONE] 2026-04-19T18:09:28.604751 estimator=lPCA k=10 dur=106.478s seed=1
[EST DONE] 2026-04-19T18:10:30.401460 estimator=FisherS (no-k) dur=358.956s seed=1
[EST DONE] 2026-04-19T18:10:36.417747 estimator=lPCA k=15 dur=111.629s seed=1
[EST DONE] 2026-04-19T18:10:39.753067 estimator=lPCA k=15 dur=131.565s seed=1
[EST DONE] 2026-04-19T18:11:18.865108 estimator=lPCA k=15 dur=110.260s seed=1
[EST DONE] 2026-04-19T18:11:29.542141 estimator=SMAE (no-k) dur=59.140s seed=1
[TASK END] 2026-04-19T18:11:29.542333 manifold=sphere d=9 sigma=0.25 seed=1 duration=2709.881s
[TASK START] 2026-04-19T18:11:29.543544 manifold=sphere d=12 sigma=0.5 n=60000 seed=1
[EST DONE] 2026-04-19T18:11:29.747374 estimator=Levina-Bickel k=10 dur=187.761s seed=1
[EST DONE] 2026-04-19T18:11:42.616312 estimator=Levina-Bickel k=5 dur=195.095s seed=1
[EST DONE] 2026-04-19T18:15:11.838924 estimator=DANCo k=3 dur=146.169s seed=1
[EST DONE] 2026-04-19T18:15:12.082572 estimator=DANCo k=3 dur=146.566s seed=1
[EST DONE] 2026-04-19T18:16:11.657547 estimator=Levina-Bickel k=7 dur=269.041s seed=1
[EST DONE] 2026-04-19T18:16:26.008056 estimator=Levina-Bickel k=15 dur=296.260s seed=1
[EST DONE] 2026-04-19T18:16:30.955615 estimator=DANCo k=3 dur=157.141s seed=1
[EST DONE] 2026-04-19T18:17:48.790283 estimator=DANCo k=5 dur=156.951s seed=1
[EST DONE] 2026-04-19T18:17:49.030695 estimator=DANCo k=5 dur=156.948s seed=1
[EST DONE] 2026-04-19T18:18:21.162896 estimator=Levina-Bickel k=3 dur=192.353s seed=1
[EST DONE] 2026-04-19T18:19:05.330636 estimator=TwoNN (no-k) dur=159.322s seed=1
[EST DONE] 2026-04-19T18:19:30.049582 estimator=DANCo k=5 dur=179.094s seed=1
[EST DONE] 2026-04-19T18:21:02.852960 estimator=DANCo k=7 dur=194.062s seed=1
[EST DONE] 2026-04-19T18:21:05.385647 estimator=DANCo k=7 dur=196.355s seed=1
[EST DONE] 2026-04-19T18:21:17.475224 estimator=Levina-Bickel k=10 dur=305.817s seed=1
[EST DONE] 2026-04-19T18:22:31.447565 estimator=Levina-Bickel k=5 dur=250.284s seed=1
[EST DONE] 2026-04-19T18:23:01.846941 estimator=DANCo k=7 dur=211.797s seed=1
[EST DONE] 2026-04-19T18:24:21.241716 estimator=DANCo k=10 dur=198.389s seed=1
[EST DONE] 2026-04-19T18:24:21.480239 estimator=DANCo k=10 dur=196.094s seed=1
[EST DONE] 2026-04-19T18:25:44.091292 estimator=Levina-Bickel k=15 dur=266.616s seed=1
[EST DONE] 2026-04-19T18:26:14.801165 estimator=Levina-Bickel k=7 dur=223.353s seed=1
[EST DONE] 2026-04-19T18:26:26.742445 estimator=DANCo k=10 dur=204.895s seed=1
[EST DONE] 2026-04-19T18:27:43.425251 estimator=lPCA k=3 dur=260.227s seed=1
[EST DONE] 2026-04-19T18:27:45.592070 estimator=DANCo k=15 dur=204.350s seed=1
[EST DONE] 2026-04-19T18:28:21.584159 estimator=DANCo k=15 dur=240.104s seed=1
[EST DONE] 2026-04-19T18:28:57.261914 estimator=TwoNN (no-k) dur=193.170s seed=1
[EST DONE] 2026-04-19T18:29:28.807702 estimator=MiND k=3 dur=52.016s seed=1
[EST DONE] 2026-04-19T18:29:42.407615 estimator=MiND k=3 dur=45.723s seed=1
[EST DONE] 2026-04-19T18:30:17.296183 estimator=DANCo k=15 dur=230.554s seed=1
[EST DONE] 2026-04-19T18:30:29.929125 estimator=MiND k=5 dur=61.121s seed=1
[EST DONE] 2026-04-19T18:30:40.393618 estimator=Levina-Bickel k=10 dur=265.592s seed=1
[EST DONE] 2026-04-19T18:30:43.595204 estimator=MiND k=5 dur=61.187s seed=1
[EST DONE] 2026-04-19T18:31:24.404624 estimator=MiND k=7 dur=54.475s seed=1
[EST DONE] 2026-04-19T18:31:36.191711 estimator=lPCA k=5 dur=232.766s seed=1
[EST DONE] 2026-04-19T18:31:38.819198 estimator=MiND k=7 dur=55.224s seed=1
[EST DONE] 2026-04-19T18:31:50.727871 estimator=MiND k=3 dur=45.380s seed=1
[EST DONE] 2026-04-19T18:32:21.506143 estimator=MiND k=10 dur=57.101s seed=1
[EST DONE] 2026-04-19T18:32:37.430974 estimator=MiND k=10 dur=58.612s seed=1
[EST DONE] 2026-04-19T18:32:40.299831 estimator=MiND k=5 dur=49.572s seed=1
[EST DONE] 2026-04-19T18:33:23.329394 estimator=MiND k=15 dur=61.823s seed=1
[EST DONE] 2026-04-19T18:33:33.876422 estimator=MiND k=7 dur=53.576s seed=1
[EST DONE] 2026-04-19T18:33:44.346621 estimator=MiND k=15 dur=66.915s seed=1
[EST DONE] 2026-04-19T18:34:48.680041 estimator=Levina-Bickel k=15 dur=248.286s seed=1
[EST DONE] 2026-04-19T18:34:51.464806 estimator=MiND k=10 dur=77.588s seed=1
[EST DONE] 2026-04-19T18:35:56.363765 estimator=MiND k=15 dur=64.899s seed=1
[EST DONE] 2026-04-19T18:36:04.214065 estimator=lPCA k=7 dur=268.022s seed=1
[EST DONE] 2026-04-19T18:37:10.950335 estimator=TwoNN (no-k) dur=142.270s seed=1
[EST DONE] 2026-04-19T18:37:12.877934 estimator=lPCA k=3 dur=244.950s seed=1
[EST DONE] 2026-04-19T18:40:01.857621 estimator=lPCA k=10 dur=237.643s seed=1
[EST DONE] 2026-04-19T18:40:51.928828 estimator=lPCA k=5 dur=219.051s seed=1
[EST DONE] 2026-04-19T18:40:55.298241 estimator=FisherS (no-k) dur=451.969s seed=1
[EST DONE] 2026-04-19T18:41:17.270268 estimator=FisherS (no-k) dur=452.923s seed=1
[EST DONE] 2026-04-19T18:41:46.935587 estimator=SMAE (no-k) dur=51.637s seed=1
[TASK END] 2026-04-19T18:41:46.935766 manifold=sphere d=9 sigma=0.5 seed=1 duration=2895.210s
[TASK START] 2026-04-19T18:41:46.936876 manifold=sphere d=12 sigma=0.75 n=60000 seed=1
[EST DONE] 2026-04-19T18:42:05.563757 estimator=SMAE (no-k) dur=48.293s seed=1
[TASK END] 2026-04-19T18:42:05.563918 manifold=sphere d=9 sigma=0.75 seed=1 duration=2866.211s
[TASK START] 2026-04-19T18:42:05.565042 manifold=sphere d=12 sigma=1.0 n=60000 seed=1
[EST DONE] 2026-04-19T18:42:44.877288 estimator=lPCA k=3 dur=159.861s seed=1
[EST DONE] 2026-04-19T18:43:14.675649 estimator=FisherS (no-k) dur=438.312s seed=1
[EST DONE] 2026-04-19T18:43:58.212183 estimator=SMAE (no-k) dur=43.536s seed=1
[TASK END] 2026-04-19T18:43:58.212350 manifold=sphere d=9 sigma=1.0 seed=1 duration=2924.265s
[TASK START] 2026-04-19T18:43:58.213369 manifold=sphere d=15 sigma=0.0 n=60000 seed=1
[EST DONE] 2026-04-19T18:43:59.685794 estimator=lPCA k=15 dur=237.828s seed=1
[EST DONE] 2026-04-19T18:44:18.556420 estimator=Levina-Bickel k=3 dur=8.976s seed=1
[EST DONE] 2026-04-19T18:44:25.857407 estimator=Levina-Bickel k=5 dur=7.301s seed=1
[EST DONE] 2026-04-19T18:44:32.955109 estimator=Levina-Bickel k=7 dur=7.098s seed=1
[EST DONE] 2026-04-19T18:44:41.130043 estimator=Levina-Bickel k=10 dur=8.175s seed=1
[EST DONE] 2026-04-19T18:44:49.217586 estimator=Levina-Bickel k=15 dur=8.087s seed=1
[EST DONE] 2026-04-19T18:44:55.559496 estimator=lPCA k=7 dur=243.630s seed=1
[EST DONE] 2026-04-19T18:44:58.837536 estimator=TwoNN (no-k) dur=9.620s seed=1
[EST DONE] 2026-04-19T18:46:27.092375 estimator=lPCA k=3 dur=44.085s seed=1
[EST DONE] 2026-04-19T18:46:37.448228 estimator=lPCA k=5 dur=232.571s seed=1
[EST DONE] 2026-04-19T18:47:12.742311 estimator=lPCA k=5 dur=45.650s seed=1
[EST DONE] 2026-04-19T18:47:23.939366 estimator=Levina-Bickel k=3 dur=175.381s seed=1
[EST DONE] 2026-04-19T18:47:27.605112 estimator=Levina-Bickel k=3 dur=155.255s seed=1
[EST DONE] 2026-04-19T18:48:11.989262 estimator=lPCA k=7 dur=59.247s seed=1
[EST DONE] 2026-04-19T18:49:50.424764 estimator=lPCA k=10 dur=98.435s seed=1
[EST DONE] 2026-04-19T18:50:41.961508 estimator=lPCA k=15 dur=51.537s seed=1
[EST DONE] 2026-04-19T18:51:08.415851 estimator=lPCA k=10 dur=372.856s seed=1
[EST DONE] 2026-04-19T18:51:22.948300 estimator=Levina-Bickel k=5 dur=235.343s seed=1
[EST DONE] 2026-04-19T18:51:36.113289 estimator=lPCA k=7 dur=298.665s seed=1
[EST DONE] 2026-04-19T18:52:05.049093 estimator=Levina-Bickel k=5 dur=281.110s seed=1
[EST DONE] 2026-04-19T18:57:23.033670 estimator=DANCo k=3 dur=460.959s seed=1
[EST DONE] 2026-04-19T18:58:07.407108 estimator=Levina-Bickel k=7 dur=404.459s seed=1
[EST DONE] 2026-04-19T19:00:36.909556 estimator=Levina-Bickel k=7 dur=511.860s seed=1
[EST DONE] 2026-04-19T19:01:03.485726 estimator=lPCA k=10 dur=567.372s seed=1
[EST DONE] 2026-04-19T19:02:05.816013 estimator=lPCA k=15 dur=657.400s seed=1
[EST DONE] 2026-04-19T19:02:11.697056 estimator=DANCo k=3 dur=353.049s seed=1
[EST DONE] 2026-04-19T19:03:58.897590 estimator=Levina-Bickel k=10 dur=351.490s seed=1
[EST DONE] 2026-04-19T19:08:10.212796 estimator=DANCo k=5 dur=647.179s seed=1
[EST DONE] 2026-04-19T19:08:49.890895 estimator=Levina-Bickel k=10 dur=492.981s seed=1
[EST DONE] 2026-04-19T19:09:04.197057 estimator=DANCo k=5 dur=412.500s seed=1
[EST DONE] 2026-04-19T19:09:44.048195 estimator=lPCA k=15 dur=520.562s seed=1
[EST DONE] 2026-04-19T19:13:02.079026 estimator=Levina-Bickel k=15 dur=543.181s seed=1
[EST DONE] 2026-04-19T19:16:06.727622 estimator=DANCo k=7 dur=422.530s seed=1
[EST DONE] 2026-04-19T19:16:23.766049 estimator=Levina-Bickel k=15 dur=453.875s seed=1
[EST DONE] 2026-04-19T19:17:29.262946 estimator=TwoNN (no-k) dur=267.184s seed=1
[EST DONE] 2026-04-19T19:20:13.601644 estimator=DANCo k=7 dur=723.389s seed=1
[EST DONE] 2026-04-19T19:22:04.900333 estimator=TwoNN (no-k) dur=341.134s seed=1
[EST DONE] 2026-04-19T19:24:30.535991 estimator=DANCo k=3 dur=698.879s seed=1
[EST DONE] 2026-04-19T19:25:27.569324 estimator=DANCo k=10 dur=560.842s seed=1
[EST DONE] 2026-04-19T19:30:23.662936 estimator=DANCo k=3 dur=585.031s seed=1
[EST DONE] 2026-04-19T19:34:29.453040 estimator=DANCo k=15 dur=541.884s seed=1
[EST DONE] 2026-04-19T19:35:11.141494 estimator=MiND k=3 dur=16.483s seed=1
[EST DONE] 2026-04-19T19:35:30.267489 estimator=MiND k=5 dur=19.126s seed=1
[EST DONE] 2026-04-19T19:35:40.261729 estimator=DANCo k=10 dur=926.660s seed=1
[EST DONE] 2026-04-19T19:35:44.979695 estimator=MiND k=7 dur=14.712s seed=1
[EST DONE] 2026-04-19T19:35:51.705666 estimator=MiND k=10 dur=6.726s seed=1
[EST DONE] 2026-04-19T19:35:53.616441 estimator=DANCo k=5 dur=683.052s seed=1
[EST DONE] 2026-04-19T19:36:00.525490 estimator=MiND k=15 dur=8.820s seed=1
[EST DONE] 2026-04-19T19:36:19.192042 estimator=lPCA k=3 dur=590.050s seed=1
[EST DONE] 2026-04-19T19:37:20.089898 estimator=lPCA k=3 dur=504.751s seed=1
[EST DONE] 2026-04-19T19:40:33.606392 estimator=DANCo k=5 dur=609.943s seed=1
[EST DONE] 2026-04-19T19:40:52.467208 estimator=lPCA k=5 dur=273.259s seed=1
[EST DONE] 2026-04-19T19:42:45.214056 estimator=lPCA k=5 dur=325.124s seed=1
[EST DONE] 2026-04-19T19:44:06.691794 estimator=DANCo k=7 dur=493.075s seed=1
[EST DONE] 2026-04-19T19:46:02.434539 estimator=DANCo k=15 dur=622.173s seed=1
[EST DONE] 2026-04-19T19:46:22.657293 estimator=FisherS (no-k) dur=622.132s seed=1
[EST DONE] 2026-04-19T19:47:08.710986 estimator=SMAE (no-k) dur=46.053s seed=1
[TASK END] 2026-04-19T19:47:08.711176 manifold=sphere d=15 sigma=0.0 seed=1 duration=3790.498s
[TASK START] 2026-04-19T19:47:08.712608 manifold=sphere d=15 sigma=0.25 n=60000 seed=1
[EST DONE] 2026-04-19T19:47:23.516046 estimator=Levina-Bickel k=3 dur=7.775s seed=1
[EST DONE] 2026-04-19T19:47:31.714814 estimator=Levina-Bickel k=5 dur=8.199s seed=1
[EST DONE] 2026-04-19T19:47:39.185918 estimator=Levina-Bickel k=7 dur=7.471s seed=1
[EST DONE] 2026-04-19T19:47:46.882096 estimator=Levina-Bickel k=10 dur=7.696s seed=1
[EST DONE] 2026-04-19T19:47:56.640652 estimator=Levina-Bickel k=15 dur=9.758s seed=1
[EST DONE] 2026-04-19T19:48:03.836436 estimator=TwoNN (no-k) dur=7.196s seed=1
[EST DONE] 2026-04-19T19:48:14.284313 estimator=lPCA k=7 dur=441.817s seed=1
[EST DONE] 2026-04-19T19:49:16.556628 estimator=lPCA k=7 dur=391.342s seed=1
[EST DONE] 2026-04-19T19:50:15.321928 estimator=DANCo k=7 dur=581.715s seed=1
[EST DONE] 2026-04-19T19:50:43.550903 estimator=lPCA k=3 dur=71.770s seed=1
[EST DONE] 2026-04-19T19:51:58.350052 estimator=lPCA k=5 dur=74.799s seed=1
[EST DONE] 2026-04-19T19:52:59.938328 estimator=MiND k=3 dur=254.597s seed=1
[EST DONE] 2026-04-19T19:53:55.889189 estimator=DANCo k=10 dur=589.197s seed=1
[EST DONE] 2026-04-19T19:53:57.919337 estimator=lPCA k=7 dur=119.569s seed=1
[EST DONE] 2026-04-19T19:54:37.602996 estimator=lPCA k=10 dur=383.318s seed=1
[EST DONE] 2026-04-19T19:54:47.562518 estimator=lPCA k=10 dur=49.643s seed=1
[EST DONE] 2026-04-19T19:55:06.260553 estimator=lPCA k=10 dur=349.704s seed=1
[EST DONE] 2026-04-19T19:55:38.317923 estimator=lPCA k=15 dur=50.755s seed=1
[EST DONE] 2026-04-19T19:56:23.148216 estimator=MiND k=5 dur=203.210s seed=1
[EST DONE] 2026-04-19T19:58:48.554584 estimator=DANCo k=10 dur=513.232s seed=1
[EST DONE] 2026-04-19T20:02:37.563163 estimator=MiND k=7 dur=374.415s seed=1
[EST DONE] 2026-04-19T20:02:44.561831 estimator=lPCA k=15 dur=486.959s seed=1
[EST DONE] 2026-04-19T20:03:31.868872 estimator=lPCA k=15 dur=505.608s seed=1
[EST DONE] 2026-04-19T20:06:54.482518 estimator=DANCo k=15 dur=778.593s seed=1
[EST DONE] 2026-04-19T20:09:03.661557 estimator=DANCo k=3 dur=419.204s seed=1
[EST DONE] 2026-04-19T20:09:45.761532 estimator=MiND k=10 dur=428.198s seed=1
[EST DONE] 2026-04-19T20:12:31.084504 estimator=DANCo k=15 dur=822.530s seed=1
[EST DONE] 2026-04-19T20:17:28.796408 estimator=DANCo k=5 dur=505.135s seed=1
[EST DONE] 2026-04-19T20:18:37.724057 estimator=MiND k=15 dur=531.962s seed=1
[EST DONE] 2026-04-19T20:19:11.943939 estimator=MiND k=3 dur=355.823s seed=1
[EST DONE] 2026-04-19T20:24:11.026514 estimator=DANCo k=7 dur=402.230s seed=1
[EST DONE] 2026-04-19T20:25:00.795219 estimator=DANCo k=3 dur=640.148s seed=1
[EST DONE] 2026-04-19T20:25:09.172538 estimator=MiND k=3 dur=390.447s seed=1
[EST DONE] 2026-04-19T20:25:51.767394 estimator=MiND k=5 dur=399.823s seed=1
[EST DONE] 2026-04-19T20:27:29.059568 estimator=DANCo k=3 dur=603.103s seed=1
[EST DONE] 2026-04-19T20:30:53.532601 estimator=MiND k=5 dur=344.360s seed=1
[EST DONE] 2026-04-19T20:32:25.203825 estimator=DANCo k=10 dur=494.177s seed=1
[EST DONE] 2026-04-19T20:32:54.087285 estimator=FisherS (no-k) dur=856.363s seed=1
[EST DONE] 2026-04-19T20:32:57.061333 estimator=MiND k=7 dur=425.294s seed=1
[EST DONE] 2026-04-19T20:34:36.210458 estimator=SMAE (no-k) dur=102.123s seed=1
[TASK END] 2026-04-19T20:34:36.210631 manifold=sphere d=12 sigma=0.0 seed=1 duration=9553.054s
[TASK START] 2026-04-19T20:34:36.211831 manifold=sphere d=15 sigma=0.5 n=60000 seed=1
[EST DONE] 2026-04-19T20:35:01.877164 estimator=Levina-Bickel k=3 dur=11.545s seed=1
[EST DONE] 2026-04-19T20:35:14.049226 estimator=Levina-Bickel k=5 dur=12.172s seed=1
[EST DONE] 2026-04-19T20:35:27.654479 estimator=Levina-Bickel k=7 dur=13.605s seed=1
[EST DONE] 2026-04-19T20:35:45.514343 estimator=DANCo k=5 dur=644.719s seed=1
[EST DONE] 2026-04-19T20:35:45.695933 estimator=Levina-Bickel k=10 dur=18.041s seed=1
[EST DONE] 2026-04-19T20:35:53.756633 estimator=Levina-Bickel k=15 dur=8.061s seed=1
[EST DONE] 2026-04-19T20:36:05.193077 estimator=TwoNN (no-k) dur=11.436s seed=1
[EST DONE] 2026-04-19T20:36:47.273275 estimator=MiND k=7 dur=353.740s seed=1
[EST DONE] 2026-04-19T20:40:06.132976 estimator=DANCo k=5 dur=757.073s seed=1
[EST DONE] 2026-04-19T20:40:09.151022 estimator=lPCA k=3 dur=133.858s seed=1
[EST DONE] 2026-04-19T20:41:50.037351 estimator=MiND k=10 dur=532.976s seed=1
[EST DONE] 2026-04-19T20:41:55.914036 estimator=DANCo k=15 dur=570.710s seed=1
[EST DONE] 2026-04-19T20:42:07.377903 estimator=lPCA k=5 dur=118.227s seed=1
[EST DONE] 2026-04-19T20:42:11.565768 estimator=MiND k=3 dur=9.307s seed=1
[EST DONE] 2026-04-19T20:42:21.143402 estimator=MiND k=5 dur=9.577s seed=1
[EST DONE] 2026-04-19T20:42:32.479909 estimator=MiND k=7 dur=11.336s seed=1
[EST DONE] 2026-04-19T20:42:39.274704 estimator=MiND k=10 dur=6.795s seed=1
[EST DONE] 2026-04-19T20:42:48.377532 estimator=MiND k=15 dur=9.103s seed=1
[EST DONE] 2026-04-19T20:42:57.595452 estimator=lPCA k=7 dur=50.217s seed=1
[EST DONE] 2026-04-19T20:43:00.668956 estimator=MiND k=10 dur=373.395s seed=1
[EST DONE] 2026-04-19T20:43:53.483254 estimator=lPCA k=10 dur=55.888s seed=1
[EST DONE] 2026-04-19T20:45:36.327919 estimator=lPCA k=15 dur=102.844s seed=1
[EST DONE] 2026-04-19T20:46:08.368439 estimator=MiND k=15 dur=258.331s seed=1
[EST DONE] 2026-04-19T20:46:26.498205 estimator=DANCo k=7 dur=640.984s seed=1
[EST DONE] 2026-04-19T20:48:27.328218 estimator=MiND k=15 dur=326.659s seed=1
[EST DONE] 2026-04-19T20:50:00.364025 estimator=DANCo k=7 dur=594.231s seed=1
[EST DONE] 2026-04-19T20:55:15.954116 estimator=FisherS (no-k) dur=747.576s seed=1
[EST DONE] 2026-04-19T20:57:22.853797 estimator=SMAE (no-k) dur=126.899s seed=1
[TASK END] 2026-04-19T20:57:22.854022 manifold=sphere d=15 sigma=0.25 seed=1 duration=4214.141s
[TASK START] 2026-04-19T20:57:22.855205 manifold=sphere d=15 sigma=0.75 n=60000 seed=1
[EST DONE] 2026-04-19T20:58:22.471435 estimator=Levina-Bickel k=3 dur=37.859s seed=1
[EST DONE] 2026-04-19T20:58:36.898607 estimator=Levina-Bickel k=5 dur=14.427s seed=1
[EST DONE] 2026-04-19T20:58:44.621437 estimator=Levina-Bickel k=7 dur=7.723s seed=1
[EST DONE] 2026-04-19T20:58:57.277943 estimator=Levina-Bickel k=10 dur=12.656s seed=1
[EST DONE] 2026-04-19T20:59:20.060723 estimator=Levina-Bickel k=15 dur=22.783s seed=1
[EST DONE] 2026-04-19T20:59:24.098645 estimator=DANCo k=3 dur=398.753s seed=1
[EST DONE] 2026-04-19T20:59:32.125552 estimator=TwoNN (no-k) dur=12.065s seed=1
[EST DONE] 2026-04-19T21:00:34.768117 estimator=DANCo k=10 dur=848.270s seed=1
[EST DONE] 2026-04-19T21:01:30.896715 estimator=FisherS (no-k) dur=922.528s seed=1
[EST DONE] 2026-04-19T21:03:32.933297 estimator=DANCo k=10 dur=812.533s seed=1
[EST DONE] 2026-04-19T21:03:38.026677 estimator=lPCA k=3 dur=140.328s seed=1
[EST DONE] 2026-04-19T21:03:52.002932 estimator=SMAE (no-k) dur=141.106s seed=1
[TASK END] 2026-04-19T21:03:52.003096 manifold=sphere d=12 sigma=0.25 seed=1 duration=10909.895s
[TASK START] 2026-04-19T21:03:52.028323 manifold=sphere d=15 sigma=1.0 n=60000 seed=1
[EST DONE] 2026-04-19T21:04:02.279627 estimator=FisherS (no-k) dur=934.951s seed=1
[EST DONE] 2026-04-19T21:04:17.146198 estimator=Levina-Bickel k=3 dur=7.830s seed=1
[EST DONE] 2026-04-19T21:04:25.053782 estimator=Levina-Bickel k=5 dur=7.907s seed=1
[EST DONE] 2026-04-19T21:04:36.875886 estimator=Levina-Bickel k=7 dur=11.822s seed=1
[EST DONE] 2026-04-19T21:04:48.525776 estimator=Levina-Bickel k=10 dur=11.650s seed=1
[EST DONE] 2026-04-19T21:05:03.683631 estimator=Levina-Bickel k=15 dur=15.158s seed=1
[EST DONE] 2026-04-19T21:05:10.581381 estimator=TwoNN (no-k) dur=6.898s seed=1
[EST DONE] 2026-04-19T21:05:29.514451 estimator=lPCA k=5 dur=111.488s seed=1
[EST DONE] 2026-04-19T21:06:06.521982 estimator=SMAE (no-k) dur=124.242s seed=1
[TASK END] 2026-04-19T21:06:06.522160 manifold=sphere d=12 sigma=0.5 seed=1 duration=10476.979s
[TASK START] 2026-04-19T21:06:06.523596 manifold=torus d=5 sigma=0.0 n=60000 seed=1
[EST DONE] 2026-04-19T21:07:08.441204 estimator=Levina-Bickel k=3 dur=43.929s seed=1
[EST DONE] 2026-04-19T21:07:13.114730 estimator=Levina-Bickel k=5 dur=4.673s seed=1
[EST DONE] 2026-04-19T21:07:18.192777 estimator=Levina-Bickel k=7 dur=5.078s seed=1
[EST DONE] 2026-04-19T21:07:26.049099 estimator=Levina-Bickel k=10 dur=7.856s seed=1
[EST DONE] 2026-04-19T21:07:29.658518 estimator=DANCo k=5 dur=485.560s seed=1
[EST DONE] 2026-04-19T21:07:31.607079 estimator=lPCA k=7 dur=122.092s seed=1
[EST DONE] 2026-04-19T21:07:39.603979 estimator=Levina-Bickel k=15 dur=13.555s seed=1
[EST DONE] 2026-04-19T21:07:43.463963 estimator=TwoNN (no-k) dur=3.860s seed=1
[EST DONE] 2026-04-19T21:07:46.343511 estimator=lPCA k=3 dur=59.174s seed=1
[EST DONE] 2026-04-19T21:08:34.882219 estimator=lPCA k=10 dur=63.275s seed=1
[EST DONE] 2026-04-19T21:08:52.667359 estimator=lPCA k=5 dur=66.324s seed=1
[EST DONE] 2026-04-19T21:10:25.556422 estimator=lPCA k=3 dur=109.786s seed=1
[EST DONE] 2026-04-19T21:11:06.194603 estimator=lPCA k=7 dur=133.527s seed=1
[EST DONE] 2026-04-19T21:11:29.025611 estimator=lPCA k=15 dur=174.143s seed=1
[EST DONE] 2026-04-19T21:13:09.013825 estimator=DANCo k=15 dur=754.246s seed=1
[EST DONE] 2026-04-19T21:13:16.314795 estimator=lPCA k=5 dur=170.758s seed=1
[EST DONE] 2026-04-19T21:13:45.452061 estimator=lPCA k=10 dur=159.257s seed=1
[EST DONE] 2026-04-19T21:16:10.819084 estimator=DANCo k=7 dur=521.160s seed=1
[EST DONE] 2026-04-19T21:16:12.513982 estimator=DANCo k=15 dur=759.580s seed=1
[EST DONE] 2026-04-19T21:16:18.558047 estimator=lPCA k=7 dur=182.243s seed=1
[EST DONE] 2026-04-19T21:16:22.232150 estimator=lPCA k=15 dur=156.780s seed=1
[EST DONE] 2026-04-19T21:17:34.531447 estimator=lPCA k=10 dur=75.973s seed=1
[EST DONE] 2026-04-19T21:21:42.085590 estimator=lPCA k=15 dur=247.554s seed=1
[EST DONE] 2026-04-19T21:26:10.841793 estimator=DANCo k=10 dur=600.023s seed=1
[EST DONE] 2026-04-19T21:30:08.650414 estimator=MiND k=3 dur=480.258s seed=1
[EST DONE] 2026-04-19T21:30:12.109374 estimator=DANCo k=3 dur=549.812s seed=1
[EST DONE] 2026-04-19T21:31:40.813254 estimator=DANCo k=3 dur=302.765s seed=1
[EST DONE] 2026-04-19T21:32:12.831665 estimator=MiND k=3 dur=529.166s seed=1
[EST DONE] 2026-04-19T21:33:54.781333 estimator=DANCo k=3 dur=500.443s seed=1
[EST DONE] 2026-04-19T21:35:54.057379 estimator=DANCo k=5 dur=253.244s seed=1
[EST DONE] 2026-04-19T21:38:23.788059 estimator=DANCo k=15 dur=732.946s seed=1
[EST DONE] 2026-04-19T21:38:53.189719 estimator=MiND k=3 dur=21.250s seed=1
[EST DONE] 2026-04-19T21:39:24.054811 estimator=MiND k=5 dur=30.865s seed=1
[EST DONE] 2026-04-19T21:39:51.198181 estimator=MiND k=7 dur=27.143s seed=1
[EST DONE] 2026-04-19T21:40:08.055541 estimator=MiND k=5 dur=599.405s seed=1
[EST DONE] 2026-04-19T21:40:17.064701 estimator=MiND k=10 dur=25.866s seed=1
[EST DONE] 2026-04-19T21:40:22.825000 estimator=DANCo k=7 dur=268.767s seed=1
[EST DONE] 2026-04-19T21:40:31.439690 estimator=MiND k=15 dur=14.375s seed=1
[EST DONE] 2026-04-19T21:41:01.075578 estimator=MiND k=5 dur=528.244s seed=1
[EST DONE] 2026-04-19T21:41:10.450349 estimator=DANCo k=5 dur=658.341s seed=1
[EST DONE] 2026-04-19T21:43:50.617990 estimator=DANCo k=10 dur=207.793s seed=1
[EST DONE] 2026-04-19T21:43:54.657524 estimator=DANCo k=5 dur=599.876s seed=1
[EST DONE] 2026-04-19T21:45:54.485932 estimator=MiND k=7 dur=346.430s seed=1
[EST DONE] 2026-04-19T21:47:57.133528 estimator=MiND k=7 dur=416.058s seed=1
[EST DONE] 2026-04-19T21:48:02.202538 estimator=DANCo k=15 dur=251.584s seed=1
[EST DONE] 2026-04-19T21:49:11.306772 estimator=MiND k=3 dur=32.296s seed=1
[EST DONE] 2026-04-19T21:49:48.705854 estimator=MiND k=5 dur=37.399s seed=1
[EST DONE] 2026-04-19T21:49:55.903894 estimator=MiND k=7 dur=7.198s seed=1
[EST DONE] 2026-04-19T21:50:10.035365 estimator=DANCo k=7 dur=539.585s seed=1
[EST DONE] 2026-04-19T21:50:35.049255 estimator=MiND k=10 dur=39.145s seed=1
[EST DONE] 2026-04-19T21:50:46.182355 estimator=MiND k=15 dur=11.133s seed=1
[EST DONE] 2026-04-19T21:52:38.084387 estimator=DANCo k=7 dur=523.427s seed=1
[EST DONE] 2026-04-19T21:53:27.771396 estimator=MiND k=10 dur=453.285s seed=1
[EST DONE] 2026-04-19T21:56:57.328740 estimator=MiND k=10 dur=540.195s seed=1
[EST DONE] 2026-04-19T21:57:16.332602 estimator=FisherS (no-k) dur=1004.893s seed=1
[EST DONE] 2026-04-19T21:57:30.378252 estimator=DANCo k=10 dur=440.343s seed=1
[EST DONE] 2026-04-19T21:58:48.475573 estimator=SMAE (no-k) dur=92.143s seed=1
[TASK END] 2026-04-19T21:58:48.475737 manifold=sphere d=15 sigma=0.5 seed=1 duration=5052.264s
[TASK START] 2026-04-19T21:58:48.508509 manifold=torus d=5 sigma=0.25 n=60000 seed=1
[EST DONE] 2026-04-19T21:59:41.219378 estimator=Levina-Bickel k=3 dur=9.713s seed=1
[EST DONE] 2026-04-19T22:00:26.187197 estimator=Levina-Bickel k=5 dur=44.968s seed=1
[EST DONE] 2026-04-19T22:00:59.068070 estimator=Levina-Bickel k=7 dur=32.881s seed=1
[EST DONE] 2026-04-19T22:01:02.510284 estimator=MiND k=15 dur=454.739s seed=1
[EST DONE] 2026-04-19T22:01:15.424454 estimator=Levina-Bickel k=10 dur=16.356s seed=1
[EST DONE] 2026-04-19T22:01:18.902495 estimator=DANCo k=10 dur=520.818s seed=1
[EST DONE] 2026-04-19T22:01:41.690561 estimator=Levina-Bickel k=15 dur=26.266s seed=1
[EST DONE] 2026-04-19T22:02:00.854672 estimator=TwoNN (no-k) dur=19.164s seed=1
[EST DONE] 2026-04-19T22:03:30.252253 estimator=MiND k=15 dur=392.923s seed=1
[EST DONE] 2026-04-19T22:05:52.351518 estimator=lPCA k=3 dur=144.629s seed=1
[EST DONE] 2026-04-19T22:06:05.049066 estimator=FisherS (no-k) dur=918.867s seed=1
[EST DONE] 2026-04-19T22:06:07.727131 estimator=DANCo k=15 dur=517.349s seed=1
[EST DONE] 2026-04-19T22:06:38.818533 estimator=MiND k=3 dur=21.283s seed=1
[EST DONE] 2026-04-19T22:06:57.114668 estimator=MiND k=5 dur=18.296s seed=1
[EST DONE] 2026-04-19T22:07:07.281602 estimator=MiND k=7 dur=10.167s seed=1
[EST DONE] 2026-04-19T22:07:29.701808 estimator=MiND k=10 dur=22.420s seed=1
[EST DONE] 2026-04-19T22:07:45.927578 estimator=MiND k=15 dur=16.226s seed=1
[EST DONE] 2026-04-19T22:08:05.486548 estimator=lPCA k=5 dur=133.135s seed=1
[EST DONE] 2026-04-19T22:08:13.452612 estimator=SMAE (no-k) dur=128.403s seed=1
[TASK END] 2026-04-19T22:08:13.452784 manifold=torus d=5 sigma=0.0 seed=1 duration=3726.929s
[TASK START] 2026-04-19T22:08:13.453877 manifold=torus d=5 sigma=0.5 n=60000 seed=1
[EST DONE] 2026-04-19T22:08:57.856284 estimator=Levina-Bickel k=3 dur=18.809s seed=1
[EST DONE] 2026-04-19T22:09:26.469143 estimator=Levina-Bickel k=5 dur=28.613s seed=1
[EST DONE] 2026-04-19T22:09:44.757793 estimator=lPCA k=7 dur=99.271s seed=1
[EST DONE] 2026-04-19T22:10:13.842675 estimator=Levina-Bickel k=7 dur=47.373s seed=1
[EST DONE] 2026-04-19T22:10:53.040436 estimator=Levina-Bickel k=10 dur=39.198s seed=1
[EST DONE] 2026-04-19T22:11:02.931336 estimator=DANCo k=15 dur=584.029s seed=1
[EST DONE] 2026-04-19T22:11:18.926560 estimator=MiND k=3 dur=7.360s seed=1
[EST DONE] 2026-04-19T22:11:28.727356 estimator=MiND k=5 dur=9.801s seed=1
[EST DONE] 2026-04-19T22:11:34.282913 estimator=lPCA k=10 dur=109.525s seed=1
[EST DONE] 2026-04-19T22:11:34.464835 estimator=Levina-Bickel k=15 dur=41.424s seed=1
[EST DONE] 2026-04-19T22:11:36.439802 estimator=MiND k=7 dur=7.712s seed=1
[EST DONE] 2026-04-19T22:11:47.368973 estimator=MiND k=10 dur=10.929s seed=1
[EST DONE] 2026-04-19T22:11:48.877054 estimator=TwoNN (no-k) dur=14.412s seed=1
[EST DONE] 2026-04-19T22:11:54.845831 estimator=MiND k=15 dur=7.477s seed=1
[EST DONE] 2026-04-19T22:12:49.664329 estimator=lPCA k=15 dur=75.381s seed=1
[EST DONE] 2026-04-19T22:14:01.914977 estimator=lPCA k=3 dur=63.999s seed=1
[EST DONE] 2026-04-19T22:14:09.168332 estimator=FisherS (no-k) dur=786.658s seed=1
[EST DONE] 2026-04-19T22:15:14.437713 estimator=SMAE (no-k) dur=65.269s seed=1
[TASK END] 2026-04-19T22:15:14.437872 manifold=sphere d=12 sigma=1.0 seed=1 duration=12788.873s
[TASK START] 2026-04-19T22:15:14.439066 manifold=torus d=5 sigma=0.75 n=60000 seed=1
[EST DONE] 2026-04-19T22:15:19.706147 estimator=lPCA k=5 dur=77.791s seed=1
[EST DONE] 2026-04-19T22:16:09.571521 estimator=Levina-Bickel k=3 dur=31.017s seed=1
[EST DONE] 2026-04-19T22:16:21.780050 estimator=FisherS (no-k) dur=771.528s seed=1
[EST DONE] 2026-04-19T22:16:26.304176 estimator=DANCo k=3 dur=107.327s seed=1
[EST DONE] 2026-04-19T22:16:34.731052 estimator=lPCA k=7 dur=75.025s seed=1
[EST DONE] 2026-04-19T22:16:38.669373 estimator=Levina-Bickel k=5 dur=29.098s seed=1
[EST DONE] 2026-04-19T22:17:06.836964 estimator=Levina-Bickel k=7 dur=28.167s seed=1
[EST DONE] 2026-04-19T22:17:17.133403 estimator=SMAE (no-k) dur=55.353s seed=1
[TASK END] 2026-04-19T22:17:17.133572 manifold=sphere d=12 sigma=0.75 seed=1 duration=12930.197s
[TASK START] 2026-04-19T22:17:17.134788 manifold=torus d=5 sigma=1.0 n=60000 seed=1
[EST DONE] 2026-04-19T22:17:43.667413 estimator=FisherS (no-k) dur=597.740s seed=1
[EST DONE] 2026-04-19T22:17:48.836152 estimator=lPCA k=10 dur=74.105s seed=1
[EST DONE] 2026-04-19T22:17:53.966036 estimator=Levina-Bickel k=10 dur=47.129s seed=1
[EST DONE] 2026-04-19T22:18:13.611597 estimator=DANCo k=5 dur=107.307s seed=1
[EST DONE] 2026-04-19T22:18:20.103500 estimator=Levina-Bickel k=3 dur=25.231s seed=1
[EST DONE] 2026-04-19T22:18:29.042673 estimator=Levina-Bickel k=15 dur=35.076s seed=1
[EST DONE] 2026-04-19T22:18:45.819732 estimator=SMAE (no-k) dur=62.152s seed=1
[TASK END] 2026-04-19T22:18:45.819889 manifold=sphere d=15 sigma=0.75 seed=1 duration=4882.965s
[TASK START] 2026-04-19T22:18:45.820959 manifold=torus d=7 sigma=0.0 n=60000 seed=1
[EST DONE] 2026-04-19T22:18:46.930285 estimator=TwoNN (no-k) dur=17.887s seed=1
[EST DONE] 2026-04-19T22:18:50.159938 estimator=Levina-Bickel k=5 dur=30.056s seed=1
[EST DONE] 2026-04-19T22:19:07.139508 estimator=lPCA k=15 dur=78.303s seed=1
[EST DONE] 2026-04-19T22:19:27.667413 estimator=Levina-Bickel k=7 dur=37.507s seed=1
[EST DONE] 2026-04-19T22:20:13.161373 estimator=DANCo k=7 dur=119.550s seed=1
[EST DONE] 2026-04-19T22:20:17.917063 estimator=Levina-Bickel k=10 dur=50.249s seed=1
[EST DONE] 2026-04-19T22:20:32.371465 estimator=FisherS (no-k) dur=517.525s seed=1
[EST DONE] 2026-04-19T22:21:04.145560 estimator=Levina-Bickel k=3 dur=67.515s seed=1
[EST DONE] 2026-04-19T22:21:13.006632 estimator=Levina-Bickel k=15 dur=55.089s seed=1
[EST DONE] 2026-04-19T22:21:24.029780 estimator=lPCA k=3 dur=72.789s seed=1
[EST DONE] 2026-04-19T22:21:38.436896 estimator=TwoNN (no-k) dur=25.430s seed=1
[EST DONE] 2026-04-19T22:21:39.705689 estimator=SMAE (no-k) dur=67.334s seed=1
[TASK END] 2026-04-19T22:21:39.705886 manifold=sphere d=15 sigma=1.0 seed=1 duration=4667.678s
[TASK START] 2026-04-19T22:21:39.707205 manifold=torus d=7 sigma=0.25 n=60000 seed=1
[EST DONE] 2026-04-19T22:22:14.105689 estimator=DANCo k=10 dur=120.944s seed=1
[EST DONE] 2026-04-19T22:22:25.558661 estimator=Levina-Bickel k=5 dur=81.413s seed=1
[EST DONE] 2026-04-19T22:22:40.429634 estimator=lPCA k=5 dur=76.400s seed=1
[EST DONE] 2026-04-19T22:22:59.999657 estimator=DANCo k=3 dur=119.823s seed=1
[EST DONE] 2026-04-19T22:23:48.759223 estimator=Levina-Bickel k=7 dur=83.200s seed=1
[EST DONE] 2026-04-19T22:23:55.897663 estimator=lPCA k=7 dur=75.468s seed=1
[EST DONE] 2026-04-19T22:24:08.323018 estimator=Levina-Bickel k=3 dur=64.921s seed=1
[EST DONE] 2026-04-19T22:24:39.767602 estimator=lPCA k=3 dur=79.044s seed=1
[EST DONE] 2026-04-19T22:24:47.361530 estimator=DANCo k=15 dur=153.256s seed=1
[EST DONE] 2026-04-19T22:25:00.953539 estimator=MiND k=3 dur=7.280s seed=1
[EST DONE] 2026-04-19T22:25:24.302724 estimator=MiND k=5 dur=23.349s seed=1
[EST DONE] 2026-04-19T22:25:28.537468 estimator=DANCo k=5 dur=148.538s seed=1
[EST DONE] 2026-04-19T22:25:30.199713 estimator=lPCA k=10 dur=94.302s seed=1
[EST DONE] 2026-04-19T22:25:33.807534 estimator=MiND k=7 dur=9.505s seed=1
[EST DONE] 2026-04-19T22:25:45.332185 estimator=MiND k=10 dur=11.525s seed=1
[EST DONE] 2026-04-19T22:25:52.178875 estimator=lPCA k=5 dur=72.411s seed=1
[EST DONE] 2026-04-19T22:26:02.877638 estimator=MiND k=15 dur=17.545s seed=1
[EST DONE] 2026-04-19T22:26:05.601763 estimator=Levina-Bickel k=5 dur=117.279s seed=1
[EST DONE] 2026-04-19T22:26:12.630076 estimator=Levina-Bickel k=10 dur=143.871s seed=1
[EST DONE] 2026-04-19T22:27:12.154523 estimator=lPCA k=15 dur=101.955s seed=1
[EST DONE] 2026-04-19T22:27:27.173487 estimator=lPCA k=7 dur=94.994s seed=1
[EST DONE] 2026-04-19T22:27:29.763489 estimator=DANCo k=7 dur=121.226s seed=1
[EST DONE] 2026-04-19T22:28:15.751685 estimator=Levina-Bickel k=7 dur=130.150s seed=1
[EST DONE] 2026-04-19T22:29:10.290948 estimator=Levina-Bickel k=15 dur=177.661s seed=1
[EST DONE] 2026-04-19T22:29:20.767033 estimator=lPCA k=10 dur=113.593s seed=1
[EST DONE] 2026-04-19T22:30:06.120312 estimator=DANCo k=10 dur=156.357s seed=1
[EST DONE] 2026-04-19T22:30:14.429881 estimator=TwoNN (no-k) dur=64.139s seed=1
[EST DONE] 2026-04-19T22:31:26.717414 estimator=DANCo k=3 dur=136.005s seed=1
[EST DONE] 2026-04-19T22:31:27.174612 estimator=Levina-Bickel k=10 dur=191.423s seed=1
[EST DONE] 2026-04-19T22:31:52.550451 estimator=lPCA k=15 dur=151.783s seed=1
[EST DONE] 2026-04-19T22:32:52.959308 estimator=DANCo k=15 dur=166.839s seed=1
[EST DONE] 2026-04-19T22:33:45.481043 estimator=DANCo k=5 dur=138.763s seed=1
[EST DONE] 2026-04-19T22:33:48.031296 estimator=MiND k=3 dur=36.686s seed=1
[EST DONE] 2026-04-19T22:33:57.312493 estimator=FisherS (no-k) dur=474.435s seed=1
[EST DONE] 2026-04-19T22:34:12.407336 estimator=MiND k=5 dur=24.376s seed=1
[EST DONE] 2026-04-19T22:34:33.030391 estimator=MiND k=7 dur=20.623s seed=1
[EST DONE] 2026-04-19T22:34:53.914161 estimator=MiND k=10 dur=20.884s seed=1
[EST DONE] 2026-04-19T22:34:56.699350 estimator=lPCA k=3 dur=119.816s seed=1
[EST DONE] 2026-04-19T22:35:00.650604 estimator=SMAE (no-k) dur=63.338s seed=1
[TASK END] 2026-04-19T22:35:00.650742 manifold=torus d=5 sigma=0.25 seed=1 duration=2172.142s
[TASK START] 2026-04-19T22:35:00.651818 manifold=torus d=7 sigma=0.5 n=60000 seed=1
[EST DONE] 2026-04-19T22:35:07.188721 estimator=Levina-Bickel k=15 dur=220.014s seed=1
[EST DONE] 2026-04-19T22:35:21.793011 estimator=MiND k=15 dur=27.879s seed=1
[EST DONE] 2026-04-19T22:36:15.836072 estimator=DANCo k=7 dur=150.355s seed=1
[EST DONE] 2026-04-19T22:36:40.649022 estimator=TwoNN (no-k) dur=93.460s seed=1
[EST DONE] 2026-04-19T22:36:42.270189 estimator=DANCo k=3 dur=131.779s seed=1
[EST DONE] 2026-04-19T22:37:22.499140 estimator=lPCA k=5 dur=145.800s seed=1
[EST DONE] 2026-04-19T22:39:20.931181 estimator=DANCo k=10 dur=185.095s seed=1
[EST DONE] 2026-04-19T22:39:24.193290 estimator=DANCo k=5 dur=161.923s seed=1
[EST DONE] 2026-04-19T22:40:00.550698 estimator=Levina-Bickel k=3 dur=137.448s seed=1
[EST DONE] 2026-04-19T22:40:14.262054 estimator=lPCA k=7 dur=171.763s seed=1
[EST DONE] 2026-04-19T22:41:32.747650 estimator=lPCA k=3 dur=121.502s seed=1
[EST DONE] 2026-04-19T22:42:19.102614 estimator=DANCo k=7 dur=174.909s seed=1
[EST DONE] 2026-04-19T22:42:28.306422 estimator=Levina-Bickel k=5 dur=147.756s seed=1
[EST DONE] 2026-04-19T22:42:44.686872 estimator=DANCo k=15 dur=203.756s seed=1
[EST DONE] 2026-04-19T22:43:19.297926 estimator=FisherS (no-k) dur=477.505s seed=1
[EST DONE] 2026-04-19T22:43:30.044054 estimator=lPCA k=10 dur=195.782s seed=1
[EST DONE] 2026-04-19T22:43:33.254680 estimator=MiND k=3 dur=24.025s seed=1
[EST DONE] 2026-04-19T22:43:59.657296 estimator=MiND k=5 dur=26.402s seed=1
[EST DONE] 2026-04-19T22:44:08.449761 estimator=lPCA k=5 dur=155.702s seed=1
[EST DONE] 2026-04-19T22:44:30.027654 estimator=SMAE (no-k) dur=70.729s seed=1
[TASK END] 2026-04-19T22:44:30.027798 manifold=torus d=5 sigma=0.5 seed=1 duration=2176.574s
[TASK START] 2026-04-19T22:44:30.028874 manifold=torus d=7 sigma=0.75 n=60000 seed=1
[EST DONE] 2026-04-19T22:44:31.870367 estimator=MiND k=7 dur=32.213s seed=1
[EST DONE] 2026-04-19T22:45:15.045308 estimator=DANCo k=10 dur=175.943s seed=1
[EST DONE] 2026-04-19T22:45:16.070796 estimator=MiND k=10 dur=44.200s seed=1
[EST DONE] 2026-04-19T22:45:17.626848 estimator=Levina-Bickel k=7 dur=169.320s seed=1
[EST DONE] 2026-04-19T22:46:01.589100 estimator=MiND k=15 dur=45.518s seed=1
[EST DONE] 2026-04-19T22:47:10.017884 estimator=lPCA k=15 dur=219.974s seed=1
[EST DONE] 2026-04-19T22:47:27.938113 estimator=lPCA k=7 dur=199.488s seed=1
[EST DONE] 2026-04-19T22:48:16.355154 estimator=DANCo k=15 dur=181.310s seed=1
[EST DONE] 2026-04-19T22:48:36.811251 estimator=Levina-Bickel k=10 dur=199.184s seed=1
[EST DONE] 2026-04-19T22:49:32.688085 estimator=MiND k=3 dur=37.036s seed=1
[EST DONE] 2026-04-19T22:50:36.478023 estimator=MiND k=5 dur=63.790s seed=1
[EST DONE] 2026-04-19T22:51:05.154522 estimator=Levina-Bickel k=3 dur=206.749s seed=1
[EST DONE] 2026-04-19T22:51:32.590655 estimator=lPCA k=10 dur=244.652s seed=1
[EST DONE] 2026-04-19T22:52:00.709811 estimator=MiND k=7 dur=84.232s seed=1
[EST DONE] 2026-04-19T22:53:01.920029 estimator=MiND k=10 dur=61.210s seed=1
[EST DONE] 2026-04-19T22:54:01.551416 estimator=MiND k=15 dur=59.631s seed=1
[EST DONE] 2026-04-19T22:54:03.079965 estimator=Levina-Bickel k=15 dur=326.269s seed=1
[EST DONE] 2026-04-19T22:54:24.550788 estimator=FisherS (no-k) dur=502.961s seed=1
[EST DONE] 2026-04-19T22:55:21.418330 estimator=SMAE (no-k) dur=56.867s seed=1
[TASK END] 2026-04-19T22:55:21.418488 manifold=torus d=5 sigma=0.75 seed=1 duration=2406.979s
[TASK START] 2026-04-19T22:55:21.419532 manifold=torus d=7 sigma=1.0 n=60000 seed=1
[EST DONE] 2026-04-19T22:55:24.600703 estimator=Levina-Bickel k=5 dur=259.446s seed=1
[EST DONE] 2026-04-19T22:55:30.716822 estimator=lPCA k=15 dur=238.126s seed=1
[EST DONE] 2026-04-19T22:56:01.712936 estimator=TwoNN (no-k) dur=118.633s seed=1
[EST DONE] 2026-04-19T22:58:39.869124 estimator=DANCo k=3 dur=338.508s seed=1
[EST DONE] 2026-04-19T23:01:11.818433 estimator=Levina-Bickel k=7 dur=347.218s seed=1
[EST DONE] 2026-04-19T23:03:46.017867 estimator=lPCA k=3 dur=231.000s seed=1
[EST DONE] 2026-04-19T23:04:21.368692 estimator=Levina-Bickel k=3 dur=256.345s seed=1
[EST DONE] 2026-04-19T23:04:29.472742 estimator=FisherS (no-k) dur=627.921s seed=1
[EST DONE] 2026-04-19T23:06:25.499034 estimator=DANCo k=5 dur=465.630s seed=1
[EST DONE] 2026-04-19T23:06:49.218880 estimator=SMAE (no-k) dur=139.746s seed=1
[TASK END] 2026-04-19T23:06:49.219082 manifold=torus d=5 sigma=1.0 seed=1 duration=2972.084s
[TASK START] 2026-04-19T23:06:49.220266 manifold=torus d=9 sigma=0.0 n=60000 seed=1
[EST DONE] 2026-04-19T23:06:54.054322 estimator=Levina-Bickel k=10 dur=342.236s seed=1
[EST DONE] 2026-04-19T23:07:07.169964 estimator=Levina-Bickel k=3 dur=9.445s seed=1
[EST DONE] 2026-04-19T23:07:18.136199 estimator=Levina-Bickel k=5 dur=10.966s seed=1
[EST DONE] 2026-04-19T23:07:25.057264 estimator=Levina-Bickel k=7 dur=6.921s seed=1
[EST DONE] 2026-04-19T23:07:37.596034 estimator=Levina-Bickel k=10 dur=12.539s seed=1
[EST DONE] 2026-04-19T23:07:48.920580 estimator=Levina-Bickel k=15 dur=11.324s seed=1
[EST DONE] 2026-04-19T23:08:02.767454 estimator=lPCA k=5 dur=256.749s seed=1
[EST DONE] 2026-04-19T23:08:05.740598 estimator=TwoNN (no-k) dur=16.820s seed=1
[EST DONE] 2026-04-19T23:09:27.351695 estimator=DANCo k=3 dur=409.092s seed=1
[EST DONE] 2026-04-19T23:09:58.093465 estimator=Levina-Bickel k=5 dur=336.725s seed=1
[EST DONE] 2026-04-19T23:09:59.614188 estimator=lPCA k=3 dur=45.039s seed=1
[EST DONE] 2026-04-19T23:10:46.729248 estimator=lPCA k=5 dur=47.115s seed=1
[EST DONE] 2026-04-19T23:12:07.419835 estimator=lPCA k=7 dur=80.690s seed=1
[EST DONE] 2026-04-19T23:13:39.252189 estimator=lPCA k=7 dur=336.485s seed=1
[EST DONE] 2026-04-19T23:13:41.373509 estimator=lPCA k=10 dur=93.954s seed=1
[EST DONE] 2026-04-19T23:14:40.711810 estimator=DANCo k=7 dur=495.213s seed=1
[EST DONE] 2026-04-19T23:15:06.815273 estimator=Levina-Bickel k=15 dur=492.761s seed=1
[EST DONE] 2026-04-19T23:15:19.394805 estimator=lPCA k=15 dur=98.021s seed=1
[EST DONE] 2026-04-19T23:15:36.132625 estimator=Levina-Bickel k=7 dur=338.039s seed=1
[EST DONE] 2026-04-19T23:17:54.117238 estimator=DANCo k=5 dur=506.765s seed=1
[EST DONE] 2026-04-19T23:19:09.275699 estimator=TwoNN (no-k) dur=242.460s seed=1
[EST DONE] 2026-04-19T23:21:15.447716 estimator=lPCA k=10 dur=456.195s seed=1
[EST DONE] 2026-04-19T23:24:08.323475 estimator=Levina-Bickel k=10 dur=512.191s seed=1
[EST DONE] 2026-04-19T23:24:35.431349 estimator=DANCo k=10 dur=594.719s seed=1
[EST DONE] 2026-04-19T23:29:04.611150 estimator=DANCo k=7 dur=670.494s seed=1
[EST DONE] 2026-04-19T23:30:49.172159 estimator=lPCA k=15 dur=573.724s seed=1
[EST DONE] 2026-04-19T23:31:00.476902 estimator=DANCo k=3 dur=449.557s seed=1
[EST DONE] 2026-04-19T23:31:24.897762 estimator=Levina-Bickel k=15 dur=436.574s seed=1
[EST DONE] 2026-04-19T23:34:32.210490 estimator=lPCA k=3 dur=402.850s seed=1
[EST DONE] 2026-04-19T23:37:43.610701 estimator=DANCo k=15 dur=788.179s seed=1
[EST DONE] 2026-04-19T23:38:48.765281 estimator=TwoNN (no-k) dur=443.867s seed=1
[EST DONE] 2026-04-19T23:39:07.795477 estimator=DANCo k=5 dur=487.318s seed=1
[EST DONE] 2026-04-19T23:41:49.435825 estimator=DANCo k=10 dur=764.825s seed=1
[EST DONE] 2026-04-19T23:43:17.415025 estimator=MiND k=3 dur=171.157s seed=1
[EST DONE] 2026-04-19T23:44:31.345685 estimator=lPCA k=5 dur=599.135s seed=1
[EST DONE] 2026-04-19T23:44:57.872194 estimator=MiND k=5 dur=100.457s seed=1
[EST DONE] 2026-04-19T23:48:05.426485 estimator=MiND k=7 dur=187.554s seed=1
[EST DONE] 2026-04-19T23:48:44.594757 estimator=DANCo k=7 dur=576.799s seed=1
[EST DONE] 2026-04-19T23:49:29.534639 estimator=DANCo k=3 dur=413.315s seed=1
[EST DONE] 2026-04-19T23:51:18.213388 estimator=lPCA k=7 dur=406.868s seed=1
[EST DONE] 2026-04-19T23:51:33.819252 estimator=MiND k=10 dur=208.393s seed=1
[EST DONE] 2026-04-19T23:54:13.772835 estimator=lPCA k=3 dur=447.148s seed=1
[EST DONE] 2026-04-19T23:54:16.084220 estimator=DANCo k=15 dur=746.648s seed=1
[EST DONE] 2026-04-19T23:58:33.746491 estimator=MiND k=15 dur=419.927s seed=1
[EST DONE] 2026-04-19T23:58:43.770197 estimator=DANCo k=10 dur=599.175s seed=1
[EST DONE] 2026-04-20T00:00:04.654594 estimator=DANCo k=5 dur=635.120s seed=1
[EST DONE] 2026-04-20T00:00:51.622363 estimator=MiND k=3 dur=160.261s seed=1
[EST DONE] 2026-04-20T00:01:39.862561 estimator=lPCA k=10 dur=621.649s seed=1
[EST DONE] 2026-04-20T00:02:38.317212 estimator=lPCA k=5 dur=504.544s seed=1
[EST DONE] 2026-04-20T00:05:13.826598 estimator=MiND k=5 dur=262.204s seed=1
[EST DONE] 2026-04-20T00:07:39.813716 estimator=DANCo k=15 dur=536.043s seed=1
[EST DONE] 2026-04-20T00:07:57.523674 estimator=MiND k=7 dur=163.697s seed=1
[EST DONE] 2026-04-20T00:08:01.322740 estimator=MiND k=3 dur=11.321s seed=1
[EST DONE] 2026-04-20T00:08:12.608799 estimator=MiND k=5 dur=11.286s seed=1
[EST DONE] 2026-04-20T00:08:24.729178 estimator=MiND k=7 dur=12.120s seed=1
[EST DONE] 2026-04-20T00:08:42.864793 estimator=MiND k=10 dur=18.135s seed=1
[EST DONE] 2026-04-20T00:08:52.522964 estimator=MiND k=15 dur=9.658s seed=1
[EST DONE] 2026-04-20T00:09:20.555457 estimator=FisherS (no-k) dur=646.809s seed=1
[EST DONE] 2026-04-20T00:10:26.610997 estimator=lPCA k=7 dur=468.294s seed=1
[EST DONE] 2026-04-20T00:11:07.380419 estimator=SMAE (no-k) dur=106.825s seed=1
[TASK END] 2026-04-20T00:11:07.380594 manifold=torus d=7 sigma=0.0 seed=1 duration=6741.560s
[TASK START] 2026-04-20T00:11:07.381772 manifold=torus d=9 sigma=0.25 n=60000 seed=1
[EST DONE] 2026-04-20T00:11:18.522407 estimator=lPCA k=15 dur=578.660s seed=1
[EST DONE] 2026-04-20T00:11:21.139945 estimator=DANCo k=7 dur=676.485s seed=1
[EST DONE] 2026-04-20T00:11:25.011344 estimator=Levina-Bickel k=3 dur=8.175s seed=1
[EST DONE] 2026-04-20T00:11:33.902826 estimator=Levina-Bickel k=5 dur=8.891s seed=1
[EST DONE] 2026-04-20T00:11:42.517409 estimator=Levina-Bickel k=7 dur=8.614s seed=1
[EST DONE] 2026-04-20T00:11:46.470636 estimator=MiND k=10 dur=228.947s seed=1
[EST DONE] 2026-04-20T00:11:49.316484 estimator=Levina-Bickel k=10 dur=6.799s seed=1
[EST DONE] 2026-04-20T00:12:01.109124 estimator=Levina-Bickel k=15 dur=11.793s seed=1
[EST DONE] 2026-04-20T00:12:08.432040 estimator=TwoNN (no-k) dur=7.323s seed=1
[EST DONE] 2026-04-20T00:13:41.352959 estimator=lPCA k=3 dur=46.982s seed=1
[EST DONE] 2026-04-20T00:14:29.680680 estimator=lPCA k=5 dur=48.328s seed=1
[EST DONE] 2026-04-20T00:14:41.754203 estimator=MiND k=15 dur=175.283s seed=1
[EST DONE] 2026-04-20T00:15:33.949654 estimator=lPCA k=7 dur=64.269s seed=1
[EST DONE] 2026-04-20T00:17:14.935324 estimator=lPCA k=10 dur=100.985s seed=1
[EST DONE] 2026-04-20T00:17:43.141732 estimator=lPCA k=10 dur=436.531s seed=1
[EST DONE] 2026-04-20T00:18:18.601081 estimator=FisherS (no-k) dur=566.078s seed=1
[EST DONE] 2026-04-20T00:19:25.573302 estimator=lPCA k=15 dur=130.638s seed=1
[EST DONE] 2026-04-20T00:20:05.473517 estimator=SMAE (no-k) dur=106.872s seed=1
[TASK END] 2026-04-20T00:20:05.473671 manifold=torus d=9 sigma=0.0 seed=1 duration=4396.253s
[TASK START] 2026-04-20T00:20:05.474343 manifold=torus d=9 sigma=0.5 n=60000 seed=1
[EST DONE] 2026-04-20T00:20:46.438550 estimator=Levina-Bickel k=3 dur=15.615s seed=1
[EST DONE] 2026-04-20T00:20:55.393008 estimator=DANCo k=10 dur=574.253s seed=1
[EST DONE] 2026-04-20T00:20:56.457542 estimator=Levina-Bickel k=5 dur=10.019s seed=1
[EST DONE] 2026-04-20T00:21:06.345749 estimator=Levina-Bickel k=7 dur=9.888s seed=1
[EST DONE] 2026-04-20T00:21:16.918923 estimator=Levina-Bickel k=10 dur=10.573s seed=1
[EST DONE] 2026-04-20T00:21:26.515089 estimator=Levina-Bickel k=15 dur=9.596s seed=1
[EST DONE] 2026-04-20T00:21:40.099002 estimator=TwoNN (no-k) dur=13.584s seed=1
[EST DONE] 2026-04-20T00:25:16.984208 estimator=lPCA k=3 dur=152.685s seed=1
[EST DONE] 2026-04-20T00:27:09.648700 estimator=lPCA k=15 dur=566.507s seed=1
[EST DONE] 2026-04-20T00:28:07.330451 estimator=lPCA k=5 dur=170.346s seed=1
[EST DONE] 2026-04-20T00:28:10.203178 estimator=DANCo k=3 dur=540.274s seed=1
[EST DONE] 2026-04-20T00:28:29.770828 estimator=FisherS (no-k) dur=828.016s seed=1
[EST DONE] 2026-04-20T00:29:26.975857 estimator=lPCA k=7 dur=79.645s seed=1
[EST DONE] 2026-04-20T00:30:16.426857 estimator=SMAE (no-k) dur=106.656s seed=1
[TASK END] 2026-04-20T00:30:16.427025 manifold=torus d=7 sigma=0.25 seed=1 duration=7716.720s
[TASK START] 2026-04-20T00:30:16.452372 manifold=torus d=9 sigma=0.75 n=60000 seed=1
[EST DONE] 2026-04-20T00:30:51.150720 estimator=Levina-Bickel k=3 dur=10.539s seed=1
[EST DONE] 2026-04-20T00:31:09.123581 estimator=Levina-Bickel k=5 dur=17.973s seed=1
[EST DONE] 2026-04-20T00:31:38.969992 estimator=Levina-Bickel k=7 dur=29.846s seed=1
[EST DONE] 2026-04-20T00:31:52.516140 estimator=Levina-Bickel k=10 dur=13.546s seed=1
[EST DONE] 2026-04-20T00:32:10.671354 estimator=Levina-Bickel k=15 dur=18.155s seed=1
[EST DONE] 2026-04-20T00:32:43.997439 estimator=TwoNN (no-k) dur=33.326s seed=1
[EST DONE] 2026-04-20T00:33:26.526720 estimator=lPCA k=10 dur=239.551s seed=1
[EST DONE] 2026-04-20T00:34:52.874876 estimator=DANCo k=3 dur=476.035s seed=1
[EST DONE] 2026-04-20T00:35:11.908624 estimator=DANCo k=15 dur=856.515s seed=1
[EST DONE] 2026-04-20T00:35:28.855326 estimator=lPCA k=15 dur=122.328s seed=1
[EST DONE] 2026-04-20T00:36:03.084667 estimator=lPCA k=3 dur=62.569s seed=1
[EST DONE] 2026-04-20T00:39:16.277855 estimator=lPCA k=5 dur=193.193s seed=1
[EST DONE] 2026-04-20T00:41:31.869917 estimator=DANCo k=5 dur=801.667s seed=1
[EST DONE] 2026-04-20T00:43:41.957937 estimator=lPCA k=7 dur=265.680s seed=1
[EST DONE] 2026-04-20T00:45:23.414291 estimator=DANCo k=5 dur=630.539s seed=1
[EST DONE] 2026-04-20T00:45:45.101632 estimator=lPCA k=10 dur=123.143s seed=1
[EST DONE] 2026-04-20T00:46:50.665523 estimator=lPCA k=15 dur=65.564s seed=1
[EST DONE] 2026-04-20T00:46:58.286888 estimator=MiND k=3 dur=323.248s seed=1
[EST DONE] 2026-04-20T00:56:23.730160 estimator=DANCo k=3 dur=992.389s seed=1
[EST DONE] 2026-04-20T00:56:56.690926 estimator=DANCo k=7 dur=924.821s seed=1
[EST DONE] 2026-04-20T00:57:00.374549 estimator=DANCo k=3 dur=677.990s seed=1
[EST DONE] 2026-04-20T00:57:45.156587 estimator=DANCo k=7 dur=741.742s seed=1
[EST DONE] 2026-04-20T00:58:38.890627 estimator=MiND k=5 dur=700.604s seed=1
[EST DONE] 2026-04-20T01:07:45.657237 estimator=DANCo k=5 dur=645.282s seed=1
[EST DONE] 2026-04-20T01:08:25.727107 estimator=DANCo k=3 dur=582.443s seed=1
[EST DONE] 2026-04-20T01:08:36.951090 estimator=MiND k=7 dur=598.060s seed=1
[EST DONE] 2026-04-20T01:08:50.015651 estimator=DANCo k=10 dur=664.859s seed=1
[EST DONE] 2026-04-20T01:15:28.872251 estimator=DANCo k=5 dur=1145.142s seed=1
[EST DONE] 2026-04-20T01:17:21.203197 estimator=DANCo k=10 dur=1224.512s seed=1
[EST DONE] 2026-04-20T01:21:26.262406 estimator=MiND k=10 dur=769.311s seed=1
[EST DONE] 2026-04-20T01:21:31.335925 estimator=DANCo k=5 dur=785.609s seed=1
[EST DONE] 2026-04-20T01:21:35.277374 estimator=DANCo k=7 dur=829.620s seed=1
[EST DONE] 2026-04-20T01:23:55.209863 estimator=DANCo k=15 dur=905.194s seed=1
[EST DONE] 2026-04-20T01:24:20.949402 estimator=MiND k=3 dur=17.250s seed=1
[EST DONE] 2026-04-20T01:24:28.846011 estimator=MiND k=5 dur=7.896s seed=1
[EST DONE] 2026-04-20T01:24:54.555061 estimator=MiND k=7 dur=25.709s seed=1
[EST DONE] 2026-04-20T01:25:19.561483 estimator=MiND k=10 dur=25.006s seed=1
[EST DONE] 2026-04-20T01:25:33.830749 estimator=MiND k=15 dur=14.269s seed=1
[EST DONE] 2026-04-20T01:31:45.257513 estimator=DANCo k=7 dur=613.921s seed=1
[EST DONE] 2026-04-20T01:32:29.771335 estimator=DANCo k=10 dur=654.494s seed=1
[EST DONE] 2026-04-20T01:32:42.190734 estimator=MiND k=15 dur=675.928s seed=1
[EST DONE] 2026-04-20T01:37:10.936194 estimator=DANCo k=7 dur=1302.064s seed=1
[EST DONE] 2026-04-20T01:37:37.911751 estimator=DANCo k=15 dur=1216.708s seed=1
[EST DONE] 2026-04-20T01:45:08.106848 estimator=DANCo k=10 dur=802.849s seed=1
[EST DONE] 2026-04-20T01:45:40.065875 estimator=FisherS (no-k) dur=1206.235s seed=1
[EST DONE] 2026-04-20T01:46:01.573283 estimator=DANCo k=15 dur=811.802s seed=1
[EST DONE] 2026-04-20T01:46:23.290347 estimator=MiND k=3 dur=11.141s seed=1
[EST DONE] 2026-04-20T01:46:28.793668 estimator=SMAE (no-k) dur=48.728s seed=1
[TASK END] 2026-04-20T01:46:28.793835 manifold=torus d=9 sigma=0.25 seed=1 duration=5721.412s
[TASK START] 2026-04-20T01:46:28.795159 manifold=torus d=9 sigma=1.0 n=60000 seed=1
[EST DONE] 2026-04-20T01:46:33.276222 estimator=MiND k=5 dur=9.986s seed=1
[EST DONE] 2026-04-20T01:46:45.746552 estimator=MiND k=7 dur=12.470s seed=1
[EST DONE] 2026-04-20T01:46:51.946112 estimator=Levina-Bickel k=3 dur=11.333s seed=1
[EST DONE] 2026-04-20T01:47:00.113160 estimator=MiND k=10 dur=14.366s seed=1
[EST DONE] 2026-04-20T01:47:05.177918 estimator=Levina-Bickel k=5 dur=13.232s seed=1
[EST DONE] 2026-04-20T01:47:12.533543 estimator=MiND k=15 dur=12.420s seed=1
[EST DONE] 2026-04-20T01:47:18.194306 estimator=Levina-Bickel k=7 dur=13.016s seed=1
[EST DONE] 2026-04-20T01:47:33.190781 estimator=Levina-Bickel k=10 dur=14.996s seed=1
[EST DONE] 2026-04-20T01:47:50.461744 estimator=Levina-Bickel k=15 dur=17.271s seed=1
[EST DONE] 2026-04-20T01:47:59.766538 estimator=TwoNN (no-k) dur=9.305s seed=1
[EST DONE] 2026-04-20T01:50:02.330961 estimator=FisherS (no-k) dur=1040.140s seed=1
[EST DONE] 2026-04-20T01:51:18.371105 estimator=MiND k=3 dur=328.392s seed=1
[EST DONE] 2026-04-20T01:53:05.406380 estimator=SMAE (no-k) dur=183.075s seed=1
[TASK END] 2026-04-20T01:53:05.406536 manifold=torus d=7 sigma=0.5 seed=1 duration=11884.755s
[TASK START] 2026-04-20T01:53:05.407140 manifold=torus d=12 sigma=0.0 n=60000 seed=1
[EST DONE] 2026-04-20T01:53:59.100012 estimator=lPCA k=3 dur=250.225s seed=1
[EST DONE] 2026-04-20T01:54:28.245786 estimator=Levina-Bickel k=3 dur=29.123s seed=1
[EST DONE] 2026-04-20T01:54:39.152603 estimator=Levina-Bickel k=5 dur=10.907s seed=1
[EST DONE] 2026-04-20T01:55:03.096961 estimator=Levina-Bickel k=7 dur=23.944s seed=1
[EST DONE] 2026-04-20T01:55:30.489100 estimator=Levina-Bickel k=10 dur=27.392s seed=1
[EST DONE] 2026-04-20T01:55:39.299349 estimator=Levina-Bickel k=15 dur=8.810s seed=1
[EST DONE] 2026-04-20T01:55:41.115503 estimator=DANCo k=10 dur=1110.179s seed=1
[EST DONE] 2026-04-20T01:55:52.214245 estimator=TwoNN (no-k) dur=12.915s seed=1
[EST DONE] 2026-04-20T01:56:14.606835 estimator=lPCA k=5 dur=135.463s seed=1
[EST DONE] 2026-04-20T01:56:26.603621 estimator=DANCo k=15 dur=678.497s seed=1
[EST DONE] 2026-04-20T01:56:47.202020 estimator=MiND k=3 dur=7.740s seed=1
[EST DONE] 2026-04-20T01:56:57.294788 estimator=MiND k=5 dur=10.093s seed=1
[EST DONE] 2026-04-20T01:57:05.946070 estimator=MiND k=7 dur=8.651s seed=1
[EST DONE] 2026-04-20T01:57:16.037695 estimator=MiND k=10 dur=10.091s seed=1
[EST DONE] 2026-04-20T01:57:20.943008 estimator=lPCA k=7 dur=66.336s seed=1
[EST DONE] 2026-04-20T01:57:27.346490 estimator=MiND k=15 dur=11.309s seed=1
[EST DONE] 2026-04-20T01:57:49.785380 estimator=MiND k=5 dur=391.414s seed=1
[EST DONE] 2026-04-20T01:58:14.999309 estimator=lPCA k=3 dur=63.242s seed=1
[EST DONE] 2026-04-20T01:58:30.484120 estimator=lPCA k=10 dur=69.541s seed=1
[EST DONE] 2026-04-20T01:59:22.449131 estimator=lPCA k=5 dur=67.450s seed=1
[EST DONE] 2026-04-20T01:59:32.956400 estimator=lPCA k=15 dur=62.472s seed=1
[EST DONE] 2026-04-20T02:00:31.797964 estimator=lPCA k=7 dur=69.349s seed=1
[EST DONE] 2026-04-20T02:00:42.685608 estimator=FisherS (no-k) dur=810.152s seed=1
[EST DONE] 2026-04-20T02:00:52.041992 estimator=MiND k=7 dur=182.256s seed=1
[EST DONE] 2026-04-20T02:02:17.619640 estimator=SMAE (no-k) dur=94.934s seed=1
[TASK END] 2026-04-20T02:02:17.619787 manifold=torus d=9 sigma=0.5 seed=1 duration=6132.145s
[TASK START] 2026-04-20T02:02:17.620808 manifold=torus d=12 sigma=0.25 n=60000 seed=1
[EST DONE] 2026-04-20T02:02:38.161296 estimator=lPCA k=10 dur=126.363s seed=1
[EST DONE] 2026-04-20T02:02:49.899710 estimator=Levina-Bickel k=3 dur=14.382s seed=1
[EST DONE] 2026-04-20T02:03:26.172594 estimator=Levina-Bickel k=5 dur=36.273s seed=1
[EST DONE] 2026-04-20T02:03:36.537348 estimator=Levina-Bickel k=7 dur=10.365s seed=1
[EST DONE] 2026-04-20T02:03:51.379457 estimator=Levina-Bickel k=10 dur=14.842s seed=1
[EST DONE] 2026-04-20T02:04:33.866441 estimator=Levina-Bickel k=15 dur=42.487s seed=1
[EST DONE] 2026-04-20T02:04:55.557744 estimator=TwoNN (no-k) dur=21.691s seed=1
[EST DONE] 2026-04-20T02:07:54.097101 estimator=lPCA k=15 dur=315.936s seed=1
[EST DONE] 2026-04-20T02:08:01.852723 estimator=DANCo k=15 dur=740.737s seed=1
[EST DONE] 2026-04-20T02:09:03.054205 estimator=MiND k=10 dur=491.012s seed=1
[EST DONE] 2026-04-20T02:09:11.610269 estimator=lPCA k=3 dur=61.489s seed=1
[EST DONE] 2026-04-20T02:09:40.676844 estimator=FisherS (no-k) dur=733.330s seed=1
[EST DONE] 2026-04-20T02:10:39.626348 estimator=lPCA k=5 dur=88.016s seed=1
[EST DONE] 2026-04-20T02:11:46.752989 estimator=SMAE (no-k) dur=126.076s seed=1
[TASK END] 2026-04-20T02:11:46.753134 manifold=torus d=9 sigma=0.75 seed=1 duration=6090.301s
[TASK START] 2026-04-20T02:11:46.776345 manifold=torus d=12 sigma=0.5 n=60000 seed=1
[EST DONE] 2026-04-20T02:12:47.255686 estimator=Levina-Bickel k=3 dur=29.528s seed=1
[EST DONE] 2026-04-20T02:13:14.916576 estimator=Levina-Bickel k=5 dur=27.661s seed=1
[EST DONE] 2026-04-20T02:13:24.943420 estimator=lPCA k=7 dur=165.317s seed=1
[EST DONE] 2026-04-20T02:13:44.213091 estimator=Levina-Bickel k=7 dur=29.296s seed=1
[EST DONE] 2026-04-20T02:14:12.937768 estimator=Levina-Bickel k=10 dur=28.725s seed=1
[EST DONE] 2026-04-20T02:14:42.832031 estimator=Levina-Bickel k=15 dur=29.894s seed=1
[EST DONE] 2026-04-20T02:15:07.952400 estimator=TwoNN (no-k) dur=25.120s seed=1
[EST DONE] 2026-04-20T02:16:25.240955 estimator=lPCA k=10 dur=180.277s seed=1
[EST DONE] 2026-04-20T02:17:25.948346 estimator=DANCo k=3 dur=546.936s seed=1
[EST DONE] 2026-04-20T02:17:54.328207 estimator=lPCA k=15 dur=89.087s seed=1
[EST DONE] 2026-04-20T02:17:59.070295 estimator=MiND k=15 dur=536.016s seed=1
[EST DONE] 2026-04-20T02:18:03.307653 estimator=lPCA k=3 dur=64.972s seed=1
[EST DONE] 2026-04-20T02:19:13.445264 estimator=lPCA k=5 dur=70.137s seed=1
[EST DONE] 2026-04-20T02:20:35.376966 estimator=MiND k=3 dur=322.468s seed=1
[EST DONE] 2026-04-20T02:22:15.580229 estimator=lPCA k=7 dur=182.135s seed=1
[EST DONE] 2026-04-20T02:27:11.766038 estimator=lPCA k=10 dur=296.186s seed=1
[EST DONE] 2026-04-20T02:27:44.064319 estimator=DANCo k=5 dur=618.116s seed=1
[EST DONE] 2026-04-20T02:28:32.010514 estimator=lPCA k=15 dur=80.244s seed=1
[EST DONE] 2026-04-20T02:29:49.707730 estimator=MiND k=5 dur=554.331s seed=1
[EST DONE] 2026-04-20T02:29:50.297796 estimator=DANCo k=3 dur=705.534s seed=1
[EST DONE] 2026-04-20T02:39:24.804069 estimator=FisherS (no-k) dur=1285.734s seed=1
[EST DONE] 2026-04-20T02:40:11.404279 estimator=DANCo k=7 dur=747.340s seed=1
[EST DONE] 2026-04-20T02:42:41.082218 estimator=SMAE (no-k) dur=196.246s seed=1
[TASK END] 2026-04-20T02:42:41.082416 manifold=torus d=7 sigma=0.75 seed=1 duration=14291.054s
[TASK START] 2026-04-20T02:42:41.083217 manifold=torus d=12 sigma=0.75 n=60000 seed=1
[EST DONE] 2026-04-20T02:42:59.513533 estimator=MiND k=7 dur=789.806s seed=1
[EST DONE] 2026-04-20T02:43:07.280717 estimator=Levina-Bickel k=3 dur=9.076s seed=1
[EST DONE] 2026-04-20T02:43:23.615639 estimator=Levina-Bickel k=5 dur=16.335s seed=1
[EST DONE] 2026-04-20T02:43:38.912025 estimator=Levina-Bickel k=7 dur=15.296s seed=1
[EST DONE] 2026-04-20T02:43:56.718214 estimator=Levina-Bickel k=10 dur=17.781s seed=1
[EST DONE] 2026-04-20T02:44:15.995838 estimator=Levina-Bickel k=15 dur=19.277s seed=1
[EST DONE] 2026-04-20T02:44:28.259541 estimator=TwoNN (no-k) dur=12.263s seed=1
[EST DONE] 2026-04-20T02:45:20.373200 estimator=DANCo k=5 dur=930.075s seed=1
[EST DONE] 2026-04-20T02:47:31.239550 estimator=DANCo k=3 dur=997.445s seed=1
[EST DONE] 2026-04-20T02:50:44.962802 estimator=lPCA k=3 dur=203.818s seed=1
[EST DONE] 2026-04-20T02:52:08.048042 estimator=DANCo k=10 dur=716.644s seed=1
[EST DONE] 2026-04-20T02:54:16.623701 estimator=lPCA k=5 dur=211.661s seed=1
[EST DONE] 2026-04-20T02:55:45.551418 estimator=MiND k=10 dur=766.038s seed=1
[EST DONE] 2026-04-20T02:56:03.953413 estimator=DANCo k=3 dur=821.449s seed=1
[EST DONE] 2026-04-20T02:57:53.364840 estimator=lPCA k=7 dur=216.741s seed=1
[EST DONE] 2026-04-20T03:00:34.597800 estimator=lPCA k=10 dur=161.233s seed=1
[EST DONE] 2026-04-20T03:02:10.273213 estimator=DANCo k=7 dur=1009.900s seed=1
[EST DONE] 2026-04-20T03:05:30.910548 estimator=lPCA k=15 dur=296.313s seed=1
[EST DONE] 2026-04-20T03:06:40.932415 estimator=DANCo k=5 dur=1149.693s seed=1
[EST DONE] 2026-04-20T03:07:17.651273 estimator=DANCo k=15 dur=909.571s seed=1
[EST DONE] 2026-04-20T03:07:45.555475 estimator=MiND k=3 dur=19.227s seed=1
[EST DONE] 2026-04-20T03:08:02.802322 estimator=MiND k=5 dur=17.247s seed=1
[EST DONE] 2026-04-20T03:08:11.202675 estimator=MiND k=7 dur=8.400s seed=1
[EST DONE] 2026-04-20T03:08:29.148218 estimator=MiND k=10 dur=17.945s seed=1
[EST DONE] 2026-04-20T03:08:51.115408 estimator=MiND k=15 dur=21.967s seed=1
[EST DONE] 2026-04-20T03:09:19.962740 estimator=MiND k=15 dur=814.411s seed=1
[EST DONE] 2026-04-20T03:11:24.176315 estimator=DANCo k=5 dur=920.223s seed=1
[EST DONE] 2026-04-20T03:20:29.650594 estimator=DANCo k=10 dur=1099.377s seed=1
[EST DONE] 2026-04-20T03:23:36.389628 estimator=DANCo k=7 dur=1015.457s seed=1
[EST DONE] 2026-04-20T03:28:24.646302 estimator=DANCo k=7 dur=1020.470s seed=1
[EST DONE] 2026-04-20T03:30:46.641409 estimator=FisherS (no-k) dur=1315.526s seed=1
[EST DONE] 2026-04-20T03:32:22.949887 estimator=FisherS (no-k) dur=1382.987s seed=1
[EST DONE] 2026-04-20T03:34:50.338302 estimator=SMAE (no-k) dur=243.697s seed=1
[TASK END] 2026-04-20T03:34:50.338452 manifold=torus d=9 sigma=1.0 seed=1 duration=6501.543s
[TASK START] 2026-04-20T03:34:50.364338 manifold=torus d=12 sigma=1.0 n=60000 seed=1
[EST DONE] 2026-04-20T03:34:53.980180 estimator=SMAE (no-k) dur=151.030s seed=1
[TASK END] 2026-04-20T03:34:53.980351 manifold=torus d=7 sigma=1.0 seed=1 duration=16772.561s
[TASK START] 2026-04-20T03:34:53.981473 manifold=torus d=15 sigma=0.0 n=60000 seed=1
[EST DONE] 2026-04-20T03:35:18.334730 estimator=DANCo k=3 dur=896.762s seed=1
[EST DONE] 2026-04-20T03:35:45.141733 estimator=Levina-Bickel k=3 dur=14.704s seed=1
[EST DONE] 2026-04-20T03:35:45.648437 estimator=Levina-Bickel k=3 dur=14.639s seed=1
[EST DONE] 2026-04-20T03:36:09.153424 estimator=Levina-Bickel k=5 dur=23.505s seed=1
[EST DONE] 2026-04-20T03:36:10.449268 estimator=Levina-Bickel k=5 dur=25.307s seed=1
[EST DONE] 2026-04-20T03:36:38.554410 estimator=Levina-Bickel k=7 dur=28.105s seed=1
[EST DONE] 2026-04-20T03:36:38.713748 estimator=Levina-Bickel k=7 dur=29.560s seed=1
[EST DONE] 2026-04-20T03:36:51.079246 estimator=Levina-Bickel k=10 dur=12.525s seed=1
[EST DONE] 2026-04-20T03:36:55.072060 estimator=Levina-Bickel k=10 dur=16.358s seed=1
[EST DONE] 2026-04-20T03:37:10.851702 estimator=Levina-Bickel k=15 dur=19.772s seed=1
[EST DONE] 2026-04-20T03:37:21.688642 estimator=Levina-Bickel k=15 dur=26.616s seed=1
[EST DONE] 2026-04-20T03:37:25.426883 estimator=TwoNN (no-k) dur=14.575s seed=1
[EST DONE] 2026-04-20T03:37:52.357266 estimator=TwoNN (no-k) dur=30.668s seed=1
[EST DONE] 2026-04-20T03:39:39.777210 estimator=DANCo k=15 dur=1150.126s seed=1
[EST DONE] 2026-04-20T03:40:13.009537 estimator=MiND k=3 dur=19.180s seed=1
[EST DONE] 2026-04-20T03:40:23.044496 estimator=MiND k=5 dur=10.035s seed=1
[EST DONE] 2026-04-20T03:40:43.945202 estimator=MiND k=7 dur=20.901s seed=1
[EST DONE] 2026-04-20T03:41:06.236985 estimator=MiND k=10 dur=22.292s seed=1
[EST DONE] 2026-04-20T03:41:23.426454 estimator=MiND k=15 dur=17.189s seed=1
[EST DONE] 2026-04-20T03:42:45.474032 estimator=lPCA k=3 dur=178.194s seed=1
[EST DONE] 2026-04-20T03:43:07.031014 estimator=DANCo k=10 dur=1170.641s seed=1
[EST DONE] 2026-04-20T03:43:19.119859 estimator=lPCA k=3 dur=173.099s seed=1
[EST DONE] 2026-04-20T03:45:01.877569 estimator=DANCo k=10 dur=997.231s seed=1
[EST DONE] 2026-04-20T03:45:12.837532 estimator=lPCA k=5 dur=147.363s seed=1
[EST DONE] 2026-04-20T03:45:34.380698 estimator=lPCA k=5 dur=135.245s seed=1
[EST DONE] 2026-04-20T03:46:46.346731 estimator=lPCA k=7 dur=93.509s seed=1
[EST DONE] 2026-04-20T03:47:18.904381 estimator=lPCA k=7 dur=104.524s seed=1
[EST DONE] 2026-04-20T03:48:06.375251 estimator=DANCo k=5 dur=768.040s seed=1
[EST DONE] 2026-04-20T03:49:26.604163 estimator=lPCA k=10 dur=160.257s seed=1
[EST DONE] 2026-04-20T03:50:08.921079 estimator=lPCA k=10 dur=170.017s seed=1
[EST DONE] 2026-04-20T03:54:43.785939 estimator=lPCA k=15 dur=317.182s seed=1
[EST DONE] 2026-04-20T03:55:29.393390 estimator=lPCA k=15 dur=320.472s seed=1
[EST DONE] 2026-04-20T04:00:44.418478 estimator=FisherS (no-k) dur=1160.992s seed=1
[EST DONE] 2026-04-20T04:02:46.604655 estimator=DANCo k=15 dur=1064.727s seed=1
[EST DONE] 2026-04-20T04:03:04.001248 estimator=DANCo k=15 dur=1196.970s seed=1
[EST DONE] 2026-04-20T04:03:48.236917 estimator=MiND k=3 dur=32.388s seed=1
[EST DONE] 2026-04-20T04:04:08.881738 estimator=MiND k=3 dur=39.335s seed=1
[EST DONE] 2026-04-20T04:04:31.517873 estimator=MiND k=5 dur=43.281s seed=1
[EST DONE] 2026-04-20T04:04:45.706113 estimator=MiND k=5 dur=36.824s seed=1
[EST DONE] 2026-04-20T04:04:54.928156 estimator=MiND k=7 dur=23.410s seed=1
[EST DONE] 2026-04-20T04:04:57.606799 estimator=MiND k=7 dur=11.901s seed=1
[EST DONE] 2026-04-20T04:05:15.771937 estimator=MiND k=10 dur=20.844s seed=1
[EST DONE] 2026-04-20T04:05:28.509449 estimator=MiND k=10 dur=30.902s seed=1
[EST DONE] 2026-04-20T04:05:34.850890 estimator=SMAE (no-k) dur=290.432s seed=1
[TASK END] 2026-04-20T04:05:34.851054 manifold=torus d=12 sigma=0.0 seed=1 duration=7949.444s
[TASK START] 2026-04-20T04:05:34.852100 manifold=torus d=15 sigma=0.25 n=60000 seed=1
[EST DONE] 2026-04-20T04:05:35.011811 estimator=MiND k=15 dur=19.208s seed=1
[EST DONE] 2026-04-20T04:05:50.750157 estimator=MiND k=15 dur=22.241s seed=1
[EST DONE] 2026-04-20T04:06:22.518228 estimator=Levina-Bickel k=3 dur=12.455s seed=1
[EST DONE] 2026-04-20T04:06:39.077577 estimator=Levina-Bickel k=5 dur=16.559s seed=1
[EST DONE] 2026-04-20T04:06:56.726254 estimator=Levina-Bickel k=7 dur=17.649s seed=1
[EST DONE] 2026-04-20T04:07:09.779373 estimator=DANCo k=7 dur=1143.404s seed=1
[EST DONE] 2026-04-20T04:07:12.947496 estimator=Levina-Bickel k=10 dur=16.221s seed=1
[EST DONE] 2026-04-20T04:07:26.520852 estimator=Levina-Bickel k=15 dur=13.573s seed=1
[EST DONE] 2026-04-20T04:07:38.180631 estimator=TwoNN (no-k) dur=11.660s seed=1
[EST DONE] 2026-04-20T04:10:34.052835 estimator=lPCA k=3 dur=86.749s seed=1
[EST DONE] 2026-04-20T04:13:41.685450 estimator=lPCA k=5 dur=187.632s seed=1
[EST DONE] 2026-04-20T04:17:16.920605 estimator=lPCA k=7 dur=215.235s seed=1
[EST DONE] 2026-04-20T04:21:27.426637 estimator=lPCA k=10 dur=250.506s seed=1
[EST DONE] 2026-04-20T04:22:30.527314 estimator=DANCo k=10 dur=920.748s seed=1
[EST DONE] 2026-04-20T04:23:08.994624 estimator=FisherS (no-k) dur=1053.983s seed=1
[EST DONE] 2026-04-20T04:23:21.248072 estimator=lPCA k=15 dur=113.821s seed=1
[EST DONE] 2026-04-20T04:23:23.767299 estimator=DANCo k=3 dur=815.711s seed=1
[EST DONE] 2026-04-20T04:23:33.933948 estimator=FisherS (no-k) dur=1063.184s seed=1
[EST DONE] 2026-04-20T04:24:37.215244 estimator=SMAE (no-k) dur=88.220s seed=1
[TASK END] 2026-04-20T04:24:37.215392 manifold=torus d=12 sigma=0.5 seed=1 duration=7970.439s
[TASK START] 2026-04-20T04:24:37.224285 manifold=torus d=15 sigma=0.5 n=60000 seed=1
[EST DONE] 2026-04-20T04:25:01.875496 estimator=Levina-Bickel k=3 dur=9.327s seed=1
[EST DONE] 2026-04-20T04:25:07.786587 estimator=SMAE (no-k) dur=93.852s seed=1
[TASK END] 2026-04-20T04:25:07.786728 manifold=torus d=12 sigma=0.25 seed=1 duration=8570.166s
[TASK START] 2026-04-20T04:25:07.787782 manifold=torus d=15 sigma=0.75 n=60000 seed=1
[EST DONE] 2026-04-20T04:25:30.233394 estimator=Levina-Bickel k=5 dur=28.358s seed=1
[EST DONE] 2026-04-20T04:26:00.469373 estimator=Levina-Bickel k=7 dur=30.236s seed=1
[EST DONE] 2026-04-20T04:26:05.904269 estimator=Levina-Bickel k=3 dur=30.721s seed=1
[EST DONE] 2026-04-20T04:26:21.568632 estimator=Levina-Bickel k=10 dur=21.099s seed=1
[EST DONE] 2026-04-20T04:26:23.521573 estimator=Levina-Bickel k=5 dur=17.617s seed=1
[EST DONE] 2026-04-20T04:26:50.305523 estimator=Levina-Bickel k=15 dur=28.737s seed=1
[EST DONE] 2026-04-20T04:26:59.364908 estimator=Levina-Bickel k=7 dur=35.843s seed=1
[EST DONE] 2026-04-20T04:27:11.122366 estimator=TwoNN (no-k) dur=20.817s seed=1
[EST DONE] 2026-04-20T04:27:33.436282 estimator=Levina-Bickel k=10 dur=34.071s seed=1
[EST DONE] 2026-04-20T04:27:52.177673 estimator=Levina-Bickel k=15 dur=18.741s seed=1
[EST DONE] 2026-04-20T04:28:23.401294 estimator=TwoNN (no-k) dur=31.223s seed=1
[EST DONE] 2026-04-20T04:29:15.466481 estimator=DANCo k=3 dur=1032.533s seed=1
[EST DONE] 2026-04-20T04:35:48.414647 estimator=lPCA k=3 dur=199.582s seed=1
[EST DONE] 2026-04-20T04:36:18.046836 estimator=lPCA k=3 dur=151.339s seed=1
[EST DONE] 2026-04-20T04:38:30.854338 estimator=lPCA k=5 dur=162.439s seed=1
[EST DONE] 2026-04-20T04:39:09.197594 estimator=lPCA k=5 dur=171.151s seed=1
[EST DONE] 2026-04-20T04:39:25.723821 estimator=DANCo k=5 dur=961.956s seed=1
[EST DONE] 2026-04-20T04:40:38.240947 estimator=DANCo k=15 dur=1087.713s seed=1
[EST DONE] 2026-04-20T04:41:03.739934 estimator=lPCA k=7 dur=152.885s seed=1
[EST DONE] 2026-04-20T04:41:13.350873 estimator=MiND k=3 dur=11.377s seed=1
[EST DONE] 2026-04-20T04:41:24.693675 estimator=MiND k=5 dur=11.343s seed=1
[EST DONE] 2026-04-20T04:41:36.463479 estimator=MiND k=7 dur=11.770s seed=1
[EST DONE] 2026-04-20T04:41:44.314398 estimator=lPCA k=7 dur=155.117s seed=1
[EST DONE] 2026-04-20T04:41:50.594195 estimator=MiND k=10 dur=14.131s seed=1
[EST DONE] 2026-04-20T04:42:07.100021 estimator=MiND k=15 dur=16.506s seed=1
[EST DONE] 2026-04-20T04:42:56.667497 estimator=lPCA k=10 dur=112.927s seed=1
[EST DONE] 2026-04-20T04:44:15.836358 estimator=lPCA k=10 dur=151.522s seed=1
[EST DONE] 2026-04-20T04:46:20.956806 estimator=lPCA k=15 dur=204.289s seed=1
[EST DONE] 2026-04-20T04:48:31.201287 estimator=lPCA k=15 dur=255.365s seed=1
[EST DONE] 2026-04-20T04:51:06.423244 estimator=DANCo k=5 dur=1310.957s seed=1
[EST DONE] 2026-04-20T04:55:16.704774 estimator=DANCo k=7 dur=950.981s seed=1
[EST DONE] 2026-04-20T05:03:27.695363 estimator=DANCo k=3 dur=1255.609s seed=1
[EST DONE] 2026-04-20T05:04:17.165744 estimator=FisherS (no-k) dur=1330.041s seed=1
[EST DONE] 2026-04-20T05:06:52.818585 estimator=SMAE (no-k) dur=155.653s seed=1
[TASK END] 2026-04-20T05:06:52.818808 manifold=torus d=12 sigma=0.75 seed=1 duration=8651.736s
[TASK START] 2026-04-20T05:06:52.819864 manifold=torus d=15 sigma=1.0 n=60000 seed=1
[EST DONE] 2026-04-20T05:07:28.911101 estimator=Levina-Bickel k=3 dur=21.048s seed=1
[EST DONE] 2026-04-20T05:07:40.712009 estimator=Levina-Bickel k=5 dur=11.801s seed=1
[EST DONE] 2026-04-20T05:08:03.815490 estimator=Levina-Bickel k=7 dur=23.087s seed=1
[EST DONE] 2026-04-20T05:08:18.192490 estimator=Levina-Bickel k=10 dur=14.377s seed=1
[EST DONE] 2026-04-20T05:08:44.706964 estimator=Levina-Bickel k=15 dur=26.514s seed=1
[EST DONE] 2026-04-20T05:08:56.207067 estimator=TwoNN (no-k) dur=11.500s seed=1
[EST DONE] 2026-04-20T05:13:46.098384 estimator=DANCo k=10 dur=1109.393s seed=1
[EST DONE] 2026-04-20T05:14:49.486153 estimator=DANCo k=7 dur=1423.063s seed=1
[EST DONE] 2026-04-20T05:15:53.543045 estimator=lPCA k=3 dur=225.023s seed=1
[EST DONE] 2026-04-20T05:19:12.316657 estimator=lPCA k=5 dur=198.773s seed=1
[EST DONE] 2026-04-20T05:22:08.093602 estimator=lPCA k=7 dur=175.777s seed=1
[EST DONE] 2026-04-20T05:27:05.263301 estimator=DANCo k=5 dur=1417.568s seed=1
[EST DONE] 2026-04-20T05:27:50.363410 estimator=lPCA k=10 dur=342.270s seed=1
[EST DONE] 2026-04-20T05:30:07.328142 estimator=lPCA k=15 dur=136.965s seed=1
[EST DONE] 2026-04-20T05:30:25.753555 estimator=DANCo k=3 dur=1324.926s seed=1
[EST DONE] 2026-04-20T05:30:31.674854 estimator=DANCo k=3 dur=1256.916s seed=1
[EST DONE] 2026-04-20T05:34:54.050075 estimator=DANCo k=15 dur=1267.952s seed=1
[EST DONE] 2026-04-20T05:35:40.916546 estimator=MiND k=3 dur=31.618s seed=1
[EST DONE] 2026-04-20T05:36:17.144640 estimator=MiND k=5 dur=36.228s seed=1
[EST DONE] 2026-04-20T05:37:08.142265 estimator=MiND k=7 dur=50.997s seed=1
[EST DONE] 2026-04-20T05:37:49.765008 estimator=MiND k=10 dur=41.623s seed=1
[EST DONE] 2026-04-20T05:38:27.301887 estimator=MiND k=15 dur=37.537s seed=1
[EST DONE] 2026-04-20T05:43:16.560011 estimator=DANCo k=10 dur=1707.074s seed=1
[EST DONE] 2026-04-20T05:49:25.988263 estimator=DANCo k=7 dur=1340.725s seed=1
[EST DONE] 2026-04-20T05:52:08.966805 estimator=DANCo k=5 dur=1303.213s seed=1
[EST DONE] 2026-04-20T05:52:36.769277 estimator=DANCo k=5 dur=1325.094s seed=1
[EST DONE] 2026-04-20T05:59:38.681014 estimator=FisherS (no-k) dur=1271.379s seed=1
[EST DONE] 2026-04-20T06:05:42.406972 estimator=SMAE (no-k) dur=363.726s seed=1
[TASK END] 2026-04-20T06:05:42.407138 manifold=torus d=12 sigma=1.0 seed=1 duration=9052.043s
[EST DONE] 2026-04-20T06:09:24.779249 estimator=DANCo k=15 dur=1568.219s seed=1
[EST DONE] 2026-04-20T06:09:48.796190 estimator=MiND k=3 dur=13.955s seed=1
[EST DONE] 2026-04-20T06:10:02.219549 estimator=MiND k=5 dur=13.423s seed=1
[EST DONE] 2026-04-20T06:10:18.468140 estimator=MiND k=7 dur=16.248s seed=1
[EST DONE] 2026-04-20T06:10:32.021763 estimator=MiND k=10 dur=13.553s seed=1
[EST DONE] 2026-04-20T06:10:48.575331 estimator=MiND k=15 dur=16.553s seed=1
[EST DONE] 2026-04-20T06:11:19.904350 estimator=DANCo k=3 dur=1203.637s seed=1
[EST DONE] 2026-04-20T06:11:57.744021 estimator=DANCo k=10 dur=1351.756s seed=1
[EST DONE] 2026-04-20T06:12:44.366423 estimator=DANCo k=7 dur=1207.597s seed=1
[EST DONE] 2026-04-20T06:12:46.010704 estimator=DANCo k=7 dur=1237.044s seed=1
[EST DONE] 2026-04-20T06:28:34.759295 estimator=FisherS (no-k) dur=1066.184s seed=1
[EST DONE] 2026-04-20T06:29:02.597653 estimator=DANCo k=5 dur=1062.693s seed=1
[EST DONE] 2026-04-20T06:30:05.740846 estimator=SMAE (no-k) dur=90.981s seed=1
[TASK END] 2026-04-20T06:30:05.741129 manifold=torus d=15 sigma=0.0 seed=1 duration=10511.760s
[EST DONE] 2026-04-20T06:31:13.348132 estimator=DANCo k=10 dur=1108.982s seed=1
[EST DONE] 2026-04-20T06:31:23.771661 estimator=DANCo k=10 dur=1117.761s seed=1
[EST DONE] 2026-04-20T06:31:37.519598 estimator=DANCo k=15 dur=1179.775s seed=1
[EST DONE] 2026-04-20T06:32:02.800716 estimator=MiND k=3 dur=17.474s seed=1
[EST DONE] 2026-04-20T06:32:10.149867 estimator=MiND k=5 dur=7.349s seed=1
[EST DONE] 2026-04-20T06:32:30.709062 estimator=MiND k=7 dur=20.559s seed=1
[EST DONE] 2026-04-20T06:32:47.293093 estimator=MiND k=10 dur=16.584s seed=1
[EST DONE] 2026-04-20T06:32:57.276422 estimator=MiND k=15 dur=9.983s seed=1
[EST DONE] 2026-04-20T06:44:52.371987 estimator=DANCo k=7 dur=949.774s seed=1
[EST DONE] 2026-04-20T06:47:15.513733 estimator=FisherS (no-k) dur=858.237s seed=1
[EST DONE] 2026-04-20T06:48:29.394311 estimator=DANCo k=15 dur=1036.046s seed=1
[EST DONE] 2026-04-20T06:49:05.111360 estimator=MiND k=3 dur=26.085s seed=1
[EST DONE] 2026-04-20T06:49:27.589636 estimator=MiND k=5 dur=22.478s seed=1
[EST DONE] 2026-04-20T06:49:34.925730 estimator=SMAE (no-k) dur=139.412s seed=1
[TASK END] 2026-04-20T06:49:34.925878 manifold=torus d=15 sigma=0.25 seed=1 duration=9840.074s
[EST DONE] 2026-04-20T06:49:36.917890 estimator=MiND k=7 dur=9.328s seed=1
[EST DONE] 2026-04-20T06:50:04.042066 estimator=MiND k=10 dur=27.124s seed=1
[EST DONE] 2026-04-20T06:50:05.929559 estimator=DANCo k=15 dur=1122.158s seed=1
[EST DONE] 2026-04-20T06:50:29.857390 estimator=MiND k=15 dur=25.815s seed=1
[EST DONE] 2026-04-20T06:50:41.157971 estimator=MiND k=3 dur=7.142s seed=1
[EST DONE] 2026-04-20T06:51:01.424778 estimator=MiND k=5 dur=20.267s seed=1
[EST DONE] 2026-04-20T06:51:31.749249 estimator=MiND k=7 dur=30.324s seed=1
[EST DONE] 2026-04-20T06:51:53.347468 estimator=MiND k=10 dur=21.598s seed=1
[EST DONE] 2026-04-20T06:52:00.841878 estimator=MiND k=15 dur=7.494s seed=1
[EST DONE] 2026-04-20T06:55:15.538086 estimator=DANCo k=10 dur=623.166s seed=1
[EST DONE] 2026-04-20T06:59:41.134909 estimator=FisherS (no-k) dur=551.277s seed=1
[EST DONE] 2026-04-20T07:00:35.398365 estimator=FisherS (no-k) dur=514.556s seed=1
[EST DONE] 2026-04-20T07:01:49.285062 estimator=SMAE (no-k) dur=128.150s seed=1
[TASK END] 2026-04-20T07:01:49.285191 manifold=torus d=15 sigma=0.75 seed=1 duration=9401.497s
[EST DONE] 2026-04-20T07:02:11.328408 estimator=SMAE (no-k) dur=95.930s seed=1
[TASK END] 2026-04-20T07:02:11.328548 manifold=torus d=15 sigma=0.5 seed=1 duration=9454.104s
[EST DONE] 2026-04-20T07:04:21.323381 estimator=DANCo k=15 dur=545.785s seed=1
[EST DONE] 2026-04-20T07:04:29.732724 estimator=MiND k=3 dur=4.266s seed=1
[EST DONE] 2026-04-20T07:04:33.938899 estimator=MiND k=5 dur=4.206s seed=1
[EST DONE] 2026-04-20T07:04:38.209261 estimator=MiND k=7 dur=4.270s seed=1
[EST DONE] 2026-04-20T07:04:42.453206 estimator=MiND k=10 dur=4.244s seed=1
[EST DONE] 2026-04-20T07:04:46.753324 estimator=MiND k=15 dur=4.300s seed=1
[EST DONE] 2026-04-20T07:09:07.571370 estimator=FisherS (no-k) dur=260.818s seed=1
[EST DONE] 2026-04-20T07:09:46.123897 estimator=SMAE (no-k) dur=38.552s seed=1
[TASK END] 2026-04-20T07:09:46.124032 manifold=torus d=15 sigma=1.0 seed=1 duration=7373.304s
Completed synthetic task manifold=sphere d=5 sigma=0.0 seed=1 in 1339.4s
Completed synthetic task manifold=sphere d=5 sigma=0.25 seed=1 in 1364.9s
Completed synthetic task manifold=sphere d=5 sigma=0.5 seed=1 in 1433.3s
Completed synthetic task manifold=sphere d=5 sigma=0.75 seed=1 in 1445.1s
Completed synthetic task manifold=sphere d=5 sigma=1.0 seed=1 in 1450.5s
Completed synthetic task manifold=sphere d=7 sigma=0.0 seed=1 in 1811.7s
Completed synthetic task manifold=sphere d=7 sigma=0.25 seed=1 in 3443.8s
Completed synthetic task manifold=sphere d=7 sigma=0.5 seed=1 in 3491.4s
Completed synthetic task manifold=sphere d=7 sigma=1.0 seed=1 in 3546.0s
Completed synthetic task manifold=sphere d=7 sigma=0.75 seed=1 in 3555.2s
Completed synthetic task manifold=sphere d=9 sigma=0.0 seed=1 in 3954.2s
Completed synthetic task manifold=sphere d=9 sigma=0.25 seed=1 in 4521.6s
Completed synthetic task manifold=sphere d=9 sigma=0.5 seed=1 in 6339.0s
Completed synthetic task manifold=sphere d=9 sigma=0.75 seed=1 in 6357.6s
Completed synthetic task manifold=sphere d=9 sigma=1.0 seed=1 in 6470.3s
Completed synthetic task manifold=sphere d=15 sigma=0.0 seed=1 in 10260.8s
Completed synthetic task manifold=sphere d=12 sigma=0.0 seed=1 in 13108.3s
Completed synthetic task manifold=sphere d=15 sigma=0.25 seed=1 in 14474.9s
Completed synthetic task manifold=sphere d=12 sigma=0.25 seed=1 in 14864.0s
Completed synthetic task manifold=sphere d=12 sigma=0.5 seed=1 in 14998.6s
Completed synthetic task manifold=sphere d=15 sigma=0.5 seed=1 in 18160.6s
Completed synthetic task manifold=torus d=5 sigma=0.0 seed=1 in 18725.5s
Completed synthetic task manifold=sphere d=12 sigma=1.0 seed=1 in 19146.5s
Completed synthetic task manifold=sphere d=12 sigma=0.75 seed=1 in 19269.2s
Completed synthetic task manifold=sphere d=15 sigma=0.75 seed=1 in 19357.9s
Completed synthetic task manifold=sphere d=15 sigma=1.0 seed=1 in 19531.7s
Completed synthetic task manifold=torus d=5 sigma=0.25 seed=1 in 20332.7s
Completed synthetic task manifold=torus d=5 sigma=0.5 seed=1 in 20902.1s
Completed synthetic task manifold=torus d=5 sigma=0.75 seed=1 in 21553.5s
Completed synthetic task manifold=torus d=5 sigma=1.0 seed=1 in 22241.3s
Completed synthetic task manifold=torus d=7 sigma=0.0 seed=1 in 26099.4s
Completed synthetic task manifold=torus d=9 sigma=0.0 seed=1 in 26637.5s
Completed synthetic task manifold=torus d=7 sigma=0.25 seed=1 in 27248.5s
Completed synthetic task manifold=torus d=9 sigma=0.25 seed=1 in 31820.8s
Completed synthetic task manifold=torus d=7 sigma=0.5 seed=1 in 32217.4s
Completed synthetic task manifold=torus d=9 sigma=0.5 seed=1 in 32769.7s
Completed synthetic task manifold=torus d=9 sigma=0.75 seed=1 in 33338.8s
Completed synthetic task manifold=torus d=7 sigma=0.75 seed=1 in 35193.1s
Completed synthetic task manifold=torus d=9 sigma=1.0 seed=1 in 38322.4s
Completed synthetic task manifold=torus d=7 sigma=1.0 seed=1 in 38326.0s
Completed synthetic task manifold=torus d=12 sigma=0.0 seed=1 in 40166.9s
Completed synthetic task manifold=torus d=12 sigma=0.5 seed=1 in 41309.3s
Completed synthetic task manifold=torus d=12 sigma=0.25 seed=1 in 41339.8s
Completed synthetic task manifold=torus d=12 sigma=0.75 seed=1 in 43844.9s
Completed synthetic task manifold=torus d=12 sigma=1.0 seed=1 in 47374.4s
Completed synthetic task manifold=torus d=15 sigma=0.0 seed=1 in 48837.8s
Completed synthetic task manifold=torus d=15 sigma=0.25 seed=1 in 50007.0s
Completed synthetic task manifold=torus d=15 sigma=0.75 seed=1 in 50741.3s
Completed synthetic task manifold=torus d=15 sigma=0.5 seed=1 in 50763.4s
Completed synthetic task manifold=torus d=15 sigma=1.0 seed=1 in 51218.2s
Wrote per-task synthetic results to results/synthetic_large.task1.csv
Saved results/synthetic_large.csv
Running MNIST autoencoder large experiments...
[MNIST TASK START] 2026-04-20T07:09:46.856477 bottleneck=5 replicate=0 seed=1
[AE START] seed=1 bottleneck=5 epochs=50 subset=0
[AE EPOCH] epoch=1/50 loss=0.095793 epoch_time=1.21s device=cuda
[AE EPOCH] epoch=2/50 loss=0.054350 epoch_time=1.02s device=cuda
[AE EPOCH] epoch=3/50 loss=0.043843 epoch_time=1.04s device=cuda
[AE EPOCH] epoch=4/50 loss=0.039994 epoch_time=1.02s device=cuda
[AE EPOCH] epoch=5/50 loss=0.037857 epoch_time=1.09s device=cuda
[AE EPOCH] epoch=6/50 loss=0.036299 epoch_time=1.14s device=cuda
[AE EPOCH] epoch=7/50 loss=0.035148 epoch_time=0.94s device=cuda
[AE EPOCH] epoch=8/50 loss=0.034320 epoch_time=1.02s device=cuda
[AE EPOCH] epoch=9/50 loss=0.033659 epoch_time=1.08s device=cuda
[AE EPOCH] epoch=10/50 loss=0.033095 epoch_time=1.05s device=cuda
[AE EPOCH] epoch=11/50 loss=0.032597 epoch_time=1.22s device=cuda
[AE EPOCH] epoch=12/50 loss=0.032153 epoch_time=1.05s device=cuda
[AE EPOCH] epoch=13/50 loss=0.031748 epoch_time=1.07s device=cuda
[AE EPOCH] epoch=14/50 loss=0.031372 epoch_time=1.07s device=cuda
[AE EPOCH] epoch=15/50 loss=0.031029 epoch_time=0.99s device=cuda
[AE EPOCH] epoch=16/50 loss=0.030715 epoch_time=1.07s device=cuda
[AE EPOCH] epoch=17/50 loss=0.030427 epoch_time=1.05s device=cuda
[AE EPOCH] epoch=18/50 loss=0.030159 epoch_time=1.15s device=cuda
[AE EPOCH] epoch=19/50 loss=0.029915 epoch_time=1.22s device=cuda
[AE EPOCH] epoch=20/50 loss=0.029684 epoch_time=1.10s device=cuda
[AE EPOCH] epoch=21/50 loss=0.029476 epoch_time=1.12s device=cuda
[AE EPOCH] epoch=22/50 loss=0.029277 epoch_time=1.16s device=cuda
[AE EPOCH] epoch=23/50 loss=0.029097 epoch_time=0.89s device=cuda
[AE EPOCH] epoch=24/50 loss=0.028928 epoch_time=1.05s device=cuda
[AE EPOCH] epoch=25/50 loss=0.028770 epoch_time=0.90s device=cuda
[AE EPOCH] epoch=26/50 loss=0.028622 epoch_time=1.05s device=cuda
[AE EPOCH] epoch=27/50 loss=0.028482 epoch_time=0.99s device=cuda
[AE EPOCH] epoch=28/50 loss=0.028347 epoch_time=1.11s device=cuda
[AE EPOCH] epoch=29/50 loss=0.028222 epoch_time=1.08s device=cuda
[AE EPOCH] epoch=30/50 loss=0.028105 epoch_time=1.12s device=cuda
[AE EPOCH] epoch=31/50 loss=0.027995 epoch_time=1.14s device=cuda
[AE EPOCH] epoch=32/50 loss=0.027891 epoch_time=1.19s device=cuda
[AE EPOCH] epoch=33/50 loss=0.027788 epoch_time=1.09s device=cuda
[AE EPOCH] epoch=34/50 loss=0.027697 epoch_time=1.13s device=cuda
[AE EPOCH] epoch=35/50 loss=0.027603 epoch_time=0.98s device=cuda
[AE EPOCH] epoch=36/50 loss=0.027517 epoch_time=1.12s device=cuda
[AE EPOCH] epoch=37/50 loss=0.027434 epoch_time=1.04s device=cuda
[AE EPOCH] epoch=38/50 loss=0.027351 epoch_time=1.10s device=cuda
[AE EPOCH] epoch=39/50 loss=0.027274 epoch_time=1.01s device=cuda
[AE EPOCH] epoch=40/50 loss=0.027199 epoch_time=1.06s device=cuda
[AE EPOCH] epoch=41/50 loss=0.027131 epoch_time=1.00s device=cuda
[AE EPOCH] epoch=42/50 loss=0.027061 epoch_time=1.06s device=cuda
[AE EPOCH] epoch=43/50 loss=0.026993 epoch_time=1.01s device=cuda
[AE EPOCH] epoch=44/50 loss=0.026926 epoch_time=1.04s device=cuda
[AE EPOCH] epoch=45/50 loss=0.026863 epoch_time=0.99s device=cuda
[AE EPOCH] epoch=46/50 loss=0.026804 epoch_time=1.11s device=cuda
[AE EPOCH] epoch=47/50 loss=0.026742 epoch_time=0.96s device=cuda
[AE EPOCH] epoch=48/50 loss=0.026684 epoch_time=1.01s device=cuda
[AE EPOCH] epoch=49/50 loss=0.026630 epoch_time=1.06s device=cuda
[AE EPOCH] epoch=50/50 loss=0.026575 epoch_time=1.01s device=cuda
[AE TRAIN COMPLETE] total_time=53.22s
[AE TRAIN COMPLETE] 2026-04-20T07:10:49.082761 bottleneck=5 replicate=0 dur=62.2s seed=1
[EST START] 2026-04-20T07:10:49.108150 bottleneck=5 replicate=0 seed=1 estimator=Levina-Bickel k=3 sigma=0.0
[EST DONE] 2026-04-20T07:10:50.309606 bottleneck=5 replicate=0 seed=1 estimator=Levina-Bickel k=3 dur=1.201s
[EST START] 2026-04-20T07:10:50.309716 bottleneck=5 replicate=0 seed=1 estimator=Levina-Bickel k=5 sigma=0.0
[EST DONE] 2026-04-20T07:10:51.674363 bottleneck=5 replicate=0 seed=1 estimator=Levina-Bickel k=5 dur=1.365s
[EST START] 2026-04-20T07:10:51.674478 bottleneck=5 replicate=0 seed=1 estimator=Levina-Bickel k=7 sigma=0.0
[EST DONE] 2026-04-20T07:10:53.213982 bottleneck=5 replicate=0 seed=1 estimator=Levina-Bickel k=7 dur=1.539s
[EST START] 2026-04-20T07:10:53.214160 bottleneck=5 replicate=0 seed=1 estimator=Levina-Bickel k=10 sigma=0.0
[EST DONE] 2026-04-20T07:10:54.979479 bottleneck=5 replicate=0 seed=1 estimator=Levina-Bickel k=10 dur=1.765s
[EST START] 2026-04-20T07:10:54.979599 bottleneck=5 replicate=0 seed=1 estimator=Levina-Bickel k=15 sigma=0.0
[EST DONE] 2026-04-20T07:10:57.104279 bottleneck=5 replicate=0 seed=1 estimator=Levina-Bickel k=15 dur=2.125s
[EST START] 2026-04-20T07:10:57.104460 bottleneck=5 replicate=0 seed=1 estimator=TwoNN k=ALL sigma=0.0
[EST DONE] 2026-04-20T07:10:58.139739 bottleneck=5 replicate=0 seed=1 estimator=TwoNN k=ALL dur=1.035s
[EST START] 2026-04-20T07:10:58.139866 bottleneck=5 replicate=0 seed=1 estimator=lPCA k=3 sigma=0.0
[EST DONE] 2026-04-20T07:11:30.317027 bottleneck=5 replicate=0 seed=1 estimator=lPCA k=3 dur=32.177s
[EST START] 2026-04-20T07:11:30.317141 bottleneck=5 replicate=0 seed=1 estimator=lPCA k=5 sigma=0.0
[EST DONE] 2026-04-20T07:12:03.153608 bottleneck=5 replicate=0 seed=1 estimator=lPCA k=5 dur=32.836s
[EST START] 2026-04-20T07:12:03.153724 bottleneck=5 replicate=0 seed=1 estimator=lPCA k=7 sigma=0.0
[EST DONE] 2026-04-20T07:12:37.115582 bottleneck=5 replicate=0 seed=1 estimator=lPCA k=7 dur=33.962s
[EST START] 2026-04-20T07:12:37.115707 bottleneck=5 replicate=0 seed=1 estimator=lPCA k=10 sigma=0.0
[EST DONE] 2026-04-20T07:13:11.884260 bottleneck=5 replicate=0 seed=1 estimator=lPCA k=10 dur=34.769s
[EST START] 2026-04-20T07:13:11.884378 bottleneck=5 replicate=0 seed=1 estimator=lPCA k=15 sigma=0.0
[EST DONE] 2026-04-20T07:13:47.144916 bottleneck=5 replicate=0 seed=1 estimator=lPCA k=15 dur=35.260s
[EST START] 2026-04-20T07:13:47.145036 bottleneck=5 replicate=0 seed=1 estimator=DANCo k=3 sigma=0.0
[EST DONE] 2026-04-20T07:14:19.779475 bottleneck=5 replicate=0 seed=1 estimator=DANCo k=3 dur=32.634s
[EST START] 2026-04-20T07:14:19.779594 bottleneck=5 replicate=0 seed=1 estimator=DANCo k=5 sigma=0.0
[EST DONE] 2026-04-20T07:14:50.011908 bottleneck=5 replicate=0 seed=1 estimator=DANCo k=5 dur=30.232s
[EST START] 2026-04-20T07:14:50.012062 bottleneck=5 replicate=0 seed=1 estimator=DANCo k=7 sigma=0.0
[EST DONE] 2026-04-20T07:15:20.643625 bottleneck=5 replicate=0 seed=1 estimator=DANCo k=7 dur=30.632s
[EST START] 2026-04-20T07:15:20.643757 bottleneck=5 replicate=0 seed=1 estimator=DANCo k=10 sigma=0.0
[EST DONE] 2026-04-20T07:15:53.760246 bottleneck=5 replicate=0 seed=1 estimator=DANCo k=10 dur=33.116s
[EST START] 2026-04-20T07:15:53.760356 bottleneck=5 replicate=0 seed=1 estimator=DANCo k=15 sigma=0.0
[EST DONE] 2026-04-20T07:16:30.854297 bottleneck=5 replicate=0 seed=1 estimator=DANCo k=15 dur=37.094s
[EST START] 2026-04-20T07:16:30.854429 bottleneck=5 replicate=0 seed=1 estimator=MiND k=3 sigma=0.0
[EST DONE] 2026-04-20T07:16:32.105067 bottleneck=5 replicate=0 seed=1 estimator=MiND k=3 dur=1.251s
[EST START] 2026-04-20T07:16:32.105164 bottleneck=5 replicate=0 seed=1 estimator=MiND k=5 sigma=0.0
[EST DONE] 2026-04-20T07:16:33.564623 bottleneck=5 replicate=0 seed=1 estimator=MiND k=5 dur=1.459s
[EST START] 2026-04-20T07:16:33.564786 bottleneck=5 replicate=0 seed=1 estimator=MiND k=7 sigma=0.0
[EST DONE] 2026-04-20T07:16:35.167669 bottleneck=5 replicate=0 seed=1 estimator=MiND k=7 dur=1.603s
[EST START] 2026-04-20T07:16:35.167799 bottleneck=5 replicate=0 seed=1 estimator=MiND k=10 sigma=0.0
[EST DONE] 2026-04-20T07:16:37.072349 bottleneck=5 replicate=0 seed=1 estimator=MiND k=10 dur=1.905s
[EST START] 2026-04-20T07:16:37.072461 bottleneck=5 replicate=0 seed=1 estimator=MiND k=15 sigma=0.0
[EST DONE] 2026-04-20T07:16:39.250350 bottleneck=5 replicate=0 seed=1 estimator=MiND k=15 dur=2.178s
[EST START] 2026-04-20T07:16:39.250457 bottleneck=5 replicate=0 seed=1 estimator=FisherS k=ALL sigma=0.0
[EST DONE] 2026-04-20T07:21:18.071927 bottleneck=5 replicate=0 seed=1 estimator=FisherS k=ALL dur=278.821s
[EST START] 2026-04-20T07:21:18.072163 bottleneck=5 replicate=0 seed=1 estimator=SMAE k=ALL sigma=0.0
[EST DONE] 2026-04-20T07:21:59.065243 bottleneck=5 replicate=0 seed=1 estimator=SMAE k=ALL dur=40.993s
[EST START] 2026-04-20T07:21:59.078637 bottleneck=5 replicate=0 seed=1 estimator=Levina-Bickel k=3 sigma=0.25
[EST DONE] 2026-04-20T07:22:00.275621 bottleneck=5 replicate=0 seed=1 estimator=Levina-Bickel k=3 dur=1.197s
[EST START] 2026-04-20T07:22:00.275728 bottleneck=5 replicate=0 seed=1 estimator=Levina-Bickel k=5 sigma=0.25
[EST DONE] 2026-04-20T07:22:01.659814 bottleneck=5 replicate=0 seed=1 estimator=Levina-Bickel k=5 dur=1.384s
[EST START] 2026-04-20T07:22:01.659970 bottleneck=5 replicate=0 seed=1 estimator=Levina-Bickel k=7 sigma=0.25
[EST DONE] 2026-04-20T07:22:03.258278 bottleneck=5 replicate=0 seed=1 estimator=Levina-Bickel k=7 dur=1.598s
[EST START] 2026-04-20T07:22:03.258412 bottleneck=5 replicate=0 seed=1 estimator=Levina-Bickel k=10 sigma=0.25
[EST DONE] 2026-04-20T07:22:05.062042 bottleneck=5 replicate=0 seed=1 estimator=Levina-Bickel k=10 dur=1.804s
[EST START] 2026-04-20T07:22:05.062153 bottleneck=5 replicate=0 seed=1 estimator=Levina-Bickel k=15 sigma=0.25
[EST DONE] 2026-04-20T07:22:07.252978 bottleneck=5 replicate=0 seed=1 estimator=Levina-Bickel k=15 dur=2.191s
[EST START] 2026-04-20T07:22:07.253098 bottleneck=5 replicate=0 seed=1 estimator=TwoNN k=ALL sigma=0.25
[EST DONE] 2026-04-20T07:22:08.312592 bottleneck=5 replicate=0 seed=1 estimator=TwoNN k=ALL dur=1.059s
[EST START] 2026-04-20T07:22:08.312747 bottleneck=5 replicate=0 seed=1 estimator=lPCA k=3 sigma=0.25
[EST DONE] 2026-04-20T07:22:41.402343 bottleneck=5 replicate=0 seed=1 estimator=lPCA k=3 dur=33.090s
[EST START] 2026-04-20T07:22:41.402509 bottleneck=5 replicate=0 seed=1 estimator=lPCA k=5 sigma=0.25
[EST DONE] 2026-04-20T07:23:14.881031 bottleneck=5 replicate=0 seed=1 estimator=lPCA k=5 dur=33.478s
[EST START] 2026-04-20T07:23:14.881179 bottleneck=5 replicate=0 seed=1 estimator=lPCA k=7 sigma=0.25
[EST DONE] 2026-04-20T07:23:49.307856 bottleneck=5 replicate=0 seed=1 estimator=lPCA k=7 dur=34.427s
[EST START] 2026-04-20T07:23:49.308029 bottleneck=5 replicate=0 seed=1 estimator=lPCA k=10 sigma=0.25
[EST DONE] 2026-04-20T07:24:24.238980 bottleneck=5 replicate=0 seed=1 estimator=lPCA k=10 dur=34.931s
[EST START] 2026-04-20T07:24:24.239118 bottleneck=5 replicate=0 seed=1 estimator=lPCA k=15 sigma=0.25
[EST DONE] 2026-04-20T07:25:00.075421 bottleneck=5 replicate=0 seed=1 estimator=lPCA k=15 dur=35.836s
[EST START] 2026-04-20T07:25:00.075601 bottleneck=5 replicate=0 seed=1 estimator=DANCo k=3 sigma=0.25
[EST DONE] 2026-04-20T07:25:27.812440 bottleneck=5 replicate=0 seed=1 estimator=DANCo k=3 dur=27.737s
[EST START] 2026-04-20T07:25:27.812692 bottleneck=5 replicate=0 seed=1 estimator=DANCo k=5 sigma=0.25
[EST DONE] 2026-04-20T07:25:58.499383 bottleneck=5 replicate=0 seed=1 estimator=DANCo k=5 dur=30.687s
[EST START] 2026-04-20T07:25:58.499533 bottleneck=5 replicate=0 seed=1 estimator=DANCo k=7 sigma=0.25
[EST DONE] 2026-04-20T07:26:30.687883 bottleneck=5 replicate=0 seed=1 estimator=DANCo k=7 dur=32.188s
[EST START] 2026-04-20T07:26:30.688031 bottleneck=5 replicate=0 seed=1 estimator=DANCo k=10 sigma=0.25
[EST DONE] 2026-04-20T07:27:04.492823 bottleneck=5 replicate=0 seed=1 estimator=DANCo k=10 dur=33.805s
[EST START] 2026-04-20T07:27:04.493002 bottleneck=5 replicate=0 seed=1 estimator=DANCo k=15 sigma=0.25
[EST DONE] 2026-04-20T07:27:43.033543 bottleneck=5 replicate=0 seed=1 estimator=DANCo k=15 dur=38.541s
[EST START] 2026-04-20T07:27:43.033693 bottleneck=5 replicate=0 seed=1 estimator=MiND k=3 sigma=0.25
[EST DONE] 2026-04-20T07:27:44.341470 bottleneck=5 replicate=0 seed=1 estimator=MiND k=3 dur=1.308s
[EST START] 2026-04-20T07:27:44.341642 bottleneck=5 replicate=0 seed=1 estimator=MiND k=5 sigma=0.25
[EST DONE] 2026-04-20T07:27:45.842431 bottleneck=5 replicate=0 seed=1 estimator=MiND k=5 dur=1.501s
[EST START] 2026-04-20T07:27:45.842553 bottleneck=5 replicate=0 seed=1 estimator=MiND k=7 sigma=0.25
[EST DONE] 2026-04-20T07:27:47.473533 bottleneck=5 replicate=0 seed=1 estimator=MiND k=7 dur=1.631s
[EST START] 2026-04-20T07:27:47.473636 bottleneck=5 replicate=0 seed=1 estimator=MiND k=10 sigma=0.25
[EST DONE] 2026-04-20T07:27:49.103858 bottleneck=5 replicate=0 seed=1 estimator=MiND k=10 dur=1.630s
[EST START] 2026-04-20T07:27:49.103963 bottleneck=5 replicate=0 seed=1 estimator=MiND k=15 sigma=0.25
[EST DONE] 2026-04-20T07:27:51.395916 bottleneck=5 replicate=0 seed=1 estimator=MiND k=15 dur=2.292s
[EST START] 2026-04-20T07:27:51.396037 bottleneck=5 replicate=0 seed=1 estimator=FisherS k=ALL sigma=0.25
[EST DONE] 2026-04-20T07:31:56.111728 bottleneck=5 replicate=0 seed=1 estimator=FisherS k=ALL dur=244.716s
[EST START] 2026-04-20T07:31:56.112008 bottleneck=5 replicate=0 seed=1 estimator=SMAE k=ALL sigma=0.25
[EST DONE] 2026-04-20T07:32:33.345024 bottleneck=5 replicate=0 seed=1 estimator=SMAE k=ALL dur=37.233s
[EST START] 2026-04-20T07:32:33.356658 bottleneck=5 replicate=0 seed=1 estimator=Levina-Bickel k=3 sigma=0.5
[EST DONE] 2026-04-20T07:32:34.483521 bottleneck=5 replicate=0 seed=1 estimator=Levina-Bickel k=3 dur=1.127s
[EST START] 2026-04-20T07:32:34.483631 bottleneck=5 replicate=0 seed=1 estimator=Levina-Bickel k=5 sigma=0.5
[EST DONE] 2026-04-20T07:32:35.838952 bottleneck=5 replicate=0 seed=1 estimator=Levina-Bickel k=5 dur=1.355s
[EST START] 2026-04-20T07:32:35.839059 bottleneck=5 replicate=0 seed=1 estimator=Levina-Bickel k=7 sigma=0.5
[EST DONE] 2026-04-20T07:32:37.473807 bottleneck=5 replicate=0 seed=1 estimator=Levina-Bickel k=7 dur=1.635s
[EST START] 2026-04-20T07:32:37.473920 bottleneck=5 replicate=0 seed=1 estimator=Levina-Bickel k=10 sigma=0.5
[EST DONE] 2026-04-20T07:32:39.319305 bottleneck=5 replicate=0 seed=1 estimator=Levina-Bickel k=10 dur=1.845s
[EST START] 2026-04-20T07:32:39.319516 bottleneck=5 replicate=0 seed=1 estimator=Levina-Bickel k=15 sigma=0.5
[EST DONE] 2026-04-20T07:32:41.442079 bottleneck=5 replicate=0 seed=1 estimator=Levina-Bickel k=15 dur=2.123s
[EST START] 2026-04-20T07:32:41.442197 bottleneck=5 replicate=0 seed=1 estimator=TwoNN k=ALL sigma=0.5
[EST DONE] 2026-04-20T07:32:42.425228 bottleneck=5 replicate=0 seed=1 estimator=TwoNN k=ALL dur=0.983s
[EST START] 2026-04-20T07:32:42.425418 bottleneck=5 replicate=0 seed=1 estimator=lPCA k=3 sigma=0.5
[EST DONE] 2026-04-20T07:33:15.154570 bottleneck=5 replicate=0 seed=1 estimator=lPCA k=3 dur=32.729s
[EST START] 2026-04-20T07:33:15.154703 bottleneck=5 replicate=0 seed=1 estimator=lPCA k=5 sigma=0.5
[EST DONE] 2026-04-20T07:33:48.057751 bottleneck=5 replicate=0 seed=1 estimator=lPCA k=5 dur=32.903s
[EST START] 2026-04-20T07:33:48.057895 bottleneck=5 replicate=0 seed=1 estimator=lPCA k=7 sigma=0.5
[EST DONE] 2026-04-20T07:34:22.504053 bottleneck=5 replicate=0 seed=1 estimator=lPCA k=7 dur=34.446s
[EST START] 2026-04-20T07:34:22.504255 bottleneck=5 replicate=0 seed=1 estimator=lPCA k=10 sigma=0.5
[EST DONE] 2026-04-20T07:34:57.215902 bottleneck=5 replicate=0 seed=1 estimator=lPCA k=10 dur=34.712s
[EST START] 2026-04-20T07:34:57.216023 bottleneck=5 replicate=0 seed=1 estimator=lPCA k=15 sigma=0.5
[EST DONE] 2026-04-20T07:35:33.113185 bottleneck=5 replicate=0 seed=1 estimator=lPCA k=15 dur=35.897s
[EST START] 2026-04-20T07:35:33.113345 bottleneck=5 replicate=0 seed=1 estimator=DANCo k=3 sigma=0.5
[EST DONE] 2026-04-20T07:36:00.598385 bottleneck=5 replicate=0 seed=1 estimator=DANCo k=3 dur=27.485s
[EST START] 2026-04-20T07:36:00.598505 bottleneck=5 replicate=0 seed=1 estimator=DANCo k=5 sigma=0.5
[EST DONE] 2026-04-20T07:36:30.134724 bottleneck=5 replicate=0 seed=1 estimator=DANCo k=5 dur=29.536s
[EST START] 2026-04-20T07:36:30.134872 bottleneck=5 replicate=0 seed=1 estimator=DANCo k=7 sigma=0.5
[EST DONE] 2026-04-20T07:37:02.115625 bottleneck=5 replicate=0 seed=1 estimator=DANCo k=7 dur=31.981s
[EST START] 2026-04-20T07:37:02.115857 bottleneck=5 replicate=0 seed=1 estimator=DANCo k=10 sigma=0.5
[EST DONE] 2026-04-20T07:37:35.962938 bottleneck=5 replicate=0 seed=1 estimator=DANCo k=10 dur=33.847s
[EST START] 2026-04-20T07:37:35.963076 bottleneck=5 replicate=0 seed=1 estimator=DANCo k=15 sigma=0.5
[EST DONE] 2026-04-20T07:38:14.493859 bottleneck=5 replicate=0 seed=1 estimator=DANCo k=15 dur=38.531s
[EST START] 2026-04-20T07:38:14.494000 bottleneck=5 replicate=0 seed=1 estimator=MiND k=3 sigma=0.5
[EST DONE] 2026-04-20T07:38:15.728613 bottleneck=5 replicate=0 seed=1 estimator=MiND k=3 dur=1.235s
[EST START] 2026-04-20T07:38:15.728742 bottleneck=5 replicate=0 seed=1 estimator=MiND k=5 sigma=0.5
[EST DONE] 2026-04-20T07:38:17.165546 bottleneck=5 replicate=0 seed=1 estimator=MiND k=5 dur=1.437s
[EST START] 2026-04-20T07:38:17.165650 bottleneck=5 replicate=0 seed=1 estimator=MiND k=7 sigma=0.5
[EST DONE] 2026-04-20T07:38:18.831478 bottleneck=5 replicate=0 seed=1 estimator=MiND k=7 dur=1.666s
[EST START] 2026-04-20T07:38:18.831667 bottleneck=5 replicate=0 seed=1 estimator=MiND k=10 sigma=0.5
[EST DONE] 2026-04-20T07:38:20.743128 bottleneck=5 replicate=0 seed=1 estimator=MiND k=10 dur=1.911s
[EST START] 2026-04-20T07:38:20.743262 bottleneck=5 replicate=0 seed=1 estimator=MiND k=15 sigma=0.5
[EST DONE] 2026-04-20T07:38:22.972380 bottleneck=5 replicate=0 seed=1 estimator=MiND k=15 dur=2.229s
[EST START] 2026-04-20T07:38:22.972487 bottleneck=5 replicate=0 seed=1 estimator=FisherS k=ALL sigma=0.5
[EST DONE] 2026-04-20T07:42:27.805542 bottleneck=5 replicate=0 seed=1 estimator=FisherS k=ALL dur=244.833s
[EST START] 2026-04-20T07:42:27.805756 bottleneck=5 replicate=0 seed=1 estimator=SMAE k=ALL sigma=0.5
[EST DONE] 2026-04-20T07:43:06.248611 bottleneck=5 replicate=0 seed=1 estimator=SMAE k=ALL dur=38.443s
[EST START] 2026-04-20T07:43:06.258446 bottleneck=5 replicate=0 seed=1 estimator=Levina-Bickel k=3 sigma=0.75
[EST DONE] 2026-04-20T07:43:07.450454 bottleneck=5 replicate=0 seed=1 estimator=Levina-Bickel k=3 dur=1.192s
[EST START] 2026-04-20T07:43:07.450645 bottleneck=5 replicate=0 seed=1 estimator=Levina-Bickel k=5 sigma=0.75
[EST DONE] 2026-04-20T07:43:08.909553 bottleneck=5 replicate=0 seed=1 estimator=Levina-Bickel k=5 dur=1.459s
[EST START] 2026-04-20T07:43:08.909665 bottleneck=5 replicate=0 seed=1 estimator=Levina-Bickel k=7 sigma=0.75
[EST DONE] 2026-04-20T07:43:10.261710 bottleneck=5 replicate=0 seed=1 estimator=Levina-Bickel k=7 dur=1.352s
[EST START] 2026-04-20T07:43:10.261885 bottleneck=5 replicate=0 seed=1 estimator=Levina-Bickel k=10 sigma=0.75
[EST DONE] 2026-04-20T07:43:12.146318 bottleneck=5 replicate=0 seed=1 estimator=Levina-Bickel k=10 dur=1.884s
[EST START] 2026-04-20T07:43:12.146440 bottleneck=5 replicate=0 seed=1 estimator=Levina-Bickel k=15 sigma=0.75
[EST DONE] 2026-04-20T07:43:14.330684 bottleneck=5 replicate=0 seed=1 estimator=Levina-Bickel k=15 dur=2.184s
[EST START] 2026-04-20T07:43:14.330840 bottleneck=5 replicate=0 seed=1 estimator=TwoNN k=ALL sigma=0.75
[EST DONE] 2026-04-20T07:43:15.372847 bottleneck=5 replicate=0 seed=1 estimator=TwoNN k=ALL dur=1.042s
[EST START] 2026-04-20T07:43:15.372974 bottleneck=5 replicate=0 seed=1 estimator=lPCA k=3 sigma=0.75
[EST DONE] 2026-04-20T07:43:48.178897 bottleneck=5 replicate=0 seed=1 estimator=lPCA k=3 dur=32.806s
[EST START] 2026-04-20T07:43:48.179039 bottleneck=5 replicate=0 seed=1 estimator=lPCA k=5 sigma=0.75
[EST DONE] 2026-04-20T07:44:22.035957 bottleneck=5 replicate=0 seed=1 estimator=lPCA k=5 dur=33.857s
[EST START] 2026-04-20T07:44:22.036177 bottleneck=5 replicate=0 seed=1 estimator=lPCA k=7 sigma=0.75
[EST DONE] 2026-04-20T07:44:56.726417 bottleneck=5 replicate=0 seed=1 estimator=lPCA k=7 dur=34.690s
[EST START] 2026-04-20T07:44:56.726593 bottleneck=5 replicate=0 seed=1 estimator=lPCA k=10 sigma=0.75
[EST DONE] 2026-04-20T07:45:31.800905 bottleneck=5 replicate=0 seed=1 estimator=lPCA k=10 dur=35.074s
[EST START] 2026-04-20T07:45:31.801054 bottleneck=5 replicate=0 seed=1 estimator=lPCA k=15 sigma=0.75
[EST DONE] 2026-04-20T07:46:07.743467 bottleneck=5 replicate=0 seed=1 estimator=lPCA k=15 dur=35.942s
[EST START] 2026-04-20T07:46:07.743625 bottleneck=5 replicate=0 seed=1 estimator=DANCo k=3 sigma=0.75
[EST DONE] 2026-04-20T07:46:35.308246 bottleneck=5 replicate=0 seed=1 estimator=DANCo k=3 dur=27.565s
[EST START] 2026-04-20T07:46:35.308384 bottleneck=5 replicate=0 seed=1 estimator=DANCo k=5 sigma=0.75
[EST DONE] 2026-04-20T07:47:05.463658 bottleneck=5 replicate=0 seed=1 estimator=DANCo k=5 dur=30.155s
[EST START] 2026-04-20T07:47:05.463884 bottleneck=5 replicate=0 seed=1 estimator=DANCo k=7 sigma=0.75
[EST DONE] 2026-04-20T07:47:37.411573 bottleneck=5 replicate=0 seed=1 estimator=DANCo k=7 dur=31.948s
[EST START] 2026-04-20T07:47:37.411737 bottleneck=5 replicate=0 seed=1 estimator=DANCo k=10 sigma=0.75
[EST DONE] 2026-04-20T07:48:11.729249 bottleneck=5 replicate=0 seed=1 estimator=DANCo k=10 dur=34.317s
[EST START] 2026-04-20T07:48:11.729381 bottleneck=5 replicate=0 seed=1 estimator=DANCo k=15 sigma=0.75
[EST DONE] 2026-04-20T07:48:49.917412 bottleneck=5 replicate=0 seed=1 estimator=DANCo k=15 dur=38.188s
[EST START] 2026-04-20T07:48:49.917581 bottleneck=5 replicate=0 seed=1 estimator=MiND k=3 sigma=0.75
[EST DONE] 2026-04-20T07:48:51.235106 bottleneck=5 replicate=0 seed=1 estimator=MiND k=3 dur=1.318s
[EST START] 2026-04-20T07:48:51.235231 bottleneck=5 replicate=0 seed=1 estimator=MiND k=5 sigma=0.75
[EST DONE] 2026-04-20T07:48:52.714957 bottleneck=5 replicate=0 seed=1 estimator=MiND k=5 dur=1.480s
[EST START] 2026-04-20T07:48:52.715151 bottleneck=5 replicate=0 seed=1 estimator=MiND k=7 sigma=0.75
[EST DONE] 2026-04-20T07:48:54.364002 bottleneck=5 replicate=0 seed=1 estimator=MiND k=7 dur=1.649s
[EST START] 2026-04-20T07:48:54.364116 bottleneck=5 replicate=0 seed=1 estimator=MiND k=10 sigma=0.75
[EST DONE] 2026-04-20T07:48:56.210578 bottleneck=5 replicate=0 seed=1 estimator=MiND k=10 dur=1.846s
[EST START] 2026-04-20T07:48:56.210712 bottleneck=5 replicate=0 seed=1 estimator=MiND k=15 sigma=0.75
[EST DONE] 2026-04-20T07:48:58.397042 bottleneck=5 replicate=0 seed=1 estimator=MiND k=15 dur=2.186s
[EST START] 2026-04-20T07:48:58.397150 bottleneck=5 replicate=0 seed=1 estimator=FisherS k=ALL sigma=0.75
[EST DONE] 2026-04-20T07:53:05.633767 bottleneck=5 replicate=0 seed=1 estimator=FisherS k=ALL dur=247.237s
[EST START] 2026-04-20T07:53:05.633942 bottleneck=5 replicate=0 seed=1 estimator=SMAE k=ALL sigma=0.75
[EST DONE] 2026-04-20T07:53:42.930583 bottleneck=5 replicate=0 seed=1 estimator=SMAE k=ALL dur=37.297s
[EST START] 2026-04-20T07:53:42.942121 bottleneck=5 replicate=0 seed=1 estimator=Levina-Bickel k=3 sigma=1.0
[EST DONE] 2026-04-20T07:53:44.174145 bottleneck=5 replicate=0 seed=1 estimator=Levina-Bickel k=3 dur=1.232s
[EST START] 2026-04-20T07:53:44.174247 bottleneck=5 replicate=0 seed=1 estimator=Levina-Bickel k=5 sigma=1.0
[EST DONE] 2026-04-20T07:53:45.610960 bottleneck=5 replicate=0 seed=1 estimator=Levina-Bickel k=5 dur=1.437s
[EST START] 2026-04-20T07:53:45.611062 bottleneck=5 replicate=0 seed=1 estimator=Levina-Bickel k=7 sigma=1.0
[EST DONE] 2026-04-20T07:53:47.318464 bottleneck=5 replicate=0 seed=1 estimator=Levina-Bickel k=7 dur=1.707s
[EST START] 2026-04-20T07:53:47.318574 bottleneck=5 replicate=0 seed=1 estimator=Levina-Bickel k=10 sigma=1.0
[EST DONE] 2026-04-20T07:53:49.083736 bottleneck=5 replicate=0 seed=1 estimator=Levina-Bickel k=10 dur=1.765s
[EST START] 2026-04-20T07:53:49.083842 bottleneck=5 replicate=0 seed=1 estimator=Levina-Bickel k=15 sigma=1.0
[EST DONE] 2026-04-20T07:53:51.193699 bottleneck=5 replicate=0 seed=1 estimator=Levina-Bickel k=15 dur=2.110s
[EST START] 2026-04-20T07:53:51.193896 bottleneck=5 replicate=0 seed=1 estimator=TwoNN k=ALL sigma=1.0
[EST DONE] 2026-04-20T07:53:52.221335 bottleneck=5 replicate=0 seed=1 estimator=TwoNN k=ALL dur=1.027s
[EST START] 2026-04-20T07:53:52.221488 bottleneck=5 replicate=0 seed=1 estimator=lPCA k=3 sigma=1.0
[EST DONE] 2026-04-20T07:54:25.362811 bottleneck=5 replicate=0 seed=1 estimator=lPCA k=3 dur=33.141s
[EST START] 2026-04-20T07:54:25.363017 bottleneck=5 replicate=0 seed=1 estimator=lPCA k=5 sigma=1.0
[EST DONE] 2026-04-20T07:54:58.892437 bottleneck=5 replicate=0 seed=1 estimator=lPCA k=5 dur=33.529s
[EST START] 2026-04-20T07:54:58.892593 bottleneck=5 replicate=0 seed=1 estimator=lPCA k=7 sigma=1.0
[EST DONE] 2026-04-20T07:55:33.587615 bottleneck=5 replicate=0 seed=1 estimator=lPCA k=7 dur=34.695s
[EST START] 2026-04-20T07:55:33.587735 bottleneck=5 replicate=0 seed=1 estimator=lPCA k=10 sigma=1.0
[EST DONE] 2026-04-20T07:56:08.586453 bottleneck=5 replicate=0 seed=1 estimator=lPCA k=10 dur=34.999s
[EST START] 2026-04-20T07:56:08.586671 bottleneck=5 replicate=0 seed=1 estimator=lPCA k=15 sigma=1.0
[EST DONE] 2026-04-20T07:56:44.922393 bottleneck=5 replicate=0 seed=1 estimator=lPCA k=15 dur=36.336s
[EST START] 2026-04-20T07:56:44.922590 bottleneck=5 replicate=0 seed=1 estimator=DANCo k=3 sigma=1.0
[EST DONE] 2026-04-20T07:57:13.602488 bottleneck=5 replicate=0 seed=1 estimator=DANCo k=3 dur=28.680s
[EST START] 2026-04-20T07:57:13.602637 bottleneck=5 replicate=0 seed=1 estimator=DANCo k=5 sigma=1.0
[EST DONE] 2026-04-20T07:57:44.518234 bottleneck=5 replicate=0 seed=1 estimator=DANCo k=5 dur=30.916s
[EST START] 2026-04-20T07:57:44.518388 bottleneck=5 replicate=0 seed=1 estimator=DANCo k=7 sigma=1.0
[EST DONE] 2026-04-20T07:58:17.057181 bottleneck=5 replicate=0 seed=1 estimator=DANCo k=7 dur=32.539s
[EST START] 2026-04-20T07:58:17.057346 bottleneck=5 replicate=0 seed=1 estimator=DANCo k=10 sigma=1.0
[EST DONE] 2026-04-20T07:58:51.728604 bottleneck=5 replicate=0 seed=1 estimator=DANCo k=10 dur=34.671s
[EST START] 2026-04-20T07:58:51.728808 bottleneck=5 replicate=0 seed=1 estimator=DANCo k=15 sigma=1.0
[EST DONE] 2026-04-20T07:59:31.320571 bottleneck=5 replicate=0 seed=1 estimator=DANCo k=15 dur=39.592s
[EST START] 2026-04-20T07:59:31.320725 bottleneck=5 replicate=0 seed=1 estimator=MiND k=3 sigma=1.0
[EST DONE] 2026-04-20T07:59:32.643567 bottleneck=5 replicate=0 seed=1 estimator=MiND k=3 dur=1.323s
[EST START] 2026-04-20T07:59:32.643668 bottleneck=5 replicate=0 seed=1 estimator=MiND k=5 sigma=1.0
[EST DONE] 2026-04-20T07:59:34.189098 bottleneck=5 replicate=0 seed=1 estimator=MiND k=5 dur=1.545s
[EST START] 2026-04-20T07:59:34.189198 bottleneck=5 replicate=0 seed=1 estimator=MiND k=7 sigma=1.0
[EST DONE] 2026-04-20T07:59:35.883552 bottleneck=5 replicate=0 seed=1 estimator=MiND k=7 dur=1.694s
[EST START] 2026-04-20T07:59:35.883678 bottleneck=5 replicate=0 seed=1 estimator=MiND k=10 sigma=1.0
[EST DONE] 2026-04-20T07:59:37.842960 bottleneck=5 replicate=0 seed=1 estimator=MiND k=10 dur=1.959s
[EST START] 2026-04-20T07:59:37.843114 bottleneck=5 replicate=0 seed=1 estimator=MiND k=15 sigma=1.0
[EST DONE] 2026-04-20T07:59:40.106878 bottleneck=5 replicate=0 seed=1 estimator=MiND k=15 dur=2.264s
[EST START] 2026-04-20T07:59:40.106986 bottleneck=5 replicate=0 seed=1 estimator=FisherS k=ALL sigma=1.0
[EST DONE] 2026-04-20T08:03:47.844671 bottleneck=5 replicate=0 seed=1 estimator=FisherS k=ALL dur=247.738s
[EST START] 2026-04-20T08:03:47.844862 bottleneck=5 replicate=0 seed=1 estimator=SMAE k=ALL sigma=1.0
[EST DONE] 2026-04-20T08:04:24.483220 bottleneck=5 replicate=0 seed=1 estimator=SMAE k=ALL dur=36.638s
[MNIST TASK START] 2026-04-20T08:04:24.483475 bottleneck=7 replicate=0 seed=1
[AE START] seed=1 bottleneck=7 epochs=50 subset=0
[AE EPOCH] epoch=1/50 loss=0.093858 epoch_time=1.50s device=cuda
[AE EPOCH] epoch=2/50 loss=0.051810 epoch_time=1.01s device=cuda
[AE EPOCH] epoch=3/50 loss=0.040745 epoch_time=1.02s device=cuda
[AE EPOCH] epoch=4/50 loss=0.036030 epoch_time=1.01s device=cuda
[AE EPOCH] epoch=5/50 loss=0.033360 epoch_time=1.02s device=cuda
[AE EPOCH] epoch=6/50 loss=0.031724 epoch_time=0.96s device=cuda
[AE EPOCH] epoch=7/50 loss=0.030590 epoch_time=1.04s device=cuda
[AE EPOCH] epoch=8/50 loss=0.029716 epoch_time=0.99s device=cuda
[AE EPOCH] epoch=9/50 loss=0.029001 epoch_time=1.01s device=cuda
[AE EPOCH] epoch=10/50 loss=0.028391 epoch_time=0.99s device=cuda
[AE EPOCH] epoch=11/50 loss=0.027857 epoch_time=1.01s device=cuda
[AE EPOCH] epoch=12/50 loss=0.027382 epoch_time=1.05s device=cuda
[AE EPOCH] epoch=13/50 loss=0.026955 epoch_time=1.18s device=cuda
[AE EPOCH] epoch=14/50 loss=0.026565 epoch_time=1.05s device=cuda
[AE EPOCH] epoch=15/50 loss=0.026207 epoch_time=1.07s device=cuda
[AE EPOCH] epoch=16/50 loss=0.025878 epoch_time=0.99s device=cuda
[AE EPOCH] epoch=17/50 loss=0.025571 epoch_time=1.02s device=cuda
[AE EPOCH] epoch=18/50 loss=0.025287 epoch_time=1.04s device=cuda
[AE EPOCH] epoch=19/50 loss=0.025026 epoch_time=0.98s device=cuda
[AE EPOCH] epoch=20/50 loss=0.024781 epoch_time=1.02s device=cuda
[AE EPOCH] epoch=21/50 loss=0.024548 epoch_time=0.98s device=cuda
[AE EPOCH] epoch=22/50 loss=0.024334 epoch_time=1.01s device=cuda
[AE EPOCH] epoch=23/50 loss=0.024135 epoch_time=1.02s device=cuda
[AE EPOCH] epoch=24/50 loss=0.023947 epoch_time=1.02s device=cuda
[AE EPOCH] epoch=25/50 loss=0.023775 epoch_time=0.94s device=cuda
[AE EPOCH] epoch=26/50 loss=0.023610 epoch_time=0.98s device=cuda
[AE EPOCH] epoch=27/50 loss=0.023454 epoch_time=1.03s device=cuda
[AE EPOCH] epoch=28/50 loss=0.023310 epoch_time=1.07s device=cuda
[AE EPOCH] epoch=29/50 loss=0.023172 epoch_time=1.01s device=cuda
[AE EPOCH] epoch=30/50 loss=0.023042 epoch_time=0.98s device=cuda
[AE EPOCH] epoch=31/50 loss=0.022918 epoch_time=1.01s device=cuda
[AE EPOCH] epoch=32/50 loss=0.022799 epoch_time=0.98s device=cuda
[AE EPOCH] epoch=33/50 loss=0.022685 epoch_time=1.03s device=cuda
[AE EPOCH] epoch=34/50 loss=0.022580 epoch_time=1.13s device=cuda
[AE EPOCH] epoch=35/50 loss=0.022478 epoch_time=1.01s device=cuda
[AE EPOCH] epoch=36/50 loss=0.022379 epoch_time=1.00s device=cuda
[AE EPOCH] epoch=37/50 loss=0.022286 epoch_time=1.15s device=cuda
[AE EPOCH] epoch=38/50 loss=0.022197 epoch_time=1.03s device=cuda
[AE EPOCH] epoch=39/50 loss=0.022111 epoch_time=1.05s device=cuda
[AE EPOCH] epoch=40/50 loss=0.022028 epoch_time=1.00s device=cuda
[AE EPOCH] epoch=41/50 loss=0.021947 epoch_time=1.04s device=cuda
[AE EPOCH] epoch=42/50 loss=0.021871 epoch_time=1.02s device=cuda
[AE EPOCH] epoch=43/50 loss=0.021796 epoch_time=1.04s device=cuda
[AE EPOCH] epoch=44/50 loss=0.021725 epoch_time=1.10s device=cuda
[AE EPOCH] epoch=45/50 loss=0.021655 epoch_time=0.97s device=cuda
[AE EPOCH] epoch=46/50 loss=0.021590 epoch_time=0.97s device=cuda
[AE EPOCH] epoch=47/50 loss=0.021523 epoch_time=1.02s device=cuda
[AE EPOCH] epoch=48/50 loss=0.021462 epoch_time=1.04s device=cuda
[AE EPOCH] epoch=49/50 loss=0.021401 epoch_time=0.99s device=cuda
[AE EPOCH] epoch=50/50 loss=0.021340 epoch_time=1.02s device=cuda
[AE TRAIN COMPLETE] total_time=51.65s
[AE TRAIN COMPLETE] 2026-04-20T08:05:23.611772 bottleneck=7 replicate=0 dur=59.1s seed=1
[EST START] 2026-04-20T08:05:23.633722 bottleneck=7 replicate=0 seed=1 estimator=Levina-Bickel k=3 sigma=0.0
[EST DONE] 2026-04-20T08:05:26.705449 bottleneck=7 replicate=0 seed=1 estimator=Levina-Bickel k=3 dur=3.072s
[EST START] 2026-04-20T08:05:26.705583 bottleneck=7 replicate=0 seed=1 estimator=Levina-Bickel k=5 sigma=0.0
[EST DONE] 2026-04-20T08:05:30.341853 bottleneck=7 replicate=0 seed=1 estimator=Levina-Bickel k=5 dur=3.636s
[EST START] 2026-04-20T08:05:30.342009 bottleneck=7 replicate=0 seed=1 estimator=Levina-Bickel k=7 sigma=0.0
[EST DONE] 2026-04-20T08:05:33.995144 bottleneck=7 replicate=0 seed=1 estimator=Levina-Bickel k=7 dur=3.653s
[EST START] 2026-04-20T08:05:33.995285 bottleneck=7 replicate=0 seed=1 estimator=Levina-Bickel k=10 sigma=0.0
[EST DONE] 2026-04-20T08:05:38.846547 bottleneck=7 replicate=0 seed=1 estimator=Levina-Bickel k=10 dur=4.851s
[EST START] 2026-04-20T08:05:38.846672 bottleneck=7 replicate=0 seed=1 estimator=Levina-Bickel k=15 sigma=0.0
[EST DONE] 2026-04-20T08:05:44.149578 bottleneck=7 replicate=0 seed=1 estimator=Levina-Bickel k=15 dur=5.303s
[EST START] 2026-04-20T08:05:44.149751 bottleneck=7 replicate=0 seed=1 estimator=TwoNN k=ALL sigma=0.0
[EST DONE] 2026-04-20T08:05:46.808996 bottleneck=7 replicate=0 seed=1 estimator=TwoNN k=ALL dur=2.659s
[EST START] 2026-04-20T08:05:46.809129 bottleneck=7 replicate=0 seed=1 estimator=lPCA k=3 sigma=0.0
[EST DONE] 2026-04-20T08:06:21.465644 bottleneck=7 replicate=0 seed=1 estimator=lPCA k=3 dur=34.656s
[EST START] 2026-04-20T08:06:21.465813 bottleneck=7 replicate=0 seed=1 estimator=lPCA k=5 sigma=0.0
[EST DONE] 2026-04-20T08:06:57.579683 bottleneck=7 replicate=0 seed=1 estimator=lPCA k=5 dur=36.114s
[EST START] 2026-04-20T08:06:57.579832 bottleneck=7 replicate=0 seed=1 estimator=lPCA k=7 sigma=0.0
[EST DONE] 2026-04-20T08:07:34.260432 bottleneck=7 replicate=0 seed=1 estimator=lPCA k=7 dur=36.681s
[EST START] 2026-04-20T08:07:34.260576 bottleneck=7 replicate=0 seed=1 estimator=lPCA k=10 sigma=0.0
[EST DONE] 2026-04-20T08:08:17.198303 bottleneck=7 replicate=0 seed=1 estimator=lPCA k=10 dur=42.938s
[EST START] 2026-04-20T08:08:17.198470 bottleneck=7 replicate=0 seed=1 estimator=lPCA k=15 sigma=0.0
[EST DONE] 2026-04-20T08:09:01.003283 bottleneck=7 replicate=0 seed=1 estimator=lPCA k=15 dur=43.805s
[EST START] 2026-04-20T08:09:01.003470 bottleneck=7 replicate=0 seed=1 estimator=DANCo k=3 sigma=0.0
[EST DONE] 2026-04-20T08:09:45.183922 bottleneck=7 replicate=0 seed=1 estimator=DANCo k=3 dur=44.180s
[EST START] 2026-04-20T08:09:45.184109 bottleneck=7 replicate=0 seed=1 estimator=DANCo k=5 sigma=0.0
[EST DONE] 2026-04-20T08:10:33.879518 bottleneck=7 replicate=0 seed=1 estimator=DANCo k=5 dur=48.695s
[EST START] 2026-04-20T08:10:33.879683 bottleneck=7 replicate=0 seed=1 estimator=DANCo k=7 sigma=0.0
[EST DONE] 2026-04-20T08:11:25.570327 bottleneck=7 replicate=0 seed=1 estimator=DANCo k=7 dur=51.691s
[EST START] 2026-04-20T08:11:25.570462 bottleneck=7 replicate=0 seed=1 estimator=DANCo k=10 sigma=0.0
[EST DONE] 2026-04-20T08:12:21.652863 bottleneck=7 replicate=0 seed=1 estimator=DANCo k=10 dur=56.082s
[EST START] 2026-04-20T08:12:21.653020 bottleneck=7 replicate=0 seed=1 estimator=DANCo k=15 sigma=0.0
[EST DONE] 2026-04-20T08:13:25.642722 bottleneck=7 replicate=0 seed=1 estimator=DANCo k=15 dur=63.990s
[EST START] 2026-04-20T08:13:25.642915 bottleneck=7 replicate=0 seed=1 estimator=MiND k=3 sigma=0.0
[EST DONE] 2026-04-20T08:13:29.203918 bottleneck=7 replicate=0 seed=1 estimator=MiND k=3 dur=3.561s
[EST START] 2026-04-20T08:13:29.204025 bottleneck=7 replicate=0 seed=1 estimator=MiND k=5 sigma=0.0
[EST DONE] 2026-04-20T08:13:33.111078 bottleneck=7 replicate=0 seed=1 estimator=MiND k=5 dur=3.907s
[EST START] 2026-04-20T08:13:33.111217 bottleneck=7 replicate=0 seed=1 estimator=MiND k=7 sigma=0.0
[EST DONE] 2026-04-20T08:13:37.397287 bottleneck=7 replicate=0 seed=1 estimator=MiND k=7 dur=4.286s
[EST START] 2026-04-20T08:13:37.397415 bottleneck=7 replicate=0 seed=1 estimator=MiND k=10 sigma=0.0
[EST DONE] 2026-04-20T08:13:42.264731 bottleneck=7 replicate=0 seed=1 estimator=MiND k=10 dur=4.867s
[EST START] 2026-04-20T08:13:42.264864 bottleneck=7 replicate=0 seed=1 estimator=MiND k=15 sigma=0.0
[EST DONE] 2026-04-20T08:13:47.785937 bottleneck=7 replicate=0 seed=1 estimator=MiND k=15 dur=5.521s
[EST START] 2026-04-20T08:13:47.786052 bottleneck=7 replicate=0 seed=1 estimator=FisherS k=ALL sigma=0.0
[EST DONE] 2026-04-20T08:18:21.362870 bottleneck=7 replicate=0 seed=1 estimator=FisherS k=ALL dur=273.577s
[EST START] 2026-04-20T08:18:21.363162 bottleneck=7 replicate=0 seed=1 estimator=SMAE k=ALL sigma=0.0
[EST DONE] 2026-04-20T08:18:59.793383 bottleneck=7 replicate=0 seed=1 estimator=SMAE k=ALL dur=38.430s
[EST START] 2026-04-20T08:18:59.811319 bottleneck=7 replicate=0 seed=1 estimator=Levina-Bickel k=3 sigma=0.25
[EST DONE] 2026-04-20T08:19:02.923523 bottleneck=7 replicate=0 seed=1 estimator=Levina-Bickel k=3 dur=3.112s
[EST START] 2026-04-20T08:19:02.923629 bottleneck=7 replicate=0 seed=1 estimator=Levina-Bickel k=5 sigma=0.25
[EST DONE] 2026-04-20T08:19:06.613007 bottleneck=7 replicate=0 seed=1 estimator=Levina-Bickel k=5 dur=3.689s
[EST START] 2026-04-20T08:19:06.613155 bottleneck=7 replicate=0 seed=1 estimator=Levina-Bickel k=7 sigma=0.25
[EST DONE] 2026-04-20T08:19:10.688451 bottleneck=7 replicate=0 seed=1 estimator=Levina-Bickel k=7 dur=4.075s
[EST START] 2026-04-20T08:19:10.688591 bottleneck=7 replicate=0 seed=1 estimator=Levina-Bickel k=10 sigma=0.25
[EST DONE] 2026-04-20T08:19:15.228144 bottleneck=7 replicate=0 seed=1 estimator=Levina-Bickel k=10 dur=4.540s
[EST START] 2026-04-20T08:19:15.228297 bottleneck=7 replicate=0 seed=1 estimator=Levina-Bickel k=15 sigma=0.25
[EST DONE] 2026-04-20T08:19:20.583743 bottleneck=7 replicate=0 seed=1 estimator=Levina-Bickel k=15 dur=5.355s
[EST START] 2026-04-20T08:19:20.583909 bottleneck=7 replicate=0 seed=1 estimator=TwoNN k=ALL sigma=0.25
[EST DONE] 2026-04-20T08:19:23.378935 bottleneck=7 replicate=0 seed=1 estimator=TwoNN k=ALL dur=2.795s
[EST START] 2026-04-20T08:19:23.379122 bottleneck=7 replicate=0 seed=1 estimator=lPCA k=3 sigma=0.25
[EST DONE] 2026-04-20T08:19:58.749285 bottleneck=7 replicate=0 seed=1 estimator=lPCA k=3 dur=35.370s
[EST START] 2026-04-20T08:19:58.749439 bottleneck=7 replicate=0 seed=1 estimator=lPCA k=5 sigma=0.25
[EST DONE] 2026-04-20T08:20:35.042665 bottleneck=7 replicate=0 seed=1 estimator=lPCA k=5 dur=36.293s
[EST START] 2026-04-20T08:20:35.042814 bottleneck=7 replicate=0 seed=1 estimator=lPCA k=7 sigma=0.25
[EST DONE] 2026-04-20T08:21:12.079818 bottleneck=7 replicate=0 seed=1 estimator=lPCA k=7 dur=37.037s
[EST START] 2026-04-20T08:21:12.079987 bottleneck=7 replicate=0 seed=1 estimator=lPCA k=10 sigma=0.25
[EST DONE] 2026-04-20T08:21:54.990429 bottleneck=7 replicate=0 seed=1 estimator=lPCA k=10 dur=42.910s
[EST START] 2026-04-20T08:21:54.990578 bottleneck=7 replicate=0 seed=1 estimator=lPCA k=15 sigma=0.25
[EST DONE] 2026-04-20T08:22:38.985831 bottleneck=7 replicate=0 seed=1 estimator=lPCA k=15 dur=43.995s
[EST START] 2026-04-20T08:22:38.986004 bottleneck=7 replicate=0 seed=1 estimator=DANCo k=3 sigma=0.25
[EST DONE] 2026-04-20T08:23:23.355243 bottleneck=7 replicate=0 seed=1 estimator=DANCo k=3 dur=44.369s
[EST START] 2026-04-20T08:23:23.355383 bottleneck=7 replicate=0 seed=1 estimator=DANCo k=5 sigma=0.25
[EST DONE] 2026-04-20T08:24:12.026510 bottleneck=7 replicate=0 seed=1 estimator=DANCo k=5 dur=48.671s
[EST START] 2026-04-20T08:24:12.026655 bottleneck=7 replicate=0 seed=1 estimator=DANCo k=7 sigma=0.25
[EST DONE] 2026-04-20T08:25:03.871665 bottleneck=7 replicate=0 seed=1 estimator=DANCo k=7 dur=51.845s
[EST START] 2026-04-20T08:25:03.871839 bottleneck=7 replicate=0 seed=1 estimator=DANCo k=10 sigma=0.25
[EST DONE] 2026-04-20T08:25:59.333977 bottleneck=7 replicate=0 seed=1 estimator=DANCo k=10 dur=55.462s
[EST START] 2026-04-20T08:25:59.334145 bottleneck=7 replicate=0 seed=1 estimator=DANCo k=15 sigma=0.25
[EST DONE] 2026-04-20T08:27:02.370149 bottleneck=7 replicate=0 seed=1 estimator=DANCo k=15 dur=63.036s
[EST START] 2026-04-20T08:27:02.370324 bottleneck=7 replicate=0 seed=1 estimator=MiND k=3 sigma=0.25
[EST DONE] 2026-04-20T08:27:05.625165 bottleneck=7 replicate=0 seed=1 estimator=MiND k=3 dur=3.255s
[EST START] 2026-04-20T08:27:05.625271 bottleneck=7 replicate=0 seed=1 estimator=MiND k=5 sigma=0.25
[EST DONE] 2026-04-20T08:27:09.371592 bottleneck=7 replicate=0 seed=1 estimator=MiND k=5 dur=3.746s
[EST START] 2026-04-20T08:27:09.371720 bottleneck=7 replicate=0 seed=1 estimator=MiND k=7 sigma=0.25
[EST DONE] 2026-04-20T08:27:13.705176 bottleneck=7 replicate=0 seed=1 estimator=MiND k=7 dur=4.333s
[EST START] 2026-04-20T08:27:13.705308 bottleneck=7 replicate=0 seed=1 estimator=MiND k=10 sigma=0.25
[EST DONE] 2026-04-20T08:27:18.555038 bottleneck=7 replicate=0 seed=1 estimator=MiND k=10 dur=4.850s
[EST START] 2026-04-20T08:27:18.555160 bottleneck=7 replicate=0 seed=1 estimator=MiND k=15 sigma=0.25
[EST DONE] 2026-04-20T08:27:24.113983 bottleneck=7 replicate=0 seed=1 estimator=MiND k=15 dur=5.559s
[EST START] 2026-04-20T08:27:24.114129 bottleneck=7 replicate=0 seed=1 estimator=FisherS k=ALL sigma=0.25
[EST DONE] 2026-04-20T08:32:07.559442 bottleneck=7 replicate=0 seed=1 estimator=FisherS k=ALL dur=283.445s
[EST START] 2026-04-20T08:32:07.559701 bottleneck=7 replicate=0 seed=1 estimator=SMAE k=ALL sigma=0.25
[EST DONE] 2026-04-20T08:32:44.906538 bottleneck=7 replicate=0 seed=1 estimator=SMAE k=ALL dur=37.347s
[EST START] 2026-04-20T08:32:44.922022 bottleneck=7 replicate=0 seed=1 estimator=Levina-Bickel k=3 sigma=0.5
[EST DONE] 2026-04-20T08:32:48.106140 bottleneck=7 replicate=0 seed=1 estimator=Levina-Bickel k=3 dur=3.184s
[EST START] 2026-04-20T08:32:48.106255 bottleneck=7 replicate=0 seed=1 estimator=Levina-Bickel k=5 sigma=0.5
[EST DONE] 2026-04-20T08:32:51.671699 bottleneck=7 replicate=0 seed=1 estimator=Levina-Bickel k=5 dur=3.565s
[EST START] 2026-04-20T08:32:51.671830 bottleneck=7 replicate=0 seed=1 estimator=Levina-Bickel k=7 sigma=0.5
[EST DONE] 2026-04-20T08:32:55.355319 bottleneck=7 replicate=0 seed=1 estimator=Levina-Bickel k=7 dur=3.683s
[EST START] 2026-04-20T08:32:55.355478 bottleneck=7 replicate=0 seed=1 estimator=Levina-Bickel k=10 sigma=0.5
[EST DONE] 2026-04-20T08:32:59.975454 bottleneck=7 replicate=0 seed=1 estimator=Levina-Bickel k=10 dur=4.620s
[EST START] 2026-04-20T08:32:59.975594 bottleneck=7 replicate=0 seed=1 estimator=Levina-Bickel k=15 sigma=0.5
[EST DONE] 2026-04-20T08:33:05.533034 bottleneck=7 replicate=0 seed=1 estimator=Levina-Bickel k=15 dur=5.557s
[EST START] 2026-04-20T08:33:05.533171 bottleneck=7 replicate=0 seed=1 estimator=TwoNN k=ALL sigma=0.5
[EST DONE] 2026-04-20T08:33:08.284167 bottleneck=7 replicate=0 seed=1 estimator=TwoNN k=ALL dur=2.751s
[EST START] 2026-04-20T08:33:08.284305 bottleneck=7 replicate=0 seed=1 estimator=lPCA k=3 sigma=0.5
[EST DONE] 2026-04-20T08:33:42.858045 bottleneck=7 replicate=0 seed=1 estimator=lPCA k=3 dur=34.574s
[EST START] 2026-04-20T08:33:42.858187 bottleneck=7 replicate=0 seed=1 estimator=lPCA k=5 sigma=0.5
[EST DONE] 2026-04-20T08:34:18.953413 bottleneck=7 replicate=0 seed=1 estimator=lPCA k=5 dur=36.095s
[EST START] 2026-04-20T08:34:18.953548 bottleneck=7 replicate=0 seed=1 estimator=lPCA k=7 sigma=0.5
[EST DONE] 2026-04-20T08:34:56.011988 bottleneck=7 replicate=0 seed=1 estimator=lPCA k=7 dur=37.058s
[EST START] 2026-04-20T08:34:56.012160 bottleneck=7 replicate=0 seed=1 estimator=lPCA k=10 sigma=0.5
[EST DONE] 2026-04-20T08:35:39.324196 bottleneck=7 replicate=0 seed=1 estimator=lPCA k=10 dur=43.312s
[EST START] 2026-04-20T08:35:39.324310 bottleneck=7 replicate=0 seed=1 estimator=lPCA k=15 sigma=0.5
[EST DONE] 2026-04-20T08:36:23.152525 bottleneck=7 replicate=0 seed=1 estimator=lPCA k=15 dur=43.828s
[EST START] 2026-04-20T08:36:23.152691 bottleneck=7 replicate=0 seed=1 estimator=DANCo k=3 sigma=0.5
[EST DONE] 2026-04-20T08:37:07.723846 bottleneck=7 replicate=0 seed=1 estimator=DANCo k=3 dur=44.571s
[EST START] 2026-04-20T08:37:07.724010 bottleneck=7 replicate=0 seed=1 estimator=DANCo k=5 sigma=0.5
[EST DONE] 2026-04-20T08:37:56.506464 bottleneck=7 replicate=0 seed=1 estimator=DANCo k=5 dur=48.782s
[EST START] 2026-04-20T08:37:56.506635 bottleneck=7 replicate=0 seed=1 estimator=DANCo k=7 sigma=0.5
[EST DONE] 2026-04-20T08:38:48.668011 bottleneck=7 replicate=0 seed=1 estimator=DANCo k=7 dur=52.161s
[EST START] 2026-04-20T08:38:48.668188 bottleneck=7 replicate=0 seed=1 estimator=DANCo k=10 sigma=0.5
[EST DONE] 2026-04-20T08:39:44.840046 bottleneck=7 replicate=0 seed=1 estimator=DANCo k=10 dur=56.172s
[EST START] 2026-04-20T08:39:44.840223 bottleneck=7 replicate=0 seed=1 estimator=DANCo k=15 sigma=0.5
[EST DONE] 2026-04-20T08:40:48.278516 bottleneck=7 replicate=0 seed=1 estimator=DANCo k=15 dur=63.438s
[EST START] 2026-04-20T08:40:48.278696 bottleneck=7 replicate=0 seed=1 estimator=MiND k=3 sigma=0.5
[EST DONE] 2026-04-20T08:40:51.667540 bottleneck=7 replicate=0 seed=1 estimator=MiND k=3 dur=3.389s
[EST START] 2026-04-20T08:40:51.667673 bottleneck=7 replicate=0 seed=1 estimator=MiND k=5 sigma=0.5
[EST DONE] 2026-04-20T08:40:55.531290 bottleneck=7 replicate=0 seed=1 estimator=MiND k=5 dur=3.864s
[EST START] 2026-04-20T08:40:55.531419 bottleneck=7 replicate=0 seed=1 estimator=MiND k=7 sigma=0.5
[EST DONE] 2026-04-20T08:40:59.893439 bottleneck=7 replicate=0 seed=1 estimator=MiND k=7 dur=4.362s
[EST START] 2026-04-20T08:40:59.893580 bottleneck=7 replicate=0 seed=1 estimator=MiND k=10 sigma=0.5
[EST DONE] 2026-04-20T08:41:04.942787 bottleneck=7 replicate=0 seed=1 estimator=MiND k=10 dur=5.049s
[EST START] 2026-04-20T08:41:04.942914 bottleneck=7 replicate=0 seed=1 estimator=MiND k=15 sigma=0.5
[EST DONE] 2026-04-20T08:41:10.755911 bottleneck=7 replicate=0 seed=1 estimator=MiND k=15 dur=5.813s
[EST START] 2026-04-20T08:41:10.756062 bottleneck=7 replicate=0 seed=1 estimator=FisherS k=ALL sigma=0.5
[EST DONE] 2026-04-20T08:45:35.526984 bottleneck=7 replicate=0 seed=1 estimator=FisherS k=ALL dur=264.771s
[EST START] 2026-04-20T08:45:35.527199 bottleneck=7 replicate=0 seed=1 estimator=SMAE k=ALL sigma=0.5
[EST DONE] 2026-04-20T08:46:13.847006 bottleneck=7 replicate=0 seed=1 estimator=SMAE k=ALL dur=38.320s
[EST START] 2026-04-20T08:46:13.862053 bottleneck=7 replicate=0 seed=1 estimator=Levina-Bickel k=3 sigma=0.75
[EST DONE] 2026-04-20T08:46:17.115234 bottleneck=7 replicate=0 seed=1 estimator=Levina-Bickel k=3 dur=3.253s
[EST START] 2026-04-20T08:46:17.115357 bottleneck=7 replicate=0 seed=1 estimator=Levina-Bickel k=5 sigma=0.75
[EST DONE] 2026-04-20T08:46:21.005974 bottleneck=7 replicate=0 seed=1 estimator=Levina-Bickel k=5 dur=3.891s
[EST START] 2026-04-20T08:46:21.006095 bottleneck=7 replicate=0 seed=1 estimator=Levina-Bickel k=7 sigma=0.75
[EST DONE] 2026-04-20T08:46:25.245287 bottleneck=7 replicate=0 seed=1 estimator=Levina-Bickel k=7 dur=4.239s
[EST START] 2026-04-20T08:46:25.245449 bottleneck=7 replicate=0 seed=1 estimator=Levina-Bickel k=10 sigma=0.75
[EST DONE] 2026-04-20T08:46:29.885419 bottleneck=7 replicate=0 seed=1 estimator=Levina-Bickel k=10 dur=4.640s
[EST START] 2026-04-20T08:46:29.885559 bottleneck=7 replicate=0 seed=1 estimator=Levina-Bickel k=15 sigma=0.75
[EST DONE] 2026-04-20T08:46:35.194028 bottleneck=7 replicate=0 seed=1 estimator=Levina-Bickel k=15 dur=5.308s
[EST START] 2026-04-20T08:46:35.194175 bottleneck=7 replicate=0 seed=1 estimator=TwoNN k=ALL sigma=0.75
[EST DONE] 2026-04-20T08:46:37.894019 bottleneck=7 replicate=0 seed=1 estimator=TwoNN k=ALL dur=2.700s
[EST START] 2026-04-20T08:46:37.894177 bottleneck=7 replicate=0 seed=1 estimator=lPCA k=3 sigma=0.75
[EST DONE] 2026-04-20T08:47:13.032989 bottleneck=7 replicate=0 seed=1 estimator=lPCA k=3 dur=35.139s
[EST START] 2026-04-20T08:47:13.033135 bottleneck=7 replicate=0 seed=1 estimator=lPCA k=5 sigma=0.75
[EST DONE] 2026-04-20T08:47:49.343317 bottleneck=7 replicate=0 seed=1 estimator=lPCA k=5 dur=36.310s
[EST START] 2026-04-20T08:47:49.343463 bottleneck=7 replicate=0 seed=1 estimator=lPCA k=7 sigma=0.75
[EST DONE] 2026-04-20T08:48:26.915902 bottleneck=7 replicate=0 seed=1 estimator=lPCA k=7 dur=37.572s
[EST START] 2026-04-20T08:48:26.916058 bottleneck=7 replicate=0 seed=1 estimator=lPCA k=10 sigma=0.75
[EST DONE] 2026-04-20T08:49:09.768652 bottleneck=7 replicate=0 seed=1 estimator=lPCA k=10 dur=42.853s
[EST START] 2026-04-20T08:49:09.768806 bottleneck=7 replicate=0 seed=1 estimator=lPCA k=15 sigma=0.75
[EST DONE] 2026-04-20T08:49:54.037061 bottleneck=7 replicate=0 seed=1 estimator=lPCA k=15 dur=44.268s
[EST START] 2026-04-20T08:49:54.037232 bottleneck=7 replicate=0 seed=1 estimator=DANCo k=3 sigma=0.75
[EST DONE] 2026-04-20T08:50:36.100069 bottleneck=7 replicate=0 seed=1 estimator=DANCo k=3 dur=42.063s
[EST START] 2026-04-20T08:50:36.100252 bottleneck=7 replicate=0 seed=1 estimator=DANCo k=5 sigma=0.75
[EST DONE] 2026-04-20T08:51:21.304417 bottleneck=7 replicate=0 seed=1 estimator=DANCo k=5 dur=45.204s
[EST START] 2026-04-20T08:51:21.304592 bottleneck=7 replicate=0 seed=1 estimator=DANCo k=7 sigma=0.75
[EST DONE] 2026-04-20T08:52:08.801486 bottleneck=7 replicate=0 seed=1 estimator=DANCo k=7 dur=47.497s
[EST START] 2026-04-20T08:52:08.801656 bottleneck=7 replicate=0 seed=1 estimator=DANCo k=10 sigma=0.75
[EST DONE] 2026-04-20T08:53:00.056840 bottleneck=7 replicate=0 seed=1 estimator=DANCo k=10 dur=51.255s
[EST START] 2026-04-20T08:53:00.057015 bottleneck=7 replicate=0 seed=1 estimator=DANCo k=15 sigma=0.75
[EST DONE] 2026-04-20T08:53:57.965656 bottleneck=7 replicate=0 seed=1 estimator=DANCo k=15 dur=57.909s
[EST START] 2026-04-20T08:53:57.965827 bottleneck=7 replicate=0 seed=1 estimator=MiND k=3 sigma=0.75
[EST DONE] 2026-04-20T08:54:01.250709 bottleneck=7 replicate=0 seed=1 estimator=MiND k=3 dur=3.285s
[EST START] 2026-04-20T08:54:01.250825 bottleneck=7 replicate=0 seed=1 estimator=MiND k=5 sigma=0.75
[EST DONE] 2026-04-20T08:54:05.263116 bottleneck=7 replicate=0 seed=1 estimator=MiND k=5 dur=4.012s
[EST START] 2026-04-20T08:54:05.263245 bottleneck=7 replicate=0 seed=1 estimator=MiND k=7 sigma=0.75
[EST DONE] 2026-04-20T08:54:09.799404 bottleneck=7 replicate=0 seed=1 estimator=MiND k=7 dur=4.536s
[EST START] 2026-04-20T08:54:09.799547 bottleneck=7 replicate=0 seed=1 estimator=MiND k=10 sigma=0.75
[EST DONE] 2026-04-20T08:54:14.680132 bottleneck=7 replicate=0 seed=1 estimator=MiND k=10 dur=4.881s
[EST START] 2026-04-20T08:54:14.680274 bottleneck=7 replicate=0 seed=1 estimator=MiND k=15 sigma=0.75
[EST DONE] 2026-04-20T08:54:20.054511 bottleneck=7 replicate=0 seed=1 estimator=MiND k=15 dur=5.374s
[EST START] 2026-04-20T08:54:20.054650 bottleneck=7 replicate=0 seed=1 estimator=FisherS k=ALL sigma=0.75
[EST DONE] 2026-04-20T08:58:39.727076 bottleneck=7 replicate=0 seed=1 estimator=FisherS k=ALL dur=259.672s
[EST START] 2026-04-20T08:58:39.727274 bottleneck=7 replicate=0 seed=1 estimator=SMAE k=ALL sigma=0.75
[EST DONE] 2026-04-20T08:59:17.373190 bottleneck=7 replicate=0 seed=1 estimator=SMAE k=ALL dur=37.646s
[EST START] 2026-04-20T08:59:17.389640 bottleneck=7 replicate=0 seed=1 estimator=Levina-Bickel k=3 sigma=1.0
[EST DONE] 2026-04-20T08:59:20.758754 bottleneck=7 replicate=0 seed=1 estimator=Levina-Bickel k=3 dur=3.369s
[EST START] 2026-04-20T08:59:20.758885 bottleneck=7 replicate=0 seed=1 estimator=Levina-Bickel k=5 sigma=1.0
[EST DONE] 2026-04-20T08:59:24.734897 bottleneck=7 replicate=0 seed=1 estimator=Levina-Bickel k=5 dur=3.976s
[EST START] 2026-04-20T08:59:24.735016 bottleneck=7 replicate=0 seed=1 estimator=Levina-Bickel k=7 sigma=1.0
[EST DONE] 2026-04-20T08:59:29.136183 bottleneck=7 replicate=0 seed=1 estimator=Levina-Bickel k=7 dur=4.401s
[EST START] 2026-04-20T08:59:29.136352 bottleneck=7 replicate=0 seed=1 estimator=Levina-Bickel k=10 sigma=1.0
[EST DONE] 2026-04-20T08:59:33.961644 bottleneck=7 replicate=0 seed=1 estimator=Levina-Bickel k=10 dur=4.825s
[EST START] 2026-04-20T08:59:33.961764 bottleneck=7 replicate=0 seed=1 estimator=Levina-Bickel k=15 sigma=1.0
[EST DONE] 2026-04-20T08:59:39.880680 bottleneck=7 replicate=0 seed=1 estimator=Levina-Bickel k=15 dur=5.919s
[EST START] 2026-04-20T08:59:39.880826 bottleneck=7 replicate=0 seed=1 estimator=TwoNN k=ALL sigma=1.0
[EST DONE] 2026-04-20T08:59:42.705784 bottleneck=7 replicate=0 seed=1 estimator=TwoNN k=ALL dur=2.825s
[EST START] 2026-04-20T08:59:42.705959 bottleneck=7 replicate=0 seed=1 estimator=lPCA k=3 sigma=1.0
[EST DONE] 2026-04-20T09:00:17.100977 bottleneck=7 replicate=0 seed=1 estimator=lPCA k=3 dur=34.395s
[EST START] 2026-04-20T09:00:17.101110 bottleneck=7 replicate=0 seed=1 estimator=lPCA k=5 sigma=1.0
[EST DONE] 2026-04-20T09:00:52.773248 bottleneck=7 replicate=0 seed=1 estimator=lPCA k=5 dur=35.672s
[EST START] 2026-04-20T09:00:52.773434 bottleneck=7 replicate=0 seed=1 estimator=lPCA k=7 sigma=1.0
[EST DONE] 2026-04-20T09:01:30.472994 bottleneck=7 replicate=0 seed=1 estimator=lPCA k=7 dur=37.700s
[EST START] 2026-04-20T09:01:30.473127 bottleneck=7 replicate=0 seed=1 estimator=lPCA k=10 sigma=1.0
[EST DONE] 2026-04-20T09:02:13.689605 bottleneck=7 replicate=0 seed=1 estimator=lPCA k=10 dur=43.216s
[EST START] 2026-04-20T09:02:13.689717 bottleneck=7 replicate=0 seed=1 estimator=lPCA k=15 sigma=1.0
[EST DONE] 2026-04-20T09:02:57.587775 bottleneck=7 replicate=0 seed=1 estimator=lPCA k=15 dur=43.898s
[EST START] 2026-04-20T09:02:57.587940 bottleneck=7 replicate=0 seed=1 estimator=DANCo k=3 sigma=1.0
[EST DONE] 2026-04-20T09:03:42.458108 bottleneck=7 replicate=0 seed=1 estimator=DANCo k=3 dur=44.870s
[EST START] 2026-04-20T09:03:42.458257 bottleneck=7 replicate=0 seed=1 estimator=DANCo k=5 sigma=1.0
[EST DONE] 2026-04-20T09:04:31.338215 bottleneck=7 replicate=0 seed=1 estimator=DANCo k=5 dur=48.880s
[EST START] 2026-04-20T09:04:31.338377 bottleneck=7 replicate=0 seed=1 estimator=DANCo k=7 sigma=1.0
[EST DONE] 2026-04-20T09:05:23.455703 bottleneck=7 replicate=0 seed=1 estimator=DANCo k=7 dur=52.117s
[EST START] 2026-04-20T09:05:23.455863 bottleneck=7 replicate=0 seed=1 estimator=DANCo k=10 sigma=1.0
[EST DONE] 2026-04-20T09:06:18.437166 bottleneck=7 replicate=0 seed=1 estimator=DANCo k=10 dur=54.981s
[EST START] 2026-04-20T09:06:18.437349 bottleneck=7 replicate=0 seed=1 estimator=DANCo k=15 sigma=1.0
[EST DONE] 2026-04-20T09:07:21.325770 bottleneck=7 replicate=0 seed=1 estimator=DANCo k=15 dur=62.888s
[EST START] 2026-04-20T09:07:21.325941 bottleneck=7 replicate=0 seed=1 estimator=MiND k=3 sigma=1.0
[EST DONE] 2026-04-20T09:07:25.101438 bottleneck=7 replicate=0 seed=1 estimator=MiND k=3 dur=3.775s
[EST START] 2026-04-20T09:07:25.101575 bottleneck=7 replicate=0 seed=1 estimator=MiND k=5 sigma=1.0
[EST DONE] 2026-04-20T09:07:29.404493 bottleneck=7 replicate=0 seed=1 estimator=MiND k=5 dur=4.303s
[EST START] 2026-04-20T09:07:29.404619 bottleneck=7 replicate=0 seed=1 estimator=MiND k=7 sigma=1.0
[EST DONE] 2026-04-20T09:07:34.032795 bottleneck=7 replicate=0 seed=1 estimator=MiND k=7 dur=4.628s
[EST START] 2026-04-20T09:07:34.032924 bottleneck=7 replicate=0 seed=1 estimator=MiND k=10 sigma=1.0
[EST DONE] 2026-04-20T09:07:38.886460 bottleneck=7 replicate=0 seed=1 estimator=MiND k=10 dur=4.854s
[EST START] 2026-04-20T09:07:38.886605 bottleneck=7 replicate=0 seed=1 estimator=MiND k=15 sigma=1.0
[EST DONE] 2026-04-20T09:07:44.835932 bottleneck=7 replicate=0 seed=1 estimator=MiND k=15 dur=5.949s
[EST START] 2026-04-20T09:07:44.836072 bottleneck=7 replicate=0 seed=1 estimator=FisherS k=ALL sigma=1.0
[EST DONE] 2026-04-20T09:12:04.381330 bottleneck=7 replicate=0 seed=1 estimator=FisherS k=ALL dur=259.545s
[EST START] 2026-04-20T09:12:04.381559 bottleneck=7 replicate=0 seed=1 estimator=SMAE k=ALL sigma=1.0
[EST DONE] 2026-04-20T09:12:42.878164 bottleneck=7 replicate=0 seed=1 estimator=SMAE k=ALL dur=38.497s
[MNIST TASK START] 2026-04-20T09:12:42.878459 bottleneck=9 replicate=0 seed=1
[AE START] seed=1 bottleneck=9 epochs=50 subset=0
[AE EPOCH] epoch=1/50 loss=0.096353 epoch_time=1.41s device=cuda
[AE EPOCH] epoch=2/50 loss=0.054340 epoch_time=0.92s device=cuda
[AE EPOCH] epoch=3/50 loss=0.040511 epoch_time=1.07s device=cuda
[AE EPOCH] epoch=4/50 loss=0.034017 epoch_time=1.05s device=cuda
[AE EPOCH] epoch=5/50 loss=0.030817 epoch_time=1.02s device=cuda
[AE EPOCH] epoch=6/50 loss=0.028948 epoch_time=1.08s device=cuda
[AE EPOCH] epoch=7/50 loss=0.027700 epoch_time=1.04s device=cuda
[AE EPOCH] epoch=8/50 loss=0.026759 epoch_time=1.08s device=cuda
[AE EPOCH] epoch=9/50 loss=0.025998 epoch_time=1.03s device=cuda
[AE EPOCH] epoch=10/50 loss=0.025352 epoch_time=1.07s device=cuda
[AE EPOCH] epoch=11/50 loss=0.024790 epoch_time=1.12s device=cuda
[AE EPOCH] epoch=12/50 loss=0.024306 epoch_time=1.11s device=cuda
[AE EPOCH] epoch=13/50 loss=0.023881 epoch_time=1.07s device=cuda
[AE EPOCH] epoch=14/50 loss=0.023500 epoch_time=1.14s device=cuda
[AE EPOCH] epoch=15/50 loss=0.023157 epoch_time=1.08s device=cuda
[AE EPOCH] epoch=16/50 loss=0.022846 epoch_time=1.04s device=cuda
[AE EPOCH] epoch=17/50 loss=0.022558 epoch_time=1.09s device=cuda
[AE EPOCH] epoch=18/50 loss=0.022290 epoch_time=1.02s device=cuda
[AE EPOCH] epoch=19/50 loss=0.022040 epoch_time=1.09s device=cuda
[AE EPOCH] epoch=20/50 loss=0.021807 epoch_time=1.05s device=cuda
[AE EPOCH] epoch=21/50 loss=0.021588 epoch_time=1.09s device=cuda
[AE EPOCH] epoch=22/50 loss=0.021382 epoch_time=1.07s device=cuda
[AE EPOCH] epoch=23/50 loss=0.021185 epoch_time=1.00s device=cuda
[AE EPOCH] epoch=24/50 loss=0.021000 epoch_time=1.05s device=cuda
[AE EPOCH] epoch=25/50 loss=0.020825 epoch_time=1.17s device=cuda
[AE EPOCH] epoch=26/50 loss=0.020656 epoch_time=1.07s device=cuda
[AE EPOCH] epoch=27/50 loss=0.020496 epoch_time=1.04s device=cuda
[AE EPOCH] epoch=28/50 loss=0.020340 epoch_time=1.00s device=cuda
[AE EPOCH] epoch=29/50 loss=0.020196 epoch_time=1.05s device=cuda
[AE EPOCH] epoch=30/50 loss=0.020054 epoch_time=1.03s device=cuda
[AE EPOCH] epoch=31/50 loss=0.019923 epoch_time=1.03s device=cuda
[AE EPOCH] epoch=32/50 loss=0.019793 epoch_time=1.10s device=cuda
[AE EPOCH] epoch=33/50 loss=0.019673 epoch_time=1.18s device=cuda
[AE EPOCH] epoch=34/50 loss=0.019554 epoch_time=1.03s device=cuda
[AE EPOCH] epoch=35/50 loss=0.019443 epoch_time=1.01s device=cuda
[AE EPOCH] epoch=36/50 loss=0.019335 epoch_time=1.06s device=cuda
[AE EPOCH] epoch=37/50 loss=0.019230 epoch_time=1.16s device=cuda
[AE EPOCH] epoch=38/50 loss=0.019132 epoch_time=1.01s device=cuda
[AE EPOCH] epoch=39/50 loss=0.019033 epoch_time=0.98s device=cuda
[AE EPOCH] epoch=40/50 loss=0.018943 epoch_time=1.08s device=cuda
[AE EPOCH] epoch=41/50 loss=0.018854 epoch_time=1.01s device=cuda
[AE EPOCH] epoch=42/50 loss=0.018768 epoch_time=1.11s device=cuda
[AE EPOCH] epoch=43/50 loss=0.018686 epoch_time=1.05s device=cuda
[AE EPOCH] epoch=44/50 loss=0.018605 epoch_time=1.05s device=cuda
[AE EPOCH] epoch=45/50 loss=0.018529 epoch_time=1.02s device=cuda
[AE EPOCH] epoch=46/50 loss=0.018454 epoch_time=1.05s device=cuda
[AE EPOCH] epoch=47/50 loss=0.018383 epoch_time=1.08s device=cuda
[AE EPOCH] epoch=48/50 loss=0.018312 epoch_time=1.05s device=cuda
[AE EPOCH] epoch=49/50 loss=0.018245 epoch_time=1.05s device=cuda
[AE EPOCH] epoch=50/50 loss=0.018179 epoch_time=0.98s device=cuda
[AE TRAIN COMPLETE] total_time=53.22s
[AE TRAIN COMPLETE] 2026-04-20T09:13:51.250537 bottleneck=9 replicate=0 dur=68.4s seed=1
[EST START] 2026-04-20T09:13:51.275462 bottleneck=9 replicate=0 seed=1 estimator=Levina-Bickel k=3 sigma=0.0
[EST DONE] 2026-04-20T09:13:57.267199 bottleneck=9 replicate=0 seed=1 estimator=Levina-Bickel k=3 dur=5.992s
[EST START] 2026-04-20T09:13:57.267342 bottleneck=9 replicate=0 seed=1 estimator=Levina-Bickel k=5 sigma=0.0
[EST DONE] 2026-04-20T09:14:04.018605 bottleneck=9 replicate=0 seed=1 estimator=Levina-Bickel k=5 dur=6.751s
[EST START] 2026-04-20T09:14:04.018746 bottleneck=9 replicate=0 seed=1 estimator=Levina-Bickel k=7 sigma=0.0
[EST DONE] 2026-04-20T09:14:11.158522 bottleneck=9 replicate=0 seed=1 estimator=Levina-Bickel k=7 dur=7.140s
[EST START] 2026-04-20T09:14:11.158664 bottleneck=9 replicate=0 seed=1 estimator=Levina-Bickel k=10 sigma=0.0
[EST DONE] 2026-04-20T09:14:19.936771 bottleneck=9 replicate=0 seed=1 estimator=Levina-Bickel k=10 dur=8.778s
[EST START] 2026-04-20T09:14:19.936899 bottleneck=9 replicate=0 seed=1 estimator=Levina-Bickel k=15 sigma=0.0
[EST DONE] 2026-04-20T09:14:29.380698 bottleneck=9 replicate=0 seed=1 estimator=Levina-Bickel k=15 dur=9.444s
[EST START] 2026-04-20T09:14:29.380885 bottleneck=9 replicate=0 seed=1 estimator=TwoNN k=ALL sigma=0.0
[EST DONE] 2026-04-20T09:14:34.513535 bottleneck=9 replicate=0 seed=1 estimator=TwoNN k=ALL dur=5.133s
[EST START] 2026-04-20T09:14:34.513676 bottleneck=9 replicate=0 seed=1 estimator=lPCA k=3 sigma=0.0
[EST DONE] 2026-04-20T09:15:11.784941 bottleneck=9 replicate=0 seed=1 estimator=lPCA k=3 dur=37.271s
[EST START] 2026-04-20T09:15:11.785112 bottleneck=9 replicate=0 seed=1 estimator=lPCA k=5 sigma=0.0
[EST DONE] 2026-04-20T09:15:51.647164 bottleneck=9 replicate=0 seed=1 estimator=lPCA k=5 dur=39.862s
[EST START] 2026-04-20T09:15:51.647284 bottleneck=9 replicate=0 seed=1 estimator=lPCA k=7 sigma=0.0
[EST DONE] 2026-04-20T09:16:32.887518 bottleneck=9 replicate=0 seed=1 estimator=lPCA k=7 dur=41.240s
[EST START] 2026-04-20T09:16:32.887694 bottleneck=9 replicate=0 seed=1 estimator=lPCA k=10 sigma=0.0
[EST DONE] 2026-04-20T09:17:14.812228 bottleneck=9 replicate=0 seed=1 estimator=lPCA k=10 dur=41.925s
[EST START] 2026-04-20T09:17:14.812361 bottleneck=9 replicate=0 seed=1 estimator=lPCA k=15 sigma=0.0
[EST DONE] 2026-04-20T09:17:59.657055 bottleneck=9 replicate=0 seed=1 estimator=lPCA k=15 dur=44.845s
[EST START] 2026-04-20T09:17:59.657234 bottleneck=9 replicate=0 seed=1 estimator=DANCo k=3 sigma=0.0
[EST DONE] 2026-04-20T09:19:06.869851 bottleneck=9 replicate=0 seed=1 estimator=DANCo k=3 dur=67.213s
[EST START] 2026-04-20T09:19:06.870013 bottleneck=9 replicate=0 seed=1 estimator=DANCo k=5 sigma=0.0
[EST DONE] 2026-04-20T09:20:22.265041 bottleneck=9 replicate=0 seed=1 estimator=DANCo k=5 dur=75.395s
[EST START] 2026-04-20T09:20:22.265210 bottleneck=9 replicate=0 seed=1 estimator=DANCo k=7 sigma=0.0
[EST DONE] 2026-04-20T09:21:42.709662 bottleneck=9 replicate=0 seed=1 estimator=DANCo k=7 dur=80.444s
[EST START] 2026-04-20T09:21:42.709846 bottleneck=9 replicate=0 seed=1 estimator=DANCo k=10 sigma=0.0
[EST DONE] 2026-04-20T09:23:10.230758 bottleneck=9 replicate=0 seed=1 estimator=DANCo k=10 dur=87.521s
[EST START] 2026-04-20T09:23:10.230911 bottleneck=9 replicate=0 seed=1 estimator=DANCo k=15 sigma=0.0
[EST DONE] 2026-04-20T09:24:45.857449 bottleneck=9 replicate=0 seed=1 estimator=DANCo k=15 dur=95.627s
[EST START] 2026-04-20T09:24:45.857630 bottleneck=9 replicate=0 seed=1 estimator=MiND k=3 sigma=0.0
[EST DONE] 2026-04-20T09:24:52.213923 bottleneck=9 replicate=0 seed=1 estimator=MiND k=3 dur=6.356s
[EST START] 2026-04-20T09:24:52.214058 bottleneck=9 replicate=0 seed=1 estimator=MiND k=5 sigma=0.0
[EST DONE] 2026-04-20T09:24:59.502496 bottleneck=9 replicate=0 seed=1 estimator=MiND k=5 dur=7.288s
[EST START] 2026-04-20T09:24:59.502638 bottleneck=9 replicate=0 seed=1 estimator=MiND k=7 sigma=0.0
[EST DONE] 2026-04-20T09:25:07.482340 bottleneck=9 replicate=0 seed=1 estimator=MiND k=7 dur=7.980s
[EST START] 2026-04-20T09:25:07.482496 bottleneck=9 replicate=0 seed=1 estimator=MiND k=10 sigma=0.0
[EST DONE] 2026-04-20T09:25:16.329193 bottleneck=9 replicate=0 seed=1 estimator=MiND k=10 dur=8.847s
[EST START] 2026-04-20T09:25:16.329324 bottleneck=9 replicate=0 seed=1 estimator=MiND k=15 sigma=0.0
[EST DONE] 2026-04-20T09:25:26.394205 bottleneck=9 replicate=0 seed=1 estimator=MiND k=15 dur=10.065s
[EST START] 2026-04-20T09:25:26.394368 bottleneck=9 replicate=0 seed=1 estimator=FisherS k=ALL sigma=0.0
[EST DONE] 2026-04-20T09:30:05.622785 bottleneck=9 replicate=0 seed=1 estimator=FisherS k=ALL dur=279.228s
[EST START] 2026-04-20T09:30:05.622979 bottleneck=9 replicate=0 seed=1 estimator=SMAE k=ALL sigma=0.0
[EST DONE] 2026-04-20T09:30:43.546064 bottleneck=9 replicate=0 seed=1 estimator=SMAE k=ALL dur=37.923s
[EST START] 2026-04-20T09:30:43.565994 bottleneck=9 replicate=0 seed=1 estimator=Levina-Bickel k=3 sigma=0.25
[EST DONE] 2026-04-20T09:30:49.569905 bottleneck=9 replicate=0 seed=1 estimator=Levina-Bickel k=3 dur=6.004s
[EST START] 2026-04-20T09:30:49.570046 bottleneck=9 replicate=0 seed=1 estimator=Levina-Bickel k=5 sigma=0.25
[EST DONE] 2026-04-20T09:30:56.419701 bottleneck=9 replicate=0 seed=1 estimator=Levina-Bickel k=5 dur=6.850s
[EST START] 2026-04-20T09:30:56.419857 bottleneck=9 replicate=0 seed=1 estimator=Levina-Bickel k=7 sigma=0.25
[EST DONE] 2026-04-20T09:31:04.070435 bottleneck=9 replicate=0 seed=1 estimator=Levina-Bickel k=7 dur=7.651s
[EST START] 2026-04-20T09:31:04.070589 bottleneck=9 replicate=0 seed=1 estimator=Levina-Bickel k=10 sigma=0.25
[EST DONE] 2026-04-20T09:31:13.556812 bottleneck=9 replicate=0 seed=1 estimator=Levina-Bickel k=10 dur=9.486s
[EST START] 2026-04-20T09:31:13.556978 bottleneck=9 replicate=0 seed=1 estimator=Levina-Bickel k=15 sigma=0.25
[EST DONE] 2026-04-20T09:31:23.397886 bottleneck=9 replicate=0 seed=1 estimator=Levina-Bickel k=15 dur=9.841s
[EST START] 2026-04-20T09:31:23.398018 bottleneck=9 replicate=0 seed=1 estimator=TwoNN k=ALL sigma=0.25
[EST DONE] 2026-04-20T09:31:28.422047 bottleneck=9 replicate=0 seed=1 estimator=TwoNN k=ALL dur=5.024s
[EST START] 2026-04-20T09:31:28.422189 bottleneck=9 replicate=0 seed=1 estimator=lPCA k=3 sigma=0.25
[EST DONE] 2026-04-20T09:32:06.171491 bottleneck=9 replicate=0 seed=1 estimator=lPCA k=3 dur=37.749s
[EST START] 2026-04-20T09:32:06.171637 bottleneck=9 replicate=0 seed=1 estimator=lPCA k=5 sigma=0.25
[EST DONE] 2026-04-20T09:32:45.130286 bottleneck=9 replicate=0 seed=1 estimator=lPCA k=5 dur=38.959s
[EST START] 2026-04-20T09:32:45.130472 bottleneck=9 replicate=0 seed=1 estimator=lPCA k=7 sigma=0.25
[EST DONE] 2026-04-20T09:33:24.943836 bottleneck=9 replicate=0 seed=1 estimator=lPCA k=7 dur=39.813s
[EST START] 2026-04-20T09:33:24.943993 bottleneck=9 replicate=0 seed=1 estimator=lPCA k=10 sigma=0.25
[EST DONE] 2026-04-20T09:34:06.674413 bottleneck=9 replicate=0 seed=1 estimator=lPCA k=10 dur=41.730s
[EST START] 2026-04-20T09:34:06.674547 bottleneck=9 replicate=0 seed=1 estimator=lPCA k=15 sigma=0.25
[EST DONE] 2026-04-20T09:34:51.960794 bottleneck=9 replicate=0 seed=1 estimator=lPCA k=15 dur=45.286s
[EST START] 2026-04-20T09:34:51.960976 bottleneck=9 replicate=0 seed=1 estimator=DANCo k=3 sigma=0.25
[EST DONE] 2026-04-20T09:35:54.134340 bottleneck=9 replicate=0 seed=1 estimator=DANCo k=3 dur=62.173s
[EST START] 2026-04-20T09:35:54.134501 bottleneck=9 replicate=0 seed=1 estimator=DANCo k=5 sigma=0.25
[EST DONE] 2026-04-20T09:37:01.832709 bottleneck=9 replicate=0 seed=1 estimator=DANCo k=5 dur=67.698s
[EST START] 2026-04-20T09:37:01.832856 bottleneck=9 replicate=0 seed=1 estimator=DANCo k=7 sigma=0.25
[EST DONE] 2026-04-20T09:38:21.166337 bottleneck=9 replicate=0 seed=1 estimator=DANCo k=7 dur=79.333s
[EST START] 2026-04-20T09:38:21.166518 bottleneck=9 replicate=0 seed=1 estimator=DANCo k=10 sigma=0.25
[EST DONE] 2026-04-20T09:39:43.017179 bottleneck=9 replicate=0 seed=1 estimator=DANCo k=10 dur=81.851s
[EST START] 2026-04-20T09:39:43.017350 bottleneck=9 replicate=0 seed=1 estimator=DANCo k=15 sigma=0.25
[EST DONE] 2026-04-20T09:41:12.642472 bottleneck=9 replicate=0 seed=1 estimator=DANCo k=15 dur=89.625s
[EST START] 2026-04-20T09:41:12.642644 bottleneck=9 replicate=0 seed=1 estimator=MiND k=3 sigma=0.25
[EST DONE] 2026-04-20T09:41:18.723833 bottleneck=9 replicate=0 seed=1 estimator=MiND k=3 dur=6.081s
[EST START] 2026-04-20T09:41:18.723967 bottleneck=9 replicate=0 seed=1 estimator=MiND k=5 sigma=0.25
[EST DONE] 2026-04-20T09:41:25.634737 bottleneck=9 replicate=0 seed=1 estimator=MiND k=5 dur=6.911s
[EST START] 2026-04-20T09:41:25.634827 bottleneck=9 replicate=0 seed=1 estimator=MiND k=7 sigma=0.25
[EST DONE] 2026-04-20T09:41:33.279091 bottleneck=9 replicate=0 seed=1 estimator=MiND k=7 dur=7.644s
[EST START] 2026-04-20T09:41:33.279184 bottleneck=9 replicate=0 seed=1 estimator=MiND k=10 sigma=0.25
[EST DONE] 2026-04-20T09:41:41.753931 bottleneck=9 replicate=0 seed=1 estimator=MiND k=10 dur=8.475s
[EST START] 2026-04-20T09:41:41.754103 bottleneck=9 replicate=0 seed=1 estimator=MiND k=15 sigma=0.25
[EST DONE] 2026-04-20T09:41:51.629367 bottleneck=9 replicate=0 seed=1 estimator=MiND k=15 dur=9.875s
[EST START] 2026-04-20T09:41:51.629519 bottleneck=9 replicate=0 seed=1 estimator=FisherS k=ALL sigma=0.25
[EST DONE] 2026-04-20T09:46:29.426709 bottleneck=9 replicate=0 seed=1 estimator=FisherS k=ALL dur=277.797s
[EST START] 2026-04-20T09:46:29.426923 bottleneck=9 replicate=0 seed=1 estimator=SMAE k=ALL sigma=0.25
[EST DONE] 2026-04-20T09:47:07.589295 bottleneck=9 replicate=0 seed=1 estimator=SMAE k=ALL dur=38.162s
[EST START] 2026-04-20T09:47:07.602800 bottleneck=9 replicate=0 seed=1 estimator=Levina-Bickel k=3 sigma=0.5
[EST DONE] 2026-04-20T09:47:13.589541 bottleneck=9 replicate=0 seed=1 estimator=Levina-Bickel k=3 dur=5.987s
[EST START] 2026-04-20T09:47:13.589695 bottleneck=9 replicate=0 seed=1 estimator=Levina-Bickel k=5 sigma=0.5
[EST DONE] 2026-04-20T09:47:20.585342 bottleneck=9 replicate=0 seed=1 estimator=Levina-Bickel k=5 dur=6.996s
[EST START] 2026-04-20T09:47:20.585483 bottleneck=9 replicate=0 seed=1 estimator=Levina-Bickel k=7 sigma=0.5
[EST DONE] 2026-04-20T09:47:28.262780 bottleneck=9 replicate=0 seed=1 estimator=Levina-Bickel k=7 dur=7.677s
[EST START] 2026-04-20T09:47:28.262922 bottleneck=9 replicate=0 seed=1 estimator=Levina-Bickel k=10 sigma=0.5
[EST DONE] 2026-04-20T09:47:37.043390 bottleneck=9 replicate=0 seed=1 estimator=Levina-Bickel k=10 dur=8.780s
[EST START] 2026-04-20T09:47:37.043543 bottleneck=9 replicate=0 seed=1 estimator=Levina-Bickel k=15 sigma=0.5
[EST DONE] 2026-04-20T09:47:47.017206 bottleneck=9 replicate=0 seed=1 estimator=Levina-Bickel k=15 dur=9.974s
[EST START] 2026-04-20T09:47:47.017389 bottleneck=9 replicate=0 seed=1 estimator=TwoNN k=ALL sigma=0.5
[EST DONE] 2026-04-20T09:47:52.231331 bottleneck=9 replicate=0 seed=1 estimator=TwoNN k=ALL dur=5.214s
[EST START] 2026-04-20T09:47:52.231495 bottleneck=9 replicate=0 seed=1 estimator=lPCA k=3 sigma=0.5
[EST DONE] 2026-04-20T09:48:30.583122 bottleneck=9 replicate=0 seed=1 estimator=lPCA k=3 dur=38.352s
[EST START] 2026-04-20T09:48:30.583261 bottleneck=9 replicate=0 seed=1 estimator=lPCA k=5 sigma=0.5
[EST DONE] 2026-04-20T09:49:10.229135 bottleneck=9 replicate=0 seed=1 estimator=lPCA k=5 dur=39.646s
[EST START] 2026-04-20T09:49:10.229276 bottleneck=9 replicate=0 seed=1 estimator=lPCA k=7 sigma=0.5
[EST DONE] 2026-04-20T09:49:50.798876 bottleneck=9 replicate=0 seed=1 estimator=lPCA k=7 dur=40.570s
[EST START] 2026-04-20T09:49:50.799090 bottleneck=9 replicate=0 seed=1 estimator=lPCA k=10 sigma=0.5
[EST DONE] 2026-04-20T09:50:33.017698 bottleneck=9 replicate=0 seed=1 estimator=lPCA k=10 dur=42.219s
[EST START] 2026-04-20T09:50:33.017842 bottleneck=9 replicate=0 seed=1 estimator=lPCA k=15 sigma=0.5
[EST DONE] 2026-04-20T09:51:18.811984 bottleneck=9 replicate=0 seed=1 estimator=lPCA k=15 dur=45.794s
[EST START] 2026-04-20T09:51:18.812175 bottleneck=9 replicate=0 seed=1 estimator=DANCo k=3 sigma=0.5
[EST DONE] 2026-04-20T09:52:20.631021 bottleneck=9 replicate=0 seed=1 estimator=DANCo k=3 dur=61.819s
[EST START] 2026-04-20T09:52:20.631178 bottleneck=9 replicate=0 seed=1 estimator=DANCo k=5 sigma=0.5
[EST DONE] 2026-04-20T09:53:27.798646 bottleneck=9 replicate=0 seed=1 estimator=DANCo k=5 dur=67.167s
[EST START] 2026-04-20T09:53:27.798807 bottleneck=9 replicate=0 seed=1 estimator=DANCo k=7 sigma=0.5
[EST DONE] 2026-04-20T09:54:39.540905 bottleneck=9 replicate=0 seed=1 estimator=DANCo k=7 dur=71.742s
[EST START] 2026-04-20T09:54:39.541062 bottleneck=9 replicate=0 seed=1 estimator=DANCo k=10 sigma=0.5
[EST DONE] 2026-04-20T09:55:57.341120 bottleneck=9 replicate=0 seed=1 estimator=DANCo k=10 dur=77.800s
[EST START] 2026-04-20T09:55:57.341288 bottleneck=9 replicate=0 seed=1 estimator=DANCo k=15 sigma=0.5
[EST DONE] 2026-04-20T09:57:25.618879 bottleneck=9 replicate=0 seed=1 estimator=DANCo k=15 dur=88.278s
[EST START] 2026-04-20T09:57:25.619037 bottleneck=9 replicate=0 seed=1 estimator=MiND k=3 sigma=0.5
[EST DONE] 2026-04-20T09:57:32.126616 bottleneck=9 replicate=0 seed=1 estimator=MiND k=3 dur=6.508s
[EST START] 2026-04-20T09:57:32.126735 bottleneck=9 replicate=0 seed=1 estimator=MiND k=5 sigma=0.5
[EST DONE] 2026-04-20T09:57:39.459242 bottleneck=9 replicate=0 seed=1 estimator=MiND k=5 dur=7.332s
[EST START] 2026-04-20T09:57:39.459376 bottleneck=9 replicate=0 seed=1 estimator=MiND k=7 sigma=0.5
[EST DONE] 2026-04-20T09:57:47.597034 bottleneck=9 replicate=0 seed=1 estimator=MiND k=7 dur=8.138s
[EST START] 2026-04-20T09:57:47.597154 bottleneck=9 replicate=0 seed=1 estimator=MiND k=10 sigma=0.5
[EST DONE] 2026-04-20T09:57:56.755664 bottleneck=9 replicate=0 seed=1 estimator=MiND k=10 dur=9.158s
[EST START] 2026-04-20T09:57:56.755795 bottleneck=9 replicate=0 seed=1 estimator=MiND k=15 sigma=0.5
[EST DONE] 2026-04-20T09:58:06.968298 bottleneck=9 replicate=0 seed=1 estimator=MiND k=15 dur=10.212s
[EST START] 2026-04-20T09:58:06.968452 bottleneck=9 replicate=0 seed=1 estimator=FisherS k=ALL sigma=0.5
[EST DONE] 2026-04-20T10:03:01.846168 bottleneck=9 replicate=0 seed=1 estimator=FisherS k=ALL dur=294.878s
[EST START] 2026-04-20T10:03:01.846356 bottleneck=9 replicate=0 seed=1 estimator=SMAE k=ALL sigma=0.5
[EST DONE] 2026-04-20T10:03:40.265469 bottleneck=9 replicate=0 seed=1 estimator=SMAE k=ALL dur=38.419s
[EST START] 2026-04-20T10:03:40.285372 bottleneck=9 replicate=0 seed=1 estimator=Levina-Bickel k=3 sigma=0.75
[EST DONE] 2026-04-20T10:03:46.560679 bottleneck=9 replicate=0 seed=1 estimator=Levina-Bickel k=3 dur=6.275s
[EST START] 2026-04-20T10:03:46.560823 bottleneck=9 replicate=0 seed=1 estimator=Levina-Bickel k=5 sigma=0.75
[EST DONE] 2026-04-20T10:03:53.993136 bottleneck=9 replicate=0 seed=1 estimator=Levina-Bickel k=5 dur=7.432s
[EST START] 2026-04-20T10:03:53.993271 bottleneck=9 replicate=0 seed=1 estimator=Levina-Bickel k=7 sigma=0.75
[EST DONE] 2026-04-20T10:04:02.270361 bottleneck=9 replicate=0 seed=1 estimator=Levina-Bickel k=7 dur=8.277s
[EST START] 2026-04-20T10:04:02.270510 bottleneck=9 replicate=0 seed=1 estimator=Levina-Bickel k=10 sigma=0.75
[EST DONE] 2026-04-20T10:04:11.386431 bottleneck=9 replicate=0 seed=1 estimator=Levina-Bickel k=10 dur=9.116s
[EST START] 2026-04-20T10:04:11.386573 bottleneck=9 replicate=0 seed=1 estimator=Levina-Bickel k=15 sigma=0.75
[EST DONE] 2026-04-20T10:04:21.603502 bottleneck=9 replicate=0 seed=1 estimator=Levina-Bickel k=15 dur=10.217s
[EST START] 2026-04-20T10:04:21.603667 bottleneck=9 replicate=0 seed=1 estimator=TwoNN k=ALL sigma=0.75
[EST DONE] 2026-04-20T10:04:27.041198 bottleneck=9 replicate=0 seed=1 estimator=TwoNN k=ALL dur=5.437s
[EST START] 2026-04-20T10:04:27.041327 bottleneck=9 replicate=0 seed=1 estimator=lPCA k=3 sigma=0.75
[EST DONE] 2026-04-20T10:05:05.582846 bottleneck=9 replicate=0 seed=1 estimator=lPCA k=3 dur=38.541s
[EST START] 2026-04-20T10:05:05.582997 bottleneck=9 replicate=0 seed=1 estimator=lPCA k=5 sigma=0.75
[EST DONE] 2026-04-20T10:05:46.076213 bottleneck=9 replicate=0 seed=1 estimator=lPCA k=5 dur=40.493s
[EST START] 2026-04-20T10:05:46.076376 bottleneck=9 replicate=0 seed=1 estimator=lPCA k=7 sigma=0.75
[EST DONE] 2026-04-20T10:06:26.717813 bottleneck=9 replicate=0 seed=1 estimator=lPCA k=7 dur=40.641s
[EST START] 2026-04-20T10:06:26.717966 bottleneck=9 replicate=0 seed=1 estimator=lPCA k=10 sigma=0.75
[EST DONE] 2026-04-20T10:07:08.875229 bottleneck=9 replicate=0 seed=1 estimator=lPCA k=10 dur=42.157s
[EST START] 2026-04-20T10:07:08.875412 bottleneck=9 replicate=0 seed=1 estimator=lPCA k=15 sigma=0.75
[EST DONE] 2026-04-20T10:07:54.017917 bottleneck=9 replicate=0 seed=1 estimator=lPCA k=15 dur=45.142s
[EST START] 2026-04-20T10:07:54.018070 bottleneck=9 replicate=0 seed=1 estimator=DANCo k=3 sigma=0.75
[EST DONE] 2026-04-20T10:08:55.973021 bottleneck=9 replicate=0 seed=1 estimator=DANCo k=3 dur=61.955s
[EST START] 2026-04-20T10:08:55.973169 bottleneck=9 replicate=0 seed=1 estimator=DANCo k=5 sigma=0.75
[EST DONE] 2026-04-20T10:10:03.131247 bottleneck=9 replicate=0 seed=1 estimator=DANCo k=5 dur=67.158s
[EST START] 2026-04-20T10:10:03.131397 bottleneck=9 replicate=0 seed=1 estimator=DANCo k=7 sigma=0.75
[EST DONE] 2026-04-20T10:11:14.543511 bottleneck=9 replicate=0 seed=1 estimator=DANCo k=7 dur=71.412s
[EST START] 2026-04-20T10:11:14.543679 bottleneck=9 replicate=0 seed=1 estimator=DANCo k=10 sigma=0.75
[EST DONE] 2026-04-20T10:12:31.408516 bottleneck=9 replicate=0 seed=1 estimator=DANCo k=10 dur=76.865s
[EST START] 2026-04-20T10:12:31.408674 bottleneck=9 replicate=0 seed=1 estimator=DANCo k=15 sigma=0.75
[EST DONE] 2026-04-20T10:13:59.536244 bottleneck=9 replicate=0 seed=1 estimator=DANCo k=15 dur=88.128s
[EST START] 2026-04-20T10:13:59.536409 bottleneck=9 replicate=0 seed=1 estimator=MiND k=3 sigma=0.75
[EST DONE] 2026-04-20T10:14:06.107356 bottleneck=9 replicate=0 seed=1 estimator=MiND k=3 dur=6.571s
[EST START] 2026-04-20T10:14:06.107497 bottleneck=9 replicate=0 seed=1 estimator=MiND k=5 sigma=0.75
[EST DONE] 2026-04-20T10:14:13.842626 bottleneck=9 replicate=0 seed=1 estimator=MiND k=5 dur=7.735s
[EST START] 2026-04-20T10:14:13.842759 bottleneck=9 replicate=0 seed=1 estimator=MiND k=7 sigma=0.75
[EST DONE] 2026-04-20T10:14:22.253012 bottleneck=9 replicate=0 seed=1 estimator=MiND k=7 dur=8.410s
[EST START] 2026-04-20T10:14:22.253139 bottleneck=9 replicate=0 seed=1 estimator=MiND k=10 sigma=0.75
[EST DONE] 2026-04-20T10:14:31.398884 bottleneck=9 replicate=0 seed=1 estimator=MiND k=10 dur=9.146s
[EST START] 2026-04-20T10:14:31.399016 bottleneck=9 replicate=0 seed=1 estimator=MiND k=15 sigma=0.75
[EST DONE] 2026-04-20T10:14:42.042861 bottleneck=9 replicate=0 seed=1 estimator=MiND k=15 dur=10.644s
[EST START] 2026-04-20T10:14:42.042999 bottleneck=9 replicate=0 seed=1 estimator=FisherS k=ALL sigma=0.75
[EST DONE] 2026-04-20T10:19:02.045075 bottleneck=9 replicate=0 seed=1 estimator=FisherS k=ALL dur=260.002s
[EST START] 2026-04-20T10:19:02.045270 bottleneck=9 replicate=0 seed=1 estimator=SMAE k=ALL sigma=0.75
[EST DONE] 2026-04-20T10:19:40.633649 bottleneck=9 replicate=0 seed=1 estimator=SMAE k=ALL dur=38.588s
[EST START] 2026-04-20T10:19:40.651733 bottleneck=9 replicate=0 seed=1 estimator=Levina-Bickel k=3 sigma=1.0
[EST DONE] 2026-04-20T10:19:47.192753 bottleneck=9 replicate=0 seed=1 estimator=Levina-Bickel k=3 dur=6.541s
[EST START] 2026-04-20T10:19:47.192884 bottleneck=9 replicate=0 seed=1 estimator=Levina-Bickel k=5 sigma=1.0
[EST DONE] 2026-04-20T10:19:54.753576 bottleneck=9 replicate=0 seed=1 estimator=Levina-Bickel k=5 dur=7.561s
[EST START] 2026-04-20T10:19:54.753708 bottleneck=9 replicate=0 seed=1 estimator=Levina-Bickel k=7 sigma=1.0
[EST DONE] 2026-04-20T10:20:03.099630 bottleneck=9 replicate=0 seed=1 estimator=Levina-Bickel k=7 dur=8.346s
[EST START] 2026-04-20T10:20:03.099781 bottleneck=9 replicate=0 seed=1 estimator=Levina-Bickel k=10 sigma=1.0
[EST DONE] 2026-04-20T10:20:12.563637 bottleneck=9 replicate=0 seed=1 estimator=Levina-Bickel k=10 dur=9.464s
[EST START] 2026-04-20T10:20:12.563777 bottleneck=9 replicate=0 seed=1 estimator=Levina-Bickel k=15 sigma=1.0
[EST DONE] 2026-04-20T10:20:23.270951 bottleneck=9 replicate=0 seed=1 estimator=Levina-Bickel k=15 dur=10.707s
[EST START] 2026-04-20T10:20:23.271110 bottleneck=9 replicate=0 seed=1 estimator=TwoNN k=ALL sigma=1.0
[EST DONE] 2026-04-20T10:20:29.049707 bottleneck=9 replicate=0 seed=1 estimator=TwoNN k=ALL dur=5.779s
[EST START] 2026-04-20T10:20:29.049829 bottleneck=9 replicate=0 seed=1 estimator=lPCA k=3 sigma=1.0
[EST DONE] 2026-04-20T10:21:07.901792 bottleneck=9 replicate=0 seed=1 estimator=lPCA k=3 dur=38.852s
[EST START] 2026-04-20T10:21:07.901940 bottleneck=9 replicate=0 seed=1 estimator=lPCA k=5 sigma=1.0
[EST DONE] 2026-04-20T10:21:48.060843 bottleneck=9 replicate=0 seed=1 estimator=lPCA k=5 dur=40.159s
[EST START] 2026-04-20T10:21:48.060994 bottleneck=9 replicate=0 seed=1 estimator=lPCA k=7 sigma=1.0
[EST DONE] 2026-04-20T10:22:30.361486 bottleneck=9 replicate=0 seed=1 estimator=lPCA k=7 dur=42.300s
[EST START] 2026-04-20T10:22:30.361630 bottleneck=9 replicate=0 seed=1 estimator=lPCA k=10 sigma=1.0
[EST DONE] 2026-04-20T10:23:13.974629 bottleneck=9 replicate=0 seed=1 estimator=lPCA k=10 dur=43.613s
[EST START] 2026-04-20T10:23:13.974797 bottleneck=9 replicate=0 seed=1 estimator=lPCA k=15 sigma=1.0
[EST DONE] 2026-04-20T10:24:00.144086 bottleneck=9 replicate=0 seed=1 estimator=lPCA k=15 dur=46.169s
[EST START] 2026-04-20T10:24:00.144244 bottleneck=9 replicate=0 seed=1 estimator=DANCo k=3 sigma=1.0
[EST DONE] 2026-04-20T10:25:07.602574 bottleneck=9 replicate=0 seed=1 estimator=DANCo k=3 dur=67.458s
[EST START] 2026-04-20T10:25:07.602737 bottleneck=9 replicate=0 seed=1 estimator=DANCo k=5 sigma=1.0
[EST DONE] 2026-04-20T10:26:24.642148 bottleneck=9 replicate=0 seed=1 estimator=DANCo k=5 dur=77.039s
[EST START] 2026-04-20T10:26:24.642302 bottleneck=9 replicate=0 seed=1 estimator=DANCo k=7 sigma=1.0
[EST DONE] 2026-04-20T10:27:46.975221 bottleneck=9 replicate=0 seed=1 estimator=DANCo k=7 dur=82.333s
[EST START] 2026-04-20T10:27:46.975394 bottleneck=9 replicate=0 seed=1 estimator=DANCo k=10 sigma=1.0
[EST DONE] 2026-04-20T10:29:16.195646 bottleneck=9 replicate=0 seed=1 estimator=DANCo k=10 dur=89.220s
[EST START] 2026-04-20T10:29:16.195803 bottleneck=9 replicate=0 seed=1 estimator=DANCo k=15 sigma=1.0
[EST DONE] 2026-04-20T10:30:50.376377 bottleneck=9 replicate=0 seed=1 estimator=DANCo k=15 dur=94.181s
[EST START] 2026-04-20T10:30:50.376551 bottleneck=9 replicate=0 seed=1 estimator=MiND k=3 sigma=1.0
[EST DONE] 2026-04-20T10:30:57.563840 bottleneck=9 replicate=0 seed=1 estimator=MiND k=3 dur=7.187s
[EST START] 2026-04-20T10:30:57.563963 bottleneck=9 replicate=0 seed=1 estimator=MiND k=5 sigma=1.0
[EST DONE] 2026-04-20T10:31:05.466641 bottleneck=9 replicate=0 seed=1 estimator=MiND k=5 dur=7.903s
[EST START] 2026-04-20T10:31:05.466739 bottleneck=9 replicate=0 seed=1 estimator=MiND k=7 sigma=1.0
[EST DONE] 2026-04-20T10:31:14.360014 bottleneck=9 replicate=0 seed=1 estimator=MiND k=7 dur=8.893s
[EST START] 2026-04-20T10:31:14.360144 bottleneck=9 replicate=0 seed=1 estimator=MiND k=10 sigma=1.0
[EST DONE] 2026-04-20T10:31:23.990886 bottleneck=9 replicate=0 seed=1 estimator=MiND k=10 dur=9.631s
[EST START] 2026-04-20T10:31:23.991015 bottleneck=9 replicate=0 seed=1 estimator=MiND k=15 sigma=1.0
[EST DONE] 2026-04-20T10:31:35.141587 bottleneck=9 replicate=0 seed=1 estimator=MiND k=15 dur=11.151s
[EST START] 2026-04-20T10:31:35.141725 bottleneck=9 replicate=0 seed=1 estimator=FisherS k=ALL sigma=1.0
[EST DONE] 2026-04-20T10:35:55.943176 bottleneck=9 replicate=0 seed=1 estimator=FisherS k=ALL dur=260.801s
[EST START] 2026-04-20T10:35:55.943392 bottleneck=9 replicate=0 seed=1 estimator=SMAE k=ALL sigma=1.0
[EST DONE] 2026-04-20T10:36:34.370994 bottleneck=9 replicate=0 seed=1 estimator=SMAE k=ALL dur=38.428s
[MNIST TASK START] 2026-04-20T10:36:34.371251 bottleneck=12 replicate=0 seed=1
[AE START] seed=1 bottleneck=12 epochs=50 subset=0
[AE EPOCH] epoch=1/50 loss=0.096223 epoch_time=1.32s device=cuda
[AE EPOCH] epoch=2/50 loss=0.053343 epoch_time=1.04s device=cuda
[AE EPOCH] epoch=3/50 loss=0.040089 epoch_time=0.91s device=cuda
[AE EPOCH] epoch=4/50 loss=0.033406 epoch_time=0.91s device=cuda
[AE EPOCH] epoch=5/50 loss=0.029611 epoch_time=1.17s device=cuda
[AE EPOCH] epoch=6/50 loss=0.027171 epoch_time=1.17s device=cuda
[AE EPOCH] epoch=7/50 loss=0.025445 epoch_time=1.09s device=cuda
[AE EPOCH] epoch=8/50 loss=0.024151 epoch_time=0.98s device=cuda
[AE EPOCH] epoch=9/50 loss=0.023209 epoch_time=1.12s device=cuda
[AE EPOCH] epoch=10/50 loss=0.022477 epoch_time=1.10s device=cuda
[AE EPOCH] epoch=11/50 loss=0.021879 epoch_time=1.00s device=cuda
[AE EPOCH] epoch=12/50 loss=0.021370 epoch_time=1.13s device=cuda
[AE EPOCH] epoch=13/50 loss=0.020927 epoch_time=1.14s device=cuda
[AE EPOCH] epoch=14/50 loss=0.020537 epoch_time=0.99s device=cuda
[AE EPOCH] epoch=15/50 loss=0.020183 epoch_time=1.22s device=cuda
[AE EPOCH] epoch=16/50 loss=0.019860 epoch_time=1.11s device=cuda
[AE EPOCH] epoch=17/50 loss=0.019565 epoch_time=1.05s device=cuda
[AE EPOCH] epoch=18/50 loss=0.019293 epoch_time=1.05s device=cuda
[AE EPOCH] epoch=19/50 loss=0.019041 epoch_time=1.01s device=cuda
[AE EPOCH] epoch=20/50 loss=0.018804 epoch_time=1.08s device=cuda
[AE EPOCH] epoch=21/50 loss=0.018583 epoch_time=1.03s device=cuda
[AE EPOCH] epoch=22/50 loss=0.018376 epoch_time=1.00s device=cuda
[AE EPOCH] epoch=23/50 loss=0.018181 epoch_time=1.00s device=cuda
[AE EPOCH] epoch=24/50 loss=0.017995 epoch_time=0.99s device=cuda
[AE EPOCH] epoch=25/50 loss=0.017819 epoch_time=1.01s device=cuda
[AE EPOCH] epoch=26/50 loss=0.017651 epoch_time=1.36s device=cuda
[AE EPOCH] epoch=27/50 loss=0.017492 epoch_time=1.03s device=cuda
[AE EPOCH] epoch=28/50 loss=0.017340 epoch_time=1.13s device=cuda
[AE EPOCH] epoch=29/50 loss=0.017194 epoch_time=1.05s device=cuda
[AE EPOCH] epoch=30/50 loss=0.017058 epoch_time=1.06s device=cuda
[AE EPOCH] epoch=31/50 loss=0.016925 epoch_time=1.03s device=cuda
[AE EPOCH] epoch=32/50 loss=0.016801 epoch_time=1.05s device=cuda
[AE EPOCH] epoch=33/50 loss=0.016681 epoch_time=1.15s device=cuda
[AE EPOCH] epoch=34/50 loss=0.016565 epoch_time=1.00s device=cuda
[AE EPOCH] epoch=35/50 loss=0.016454 epoch_time=1.13s device=cuda
[AE EPOCH] epoch=36/50 loss=0.016347 epoch_time=0.99s device=cuda
[AE EPOCH] epoch=37/50 loss=0.016245 epoch_time=1.09s device=cuda
[AE EPOCH] epoch=38/50 loss=0.016147 epoch_time=1.08s device=cuda
[AE EPOCH] epoch=39/50 loss=0.016051 epoch_time=1.00s device=cuda
[AE EPOCH] epoch=40/50 loss=0.015962 epoch_time=1.12s device=cuda
[AE EPOCH] epoch=41/50 loss=0.015873 epoch_time=1.02s device=cuda
[AE EPOCH] epoch=42/50 loss=0.015788 epoch_time=1.06s device=cuda
[AE EPOCH] epoch=43/50 loss=0.015703 epoch_time=1.00s device=cuda
[AE EPOCH] epoch=44/50 loss=0.015622 epoch_time=1.09s device=cuda
[AE EPOCH] epoch=45/50 loss=0.015547 epoch_time=1.14s device=cuda
[AE EPOCH] epoch=46/50 loss=0.015470 epoch_time=1.03s device=cuda
[AE EPOCH] epoch=47/50 loss=0.015398 epoch_time=1.03s device=cuda
[AE EPOCH] epoch=48/50 loss=0.015326 epoch_time=1.15s device=cuda
[AE EPOCH] epoch=49/50 loss=0.015256 epoch_time=1.33s device=cuda
[AE EPOCH] epoch=50/50 loss=0.015188 epoch_time=1.08s device=cuda
[AE TRAIN COMPLETE] total_time=53.82s
[AE TRAIN COMPLETE] 2026-04-20T10:37:49.904340 bottleneck=12 replicate=0 dur=75.5s seed=1
[EST START] 2026-04-20T10:37:49.936074 bottleneck=12 replicate=0 seed=1 estimator=Levina-Bickel k=3 sigma=0.0
[EST DONE] 2026-04-20T10:38:03.140472 bottleneck=12 replicate=0 seed=1 estimator=Levina-Bickel k=3 dur=13.204s
[EST START] 2026-04-20T10:38:03.140641 bottleneck=12 replicate=0 seed=1 estimator=Levina-Bickel k=5 sigma=0.0
[EST DONE] 2026-04-20T10:38:18.546973 bottleneck=12 replicate=0 seed=1 estimator=Levina-Bickel k=5 dur=15.406s
[EST START] 2026-04-20T10:38:18.547112 bottleneck=12 replicate=0 seed=1 estimator=Levina-Bickel k=7 sigma=0.0
[EST DONE] 2026-04-20T10:38:35.604675 bottleneck=12 replicate=0 seed=1 estimator=Levina-Bickel k=7 dur=17.058s
[EST START] 2026-04-20T10:38:35.604804 bottleneck=12 replicate=0 seed=1 estimator=Levina-Bickel k=10 sigma=0.0
[EST DONE] 2026-04-20T10:38:54.440276 bottleneck=12 replicate=0 seed=1 estimator=Levina-Bickel k=10 dur=18.835s
[EST START] 2026-04-20T10:38:54.440424 bottleneck=12 replicate=0 seed=1 estimator=Levina-Bickel k=15 sigma=0.0
[EST DONE] 2026-04-20T10:39:15.672879 bottleneck=12 replicate=0 seed=1 estimator=Levina-Bickel k=15 dur=21.232s
[EST START] 2026-04-20T10:39:15.673052 bottleneck=12 replicate=0 seed=1 estimator=TwoNN k=ALL sigma=0.0
[EST DONE] 2026-04-20T10:39:27.156895 bottleneck=12 replicate=0 seed=1 estimator=TwoNN k=ALL dur=11.484s
[EST START] 2026-04-20T10:39:27.157061 bottleneck=12 replicate=0 seed=1 estimator=lPCA k=3 sigma=0.0
[EST DONE] 2026-04-20T10:40:12.257366 bottleneck=12 replicate=0 seed=1 estimator=lPCA k=3 dur=45.100s
[EST START] 2026-04-20T10:40:12.257524 bottleneck=12 replicate=0 seed=1 estimator=lPCA k=5 sigma=0.0
[EST DONE] 2026-04-20T10:40:59.618761 bottleneck=12 replicate=0 seed=1 estimator=lPCA k=5 dur=47.361s
[EST START] 2026-04-20T10:40:59.618927 bottleneck=12 replicate=0 seed=1 estimator=lPCA k=7 sigma=0.0
[EST DONE] 2026-04-20T10:41:49.397367 bottleneck=12 replicate=0 seed=1 estimator=lPCA k=7 dur=49.778s
[EST START] 2026-04-20T10:41:49.397526 bottleneck=12 replicate=0 seed=1 estimator=lPCA k=10 sigma=0.0
[EST DONE] 2026-04-20T10:42:42.063386 bottleneck=12 replicate=0 seed=1 estimator=lPCA k=10 dur=52.666s
[EST START] 2026-04-20T10:42:42.063556 bottleneck=12 replicate=0 seed=1 estimator=lPCA k=15 sigma=0.0
[EST DONE] 2026-04-20T10:43:38.878770 bottleneck=12 replicate=0 seed=1 estimator=lPCA k=15 dur=56.815s
[EST START] 2026-04-20T10:43:38.878934 bottleneck=12 replicate=0 seed=1 estimator=DANCo k=3 sigma=0.0
[EST DONE] 2026-04-20T10:45:51.729333 bottleneck=12 replicate=0 seed=1 estimator=DANCo k=3 dur=132.850s
[EST START] 2026-04-20T10:45:51.729505 bottleneck=12 replicate=0 seed=1 estimator=DANCo k=5 sigma=0.0
[EST DONE] 2026-04-20T10:48:08.401159 bottleneck=12 replicate=0 seed=1 estimator=DANCo k=5 dur=136.672s
[EST START] 2026-04-20T10:48:08.401293 bottleneck=12 replicate=0 seed=1 estimator=DANCo k=7 sigma=0.0
[EST DONE] 2026-04-20T10:50:31.125130 bottleneck=12 replicate=0 seed=1 estimator=DANCo k=7 dur=142.724s
[EST START] 2026-04-20T10:50:31.125302 bottleneck=12 replicate=0 seed=1 estimator=DANCo k=10 sigma=0.0
[EST DONE] 2026-04-20T10:53:08.149486 bottleneck=12 replicate=0 seed=1 estimator=DANCo k=10 dur=157.024s
[EST START] 2026-04-20T10:53:08.149652 bottleneck=12 replicate=0 seed=1 estimator=DANCo k=15 sigma=0.0
[EST DONE] 2026-04-20T10:56:05.499988 bottleneck=12 replicate=0 seed=1 estimator=DANCo k=15 dur=177.350s
[EST START] 2026-04-20T10:56:05.500169 bottleneck=12 replicate=0 seed=1 estimator=MiND k=3 sigma=0.0
[EST DONE] 2026-04-20T10:56:18.872036 bottleneck=12 replicate=0 seed=1 estimator=MiND k=3 dur=13.372s
[EST START] 2026-04-20T10:56:18.872183 bottleneck=12 replicate=0 seed=1 estimator=MiND k=5 sigma=0.0
[EST DONE] 2026-04-20T10:56:34.430128 bottleneck=12 replicate=0 seed=1 estimator=MiND k=5 dur=15.558s
[EST START] 2026-04-20T10:56:34.430261 bottleneck=12 replicate=0 seed=1 estimator=MiND k=7 sigma=0.0
[EST DONE] 2026-04-20T10:56:51.375920 bottleneck=12 replicate=0 seed=1 estimator=MiND k=7 dur=16.946s
[EST START] 2026-04-20T10:56:51.376064 bottleneck=12 replicate=0 seed=1 estimator=MiND k=10 sigma=0.0
[EST DONE] 2026-04-20T10:57:10.069815 bottleneck=12 replicate=0 seed=1 estimator=MiND k=10 dur=18.694s
[EST START] 2026-04-20T10:57:10.069977 bottleneck=12 replicate=0 seed=1 estimator=MiND k=15 sigma=0.0
[EST DONE] 2026-04-20T10:57:30.962362 bottleneck=12 replicate=0 seed=1 estimator=MiND k=15 dur=20.892s
[EST START] 2026-04-20T10:57:30.962533 bottleneck=12 replicate=0 seed=1 estimator=FisherS k=ALL sigma=0.0
[EST DONE] 2026-04-20T11:02:03.044933 bottleneck=12 replicate=0 seed=1 estimator=FisherS k=ALL dur=272.082s
[EST START] 2026-04-20T11:02:03.045123 bottleneck=12 replicate=0 seed=1 estimator=SMAE k=ALL sigma=0.0
[EST DONE] 2026-04-20T11:02:41.537068 bottleneck=12 replicate=0 seed=1 estimator=SMAE k=ALL dur=38.492s
[EST START] 2026-04-20T11:02:41.563028 bottleneck=12 replicate=0 seed=1 estimator=Levina-Bickel k=3 sigma=0.25
[EST DONE] 2026-04-20T11:02:54.712849 bottleneck=12 replicate=0 seed=1 estimator=Levina-Bickel k=3 dur=13.150s
[EST START] 2026-04-20T11:02:54.713018 bottleneck=12 replicate=0 seed=1 estimator=Levina-Bickel k=5 sigma=0.25
[EST DONE] 2026-04-20T11:03:09.830962 bottleneck=12 replicate=0 seed=1 estimator=Levina-Bickel k=5 dur=15.118s
[EST START] 2026-04-20T11:03:09.831149 bottleneck=12 replicate=0 seed=1 estimator=Levina-Bickel k=7 sigma=0.25
[EST DONE] 2026-04-20T11:03:26.651951 bottleneck=12 replicate=0 seed=1 estimator=Levina-Bickel k=7 dur=16.821s
[EST START] 2026-04-20T11:03:26.652063 bottleneck=12 replicate=0 seed=1 estimator=Levina-Bickel k=10 sigma=0.25
[EST DONE] 2026-04-20T11:03:45.186787 bottleneck=12 replicate=0 seed=1 estimator=Levina-Bickel k=10 dur=18.535s
[EST START] 2026-04-20T11:03:45.186931 bottleneck=12 replicate=0 seed=1 estimator=Levina-Bickel k=15 sigma=0.25
[EST DONE] 2026-04-20T11:04:05.814809 bottleneck=12 replicate=0 seed=1 estimator=Levina-Bickel k=15 dur=20.628s
[EST START] 2026-04-20T11:04:05.814995 bottleneck=12 replicate=0 seed=1 estimator=TwoNN k=ALL sigma=0.25
[EST DONE] 2026-04-20T11:04:16.895430 bottleneck=12 replicate=0 seed=1 estimator=TwoNN k=ALL dur=11.080s
[EST START] 2026-04-20T11:04:16.895618 bottleneck=12 replicate=0 seed=1 estimator=lPCA k=3 sigma=0.25
[EST DONE] 2026-04-20T11:05:00.537968 bottleneck=12 replicate=0 seed=1 estimator=lPCA k=3 dur=43.642s
[EST START] 2026-04-20T11:05:00.538134 bottleneck=12 replicate=0 seed=1 estimator=lPCA k=5 sigma=0.25
[EST DONE] 2026-04-20T11:05:48.194452 bottleneck=12 replicate=0 seed=1 estimator=lPCA k=5 dur=47.656s
[EST START] 2026-04-20T11:05:48.194578 bottleneck=12 replicate=0 seed=1 estimator=lPCA k=7 sigma=0.25
[EST DONE] 2026-04-20T11:06:38.312979 bottleneck=12 replicate=0 seed=1 estimator=lPCA k=7 dur=50.118s
[EST START] 2026-04-20T11:06:38.313145 bottleneck=12 replicate=0 seed=1 estimator=lPCA k=10 sigma=0.25
[EST DONE] 2026-04-20T11:07:31.728570 bottleneck=12 replicate=0 seed=1 estimator=lPCA k=10 dur=53.415s
[EST START] 2026-04-20T11:07:31.728733 bottleneck=12 replicate=0 seed=1 estimator=lPCA k=15 sigma=0.25
[EST DONE] 2026-04-20T11:08:28.846248 bottleneck=12 replicate=0 seed=1 estimator=lPCA k=15 dur=57.117s
[EST START] 2026-04-20T11:08:28.846418 bottleneck=12 replicate=0 seed=1 estimator=DANCo k=3 sigma=0.25
[EST DONE] 2026-04-20T11:10:49.717788 bottleneck=12 replicate=0 seed=1 estimator=DANCo k=3 dur=140.871s
[EST START] 2026-04-20T11:10:49.717958 bottleneck=12 replicate=0 seed=1 estimator=DANCo k=5 sigma=0.25
[EST DONE] 2026-04-20T11:13:26.349914 bottleneck=12 replicate=0 seed=1 estimator=DANCo k=5 dur=156.632s
[EST START] 2026-04-20T11:13:26.350077 bottleneck=12 replicate=0 seed=1 estimator=DANCo k=7 sigma=0.25
[EST DONE] 2026-04-20T11:16:15.567727 bottleneck=12 replicate=0 seed=1 estimator=DANCo k=7 dur=169.218s
[EST START] 2026-04-20T11:16:15.567912 bottleneck=12 replicate=0 seed=1 estimator=DANCo k=10 sigma=0.25
[EST DONE] 2026-04-20T11:19:19.597426 bottleneck=12 replicate=0 seed=1 estimator=DANCo k=10 dur=184.029s
[EST START] 2026-04-20T11:19:19.597632 bottleneck=12 replicate=0 seed=1 estimator=DANCo k=15 sigma=0.25
[EST DONE] 2026-04-20T11:22:46.643552 bottleneck=12 replicate=0 seed=1 estimator=DANCo k=15 dur=207.046s
[EST START] 2026-04-20T11:22:46.643727 bottleneck=12 replicate=0 seed=1 estimator=MiND k=3 sigma=0.25
[EST DONE] 2026-04-20T11:23:01.404621 bottleneck=12 replicate=0 seed=1 estimator=MiND k=3 dur=14.761s
[EST START] 2026-04-20T11:23:01.404763 bottleneck=12 replicate=0 seed=1 estimator=MiND k=5 sigma=0.25
[EST DONE] 2026-04-20T11:23:18.072771 bottleneck=12 replicate=0 seed=1 estimator=MiND k=5 dur=16.668s
[EST START] 2026-04-20T11:23:18.072894 bottleneck=12 replicate=0 seed=1 estimator=MiND k=7 sigma=0.25
[EST DONE] 2026-04-20T11:23:36.556640 bottleneck=12 replicate=0 seed=1 estimator=MiND k=7 dur=18.484s
[EST START] 2026-04-20T11:23:36.556782 bottleneck=12 replicate=0 seed=1 estimator=MiND k=10 sigma=0.25
[EST DONE] 2026-04-20T11:23:56.486995 bottleneck=12 replicate=0 seed=1 estimator=MiND k=10 dur=19.930s
[EST START] 2026-04-20T11:23:56.487156 bottleneck=12 replicate=0 seed=1 estimator=MiND k=15 sigma=0.25
[EST DONE] 2026-04-20T11:24:18.832539 bottleneck=12 replicate=0 seed=1 estimator=MiND k=15 dur=22.345s
[EST START] 2026-04-20T11:24:18.832691 bottleneck=12 replicate=0 seed=1 estimator=FisherS k=ALL sigma=0.25
[EST DONE] 2026-04-20T11:28:38.980050 bottleneck=12 replicate=0 seed=1 estimator=FisherS k=ALL dur=260.147s
[EST START] 2026-04-20T11:28:38.980286 bottleneck=12 replicate=0 seed=1 estimator=SMAE k=ALL sigma=0.25
[EST DONE] 2026-04-20T11:29:18.080612 bottleneck=12 replicate=0 seed=1 estimator=SMAE k=ALL dur=39.100s
[EST START] 2026-04-20T11:29:18.105472 bottleneck=12 replicate=0 seed=1 estimator=Levina-Bickel k=3 sigma=0.5
[EST DONE] 2026-04-20T11:29:31.026745 bottleneck=12 replicate=0 seed=1 estimator=Levina-Bickel k=3 dur=12.921s
[EST START] 2026-04-20T11:29:31.026886 bottleneck=12 replicate=0 seed=1 estimator=Levina-Bickel k=5 sigma=0.5
[EST DONE] 2026-04-20T11:29:45.871232 bottleneck=12 replicate=0 seed=1 estimator=Levina-Bickel k=5 dur=14.844s
[EST START] 2026-04-20T11:29:45.871383 bottleneck=12 replicate=0 seed=1 estimator=Levina-Bickel k=7 sigma=0.5
[EST DONE] 2026-04-20T11:30:02.430871 bottleneck=12 replicate=0 seed=1 estimator=Levina-Bickel k=7 dur=16.559s
[EST START] 2026-04-20T11:30:02.431046 bottleneck=12 replicate=0 seed=1 estimator=Levina-Bickel k=10 sigma=0.5
[EST DONE] 2026-04-20T11:30:20.640191 bottleneck=12 replicate=0 seed=1 estimator=Levina-Bickel k=10 dur=18.209s
[EST START] 2026-04-20T11:30:20.640355 bottleneck=12 replicate=0 seed=1 estimator=Levina-Bickel k=15 sigma=0.5
[EST DONE] 2026-04-20T11:30:41.883923 bottleneck=12 replicate=0 seed=1 estimator=Levina-Bickel k=15 dur=21.244s
[EST START] 2026-04-20T11:30:41.884115 bottleneck=12 replicate=0 seed=1 estimator=TwoNN k=ALL sigma=0.5
[EST DONE] 2026-04-20T11:30:53.352374 bottleneck=12 replicate=0 seed=1 estimator=TwoNN k=ALL dur=11.468s
[EST START] 2026-04-20T11:30:53.352524 bottleneck=12 replicate=0 seed=1 estimator=lPCA k=3 sigma=0.5
[EST DONE] 2026-04-20T11:31:38.294187 bottleneck=12 replicate=0 seed=1 estimator=lPCA k=3 dur=44.942s
[EST START] 2026-04-20T11:31:38.294347 bottleneck=12 replicate=0 seed=1 estimator=lPCA k=5 sigma=0.5
[EST DONE] 2026-04-20T11:32:26.025662 bottleneck=12 replicate=0 seed=1 estimator=lPCA k=5 dur=47.731s
[EST START] 2026-04-20T11:32:26.025816 bottleneck=12 replicate=0 seed=1 estimator=lPCA k=7 sigma=0.5
[EST DONE] 2026-04-20T11:33:16.149417 bottleneck=12 replicate=0 seed=1 estimator=lPCA k=7 dur=50.124s
[EST START] 2026-04-20T11:33:16.149577 bottleneck=12 replicate=0 seed=1 estimator=lPCA k=10 sigma=0.5
[EST DONE] 2026-04-20T11:34:08.740443 bottleneck=12 replicate=0 seed=1 estimator=lPCA k=10 dur=52.591s
[EST START] 2026-04-20T11:34:08.740632 bottleneck=12 replicate=0 seed=1 estimator=lPCA k=15 sigma=0.5
[EST DONE] 2026-04-20T11:35:05.772963 bottleneck=12 replicate=0 seed=1 estimator=lPCA k=15 dur=57.032s
[EST START] 2026-04-20T11:35:05.773114 bottleneck=12 replicate=0 seed=1 estimator=DANCo k=3 sigma=0.5
[EST DONE] 2026-04-20T11:37:31.415390 bottleneck=12 replicate=0 seed=1 estimator=DANCo k=3 dur=145.642s
[EST START] 2026-04-20T11:37:31.415671 bottleneck=12 replicate=0 seed=1 estimator=DANCo k=5 sigma=0.5
[EST DONE] 2026-04-20T11:40:10.336966 bottleneck=12 replicate=0 seed=1 estimator=DANCo k=5 dur=158.921s
[EST START] 2026-04-20T11:40:10.337135 bottleneck=12 replicate=0 seed=1 estimator=DANCo k=7 sigma=0.5
[EST DONE] 2026-04-20T11:43:02.592878 bottleneck=12 replicate=0 seed=1 estimator=DANCo k=7 dur=172.256s
[EST START] 2026-04-20T11:43:02.593045 bottleneck=12 replicate=0 seed=1 estimator=DANCo k=10 sigma=0.5
[EST DONE] 2026-04-20T11:46:11.071671 bottleneck=12 replicate=0 seed=1 estimator=DANCo k=10 dur=188.479s
[EST START] 2026-04-20T11:46:11.071862 bottleneck=12 replicate=0 seed=1 estimator=DANCo k=15 sigma=0.5
[EST DONE] 2026-04-20T11:49:42.365945 bottleneck=12 replicate=0 seed=1 estimator=DANCo k=15 dur=211.294s
[EST START] 2026-04-20T11:49:42.366143 bottleneck=12 replicate=0 seed=1 estimator=MiND k=3 sigma=0.5
[EST DONE] 2026-04-20T11:49:56.429850 bottleneck=12 replicate=0 seed=1 estimator=MiND k=3 dur=14.064s
[EST START] 2026-04-20T11:49:56.430014 bottleneck=12 replicate=0 seed=1 estimator=MiND k=5 sigma=0.5
[EST DONE] 2026-04-20T11:50:12.718287 bottleneck=12 replicate=0 seed=1 estimator=MiND k=5 dur=16.288s
[EST START] 2026-04-20T11:50:12.718433 bottleneck=12 replicate=0 seed=1 estimator=MiND k=7 sigma=0.5
[EST DONE] 2026-04-20T11:50:30.702902 bottleneck=12 replicate=0 seed=1 estimator=MiND k=7 dur=17.984s
[EST START] 2026-04-20T11:50:30.703061 bottleneck=12 replicate=0 seed=1 estimator=MiND k=10 sigma=0.5
[EST DONE] 2026-04-20T11:50:50.562579 bottleneck=12 replicate=0 seed=1 estimator=MiND k=10 dur=19.859s
[EST START] 2026-04-20T11:50:50.562745 bottleneck=12 replicate=0 seed=1 estimator=MiND k=15 sigma=0.5
[EST DONE] 2026-04-20T11:51:12.302620 bottleneck=12 replicate=0 seed=1 estimator=MiND k=15 dur=21.740s
[EST START] 2026-04-20T11:51:12.302799 bottleneck=12 replicate=0 seed=1 estimator=FisherS k=ALL sigma=0.5
[EST DONE] 2026-04-20T11:55:35.731863 bottleneck=12 replicate=0 seed=1 estimator=FisherS k=ALL dur=263.429s
[EST START] 2026-04-20T11:55:35.732138 bottleneck=12 replicate=0 seed=1 estimator=SMAE k=ALL sigma=0.5
[EST DONE] 2026-04-20T11:56:13.954129 bottleneck=12 replicate=0 seed=1 estimator=SMAE k=ALL dur=38.222s
[EST START] 2026-04-20T11:56:13.984546 bottleneck=12 replicate=0 seed=1 estimator=Levina-Bickel k=3 sigma=0.75
[EST DONE] 2026-04-20T11:56:27.575957 bottleneck=12 replicate=0 seed=1 estimator=Levina-Bickel k=3 dur=13.591s
[EST START] 2026-04-20T11:56:27.576115 bottleneck=12 replicate=0 seed=1 estimator=Levina-Bickel k=5 sigma=0.75
[EST DONE] 2026-04-20T11:56:43.830331 bottleneck=12 replicate=0 seed=1 estimator=Levina-Bickel k=5 dur=16.254s
[EST START] 2026-04-20T11:56:43.830500 bottleneck=12 replicate=0 seed=1 estimator=Levina-Bickel k=7 sigma=0.75
[EST DONE] 2026-04-20T11:57:01.640632 bottleneck=12 replicate=0 seed=1 estimator=Levina-Bickel k=7 dur=17.810s
[EST START] 2026-04-20T11:57:01.640813 bottleneck=12 replicate=0 seed=1 estimator=Levina-Bickel k=10 sigma=0.75
[EST DONE] 2026-04-20T11:57:21.123971 bottleneck=12 replicate=0 seed=1 estimator=Levina-Bickel k=10 dur=19.483s
[EST START] 2026-04-20T11:57:21.124161 bottleneck=12 replicate=0 seed=1 estimator=Levina-Bickel k=15 sigma=0.75
[EST DONE] 2026-04-20T11:57:43.052593 bottleneck=12 replicate=0 seed=1 estimator=Levina-Bickel k=15 dur=21.928s
[EST START] 2026-04-20T11:57:43.052794 bottleneck=12 replicate=0 seed=1 estimator=TwoNN k=ALL sigma=0.75
[EST DONE] 2026-04-20T11:57:55.256218 bottleneck=12 replicate=0 seed=1 estimator=TwoNN k=ALL dur=12.203s
[EST START] 2026-04-20T11:57:55.256389 bottleneck=12 replicate=0 seed=1 estimator=lPCA k=3 sigma=0.75
[EST DONE] 2026-04-20T11:58:40.608396 bottleneck=12 replicate=0 seed=1 estimator=lPCA k=3 dur=45.352s
[EST START] 2026-04-20T11:58:40.608561 bottleneck=12 replicate=0 seed=1 estimator=lPCA k=5 sigma=0.75
[EST DONE] 2026-04-20T11:59:30.679228 bottleneck=12 replicate=0 seed=1 estimator=lPCA k=5 dur=50.071s
[EST START] 2026-04-20T11:59:30.679398 bottleneck=12 replicate=0 seed=1 estimator=lPCA k=7 sigma=0.75
[EST DONE] 2026-04-20T12:00:23.731926 bottleneck=12 replicate=0 seed=1 estimator=lPCA k=7 dur=53.052s
[EST START] 2026-04-20T12:00:23.732106 bottleneck=12 replicate=0 seed=1 estimator=lPCA k=10 sigma=0.75
[EST DONE] 2026-04-20T12:01:21.391984 bottleneck=12 replicate=0 seed=1 estimator=lPCA k=10 dur=57.660s
[EST START] 2026-04-20T12:01:21.392131 bottleneck=12 replicate=0 seed=1 estimator=lPCA k=15 sigma=0.75
[EST DONE] 2026-04-20T12:02:23.187307 bottleneck=12 replicate=0 seed=1 estimator=lPCA k=15 dur=61.795s
[EST START] 2026-04-20T12:02:23.187479 bottleneck=12 replicate=0 seed=1 estimator=DANCo k=3 sigma=0.75
[EST DONE] 2026-04-20T12:04:48.094317 bottleneck=12 replicate=0 seed=1 estimator=DANCo k=3 dur=144.907s
[EST START] 2026-04-20T12:04:48.094488 bottleneck=12 replicate=0 seed=1 estimator=DANCo k=5 sigma=0.75
[EST DONE] 2026-04-20T12:07:27.315804 bottleneck=12 replicate=0 seed=1 estimator=DANCo k=5 dur=159.221s
[EST START] 2026-04-20T12:07:27.315974 bottleneck=12 replicate=0 seed=1 estimator=DANCo k=7 sigma=0.75
[EST DONE] 2026-04-20T12:10:17.336268 bottleneck=12 replicate=0 seed=1 estimator=DANCo k=7 dur=170.020s
[EST START] 2026-04-20T12:10:17.336446 bottleneck=12 replicate=0 seed=1 estimator=DANCo k=10 sigma=0.75
[EST DONE] 2026-04-20T12:13:13.978049 bottleneck=12 replicate=0 seed=1 estimator=DANCo k=10 dur=176.642s
[EST START] 2026-04-20T12:13:13.978246 bottleneck=12 replicate=0 seed=1 estimator=DANCo k=15 sigma=0.75
[EST DONE] 2026-04-20T12:16:46.684965 bottleneck=12 replicate=0 seed=1 estimator=DANCo k=15 dur=212.707s
[EST START] 2026-04-20T12:16:46.685157 bottleneck=12 replicate=0 seed=1 estimator=MiND k=3 sigma=0.75
[EST DONE] 2026-04-20T12:17:00.413778 bottleneck=12 replicate=0 seed=1 estimator=MiND k=3 dur=13.729s
[EST START] 2026-04-20T12:17:00.413947 bottleneck=12 replicate=0 seed=1 estimator=MiND k=5 sigma=0.75
[EST DONE] 2026-04-20T12:17:17.700240 bottleneck=12 replicate=0 seed=1 estimator=MiND k=5 dur=17.286s
[EST START] 2026-04-20T12:17:17.700410 bottleneck=12 replicate=0 seed=1 estimator=MiND k=7 sigma=0.75
[EST DONE] 2026-04-20T12:17:36.498149 bottleneck=12 replicate=0 seed=1 estimator=MiND k=7 dur=18.798s
[EST START] 2026-04-20T12:17:36.498290 bottleneck=12 replicate=0 seed=1 estimator=MiND k=10 sigma=0.75
[EST DONE] 2026-04-20T12:17:57.076688 bottleneck=12 replicate=0 seed=1 estimator=MiND k=10 dur=20.578s
[EST START] 2026-04-20T12:17:57.076839 bottleneck=12 replicate=0 seed=1 estimator=MiND k=15 sigma=0.75
[EST DONE] 2026-04-20T12:18:19.149605 bottleneck=12 replicate=0 seed=1 estimator=MiND k=15 dur=22.073s
[EST START] 2026-04-20T12:18:19.149773 bottleneck=12 replicate=0 seed=1 estimator=FisherS k=ALL sigma=0.75
[EST DONE] 2026-04-20T12:22:51.776219 bottleneck=12 replicate=0 seed=1 estimator=FisherS k=ALL dur=272.626s
[EST START] 2026-04-20T12:22:51.776455 bottleneck=12 replicate=0 seed=1 estimator=SMAE k=ALL sigma=0.75
[EST DONE] 2026-04-20T12:23:30.004974 bottleneck=12 replicate=0 seed=1 estimator=SMAE k=ALL dur=38.228s
[EST START] 2026-04-20T12:23:30.026298 bottleneck=12 replicate=0 seed=1 estimator=Levina-Bickel k=3 sigma=1.0
[EST DONE] 2026-04-20T12:23:44.556935 bottleneck=12 replicate=0 seed=1 estimator=Levina-Bickel k=3 dur=14.531s
[EST START] 2026-04-20T12:23:44.557068 bottleneck=12 replicate=0 seed=1 estimator=Levina-Bickel k=5 sigma=1.0
[EST DONE] 2026-04-20T12:24:00.975695 bottleneck=12 replicate=0 seed=1 estimator=Levina-Bickel k=5 dur=16.419s
[EST START] 2026-04-20T12:24:00.975891 bottleneck=12 replicate=0 seed=1 estimator=Levina-Bickel k=7 sigma=1.0
[EST DONE] 2026-04-20T12:24:19.061256 bottleneck=12 replicate=0 seed=1 estimator=Levina-Bickel k=7 dur=18.085s
[EST START] 2026-04-20T12:24:19.061425 bottleneck=12 replicate=0 seed=1 estimator=Levina-Bickel k=10 sigma=1.0
[EST DONE] 2026-04-20T12:24:38.957787 bottleneck=12 replicate=0 seed=1 estimator=Levina-Bickel k=10 dur=19.896s
[EST START] 2026-04-20T12:24:38.957940 bottleneck=12 replicate=0 seed=1 estimator=Levina-Bickel k=15 sigma=1.0
[EST DONE] 2026-04-20T12:25:01.429505 bottleneck=12 replicate=0 seed=1 estimator=Levina-Bickel k=15 dur=22.472s
[EST START] 2026-04-20T12:25:01.429734 bottleneck=12 replicate=0 seed=1 estimator=TwoNN k=ALL sigma=1.0
[EST DONE] 2026-04-20T12:25:14.537487 bottleneck=12 replicate=0 seed=1 estimator=TwoNN k=ALL dur=13.108s
[EST START] 2026-04-20T12:25:14.537721 bottleneck=12 replicate=0 seed=1 estimator=lPCA k=3 sigma=1.0
[EST DONE] 2026-04-20T12:25:59.860553 bottleneck=12 replicate=0 seed=1 estimator=lPCA k=3 dur=45.323s
[EST START] 2026-04-20T12:25:59.860708 bottleneck=12 replicate=0 seed=1 estimator=lPCA k=5 sigma=1.0
[EST DONE] 2026-04-20T12:26:49.801476 bottleneck=12 replicate=0 seed=1 estimator=lPCA k=5 dur=49.941s
[EST START] 2026-04-20T12:26:49.801640 bottleneck=12 replicate=0 seed=1 estimator=lPCA k=7 sigma=1.0
[EST DONE] 2026-04-20T12:27:41.678303 bottleneck=12 replicate=0 seed=1 estimator=lPCA k=7 dur=51.877s
[EST START] 2026-04-20T12:27:41.678487 bottleneck=12 replicate=0 seed=1 estimator=lPCA k=10 sigma=1.0
[EST DONE] 2026-04-20T12:28:35.930315 bottleneck=12 replicate=0 seed=1 estimator=lPCA k=10 dur=54.252s
[EST START] 2026-04-20T12:28:35.930498 bottleneck=12 replicate=0 seed=1 estimator=lPCA k=15 sigma=1.0
[EST DONE] 2026-04-20T12:29:34.149861 bottleneck=12 replicate=0 seed=1 estimator=lPCA k=15 dur=58.219s
[EST START] 2026-04-20T12:29:34.150041 bottleneck=12 replicate=0 seed=1 estimator=DANCo k=3 sigma=1.0
[EST DONE] 2026-04-20T12:31:55.884292 bottleneck=12 replicate=0 seed=1 estimator=DANCo k=3 dur=141.734s
[EST START] 2026-04-20T12:31:55.884451 bottleneck=12 replicate=0 seed=1 estimator=DANCo k=5 sigma=1.0
[EST DONE] 2026-04-20T12:34:34.701970 bottleneck=12 replicate=0 seed=1 estimator=DANCo k=5 dur=158.817s
[EST START] 2026-04-20T12:34:34.702143 bottleneck=12 replicate=0 seed=1 estimator=DANCo k=7 sigma=1.0
[EST DONE] 2026-04-20T12:37:23.193691 bottleneck=12 replicate=0 seed=1 estimator=DANCo k=7 dur=168.492s
[EST START] 2026-04-20T12:37:23.193847 bottleneck=12 replicate=0 seed=1 estimator=DANCo k=10 sigma=1.0
[EST DONE] 2026-04-20T12:40:31.848491 bottleneck=12 replicate=0 seed=1 estimator=DANCo k=10 dur=188.655s
[EST START] 2026-04-20T12:40:31.848696 bottleneck=12 replicate=0 seed=1 estimator=DANCo k=15 sigma=1.0
[EST DONE] 2026-04-20T12:44:01.097093 bottleneck=12 replicate=0 seed=1 estimator=DANCo k=15 dur=209.248s
[EST START] 2026-04-20T12:44:01.097276 bottleneck=12 replicate=0 seed=1 estimator=MiND k=3 sigma=1.0
[EST DONE] 2026-04-20T12:44:17.378262 bottleneck=12 replicate=0 seed=1 estimator=MiND k=3 dur=16.281s
[EST START] 2026-04-20T12:44:17.378407 bottleneck=12 replicate=0 seed=1 estimator=MiND k=5 sigma=1.0
[EST DONE] 2026-04-20T12:44:35.105531 bottleneck=12 replicate=0 seed=1 estimator=MiND k=5 dur=17.727s
[EST START] 2026-04-20T12:44:35.105683 bottleneck=12 replicate=0 seed=1 estimator=MiND k=7 sigma=1.0
[EST DONE] 2026-04-20T12:44:54.420261 bottleneck=12 replicate=0 seed=1 estimator=MiND k=7 dur=19.315s
[EST START] 2026-04-20T12:44:54.420413 bottleneck=12 replicate=0 seed=1 estimator=MiND k=10 sigma=1.0
[EST DONE] 2026-04-20T12:45:15.089521 bottleneck=12 replicate=0 seed=1 estimator=MiND k=10 dur=20.669s
[EST START] 2026-04-20T12:45:15.089666 bottleneck=12 replicate=0 seed=1 estimator=MiND k=15 sigma=1.0
[EST DONE] 2026-04-20T12:45:37.491128 bottleneck=12 replicate=0 seed=1 estimator=MiND k=15 dur=22.401s
[EST START] 2026-04-20T12:45:37.491306 bottleneck=12 replicate=0 seed=1 estimator=FisherS k=ALL sigma=1.0
[EST DONE] 2026-04-20T12:50:01.200032 bottleneck=12 replicate=0 seed=1 estimator=FisherS k=ALL dur=263.709s
[EST START] 2026-04-20T12:50:01.200283 bottleneck=12 replicate=0 seed=1 estimator=SMAE k=ALL sigma=1.0
[EST DONE] 2026-04-20T12:50:40.011122 bottleneck=12 replicate=0 seed=1 estimator=SMAE k=ALL dur=38.811s
[MNIST TASK START] 2026-04-20T12:50:40.011418 bottleneck=15 replicate=0 seed=1
[AE START] seed=1 bottleneck=15 epochs=50 subset=0
[AE EPOCH] epoch=1/50 loss=0.096384 epoch_time=1.31s device=cuda
[AE EPOCH] epoch=2/50 loss=0.053307 epoch_time=1.06s device=cuda
[AE EPOCH] epoch=3/50 loss=0.039658 epoch_time=1.07s device=cuda
[AE EPOCH] epoch=4/50 loss=0.033268 epoch_time=1.18s device=cuda
[AE EPOCH] epoch=5/50 loss=0.029086 epoch_time=1.13s device=cuda
[AE EPOCH] epoch=6/50 loss=0.025915 epoch_time=1.04s device=cuda
[AE EPOCH] epoch=7/50 loss=0.023617 epoch_time=1.08s device=cuda
[AE EPOCH] epoch=8/50 loss=0.022137 epoch_time=1.08s device=cuda
[AE EPOCH] epoch=9/50 loss=0.021143 epoch_time=1.07s device=cuda
[AE EPOCH] epoch=10/50 loss=0.020389 epoch_time=1.04s device=cuda
[AE EPOCH] epoch=11/50 loss=0.019788 epoch_time=1.12s device=cuda
[AE EPOCH] epoch=12/50 loss=0.019283 epoch_time=1.07s device=cuda
[AE EPOCH] epoch=13/50 loss=0.018843 epoch_time=1.09s device=cuda
[AE EPOCH] epoch=14/50 loss=0.018450 epoch_time=1.07s device=cuda
[AE EPOCH] epoch=15/50 loss=0.018093 epoch_time=1.10s device=cuda
[AE EPOCH] epoch=16/50 loss=0.017775 epoch_time=1.08s device=cuda
[AE EPOCH] epoch=17/50 loss=0.017482 epoch_time=1.08s device=cuda
[AE EPOCH] epoch=18/50 loss=0.017216 epoch_time=1.07s device=cuda
[AE EPOCH] epoch=19/50 loss=0.016965 epoch_time=1.09s device=cuda
[AE EPOCH] epoch=20/50 loss=0.016730 epoch_time=1.13s device=cuda
[AE EPOCH] epoch=21/50 loss=0.016512 epoch_time=1.11s device=cuda
[AE EPOCH] epoch=22/50 loss=0.016309 epoch_time=1.07s device=cuda
[AE EPOCH] epoch=23/50 loss=0.016115 epoch_time=1.08s device=cuda
[AE EPOCH] epoch=24/50 loss=0.015934 epoch_time=1.11s device=cuda
[AE EPOCH] epoch=25/50 loss=0.015766 epoch_time=1.07s device=cuda
[AE EPOCH] epoch=26/50 loss=0.015605 epoch_time=1.10s device=cuda
[AE EPOCH] epoch=27/50 loss=0.015454 epoch_time=1.45s device=cuda
[AE EPOCH] epoch=28/50 loss=0.015308 epoch_time=1.11s device=cuda
[AE EPOCH] epoch=29/50 loss=0.015171 epoch_time=1.11s device=cuda
[AE EPOCH] epoch=30/50 loss=0.015041 epoch_time=1.04s device=cuda
[AE EPOCH] epoch=31/50 loss=0.014916 epoch_time=1.09s device=cuda
[AE EPOCH] epoch=32/50 loss=0.014791 epoch_time=1.17s device=cuda
[AE EPOCH] epoch=33/50 loss=0.014675 epoch_time=1.11s device=cuda
[AE EPOCH] epoch=34/50 loss=0.014565 epoch_time=1.01s device=cuda
[AE EPOCH] epoch=35/50 loss=0.014459 epoch_time=1.08s device=cuda
[AE EPOCH] epoch=36/50 loss=0.014356 epoch_time=1.17s device=cuda
[AE EPOCH] epoch=37/50 loss=0.014261 epoch_time=1.04s device=cuda
[AE EPOCH] epoch=38/50 loss=0.014163 epoch_time=1.13s device=cuda
[AE EPOCH] epoch=39/50 loss=0.014071 epoch_time=1.26s device=cuda
[AE EPOCH] epoch=40/50 loss=0.013982 epoch_time=1.11s device=cuda
[AE EPOCH] epoch=41/50 loss=0.013896 epoch_time=1.10s device=cuda
[AE EPOCH] epoch=42/50 loss=0.013814 epoch_time=1.01s device=cuda
[AE EPOCH] epoch=43/50 loss=0.013734 epoch_time=1.05s device=cuda
[AE EPOCH] epoch=44/50 loss=0.013657 epoch_time=1.11s device=cuda
[AE EPOCH] epoch=45/50 loss=0.013581 epoch_time=1.10s device=cuda
[AE EPOCH] epoch=46/50 loss=0.013508 epoch_time=1.07s device=cuda
[AE EPOCH] epoch=47/50 loss=0.013437 epoch_time=1.04s device=cuda
[AE EPOCH] epoch=48/50 loss=0.013370 epoch_time=1.07s device=cuda
[AE EPOCH] epoch=49/50 loss=0.013300 epoch_time=1.06s device=cuda
[AE EPOCH] epoch=50/50 loss=0.013234 epoch_time=1.04s device=cuda
[AE TRAIN COMPLETE] total_time=55.05s
[AE TRAIN COMPLETE] 2026-04-20T12:51:54.893492 bottleneck=15 replicate=0 dur=74.9s seed=1
[EST START] 2026-04-20T12:51:54.926207 bottleneck=15 replicate=0 seed=1 estimator=Levina-Bickel k=3 sigma=0.0
[EST DONE] 2026-04-20T12:52:16.831702 bottleneck=15 replicate=0 seed=1 estimator=Levina-Bickel k=3 dur=21.905s
[EST START] 2026-04-20T12:52:16.831944 bottleneck=15 replicate=0 seed=1 estimator=Levina-Bickel k=5 sigma=0.0
[EST DONE] 2026-04-20T12:52:41.764413 bottleneck=15 replicate=0 seed=1 estimator=Levina-Bickel k=5 dur=24.932s
[EST START] 2026-04-20T12:52:41.764575 bottleneck=15 replicate=0 seed=1 estimator=Levina-Bickel k=7 sigma=0.0
[EST DONE] 2026-04-20T12:53:09.629008 bottleneck=15 replicate=0 seed=1 estimator=Levina-Bickel k=7 dur=27.864s
[EST START] 2026-04-20T12:53:09.629185 bottleneck=15 replicate=0 seed=1 estimator=Levina-Bickel k=10 sigma=0.0
[EST DONE] 2026-04-20T12:53:41.394929 bottleneck=15 replicate=0 seed=1 estimator=Levina-Bickel k=10 dur=31.766s
[EST START] 2026-04-20T12:53:41.395121 bottleneck=15 replicate=0 seed=1 estimator=Levina-Bickel k=15 sigma=0.0
[EST DONE] 2026-04-20T12:54:15.612627 bottleneck=15 replicate=0 seed=1 estimator=Levina-Bickel k=15 dur=34.217s
[EST START] 2026-04-20T12:54:15.612835 bottleneck=15 replicate=0 seed=1 estimator=TwoNN k=ALL sigma=0.0
[EST DONE] 2026-04-20T12:54:35.221391 bottleneck=15 replicate=0 seed=1 estimator=TwoNN k=ALL dur=19.609s
[EST START] 2026-04-20T12:54:35.221606 bottleneck=15 replicate=0 seed=1 estimator=lPCA k=3 sigma=0.0
[EST DONE] 2026-04-20T12:55:29.322334 bottleneck=15 replicate=0 seed=1 estimator=lPCA k=3 dur=54.101s
[EST START] 2026-04-20T12:55:29.322492 bottleneck=15 replicate=0 seed=1 estimator=lPCA k=5 sigma=0.0
[EST DONE] 2026-04-20T12:56:27.681542 bottleneck=15 replicate=0 seed=1 estimator=lPCA k=5 dur=58.359s
[EST START] 2026-04-20T12:56:27.681719 bottleneck=15 replicate=0 seed=1 estimator=lPCA k=7 sigma=0.0
[EST DONE] 2026-04-20T12:57:29.833495 bottleneck=15 replicate=0 seed=1 estimator=lPCA k=7 dur=62.152s
[EST START] 2026-04-20T12:57:29.833679 bottleneck=15 replicate=0 seed=1 estimator=lPCA k=10 sigma=0.0
[EST DONE] 2026-04-20T12:58:30.149777 bottleneck=15 replicate=0 seed=1 estimator=lPCA k=10 dur=60.316s
[EST START] 2026-04-20T12:58:30.149957 bottleneck=15 replicate=0 seed=1 estimator=lPCA k=15 sigma=0.0
[EST DONE] 2026-04-20T12:59:39.712203 bottleneck=15 replicate=0 seed=1 estimator=lPCA k=15 dur=69.562s
[EST START] 2026-04-20T12:59:39.712400 bottleneck=15 replicate=0 seed=1 estimator=DANCo k=3 sigma=0.0
[EST DONE] 2026-04-20T13:03:43.683110 bottleneck=15 replicate=0 seed=1 estimator=DANCo k=3 dur=243.971s
[EST START] 2026-04-20T13:03:43.683302 bottleneck=15 replicate=0 seed=1 estimator=DANCo k=5 sigma=0.0
[EST DONE] 2026-04-20T13:07:48.635392 bottleneck=15 replicate=0 seed=1 estimator=DANCo k=5 dur=244.952s
[EST START] 2026-04-20T13:07:48.635582 bottleneck=15 replicate=0 seed=1 estimator=DANCo k=7 sigma=0.0
[EST DONE] 2026-04-20T13:12:46.485351 bottleneck=15 replicate=0 seed=1 estimator=DANCo k=7 dur=297.850s
[EST START] 2026-04-20T13:12:46.485534 bottleneck=15 replicate=0 seed=1 estimator=DANCo k=10 sigma=0.0
[EST DONE] 2026-04-20T13:18:45.837697 bottleneck=15 replicate=0 seed=1 estimator=DANCo k=10 dur=359.352s
[EST START] 2026-04-20T13:18:45.837891 bottleneck=15 replicate=0 seed=1 estimator=DANCo k=15 sigma=0.0
[EST DONE] 2026-04-20T13:24:48.126499 bottleneck=15 replicate=0 seed=1 estimator=DANCo k=15 dur=362.289s
[EST START] 2026-04-20T13:24:48.126729 bottleneck=15 replicate=0 seed=1 estimator=MiND k=3 sigma=0.0
[EST DONE] 2026-04-20T13:25:12.364150 bottleneck=15 replicate=0 seed=1 estimator=MiND k=3 dur=24.237s
[EST START] 2026-04-20T13:25:12.364312 bottleneck=15 replicate=0 seed=1 estimator=MiND k=5 sigma=0.0
[EST DONE] 2026-04-20T13:25:38.882642 bottleneck=15 replicate=0 seed=1 estimator=MiND k=5 dur=26.518s
[EST START] 2026-04-20T13:25:38.882792 bottleneck=15 replicate=0 seed=1 estimator=MiND k=7 sigma=0.0
[EST DONE] 2026-04-20T13:26:07.808647 bottleneck=15 replicate=0 seed=1 estimator=MiND k=7 dur=28.926s
[EST START] 2026-04-20T13:26:07.808818 bottleneck=15 replicate=0 seed=1 estimator=MiND k=10 sigma=0.0
[EST DONE] 2026-04-20T13:26:38.768225 bottleneck=15 replicate=0 seed=1 estimator=MiND k=10 dur=30.959s
[EST START] 2026-04-20T13:26:38.768375 bottleneck=15 replicate=0 seed=1 estimator=MiND k=15 sigma=0.0
[EST DONE] 2026-04-20T13:27:16.513105 bottleneck=15 replicate=0 seed=1 estimator=MiND k=15 dur=37.745s
[EST START] 2026-04-20T13:27:16.513287 bottleneck=15 replicate=0 seed=1 estimator=FisherS k=ALL sigma=0.0
[EST DONE] 2026-04-20T13:31:31.647539 bottleneck=15 replicate=0 seed=1 estimator=FisherS k=ALL dur=255.134s
[EST START] 2026-04-20T13:31:31.647750 bottleneck=15 replicate=0 seed=1 estimator=SMAE k=ALL sigma=0.0
[EST DONE] 2026-04-20T13:32:17.049950 bottleneck=15 replicate=0 seed=1 estimator=SMAE k=ALL dur=45.402s
[EST START] 2026-04-20T13:32:17.082341 bottleneck=15 replicate=0 seed=1 estimator=Levina-Bickel k=3 sigma=0.25
[EST DONE] 2026-04-20T13:32:38.426848 bottleneck=15 replicate=0 seed=1 estimator=Levina-Bickel k=3 dur=21.344s
[EST START] 2026-04-20T13:32:38.427025 bottleneck=15 replicate=0 seed=1 estimator=Levina-Bickel k=5 sigma=0.25
[EST DONE] 2026-04-20T13:33:04.911495 bottleneck=15 replicate=0 seed=1 estimator=Levina-Bickel k=5 dur=26.484s
[EST START] 2026-04-20T13:33:04.911658 bottleneck=15 replicate=0 seed=1 estimator=Levina-Bickel k=7 sigma=0.25
[EST DONE] 2026-04-20T13:33:33.322478 bottleneck=15 replicate=0 seed=1 estimator=Levina-Bickel k=7 dur=28.411s
[EST START] 2026-04-20T13:33:33.322658 bottleneck=15 replicate=0 seed=1 estimator=Levina-Bickel k=10 sigma=0.25
[EST DONE] 2026-04-20T13:34:04.646391 bottleneck=15 replicate=0 seed=1 estimator=Levina-Bickel k=10 dur=31.324s
[EST START] 2026-04-20T13:34:04.646613 bottleneck=15 replicate=0 seed=1 estimator=Levina-Bickel k=15 sigma=0.25
[EST DONE] 2026-04-20T13:34:40.122240 bottleneck=15 replicate=0 seed=1 estimator=Levina-Bickel k=15 dur=35.476s
[EST START] 2026-04-20T13:34:40.122459 bottleneck=15 replicate=0 seed=1 estimator=TwoNN k=ALL sigma=0.25
[EST DONE] 2026-04-20T13:34:59.994033 bottleneck=15 replicate=0 seed=1 estimator=TwoNN k=ALL dur=19.872s
[EST START] 2026-04-20T13:34:59.994225 bottleneck=15 replicate=0 seed=1 estimator=lPCA k=3 sigma=0.25
[EST DONE] 2026-04-20T13:35:55.798226 bottleneck=15 replicate=0 seed=1 estimator=lPCA k=3 dur=55.804s
[EST START] 2026-04-20T13:35:55.798414 bottleneck=15 replicate=0 seed=1 estimator=lPCA k=5 sigma=0.25
[EST DONE] 2026-04-20T13:36:54.507501 bottleneck=15 replicate=0 seed=1 estimator=lPCA k=5 dur=58.709s
[EST START] 2026-04-20T13:36:54.507682 bottleneck=15 replicate=0 seed=1 estimator=lPCA k=7 sigma=0.25
[EST DONE] 2026-04-20T13:37:54.429579 bottleneck=15 replicate=0 seed=1 estimator=lPCA k=7 dur=59.922s
[EST START] 2026-04-20T13:37:54.429758 bottleneck=15 replicate=0 seed=1 estimator=lPCA k=10 sigma=0.25
[EST DONE] 2026-04-20T13:39:01.142084 bottleneck=15 replicate=0 seed=1 estimator=lPCA k=10 dur=66.712s
[EST START] 2026-04-20T13:39:01.142262 bottleneck=15 replicate=0 seed=1 estimator=lPCA k=15 sigma=0.25
[EST DONE] 2026-04-20T13:40:13.340726 bottleneck=15 replicate=0 seed=1 estimator=lPCA k=15 dur=72.198s
[EST START] 2026-04-20T13:40:13.340915 bottleneck=15 replicate=0 seed=1 estimator=DANCo k=3 sigma=0.25
[EST DONE] 2026-04-20T13:44:32.176523 bottleneck=15 replicate=0 seed=1 estimator=DANCo k=3 dur=258.836s
[EST START] 2026-04-20T13:44:32.176704 bottleneck=15 replicate=0 seed=1 estimator=DANCo k=5 sigma=0.25
[EST DONE] 2026-04-20T13:50:02.161530 bottleneck=15 replicate=0 seed=1 estimator=DANCo k=5 dur=329.985s
[EST START] 2026-04-20T13:50:02.161699 bottleneck=15 replicate=0 seed=1 estimator=DANCo k=7 sigma=0.25
[EST DONE] 2026-04-20T13:55:49.054476 bottleneck=15 replicate=0 seed=1 estimator=DANCo k=7 dur=346.893s
[EST START] 2026-04-20T13:55:49.054709 bottleneck=15 replicate=0 seed=1 estimator=DANCo k=10 sigma=0.25
[EST DONE] 2026-04-20T14:02:05.934341 bottleneck=15 replicate=0 seed=1 estimator=DANCo k=10 dur=376.880s
[EST START] 2026-04-20T14:02:05.934564 bottleneck=15 replicate=0 seed=1 estimator=DANCo k=15 sigma=0.25
[EST DONE] 2026-04-20T14:09:09.795773 bottleneck=15 replicate=0 seed=1 estimator=DANCo k=15 dur=423.861s
[EST START] 2026-04-20T14:09:09.795962 bottleneck=15 replicate=0 seed=1 estimator=MiND k=3 sigma=0.25
[EST DONE] 2026-04-20T14:09:33.501383 bottleneck=15 replicate=0 seed=1 estimator=MiND k=3 dur=23.705s
[EST START] 2026-04-20T14:09:33.501525 bottleneck=15 replicate=0 seed=1 estimator=MiND k=5 sigma=0.25
[EST DONE] 2026-04-20T14:10:00.046199 bottleneck=15 replicate=0 seed=1 estimator=MiND k=5 dur=26.545s
[EST START] 2026-04-20T14:10:00.046330 bottleneck=15 replicate=0 seed=1 estimator=MiND k=7 sigma=0.25
[EST DONE] 2026-04-20T14:10:28.591088 bottleneck=15 replicate=0 seed=1 estimator=MiND k=7 dur=28.545s
[EST START] 2026-04-20T14:10:28.591213 bottleneck=15 replicate=0 seed=1 estimator=MiND k=10 sigma=0.25
[EST DONE] 2026-04-20T14:10:59.931204 bottleneck=15 replicate=0 seed=1 estimator=MiND k=10 dur=31.340s
[EST START] 2026-04-20T14:10:59.931335 bottleneck=15 replicate=0 seed=1 estimator=MiND k=15 sigma=0.25
[EST DONE] 2026-04-20T14:11:34.393820 bottleneck=15 replicate=0 seed=1 estimator=MiND k=15 dur=34.462s
[EST START] 2026-04-20T14:11:34.393983 bottleneck=15 replicate=0 seed=1 estimator=FisherS k=ALL sigma=0.25
[EST DONE] 2026-04-20T14:15:53.303925 bottleneck=15 replicate=0 seed=1 estimator=FisherS k=ALL dur=258.910s
[EST START] 2026-04-20T14:15:53.304133 bottleneck=15 replicate=0 seed=1 estimator=SMAE k=ALL sigma=0.25
[EST DONE] 2026-04-20T14:16:40.464919 bottleneck=15 replicate=0 seed=1 estimator=SMAE k=ALL dur=47.161s
[EST START] 2026-04-20T14:16:40.495623 bottleneck=15 replicate=0 seed=1 estimator=Levina-Bickel k=3 sigma=0.5
[EST DONE] 2026-04-20T14:17:03.136855 bottleneck=15 replicate=0 seed=1 estimator=Levina-Bickel k=3 dur=22.641s
[EST START] 2026-04-20T14:17:03.137030 bottleneck=15 replicate=0 seed=1 estimator=Levina-Bickel k=5 sigma=0.5
[EST DONE] 2026-04-20T14:17:29.441503 bottleneck=15 replicate=0 seed=1 estimator=Levina-Bickel k=5 dur=26.304s
[EST START] 2026-04-20T14:17:29.441674 bottleneck=15 replicate=0 seed=1 estimator=Levina-Bickel k=7 sigma=0.5
[EST DONE] 2026-04-20T14:17:58.287435 bottleneck=15 replicate=0 seed=1 estimator=Levina-Bickel k=7 dur=28.846s
[EST START] 2026-04-20T14:17:58.287621 bottleneck=15 replicate=0 seed=1 estimator=Levina-Bickel k=10 sigma=0.5
[EST DONE] 2026-04-20T14:18:29.781548 bottleneck=15 replicate=0 seed=1 estimator=Levina-Bickel k=10 dur=31.494s
[EST START] 2026-04-20T14:18:29.781735 bottleneck=15 replicate=0 seed=1 estimator=Levina-Bickel k=15 sigma=0.5
[EST DONE] 2026-04-20T14:19:04.137238 bottleneck=15 replicate=0 seed=1 estimator=Levina-Bickel k=15 dur=34.355s
[EST START] 2026-04-20T14:19:04.137429 bottleneck=15 replicate=0 seed=1 estimator=TwoNN k=ALL sigma=0.5
[EST DONE] 2026-04-20T14:19:23.371929 bottleneck=15 replicate=0 seed=1 estimator=TwoNN k=ALL dur=19.234s
[EST START] 2026-04-20T14:19:23.372152 bottleneck=15 replicate=0 seed=1 estimator=lPCA k=3 sigma=0.5
[EST DONE] 2026-04-20T14:20:15.505229 bottleneck=15 replicate=0 seed=1 estimator=lPCA k=3 dur=52.133s
[EST START] 2026-04-20T14:20:15.505409 bottleneck=15 replicate=0 seed=1 estimator=lPCA k=5 sigma=0.5
[EST DONE] 2026-04-20T14:21:12.383650 bottleneck=15 replicate=0 seed=1 estimator=lPCA k=5 dur=56.878s
[EST START] 2026-04-20T14:21:12.383778 bottleneck=15 replicate=0 seed=1 estimator=lPCA k=7 sigma=0.5
[EST DONE] 2026-04-20T14:22:11.182843 bottleneck=15 replicate=0 seed=1 estimator=lPCA k=7 dur=58.799s
[EST START] 2026-04-20T14:22:11.183009 bottleneck=15 replicate=0 seed=1 estimator=lPCA k=10 sigma=0.5
[EST DONE] 2026-04-20T14:23:17.199590 bottleneck=15 replicate=0 seed=1 estimator=lPCA k=10 dur=66.017s
[EST START] 2026-04-20T14:23:17.199732 bottleneck=15 replicate=0 seed=1 estimator=lPCA k=15 sigma=0.5
[EST DONE] 2026-04-20T14:24:29.382019 bottleneck=15 replicate=0 seed=1 estimator=lPCA k=15 dur=72.182s
[EST START] 2026-04-20T14:24:29.382229 bottleneck=15 replicate=0 seed=1 estimator=DANCo k=3 sigma=0.5
[EST DONE] 2026-04-20T14:29:00.793546 bottleneck=15 replicate=0 seed=1 estimator=DANCo k=3 dur=271.411s
[EST START] 2026-04-20T14:29:00.793697 bottleneck=15 replicate=0 seed=1 estimator=DANCo k=5 sigma=0.5
[EST DONE] 2026-04-20T14:34:11.666915 bottleneck=15 replicate=0 seed=1 estimator=DANCo k=5 dur=310.873s
[EST START] 2026-04-20T14:34:11.667098 bottleneck=15 replicate=0 seed=1 estimator=DANCo k=7 sigma=0.5
[EST DONE] 2026-04-20T14:39:33.692556 bottleneck=15 replicate=0 seed=1 estimator=DANCo k=7 dur=322.025s
[EST START] 2026-04-20T14:39:33.692776 bottleneck=15 replicate=0 seed=1 estimator=DANCo k=10 sigma=0.5
[EST DONE] 2026-04-20T14:45:34.249044 bottleneck=15 replicate=0 seed=1 estimator=DANCo k=10 dur=360.556s
[EST START] 2026-04-20T14:45:34.249360 bottleneck=15 replicate=0 seed=1 estimator=DANCo k=15 sigma=0.5
[EST DONE] 2026-04-20T14:52:14.919285 bottleneck=15 replicate=0 seed=1 estimator=DANCo k=15 dur=400.670s
[EST START] 2026-04-20T14:52:14.919492 bottleneck=15 replicate=0 seed=1 estimator=MiND k=3 sigma=0.5
[EST DONE] 2026-04-20T14:52:39.554333 bottleneck=15 replicate=0 seed=1 estimator=MiND k=3 dur=24.635s
[EST START] 2026-04-20T14:52:39.554470 bottleneck=15 replicate=0 seed=1 estimator=MiND k=5 sigma=0.5
[EST DONE] 2026-04-20T14:53:07.931458 bottleneck=15 replicate=0 seed=1 estimator=MiND k=5 dur=28.377s
[EST START] 2026-04-20T14:53:07.931596 bottleneck=15 replicate=0 seed=1 estimator=MiND k=7 sigma=0.5
[EST DONE] 2026-04-20T14:53:38.271619 bottleneck=15 replicate=0 seed=1 estimator=MiND k=7 dur=30.340s
[EST START] 2026-04-20T14:53:38.271769 bottleneck=15 replicate=0 seed=1 estimator=MiND k=10 sigma=0.5
[EST DONE] 2026-04-20T14:54:11.367443 bottleneck=15 replicate=0 seed=1 estimator=MiND k=10 dur=33.096s
[EST START] 2026-04-20T14:54:11.367613 bottleneck=15 replicate=0 seed=1 estimator=MiND k=15 sigma=0.5
[EST DONE] 2026-04-20T14:54:47.408002 bottleneck=15 replicate=0 seed=1 estimator=MiND k=15 dur=36.040s
[EST START] 2026-04-20T14:54:47.408165 bottleneck=15 replicate=0 seed=1 estimator=FisherS k=ALL sigma=0.5
[EST DONE] 2026-04-20T14:59:02.394460 bottleneck=15 replicate=0 seed=1 estimator=FisherS k=ALL dur=254.986s
[EST START] 2026-04-20T14:59:02.394705 bottleneck=15 replicate=0 seed=1 estimator=SMAE k=ALL sigma=0.5
[EST DONE] 2026-04-20T14:59:41.076516 bottleneck=15 replicate=0 seed=1 estimator=SMAE k=ALL dur=38.682s
[EST START] 2026-04-20T14:59:41.108872 bottleneck=15 replicate=0 seed=1 estimator=Levina-Bickel k=3 sigma=0.75
[EST DONE] 2026-04-20T15:00:04.631016 bottleneck=15 replicate=0 seed=1 estimator=Levina-Bickel k=3 dur=23.522s
[EST START] 2026-04-20T15:00:04.631152 bottleneck=15 replicate=0 seed=1 estimator=Levina-Bickel k=5 sigma=0.75
[EST DONE] 2026-04-20T15:00:29.117981 bottleneck=15 replicate=0 seed=1 estimator=Levina-Bickel k=5 dur=24.487s
[EST START] 2026-04-20T15:00:29.118145 bottleneck=15 replicate=0 seed=1 estimator=Levina-Bickel k=7 sigma=0.75
[EST DONE] 2026-04-20T15:00:56.353650 bottleneck=15 replicate=0 seed=1 estimator=Levina-Bickel k=7 dur=27.235s
[EST START] 2026-04-20T15:00:56.353809 bottleneck=15 replicate=0 seed=1 estimator=Levina-Bickel k=10 sigma=0.75
[EST DONE] 2026-04-20T15:01:29.087759 bottleneck=15 replicate=0 seed=1 estimator=Levina-Bickel k=10 dur=32.734s
[EST START] 2026-04-20T15:01:29.087944 bottleneck=15 replicate=0 seed=1 estimator=Levina-Bickel k=15 sigma=0.75
[EST DONE] 2026-04-20T15:02:03.780641 bottleneck=15 replicate=0 seed=1 estimator=Levina-Bickel k=15 dur=34.693s
[EST START] 2026-04-20T15:02:03.780847 bottleneck=15 replicate=0 seed=1 estimator=TwoNN k=ALL sigma=0.75
[EST DONE] 2026-04-20T15:02:27.287274 bottleneck=15 replicate=0 seed=1 estimator=TwoNN k=ALL dur=23.506s
[EST START] 2026-04-20T15:02:27.287511 bottleneck=15 replicate=0 seed=1 estimator=lPCA k=3 sigma=0.75
[EST DONE] 2026-04-20T15:03:19.475257 bottleneck=15 replicate=0 seed=1 estimator=lPCA k=3 dur=52.188s
[EST START] 2026-04-20T15:03:19.475380 bottleneck=15 replicate=0 seed=1 estimator=lPCA k=5 sigma=0.75
[EST DONE] 2026-04-20T15:04:15.058281 bottleneck=15 replicate=0 seed=1 estimator=lPCA k=5 dur=55.583s
[EST START] 2026-04-20T15:04:15.058473 bottleneck=15 replicate=0 seed=1 estimator=lPCA k=7 sigma=0.75
[EST DONE] 2026-04-20T15:05:22.533136 bottleneck=15 replicate=0 seed=1 estimator=lPCA k=7 dur=67.475s
[EST START] 2026-04-20T15:05:22.533323 bottleneck=15 replicate=0 seed=1 estimator=lPCA k=10 sigma=0.75
[EST DONE] 2026-04-20T15:06:36.111197 bottleneck=15 replicate=0 seed=1 estimator=lPCA k=10 dur=73.578s
[EST START] 2026-04-20T15:06:36.111381 bottleneck=15 replicate=0 seed=1 estimator=lPCA k=15 sigma=0.75
[EST DONE] 2026-04-20T15:07:53.216918 bottleneck=15 replicate=0 seed=1 estimator=lPCA k=15 dur=77.105s
[EST START] 2026-04-20T15:07:53.217103 bottleneck=15 replicate=0 seed=1 estimator=DANCo k=3 sigma=0.75
[EST DONE] 2026-04-20T15:12:43.189831 bottleneck=15 replicate=0 seed=1 estimator=DANCo k=3 dur=289.973s
[EST START] 2026-04-20T15:12:43.190014 bottleneck=15 replicate=0 seed=1 estimator=DANCo k=5 sigma=0.75
[EST DONE] 2026-04-20T15:18:08.241789 bottleneck=15 replicate=0 seed=1 estimator=DANCo k=5 dur=325.052s
[EST START] 2026-04-20T15:18:08.241989 bottleneck=15 replicate=0 seed=1 estimator=DANCo k=7 sigma=0.75
[EST DONE] 2026-04-20T15:23:25.064748 bottleneck=15 replicate=0 seed=1 estimator=DANCo k=7 dur=316.823s
[EST START] 2026-04-20T15:23:25.064919 bottleneck=15 replicate=0 seed=1 estimator=DANCo k=10 sigma=0.75
[EST DONE] 2026-04-20T15:29:38.184119 bottleneck=15 replicate=0 seed=1 estimator=DANCo k=10 dur=373.119s
[EST START] 2026-04-20T15:29:38.184305 bottleneck=15 replicate=0 seed=1 estimator=DANCo k=15 sigma=0.75
[EST DONE] 2026-04-20T15:36:38.791899 bottleneck=15 replicate=0 seed=1 estimator=DANCo k=15 dur=420.608s
[EST START] 2026-04-20T15:36:38.792088 bottleneck=15 replicate=0 seed=1 estimator=MiND k=3 sigma=0.75
[EST DONE] 2026-04-20T15:37:05.227556 bottleneck=15 replicate=0 seed=1 estimator=MiND k=3 dur=26.435s
[EST START] 2026-04-20T15:37:05.227724 bottleneck=15 replicate=0 seed=1 estimator=MiND k=5 sigma=0.75
[EST DONE] 2026-04-20T15:37:33.825941 bottleneck=15 replicate=0 seed=1 estimator=MiND k=5 dur=28.598s
[EST START] 2026-04-20T15:37:33.826091 bottleneck=15 replicate=0 seed=1 estimator=MiND k=7 sigma=0.75
[EST DONE] 2026-04-20T15:38:05.028850 bottleneck=15 replicate=0 seed=1 estimator=MiND k=7 dur=31.203s
[EST START] 2026-04-20T15:38:05.029015 bottleneck=15 replicate=0 seed=1 estimator=MiND k=10 sigma=0.75
[EST DONE] 2026-04-20T15:38:40.496758 bottleneck=15 replicate=0 seed=1 estimator=MiND k=10 dur=35.468s
[EST START] 2026-04-20T15:38:40.496930 bottleneck=15 replicate=0 seed=1 estimator=MiND k=15 sigma=0.75
[EST DONE] 2026-04-20T15:39:19.894586 bottleneck=15 replicate=0 seed=1 estimator=MiND k=15 dur=39.398s
[EST START] 2026-04-20T15:39:19.894757 bottleneck=15 replicate=0 seed=1 estimator=FisherS k=ALL sigma=0.75
[EST DONE] 2026-04-20T15:43:45.558436 bottleneck=15 replicate=0 seed=1 estimator=FisherS k=ALL dur=265.664s
[EST START] 2026-04-20T15:43:45.558625 bottleneck=15 replicate=0 seed=1 estimator=SMAE k=ALL sigma=0.75
[EST DONE] 2026-04-20T15:44:23.550088 bottleneck=15 replicate=0 seed=1 estimator=SMAE k=ALL dur=37.991s
[EST START] 2026-04-20T15:44:23.576138 bottleneck=15 replicate=0 seed=1 estimator=Levina-Bickel k=3 sigma=1.0
[EST DONE] 2026-04-20T15:44:49.868388 bottleneck=15 replicate=0 seed=1 estimator=Levina-Bickel k=3 dur=26.292s
[EST START] 2026-04-20T15:44:49.868561 bottleneck=15 replicate=0 seed=1 estimator=Levina-Bickel k=5 sigma=1.0
[EST DONE] 2026-04-20T15:45:21.186767 bottleneck=15 replicate=0 seed=1 estimator=Levina-Bickel k=5 dur=31.318s
[EST START] 2026-04-20T15:45:21.186933 bottleneck=15 replicate=0 seed=1 estimator=Levina-Bickel k=7 sigma=1.0
[EST DONE] 2026-04-20T15:45:55.449554 bottleneck=15 replicate=0 seed=1 estimator=Levina-Bickel k=7 dur=34.263s
[EST START] 2026-04-20T15:45:55.449755 bottleneck=15 replicate=0 seed=1 estimator=Levina-Bickel k=10 sigma=1.0
[EST DONE] 2026-04-20T15:46:33.348653 bottleneck=15 replicate=0 seed=1 estimator=Levina-Bickel k=10 dur=37.899s
[EST START] 2026-04-20T15:46:33.348908 bottleneck=15 replicate=0 seed=1 estimator=Levina-Bickel k=15 sigma=1.0
[EST DONE] 2026-04-20T15:47:15.302241 bottleneck=15 replicate=0 seed=1 estimator=Levina-Bickel k=15 dur=41.953s
[EST START] 2026-04-20T15:47:15.302441 bottleneck=15 replicate=0 seed=1 estimator=TwoNN k=ALL sigma=1.0
[EST DONE] 2026-04-20T15:47:36.794522 bottleneck=15 replicate=0 seed=1 estimator=TwoNN k=ALL dur=21.492s
[EST START] 2026-04-20T15:47:36.794716 bottleneck=15 replicate=0 seed=1 estimator=lPCA k=3 sigma=1.0
[EST DONE] 2026-04-20T15:48:34.285064 bottleneck=15 replicate=0 seed=1 estimator=lPCA k=3 dur=57.490s
[EST START] 2026-04-20T15:48:34.285221 bottleneck=15 replicate=0 seed=1 estimator=lPCA k=5 sigma=1.0
[EST DONE] 2026-04-20T15:49:41.929075 bottleneck=15 replicate=0 seed=1 estimator=lPCA k=5 dur=67.644s
[EST START] 2026-04-20T15:49:41.929277 bottleneck=15 replicate=0 seed=1 estimator=lPCA k=7 sigma=1.0
[EST DONE] 2026-04-20T15:50:52.111152 bottleneck=15 replicate=0 seed=1 estimator=lPCA k=7 dur=70.182s
[EST START] 2026-04-20T15:50:52.111292 bottleneck=15 replicate=0 seed=1 estimator=lPCA k=10 sigma=1.0
[EST DONE] 2026-04-20T15:52:03.220060 bottleneck=15 replicate=0 seed=1 estimator=lPCA k=10 dur=71.109s
[EST START] 2026-04-20T15:52:03.220224 bottleneck=15 replicate=0 seed=1 estimator=lPCA k=15 sigma=1.0
[EST DONE] 2026-04-20T15:53:22.927297 bottleneck=15 replicate=0 seed=1 estimator=lPCA k=15 dur=79.707s
[EST START] 2026-04-20T15:53:22.927506 bottleneck=15 replicate=0 seed=1 estimator=DANCo k=3 sigma=1.0
[EST DONE] 2026-04-20T15:58:04.194878 bottleneck=15 replicate=0 seed=1 estimator=DANCo k=3 dur=281.267s
[EST START] 2026-04-20T15:58:04.195262 bottleneck=15 replicate=0 seed=1 estimator=DANCo k=5 sigma=1.0
[EST DONE] 2026-04-20T16:03:29.292318 bottleneck=15 replicate=0 seed=1 estimator=DANCo k=5 dur=325.097s
[EST START] 2026-04-20T16:03:29.292554 bottleneck=15 replicate=0 seed=1 estimator=DANCo k=7 sigma=1.0
[EST DONE] 2026-04-20T16:09:12.504645 bottleneck=15 replicate=0 seed=1 estimator=DANCo k=7 dur=343.212s
[EST START] 2026-04-20T16:09:12.504957 bottleneck=15 replicate=0 seed=1 estimator=DANCo k=10 sigma=1.0
[EST DONE] 2026-04-20T16:15:18.886972 bottleneck=15 replicate=0 seed=1 estimator=DANCo k=10 dur=366.382s
[EST START] 2026-04-20T16:15:18.887154 bottleneck=15 replicate=0 seed=1 estimator=DANCo k=15 sigma=1.0
[EST DONE] 2026-04-20T16:21:40.479260 bottleneck=15 replicate=0 seed=1 estimator=DANCo k=15 dur=381.592s
[EST START] 2026-04-20T16:21:40.479457 bottleneck=15 replicate=0 seed=1 estimator=MiND k=3 sigma=1.0
[EST DONE] 2026-04-20T16:22:10.566550 bottleneck=15 replicate=0 seed=1 estimator=MiND k=3 dur=30.087s
[EST START] 2026-04-20T16:22:10.566703 bottleneck=15 replicate=0 seed=1 estimator=MiND k=5 sigma=1.0
[EST DONE] 2026-04-20T16:22:43.698788 bottleneck=15 replicate=0 seed=1 estimator=MiND k=5 dur=33.132s
[EST START] 2026-04-20T16:22:43.698976 bottleneck=15 replicate=0 seed=1 estimator=MiND k=7 sigma=1.0
[EST DONE] 2026-04-20T16:23:20.241068 bottleneck=15 replicate=0 seed=1 estimator=MiND k=7 dur=36.542s
[EST START] 2026-04-20T16:23:20.241227 bottleneck=15 replicate=0 seed=1 estimator=MiND k=10 sigma=1.0
[EST DONE] 2026-04-20T16:23:58.917833 bottleneck=15 replicate=0 seed=1 estimator=MiND k=10 dur=38.677s
[EST START] 2026-04-20T16:23:58.917993 bottleneck=15 replicate=0 seed=1 estimator=MiND k=15 sigma=1.0
[EST DONE] 2026-04-20T16:24:42.592603 bottleneck=15 replicate=0 seed=1 estimator=MiND k=15 dur=43.675s
[EST START] 2026-04-20T16:24:42.592799 bottleneck=15 replicate=0 seed=1 estimator=FisherS k=ALL sigma=1.0
[EST DONE] 2026-04-20T16:29:23.809177 bottleneck=15 replicate=0 seed=1 estimator=FisherS k=ALL dur=281.216s
[EST START] 2026-04-20T16:29:23.809381 bottleneck=15 replicate=0 seed=1 estimator=SMAE k=ALL sigma=1.0
[EST DONE] 2026-04-20T16:30:03.458052 bottleneck=15 replicate=0 seed=1 estimator=SMAE k=ALL dur=39.649s
Wrote per-task mnist results to results/mnist_large.task1.csv
Saved results/mnist_large.csv
Making reduced plots...
Saved plots under results/figs_large
