Starting large worker on zuber at Sat May  2 07:57:52 AM EDT 2026; workdir=/local/scratch/cfikes/CS_534_ML_project; user=cfikes; task=2
large
Running synthetic large experiments...
[TASK START] 2026-05-02T07:57:56.402236 manifold=sphere d=5 sigma=0.0 n=5000 seed=2
[TASK START] 2026-05-02T07:57:56.402393 manifold=sphere d=5 sigma=0.25 n=5000 seed=2
[TASK START] 2026-05-02T07:57:56.402530 manifold=sphere d=5 sigma=0.5 n=5000 seed=2
[TASK START] 2026-05-02T07:57:56.402619 manifold=sphere d=5 sigma=0.75 n=5000 seed=2
[TASK START] 2026-05-02T07:57:56.402759 manifold=sphere d=5 sigma=1.0 n=5000 seed=2
[TASK START] 2026-05-02T07:57:56.413286 manifold=sphere d=7 sigma=0.0 n=5000 seed=2
[EST DONE] 2026-05-02T07:57:56.727927 estimator=Levina-Bickel k=3 dur=0.101s seed=2
[EST DONE] 2026-05-02T07:57:56.735089 estimator=Levina-Bickel k=3 dur=0.084s seed=2
[EST DONE] 2026-05-02T07:57:56.747068 estimator=Levina-Bickel k=3 dur=0.098s seed=2
[EST DONE] 2026-05-02T07:57:56.748811 estimator=Levina-Bickel k=3 dur=0.104s seed=2
[EST DONE] 2026-05-02T07:57:56.759644 estimator=Levina-Bickel k=3 dur=0.092s seed=2
[EST DONE] 2026-05-02T07:57:56.834672 estimator=Levina-Bickel k=5 dur=0.099s seed=2
[EST DONE] 2026-05-02T07:57:56.846183 estimator=Levina-Bickel k=5 dur=0.118s seed=2
[EST DONE] 2026-05-02T07:57:56.861219 estimator=Levina-Bickel k=5 dur=0.114s seed=2
[EST DONE] 2026-05-02T07:57:56.867056 estimator=Levina-Bickel k=5 dur=0.107s seed=2
[EST DONE] 2026-05-02T07:57:56.870721 estimator=Levina-Bickel k=5 dur=0.122s seed=2
[EST DONE] 2026-05-02T07:57:56.947689 estimator=Levina-Bickel k=7 dur=0.113s seed=2
[EST DONE] 2026-05-02T07:57:56.977805 estimator=Levina-Bickel k=7 dur=0.132s seed=2
[EST DONE] 2026-05-02T07:57:56.986690 estimator=Levina-Bickel k=7 dur=0.120s seed=2
[EST DONE] 2026-05-02T07:57:56.989182 estimator=Levina-Bickel k=7 dur=0.128s seed=2
[EST DONE] 2026-05-02T07:57:57.005734 estimator=Levina-Bickel k=7 dur=0.135s seed=2
[EST DONE] 2026-05-02T07:57:57.012246 estimator=Levina-Bickel k=3 dur=0.217s seed=2
[EST DONE] 2026-05-02T07:57:57.075321 estimator=Levina-Bickel k=10 dur=0.128s seed=2
[EST DONE] 2026-05-02T07:57:57.122486 estimator=Levina-Bickel k=10 dur=0.136s seed=2
[EST DONE] 2026-05-02T07:57:57.125828 estimator=Levina-Bickel k=10 dur=0.148s seed=2
[EST DONE] 2026-05-02T07:57:57.133032 estimator=Levina-Bickel k=10 dur=0.144s seed=2
[EST DONE] 2026-05-02T07:57:57.158950 estimator=Levina-Bickel k=10 dur=0.153s seed=2
[EST DONE] 2026-05-02T07:57:57.225295 estimator=Levina-Bickel k=15 dur=0.150s seed=2
[EST DONE] 2026-05-02T07:57:57.265437 estimator=Levina-Bickel k=5 dur=0.253s seed=2
[EST DONE] 2026-05-02T07:57:57.281418 estimator=Levina-Bickel k=15 dur=0.159s seed=2
[EST DONE] 2026-05-02T07:57:57.297389 estimator=Levina-Bickel k=15 dur=0.171s seed=2
[EST DONE] 2026-05-02T07:57:57.299776 estimator=Levina-Bickel k=15 dur=0.167s seed=2
[EST DONE] 2026-05-02T07:57:57.299795 estimator=TwoNN (no-k) dur=0.074s seed=2
[EST DONE] 2026-05-02T07:57:57.335953 estimator=Levina-Bickel k=15 dur=0.177s seed=2
[EST DONE] 2026-05-02T07:57:57.363152 estimator=TwoNN (no-k) dur=0.082s seed=2
[EST DONE] 2026-05-02T07:57:57.386271 estimator=TwoNN (no-k) dur=0.086s seed=2
[EST DONE] 2026-05-02T07:57:57.386996 estimator=TwoNN (no-k) dur=0.089s seed=2
[EST DONE] 2026-05-02T07:57:57.428834 estimator=TwoNN (no-k) dur=0.093s seed=2
[EST DONE] 2026-05-02T07:57:57.545779 estimator=Levina-Bickel k=7 dur=0.280s seed=2
[EST DONE] 2026-05-02T07:57:57.855556 estimator=Levina-Bickel k=10 dur=0.310s seed=2
[EST DONE] 2026-05-02T07:57:58.277442 estimator=Levina-Bickel k=15 dur=0.422s seed=2
[EST DONE] 2026-05-02T07:57:58.507790 estimator=TwoNN (no-k) dur=0.230s seed=2
[EST DONE] 2026-05-02T07:58:04.832632 estimator=lPCA k=3 dur=3.749s seed=2
[EST DONE] 2026-05-02T07:58:04.894461 estimator=lPCA k=3 dur=3.770s seed=2
[EST DONE] 2026-05-02T07:58:04.934420 estimator=lPCA k=3 dur=3.803s seed=2
[EST DONE] 2026-05-02T07:58:04.936285 estimator=lPCA k=3 dur=3.777s seed=2
[EST DONE] 2026-05-02T07:58:04.996601 estimator=lPCA k=3 dur=3.792s seed=2
[EST DONE] 2026-05-02T07:58:06.689816 estimator=lPCA k=3 dur=4.062s seed=2
[EST DONE] 2026-05-02T07:58:08.655922 estimator=lPCA k=5 dur=3.823s seed=2
[EST DONE] 2026-05-02T07:58:08.736962 estimator=lPCA k=5 dur=3.842s seed=2
[EST DONE] 2026-05-02T07:58:08.805343 estimator=lPCA k=5 dur=3.869s seed=2
[EST DONE] 2026-05-02T07:58:08.807764 estimator=lPCA k=5 dur=3.873s seed=2
[EST DONE] 2026-05-02T07:58:08.863999 estimator=lPCA k=5 dur=3.867s seed=2
[EST DONE] 2026-05-02T07:58:10.939059 estimator=lPCA k=5 dur=4.249s seed=2
[EST DONE] 2026-05-02T07:58:12.564837 estimator=lPCA k=7 dur=3.909s seed=2
[EST DONE] 2026-05-02T07:58:12.665687 estimator=lPCA k=7 dur=3.929s seed=2
[EST DONE] 2026-05-02T07:58:12.747800 estimator=lPCA k=7 dur=3.942s seed=2
[EST DONE] 2026-05-02T07:58:12.783085 estimator=lPCA k=7 dur=3.975s seed=2
[EST DONE] 2026-05-02T07:58:12.828312 estimator=lPCA k=7 dur=3.964s seed=2
[EST DONE] 2026-05-02T07:58:15.415621 estimator=lPCA k=7 dur=4.476s seed=2
[EST DONE] 2026-05-02T07:58:17.074221 estimator=lPCA k=10 dur=4.509s seed=2
[EST DONE] 2026-05-02T07:58:17.122294 estimator=lPCA k=10 dur=4.374s seed=2
[EST DONE] 2026-05-02T07:58:17.210919 estimator=lPCA k=10 dur=4.545s seed=2
[EST DONE] 2026-05-02T07:58:17.284426 estimator=lPCA k=10 dur=4.501s seed=2
[EST DONE] 2026-05-02T07:58:17.323600 estimator=lPCA k=10 dur=4.495s seed=2
[EST DONE] 2026-05-02T07:58:20.248217 estimator=lPCA k=10 dur=4.832s seed=2
[EST DONE] 2026-05-02T07:58:21.595873 estimator=lPCA k=15 dur=4.473s seed=2
[EST DONE] 2026-05-02T07:58:21.695312 estimator=lPCA k=15 dur=4.621s seed=2
[EST DONE] 2026-05-02T07:58:21.857334 estimator=lPCA k=15 dur=4.646s seed=2
[EST DONE] 2026-05-02T07:58:21.922395 estimator=lPCA k=15 dur=4.638s seed=2
[EST DONE] 2026-05-02T07:58:21.946495 estimator=lPCA k=15 dur=4.623s seed=2
[EST DONE] 2026-05-02T07:58:25.070083 estimator=lPCA k=15 dur=4.822s seed=2
[EST DONE] 2026-05-02T08:03:04.492483 estimator=DANCo k=3 dur=139.986s seed=2
[EST DONE] 2026-05-02T08:03:05.418787 estimator=DANCo k=3 dur=141.908s seed=2
[EST DONE] 2026-05-02T08:03:07.137110 estimator=DANCo k=3 dur=141.234s seed=2
[EST DONE] 2026-05-02T08:03:08.073584 estimator=DANCo k=3 dur=140.633s seed=2
[EST DONE] 2026-05-02T08:03:08.124497 estimator=DANCo k=3 dur=141.158s seed=2
[EST DONE] 2026-05-02T08:03:15.754343 estimator=DANCo k=3 dur=143.899s seed=2
[EST DONE] 2026-05-02T08:05:28.327480 estimator=DANCo k=5 dur=143.835s seed=2
[EST DONE] 2026-05-02T08:05:31.522568 estimator=DANCo k=5 dur=146.104s seed=2
[EST DONE] 2026-05-02T08:05:32.986715 estimator=DANCo k=5 dur=144.862s seed=2
[EST DONE] 2026-05-02T08:05:33.707406 estimator=DANCo k=5 dur=146.570s seed=2
[EST DONE] 2026-05-02T08:05:34.419212 estimator=DANCo k=5 dur=146.346s seed=2
[EST DONE] 2026-05-02T08:05:43.220082 estimator=DANCo k=5 dur=147.466s seed=2
[EST DONE] 2026-05-02T08:07:56.250151 estimator=DANCo k=7 dur=147.923s seed=2
[EST DONE] 2026-05-02T08:07:56.357718 estimator=DANCo k=7 dur=144.835s seed=2
[EST DONE] 2026-05-02T08:08:00.448284 estimator=DANCo k=7 dur=146.741s seed=2
[EST DONE] 2026-05-02T08:08:01.782941 estimator=DANCo k=7 dur=148.796s seed=2
[EST DONE] 2026-05-02T08:08:04.415174 estimator=DANCo k=7 dur=149.996s seed=2
[EST DONE] 2026-05-02T08:08:15.443202 estimator=DANCo k=7 dur=152.207s seed=2
[EST DONE] 2026-05-02T08:10:23.733602 estimator=DANCo k=10 dur=147.483s seed=2
[EST DONE] 2026-05-02T08:10:26.786544 estimator=DANCo k=10 dur=150.429s seed=2
[EST DONE] 2026-05-02T08:10:31.284330 estimator=DANCo k=10 dur=150.836s seed=2
[EST DONE] 2026-05-02T08:10:31.568122 estimator=DANCo k=10 dur=149.785s seed=2
[EST DONE] 2026-05-02T08:10:36.314954 estimator=DANCo k=10 dur=151.900s seed=2
[EST DONE] 2026-05-02T08:10:46.646067 estimator=DANCo k=10 dur=151.203s seed=2
[EST DONE] 2026-05-02T08:13:01.260675 estimator=DANCo k=15 dur=157.527s seed=2
[EST DONE] 2026-05-02T08:13:01.349471 estimator=DANCo k=15 dur=154.563s seed=2
[EST DONE] 2026-05-02T08:13:09.212793 estimator=DANCo k=15 dur=157.645s seed=2
[EST DONE] 2026-05-02T08:13:12.442945 estimator=DANCo k=15 dur=161.158s seed=2
[EST DONE] 2026-05-02T08:13:21.275530 estimator=DANCo k=15 dur=164.960s seed=2
[EST DONE] 2026-05-02T08:13:39.664987 estimator=DANCo k=15 dur=173.019s seed=2
[EST DONE] 2026-05-02T08:51:37.919753 estimator=MiND k=3 dur=1156.945s seed=2
[EST DONE] 2026-05-02T08:51:39.096724 estimator=MiND k=3 dur=1156.374s seed=2
[EST DONE] 2026-05-02T08:51:46.408002 estimator=MiND k=3 dur=1156.345s seed=2
[EST DONE] 2026-05-02T08:51:56.650209 estimator=MiND k=3 dur=1169.886s seed=2
[EST DONE] 2026-05-02T08:52:03.540289 estimator=MiND k=3 dur=1159.300s seed=2
[EST DONE] 2026-05-02T08:52:18.117788 estimator=MiND k=3 dur=1162.161s seed=2
[EST DONE] 2026-05-02T09:10:55.162007 estimator=MiND k=5 dur=1156.065s seed=2
[EST DONE] 2026-05-02T09:11:06.477097 estimator=MiND k=5 dur=1168.557s seed=2
[EST DONE] 2026-05-02T09:11:09.900687 estimator=MiND k=5 dur=1163.493s seed=2
[EST DONE] 2026-05-02T09:11:19.898482 estimator=MiND k=5 dur=1163.248s seed=2
[EST DONE] 2026-05-02T09:11:27.414045 estimator=MiND k=5 dur=1163.874s seed=2
[EST DONE] 2026-05-02T09:11:36.440985 estimator=MiND k=5 dur=1158.323s seed=2
[EST DONE] 2026-05-02T09:30:22.006425 estimator=MiND k=7 dur=1152.106s seed=2
[EST DONE] 2026-05-02T09:30:22.425138 estimator=MiND k=7 dur=1167.263s seed=2
[EST DONE] 2026-05-02T09:30:33.290248 estimator=MiND k=7 dur=1166.813s seed=2
[EST DONE] 2026-05-02T09:30:42.786192 estimator=MiND k=7 dur=1155.372s seed=2
[EST DONE] 2026-05-02T09:30:50.404941 estimator=MiND k=7 dur=1170.506s seed=2
[EST DONE] 2026-05-02T09:31:02.820919 estimator=MiND k=7 dur=1166.380s seed=2
[EST DONE] 2026-05-02T09:49:43.963681 estimator=MiND k=10 dur=1161.957s seed=2
[EST DONE] 2026-05-02T09:49:44.236234 estimator=MiND k=10 dur=1161.811s seed=2
[EST DONE] 2026-05-02T09:49:55.730182 estimator=MiND k=10 dur=1162.440s seed=2
[EST DONE] 2026-05-02T09:49:58.039152 estimator=MiND k=10 dur=1155.253s seed=2
[EST DONE] 2026-05-02T09:50:12.680125 estimator=MiND k=10 dur=1162.275s seed=2
[EST DONE] 2026-05-02T09:50:32.080146 estimator=MiND k=10 dur=1169.259s seed=2
[EST DONE] 2026-05-02T10:09:06.293969 estimator=MiND k=15 dur=1162.058s seed=2
[EST DONE] 2026-05-02T10:09:10.387194 estimator=MiND k=15 dur=1166.423s seed=2
[EST DONE] 2026-05-02T10:09:22.761821 estimator=MiND k=15 dur=1167.032s seed=2
[EST DONE] 2026-05-02T10:09:23.859825 estimator=MiND k=15 dur=1165.821s seed=2
[EST DONE] 2026-05-02T10:09:32.438540 estimator=MiND k=15 dur=1159.758s seed=2
[EST DONE] 2026-05-02T10:09:48.177936 estimator=MiND k=15 dur=1156.098s seed=2
[EST DONE] 2026-05-02T10:10:33.799542 estimator=FisherS (no-k) dur=87.505s seed=2
[TASK END] 2026-05-02T10:10:33.799655 manifold=sphere d=5 sigma=0.75 seed=2 duration=7957.397s
[TASK START] 2026-05-02T10:10:33.800915 manifold=sphere d=7 sigma=0.25 n=5000 seed=2
[EST DONE] 2026-05-02T10:10:34.252356 estimator=Levina-Bickel k=3 dur=0.224s seed=2
[EST DONE] 2026-05-02T10:10:34.509030 estimator=Levina-Bickel k=5 dur=0.257s seed=2
[EST DONE] 2026-05-02T10:10:34.792981 estimator=Levina-Bickel k=7 dur=0.284s seed=2
[EST DONE] 2026-05-02T10:10:35.102243 estimator=Levina-Bickel k=10 dur=0.309s seed=2
[EST DONE] 2026-05-02T10:10:35.452047 estimator=Levina-Bickel k=15 dur=0.350s seed=2
[EST DONE] 2026-05-02T10:10:35.649566 estimator=TwoNN (no-k) dur=0.197s seed=2
[EST DONE] 2026-05-02T10:10:43.294086 estimator=lPCA k=3 dur=3.534s seed=2
[EST DONE] 2026-05-02T10:10:46.953430 estimator=lPCA k=5 dur=3.659s seed=2
[EST DONE] 2026-05-02T10:10:50.807510 estimator=lPCA k=7 dur=3.854s seed=2
[EST DONE] 2026-05-02T10:10:51.689496 estimator=FisherS (no-k) dur=88.928s seed=2
[TASK END] 2026-05-02T10:10:51.689582 manifold=sphere d=5 sigma=0.0 seed=2 duration=7975.287s
[TASK START] 2026-05-02T10:10:51.690379 manifold=sphere d=7 sigma=0.5 n=5000 seed=2
[EST DONE] 2026-05-02T10:10:51.798472 estimator=FisherS (no-k) dur=79.360s seed=2
[TASK END] 2026-05-02T10:10:51.798577 manifold=sphere d=5 sigma=0.5 seed=2 duration=7975.396s
[TASK START] 2026-05-02T10:10:51.799389 manifold=sphere d=7 sigma=0.75 n=5000 seed=2
[EST DONE] 2026-05-02T10:10:51.912384 estimator=FisherS (no-k) dur=101.525s seed=2
[TASK END] 2026-05-02T10:10:51.912527 manifold=sphere d=5 sigma=1.0 seed=2 duration=7975.510s
[TASK START] 2026-05-02T10:10:51.913746 manifold=sphere d=7 sigma=1.0 n=5000 seed=2
[EST DONE] 2026-05-02T10:10:52.194517 estimator=Levina-Bickel k=3 dur=0.245s seed=2
[EST DONE] 2026-05-02T10:10:52.314958 estimator=Levina-Bickel k=3 dur=0.272s seed=2
[EST DONE] 2026-05-02T10:10:52.556472 estimator=Levina-Bickel k=5 dur=0.362s seed=2
[EST DONE] 2026-05-02T10:10:52.602561 estimator=Levina-Bickel k=3 dur=0.389s seed=2
[EST DONE] 2026-05-02T10:10:52.754454 estimator=Levina-Bickel k=5 dur=0.439s seed=2
[EST DONE] 2026-05-02T10:10:52.997104 estimator=Levina-Bickel k=7 dur=0.441s seed=2
[EST DONE] 2026-05-02T10:10:53.133329 estimator=Levina-Bickel k=7 dur=0.379s seed=2
[EST DONE] 2026-05-02T10:10:53.184498 estimator=Levina-Bickel k=5 dur=0.582s seed=2
[EST DONE] 2026-05-02T10:10:53.488200 estimator=FisherS (no-k) dur=65.310s seed=2
[TASK END] 2026-05-02T10:10:53.488309 manifold=sphere d=7 sigma=0.0 seed=2 duration=7977.075s
[TASK START] 2026-05-02T10:10:53.489293 manifold=sphere d=9 sigma=0.0 n=5000 seed=2
[EST DONE] 2026-05-02T10:10:53.576725 estimator=Levina-Bickel k=10 dur=0.580s seed=2
[EST DONE] 2026-05-02T10:10:53.635268 estimator=Levina-Bickel k=10 dur=0.502s seed=2
[EST DONE] 2026-05-02T10:10:53.767214 estimator=Levina-Bickel k=7 dur=0.583s seed=2
[EST DONE] 2026-05-02T10:10:53.783755 estimator=FisherS (no-k) dur=89.924s seed=2
[TASK END] 2026-05-02T10:10:53.783850 manifold=sphere d=5 sigma=0.25 seed=2 duration=7977.381s
[TASK START] 2026-05-02T10:10:53.784690 manifold=sphere d=9 sigma=0.25 n=5000 seed=2
[EST DONE] 2026-05-02T10:10:54.067907 estimator=Levina-Bickel k=15 dur=0.433s seed=2
[EST DONE] 2026-05-02T10:10:54.091139 estimator=Levina-Bickel k=15 dur=0.514s seed=2
[EST DONE] 2026-05-02T10:10:54.101650 estimator=Levina-Bickel k=10 dur=0.334s seed=2
[EST DONE] 2026-05-02T10:10:54.284694 estimator=TwoNN (no-k) dur=0.217s seed=2
[EST DONE] 2026-05-02T10:10:54.354945 estimator=TwoNN (no-k) dur=0.264s seed=2
[EST DONE] 2026-05-02T10:10:54.388777 estimator=Levina-Bickel k=3 dur=0.439s seed=2
[EST DONE] 2026-05-02T10:10:54.472212 estimator=Levina-Bickel k=15 dur=0.370s seed=2
[EST DONE] 2026-05-02T10:10:54.686265 estimator=TwoNN (no-k) dur=0.214s seed=2
[EST DONE] 2026-05-02T10:10:54.699287 estimator=Levina-Bickel k=3 dur=0.455s seed=2
[EST DONE] 2026-05-02T10:10:54.881867 estimator=Levina-Bickel k=5 dur=0.493s seed=2
[EST DONE] 2026-05-02T10:10:55.209318 estimator=Levina-Bickel k=5 dur=0.510s seed=2
[EST DONE] 2026-05-02T10:10:55.414414 estimator=Levina-Bickel k=7 dur=0.532s seed=2
[EST DONE] 2026-05-02T10:10:55.752413 estimator=Levina-Bickel k=7 dur=0.543s seed=2
[EST DONE] 2026-05-02T10:10:55.834038 estimator=lPCA k=10 dur=5.026s seed=2
[EST DONE] 2026-05-02T10:10:55.987806 estimator=Levina-Bickel k=10 dur=0.573s seed=2
[EST DONE] 2026-05-02T10:10:56.337726 estimator=Levina-Bickel k=10 dur=0.585s seed=2
[EST DONE] 2026-05-02T10:10:56.619015 estimator=Levina-Bickel k=15 dur=0.631s seed=2
[EST DONE] 2026-05-02T10:10:56.972327 estimator=Levina-Bickel k=15 dur=0.634s seed=2
[EST DONE] 2026-05-02T10:10:57.021158 estimator=TwoNN (no-k) dur=0.402s seed=2
[EST DONE] 2026-05-02T10:10:57.388807 estimator=TwoNN (no-k) dur=0.416s seed=2
[EST DONE] 2026-05-02T10:11:00.355028 estimator=lPCA k=15 dur=4.521s seed=2
[EST DONE] 2026-05-02T10:11:02.365976 estimator=lPCA k=3 dur=4.076s seed=2
[EST DONE] 2026-05-02T10:11:02.601882 estimator=lPCA k=3 dur=4.098s seed=2
[EST DONE] 2026-05-02T10:11:02.822251 estimator=lPCA k=3 dur=4.060s seed=2
[EST DONE] 2026-05-02T10:11:05.859623 estimator=lPCA k=3 dur=4.505s seed=2
[EST DONE] 2026-05-02T10:11:06.372217 estimator=lPCA k=3 dur=4.542s seed=2
[EST DONE] 2026-05-02T10:11:06.623078 estimator=lPCA k=5 dur=4.257s seed=2
[EST DONE] 2026-05-02T10:11:07.066523 estimator=lPCA k=5 dur=4.244s seed=2
[EST DONE] 2026-05-02T10:11:07.371933 estimator=lPCA k=5 dur=4.770s seed=2
[EST DONE] 2026-05-02T10:11:11.145433 estimator=lPCA k=7 dur=4.522s seed=2
[EST DONE] 2026-05-02T10:11:11.452648 estimator=lPCA k=7 dur=4.386s seed=2
[EST DONE] 2026-05-02T10:11:11.790582 estimator=lPCA k=5 dur=5.418s seed=2
[EST DONE] 2026-05-02T10:11:11.867247 estimator=lPCA k=5 dur=6.007s seed=2
[EST DONE] 2026-05-02T10:11:12.581139 estimator=lPCA k=7 dur=5.209s seed=2
[EST DONE] 2026-05-02T10:11:16.097406 estimator=lPCA k=10 dur=4.645s seed=2
[EST DONE] 2026-05-02T10:11:16.160156 estimator=lPCA k=10 dur=5.015s seed=2
[EST DONE] 2026-05-02T10:11:16.868106 estimator=lPCA k=7 dur=5.077s seed=2
[EST DONE] 2026-05-02T10:11:17.007689 estimator=lPCA k=7 dur=5.140s seed=2
[EST DONE] 2026-05-02T10:11:17.982704 estimator=lPCA k=10 dur=5.401s seed=2
[EST DONE] 2026-05-02T10:11:21.316123 estimator=lPCA k=15 dur=5.219s seed=2
[EST DONE] 2026-05-02T10:11:21.589806 estimator=lPCA k=15 dur=5.430s seed=2
[EST DONE] 2026-05-02T10:11:22.264449 estimator=lPCA k=10 dur=5.396s seed=2
[EST DONE] 2026-05-02T10:11:22.386680 estimator=lPCA k=10 dur=5.379s seed=2
[EST DONE] 2026-05-02T10:11:23.701269 estimator=lPCA k=15 dur=5.718s seed=2
[EST DONE] 2026-05-02T10:11:27.730726 estimator=lPCA k=15 dur=5.344s seed=2
[EST DONE] 2026-05-02T10:11:27.794096 estimator=lPCA k=15 dur=5.530s seed=2
[EST DONE] 2026-05-02T10:15:14.345963 estimator=DANCo k=3 dur=132.793s seed=2
[EST DONE] 2026-05-02T10:15:55.452065 estimator=DANCo k=3 dur=137.408s seed=2
[EST DONE] 2026-05-02T10:16:00.523610 estimator=DANCo k=3 dur=139.510s seed=2
[EST DONE] 2026-05-02T10:16:02.071224 estimator=DANCo k=3 dur=138.124s seed=2
[EST DONE] 2026-05-02T10:16:07.236019 estimator=DANCo k=3 dur=139.014s seed=2
[EST DONE] 2026-05-02T10:16:18.750030 estimator=DANCo k=3 dur=146.680s seed=2
[EST DONE] 2026-05-02T10:17:33.117466 estimator=DANCo k=5 dur=138.771s seed=2
[EST DONE] 2026-05-02T10:18:15.783849 estimator=DANCo k=5 dur=140.332s seed=2
[EST DONE] 2026-05-02T10:18:23.354747 estimator=DANCo k=5 dur=142.831s seed=2
[EST DONE] 2026-05-02T10:18:24.956421 estimator=DANCo k=5 dur=142.885s seed=2
[EST DONE] 2026-05-02T10:18:32.754283 estimator=DANCo k=5 dur=145.518s seed=2
[EST DONE] 2026-05-02T10:18:43.573320 estimator=DANCo k=5 dur=144.823s seed=2
[EST DONE] 2026-05-02T10:19:54.731536 estimator=DANCo k=7 dur=141.614s seed=2
[EST DONE] 2026-05-02T10:20:38.926589 estimator=DANCo k=7 dur=143.143s seed=2
[EST DONE] 2026-05-02T10:20:48.537760 estimator=DANCo k=7 dur=145.183s seed=2
[EST DONE] 2026-05-02T10:20:50.784023 estimator=DANCo k=7 dur=145.827s seed=2
[EST DONE] 2026-05-02T10:21:01.794322 estimator=DANCo k=7 dur=149.040s seed=2
[EST DONE] 2026-05-02T10:21:06.082884 estimator=DANCo k=7 dur=142.509s seed=2
[EST DONE] 2026-05-02T10:22:27.335202 estimator=DANCo k=10 dur=152.603s seed=2
[EST DONE] 2026-05-02T10:23:14.879270 estimator=DANCo k=10 dur=155.953s seed=2
[EST DONE] 2026-05-02T10:23:17.616562 estimator=DANCo k=10 dur=146.832s seed=2
[EST DONE] 2026-05-02T10:23:20.557187 estimator=DANCo k=10 dur=152.019s seed=2
[EST DONE] 2026-05-02T10:23:34.027192 estimator=DANCo k=10 dur=152.233s seed=2
[EST DONE] 2026-05-02T10:23:39.436984 estimator=DANCo k=10 dur=153.354s seed=2
[EST DONE] 2026-05-02T10:24:59.902313 estimator=DANCo k=15 dur=152.567s seed=2
[EST DONE] 2026-05-02T10:25:54.547677 estimator=DANCo k=15 dur=156.931s seed=2
[EST DONE] 2026-05-02T10:25:57.975547 estimator=DANCo k=15 dur=163.096s seed=2
[EST DONE] 2026-05-02T10:25:59.840015 estimator=DANCo k=15 dur=159.283s seed=2
[EST DONE] 2026-05-02T10:26:20.547674 estimator=DANCo k=15 dur=166.520s seed=2
[EST DONE] 2026-05-02T10:26:26.381680 estimator=DANCo k=15 dur=166.945s seed=2
[EST DONE] 2026-05-02T11:03:25.213113 estimator=MiND k=3 dur=1156.811s seed=2
[EST DONE] 2026-05-02T11:04:32.572037 estimator=MiND k=3 dur=1153.581s seed=2
[EST DONE] 2026-05-02T11:04:35.482114 estimator=MiND k=3 dur=1167.509s seed=2
[EST DONE] 2026-05-02T11:04:42.957485 estimator=MiND k=3 dur=1165.668s seed=2
[EST DONE] 2026-05-02T11:04:57.478108 estimator=MiND k=3 dur=1156.168s seed=2
[EST DONE] 2026-05-02T11:05:12.157681 estimator=MiND k=3 dur=1163.161s seed=2
[EST DONE] 2026-05-02T11:22:51.084690 estimator=MiND k=5 dur=1165.871s seed=2
[EST DONE] 2026-05-02T11:23:54.132601 estimator=MiND k=5 dur=1158.650s seed=2
[EST DONE] 2026-05-02T11:23:56.789969 estimator=MiND k=5 dur=1164.218s seed=2
[EST DONE] 2026-05-02T11:24:07.793031 estimator=MiND k=5 dur=1164.835s seed=2
[EST DONE] 2026-05-02T11:24:19.193511 estimator=MiND k=5 dur=1161.715s seed=2
[EST DONE] 2026-05-02T11:24:29.930932 estimator=MiND k=5 dur=1157.773s seed=2
[EST DONE] 2026-05-02T11:42:19.153214 estimator=MiND k=7 dur=1168.068s seed=2
[EST DONE] 2026-05-02T11:43:16.378795 estimator=MiND k=7 dur=1159.589s seed=2
[EST DONE] 2026-05-02T11:43:17.022180 estimator=MiND k=7 dur=1162.889s seed=2
[EST DONE] 2026-05-02T11:43:31.925178 estimator=MiND k=7 dur=1164.132s seed=2
[EST DONE] 2026-05-02T11:43:41.305828 estimator=MiND k=7 dur=1162.112s seed=2
[EST DONE] 2026-05-02T11:43:52.523740 estimator=MiND k=7 dur=1162.593s seed=2
[EST DONE] 2026-05-02T12:01:38.012659 estimator=MiND k=10 dur=1158.859s seed=2
[EST DONE] 2026-05-02T12:02:41.552600 estimator=MiND k=10 dur=1164.530s seed=2
[EST DONE] 2026-05-02T12:02:43.307017 estimator=MiND k=10 dur=1166.928s seed=2
[EST DONE] 2026-05-02T12:02:51.108542 estimator=MiND k=10 dur=1159.183s seed=2
[EST DONE] 2026-05-02T12:03:02.999470 estimator=MiND k=10 dur=1161.694s seed=2
[EST DONE] 2026-05-02T12:03:15.901912 estimator=MiND k=10 dur=1163.378s seed=2
[EST DONE] 2026-05-02T12:21:04.480451 estimator=MiND k=15 dur=1166.468s seed=2
[EST DONE] 2026-05-02T12:22:00.119756 estimator=FisherS (no-k) dur=55.639s seed=2
[TASK END] 2026-05-02T12:22:00.119896 manifold=sphere d=7 sigma=0.25 seed=2 duration=7886.319s
[TASK START] 2026-05-02T12:22:00.121166 manifold=sphere d=9 sigma=0.5 n=5000 seed=2
[EST DONE] 2026-05-02T12:22:01.285814 estimator=Levina-Bickel k=3 dur=0.551s seed=2
[EST DONE] 2026-05-02T12:22:01.837831 estimator=MiND k=15 dur=1160.285s seed=2
[EST DONE] 2026-05-02T12:22:02.028372 estimator=Levina-Bickel k=5 dur=0.742s seed=2
[EST DONE] 2026-05-02T12:22:02.705886 estimator=Levina-Bickel k=7 dur=0.677s seed=2
[EST DONE] 2026-05-02T12:22:03.458933 estimator=MiND k=15 dur=1160.152s seed=2
[EST DONE] 2026-05-02T12:22:03.551591 estimator=Levina-Bickel k=10 dur=0.846s seed=2
[EST DONE] 2026-05-02T12:22:04.479589 estimator=Levina-Bickel k=15 dur=0.928s seed=2
[EST DONE] 2026-05-02T12:22:05.024443 estimator=TwoNN (no-k) dur=0.545s seed=2
[EST DONE] 2026-05-02T12:22:10.536477 estimator=MiND k=15 dur=1159.428s seed=2
[EST DONE] 2026-05-02T12:22:16.098577 estimator=lPCA k=3 dur=5.133s seed=2
[EST DONE] 2026-05-02T12:22:16.267226 estimator=MiND k=15 dur=1153.268s seed=2
[EST DONE] 2026-05-02T12:22:20.046938 estimator=MiND k=15 dur=1144.145s seed=2
[EST DONE] 2026-05-02T12:22:20.467481 estimator=lPCA k=5 dur=4.369s seed=2
[EST DONE] 2026-05-02T12:22:24.895895 estimator=lPCA k=7 dur=4.428s seed=2
[EST DONE] 2026-05-02T12:22:29.626816 estimator=lPCA k=10 dur=4.731s seed=2
[EST DONE] 2026-05-02T12:22:34.371191 estimator=lPCA k=15 dur=4.744s seed=2
[EST DONE] 2026-05-02T12:24:24.376568 estimator=FisherS (no-k) dur=142.539s seed=2
[TASK END] 2026-05-02T12:24:24.376726 manifold=sphere d=7 sigma=1.0 seed=2 duration=8012.463s
[TASK START] 2026-05-02T12:24:24.378032 manifold=sphere d=9 sigma=0.75 n=5000 seed=2
[EST DONE] 2026-05-02T12:24:25.456712 estimator=Levina-Bickel k=3 dur=0.663s seed=2
[EST DONE] 2026-05-02T12:24:25.911734 estimator=Levina-Bickel k=5 dur=0.455s seed=2
[EST DONE] 2026-05-02T12:24:26.398890 estimator=Levina-Bickel k=7 dur=0.487s seed=2
[EST DONE] 2026-05-02T12:24:26.918266 estimator=Levina-Bickel k=10 dur=0.519s seed=2
[EST DONE] 2026-05-02T12:24:27.571252 estimator=Levina-Bickel k=15 dur=0.653s seed=2
[EST DONE] 2026-05-02T12:24:28.015456 estimator=TwoNN (no-k) dur=0.444s seed=2
[EST DONE] 2026-05-02T12:24:41.034904 estimator=lPCA k=3 dur=7.938s seed=2
[EST DONE] 2026-05-02T12:24:45.817818 estimator=lPCA k=5 dur=4.783s seed=2
[EST DONE] 2026-05-02T12:24:48.650980 estimator=FisherS (no-k) dur=165.192s seed=2
[TASK END] 2026-05-02T12:24:48.651161 manifold=sphere d=7 sigma=0.5 seed=2 duration=8036.961s
[TASK START] 2026-05-02T12:24:48.652450 manifold=sphere d=9 sigma=1.0 n=5000 seed=2
[EST DONE] 2026-05-02T12:24:49.533916 estimator=Levina-Bickel k=3 dur=0.440s seed=2
[EST DONE] 2026-05-02T12:24:50.018153 estimator=Levina-Bickel k=5 dur=0.484s seed=2
[EST DONE] 2026-05-02T12:24:50.585698 estimator=lPCA k=7 dur=4.768s seed=2
[EST DONE] 2026-05-02T12:24:50.601601 estimator=Levina-Bickel k=7 dur=0.583s seed=2
[EST DONE] 2026-05-02T12:24:51.221212 estimator=Levina-Bickel k=10 dur=0.620s seed=2
[EST DONE] 2026-05-02T12:24:51.811439 estimator=Levina-Bickel k=15 dur=0.590s seed=2
[EST DONE] 2026-05-02T12:24:52.206422 estimator=TwoNN (no-k) dur=0.395s seed=2
[EST DONE] 2026-05-02T12:24:55.263476 estimator=lPCA k=10 dur=4.678s seed=2
[EST DONE] 2026-05-02T12:24:57.489424 estimator=FisherS (no-k) dur=166.953s seed=2
[TASK END] 2026-05-02T12:24:57.489579 manifold=sphere d=7 sigma=0.75 seed=2 duration=8045.690s
[TASK START] 2026-05-02T12:24:57.490789 manifold=sphere d=12 sigma=0.0 n=5000 seed=2
[EST DONE] 2026-05-02T12:24:59.040924 estimator=Levina-Bickel k=3 dur=0.778s seed=2
[EST DONE] 2026-05-02T12:24:59.839811 estimator=Levina-Bickel k=5 dur=0.799s seed=2
[EST DONE] 2026-05-02T12:25:00.306045 estimator=lPCA k=15 dur=5.042s seed=2
[EST DONE] 2026-05-02T12:25:00.655323 estimator=Levina-Bickel k=7 dur=0.815s seed=2
[EST DONE] 2026-05-02T12:25:01.421852 estimator=lPCA k=3 dur=5.019s seed=2
[EST DONE] 2026-05-02T12:25:01.498434 estimator=Levina-Bickel k=10 dur=0.843s seed=2
[EST DONE] 2026-05-02T12:25:02.378033 estimator=Levina-Bickel k=15 dur=0.879s seed=2
[EST DONE] 2026-05-02T12:25:03.139985 estimator=TwoNN (no-k) dur=0.762s seed=2
[EST DONE] 2026-05-02T12:25:04.231934 estimator=FisherS (no-k) dur=167.965s seed=2
[TASK END] 2026-05-02T12:25:04.232180 manifold=sphere d=9 sigma=0.0 seed=2 duration=8050.743s
[TASK START] 2026-05-02T12:25:04.232959 manifold=sphere d=12 sigma=0.25 n=5000 seed=2
[EST DONE] 2026-05-02T12:25:04.262207 estimator=FisherS (no-k) dur=164.215s seed=2
[TASK END] 2026-05-02T12:25:04.262352 manifold=sphere d=9 sigma=0.25 seed=2 duration=8050.478s
[TASK START] 2026-05-02T12:25:04.263577 manifold=sphere d=12 sigma=0.5 n=5000 seed=2
[EST DONE] 2026-05-02T12:25:06.307926 estimator=Levina-Bickel k=3 dur=1.020s seed=2
[EST DONE] 2026-05-02T12:25:06.544447 estimator=Levina-Bickel k=3 dur=1.424s seed=2
[EST DONE] 2026-05-02T12:25:06.955719 estimator=lPCA k=5 dur=5.534s seed=2
[EST DONE] 2026-05-02T12:25:07.469970 estimator=Levina-Bickel k=5 dur=1.162s seed=2
[EST DONE] 2026-05-02T12:25:07.595043 estimator=Levina-Bickel k=5 dur=1.050s seed=2
[EST DONE] 2026-05-02T12:25:08.579518 estimator=Levina-Bickel k=7 dur=1.109s seed=2
[EST DONE] 2026-05-02T12:25:08.890791 estimator=Levina-Bickel k=7 dur=1.296s seed=2
[EST DONE] 2026-05-02T12:25:09.753415 estimator=Levina-Bickel k=10 dur=1.174s seed=2
[EST DONE] 2026-05-02T12:25:09.922844 estimator=Levina-Bickel k=10 dur=1.032s seed=2
[EST DONE] 2026-05-02T12:25:10.937689 estimator=Levina-Bickel k=15 dur=1.184s seed=2
[EST DONE] 2026-05-02T12:25:11.236507 estimator=Levina-Bickel k=15 dur=1.314s seed=2
[EST DONE] 2026-05-02T12:25:11.793541 estimator=TwoNN (no-k) dur=0.856s seed=2
[EST DONE] 2026-05-02T12:25:12.166314 estimator=TwoNN (no-k) dur=0.930s seed=2
[EST DONE] 2026-05-02T12:25:12.614299 estimator=lPCA k=7 dur=5.658s seed=2
[EST DONE] 2026-05-02T12:25:16.275341 estimator=lPCA k=3 dur=6.746s seed=2
[EST DONE] 2026-05-02T12:25:18.414832 estimator=lPCA k=10 dur=5.800s seed=2
[EST DONE] 2026-05-02T12:25:23.020110 estimator=lPCA k=5 dur=6.745s seed=2
[EST DONE] 2026-05-02T12:25:24.119503 estimator=lPCA k=15 dur=5.705s seed=2
[EST DONE] 2026-05-02T12:25:25.179192 estimator=lPCA k=3 dur=5.889s seed=2
[EST DONE] 2026-05-02T12:25:26.518480 estimator=lPCA k=3 dur=7.037s seed=2
[EST DONE] 2026-05-02T12:25:29.833028 estimator=lPCA k=7 dur=6.813s seed=2
[EST DONE] 2026-05-02T12:25:31.660969 estimator=lPCA k=5 dur=6.482s seed=2
[EST DONE] 2026-05-02T12:25:32.689959 estimator=lPCA k=5 dur=6.171s seed=2
[EST DONE] 2026-05-02T12:25:36.996015 estimator=lPCA k=10 dur=7.163s seed=2
[EST DONE] 2026-05-02T12:25:38.922986 estimator=lPCA k=7 dur=7.262s seed=2
[EST DONE] 2026-05-02T12:25:40.533521 estimator=lPCA k=7 dur=7.843s seed=2
[EST DONE] 2026-05-02T12:25:46.236650 estimator=lPCA k=15 dur=9.241s seed=2
[EST DONE] 2026-05-02T12:25:46.847397 estimator=DANCo k=3 dur=104.972s seed=2
[EST DONE] 2026-05-02T12:25:46.947093 estimator=lPCA k=10 dur=8.024s seed=2
[EST DONE] 2026-05-02T12:25:48.464013 estimator=lPCA k=10 dur=7.930s seed=2
[EST DONE] 2026-05-02T12:25:54.201729 estimator=lPCA k=15 dur=7.255s seed=2
[EST DONE] 2026-05-02T12:25:56.652740 estimator=lPCA k=15 dur=8.189s seed=2
[EST DONE] 2026-05-02T12:28:04.071970 estimator=DANCo k=5 dur=137.224s seed=2
[EST DONE] 2026-05-02T12:29:13.995789 estimator=DANCo k=3 dur=136.233s seed=2
[EST DONE] 2026-05-02T12:29:53.889830 estimator=DANCo k=3 dur=141.758s seed=2
[EST DONE] 2026-05-02T12:30:25.576074 estimator=DANCo k=7 dur=141.504s seed=2
[EST DONE] 2026-05-02T12:30:26.651128 estimator=DANCo k=3 dur=142.772s seed=2
[EST DONE] 2026-05-02T12:30:38.397533 estimator=DANCo k=3 dur=140.264s seed=2
[EST DONE] 2026-05-02T12:30:40.115356 estimator=DANCo k=3 dur=142.505s seed=2
[EST DONE] 2026-05-02T12:31:32.741600 estimator=DANCo k=5 dur=138.746s seed=2
[EST DONE] 2026-05-02T12:32:16.323406 estimator=DANCo k=5 dur=142.433s seed=2
[EST DONE] 2026-05-02T12:32:49.486134 estimator=DANCo k=5 dur=142.835s seed=2
[EST DONE] 2026-05-02T12:32:58.384792 estimator=DANCo k=10 dur=152.809s seed=2
[EST DONE] 2026-05-02T12:33:05.587444 estimator=DANCo k=5 dur=145.472s seed=2
[EST DONE] 2026-05-02T12:33:06.419787 estimator=DANCo k=5 dur=148.022s seed=2
[EST DONE] 2026-05-02T12:33:55.438427 estimator=DANCo k=7 dur=142.697s seed=2
[EST DONE] 2026-05-02T12:34:37.769158 estimator=DANCo k=7 dur=141.446s seed=2
[EST DONE] 2026-05-02T12:35:20.818466 estimator=DANCo k=7 dur=151.332s seed=2
[EST DONE] 2026-05-02T12:35:33.844656 estimator=DANCo k=7 dur=147.425s seed=2
[EST DONE] 2026-05-02T12:35:37.527411 estimator=DANCo k=7 dur=151.940s seed=2
[EST DONE] 2026-05-02T12:35:38.770971 estimator=DANCo k=15 dur=160.386s seed=2
[EST DONE] 2026-05-02T12:36:23.180414 estimator=DANCo k=10 dur=147.742s seed=2
[EST DONE] 2026-05-02T12:37:10.906278 estimator=DANCo k=10 dur=153.137s seed=2
[EST DONE] 2026-05-02T12:38:01.942881 estimator=DANCo k=10 dur=161.124s seed=2
[EST DONE] 2026-05-02T12:38:12.157239 estimator=DANCo k=10 dur=158.312s seed=2
[EST DONE] 2026-05-02T12:38:17.031312 estimator=DANCo k=10 dur=159.504s seed=2
[EST DONE] 2026-05-02T12:39:11.680818 estimator=DANCo k=15 dur=168.500s seed=2
[EST DONE] 2026-05-02T12:39:53.681925 estimator=DANCo k=15 dur=162.775s seed=2
[EST DONE] 2026-05-02T12:40:55.712507 estimator=DANCo k=15 dur=173.769s seed=2
[EST DONE] 2026-05-02T12:41:03.384668 estimator=DANCo k=15 dur=171.227s seed=2
[EST DONE] 2026-05-02T12:41:10.819369 estimator=DANCo k=15 dur=173.788s seed=2
[EST DONE] 2026-05-02T13:13:05.721267 estimator=MiND k=3 dur=1166.369s seed=2
[EST DONE] 2026-05-02T13:17:40.093101 estimator=MiND k=3 dur=1167.747s seed=2
[EST DONE] 2026-05-02T13:18:16.490348 estimator=MiND k=3 dur=1151.357s seed=2
[EST DONE] 2026-05-02T13:19:39.586031 estimator=MiND k=3 dur=1149.161s seed=2
[EST DONE] 2026-05-02T13:19:41.702217 estimator=MiND k=3 dur=1162.737s seed=2
[EST DONE] 2026-05-02T13:19:42.454173 estimator=MiND k=3 dur=1153.756s seed=2
[EST DONE] 2026-05-02T13:32:24.553247 estimator=MiND k=5 dur=1158.832s seed=2
[EST DONE] 2026-05-02T13:36:56.230863 estimator=MiND k=5 dur=1156.138s seed=2
[EST DONE] 2026-05-02T13:37:37.722265 estimator=MiND k=5 dur=1161.232s seed=2
[EST DONE] 2026-05-02T13:39:03.347288 estimator=MiND k=5 dur=1163.761s seed=2
[EST DONE] 2026-05-02T13:39:05.477371 estimator=MiND k=5 dur=1163.775s seed=2
[EST DONE] 2026-05-02T13:39:10.374580 estimator=MiND k=5 dur=1167.920s seed=2
[EST DONE] 2026-05-02T13:51:47.175509 estimator=MiND k=7 dur=1162.622s seed=2
[EST DONE] 2026-05-02T13:56:18.916601 estimator=MiND k=7 dur=1162.686s seed=2
[EST DONE] 2026-05-02T13:57:02.385912 estimator=MiND k=7 dur=1164.664s seed=2
[EST DONE] 2026-05-02T13:58:26.715623 estimator=MiND k=7 dur=1163.368s seed=2
[EST DONE] 2026-05-02T13:58:32.064385 estimator=MiND k=7 dur=1166.587s seed=2
[EST DONE] 2026-05-02T13:58:40.748354 estimator=MiND k=7 dur=1170.374s seed=2
[EST DONE] 2026-05-02T14:11:12.572133 estimator=MiND k=10 dur=1165.396s seed=2
[EST DONE] 2026-05-02T14:15:44.577272 estimator=MiND k=10 dur=1165.661s seed=2
[EST DONE] 2026-05-02T14:16:29.829259 estimator=MiND k=10 dur=1167.443s seed=2
[EST DONE] 2026-05-02T14:17:47.073820 estimator=MiND k=10 dur=1160.358s seed=2
[EST DONE] 2026-05-02T14:17:56.095054 estimator=MiND k=10 dur=1164.031s seed=2
[EST DONE] 2026-05-02T14:18:09.197149 estimator=MiND k=10 dur=1168.449s seed=2
[EST DONE] 2026-05-02T14:30:44.627168 estimator=MiND k=15 dur=1172.055s seed=2
[EST DONE] 2026-05-02T14:31:42.775857 estimator=FisherS (no-k) dur=58.148s seed=2
[TASK END] 2026-05-02T14:31:42.775974 manifold=sphere d=9 sigma=0.5 seed=2 duration=7782.655s
[TASK START] 2026-05-02T14:31:42.777443 manifold=sphere d=12 sigma=0.75 n=5000 seed=2
[EST DONE] 2026-05-02T14:31:44.888216 estimator=Levina-Bickel k=3 dur=1.124s seed=2
[EST DONE] 2026-05-02T14:31:46.144661 estimator=Levina-Bickel k=5 dur=1.256s seed=2
[EST DONE] 2026-05-02T14:31:47.479206 estimator=Levina-Bickel k=7 dur=1.334s seed=2
[EST DONE] 2026-05-02T14:31:48.586882 estimator=Levina-Bickel k=10 dur=1.108s seed=2
[EST DONE] 2026-05-02T14:31:49.825043 estimator=Levina-Bickel k=15 dur=1.238s seed=2
[EST DONE] 2026-05-02T14:31:50.821319 estimator=TwoNN (no-k) dur=0.996s seed=2
[EST DONE] 2026-05-02T14:32:04.508526 estimator=lPCA k=3 dur=6.691s seed=2
[EST DONE] 2026-05-02T14:32:12.118096 estimator=lPCA k=5 dur=7.609s seed=2
[EST DONE] 2026-05-02T14:32:20.615390 estimator=lPCA k=7 dur=8.497s seed=2
[EST DONE] 2026-05-02T14:32:28.925300 estimator=lPCA k=10 dur=8.310s seed=2
[EST DONE] 2026-05-02T14:32:38.074353 estimator=lPCA k=15 dur=9.149s seed=2
[EST DONE] 2026-05-02T14:34:55.676491 estimator=MiND k=15 dur=1151.099s seed=2
[EST DONE] 2026-05-02T14:35:44.056858 estimator=MiND k=15 dur=1154.227s seed=2
[EST DONE] 2026-05-02T14:36:41.465933 estimator=MiND k=15 dur=1125.371s seed=2
[EST DONE] 2026-05-02T14:36:47.916839 estimator=FisherS (no-k) dur=112.240s seed=2
[TASK END] 2026-05-02T14:36:47.916981 manifold=sphere d=9 sigma=0.75 seed=2 duration=7943.539s
[TASK START] 2026-05-02T14:36:47.917614 manifold=sphere d=12 sigma=1.0 n=5000 seed=2
[EST DONE] 2026-05-02T14:36:50.710356 estimator=Levina-Bickel k=3 dur=1.157s seed=2
[EST DONE] 2026-05-02T14:36:51.926458 estimator=Levina-Bickel k=5 dur=1.216s seed=2
[EST DONE] 2026-05-02T14:36:53.148761 estimator=Levina-Bickel k=7 dur=1.222s seed=2
[EST DONE] 2026-05-02T14:36:55.102969 estimator=MiND k=15 dur=1148.029s seed=2
[EST DONE] 2026-05-02T14:36:55.400645 estimator=Levina-Bickel k=10 dur=2.252s seed=2
[EST DONE] 2026-05-02T14:36:56.782396 estimator=Levina-Bickel k=15 dur=1.382s seed=2
[EST DONE] 2026-05-02T14:36:58.084011 estimator=TwoNN (no-k) dur=1.302s seed=2
[EST DONE] 2026-05-02T14:37:02.677791 estimator=MiND k=15 dur=1133.481s seed=2
[EST DONE] 2026-05-02T14:37:14.595718 estimator=lPCA k=3 dur=6.651s seed=2
[EST DONE] 2026-05-02T14:37:20.595533 estimator=lPCA k=5 dur=6.000s seed=2
[EST DONE] 2026-05-02T14:37:30.511151 estimator=lPCA k=7 dur=9.915s seed=2
[EST DONE] 2026-05-02T14:37:34.356751 estimator=DANCo k=3 dur=142.295s seed=2
[EST DONE] 2026-05-02T14:37:36.268508 estimator=lPCA k=10 dur=5.757s seed=2
[EST DONE] 2026-05-02T14:37:42.236086 estimator=lPCA k=15 dur=5.967s seed=2
[EST DONE] 2026-05-02T14:38:31.835604 estimator=FisherS (no-k) dur=167.779s seed=2
[TASK END] 2026-05-02T14:38:31.835795 manifold=sphere d=9 sigma=1.0 seed=2 duration=8023.183s
[TASK START] 2026-05-02T14:38:31.836911 manifold=sphere d=15 sigma=0.0 n=5000 seed=2
[EST DONE] 2026-05-02T14:38:38.218349 estimator=Levina-Bickel k=3 dur=3.192s seed=2
[EST DONE] 2026-05-02T14:38:41.211977 estimator=Levina-Bickel k=5 dur=2.993s seed=2
[EST DONE] 2026-05-02T14:38:44.147099 estimator=Levina-Bickel k=7 dur=2.935s seed=2
[EST DONE] 2026-05-02T14:38:47.283355 estimator=Levina-Bickel k=10 dur=3.136s seed=2
[EST DONE] 2026-05-02T14:38:50.254864 estimator=Levina-Bickel k=15 dur=2.971s seed=2
[EST DONE] 2026-05-02T14:38:52.728308 estimator=TwoNN (no-k) dur=2.473s seed=2
[EST DONE] 2026-05-02T14:39:08.331914 estimator=lPCA k=3 dur=7.117s seed=2
[EST DONE] 2026-05-02T14:39:16.088455 estimator=lPCA k=5 dur=7.756s seed=2
[EST DONE] 2026-05-02T14:39:17.258002 estimator=FisherS (no-k) dur=155.792s seed=2
[TASK END] 2026-05-02T14:39:17.258141 manifold=sphere d=12 sigma=0.0 seed=2 duration=8059.767s
[TASK START] 2026-05-02T14:39:17.259296 manifold=sphere d=15 sigma=0.25 n=5000 seed=2
[EST DONE] 2026-05-02T14:39:21.739717 estimator=Levina-Bickel k=3 dur=2.094s seed=2
[EST DONE] 2026-05-02T14:39:23.670667 estimator=Levina-Bickel k=5 dur=1.931s seed=2
[EST DONE] 2026-05-02T14:39:23.859695 estimator=FisherS (no-k) dur=148.757s seed=2
[TASK END] 2026-05-02T14:39:23.859846 manifold=sphere d=12 sigma=0.25 seed=2 duration=8059.627s
[TASK START] 2026-05-02T14:39:23.875100 manifold=sphere d=15 sigma=0.5 n=5000 seed=2
[EST DONE] 2026-05-02T14:39:25.718239 estimator=Levina-Bickel k=7 dur=2.047s seed=2
[EST DONE] 2026-05-02T14:39:26.557209 estimator=lPCA k=7 dur=10.469s seed=2
[EST DONE] 2026-05-02T14:39:27.509936 estimator=Levina-Bickel k=10 dur=1.792s seed=2
[EST DONE] 2026-05-02T14:39:28.069540 estimator=FisherS (no-k) dur=145.392s seed=2
[TASK END] 2026-05-02T14:39:28.069670 manifold=sphere d=12 sigma=0.5 seed=2 duration=8063.806s
[TASK START] 2026-05-02T14:39:28.079432 manifold=sphere d=15 sigma=0.75 n=5000 seed=2
[EST DONE] 2026-05-02T14:39:28.933233 estimator=Levina-Bickel k=15 dur=1.423s seed=2
[EST DONE] 2026-05-02T14:39:30.218793 estimator=TwoNN (no-k) dur=1.285s seed=2
[EST DONE] 2026-05-02T14:39:30.412695 estimator=Levina-Bickel k=3 dur=3.697s seed=2
[EST DONE] 2026-05-02T14:39:32.536322 estimator=Levina-Bickel k=5 dur=2.124s seed=2
[EST DONE] 2026-05-02T14:39:34.089315 estimator=Levina-Bickel k=3 dur=3.051s seed=2
[EST DONE] 2026-05-02T14:39:34.198338 estimator=DANCo k=5 dur=119.841s seed=2
[EST DONE] 2026-05-02T14:39:35.313645 estimator=Levina-Bickel k=7 dur=2.777s seed=2
[EST DONE] 2026-05-02T14:39:36.190938 estimator=Levina-Bickel k=5 dur=2.101s seed=2
[EST DONE] 2026-05-02T14:39:37.786568 estimator=Levina-Bickel k=10 dur=2.473s seed=2
[EST DONE] 2026-05-02T14:39:38.341838 estimator=Levina-Bickel k=7 dur=2.151s seed=2
[EST DONE] 2026-05-02T14:39:38.575228 estimator=lPCA k=10 dur=12.018s seed=2
[EST DONE] 2026-05-02T14:39:39.758392 estimator=Levina-Bickel k=15 dur=1.972s seed=2
[EST DONE] 2026-05-02T14:39:41.272335 estimator=Levina-Bickel k=10 dur=2.930s seed=2
[EST DONE] 2026-05-02T14:39:41.847435 estimator=TwoNN (no-k) dur=2.089s seed=2
[EST DONE] 2026-05-02T14:39:43.727575 estimator=Levina-Bickel k=15 dur=2.455s seed=2
[EST DONE] 2026-05-02T14:39:46.183539 estimator=TwoNN (no-k) dur=2.456s seed=2
[EST DONE] 2026-05-02T14:39:47.933135 estimator=lPCA k=3 dur=9.823s seed=2
[EST DONE] 2026-05-02T14:39:49.299046 estimator=lPCA k=15 dur=10.724s seed=2
[EST DONE] 2026-05-02T14:39:57.778947 estimator=lPCA k=5 dur=9.846s seed=2
[EST DONE] 2026-05-02T14:40:01.594774 estimator=lPCA k=3 dur=11.212s seed=2
[EST DONE] 2026-05-02T14:40:02.893614 estimator=lPCA k=3 dur=8.042s seed=2
[EST DONE] 2026-05-02T14:40:05.750070 estimator=lPCA k=7 dur=7.971s seed=2
[EST DONE] 2026-05-02T14:40:10.549698 estimator=lPCA k=5 dur=8.955s seed=2
[EST DONE] 2026-05-02T14:40:11.315973 estimator=lPCA k=5 dur=8.422s seed=2
[EST DONE] 2026-05-02T14:40:14.573911 estimator=lPCA k=10 dur=8.824s seed=2
[EST DONE] 2026-05-02T14:40:20.409487 estimator=lPCA k=7 dur=9.860s seed=2
[EST DONE] 2026-05-02T14:40:22.163063 estimator=lPCA k=7 dur=10.847s seed=2
[EST DONE] 2026-05-02T14:40:25.077408 estimator=lPCA k=15 dur=10.503s seed=2
[EST DONE] 2026-05-02T14:40:31.833666 estimator=lPCA k=10 dur=11.424s seed=2
[EST DONE] 2026-05-02T14:40:35.258999 estimator=lPCA k=10 dur=13.092s seed=2
[EST DONE] 2026-05-02T14:40:42.155778 estimator=lPCA k=15 dur=10.322s seed=2
[EST DONE] 2026-05-02T14:40:47.567039 estimator=lPCA k=15 dur=12.308s seed=2
[EST DONE] 2026-05-02T14:42:00.942783 estimator=DANCo k=7 dur=146.744s seed=2
[EST DONE] 2026-05-02T14:42:08.411033 estimator=DANCo k=3 dur=132.345s seed=2
[EST DONE] 2026-05-02T14:44:31.023189 estimator=DANCo k=3 dur=143.117s seed=2
[EST DONE] 2026-05-02T14:44:36.667175 estimator=DANCo k=10 dur=155.724s seed=2
[EST DONE] 2026-05-02T14:44:37.884143 estimator=DANCo k=5 dur=149.473s seed=2
[EST DONE] 2026-05-02T14:45:11.977628 estimator=DANCo k=3 dur=144.377s seed=2
[EST DONE] 2026-05-02T14:45:32.008787 estimator=DANCo k=3 dur=147.684s seed=2
[EST DONE] 2026-05-02T14:45:38.901491 estimator=DANCo k=3 dur=145.373s seed=2
[EST DONE] 2026-05-02T14:46:59.030730 estimator=DANCo k=5 dur=148.007s seed=2
[EST DONE] 2026-05-02T14:47:10.361355 estimator=DANCo k=7 dur=152.477s seed=2
[EST DONE] 2026-05-02T14:47:18.482527 estimator=DANCo k=15 dur=161.815s seed=2
[EST DONE] 2026-05-02T14:47:40.602151 estimator=DANCo k=5 dur=148.624s seed=2
[EST DONE] 2026-05-02T14:47:57.826437 estimator=DANCo k=5 dur=145.818s seed=2
[EST DONE] 2026-05-02T14:48:11.541283 estimator=DANCo k=5 dur=152.640s seed=2
[EST DONE] 2026-05-02T14:49:35.933009 estimator=DANCo k=7 dur=156.902s seed=2
[EST DONE] 2026-05-02T14:49:52.060799 estimator=DANCo k=10 dur=161.699s seed=2
[EST DONE] 2026-05-02T14:50:15.045054 estimator=DANCo k=7 dur=154.443s seed=2
[EST DONE] 2026-05-02T14:50:38.503676 estimator=DANCo k=7 dur=160.677s seed=2
[EST DONE] 2026-05-02T14:50:52.829092 estimator=DANCo k=7 dur=161.288s seed=2
[EST DONE] 2026-05-02T14:52:21.697354 estimator=DANCo k=10 dur=165.764s seed=2
[EST DONE] 2026-05-02T14:52:40.061963 estimator=DANCo k=15 dur=168.001s seed=2
[EST DONE] 2026-05-02T14:52:57.468858 estimator=DANCo k=10 dur=162.424s seed=2
[EST DONE] 2026-05-02T14:53:24.571042 estimator=DANCo k=10 dur=166.067s seed=2
[EST DONE] 2026-05-02T14:53:34.941567 estimator=DANCo k=10 dur=162.112s seed=2
[EST DONE] 2026-05-02T14:55:15.422340 estimator=DANCo k=15 dur=173.725s seed=2
[EST DONE] 2026-05-02T14:55:54.074890 estimator=DANCo k=15 dur=176.606s seed=2
[EST DONE] 2026-05-02T14:56:21.761891 estimator=DANCo k=15 dur=177.191s seed=2
[EST DONE] 2026-05-02T14:56:32.332834 estimator=DANCo k=15 dur=177.391s seed=2
[EST DONE] 2026-05-02T15:23:45.243616 estimator=MiND k=3 dur=1160.576s seed=2
[EST DONE] 2026-05-02T15:30:42.467540 estimator=MiND k=3 dur=1158.872s seed=2
[EST DONE] 2026-05-02T15:34:00.030692 estimator=MiND k=3 dur=1162.093s seed=2
[EST DONE] 2026-05-02T15:34:38.467543 estimator=MiND k=3 dur=1162.730s seed=2
[EST DONE] 2026-05-02T15:35:15.353443 estimator=MiND k=3 dur=1168.182s seed=2
[EST DONE] 2026-05-02T15:35:16.441388 estimator=MiND k=3 dur=1161.127s seed=2
[EST DONE] 2026-05-02T15:43:16.136004 estimator=MiND k=5 dur=1170.892s seed=2
[EST DONE] 2026-05-02T15:50:01.313544 estimator=MiND k=5 dur=1158.846s seed=2
[EST DONE] 2026-05-02T15:53:31.020461 estimator=MiND k=5 dur=1170.990s seed=2
[EST DONE] 2026-05-02T15:54:08.234273 estimator=MiND k=5 dur=1169.767s seed=2
[EST DONE] 2026-05-02T15:54:40.773348 estimator=MiND k=5 dur=1165.420s seed=2
[EST DONE] 2026-05-02T15:54:50.870318 estimator=MiND k=5 dur=1174.429s seed=2
[EST DONE] 2026-05-02T16:02:40.681001 estimator=MiND k=7 dur=1164.545s seed=2
[EST DONE] 2026-05-02T16:09:29.030725 estimator=MiND k=7 dur=1167.717s seed=2
[EST DONE] 2026-05-02T16:13:08.557876 estimator=MiND k=7 dur=1177.537s seed=2
[EST DONE] 2026-05-02T16:13:34.997241 estimator=MiND k=7 dur=1166.763s seed=2
[EST DONE] 2026-05-02T16:14:10.390732 estimator=MiND k=7 dur=1169.617s seed=2
[EST DONE] 2026-05-02T16:14:19.060579 estimator=MiND k=7 dur=1168.190s seed=2
[EST DONE] 2026-05-02T16:21:56.834866 estimator=MiND k=10 dur=1156.154s seed=2
[EST DONE] 2026-05-02T16:28:57.238163 estimator=MiND k=10 dur=1168.207s seed=2
[EST DONE] 2026-05-02T16:32:30.995021 estimator=MiND k=10 dur=1162.437s seed=2
[EST DONE] 2026-05-02T16:33:08.204433 estimator=MiND k=10 dur=1173.207s seed=2
[EST DONE] 2026-05-02T16:33:29.926510 estimator=MiND k=10 dur=1159.536s seed=2
[EST DONE] 2026-05-02T16:33:47.010140 estimator=MiND k=10 dur=1167.949s seed=2
[EST DONE] 2026-05-02T16:41:22.795185 estimator=MiND k=15 dur=1165.960s seed=2
[EST DONE] 2026-05-02T16:42:16.526344 estimator=FisherS (no-k) dur=53.731s seed=2
[TASK END] 2026-05-02T16:42:16.526451 manifold=sphere d=12 sigma=0.75 seed=2 duration=7833.749s
[TASK START] 2026-05-02T16:42:16.527612 manifold=sphere d=15 sigma=1.0 n=5000 seed=2
[EST DONE] 2026-05-02T16:42:22.362117 estimator=Levina-Bickel k=3 dur=2.877s seed=2
[EST DONE] 2026-05-02T16:42:25.530748 estimator=Levina-Bickel k=5 dur=3.169s seed=2
[EST DONE] 2026-05-02T16:42:28.845054 estimator=Levina-Bickel k=7 dur=3.314s seed=2
[EST DONE] 2026-05-02T16:42:31.781366 estimator=Levina-Bickel k=10 dur=2.936s seed=2
[EST DONE] 2026-05-02T16:42:34.845030 estimator=Levina-Bickel k=15 dur=3.064s seed=2
[EST DONE] 2026-05-02T16:42:37.845560 estimator=TwoNN (no-k) dur=3.000s seed=2
[EST DONE] 2026-05-02T16:43:00.722327 estimator=lPCA k=3 dur=12.133s seed=2
[EST DONE] 2026-05-02T16:43:11.234995 estimator=lPCA k=5 dur=10.513s seed=2
[EST DONE] 2026-05-02T16:43:23.950024 estimator=lPCA k=7 dur=12.715s seed=2
[EST DONE] 2026-05-02T16:43:35.560232 estimator=lPCA k=10 dur=11.610s seed=2
[EST DONE] 2026-05-02T16:43:47.929532 estimator=lPCA k=15 dur=12.369s seed=2
[EST DONE] 2026-05-02T16:48:08.242050 estimator=MiND k=15 dur=1151.004s seed=2
[EST DONE] 2026-05-02T16:48:53.938910 estimator=FisherS (no-k) dur=45.697s seed=2
[TASK END] 2026-05-02T16:48:53.939041 manifold=sphere d=12 sigma=1.0 seed=2 duration=7926.021s
[TASK START] 2026-05-02T16:48:53.940442 manifold=torus d=5 sigma=0.0 n=5000 seed=2
[EST DONE] 2026-05-02T16:48:54.510988 estimator=Levina-Bickel k=3 dur=0.283s seed=2
[EST DONE] 2026-05-02T16:48:55.114039 estimator=Levina-Bickel k=5 dur=0.603s seed=2
[EST DONE] 2026-05-02T16:48:55.629909 estimator=Levina-Bickel k=7 dur=0.516s seed=2
[EST DONE] 2026-05-02T16:48:56.224255 estimator=Levina-Bickel k=10 dur=0.594s seed=2
[EST DONE] 2026-05-02T16:48:56.920577 estimator=Levina-Bickel k=15 dur=0.696s seed=2
[EST DONE] 2026-05-02T16:48:57.144533 estimator=TwoNN (no-k) dur=0.224s seed=2
[EST DONE] 2026-05-02T16:49:07.666332 estimator=lPCA k=3 dur=5.576s seed=2
[EST DONE] 2026-05-02T16:49:09.095844 estimator=DANCo k=3 dur=158.192s seed=2
[EST DONE] 2026-05-02T16:49:16.084303 estimator=lPCA k=5 dur=8.418s seed=2
[EST DONE] 2026-05-02T16:49:23.210244 estimator=lPCA k=7 dur=7.126s seed=2
[EST DONE] 2026-05-02T16:49:31.002256 estimator=lPCA k=10 dur=7.792s seed=2
[EST DONE] 2026-05-02T16:49:41.693675 estimator=lPCA k=15 dur=10.691s seed=2
[EST DONE] 2026-05-02T16:51:38.854959 estimator=MiND k=15 dur=1147.860s seed=2
[EST DONE] 2026-05-02T16:51:44.437933 estimator=MiND k=15 dur=1116.233s seed=2
[EST DONE] 2026-05-02T16:51:54.362782 estimator=DANCo k=5 dur=165.267s seed=2
[EST DONE] 2026-05-02T16:52:24.346102 estimator=MiND k=15 dur=1117.336s seed=2
[EST DONE] 2026-05-02T16:52:36.371673 estimator=MiND k=15 dur=1146.445s seed=2
[EST DONE] 2026-05-02T16:52:47.484688 estimator=FisherS (no-k) dur=63.047s seed=2
[TASK END] 2026-05-02T16:52:47.484835 manifold=sphere d=15 sigma=0.25 seed=2 duration=8010.226s
[TASK START] 2026-05-02T16:52:47.486174 manifold=torus d=5 sigma=0.25 n=5000 seed=2
[EST DONE] 2026-05-02T16:52:48.295671 estimator=Levina-Bickel k=3 dur=0.308s seed=2
[EST DONE] 2026-05-02T16:52:48.661105 estimator=Levina-Bickel k=5 dur=0.365s seed=2
[EST DONE] 2026-05-02T16:52:49.415002 estimator=Levina-Bickel k=7 dur=0.754s seed=2
[EST DONE] 2026-05-02T16:52:50.845071 estimator=Levina-Bickel k=10 dur=1.430s seed=2
[EST DONE] 2026-05-02T16:52:51.869161 estimator=Levina-Bickel k=15 dur=1.024s seed=2
[EST DONE] 2026-05-02T16:52:52.294944 estimator=TwoNN (no-k) dur=0.426s seed=2
[EST DONE] 2026-05-02T16:52:52.875340 estimator=FisherS (no-k) dur=74.020s seed=2
[TASK END] 2026-05-02T16:52:52.875466 manifold=sphere d=15 sigma=0.0 seed=2 duration=8061.039s
[TASK START] 2026-05-02T16:52:52.876852 manifold=torus d=5 sigma=0.5 n=5000 seed=2
[EST DONE] 2026-05-02T16:52:53.945238 estimator=Levina-Bickel k=3 dur=0.519s seed=2
[EST DONE] 2026-05-02T16:52:54.605801 estimator=Levina-Bickel k=5 dur=0.660s seed=2
[EST DONE] 2026-05-02T16:52:55.305599 estimator=Levina-Bickel k=7 dur=0.700s seed=2
[EST DONE] 2026-05-02T16:52:56.275287 estimator=Levina-Bickel k=10 dur=0.970s seed=2
[EST DONE] 2026-05-02T16:52:57.245121 estimator=Levina-Bickel k=15 dur=0.970s seed=2
[EST DONE] 2026-05-02T16:52:58.074999 estimator=TwoNN (no-k) dur=0.830s seed=2
[EST DONE] 2026-05-02T16:53:06.437063 estimator=lPCA k=3 dur=8.428s seed=2
[EST DONE] 2026-05-02T16:53:12.297747 estimator=lPCA k=3 dur=6.514s seed=2
[EST DONE] 2026-05-02T16:53:12.773929 estimator=lPCA k=5 dur=6.337s seed=2
[EST DONE] 2026-05-02T16:53:14.931520 estimator=FisherS (no-k) dur=50.585s seed=2
[TASK END] 2026-05-02T16:53:14.931631 manifold=sphere d=15 sigma=0.75 seed=2 duration=8026.852s
[TASK START] 2026-05-02T16:53:14.932793 manifold=torus d=5 sigma=0.75 n=5000 seed=2
[EST DONE] 2026-05-02T16:53:16.463301 estimator=Levina-Bickel k=3 dur=0.799s seed=2
[EST DONE] 2026-05-02T16:53:17.114762 estimator=Levina-Bickel k=5 dur=0.651s seed=2
[EST DONE] 2026-05-02T16:53:17.740482 estimator=lPCA k=5 dur=5.443s seed=2
[EST DONE] 2026-05-02T16:53:17.914067 estimator=Levina-Bickel k=7 dur=0.799s seed=2
[EST DONE] 2026-05-02T16:53:18.567204 estimator=FisherS (no-k) dur=42.195s seed=2
[TASK END] 2026-05-02T16:53:18.567342 manifold=sphere d=15 sigma=0.5 seed=2 duration=8034.692s
[TASK START] 2026-05-02T16:53:18.568630 manifold=torus d=5 sigma=1.0 n=5000 seed=2
[EST DONE] 2026-05-02T16:53:18.604159 estimator=lPCA k=7 dur=5.830s seed=2
[EST DONE] 2026-05-02T16:53:18.621628 estimator=Levina-Bickel k=10 dur=0.707s seed=2
[EST DONE] 2026-05-02T16:53:19.436856 estimator=Levina-Bickel k=15 dur=0.815s seed=2
[EST DONE] 2026-05-02T16:53:19.530724 estimator=Levina-Bickel k=3 dur=0.465s seed=2
[EST DONE] 2026-05-02T16:53:20.106510 estimator=Levina-Bickel k=5 dur=0.576s seed=2
[EST DONE] 2026-05-02T16:53:20.108407 estimator=TwoNN (no-k) dur=0.671s seed=2
[EST DONE] 2026-05-02T16:53:20.802673 estimator=Levina-Bickel k=7 dur=0.696s seed=2
[EST DONE] 2026-05-02T16:53:21.938815 estimator=Levina-Bickel k=10 dur=1.136s seed=2
[EST DONE] 2026-05-02T16:53:22.752451 estimator=lPCA k=7 dur=5.012s seed=2
[EST DONE] 2026-05-02T16:53:22.927154 estimator=Levina-Bickel k=15 dur=0.988s seed=2
[EST DONE] 2026-05-02T16:53:23.690949 estimator=TwoNN (no-k) dur=0.764s seed=2
[EST DONE] 2026-05-02T16:53:24.530020 estimator=lPCA k=10 dur=5.926s seed=2
[EST DONE] 2026-05-02T16:53:27.852469 estimator=lPCA k=10 dur=5.100s seed=2
[EST DONE] 2026-05-02T16:53:31.121400 estimator=lPCA k=15 dur=6.591s seed=2
[EST DONE] 2026-05-02T16:53:31.615596 estimator=lPCA k=3 dur=5.367s seed=2
[EST DONE] 2026-05-02T16:53:33.624510 estimator=lPCA k=15 dur=5.772s seed=2
[EST DONE] 2026-05-02T16:53:36.160813 estimator=lPCA k=3 dur=6.270s seed=2
[EST DONE] 2026-05-02T16:53:36.607965 estimator=lPCA k=5 dur=4.992s seed=2
[EST DONE] 2026-05-02T16:53:41.852619 estimator=lPCA k=5 dur=5.692s seed=2
[EST DONE] 2026-05-02T16:53:43.695194 estimator=lPCA k=7 dur=7.087s seed=2
[EST DONE] 2026-05-02T16:53:48.506707 estimator=lPCA k=7 dur=6.654s seed=2
[EST DONE] 2026-05-02T16:53:50.891476 estimator=lPCA k=10 dur=7.196s seed=2
[EST DONE] 2026-05-02T16:53:55.889509 estimator=lPCA k=10 dur=7.383s seed=2
[EST DONE] 2026-05-02T16:53:58.675935 estimator=lPCA k=15 dur=7.784s seed=2
[EST DONE] 2026-05-02T16:54:02.753604 estimator=DANCo k=7 dur=128.391s seed=2
[EST DONE] 2026-05-02T16:54:03.749800 estimator=lPCA k=15 dur=7.860s seed=2
[EST DONE] 2026-05-02T16:54:07.482827 estimator=DANCo k=3 dur=115.564s seed=2
[EST DONE] 2026-05-02T16:56:28.802330 estimator=DANCo k=5 dur=141.319s seed=2
[EST DONE] 2026-05-02T16:56:40.770918 estimator=DANCo k=10 dur=158.017s seed=2
[EST DONE] 2026-05-02T16:58:04.289396 estimator=DANCo k=3 dur=135.005s seed=2
[EST DONE] 2026-05-02T16:58:05.748070 estimator=DANCo k=3 dur=140.154s seed=2
[EST DONE] 2026-05-02T16:58:34.508707 estimator=DANCo k=3 dur=140.850s seed=2
[EST DONE] 2026-05-02T16:58:43.634153 estimator=DANCo k=3 dur=140.345s seed=2
[EST DONE] 2026-05-02T16:58:50.650636 estimator=DANCo k=7 dur=141.848s seed=2
[EST DONE] 2026-05-02T16:59:24.160694 estimator=DANCo k=15 dur=163.390s seed=2
[EST DONE] 2026-05-02T17:00:26.882582 estimator=DANCo k=5 dur=142.593s seed=2
[EST DONE] 2026-05-02T17:00:30.037176 estimator=DANCo k=5 dur=144.289s seed=2
[EST DONE] 2026-05-02T17:01:04.696647 estimator=DANCo k=5 dur=150.188s seed=2
[EST DONE] 2026-05-02T17:01:09.823094 estimator=DANCo k=5 dur=146.189s seed=2
[EST DONE] 2026-05-02T17:01:24.045156 estimator=DANCo k=10 dur=153.394s seed=2
[EST DONE] 2026-05-02T17:03:00.052338 estimator=DANCo k=7 dur=150.015s seed=2
[EST DONE] 2026-05-02T17:03:00.774411 estimator=DANCo k=7 dur=153.892s seed=2
[EST DONE] 2026-05-02T17:03:37.764322 estimator=DANCo k=7 dur=147.941s seed=2
[EST DONE] 2026-05-02T17:03:43.608287 estimator=DANCo k=7 dur=158.911s seed=2
[EST DONE] 2026-05-02T17:04:13.895387 estimator=DANCo k=15 dur=169.850s seed=2
[EST DONE] 2026-05-02T17:05:35.167550 estimator=DANCo k=10 dur=154.393s seed=2
[EST DONE] 2026-05-02T17:05:38.295371 estimator=DANCo k=10 dur=158.243s seed=2
[EST DONE] 2026-05-02T17:06:15.754761 estimator=DANCo k=10 dur=157.990s seed=2
[EST DONE] 2026-05-02T17:06:25.039172 estimator=DANCo k=10 dur=161.431s seed=2
[EST DONE] 2026-05-02T17:08:21.398912 estimator=DANCo k=15 dur=166.231s seed=2
[EST DONE] 2026-05-02T17:08:27.455779 estimator=DANCo k=15 dur=169.160s seed=2
[EST DONE] 2026-05-02T17:09:09.274333 estimator=DANCo k=15 dur=173.519s seed=2
[EST DONE] 2026-05-02T17:09:13.625144 estimator=DANCo k=15 dur=168.586s seed=2
[EST DONE] 2026-05-02T17:36:28.694659 estimator=MiND k=3 dur=1166.415s seed=2
[EST DONE] 2026-05-02T17:42:06.683903 estimator=MiND k=3 dur=1156.463s seed=2
[EST DONE] 2026-05-02T17:47:03.101229 estimator=MiND k=3 dur=1163.669s seed=2
[EST DONE] 2026-05-02T17:47:05.959456 estimator=MiND k=3 dur=1158.156s seed=2
[EST DONE] 2026-05-02T17:47:45.614368 estimator=MiND k=3 dur=1157.812s seed=2
[EST DONE] 2026-05-02T17:47:52.721005 estimator=MiND k=3 dur=1169.341s seed=2
[EST DONE] 2026-05-02T17:55:57.459958 estimator=MiND k=5 dur=1168.765s seed=2
[EST DONE] 2026-05-02T18:01:26.394273 estimator=MiND k=5 dur=1159.710s seed=2
[EST DONE] 2026-05-02T18:06:25.202296 estimator=MiND k=5 dur=1162.101s seed=2
[EST DONE] 2026-05-02T18:06:36.266479 estimator=MiND k=5 dur=1170.307s seed=2
[EST DONE] 2026-05-02T18:07:11.490685 estimator=MiND k=5 dur=1158.770s seed=2
[EST DONE] 2026-05-02T18:07:17.314817 estimator=MiND k=5 dur=1171.700s seed=2
[EST DONE] 2026-05-02T18:15:24.189125 estimator=MiND k=7 dur=1166.729s seed=2
[EST DONE] 2026-05-02T18:20:48.001438 estimator=MiND k=7 dur=1161.607s seed=2
[EST DONE] 2026-05-02T18:25:53.128231 estimator=MiND k=7 dur=1167.926s seed=2
[EST DONE] 2026-05-02T18:25:53.244881 estimator=MiND k=7 dur=1156.978s seed=2
[EST DONE] 2026-05-02T18:26:36.192440 estimator=MiND k=7 dur=1164.702s seed=2
[EST DONE] 2026-05-02T18:26:42.243123 estimator=MiND k=7 dur=1164.928s seed=2
[EST DONE] 2026-05-02T18:34:56.260173 estimator=MiND k=10 dur=1172.071s seed=2
[EST DONE] 2026-05-02T18:40:13.181784 estimator=MiND k=10 dur=1165.180s seed=2
[EST DONE] 2026-05-02T18:45:11.214789 estimator=MiND k=10 dur=1158.086s seed=2
[EST DONE] 2026-05-02T18:45:12.595795 estimator=MiND k=10 dur=1159.351s seed=2
[EST DONE] 2026-05-02T18:46:06.535698 estimator=MiND k=10 dur=1170.343s seed=2
[EST DONE] 2026-05-02T18:46:10.081289 estimator=MiND k=10 dur=1167.838s seed=2
[EST DONE] 2026-05-02T18:54:25.050666 estimator=MiND k=15 dur=1168.790s seed=2
[EST DONE] 2026-05-02T18:55:10.421163 estimator=FisherS (no-k) dur=45.370s seed=2
[TASK END] 2026-05-02T18:55:10.421290 manifold=sphere d=15 sigma=1.0 seed=2 duration=7973.894s
[TASK START] 2026-05-02T18:55:10.422425 manifold=torus d=7 sigma=0.0 n=5000 seed=2
[EST DONE] 2026-05-02T18:55:13.730346 estimator=Levina-Bickel k=3 dur=2.103s seed=2
[EST DONE] 2026-05-02T18:55:15.188852 estimator=Levina-Bickel k=5 dur=1.458s seed=2
[EST DONE] 2026-05-02T18:55:16.767632 estimator=Levina-Bickel k=7 dur=1.579s seed=2
[EST DONE] 2026-05-02T18:55:18.192231 estimator=Levina-Bickel k=10 dur=1.424s seed=2
[EST DONE] 2026-05-02T18:55:19.559847 estimator=Levina-Bickel k=15 dur=1.368s seed=2
[EST DONE] 2026-05-02T18:55:20.974868 estimator=TwoNN (no-k) dur=1.415s seed=2
[EST DONE] 2026-05-02T18:55:35.392910 estimator=lPCA k=3 dur=7.330s seed=2
[EST DONE] 2026-05-02T18:55:43.900818 estimator=lPCA k=5 dur=8.508s seed=2
[EST DONE] 2026-05-02T18:55:53.010192 estimator=lPCA k=7 dur=9.109s seed=2
[EST DONE] 2026-05-02T18:56:01.001133 estimator=lPCA k=10 dur=7.991s seed=2
[EST DONE] 2026-05-02T18:56:09.905133 estimator=lPCA k=15 dur=8.904s seed=2
[EST DONE] 2026-05-02T18:59:29.120280 estimator=MiND k=15 dur=1155.938s seed=2
[EST DONE] 2026-05-02T19:00:29.460892 estimator=FisherS (no-k) dur=60.340s seed=2
[TASK END] 2026-05-02T19:00:29.461036 manifold=torus d=5 sigma=0.0 seed=2 duration=7895.521s
[TASK START] 2026-05-02T19:00:29.462208 manifold=torus d=7 sigma=0.25 n=5000 seed=2
[EST DONE] 2026-05-02T19:00:32.003082 estimator=Levina-Bickel k=3 dur=1.253s seed=2
[EST DONE] 2026-05-02T19:00:33.232810 estimator=Levina-Bickel k=5 dur=1.230s seed=2
[EST DONE] 2026-05-02T19:00:34.659741 estimator=Levina-Bickel k=7 dur=1.427s seed=2
[EST DONE] 2026-05-02T19:00:36.010066 estimator=Levina-Bickel k=10 dur=1.350s seed=2
[EST DONE] 2026-05-02T19:00:37.354286 estimator=Levina-Bickel k=15 dur=1.344s seed=2
[EST DONE] 2026-05-02T19:00:38.589554 estimator=TwoNN (no-k) dur=1.235s seed=2
[EST DONE] 2026-05-02T19:00:54.585504 estimator=lPCA k=3 dur=8.173s seed=2
[EST DONE] 2026-05-02T19:01:01.893001 estimator=lPCA k=5 dur=7.307s seed=2
[EST DONE] 2026-05-02T19:01:09.035780 estimator=lPCA k=7 dur=7.143s seed=2
[EST DONE] 2026-05-02T19:01:18.130969 estimator=lPCA k=10 dur=9.095s seed=2
[EST DONE] 2026-05-02T19:01:18.375055 estimator=DANCo k=3 dur=154.849s seed=2
[EST DONE] 2026-05-02T19:01:29.038364 estimator=lPCA k=15 dur=10.907s seed=2
[EST DONE] 2026-05-02T19:03:59.332077 estimator=MiND k=15 dur=1128.117s seed=2
[EST DONE] 2026-05-02T19:04:02.957070 estimator=DANCo k=5 dur=164.582s seed=2
[EST DONE] 2026-05-02T19:04:13.475636 estimator=MiND k=15 dur=1140.880s seed=2
[EST DONE] 2026-05-02T19:04:37.715510 estimator=MiND k=15 dur=1107.634s seed=2
[EST DONE] 2026-05-02T19:04:53.074827 estimator=MiND k=15 dur=1126.539s seed=2
[EST DONE] 2026-05-02T19:06:15.074667 estimator=DANCo k=3 dur=132.165s seed=2
[EST DONE] 2026-05-02T19:06:22.445240 estimator=DANCo k=7 dur=139.488s seed=2
[EST DONE] 2026-05-02T19:06:26.701056 estimator=FisherS (no-k) dur=147.369s seed=2
[TASK END] 2026-05-02T19:06:26.701230 manifold=torus d=5 sigma=0.5 seed=2 duration=8013.824s
[TASK START] 2026-05-02T19:06:26.702517 manifold=torus d=7 sigma=0.5 n=5000 seed=2
[EST DONE] 2026-05-02T19:06:29.613323 estimator=Levina-Bickel k=3 dur=1.762s seed=2
[EST DONE] 2026-05-02T19:06:30.519646 estimator=Levina-Bickel k=5 dur=0.906s seed=2
[EST DONE] 2026-05-02T19:06:31.660977 estimator=Levina-Bickel k=7 dur=1.141s seed=2
[EST DONE] 2026-05-02T19:06:34.029496 estimator=Levina-Bickel k=10 dur=2.368s seed=2
[EST DONE] 2026-05-02T19:06:35.741309 estimator=Levina-Bickel k=15 dur=1.712s seed=2
[EST DONE] 2026-05-02T19:06:36.787926 estimator=TwoNN (no-k) dur=1.046s seed=2
[EST DONE] 2026-05-02T19:06:54.504463 estimator=lPCA k=3 dur=7.903s seed=2
[EST DONE] 2026-05-02T19:07:00.135040 estimator=lPCA k=5 dur=5.630s seed=2
[EST DONE] 2026-05-02T19:07:01.883120 estimator=FisherS (no-k) dur=168.407s seed=2
[TASK END] 2026-05-02T19:07:01.883329 manifold=torus d=5 sigma=0.25 seed=2 duration=8054.397s
[TASK START] 2026-05-02T19:07:01.884777 manifold=torus d=7 sigma=0.75 n=5000 seed=2
[EST DONE] 2026-05-02T19:07:04.177752 estimator=Levina-Bickel k=3 dur=1.160s seed=2
[EST DONE] 2026-05-02T19:07:05.321985 estimator=Levina-Bickel k=5 dur=1.144s seed=2
[EST DONE] 2026-05-02T19:07:06.009054 estimator=FisherS (no-k) dur=148.293s seed=2
[TASK END] 2026-05-02T19:07:06.009212 manifold=torus d=5 sigma=0.75 seed=2 duration=8031.076s
[TASK START] 2026-05-02T19:07:06.010281 manifold=torus d=7 sigma=1.0 n=5000 seed=2
[EST DONE] 2026-05-02T19:07:06.786658 estimator=Levina-Bickel k=7 dur=1.465s seed=2
[EST DONE] 2026-05-02T19:07:07.156823 estimator=lPCA k=7 dur=7.022s seed=2
[EST DONE] 2026-05-02T19:07:07.818836 estimator=Levina-Bickel k=10 dur=1.032s seed=2
[EST DONE] 2026-05-02T19:07:08.657987 estimator=Levina-Bickel k=3 dur=1.361s seed=2
[EST DONE] 2026-05-02T19:07:08.798075 estimator=Levina-Bickel k=15 dur=0.979s seed=2
[EST DONE] 2026-05-02T19:07:09.789115 estimator=TwoNN (no-k) dur=0.991s seed=2
[EST DONE] 2026-05-02T19:07:10.066745 estimator=FisherS (no-k) dur=136.992s seed=2
[TASK END] 2026-05-02T19:07:10.066936 manifold=torus d=5 sigma=1.0 seed=2 duration=8031.498s
[TASK START] 2026-05-02T19:07:10.068363 manifold=torus d=9 sigma=0.0 n=5000 seed=2
[EST DONE] 2026-05-02T19:07:10.348646 estimator=Levina-Bickel k=5 dur=1.691s seed=2
[EST DONE] 2026-05-02T19:07:11.626927 estimator=Levina-Bickel k=7 dur=1.278s seed=2
[EST DONE] 2026-05-02T19:07:12.918418 estimator=Levina-Bickel k=10 dur=1.291s seed=2
[EST DONE] 2026-05-02T19:07:14.147454 estimator=Levina-Bickel k=3 dur=1.576s seed=2
[EST DONE] 2026-05-02T19:07:14.519729 estimator=Levina-Bickel k=15 dur=1.601s seed=2
[EST DONE] 2026-05-02T19:07:14.830646 estimator=lPCA k=10 dur=7.674s seed=2
[EST DONE] 2026-05-02T19:07:15.774985 estimator=TwoNN (no-k) dur=1.255s seed=2
[EST DONE] 2026-05-02T19:07:16.405531 estimator=Levina-Bickel k=5 dur=2.258s seed=2
[EST DONE] 2026-05-02T19:07:18.520817 estimator=Levina-Bickel k=7 dur=2.115s seed=2
[EST DONE] 2026-05-02T19:07:20.785981 estimator=Levina-Bickel k=10 dur=2.265s seed=2
[EST DONE] 2026-05-02T19:07:22.896715 estimator=Levina-Bickel k=15 dur=2.111s seed=2
[EST DONE] 2026-05-02T19:07:23.667976 estimator=lPCA k=15 dur=8.837s seed=2
[EST DONE] 2026-05-02T19:07:24.675081 estimator=TwoNN (no-k) dur=1.778s seed=2
[EST DONE] 2026-05-02T19:07:26.130913 estimator=lPCA k=3 dur=7.623s seed=2
[EST DONE] 2026-05-02T19:07:30.584067 estimator=lPCA k=3 dur=6.296s seed=2
[EST DONE] 2026-05-02T19:07:33.019389 estimator=lPCA k=5 dur=6.888s seed=2
[EST DONE] 2026-05-02T19:07:38.090239 estimator=lPCA k=5 dur=7.490s seed=2
[EST DONE] 2026-05-02T19:07:40.943985 estimator=lPCA k=3 dur=7.247s seed=2
[EST DONE] 2026-05-02T19:07:42.206377 estimator=lPCA k=7 dur=9.187s seed=2
[EST DONE] 2026-05-02T19:07:46.949704 estimator=lPCA k=7 dur=8.859s seed=2
[EST DONE] 2026-05-02T19:07:50.834182 estimator=lPCA k=5 dur=9.890s seed=2
[EST DONE] 2026-05-02T19:07:51.044620 estimator=lPCA k=10 dur=8.838s seed=2
[EST DONE] 2026-05-02T19:07:54.781227 estimator=lPCA k=10 dur=7.831s seed=2
[EST DONE] 2026-05-02T19:07:59.183901 estimator=lPCA k=15 dur=8.139s seed=2
[EST DONE] 2026-05-02T19:07:59.833193 estimator=lPCA k=7 dur=8.999s seed=2
[EST DONE] 2026-05-02T19:08:03.846407 estimator=lPCA k=15 dur=9.065s seed=2
[EST DONE] 2026-05-02T19:08:08.659994 estimator=lPCA k=10 dur=8.827s seed=2
[EST DONE] 2026-05-02T19:08:15.090892 estimator=DANCo k=5 dur=120.016s seed=2
[EST DONE] 2026-05-02T19:08:20.294523 estimator=lPCA k=15 dur=11.634s seed=2
[EST DONE] 2026-05-02T19:08:29.878805 estimator=DANCo k=10 dur=127.433s seed=2
[EST DONE] 2026-05-02T19:10:44.600683 estimator=DANCo k=7 dur=149.510s seed=2
[EST DONE] 2026-05-02T19:11:13.927701 estimator=DANCo k=15 dur=164.049s seed=2
[EST DONE] 2026-05-02T19:11:52.977111 estimator=DANCo k=3 dur=142.184s seed=2
[EST DONE] 2026-05-02T19:12:43.093157 estimator=DANCo k=3 dur=141.325s seed=2
[EST DONE] 2026-05-02T19:12:47.127907 estimator=DANCo k=3 dur=144.441s seed=2
[EST DONE] 2026-05-02T19:13:09.033104 estimator=DANCo k=3 dur=147.913s seed=2
[EST DONE] 2026-05-02T19:13:27.956220 estimator=DANCo k=10 dur=163.355s seed=2
[EST DONE] 2026-05-02T19:14:25.667608 estimator=DANCo k=5 dur=152.690s seed=2
[EST DONE] 2026-05-02T19:15:13.406732 estimator=DANCo k=5 dur=150.313s seed=2
[EST DONE] 2026-05-02T19:15:15.334694 estimator=DANCo k=5 dur=148.207s seed=2
[EST DONE] 2026-05-02T19:15:45.781619 estimator=DANCo k=5 dur=156.748s seed=2
[EST DONE] 2026-05-02T19:16:19.550739 estimator=DANCo k=15 dur=171.594s seed=2
[EST DONE] 2026-05-02T19:16:59.913916 estimator=DANCo k=7 dur=154.246s seed=2
[EST DONE] 2026-05-02T19:17:50.534591 estimator=DANCo k=7 dur=155.200s seed=2
[EST DONE] 2026-05-02T19:17:53.103010 estimator=DANCo k=7 dur=159.696s seed=2
[EST DONE] 2026-05-02T19:18:21.528544 estimator=DANCo k=7 dur=155.747s seed=2
[EST DONE] 2026-05-02T19:19:42.152927 estimator=DANCo k=10 dur=162.239s seed=2
[EST DONE] 2026-05-02T19:20:34.571224 estimator=DANCo k=10 dur=164.036s seed=2
[EST DONE] 2026-05-02T19:20:38.442612 estimator=DANCo k=10 dur=165.331s seed=2
[EST DONE] 2026-05-02T19:21:12.601107 estimator=DANCo k=10 dur=171.072s seed=2
[EST DONE] 2026-05-02T19:22:38.306444 estimator=DANCo k=15 dur=176.153s seed=2
[EST DONE] 2026-05-02T19:23:29.760574 estimator=DANCo k=15 dur=175.189s seed=2
[EST DONE] 2026-05-02T19:23:34.262145 estimator=DANCo k=15 dur=175.819s seed=2
[EST DONE] 2026-05-02T19:24:08.043193 estimator=DANCo k=15 dur=175.442s seed=2
[EST DONE] 2026-05-02T19:47:00.012683 estimator=MiND k=3 dur=1168.573s seed=2
[EST DONE] 2026-05-02T19:53:58.012154 estimator=MiND k=3 dur=1167.812s seed=2
[EST DONE] 2026-05-02T20:01:20.050212 estimator=MiND k=3 dur=1164.657s seed=2
[EST DONE] 2026-05-02T20:02:08.383652 estimator=MiND k=3 dur=1152.317s seed=2
[EST DONE] 2026-05-02T20:02:18.226577 estimator=MiND k=3 dur=1162.024s seed=2
[EST DONE] 2026-05-02T20:02:35.267259 estimator=MiND k=3 dur=1153.831s seed=2
[EST DONE] 2026-05-02T20:06:24.648423 estimator=MiND k=5 dur=1164.636s seed=2
[EST DONE] 2026-05-02T20:13:20.161322 estimator=MiND k=5 dur=1162.149s seed=2
[EST DONE] 2026-05-02T20:20:50.109734 estimator=MiND k=5 dur=1170.059s seed=2
[EST DONE] 2026-05-02T20:21:31.530698 estimator=MiND k=5 dur=1163.147s seed=2
[EST DONE] 2026-05-02T20:21:41.269590 estimator=MiND k=5 dur=1163.043s seed=2
[EST DONE] 2026-05-02T20:21:59.053152 estimator=MiND k=5 dur=1163.786s seed=2
[EST DONE] 2026-05-02T20:25:54.241960 estimator=MiND k=7 dur=1169.593s seed=2
[EST DONE] 2026-05-02T20:32:42.972669 estimator=MiND k=7 dur=1162.811s seed=2
[EST DONE] 2026-05-02T20:40:13.195098 estimator=MiND k=7 dur=1163.085s seed=2
[EST DONE] 2026-05-02T20:40:38.105123 estimator=MiND k=7 dur=1146.574s seed=2
[EST DONE] 2026-05-02T20:41:09.550498 estimator=MiND k=7 dur=1168.281s seed=2
[EST DONE] 2026-05-02T20:41:23.536646 estimator=MiND k=7 dur=1164.483s seed=2
[EST DONE] 2026-05-02T20:45:16.345435 estimator=MiND k=10 dur=1162.103s seed=2
[EST DONE] 2026-05-02T20:51:56.274340 estimator=MiND k=10 dur=1153.301s seed=2
[EST DONE] 2026-05-02T20:59:28.672699 estimator=MiND k=10 dur=1155.477s seed=2
[EST DONE] 2026-05-02T21:00:13.478441 estimator=MiND k=10 dur=1175.373s seed=2
[EST DONE] 2026-05-02T21:00:30.581870 estimator=MiND k=10 dur=1161.031s seed=2
[EST DONE] 2026-05-02T21:00:48.208487 estimator=MiND k=10 dur=1164.672s seed=2
[EST DONE] 2026-05-02T21:04:42.910648 estimator=MiND k=15 dur=1166.565s seed=2
[EST DONE] 2026-05-02T21:05:48.168926 estimator=FisherS (no-k) dur=65.258s seed=2
[TASK END] 2026-05-02T21:05:48.169043 manifold=torus d=7 sigma=0.0 seed=2 duration=7837.747s
[TASK START] 2026-05-02T21:05:48.174449 manifold=torus d=9 sigma=0.25 n=5000 seed=2
[EST DONE] 2026-05-02T21:05:54.297445 estimator=Levina-Bickel k=3 dur=3.096s seed=2
[EST DONE] 2026-05-02T21:05:57.569504 estimator=Levina-Bickel k=5 dur=3.272s seed=2
[EST DONE] 2026-05-02T21:06:00.693826 estimator=Levina-Bickel k=7 dur=3.124s seed=2
[EST DONE] 2026-05-02T21:06:03.695225 estimator=Levina-Bickel k=10 dur=3.001s seed=2
[EST DONE] 2026-05-02T21:06:06.772198 estimator=Levina-Bickel k=15 dur=3.077s seed=2
[EST DONE] 2026-05-02T21:06:09.732593 estimator=TwoNN (no-k) dur=2.960s seed=2
[EST DONE] 2026-05-02T21:06:34.093023 estimator=lPCA k=3 dur=12.754s seed=2
[EST DONE] 2026-05-02T21:06:46.451671 estimator=lPCA k=5 dur=12.359s seed=2
[EST DONE] 2026-05-02T21:06:59.237291 estimator=lPCA k=7 dur=12.786s seed=2
[EST DONE] 2026-05-02T21:07:09.967810 estimator=lPCA k=10 dur=10.730s seed=2
[EST DONE] 2026-05-02T21:07:23.979973 estimator=lPCA k=15 dur=14.012s seed=2
[EST DONE] 2026-05-02T21:10:48.182990 estimator=MiND k=15 dur=1131.908s seed=2
[EST DONE] 2026-05-02T21:11:49.022253 estimator=FisherS (no-k) dur=60.839s seed=2
[TASK END] 2026-05-02T21:11:49.022392 manifold=torus d=7 sigma=0.25 seed=2 duration=7879.560s
[TASK START] 2026-05-02T21:11:49.023535 manifold=torus d=9 sigma=0.5 n=5000 seed=2
[EST DONE] 2026-05-02T21:11:55.024959 estimator=Levina-Bickel k=3 dur=3.018s seed=2
[EST DONE] 2026-05-02T21:11:58.099419 estimator=Levina-Bickel k=5 dur=3.074s seed=2
[EST DONE] 2026-05-02T21:12:01.092234 estimator=Levina-Bickel k=7 dur=2.993s seed=2
[EST DONE] 2026-05-02T21:12:04.188720 estimator=Levina-Bickel k=10 dur=3.096s seed=2
[EST DONE] 2026-05-02T21:12:07.233805 estimator=Levina-Bickel k=15 dur=3.045s seed=2
[EST DONE] 2026-05-02T21:12:10.177351 estimator=TwoNN (no-k) dur=2.943s seed=2
[EST DONE] 2026-05-02T21:12:34.264057 estimator=lPCA k=3 dur=12.128s seed=2
[EST DONE] 2026-05-02T21:12:44.750697 estimator=DANCo k=3 dur=159.996s seed=2
[EST DONE] 2026-05-02T21:12:45.086059 estimator=lPCA k=5 dur=10.822s seed=2
[EST DONE] 2026-05-02T21:12:57.602375 estimator=lPCA k=7 dur=12.516s seed=2
[EST DONE] 2026-05-02T21:13:11.381473 estimator=lPCA k=10 dur=13.779s seed=2
[EST DONE] 2026-05-02T21:13:23.240236 estimator=lPCA k=15 dur=11.859s seed=2
[EST DONE] 2026-05-02T21:15:25.219224 estimator=DANCo k=5 dur=160.468s seed=2
[EST DONE] 2026-05-02T21:17:51.246730 estimator=MiND k=15 dur=1102.574s seed=2
[EST DONE] 2026-05-02T21:18:14.678829 estimator=DANCo k=7 dur=169.459s seed=2
[EST DONE] 2026-05-02T21:18:50.766683 estimator=DANCo k=3 dur=165.946s seed=2
[EST DONE] 2026-05-02T21:18:55.862891 estimator=MiND k=15 dur=1122.384s seed=2
[EST DONE] 2026-05-02T21:19:18.275046 estimator=FisherS (no-k) dur=87.028s seed=2
[TASK END] 2026-05-02T21:19:18.275203 manifold=torus d=7 sigma=0.5 seed=2 duration=7971.573s
[TASK START] 2026-05-02T21:19:18.276441 manifold=torus d=9 sigma=0.75 n=5000 seed=2
[EST DONE] 2026-05-02T21:19:23.288781 estimator=MiND k=15 dur=1132.707s seed=2
[EST DONE] 2026-05-02T21:19:23.765445 estimator=Levina-Bickel k=3 dur=3.111s seed=2
[EST DONE] 2026-05-02T21:19:26.495124 estimator=MiND k=15 dur=1118.287s seed=2
[EST DONE] 2026-05-02T21:19:26.672886 estimator=Levina-Bickel k=5 dur=2.907s seed=2
[EST DONE] 2026-05-02T21:19:30.116929 estimator=Levina-Bickel k=7 dur=3.444s seed=2
[EST DONE] 2026-05-02T21:19:33.225043 estimator=Levina-Bickel k=10 dur=3.108s seed=2
[EST DONE] 2026-05-02T21:19:35.817327 estimator=Levina-Bickel k=15 dur=2.592s seed=2
[EST DONE] 2026-05-02T21:19:39.247759 estimator=TwoNN (no-k) dur=3.430s seed=2
[EST DONE] 2026-05-02T21:20:05.674526 estimator=lPCA k=3 dur=10.366s seed=2
[EST DONE] 2026-05-02T21:20:14.900201 estimator=lPCA k=5 dur=9.226s seed=2
[EST DONE] 2026-05-02T21:20:23.529254 estimator=lPCA k=7 dur=8.629s seed=2
[EST DONE] 2026-05-02T21:20:33.108029 estimator=FisherS (no-k) dur=97.245s seed=2
[TASK END] 2026-05-02T21:20:33.108184 manifold=torus d=7 sigma=1.0 seed=2 duration=8007.098s
[TASK START] 2026-05-02T21:20:33.109570 manifold=torus d=9 sigma=1.0 n=5000 seed=2
[EST DONE] 2026-05-02T21:20:36.990940 estimator=lPCA k=10 dur=13.462s seed=2
[EST DONE] 2026-05-02T21:20:39.458683 estimator=Levina-Bickel k=3 dur=3.392s seed=2
[EST DONE] 2026-05-02T21:20:42.346402 estimator=Levina-Bickel k=5 dur=2.888s seed=2
[EST DONE] 2026-05-02T21:20:44.515348 estimator=Levina-Bickel k=7 dur=2.169s seed=2
[EST DONE] 2026-05-02T21:20:46.678771 estimator=Levina-Bickel k=10 dur=2.163s seed=2
[EST DONE] 2026-05-02T21:20:49.113269 estimator=Levina-Bickel k=15 dur=2.434s seed=2
[EST DONE] 2026-05-02T21:20:51.303383 estimator=TwoNN (no-k) dur=2.190s seed=2
[EST DONE] 2026-05-02T21:20:52.364775 estimator=lPCA k=15 dur=15.374s seed=2
[EST DONE] 2026-05-02T21:20:58.649526 estimator=DANCo k=10 dur=163.970s seed=2
[EST DONE] 2026-05-02T21:21:06.668670 estimator=lPCA k=3 dur=7.758s seed=2
[EST DONE] 2026-05-02T21:21:14.933816 estimator=FisherS (no-k) dur=108.439s seed=2
[TASK END] 2026-05-02T21:21:14.933971 manifold=torus d=9 sigma=0.0 seed=2 duration=8044.866s
[TASK START] 2026-05-02T21:21:14.941111 manifold=torus d=12 sigma=0.0 n=5000 seed=2
[EST DONE] 2026-05-02T21:21:15.124899 estimator=FisherS (no-k) dur=111.836s seed=2
[TASK END] 2026-05-02T21:21:15.125010 manifold=torus d=7 sigma=0.75 seed=2 duration=8053.240s
[TASK START] 2026-05-02T21:21:15.126096 manifold=torus d=12 sigma=0.25 n=5000 seed=2
[EST DONE] 2026-05-02T21:21:15.655569 estimator=lPCA k=5 dur=8.987s seed=2
[EST DONE] 2026-05-02T21:21:20.986281 estimator=Levina-Bickel k=3 dur=3.031s seed=2
[EST DONE] 2026-05-02T21:21:21.292219 estimator=Levina-Bickel k=3 dur=3.064s seed=2
[EST DONE] 2026-05-02T21:21:21.321957 estimator=DANCo k=5 dur=150.555s seed=2
[EST DONE] 2026-05-02T21:21:23.237671 estimator=Levina-Bickel k=5 dur=1.945s seed=2
[EST DONE] 2026-05-02T21:21:23.674475 estimator=Levina-Bickel k=5 dur=2.688s seed=2
[EST DONE] 2026-05-02T21:21:25.083386 estimator=Levina-Bickel k=7 dur=1.846s seed=2
[EST DONE] 2026-05-02T21:21:26.465968 estimator=Levina-Bickel k=7 dur=2.791s seed=2
[EST DONE] 2026-05-02T21:21:26.519540 estimator=Levina-Bickel k=10 dur=1.436s seed=2
[EST DONE] 2026-05-02T21:21:27.004245 estimator=lPCA k=7 dur=11.349s seed=2
[EST DONE] 2026-05-02T21:21:28.890461 estimator=Levina-Bickel k=10 dur=2.424s seed=2
[EST DONE] 2026-05-02T21:21:29.143223 estimator=Levina-Bickel k=15 dur=2.624s seed=2
[EST DONE] 2026-05-02T21:21:30.637150 estimator=TwoNN (no-k) dur=1.494s seed=2
[EST DONE] 2026-05-02T21:21:31.333739 estimator=Levina-Bickel k=15 dur=2.443s seed=2
[EST DONE] 2026-05-02T21:21:34.044367 estimator=TwoNN (no-k) dur=2.711s seed=2
[EST DONE] 2026-05-02T21:21:37.791410 estimator=lPCA k=10 dur=10.787s seed=2
[EST DONE] 2026-05-02T21:21:49.246939 estimator=lPCA k=15 dur=11.455s seed=2
[EST DONE] 2026-05-02T21:21:49.919832 estimator=lPCA k=3 dur=9.780s seed=2
[EST DONE] 2026-05-02T21:21:51.169936 estimator=lPCA k=3 dur=8.383s seed=2
[EST DONE] 2026-05-02T21:22:00.894835 estimator=lPCA k=5 dur=10.975s seed=2
[EST DONE] 2026-05-02T21:22:02.955514 estimator=lPCA k=5 dur=11.785s seed=2
[EST DONE] 2026-05-02T21:22:10.053977 estimator=lPCA k=7 dur=9.159s seed=2
[EST DONE] 2026-05-02T21:22:14.118349 estimator=lPCA k=7 dur=11.163s seed=2
[EST DONE] 2026-05-02T21:22:20.294429 estimator=lPCA k=10 dur=10.240s seed=2
[EST DONE] 2026-05-02T21:22:24.067883 estimator=lPCA k=10 dur=9.949s seed=2
[EST DONE] 2026-05-02T21:22:30.970324 estimator=lPCA k=15 dur=10.676s seed=2
[EST DONE] 2026-05-02T21:22:35.510841 estimator=lPCA k=15 dur=11.443s seed=2
[EST DONE] 2026-05-02T21:23:39.518583 estimator=DANCo k=15 dur=160.869s seed=2
[EST DONE] 2026-05-02T21:23:49.191352 estimator=DANCo k=7 dur=147.869s seed=2
[EST DONE] 2026-05-02T21:25:36.245522 estimator=DANCo k=3 dur=152.562s seed=2
[EST DONE] 2026-05-02T21:26:33.417519 estimator=DANCo k=10 dur=164.226s seed=2
[EST DONE] 2026-05-02T21:26:40.550737 estimator=DANCo k=3 dur=148.411s seed=2
[EST DONE] 2026-05-02T21:27:31.156178 estimator=DANCo k=3 dur=153.295s seed=2
[EST DONE] 2026-05-02T21:27:40.327392 estimator=DANCo k=3 dur=151.136s seed=2
[EST DONE] 2026-05-02T21:28:14.282556 estimator=DANCo k=5 dur=158.037s seed=2
[EST DONE] 2026-05-02T21:29:20.701736 estimator=DANCo k=5 dur=160.151s seed=2
[EST DONE] 2026-05-02T21:29:26.422283 estimator=DANCo k=15 dur=173.005s seed=2
[EST DONE] 2026-05-02T21:30:10.801844 estimator=DANCo k=5 dur=159.645s seed=2
[EST DONE] 2026-05-02T21:30:18.065136 estimator=DANCo k=5 dur=157.738s seed=2
[EST DONE] 2026-05-02T21:30:53.952763 estimator=DANCo k=7 dur=159.670s seed=2
[EST DONE] 2026-05-02T21:32:01.756832 estimator=DANCo k=7 dur=161.055s seed=2
[EST DONE] 2026-05-02T21:32:48.601311 estimator=DANCo k=7 dur=157.799s seed=2
[EST DONE] 2026-05-02T21:33:02.329337 estimator=DANCo k=7 dur=164.264s seed=2
[EST DONE] 2026-05-02T21:33:40.275368 estimator=DANCo k=10 dur=166.322s seed=2
[EST DONE] 2026-05-02T21:34:47.358598 estimator=DANCo k=10 dur=165.602s seed=2
[EST DONE] 2026-05-02T21:35:36.554684 estimator=DANCo k=10 dur=167.953s seed=2
[EST DONE] 2026-05-02T21:35:50.838508 estimator=DANCo k=10 dur=168.509s seed=2
[EST DONE] 2026-05-02T21:36:32.798188 estimator=DANCo k=15 dur=172.523s seed=2
[EST DONE] 2026-05-02T21:37:49.761338 estimator=DANCo k=15 dur=182.403s seed=2
[EST DONE] 2026-05-02T21:38:30.624596 estimator=DANCo k=15 dur=174.070s seed=2
[EST DONE] 2026-05-02T21:38:44.017752 estimator=DANCo k=15 dur=173.179s seed=2
[EST DONE] 2026-05-02T21:59:33.100113 estimator=MiND k=3 dur=1156.405s seed=2
[EST DONE] 2026-05-02T22:06:44.475915 estimator=MiND k=3 dur=1148.836s seed=2
[EST DONE] 2026-05-02T22:15:12.931861 estimator=MiND k=3 dur=1161.270s seed=2
[EST DONE] 2026-05-02T22:16:32.891708 estimator=MiND k=3 dur=1160.426s seed=2
[EST DONE] 2026-05-02T22:17:07.047392 estimator=MiND k=3 dur=1155.329s seed=2
[EST DONE] 2026-05-02T22:17:31.048040 estimator=MiND k=3 dur=1156.306s seed=2
[EST DONE] 2026-05-02T22:19:02.097293 estimator=MiND k=5 dur=1168.997s seed=2
[EST DONE] 2026-05-02T22:26:04.531667 estimator=MiND k=5 dur=1160.056s seed=2
[EST DONE] 2026-05-02T22:34:35.017085 estimator=MiND k=5 dur=1162.085s seed=2
[EST DONE] 2026-05-02T22:35:56.480218 estimator=MiND k=5 dur=1163.588s seed=2
[EST DONE] 2026-05-02T22:36:25.957281 estimator=MiND k=5 dur=1158.910s seed=2
[EST DONE] 2026-05-02T22:36:52.446625 estimator=MiND k=5 dur=1161.398s seed=2
[EST DONE] 2026-05-02T22:38:25.267858 estimator=MiND k=7 dur=1163.170s seed=2
[EST DONE] 2026-05-02T22:45:26.992847 estimator=MiND k=7 dur=1162.461s seed=2
[EST DONE] 2026-05-02T22:54:06.080513 estimator=MiND k=7 dur=1171.063s seed=2
[EST DONE] 2026-05-02T22:55:20.210113 estimator=MiND k=7 dur=1163.730s seed=2
[EST DONE] 2026-05-02T22:55:55.119966 estimator=MiND k=7 dur=1169.163s seed=2
[EST DONE] 2026-05-02T22:56:11.963387 estimator=MiND k=7 dur=1159.517s seed=2
[EST DONE] 2026-05-02T22:57:43.495441 estimator=MiND k=10 dur=1158.227s seed=2
[EST DONE] 2026-05-02T23:04:51.273904 estimator=MiND k=10 dur=1164.281s seed=2
[EST DONE] 2026-05-02T23:13:30.259382 estimator=MiND k=10 dur=1164.179s seed=2
[EST DONE] 2026-05-02T23:14:40.992334 estimator=MiND k=10 dur=1160.782s seed=2
[EST DONE] 2026-05-02T23:15:11.094826 estimator=MiND k=10 dur=1155.975s seed=2
[EST DONE] 2026-05-02T23:15:32.678427 estimator=MiND k=10 dur=1160.715s seed=2
[EST DONE] 2026-05-02T23:17:09.155984 estimator=MiND k=15 dur=1165.660s seed=2
[EST DONE] 2026-05-02T23:17:56.915268 estimator=FisherS (no-k) dur=47.759s seed=2
[TASK END] 2026-05-02T23:17:56.915367 manifold=torus d=9 sigma=0.25 seed=2 duration=7928.741s
[TASK START] 2026-05-02T23:17:56.916484 manifold=torus d=12 sigma=0.5 n=5000 seed=2
[EST DONE] 2026-05-02T23:18:02.885900 estimator=Levina-Bickel k=3 dur=2.960s seed=2
[EST DONE] 2026-05-02T23:18:05.950156 estimator=Levina-Bickel k=5 dur=3.064s seed=2
[EST DONE] 2026-05-02T23:18:08.999213 estimator=Levina-Bickel k=7 dur=3.049s seed=2
[EST DONE] 2026-05-02T23:18:12.168992 estimator=Levina-Bickel k=10 dur=3.170s seed=2
[EST DONE] 2026-05-02T23:18:15.215521 estimator=Levina-Bickel k=15 dur=3.046s seed=2
[EST DONE] 2026-05-02T23:18:18.200637 estimator=TwoNN (no-k) dur=2.985s seed=2
[EST DONE] 2026-05-02T23:18:39.746584 estimator=lPCA k=3 dur=10.351s seed=2
[EST DONE] 2026-05-02T23:18:51.302946 estimator=lPCA k=5 dur=11.556s seed=2
[EST DONE] 2026-05-02T23:19:02.333589 estimator=lPCA k=7 dur=11.031s seed=2
[EST DONE] 2026-05-02T23:19:13.786220 estimator=lPCA k=10 dur=11.453s seed=2
[EST DONE] 2026-05-02T23:19:25.605166 estimator=lPCA k=15 dur=11.819s seed=2
[EST DONE] 2026-05-02T23:24:04.768802 estimator=MiND k=15 dur=1153.495s seed=2
[EST DONE] 2026-05-02T23:24:44.175984 estimator=DANCo k=3 dur=162.419s seed=2
[EST DONE] 2026-05-02T23:24:58.895717 estimator=FisherS (no-k) dur=54.127s seed=2
[TASK END] 2026-05-02T23:24:58.895871 manifold=torus d=9 sigma=0.5 seed=2 duration=7989.872s
[TASK START] 2026-05-02T23:24:58.896872 manifold=torus d=12 sigma=0.75 n=5000 seed=2
[EST DONE] 2026-05-02T23:25:05.448487 estimator=Levina-Bickel k=3 dur=3.499s seed=2
[EST DONE] 2026-05-02T23:25:08.028517 estimator=Levina-Bickel k=5 dur=2.580s seed=2
[EST DONE] 2026-05-02T23:25:10.464062 estimator=Levina-Bickel k=7 dur=2.435s seed=2
[EST DONE] 2026-05-02T23:25:13.695042 estimator=Levina-Bickel k=10 dur=3.231s seed=2
[EST DONE] 2026-05-02T23:25:16.958790 estimator=Levina-Bickel k=15 dur=3.264s seed=2
[EST DONE] 2026-05-02T23:25:19.890105 estimator=TwoNN (no-k) dur=2.931s seed=2
[EST DONE] 2026-05-02T23:25:43.410810 estimator=lPCA k=3 dur=13.013s seed=2
[EST DONE] 2026-05-02T23:25:56.009214 estimator=lPCA k=5 dur=12.598s seed=2
[EST DONE] 2026-05-02T23:26:07.188232 estimator=lPCA k=7 dur=11.179s seed=2
[EST DONE] 2026-05-02T23:26:18.774281 estimator=lPCA k=10 dur=11.586s seed=2
[EST DONE] 2026-05-02T23:26:30.599891 estimator=lPCA k=15 dur=11.825s seed=2
[EST DONE] 2026-05-02T23:27:25.548770 estimator=DANCo k=5 dur=161.302s seed=2
[EST DONE] 2026-05-02T23:30:14.568241 estimator=DANCo k=7 dur=169.019s seed=2
[EST DONE] 2026-05-02T23:31:43.874156 estimator=DANCo k=3 dur=156.954s seed=2
[EST DONE] 2026-05-02T23:32:01.402856 estimator=MiND k=15 dur=1111.143s seed=2
[EST DONE] 2026-05-02T23:32:05.612357 estimator=FisherS (no-k) dur=4.209s seed=2
[TASK END] 2026-05-02T23:32:05.612479 manifold=torus d=9 sigma=0.75 seed=2 duration=7967.336s
[TASK START] 2026-05-02T23:32:05.617833 manifold=torus d=12 sigma=1.0 n=5000 seed=2
[EST DONE] 2026-05-02T23:32:12.317435 estimator=Levina-Bickel k=3 dur=3.549s seed=2
[EST DONE] 2026-05-02T23:32:14.405029 estimator=Levina-Bickel k=5 dur=2.087s seed=2
[EST DONE] 2026-05-02T23:32:16.125584 estimator=Levina-Bickel k=7 dur=1.720s seed=2
[EST DONE] 2026-05-02T23:32:18.607511 estimator=Levina-Bickel k=10 dur=2.482s seed=2
[EST DONE] 2026-05-02T23:32:21.472731 estimator=Levina-Bickel k=15 dur=2.865s seed=2
[EST DONE] 2026-05-02T23:32:24.363800 estimator=TwoNN (no-k) dur=2.891s seed=2
[EST DONE] 2026-05-02T23:32:48.962831 estimator=lPCA k=3 dur=10.989s seed=2
[EST DONE] 2026-05-02T23:32:59.171700 estimator=lPCA k=5 dur=10.209s seed=2
[EST DONE] 2026-05-02T23:33:08.616805 estimator=DANCo k=10 dur=174.048s seed=2
[EST DONE] 2026-05-02T23:33:10.207702 estimator=lPCA k=7 dur=11.036s seed=2
[EST DONE] 2026-05-02T23:33:18.590056 estimator=MiND k=15 dur=1117.598s seed=2
[EST DONE] 2026-05-02T23:33:22.971724 estimator=lPCA k=10 dur=12.764s seed=2
[EST DONE] 2026-05-02T23:33:28.218503 estimator=FisherS (no-k) dur=9.628s seed=2
[TASK END] 2026-05-02T23:33:28.218621 manifold=torus d=9 sigma=1.0 seed=2 duration=7975.109s
[TASK START] 2026-05-02T23:33:28.236646 manifold=torus d=15 sigma=0.0 n=5000 seed=2
[EST DONE] 2026-05-02T23:33:33.468668 estimator=Levina-Bickel k=3 dur=2.810s seed=2
[EST DONE] 2026-05-02T23:33:35.611583 estimator=lPCA k=15 dur=12.640s seed=2
[EST DONE] 2026-05-02T23:33:35.826865 estimator=Levina-Bickel k=5 dur=2.358s seed=2
[EST DONE] 2026-05-02T23:33:38.704906 estimator=Levina-Bickel k=7 dur=2.878s seed=2
[EST DONE] 2026-05-02T23:33:39.851347 estimator=MiND k=15 dur=1108.756s seed=2
[EST DONE] 2026-05-02T23:33:41.923895 estimator=Levina-Bickel k=10 dur=3.219s seed=2
[EST DONE] 2026-05-02T23:33:44.345201 estimator=Levina-Bickel k=15 dur=2.421s seed=2
[EST DONE] 2026-05-02T23:33:45.162038 estimator=FisherS (no-k) dur=5.311s seed=2
[TASK END] 2026-05-02T23:33:45.162136 manifold=torus d=12 sigma=0.25 seed=2 duration=7950.036s
[TASK START] 2026-05-02T23:33:45.163163 manifold=torus d=15 sigma=0.25 n=5000 seed=2
[EST DONE] 2026-05-02T23:33:47.311576 estimator=TwoNN (no-k) dur=2.966s seed=2
[EST DONE] 2026-05-02T23:33:51.149149 estimator=Levina-Bickel k=3 dur=2.957s seed=2
[EST DONE] 2026-05-02T23:33:53.169312 estimator=Levina-Bickel k=5 dur=2.020s seed=2
[EST DONE] 2026-05-02T23:33:54.552750 estimator=Levina-Bickel k=7 dur=1.383s seed=2
[EST DONE] 2026-05-02T23:33:57.053611 estimator=Levina-Bickel k=10 dur=2.501s seed=2
[EST DONE] 2026-05-02T23:33:58.464168 estimator=Levina-Bickel k=15 dur=1.410s seed=2
[EST DONE] 2026-05-02T23:34:01.042590 estimator=TwoNN (no-k) dur=2.578s seed=2
[EST DONE] 2026-05-02T23:34:04.606822 estimator=MiND k=15 dur=1111.928s seed=2
[EST DONE] 2026-05-02T23:34:09.410406 estimator=lPCA k=3 dur=11.984s seed=2
[EST DONE] 2026-05-02T23:34:19.548910 estimator=lPCA k=5 dur=10.138s seed=2
[EST DONE] 2026-05-02T23:34:20.164773 estimator=lPCA k=3 dur=9.471s seed=2
[EST DONE] 2026-05-02T23:34:22.422404 estimator=DANCo k=5 dur=158.548s seed=2
[EST DONE] 2026-05-02T23:34:30.244177 estimator=lPCA k=5 dur=10.079s seed=2
[EST DONE] 2026-05-02T23:34:30.511120 estimator=lPCA k=7 dur=10.962s seed=2
[EST DONE] 2026-05-02T23:34:38.804357 estimator=lPCA k=7 dur=8.560s seed=2
[EST DONE] 2026-05-02T23:34:39.644433 estimator=lPCA k=10 dur=9.133s seed=2
[EST DONE] 2026-05-02T23:34:49.582318 estimator=lPCA k=10 dur=10.778s seed=2
[EST DONE] 2026-05-02T23:34:50.198803 estimator=lPCA k=15 dur=10.554s seed=2
[EST DONE] 2026-05-02T23:35:01.404909 estimator=lPCA k=15 dur=11.822s seed=2
[EST DONE] 2026-05-02T23:35:39.809033 estimator=FisherS (no-k) dur=95.202s seed=2
[TASK END] 2026-05-02T23:35:39.809246 manifold=torus d=12 sigma=0.0 seed=2 duration=8064.868s
[TASK START] 2026-05-02T23:35:39.810729 manifold=torus d=15 sigma=0.5 n=5000 seed=2
[EST DONE] 2026-05-02T23:35:44.632996 estimator=Levina-Bickel k=3 dur=2.374s seed=2
[EST DONE] 2026-05-02T23:35:45.358992 estimator=DANCo k=15 dur=156.742s seed=2
[EST DONE] 2026-05-02T23:35:47.730147 estimator=Levina-Bickel k=5 dur=3.097s seed=2
[EST DONE] 2026-05-02T23:35:50.932062 estimator=Levina-Bickel k=7 dur=3.202s seed=2
[EST DONE] 2026-05-02T23:35:53.939834 estimator=Levina-Bickel k=10 dur=3.008s seed=2
[EST DONE] 2026-05-02T23:35:57.005256 estimator=Levina-Bickel k=15 dur=3.065s seed=2
[EST DONE] 2026-05-02T23:36:00.022255 estimator=TwoNN (no-k) dur=3.017s seed=2
[EST DONE] 2026-05-02T23:36:22.115801 estimator=lPCA k=3 dur=10.926s seed=2
[EST DONE] 2026-05-02T23:36:33.104398 estimator=lPCA k=5 dur=10.988s seed=2
[EST DONE] 2026-05-02T23:36:43.094769 estimator=lPCA k=7 dur=9.990s seed=2
[EST DONE] 2026-05-02T23:36:46.520101 estimator=DANCo k=7 dur=144.098s seed=2
[EST DONE] 2026-05-02T23:36:56.026585 estimator=lPCA k=10 dur=12.932s seed=2
[EST DONE] 2026-05-02T23:37:08.291494 estimator=lPCA k=15 dur=12.265s seed=2
[EST DONE] 2026-05-02T23:38:27.362143 estimator=DANCo k=3 dur=152.405s seed=2
[EST DONE] 2026-05-02T23:39:31.690063 estimator=DANCo k=10 dur=165.170s seed=2
[EST DONE] 2026-05-02T23:39:51.205631 estimator=DANCo k=3 dur=154.151s seed=2
[EST DONE] 2026-05-02T23:39:51.446918 estimator=DANCo k=3 dur=150.289s seed=2
[EST DONE] 2026-05-02T23:41:06.113645 estimator=DANCo k=5 dur=158.751s seed=2
[EST DONE] 2026-05-02T23:42:13.540077 estimator=DANCo k=3 dur=154.041s seed=2
[EST DONE] 2026-05-02T23:42:26.897059 estimator=DANCo k=5 dur=155.691s seed=2
[EST DONE] 2026-05-02T23:42:27.928808 estimator=DANCo k=5 dur=156.482s seed=2
[EST DONE] 2026-05-02T23:42:30.426076 estimator=DANCo k=15 dur=178.736s seed=2
[EST DONE] 2026-05-02T23:43:50.863479 estimator=DANCo k=7 dur=164.750s seed=2
[EST DONE] 2026-05-02T23:44:57.552090 estimator=DANCo k=5 dur=164.012s seed=2
[EST DONE] 2026-05-02T23:45:12.371154 estimator=DANCo k=7 dur=164.442s seed=2
[EST DONE] 2026-05-02T23:45:14.840797 estimator=DANCo k=7 dur=167.944s seed=2
[EST DONE] 2026-05-02T23:46:37.910533 estimator=DANCo k=10 dur=167.047s seed=2
[EST DONE] 2026-05-02T23:47:42.055538 estimator=DANCo k=7 dur=164.503s seed=2
[EST DONE] 2026-05-02T23:48:01.102693 estimator=DANCo k=10 dur=168.731s seed=2
[EST DONE] 2026-05-02T23:48:02.848926 estimator=DANCo k=10 dur=168.004s seed=2
[EST DONE] 2026-05-02T23:49:32.814527 estimator=DANCo k=15 dur=174.904s seed=2
[EST DONE] 2026-05-02T23:50:33.858601 estimator=DANCo k=10 dur=171.803s seed=2
[EST DONE] 2026-05-02T23:51:01.823214 estimator=DANCo k=15 dur=180.720s seed=2
[EST DONE] 2026-05-02T23:51:05.424368 estimator=DANCo k=15 dur=182.575s seed=2
[EST DONE] 2026-05-02T23:53:49.172124 estimator=DANCo k=15 dur=195.313s seed=2
[EST DONE] 2026-05-03T00:11:38.981858 estimator=MiND k=3 dur=1158.749s seed=2
[EST DONE] 2026-05-03T00:19:40.452905 estimator=MiND k=3 dur=1162.212s seed=2
[EST DONE] 2026-05-03T00:27:39.321556 estimator=MiND k=3 dur=1136.026s seed=2
[EST DONE] 2026-05-03T00:29:38.559777 estimator=MiND k=3 dur=1169.438s seed=2
[EST DONE] 2026-05-03T00:29:45.741939 estimator=MiND k=3 dur=1172.544s seed=2
[EST DONE] 2026-05-03T00:30:56.825190 estimator=MiND k=5 dur=1157.843s seed=2
[EST DONE] 2026-05-03T00:32:36.667198 estimator=MiND k=3 dur=1156.707s seed=2
[EST DONE] 2026-05-03T00:39:08.710398 estimator=MiND k=5 dur=1168.257s seed=2
[EST DONE] 2026-05-03T00:46:54.132907 estimator=MiND k=5 dur=1154.811s seed=2
[EST DONE] 2026-05-03T00:49:15.168217 estimator=MiND k=5 dur=1169.426s seed=2
[EST DONE] 2026-05-03T00:49:22.509914 estimator=MiND k=5 dur=1183.950s seed=2
[EST DONE] 2026-05-03T00:50:23.921782 estimator=MiND k=7 dur=1167.096s seed=2
[EST DONE] 2026-05-03T00:51:52.859917 estimator=MiND k=5 dur=1156.193s seed=2
[EST DONE] 2026-05-03T00:58:51.522618 estimator=MiND k=7 dur=1182.812s seed=2
[EST DONE] 2026-05-03T01:06:08.291042 estimator=MiND k=7 dur=1154.158s seed=2
[EST DONE] 2026-05-03T01:08:50.131174 estimator=MiND k=7 dur=1174.963s seed=2
[EST DONE] 2026-05-03T01:09:03.530162 estimator=MiND k=7 dur=1181.020s seed=2
[EST DONE] 2026-05-03T01:09:54.644708 estimator=MiND k=10 dur=1170.723s seed=2
[EST DONE] 2026-05-03T01:11:18.882932 estimator=MiND k=7 dur=1166.023s seed=2
[EST DONE] 2026-05-03T01:18:11.977690 estimator=MiND k=10 dur=1160.455s seed=2
[EST DONE] 2026-05-03T01:25:37.101541 estimator=MiND k=10 dur=1168.810s seed=2
[EST DONE] 2026-05-03T01:28:36.930117 estimator=MiND k=10 dur=1186.799s seed=2
[EST DONE] 2026-05-03T01:28:43.219486 estimator=MiND k=10 dur=1179.689s seed=2
[EST DONE] 2026-05-03T01:29:16.479902 estimator=MiND k=15 dur=1161.835s seed=2
[EST DONE] 2026-05-03T01:29:21.235241 estimator=FisherS (no-k) dur=4.755s seed=2
[TASK END] 2026-05-03T01:29:21.235354 manifold=torus d=12 sigma=0.5 seed=2 duration=7884.319s
[TASK START] 2026-05-03T01:29:21.236588 manifold=torus d=15 sigma=0.75 n=5000 seed=2
[EST DONE] 2026-05-03T01:29:26.812915 estimator=Levina-Bickel k=3 dur=2.990s seed=2
[EST DONE] 2026-05-03T01:29:29.942811 estimator=Levina-Bickel k=5 dur=3.130s seed=2
[EST DONE] 2026-05-03T01:29:33.031730 estimator=Levina-Bickel k=7 dur=3.089s seed=2
[EST DONE] 2026-05-03T01:29:36.037650 estimator=Levina-Bickel k=10 dur=3.006s seed=2
[EST DONE] 2026-05-03T01:29:39.136526 estimator=Levina-Bickel k=15 dur=3.099s seed=2
[EST DONE] 2026-05-03T01:29:42.232882 estimator=TwoNN (no-k) dur=3.096s seed=2
[EST DONE] 2026-05-03T01:30:08.898222 estimator=lPCA k=3 dur=11.247s seed=2
[EST DONE] 2026-05-03T01:30:20.626869 estimator=lPCA k=5 dur=11.729s seed=2
[EST DONE] 2026-05-03T01:30:33.473998 estimator=MiND k=10 dur=1154.591s seed=2
[EST DONE] 2026-05-03T01:30:33.953468 estimator=lPCA k=7 dur=13.326s seed=2
[EST DONE] 2026-05-03T01:30:44.925478 estimator=lPCA k=10 dur=10.972s seed=2
[EST DONE] 2026-05-03T01:30:57.404081 estimator=lPCA k=15 dur=12.479s seed=2
[EST DONE] 2026-05-03T01:36:25.646878 estimator=DANCo k=3 dur=163.270s seed=2
[EST DONE] 2026-05-03T01:37:26.506519 estimator=MiND k=15 dur=1154.529s seed=2
[EST DONE] 2026-05-03T01:37:38.928113 estimator=FisherS (no-k) dur=12.421s seed=2
[TASK END] 2026-05-03T01:37:38.928234 manifold=torus d=12 sigma=0.75 seed=2 duration=7960.031s
[TASK START] 2026-05-03T01:37:38.964040 manifold=torus d=15 sigma=1.0 n=5000 seed=2
[EST DONE] 2026-05-03T01:37:45.099868 estimator=Levina-Bickel k=3 dur=3.146s seed=2
[EST DONE] 2026-05-03T01:37:48.041196 estimator=Levina-Bickel k=5 dur=2.941s seed=2
[EST DONE] 2026-05-03T01:37:51.086874 estimator=Levina-Bickel k=7 dur=3.046s seed=2
[EST DONE] 2026-05-03T01:37:54.161740 estimator=Levina-Bickel k=10 dur=3.075s seed=2
[EST DONE] 2026-05-03T01:37:57.757997 estimator=Levina-Bickel k=15 dur=3.596s seed=2
[EST DONE] 2026-05-03T01:38:00.872525 estimator=TwoNN (no-k) dur=3.114s seed=2
[EST DONE] 2026-05-03T01:38:22.769475 estimator=lPCA k=3 dur=10.573s seed=2
[EST DONE] 2026-05-03T01:38:40.156623 estimator=lPCA k=5 dur=17.387s seed=2
[EST DONE] 2026-05-03T01:38:51.100847 estimator=lPCA k=7 dur=10.944s seed=2
[EST DONE] 2026-05-03T01:39:03.136676 estimator=lPCA k=10 dur=12.014s seed=2
[EST DONE] 2026-05-03T01:39:13.047973 estimator=DANCo k=5 dur=167.401s seed=2
[EST DONE] 2026-05-03T01:39:16.423230 estimator=lPCA k=15 dur=13.286s seed=2
[EST DONE] 2026-05-03T01:42:01.454927 estimator=DANCo k=7 dur=168.361s seed=2
[EST DONE] 2026-05-03T01:44:39.210022 estimator=DANCo k=3 dur=160.842s seed=2
[EST DONE] 2026-05-03T01:44:41.519535 estimator=MiND k=15 dur=1144.418s seed=2
[EST DONE] 2026-05-03T01:44:47.551224 estimator=FisherS (no-k) dur=6.032s seed=2
[TASK END] 2026-05-03T01:44:47.551345 manifold=torus d=12 sigma=1.0 seed=2 duration=7961.934s
[EST DONE] 2026-05-03T01:44:54.340352 estimator=DANCo k=10 dur=172.885s seed=2
[EST DONE] 2026-05-03T01:46:40.458497 estimator=MiND k=15 dur=1077.239s seed=2
[EST DONE] 2026-05-03T01:46:46.226303 estimator=FisherS (no-k) dur=5.768s seed=2
[TASK END] 2026-05-03T01:46:46.226469 manifold=torus d=15 sigma=0.25 seed=2 duration=7981.063s
[EST DONE] 2026-05-03T01:46:48.116730 estimator=MiND k=15 dur=1091.186s seed=2
[EST DONE] 2026-05-03T01:46:52.216716 estimator=FisherS (no-k) dur=4.100s seed=2
[TASK END] 2026-05-03T01:46:52.216833 manifold=torus d=15 sigma=0.0 seed=2 duration=8003.980s
[EST DONE] 2026-05-03T01:46:59.239568 estimator=DANCo k=5 dur=140.029s seed=2
[EST DONE] 2026-05-03T01:47:11.962642 estimator=DANCo k=15 dur=137.622s seed=2
[EST DONE] 2026-05-03T01:47:26.714553 estimator=MiND k=15 dur=1013.240s seed=2
[EST DONE] 2026-05-03T01:47:29.827188 estimator=FisherS (no-k) dur=3.113s seed=2
[TASK END] 2026-05-03T01:47:29.827317 manifold=torus d=15 sigma=0.5 seed=2 duration=7910.017s
[EST DONE] 2026-05-03T01:47:57.970528 estimator=DANCo k=7 dur=58.731s seed=2
[EST DONE] 2026-05-03T01:48:49.112086 estimator=DANCo k=10 dur=51.141s seed=2
[EST DONE] 2026-05-03T01:49:45.828245 estimator=DANCo k=15 dur=56.716s seed=2
[EST DONE] 2026-05-03T01:56:35.893919 estimator=MiND k=3 dur=288.781s seed=2
[EST DONE] 2026-05-03T01:59:16.742989 estimator=MiND k=3 dur=286.684s seed=2
[EST DONE] 2026-05-03T02:01:23.684711 estimator=MiND k=5 dur=287.791s seed=2
[EST DONE] 2026-05-03T02:04:07.774160 estimator=MiND k=5 dur=291.031s seed=2
[EST DONE] 2026-05-03T02:06:13.936796 estimator=MiND k=7 dur=290.252s seed=2
[EST DONE] 2026-05-03T02:08:53.410413 estimator=MiND k=7 dur=285.636s seed=2
[EST DONE] 2026-05-03T02:11:01.541674 estimator=MiND k=10 dur=287.605s seed=2
[EST DONE] 2026-05-03T02:13:37.675068 estimator=MiND k=10 dur=284.265s seed=2
[EST DONE] 2026-05-03T02:15:48.360986 estimator=MiND k=15 dur=286.819s seed=2
[EST DONE] 2026-05-03T02:15:51.424028 estimator=FisherS (no-k) dur=3.063s seed=2
[TASK END] 2026-05-03T02:15:51.424129 manifold=torus d=15 sigma=0.75 seed=2 duration=2790.188s
[EST DONE] 2026-05-03T02:15:56.024406 estimator=MiND k=15 dur=138.349s seed=2
[EST DONE] 2026-05-03T02:15:58.407244 estimator=FisherS (no-k) dur=2.383s seed=2
[TASK END] 2026-05-03T02:15:58.407432 manifold=torus d=15 sigma=1.0 seed=2 duration=2299.443s
Completed synthetic task manifold=sphere d=5 sigma=0.75 seed=2 in 7957.4s
Completed synthetic task manifold=sphere d=5 sigma=0.0 seed=2 in 7975.3s
Completed synthetic task manifold=sphere d=5 sigma=0.5 seed=2 in 7975.4s
Completed synthetic task manifold=sphere d=5 sigma=1.0 seed=2 in 7975.5s
Completed synthetic task manifold=sphere d=7 sigma=0.0 seed=2 in 7977.1s
Completed synthetic task manifold=sphere d=5 sigma=0.25 seed=2 in 7977.4s
Completed synthetic task manifold=sphere d=7 sigma=0.25 seed=2 in 15843.7s
Completed synthetic task manifold=sphere d=7 sigma=1.0 seed=2 in 15988.0s
Completed synthetic task manifold=sphere d=7 sigma=0.5 seed=2 in 16012.3s
Completed synthetic task manifold=sphere d=7 sigma=0.75 seed=2 in 16021.1s
Completed synthetic task manifold=sphere d=9 sigma=0.0 seed=2 in 16027.8s
Completed synthetic task manifold=sphere d=9 sigma=0.25 seed=2 in 16027.9s
Completed synthetic task manifold=sphere d=9 sigma=0.5 seed=2 in 23626.4s
Completed synthetic task manifold=sphere d=9 sigma=0.75 seed=2 in 23931.5s
Completed synthetic task manifold=sphere d=9 sigma=1.0 seed=2 in 24035.4s
Completed synthetic task manifold=sphere d=12 sigma=0.0 seed=2 in 24080.9s
Completed synthetic task manifold=sphere d=12 sigma=0.25 seed=2 in 24087.5s
Completed synthetic task manifold=sphere d=12 sigma=0.5 seed=2 in 24091.7s
Completed synthetic task manifold=sphere d=12 sigma=0.75 seed=2 in 31460.1s
Completed synthetic task manifold=sphere d=12 sigma=1.0 seed=2 in 31857.5s
Completed synthetic task manifold=sphere d=15 sigma=0.25 seed=2 in 32091.1s
Completed synthetic task manifold=sphere d=15 sigma=0.0 seed=2 in 32096.5s
Completed synthetic task manifold=sphere d=15 sigma=0.75 seed=2 in 32118.5s
Completed synthetic task manifold=sphere d=15 sigma=0.5 seed=2 in 32122.2s
Completed synthetic task manifold=sphere d=15 sigma=1.0 seed=2 in 39434.0s
Completed synthetic task manifold=torus d=5 sigma=0.0 seed=2 in 39753.1s
Completed synthetic task manifold=torus d=5 sigma=0.5 seed=2 in 40110.3s
Completed synthetic task manifold=torus d=5 sigma=0.25 seed=2 in 40145.5s
Completed synthetic task manifold=torus d=5 sigma=0.75 seed=2 in 40149.6s
Completed synthetic task manifold=torus d=5 sigma=1.0 seed=2 in 40153.7s
Completed synthetic task manifold=torus d=7 sigma=0.0 seed=2 in 47271.8s
Completed synthetic task manifold=torus d=7 sigma=0.25 seed=2 in 47632.6s
Completed synthetic task manifold=torus d=7 sigma=0.5 seed=2 in 48081.9s
Completed synthetic task manifold=torus d=7 sigma=1.0 seed=2 in 48156.7s
Completed synthetic task manifold=torus d=9 sigma=0.0 seed=2 in 48198.5s
Completed synthetic task manifold=torus d=7 sigma=0.75 seed=2 in 48198.7s
Completed synthetic task manifold=torus d=9 sigma=0.25 seed=2 in 55200.5s
Completed synthetic task manifold=torus d=9 sigma=0.5 seed=2 in 55622.5s
Completed synthetic task manifold=torus d=9 sigma=0.75 seed=2 in 56049.2s
Completed synthetic task manifold=torus d=9 sigma=1.0 seed=2 in 56131.8s
Completed synthetic task manifold=torus d=12 sigma=0.25 seed=2 in 56148.8s
Completed synthetic task manifold=torus d=12 sigma=0.0 seed=2 in 56263.4s
Completed synthetic task manifold=torus d=12 sigma=0.5 seed=2 in 63084.8s
Completed synthetic task manifold=torus d=12 sigma=0.75 seed=2 in 63582.5s
Completed synthetic task manifold=torus d=12 sigma=1.0 seed=2 in 64011.2s
Completed synthetic task manifold=torus d=15 sigma=0.25 seed=2 in 64129.8s
Completed synthetic task manifold=torus d=15 sigma=0.0 seed=2 in 64135.8s
Completed synthetic task manifold=torus d=15 sigma=0.5 seed=2 in 64173.4s
Completed synthetic task manifold=torus d=15 sigma=0.75 seed=2 in 65875.0s
Completed synthetic task manifold=torus d=15 sigma=1.0 seed=2 in 65882.0s
Wrote per-task synthetic results to results/synthetic_large.task2.csv
Saved results/synthetic_large.csv
Running MNIST autoencoder large experiments...
[MNIST TASK START] 2026-05-03T02:15:58.512585 bottleneck=5 replicate=0 seed=2
[AE START] seed=2 bottleneck=5 epochs=50 subset=5000
[AE EPOCH] epoch=1/50 loss=0.222738 epoch_time=0.34s device=cuda
[AE EPOCH] epoch=2/50 loss=0.176929 epoch_time=0.10s device=cuda
[AE EPOCH] epoch=3/50 loss=0.106267 epoch_time=0.09s device=cuda
[AE EPOCH] epoch=4/50 loss=0.078715 epoch_time=0.08s device=cuda
[AE EPOCH] epoch=5/50 loss=0.073263 epoch_time=0.08s device=cuda
[AE EPOCH] epoch=6/50 loss=0.071451 epoch_time=0.08s device=cuda
[AE EPOCH] epoch=7/50 loss=0.070346 epoch_time=0.09s device=cuda
[AE EPOCH] epoch=8/50 loss=0.069295 epoch_time=0.09s device=cuda
[AE EPOCH] epoch=9/50 loss=0.067981 epoch_time=0.09s device=cuda
[AE EPOCH] epoch=10/50 loss=0.066276 epoch_time=0.09s device=cuda
[AE EPOCH] epoch=11/50 loss=0.064259 epoch_time=0.10s device=cuda
[AE EPOCH] epoch=12/50 loss=0.062106 epoch_time=0.08s device=cuda
[AE EPOCH] epoch=13/50 loss=0.060084 epoch_time=0.09s device=cuda
[AE EPOCH] epoch=14/50 loss=0.058202 epoch_time=0.09s device=cuda
[AE EPOCH] epoch=15/50 loss=0.056423 epoch_time=0.09s device=cuda
[AE EPOCH] epoch=16/50 loss=0.054771 epoch_time=0.09s device=cuda
[AE EPOCH] epoch=17/50 loss=0.053225 epoch_time=0.09s device=cuda
[AE EPOCH] epoch=18/50 loss=0.051892 epoch_time=0.08s device=cuda
[AE EPOCH] epoch=19/50 loss=0.050774 epoch_time=0.09s device=cuda
[AE EPOCH] epoch=20/50 loss=0.049764 epoch_time=0.09s device=cuda
[AE EPOCH] epoch=21/50 loss=0.048809 epoch_time=0.09s device=cuda
[AE EPOCH] epoch=22/50 loss=0.047878 epoch_time=0.09s device=cuda
[AE EPOCH] epoch=23/50 loss=0.046977 epoch_time=0.09s device=cuda
[AE EPOCH] epoch=24/50 loss=0.046145 epoch_time=0.09s device=cuda
[AE EPOCH] epoch=25/50 loss=0.045410 epoch_time=0.08s device=cuda
[AE EPOCH] epoch=26/50 loss=0.044775 epoch_time=0.08s device=cuda
[AE EPOCH] epoch=27/50 loss=0.044216 epoch_time=0.08s device=cuda
[AE EPOCH] epoch=28/50 loss=0.043719 epoch_time=0.08s device=cuda
[AE EPOCH] epoch=29/50 loss=0.043270 epoch_time=0.07s device=cuda
[AE EPOCH] epoch=30/50 loss=0.042863 epoch_time=0.09s device=cuda
[AE EPOCH] epoch=31/50 loss=0.042456 epoch_time=0.09s device=cuda
[AE EPOCH] epoch=32/50 loss=0.042099 epoch_time=0.07s device=cuda
[AE EPOCH] epoch=33/50 loss=0.041756 epoch_time=0.07s device=cuda
[AE EPOCH] epoch=34/50 loss=0.041408 epoch_time=0.07s device=cuda
[AE EPOCH] epoch=35/50 loss=0.041098 epoch_time=0.08s device=cuda
[AE EPOCH] epoch=36/50 loss=0.040795 epoch_time=0.09s device=cuda
[AE EPOCH] epoch=37/50 loss=0.040512 epoch_time=0.09s device=cuda
[AE EPOCH] epoch=38/50 loss=0.040227 epoch_time=0.09s device=cuda
[AE EPOCH] epoch=39/50 loss=0.039962 epoch_time=0.08s device=cuda
[AE EPOCH] epoch=40/50 loss=0.039696 epoch_time=0.09s device=cuda
[AE EPOCH] epoch=41/50 loss=0.039455 epoch_time=0.09s device=cuda
[AE EPOCH] epoch=42/50 loss=0.039207 epoch_time=0.09s device=cuda
[AE EPOCH] epoch=43/50 loss=0.038980 epoch_time=0.08s device=cuda
[AE EPOCH] epoch=44/50 loss=0.038752 epoch_time=0.09s device=cuda
[AE EPOCH] epoch=45/50 loss=0.038551 epoch_time=0.09s device=cuda
[AE EPOCH] epoch=46/50 loss=0.038342 epoch_time=0.10s device=cuda
[AE EPOCH] epoch=47/50 loss=0.038133 epoch_time=0.09s device=cuda
[AE EPOCH] epoch=48/50 loss=0.037944 epoch_time=0.09s device=cuda
[AE EPOCH] epoch=49/50 loss=0.037773 epoch_time=0.09s device=cuda
[AE EPOCH] epoch=50/50 loss=0.037593 epoch_time=0.09s device=cuda
[AE TRAIN COMPLETE] total_time=4.58s
[AE TRAIN COMPLETE] 2026-05-03T02:16:09.880267 bottleneck=5 replicate=0 dur=11.4s seed=2
[EST START] 2026-05-03T02:16:10.037852 bottleneck=5 replicate=0 seed=2 estimator=Levina-Bickel k=3 sigma=0.0
[EST DONE] 2026-05-03T02:16:10.593902 bottleneck=5 replicate=0 seed=2 estimator=Levina-Bickel k=3 dur=0.556s
[EST START] 2026-05-03T02:16:10.594061 bottleneck=5 replicate=0 seed=2 estimator=Levina-Bickel k=5 sigma=0.0
[EST DONE] 2026-05-03T02:16:10.877642 bottleneck=5 replicate=0 seed=2 estimator=Levina-Bickel k=5 dur=0.284s
[EST START] 2026-05-03T02:16:10.877724 bottleneck=5 replicate=0 seed=2 estimator=Levina-Bickel k=7 sigma=0.0
[EST DONE] 2026-05-03T02:16:11.164837 bottleneck=5 replicate=0 seed=2 estimator=Levina-Bickel k=7 dur=0.287s
[EST START] 2026-05-03T02:16:11.164933 bottleneck=5 replicate=0 seed=2 estimator=Levina-Bickel k=10 sigma=0.0
[EST DONE] 2026-05-03T02:16:11.464775 bottleneck=5 replicate=0 seed=2 estimator=Levina-Bickel k=10 dur=0.300s
[EST START] 2026-05-03T02:16:11.464885 bottleneck=5 replicate=0 seed=2 estimator=Levina-Bickel k=15 sigma=0.0
[EST DONE] 2026-05-03T02:16:11.764356 bottleneck=5 replicate=0 seed=2 estimator=Levina-Bickel k=15 dur=0.299s
[EST START] 2026-05-03T02:16:11.764460 bottleneck=5 replicate=0 seed=2 estimator=TwoNN k=ALL sigma=0.0
[EST DONE] 2026-05-03T02:16:12.044768 bottleneck=5 replicate=0 seed=2 estimator=TwoNN k=ALL dur=0.280s
[EST START] 2026-05-03T02:16:12.044887 bottleneck=5 replicate=0 seed=2 estimator=lPCA k=3 sigma=0.0
[EST DONE] 2026-05-03T02:16:16.388726 bottleneck=5 replicate=0 seed=2 estimator=lPCA k=3 dur=4.344s
[EST START] 2026-05-03T02:16:16.388881 bottleneck=5 replicate=0 seed=2 estimator=lPCA k=5 sigma=0.0
[EST DONE] 2026-05-03T02:16:21.032489 bottleneck=5 replicate=0 seed=2 estimator=lPCA k=5 dur=4.644s
[EST START] 2026-05-03T02:16:21.032668 bottleneck=5 replicate=0 seed=2 estimator=lPCA k=7 sigma=0.0
[EST DONE] 2026-05-03T02:16:26.011571 bottleneck=5 replicate=0 seed=2 estimator=lPCA k=7 dur=4.979s
[EST START] 2026-05-03T02:16:26.011701 bottleneck=5 replicate=0 seed=2 estimator=lPCA k=10 sigma=0.0
[EST DONE] 2026-05-03T02:16:31.565750 bottleneck=5 replicate=0 seed=2 estimator=lPCA k=10 dur=5.554s
[EST START] 2026-05-03T02:16:31.565880 bottleneck=5 replicate=0 seed=2 estimator=lPCA k=15 sigma=0.0
[EST DONE] 2026-05-03T02:16:38.296583 bottleneck=5 replicate=0 seed=2 estimator=lPCA k=15 dur=6.731s
[EST START] 2026-05-03T02:16:38.296696 bottleneck=5 replicate=0 seed=2 estimator=DANCo k=3 sigma=0.0
[EST DONE] 2026-05-03T02:17:02.675105 bottleneck=5 replicate=0 seed=2 estimator=DANCo k=3 dur=24.378s
[EST START] 2026-05-03T02:17:02.675235 bottleneck=5 replicate=0 seed=2 estimator=DANCo k=5 sigma=0.0
[EST DONE] 2026-05-03T02:17:28.123797 bottleneck=5 replicate=0 seed=2 estimator=DANCo k=5 dur=25.449s
[EST START] 2026-05-03T02:17:28.123994 bottleneck=5 replicate=0 seed=2 estimator=DANCo k=7 sigma=0.0
[EST DONE] 2026-05-03T02:17:54.148216 bottleneck=5 replicate=0 seed=2 estimator=DANCo k=7 dur=26.024s
[EST START] 2026-05-03T02:17:54.148347 bottleneck=5 replicate=0 seed=2 estimator=DANCo k=10 sigma=0.0
[EST DONE] 2026-05-03T02:18:23.003647 bottleneck=5 replicate=0 seed=2 estimator=DANCo k=10 dur=28.855s
[EST START] 2026-05-03T02:18:23.003795 bottleneck=5 replicate=0 seed=2 estimator=DANCo k=15 sigma=0.0
[EST DONE] 2026-05-03T02:18:54.851691 bottleneck=5 replicate=0 seed=2 estimator=DANCo k=15 dur=31.848s
[EST START] 2026-05-03T02:18:54.851828 bottleneck=5 replicate=0 seed=2 estimator=MiND k=3 sigma=0.0
[EST DONE] 2026-05-03T02:19:03.609792 bottleneck=5 replicate=0 seed=2 estimator=MiND k=3 dur=8.758s
[EST START] 2026-05-03T02:19:03.609902 bottleneck=5 replicate=0 seed=2 estimator=MiND k=5 sigma=0.0
[EST DONE] 2026-05-03T02:19:13.192944 bottleneck=5 replicate=0 seed=2 estimator=MiND k=5 dur=9.583s
[EST START] 2026-05-03T02:19:13.193060 bottleneck=5 replicate=0 seed=2 estimator=MiND k=7 sigma=0.0
[EST DONE] 2026-05-03T02:19:23.150444 bottleneck=5 replicate=0 seed=2 estimator=MiND k=7 dur=9.957s
[EST START] 2026-05-03T02:19:23.150534 bottleneck=5 replicate=0 seed=2 estimator=MiND k=10 sigma=0.0
[EST DONE] 2026-05-03T02:19:32.837542 bottleneck=5 replicate=0 seed=2 estimator=MiND k=10 dur=9.687s
[EST START] 2026-05-03T02:19:32.837661 bottleneck=5 replicate=0 seed=2 estimator=MiND k=15 sigma=0.0
[EST DONE] 2026-05-03T02:19:42.812243 bottleneck=5 replicate=0 seed=2 estimator=MiND k=15 dur=9.975s
[EST START] 2026-05-03T02:19:42.812419 bottleneck=5 replicate=0 seed=2 estimator=FisherS k=ALL sigma=0.0
[EST DONE] 2026-05-03T02:20:28.211561 bottleneck=5 replicate=0 seed=2 estimator=FisherS k=ALL dur=45.399s
[EST START] 2026-05-03T02:20:28.313706 bottleneck=5 replicate=0 seed=2 estimator=Levina-Bickel k=3 sigma=0.25
[EST DONE] 2026-05-03T02:20:28.611590 bottleneck=5 replicate=0 seed=2 estimator=Levina-Bickel k=3 dur=0.298s
[EST START] 2026-05-03T02:20:28.611748 bottleneck=5 replicate=0 seed=2 estimator=Levina-Bickel k=5 sigma=0.25
[EST DONE] 2026-05-03T02:20:28.901040 bottleneck=5 replicate=0 seed=2 estimator=Levina-Bickel k=5 dur=0.289s
[EST START] 2026-05-03T02:20:28.901127 bottleneck=5 replicate=0 seed=2 estimator=Levina-Bickel k=7 sigma=0.25
[EST DONE] 2026-05-03T02:20:29.198070 bottleneck=5 replicate=0 seed=2 estimator=Levina-Bickel k=7 dur=0.297s
[EST START] 2026-05-03T02:20:29.198170 bottleneck=5 replicate=0 seed=2 estimator=Levina-Bickel k=10 sigma=0.25
[EST DONE] 2026-05-03T02:20:29.523318 bottleneck=5 replicate=0 seed=2 estimator=Levina-Bickel k=10 dur=0.325s
[EST START] 2026-05-03T02:20:29.523427 bottleneck=5 replicate=0 seed=2 estimator=Levina-Bickel k=15 sigma=0.25
[EST DONE] 2026-05-03T02:20:29.842246 bottleneck=5 replicate=0 seed=2 estimator=Levina-Bickel k=15 dur=0.319s
[EST START] 2026-05-03T02:20:29.842334 bottleneck=5 replicate=0 seed=2 estimator=TwoNN k=ALL sigma=0.25
[EST DONE] 2026-05-03T02:20:30.147549 bottleneck=5 replicate=0 seed=2 estimator=TwoNN k=ALL dur=0.305s
[EST START] 2026-05-03T02:20:30.147736 bottleneck=5 replicate=0 seed=2 estimator=lPCA k=3 sigma=0.25
[EST DONE] 2026-05-03T02:20:34.477855 bottleneck=5 replicate=0 seed=2 estimator=lPCA k=3 dur=4.330s
[EST START] 2026-05-03T02:20:34.477951 bottleneck=5 replicate=0 seed=2 estimator=lPCA k=5 sigma=0.25
[EST DONE] 2026-05-03T02:20:39.332378 bottleneck=5 replicate=0 seed=2 estimator=lPCA k=5 dur=4.854s
[EST START] 2026-05-03T02:20:39.332471 bottleneck=5 replicate=0 seed=2 estimator=lPCA k=7 sigma=0.25
[EST DONE] 2026-05-03T02:20:44.426987 bottleneck=5 replicate=0 seed=2 estimator=lPCA k=7 dur=5.094s
[EST START] 2026-05-03T02:20:44.427088 bottleneck=5 replicate=0 seed=2 estimator=lPCA k=10 sigma=0.25
[EST DONE] 2026-05-03T02:20:50.105546 bottleneck=5 replicate=0 seed=2 estimator=lPCA k=10 dur=5.678s
[EST START] 2026-05-03T02:20:50.105637 bottleneck=5 replicate=0 seed=2 estimator=lPCA k=15 sigma=0.25
[EST DONE] 2026-05-03T02:20:57.047602 bottleneck=5 replicate=0 seed=2 estimator=lPCA k=15 dur=6.942s
[EST START] 2026-05-03T02:20:57.047757 bottleneck=5 replicate=0 seed=2 estimator=DANCo k=3 sigma=0.25
[EST DONE] 2026-05-03T02:21:21.434562 bottleneck=5 replicate=0 seed=2 estimator=DANCo k=3 dur=24.387s
[EST START] 2026-05-03T02:21:21.434657 bottleneck=5 replicate=0 seed=2 estimator=DANCo k=5 sigma=0.25
[EST DONE] 2026-05-03T02:21:48.751590 bottleneck=5 replicate=0 seed=2 estimator=DANCo k=5 dur=27.317s
[EST START] 2026-05-03T02:21:48.751701 bottleneck=5 replicate=0 seed=2 estimator=DANCo k=7 sigma=0.25
[EST DONE] 2026-05-03T02:22:15.691368 bottleneck=5 replicate=0 seed=2 estimator=DANCo k=7 dur=26.940s
[EST START] 2026-05-03T02:22:15.691468 bottleneck=5 replicate=0 seed=2 estimator=DANCo k=10 sigma=0.25
[EST DONE] 2026-05-03T02:22:46.713235 bottleneck=5 replicate=0 seed=2 estimator=DANCo k=10 dur=31.022s
[EST START] 2026-05-03T02:22:46.713372 bottleneck=5 replicate=0 seed=2 estimator=DANCo k=15 sigma=0.25
[EST DONE] 2026-05-03T02:23:20.024035 bottleneck=5 replicate=0 seed=2 estimator=DANCo k=15 dur=33.311s
[EST START] 2026-05-03T02:23:20.024221 bottleneck=5 replicate=0 seed=2 estimator=MiND k=3 sigma=0.25
[EST DONE] 2026-05-03T02:23:27.493049 bottleneck=5 replicate=0 seed=2 estimator=MiND k=3 dur=7.469s
[EST START] 2026-05-03T02:23:27.493155 bottleneck=5 replicate=0 seed=2 estimator=MiND k=5 sigma=0.25
[EST DONE] 2026-05-03T02:23:35.267704 bottleneck=5 replicate=0 seed=2 estimator=MiND k=5 dur=7.775s
[EST START] 2026-05-03T02:23:35.267824 bottleneck=5 replicate=0 seed=2 estimator=MiND k=7 sigma=0.25
[EST DONE] 2026-05-03T02:23:43.191665 bottleneck=5 replicate=0 seed=2 estimator=MiND k=7 dur=7.924s
[EST START] 2026-05-03T02:23:43.191758 bottleneck=5 replicate=0 seed=2 estimator=MiND k=10 sigma=0.25
[EST DONE] 2026-05-03T02:23:51.234318 bottleneck=5 replicate=0 seed=2 estimator=MiND k=10 dur=8.043s
[EST START] 2026-05-03T02:23:51.234423 bottleneck=5 replicate=0 seed=2 estimator=MiND k=15 sigma=0.25
[EST DONE] 2026-05-03T02:23:59.256671 bottleneck=5 replicate=0 seed=2 estimator=MiND k=15 dur=8.022s
[EST START] 2026-05-03T02:23:59.256835 bottleneck=5 replicate=0 seed=2 estimator=FisherS k=ALL sigma=0.25
[EST DONE] 2026-05-03T02:24:02.046369 bottleneck=5 replicate=0 seed=2 estimator=FisherS k=ALL dur=2.790s
[EST START] 2026-05-03T02:24:02.153976 bottleneck=5 replicate=0 seed=2 estimator=Levina-Bickel k=3 sigma=0.5
[EST DONE] 2026-05-03T02:24:02.434894 bottleneck=5 replicate=0 seed=2 estimator=Levina-Bickel k=3 dur=0.281s
[EST START] 2026-05-03T02:24:02.434985 bottleneck=5 replicate=0 seed=2 estimator=Levina-Bickel k=5 sigma=0.5
[EST DONE] 2026-05-03T02:24:02.718736 bottleneck=5 replicate=0 seed=2 estimator=Levina-Bickel k=5 dur=0.284s
[EST START] 2026-05-03T02:24:02.718827 bottleneck=5 replicate=0 seed=2 estimator=Levina-Bickel k=7 sigma=0.5
[EST DONE] 2026-05-03T02:24:03.004362 bottleneck=5 replicate=0 seed=2 estimator=Levina-Bickel k=7 dur=0.286s
[EST START] 2026-05-03T02:24:03.004477 bottleneck=5 replicate=0 seed=2 estimator=Levina-Bickel k=10 sigma=0.5
[EST DONE] 2026-05-03T02:24:03.297152 bottleneck=5 replicate=0 seed=2 estimator=Levina-Bickel k=10 dur=0.293s
[EST START] 2026-05-03T02:24:03.297318 bottleneck=5 replicate=0 seed=2 estimator=Levina-Bickel k=15 sigma=0.5
[EST DONE] 2026-05-03T02:24:03.596743 bottleneck=5 replicate=0 seed=2 estimator=Levina-Bickel k=15 dur=0.299s
[EST START] 2026-05-03T02:24:03.596846 bottleneck=5 replicate=0 seed=2 estimator=TwoNN k=ALL sigma=0.5
[EST DONE] 2026-05-03T02:24:03.874884 bottleneck=5 replicate=0 seed=2 estimator=TwoNN k=ALL dur=0.278s
[EST START] 2026-05-03T02:24:03.875064 bottleneck=5 replicate=0 seed=2 estimator=lPCA k=3 sigma=0.5
[EST DONE] 2026-05-03T02:24:08.022958 bottleneck=5 replicate=0 seed=2 estimator=lPCA k=3 dur=4.148s
[EST START] 2026-05-03T02:24:08.023029 bottleneck=5 replicate=0 seed=2 estimator=lPCA k=5 sigma=0.5
[EST DONE] 2026-05-03T02:24:12.757779 bottleneck=5 replicate=0 seed=2 estimator=lPCA k=5 dur=4.735s
[EST START] 2026-05-03T02:24:12.757893 bottleneck=5 replicate=0 seed=2 estimator=lPCA k=7 sigma=0.5
[EST DONE] 2026-05-03T02:24:17.872028 bottleneck=5 replicate=0 seed=2 estimator=lPCA k=7 dur=5.114s
[EST START] 2026-05-03T02:24:17.872215 bottleneck=5 replicate=0 seed=2 estimator=lPCA k=10 sigma=0.5
[EST DONE] 2026-05-03T02:24:23.523871 bottleneck=5 replicate=0 seed=2 estimator=lPCA k=10 dur=5.652s
[EST START] 2026-05-03T02:24:23.523989 bottleneck=5 replicate=0 seed=2 estimator=lPCA k=15 sigma=0.5
[EST DONE] 2026-05-03T02:24:30.443838 bottleneck=5 replicate=0 seed=2 estimator=lPCA k=15 dur=6.920s
[EST START] 2026-05-03T02:24:30.443949 bottleneck=5 replicate=0 seed=2 estimator=DANCo k=3 sigma=0.5
[EST DONE] 2026-05-03T02:24:54.150834 bottleneck=5 replicate=0 seed=2 estimator=DANCo k=3 dur=23.707s
[EST START] 2026-05-03T02:24:54.150942 bottleneck=5 replicate=0 seed=2 estimator=DANCo k=5 sigma=0.5
[EST DONE] 2026-05-03T02:25:20.878482 bottleneck=5 replicate=0 seed=2 estimator=DANCo k=5 dur=26.728s
[EST START] 2026-05-03T02:25:20.878611 bottleneck=5 replicate=0 seed=2 estimator=DANCo k=7 sigma=0.5
[EST DONE] 2026-05-03T02:25:48.135838 bottleneck=5 replicate=0 seed=2 estimator=DANCo k=7 dur=27.257s
[EST START] 2026-05-03T02:25:48.136017 bottleneck=5 replicate=0 seed=2 estimator=DANCo k=10 sigma=0.5
[EST DONE] 2026-05-03T02:26:18.001974 bottleneck=5 replicate=0 seed=2 estimator=DANCo k=10 dur=29.866s
[EST START] 2026-05-03T02:26:18.002091 bottleneck=5 replicate=0 seed=2 estimator=DANCo k=15 sigma=0.5
[EST DONE] 2026-05-03T02:26:54.562068 bottleneck=5 replicate=0 seed=2 estimator=DANCo k=15 dur=36.560s
[EST START] 2026-05-03T02:26:54.562182 bottleneck=5 replicate=0 seed=2 estimator=MiND k=3 sigma=0.5
[EST DONE] 2026-05-03T02:27:17.291071 bottleneck=5 replicate=0 seed=2 estimator=MiND k=3 dur=22.729s
[EST START] 2026-05-03T02:27:17.291203 bottleneck=5 replicate=0 seed=2 estimator=MiND k=5 sigma=0.5
[EST DONE] 2026-05-03T02:27:31.219481 bottleneck=5 replicate=0 seed=2 estimator=MiND k=5 dur=13.928s
[EST START] 2026-05-03T02:27:31.219618 bottleneck=5 replicate=0 seed=2 estimator=MiND k=7 sigma=0.5
[EST DONE] 2026-05-03T02:27:42.785424 bottleneck=5 replicate=0 seed=2 estimator=MiND k=7 dur=11.566s
[EST START] 2026-05-03T02:27:42.785596 bottleneck=5 replicate=0 seed=2 estimator=MiND k=10 sigma=0.5
[EST DONE] 2026-05-03T02:27:56.372673 bottleneck=5 replicate=0 seed=2 estimator=MiND k=10 dur=13.587s
[EST START] 2026-05-03T02:27:56.372781 bottleneck=5 replicate=0 seed=2 estimator=MiND k=15 sigma=0.5
[EST DONE] 2026-05-03T02:28:07.848801 bottleneck=5 replicate=0 seed=2 estimator=MiND k=15 dur=11.476s
[EST START] 2026-05-03T02:28:07.848895 bottleneck=5 replicate=0 seed=2 estimator=FisherS k=ALL sigma=0.5
[EST DONE] 2026-05-03T02:28:10.850215 bottleneck=5 replicate=0 seed=2 estimator=FisherS k=ALL dur=3.001s
[EST START] 2026-05-03T02:28:10.998211 bottleneck=5 replicate=0 seed=2 estimator=Levina-Bickel k=3 sigma=0.75
[EST DONE] 2026-05-03T02:28:11.420929 bottleneck=5 replicate=0 seed=2 estimator=Levina-Bickel k=3 dur=0.423s
[EST START] 2026-05-03T02:28:11.421018 bottleneck=5 replicate=0 seed=2 estimator=Levina-Bickel k=5 sigma=0.75
[EST DONE] 2026-05-03T02:28:11.733895 bottleneck=5 replicate=0 seed=2 estimator=Levina-Bickel k=5 dur=0.313s
[EST START] 2026-05-03T02:28:11.734044 bottleneck=5 replicate=0 seed=2 estimator=Levina-Bickel k=7 sigma=0.75
[EST DONE] 2026-05-03T02:28:12.022819 bottleneck=5 replicate=0 seed=2 estimator=Levina-Bickel k=7 dur=0.289s
[EST START] 2026-05-03T02:28:12.022939 bottleneck=5 replicate=0 seed=2 estimator=Levina-Bickel k=10 sigma=0.75
[EST DONE] 2026-05-03T02:28:12.318505 bottleneck=5 replicate=0 seed=2 estimator=Levina-Bickel k=10 dur=0.296s
[EST START] 2026-05-03T02:28:12.318645 bottleneck=5 replicate=0 seed=2 estimator=Levina-Bickel k=15 sigma=0.75
[EST DONE] 2026-05-03T02:28:12.621783 bottleneck=5 replicate=0 seed=2 estimator=Levina-Bickel k=15 dur=0.303s
[EST START] 2026-05-03T02:28:12.621900 bottleneck=5 replicate=0 seed=2 estimator=TwoNN k=ALL sigma=0.75
[EST DONE] 2026-05-03T02:28:12.911575 bottleneck=5 replicate=0 seed=2 estimator=TwoNN k=ALL dur=0.290s
[EST START] 2026-05-03T02:28:12.911667 bottleneck=5 replicate=0 seed=2 estimator=lPCA k=3 sigma=0.75
[EST DONE] 2026-05-03T02:28:17.196297 bottleneck=5 replicate=0 seed=2 estimator=lPCA k=3 dur=4.285s
[EST START] 2026-05-03T02:28:17.196409 bottleneck=5 replicate=0 seed=2 estimator=lPCA k=5 sigma=0.75
[EST DONE] 2026-05-03T02:28:21.982089 bottleneck=5 replicate=0 seed=2 estimator=lPCA k=5 dur=4.786s
[EST START] 2026-05-03T02:28:21.982184 bottleneck=5 replicate=0 seed=2 estimator=lPCA k=7 sigma=0.75
[EST DONE] 2026-05-03T02:28:27.536663 bottleneck=5 replicate=0 seed=2 estimator=lPCA k=7 dur=5.554s
[EST START] 2026-05-03T02:28:27.536820 bottleneck=5 replicate=0 seed=2 estimator=lPCA k=10 sigma=0.75
[EST DONE] 2026-05-03T02:28:33.417456 bottleneck=5 replicate=0 seed=2 estimator=lPCA k=10 dur=5.881s
[EST START] 2026-05-03T02:28:33.417598 bottleneck=5 replicate=0 seed=2 estimator=lPCA k=15 sigma=0.75
[EST DONE] 2026-05-03T02:28:40.482394 bottleneck=5 replicate=0 seed=2 estimator=lPCA k=15 dur=7.065s
[EST START] 2026-05-03T02:28:40.482494 bottleneck=5 replicate=0 seed=2 estimator=DANCo k=3 sigma=0.75
[EST DONE] 2026-05-03T02:29:06.561059 bottleneck=5 replicate=0 seed=2 estimator=DANCo k=3 dur=26.078s
[EST START] 2026-05-03T02:29:06.561172 bottleneck=5 replicate=0 seed=2 estimator=DANCo k=5 sigma=0.75
[EST DONE] 2026-05-03T02:29:35.227536 bottleneck=5 replicate=0 seed=2 estimator=DANCo k=5 dur=28.666s
[EST START] 2026-05-03T02:29:35.227675 bottleneck=5 replicate=0 seed=2 estimator=DANCo k=7 sigma=0.75
[EST DONE] 2026-05-03T02:30:05.920919 bottleneck=5 replicate=0 seed=2 estimator=DANCo k=7 dur=30.693s
[EST START] 2026-05-03T02:30:05.921081 bottleneck=5 replicate=0 seed=2 estimator=DANCo k=10 sigma=0.75
[EST DONE] 2026-05-03T02:30:38.688076 bottleneck=5 replicate=0 seed=2 estimator=DANCo k=10 dur=32.767s
[EST START] 2026-05-03T02:30:38.688198 bottleneck=5 replicate=0 seed=2 estimator=DANCo k=15 sigma=0.75
[EST DONE] 2026-05-03T02:31:15.980626 bottleneck=5 replicate=0 seed=2 estimator=DANCo k=15 dur=37.292s
[EST START] 2026-05-03T02:31:15.980769 bottleneck=5 replicate=0 seed=2 estimator=MiND k=3 sigma=0.75
[EST DONE] 2026-05-03T02:31:25.871817 bottleneck=5 replicate=0 seed=2 estimator=MiND k=3 dur=9.891s
[EST START] 2026-05-03T02:31:25.871907 bottleneck=5 replicate=0 seed=2 estimator=MiND k=5 sigma=0.75
[EST DONE] 2026-05-03T02:31:35.089420 bottleneck=5 replicate=0 seed=2 estimator=MiND k=5 dur=9.217s
[EST START] 2026-05-03T02:31:35.089502 bottleneck=5 replicate=0 seed=2 estimator=MiND k=7 sigma=0.75
[EST DONE] 2026-05-03T02:31:43.841806 bottleneck=5 replicate=0 seed=2 estimator=MiND k=7 dur=8.752s
[EST START] 2026-05-03T02:31:43.841988 bottleneck=5 replicate=0 seed=2 estimator=MiND k=10 sigma=0.75
[EST DONE] 2026-05-03T02:31:53.154466 bottleneck=5 replicate=0 seed=2 estimator=MiND k=10 dur=9.312s
[EST START] 2026-05-03T02:31:53.154559 bottleneck=5 replicate=0 seed=2 estimator=MiND k=15 sigma=0.75
[EST DONE] 2026-05-03T02:32:01.019523 bottleneck=5 replicate=0 seed=2 estimator=MiND k=15 dur=7.865s
[EST START] 2026-05-03T02:32:01.019616 bottleneck=5 replicate=0 seed=2 estimator=FisherS k=ALL sigma=0.75
[EST DONE] 2026-05-03T02:32:03.632126 bottleneck=5 replicate=0 seed=2 estimator=FisherS k=ALL dur=2.612s
[EST START] 2026-05-03T02:32:03.766559 bottleneck=5 replicate=0 seed=2 estimator=Levina-Bickel k=3 sigma=1.0
[EST DONE] 2026-05-03T02:32:04.282358 bottleneck=5 replicate=0 seed=2 estimator=Levina-Bickel k=3 dur=0.516s
[EST START] 2026-05-03T02:32:04.282447 bottleneck=5 replicate=0 seed=2 estimator=Levina-Bickel k=5 sigma=1.0
[EST DONE] 2026-05-03T02:32:04.567886 bottleneck=5 replicate=0 seed=2 estimator=Levina-Bickel k=5 dur=0.285s
[EST START] 2026-05-03T02:32:04.568054 bottleneck=5 replicate=0 seed=2 estimator=Levina-Bickel k=7 sigma=1.0
[EST DONE] 2026-05-03T02:32:05.191345 bottleneck=5 replicate=0 seed=2 estimator=Levina-Bickel k=7 dur=0.623s
[EST START] 2026-05-03T02:32:05.191469 bottleneck=5 replicate=0 seed=2 estimator=Levina-Bickel k=10 sigma=1.0
[EST DONE] 2026-05-03T02:32:05.578591 bottleneck=5 replicate=0 seed=2 estimator=Levina-Bickel k=10 dur=0.387s
[EST START] 2026-05-03T02:32:05.578695 bottleneck=5 replicate=0 seed=2 estimator=Levina-Bickel k=15 sigma=1.0
[EST DONE] 2026-05-03T02:32:05.881177 bottleneck=5 replicate=0 seed=2 estimator=Levina-Bickel k=15 dur=0.302s
[EST START] 2026-05-03T02:32:05.881307 bottleneck=5 replicate=0 seed=2 estimator=TwoNN k=ALL sigma=1.0
[EST DONE] 2026-05-03T02:32:06.172398 bottleneck=5 replicate=0 seed=2 estimator=TwoNN k=ALL dur=0.291s
[EST START] 2026-05-03T02:32:06.172500 bottleneck=5 replicate=0 seed=2 estimator=lPCA k=3 sigma=1.0
[EST DONE] 2026-05-03T02:32:10.398325 bottleneck=5 replicate=0 seed=2 estimator=lPCA k=3 dur=4.226s
[EST START] 2026-05-03T02:32:10.398483 bottleneck=5 replicate=0 seed=2 estimator=lPCA k=5 sigma=1.0
[EST DONE] 2026-05-03T02:32:15.147718 bottleneck=5 replicate=0 seed=2 estimator=lPCA k=5 dur=4.749s
[EST START] 2026-05-03T02:32:15.147801 bottleneck=5 replicate=0 seed=2 estimator=lPCA k=7 sigma=1.0
[EST DONE] 2026-05-03T02:32:20.529338 bottleneck=5 replicate=0 seed=2 estimator=lPCA k=7 dur=5.382s
[EST START] 2026-05-03T02:32:20.529460 bottleneck=5 replicate=0 seed=2 estimator=lPCA k=10 sigma=1.0
[EST DONE] 2026-05-03T02:32:26.256165 bottleneck=5 replicate=0 seed=2 estimator=lPCA k=10 dur=5.727s
[EST START] 2026-05-03T02:32:26.256269 bottleneck=5 replicate=0 seed=2 estimator=lPCA k=15 sigma=1.0
[EST DONE] 2026-05-03T02:32:33.267607 bottleneck=5 replicate=0 seed=2 estimator=lPCA k=15 dur=7.011s
[EST START] 2026-05-03T02:32:33.267704 bottleneck=5 replicate=0 seed=2 estimator=DANCo k=3 sigma=1.0
[EST DONE] 2026-05-03T02:32:59.877728 bottleneck=5 replicate=0 seed=2 estimator=DANCo k=3 dur=26.610s
[EST START] 2026-05-03T02:32:59.877968 bottleneck=5 replicate=0 seed=2 estimator=DANCo k=5 sigma=1.0
[EST DONE] 2026-05-03T02:33:28.779092 bottleneck=5 replicate=0 seed=2 estimator=DANCo k=5 dur=28.901s
[EST START] 2026-05-03T02:33:28.779204 bottleneck=5 replicate=0 seed=2 estimator=DANCo k=7 sigma=1.0
[EST DONE] 2026-05-03T02:33:58.163365 bottleneck=5 replicate=0 seed=2 estimator=DANCo k=7 dur=29.384s
[EST START] 2026-05-03T02:33:58.163475 bottleneck=5 replicate=0 seed=2 estimator=DANCo k=10 sigma=1.0
[EST DONE] 2026-05-03T02:34:30.297256 bottleneck=5 replicate=0 seed=2 estimator=DANCo k=10 dur=32.134s
[EST START] 2026-05-03T02:34:30.297395 bottleneck=5 replicate=0 seed=2 estimator=DANCo k=15 sigma=1.0
[EST DONE] 2026-05-03T02:35:06.771837 bottleneck=5 replicate=0 seed=2 estimator=DANCo k=15 dur=36.474s
[EST START] 2026-05-03T02:35:06.772029 bottleneck=5 replicate=0 seed=2 estimator=MiND k=3 sigma=1.0
[EST DONE] 2026-05-03T02:35:14.478349 bottleneck=5 replicate=0 seed=2 estimator=MiND k=3 dur=7.706s
[EST START] 2026-05-03T02:35:14.478513 bottleneck=5 replicate=0 seed=2 estimator=MiND k=5 sigma=1.0
[EST DONE] 2026-05-03T02:35:22.695096 bottleneck=5 replicate=0 seed=2 estimator=MiND k=5 dur=8.217s
[EST START] 2026-05-03T02:35:22.695196 bottleneck=5 replicate=0 seed=2 estimator=MiND k=7 sigma=1.0
[EST DONE] 2026-05-03T02:35:30.781205 bottleneck=5 replicate=0 seed=2 estimator=MiND k=7 dur=8.086s
[EST START] 2026-05-03T02:35:30.781300 bottleneck=5 replicate=0 seed=2 estimator=MiND k=10 sigma=1.0
[EST DONE] 2026-05-03T02:35:39.743864 bottleneck=5 replicate=0 seed=2 estimator=MiND k=10 dur=8.962s
[EST START] 2026-05-03T02:35:39.743965 bottleneck=5 replicate=0 seed=2 estimator=MiND k=15 sigma=1.0
[EST DONE] 2026-05-03T02:35:48.254061 bottleneck=5 replicate=0 seed=2 estimator=MiND k=15 dur=8.510s
[EST START] 2026-05-03T02:35:48.254216 bottleneck=5 replicate=0 seed=2 estimator=FisherS k=ALL sigma=1.0
[EST DONE] 2026-05-03T02:35:51.236937 bottleneck=5 replicate=0 seed=2 estimator=FisherS k=ALL dur=2.983s
[MNIST TASK START] 2026-05-03T02:35:51.237442 bottleneck=7 replicate=0 seed=2
[AE START] seed=2 bottleneck=7 epochs=50 subset=5000
[AE EPOCH] epoch=1/50 loss=0.222277 epoch_time=0.35s device=cuda
[AE EPOCH] epoch=2/50 loss=0.177667 epoch_time=0.08s device=cuda
[AE EPOCH] epoch=3/50 loss=0.106323 epoch_time=0.08s device=cuda
[AE EPOCH] epoch=4/50 loss=0.078464 epoch_time=0.08s device=cuda
[AE EPOCH] epoch=5/50 loss=0.073110 epoch_time=0.08s device=cuda
[AE EPOCH] epoch=6/50 loss=0.071417 epoch_time=0.08s device=cuda
[AE EPOCH] epoch=7/50 loss=0.070479 epoch_time=0.08s device=cuda
[AE EPOCH] epoch=8/50 loss=0.069695 epoch_time=0.08s device=cuda
[AE EPOCH] epoch=9/50 loss=0.068837 epoch_time=0.08s device=cuda
[AE EPOCH] epoch=10/50 loss=0.067760 epoch_time=0.08s device=cuda
[AE EPOCH] epoch=11/50 loss=0.066283 epoch_time=0.08s device=cuda
[AE EPOCH] epoch=12/50 loss=0.064389 epoch_time=0.08s device=cuda
[AE EPOCH] epoch=13/50 loss=0.062282 epoch_time=0.08s device=cuda
[AE EPOCH] epoch=14/50 loss=0.060319 epoch_time=0.10s device=cuda
[AE EPOCH] epoch=15/50 loss=0.058489 epoch_time=0.08s device=cuda
[AE EPOCH] epoch=16/50 loss=0.056710 epoch_time=0.13s device=cuda
[AE EPOCH] epoch=17/50 loss=0.054981 epoch_time=0.08s device=cuda
[AE EPOCH] epoch=18/50 loss=0.053297 epoch_time=0.09s device=cuda
[AE EPOCH] epoch=19/50 loss=0.051724 epoch_time=0.10s device=cuda
[AE EPOCH] epoch=20/50 loss=0.050280 epoch_time=0.11s device=cuda
[AE EPOCH] epoch=21/50 loss=0.048996 epoch_time=0.08s device=cuda
[AE EPOCH] epoch=22/50 loss=0.047808 epoch_time=0.08s device=cuda
[AE EPOCH] epoch=23/50 loss=0.046680 epoch_time=0.09s device=cuda
[AE EPOCH] epoch=24/50 loss=0.045633 epoch_time=0.08s device=cuda
[AE EPOCH] epoch=25/50 loss=0.044639 epoch_time=0.09s device=cuda
[AE EPOCH] epoch=26/50 loss=0.043703 epoch_time=0.09s device=cuda
[AE EPOCH] epoch=27/50 loss=0.042762 epoch_time=0.08s device=cuda
[AE EPOCH] epoch=28/50 loss=0.041903 epoch_time=0.08s device=cuda
[AE EPOCH] epoch=29/50 loss=0.041093 epoch_time=0.13s device=cuda
[AE EPOCH] epoch=30/50 loss=0.040380 epoch_time=0.09s device=cuda
[AE EPOCH] epoch=31/50 loss=0.039751 epoch_time=0.10s device=cuda
[AE EPOCH] epoch=32/50 loss=0.039178 epoch_time=0.10s device=cuda
[AE EPOCH] epoch=33/50 loss=0.038684 epoch_time=0.09s device=cuda
[AE EPOCH] epoch=34/50 loss=0.038226 epoch_time=0.10s device=cuda
[AE EPOCH] epoch=35/50 loss=0.037793 epoch_time=0.09s device=cuda
[AE EPOCH] epoch=36/50 loss=0.037368 epoch_time=0.09s device=cuda
[AE EPOCH] epoch=37/50 loss=0.036959 epoch_time=0.09s device=cuda
[AE EPOCH] epoch=38/50 loss=0.036574 epoch_time=0.09s device=cuda
[AE EPOCH] epoch=39/50 loss=0.036196 epoch_time=0.09s device=cuda
[AE EPOCH] epoch=40/50 loss=0.035827 epoch_time=0.13s device=cuda
[AE EPOCH] epoch=41/50 loss=0.035465 epoch_time=0.09s device=cuda
[AE EPOCH] epoch=42/50 loss=0.035123 epoch_time=0.09s device=cuda
[AE EPOCH] epoch=43/50 loss=0.034809 epoch_time=0.10s device=cuda
[AE EPOCH] epoch=44/50 loss=0.034505 epoch_time=0.09s device=cuda
[AE EPOCH] epoch=45/50 loss=0.034219 epoch_time=0.11s device=cuda
[AE EPOCH] epoch=46/50 loss=0.033971 epoch_time=0.09s device=cuda
[AE EPOCH] epoch=47/50 loss=0.033713 epoch_time=0.08s device=cuda
[AE EPOCH] epoch=48/50 loss=0.033480 epoch_time=0.09s device=cuda
[AE EPOCH] epoch=49/50 loss=0.033271 epoch_time=0.08s device=cuda
[AE EPOCH] epoch=50/50 loss=0.033063 epoch_time=0.08s device=cuda
[AE TRAIN COMPLETE] total_time=4.84s
[AE TRAIN COMPLETE] 2026-05-03T02:36:04.312268 bottleneck=7 replicate=0 dur=13.1s seed=2
[EST START] 2026-05-03T02:36:04.599386 bottleneck=7 replicate=0 seed=2 estimator=Levina-Bickel k=3 sigma=0.0
[EST DONE] 2026-05-03T02:36:05.020581 bottleneck=7 replicate=0 seed=2 estimator=Levina-Bickel k=3 dur=0.421s
[EST START] 2026-05-03T02:36:05.020705 bottleneck=7 replicate=0 seed=2 estimator=Levina-Bickel k=5 sigma=0.0
[EST DONE] 2026-05-03T02:36:05.304878 bottleneck=7 replicate=0 seed=2 estimator=Levina-Bickel k=5 dur=0.284s
[EST START] 2026-05-03T02:36:05.304967 bottleneck=7 replicate=0 seed=2 estimator=Levina-Bickel k=7 sigma=0.0
[EST DONE] 2026-05-03T02:36:05.652779 bottleneck=7 replicate=0 seed=2 estimator=Levina-Bickel k=7 dur=0.348s
[EST START] 2026-05-03T02:36:05.652874 bottleneck=7 replicate=0 seed=2 estimator=Levina-Bickel k=10 sigma=0.0
[EST DONE] 2026-05-03T02:36:06.095196 bottleneck=7 replicate=0 seed=2 estimator=Levina-Bickel k=10 dur=0.442s
[EST START] 2026-05-03T02:36:06.095285 bottleneck=7 replicate=0 seed=2 estimator=Levina-Bickel k=15 sigma=0.0
[EST DONE] 2026-05-03T02:36:06.402252 bottleneck=7 replicate=0 seed=2 estimator=Levina-Bickel k=15 dur=0.307s
[EST START] 2026-05-03T02:36:06.402423 bottleneck=7 replicate=0 seed=2 estimator=TwoNN k=ALL sigma=0.0
[EST DONE] 2026-05-03T02:36:06.713738 bottleneck=7 replicate=0 seed=2 estimator=TwoNN k=ALL dur=0.311s
[EST START] 2026-05-03T02:36:06.713860 bottleneck=7 replicate=0 seed=2 estimator=lPCA k=3 sigma=0.0
[EST DONE] 2026-05-03T02:36:10.953931 bottleneck=7 replicate=0 seed=2 estimator=lPCA k=3 dur=4.240s
[EST START] 2026-05-03T02:36:10.954036 bottleneck=7 replicate=0 seed=2 estimator=lPCA k=5 sigma=0.0
[EST DONE] 2026-05-03T02:36:15.696521 bottleneck=7 replicate=0 seed=2 estimator=lPCA k=5 dur=4.742s
[EST START] 2026-05-03T02:36:15.696599 bottleneck=7 replicate=0 seed=2 estimator=lPCA k=7 sigma=0.0
[EST DONE] 2026-05-03T02:36:20.853568 bottleneck=7 replicate=0 seed=2 estimator=lPCA k=7 dur=5.157s
[EST START] 2026-05-03T02:36:20.853672 bottleneck=7 replicate=0 seed=2 estimator=lPCA k=10 sigma=0.0
[EST DONE] 2026-05-03T02:36:26.672718 bottleneck=7 replicate=0 seed=2 estimator=lPCA k=10 dur=5.819s
[EST START] 2026-05-03T02:36:26.672858 bottleneck=7 replicate=0 seed=2 estimator=lPCA k=15 sigma=0.0
[EST DONE] 2026-05-03T02:36:33.673462 bottleneck=7 replicate=0 seed=2 estimator=lPCA k=15 dur=7.001s
[EST START] 2026-05-03T02:36:33.673590 bottleneck=7 replicate=0 seed=2 estimator=DANCo k=3 sigma=0.0
[EST DONE] 2026-05-03T02:36:59.978708 bottleneck=7 replicate=0 seed=2 estimator=DANCo k=3 dur=26.305s
[EST START] 2026-05-03T02:36:59.978826 bottleneck=7 replicate=0 seed=2 estimator=DANCo k=5 sigma=0.0
[EST DONE] 2026-05-03T02:37:28.158086 bottleneck=7 replicate=0 seed=2 estimator=DANCo k=5 dur=28.179s
[EST START] 2026-05-03T02:37:28.158176 bottleneck=7 replicate=0 seed=2 estimator=DANCo k=7 sigma=0.0
[EST DONE] 2026-05-03T02:37:57.879465 bottleneck=7 replicate=0 seed=2 estimator=DANCo k=7 dur=29.721s
[EST START] 2026-05-03T02:37:57.879603 bottleneck=7 replicate=0 seed=2 estimator=DANCo k=10 sigma=0.0
[EST DONE] 2026-05-03T02:38:30.302730 bottleneck=7 replicate=0 seed=2 estimator=DANCo k=10 dur=32.423s
[EST START] 2026-05-03T02:38:30.302866 bottleneck=7 replicate=0 seed=2 estimator=DANCo k=15 sigma=0.0
[EST DONE] 2026-05-03T02:39:07.810080 bottleneck=7 replicate=0 seed=2 estimator=DANCo k=15 dur=37.507s
[EST START] 2026-05-03T02:39:07.810201 bottleneck=7 replicate=0 seed=2 estimator=MiND k=3 sigma=0.0
[EST DONE] 2026-05-03T02:39:17.506373 bottleneck=7 replicate=0 seed=2 estimator=MiND k=3 dur=9.696s
[EST START] 2026-05-03T02:39:17.506504 bottleneck=7 replicate=0 seed=2 estimator=MiND k=5 sigma=0.0
[EST DONE] 2026-05-03T02:39:27.171531 bottleneck=7 replicate=0 seed=2 estimator=MiND k=5 dur=9.665s
[EST START] 2026-05-03T02:39:27.171650 bottleneck=7 replicate=0 seed=2 estimator=MiND k=7 sigma=0.0
[EST DONE] 2026-05-03T02:39:38.371190 bottleneck=7 replicate=0 seed=2 estimator=MiND k=7 dur=11.200s
[EST START] 2026-05-03T02:39:38.371318 bottleneck=7 replicate=0 seed=2 estimator=MiND k=10 sigma=0.0
[EST DONE] 2026-05-03T02:39:49.544969 bottleneck=7 replicate=0 seed=2 estimator=MiND k=10 dur=11.174s
[EST START] 2026-05-03T02:39:49.545082 bottleneck=7 replicate=0 seed=2 estimator=MiND k=15 sigma=0.0
[EST DONE] 2026-05-03T02:40:00.478527 bottleneck=7 replicate=0 seed=2 estimator=MiND k=15 dur=10.933s
[EST START] 2026-05-03T02:40:00.478684 bottleneck=7 replicate=0 seed=2 estimator=FisherS k=ALL sigma=0.0
[EST DONE] 2026-05-03T02:40:05.755344 bottleneck=7 replicate=0 seed=2 estimator=FisherS k=ALL dur=5.277s
[EST START] 2026-05-03T02:40:05.883416 bottleneck=7 replicate=0 seed=2 estimator=Levina-Bickel k=3 sigma=0.25
[EST DONE] 2026-05-03T02:40:06.175554 bottleneck=7 replicate=0 seed=2 estimator=Levina-Bickel k=3 dur=0.292s
[EST START] 2026-05-03T02:40:06.175671 bottleneck=7 replicate=0 seed=2 estimator=Levina-Bickel k=5 sigma=0.25
[EST DONE] 2026-05-03T02:40:06.464442 bottleneck=7 replicate=0 seed=2 estimator=Levina-Bickel k=5 dur=0.289s
[EST START] 2026-05-03T02:40:06.464530 bottleneck=7 replicate=0 seed=2 estimator=Levina-Bickel k=7 sigma=0.25
[EST DONE] 2026-05-03T02:40:06.763624 bottleneck=7 replicate=0 seed=2 estimator=Levina-Bickel k=7 dur=0.299s
[EST START] 2026-05-03T02:40:06.763753 bottleneck=7 replicate=0 seed=2 estimator=Levina-Bickel k=10 sigma=0.25
[EST DONE] 2026-05-03T02:40:07.068861 bottleneck=7 replicate=0 seed=2 estimator=Levina-Bickel k=10 dur=0.305s
[EST START] 2026-05-03T02:40:07.068971 bottleneck=7 replicate=0 seed=2 estimator=Levina-Bickel k=15 sigma=0.25
[EST DONE] 2026-05-03T02:40:07.401075 bottleneck=7 replicate=0 seed=2 estimator=Levina-Bickel k=15 dur=0.332s
[EST START] 2026-05-03T02:40:07.401179 bottleneck=7 replicate=0 seed=2 estimator=TwoNN k=ALL sigma=0.25
[EST DONE] 2026-05-03T02:40:07.688363 bottleneck=7 replicate=0 seed=2 estimator=TwoNN k=ALL dur=0.287s
[EST START] 2026-05-03T02:40:07.688455 bottleneck=7 replicate=0 seed=2 estimator=lPCA k=3 sigma=0.25
[EST DONE] 2026-05-03T02:40:11.979313 bottleneck=7 replicate=0 seed=2 estimator=lPCA k=3 dur=4.291s
[EST START] 2026-05-03T02:40:11.979420 bottleneck=7 replicate=0 seed=2 estimator=lPCA k=5 sigma=0.25
[EST DONE] 2026-05-03T02:40:16.797262 bottleneck=7 replicate=0 seed=2 estimator=lPCA k=5 dur=4.818s
[EST START] 2026-05-03T02:40:16.797358 bottleneck=7 replicate=0 seed=2 estimator=lPCA k=7 sigma=0.25
[EST DONE] 2026-05-03T02:40:21.887850 bottleneck=7 replicate=0 seed=2 estimator=lPCA k=7 dur=5.090s
[EST START] 2026-05-03T02:40:21.887980 bottleneck=7 replicate=0 seed=2 estimator=lPCA k=10 sigma=0.25
[EST DONE] 2026-05-03T02:40:27.546535 bottleneck=7 replicate=0 seed=2 estimator=lPCA k=10 dur=5.659s
[EST START] 2026-05-03T02:40:27.546658 bottleneck=7 replicate=0 seed=2 estimator=lPCA k=15 sigma=0.25
[EST DONE] 2026-05-03T02:40:34.586243 bottleneck=7 replicate=0 seed=2 estimator=lPCA k=15 dur=7.040s
[EST START] 2026-05-03T02:40:34.586374 bottleneck=7 replicate=0 seed=2 estimator=DANCo k=3 sigma=0.25
[EST DONE] 2026-05-03T02:41:02.369550 bottleneck=7 replicate=0 seed=2 estimator=DANCo k=3 dur=27.783s
[EST START] 2026-05-03T02:41:02.369686 bottleneck=7 replicate=0 seed=2 estimator=DANCo k=5 sigma=0.25
[EST DONE] 2026-05-03T02:41:29.834207 bottleneck=7 replicate=0 seed=2 estimator=DANCo k=5 dur=27.464s
[EST START] 2026-05-03T02:41:29.834317 bottleneck=7 replicate=0 seed=2 estimator=DANCo k=7 sigma=0.25
[EST DONE] 2026-05-03T02:41:59.823115 bottleneck=7 replicate=0 seed=2 estimator=DANCo k=7 dur=29.989s
[EST START] 2026-05-03T02:41:59.823275 bottleneck=7 replicate=0 seed=2 estimator=DANCo k=10 sigma=0.25
[EST DONE] 2026-05-03T02:42:31.366615 bottleneck=7 replicate=0 seed=2 estimator=DANCo k=10 dur=31.543s
[EST START] 2026-05-03T02:42:31.366765 bottleneck=7 replicate=0 seed=2 estimator=DANCo k=15 sigma=0.25
[EST DONE] 2026-05-03T02:43:08.084122 bottleneck=7 replicate=0 seed=2 estimator=DANCo k=15 dur=36.717s
[EST START] 2026-05-03T02:43:08.084289 bottleneck=7 replicate=0 seed=2 estimator=MiND k=3 sigma=0.25
[EST DONE] 2026-05-03T02:43:17.253922 bottleneck=7 replicate=0 seed=2 estimator=MiND k=3 dur=9.170s
[EST START] 2026-05-03T02:43:17.254062 bottleneck=7 replicate=0 seed=2 estimator=MiND k=5 sigma=0.25
[EST DONE] 2026-05-03T02:43:26.058490 bottleneck=7 replicate=0 seed=2 estimator=MiND k=5 dur=8.804s
[EST START] 2026-05-03T02:43:26.058594 bottleneck=7 replicate=0 seed=2 estimator=MiND k=7 sigma=0.25
[EST DONE] 2026-05-03T02:43:36.208861 bottleneck=7 replicate=0 seed=2 estimator=MiND k=7 dur=10.150s
[EST START] 2026-05-03T02:43:36.208968 bottleneck=7 replicate=0 seed=2 estimator=MiND k=10 sigma=0.25
[EST DONE] 2026-05-03T02:43:46.475410 bottleneck=7 replicate=0 seed=2 estimator=MiND k=10 dur=10.266s
[EST START] 2026-05-03T02:43:46.475520 bottleneck=7 replicate=0 seed=2 estimator=MiND k=15 sigma=0.25
[EST DONE] 2026-05-03T02:43:56.665366 bottleneck=7 replicate=0 seed=2 estimator=MiND k=15 dur=10.190s
[EST START] 2026-05-03T02:43:56.665513 bottleneck=7 replicate=0 seed=2 estimator=FisherS k=ALL sigma=0.25
[EST DONE] 2026-05-03T02:44:00.436400 bottleneck=7 replicate=0 seed=2 estimator=FisherS k=ALL dur=3.771s
[EST START] 2026-05-03T02:44:00.580287 bottleneck=7 replicate=0 seed=2 estimator=Levina-Bickel k=3 sigma=0.5
[EST DONE] 2026-05-03T02:44:00.896750 bottleneck=7 replicate=0 seed=2 estimator=Levina-Bickel k=3 dur=0.316s
[EST START] 2026-05-03T02:44:00.896849 bottleneck=7 replicate=0 seed=2 estimator=Levina-Bickel k=5 sigma=0.5
[EST DONE] 2026-05-03T02:44:01.184768 bottleneck=7 replicate=0 seed=2 estimator=Levina-Bickel k=5 dur=0.288s
[EST START] 2026-05-03T02:44:01.184891 bottleneck=7 replicate=0 seed=2 estimator=Levina-Bickel k=7 sigma=0.5
[EST DONE] 2026-05-03T02:44:01.483789 bottleneck=7 replicate=0 seed=2 estimator=Levina-Bickel k=7 dur=0.299s
[EST START] 2026-05-03T02:44:01.483908 bottleneck=7 replicate=0 seed=2 estimator=Levina-Bickel k=10 sigma=0.5
[EST DONE] 2026-05-03T02:44:01.863144 bottleneck=7 replicate=0 seed=2 estimator=Levina-Bickel k=10 dur=0.379s
[EST START] 2026-05-03T02:44:01.863260 bottleneck=7 replicate=0 seed=2 estimator=Levina-Bickel k=15 sigma=0.5
[EST DONE] 2026-05-03T02:44:02.188045 bottleneck=7 replicate=0 seed=2 estimator=Levina-Bickel k=15 dur=0.325s
[EST START] 2026-05-03T02:44:02.188179 bottleneck=7 replicate=0 seed=2 estimator=TwoNN k=ALL sigma=0.5
[EST DONE] 2026-05-03T02:44:02.488377 bottleneck=7 replicate=0 seed=2 estimator=TwoNN k=ALL dur=0.300s
[EST START] 2026-05-03T02:44:02.488511 bottleneck=7 replicate=0 seed=2 estimator=lPCA k=3 sigma=0.5
[EST DONE] 2026-05-03T02:44:06.877941 bottleneck=7 replicate=0 seed=2 estimator=lPCA k=3 dur=4.389s
[EST START] 2026-05-03T02:44:06.878049 bottleneck=7 replicate=0 seed=2 estimator=lPCA k=5 sigma=0.5
[EST DONE] 2026-05-03T02:44:11.680267 bottleneck=7 replicate=0 seed=2 estimator=lPCA k=5 dur=4.802s
[EST START] 2026-05-03T02:44:11.680366 bottleneck=7 replicate=0 seed=2 estimator=lPCA k=7 sigma=0.5
[EST DONE] 2026-05-03T02:44:16.826873 bottleneck=7 replicate=0 seed=2 estimator=lPCA k=7 dur=5.146s
[EST START] 2026-05-03T02:44:16.826990 bottleneck=7 replicate=0 seed=2 estimator=lPCA k=10 sigma=0.5
[EST DONE] 2026-05-03T02:44:22.684554 bottleneck=7 replicate=0 seed=2 estimator=lPCA k=10 dur=5.858s
[EST START] 2026-05-03T02:44:22.684660 bottleneck=7 replicate=0 seed=2 estimator=lPCA k=15 sigma=0.5
[EST DONE] 2026-05-03T02:44:29.678344 bottleneck=7 replicate=0 seed=2 estimator=lPCA k=15 dur=6.994s
[EST START] 2026-05-03T02:44:29.678442 bottleneck=7 replicate=0 seed=2 estimator=DANCo k=3 sigma=0.5
[EST DONE] 2026-05-03T02:44:55.693376 bottleneck=7 replicate=0 seed=2 estimator=DANCo k=3 dur=26.015s
[EST START] 2026-05-03T02:44:55.693507 bottleneck=7 replicate=0 seed=2 estimator=DANCo k=5 sigma=0.5
[EST DONE] 2026-05-03T02:45:24.424468 bottleneck=7 replicate=0 seed=2 estimator=DANCo k=5 dur=28.731s
[EST START] 2026-05-03T02:45:24.424602 bottleneck=7 replicate=0 seed=2 estimator=DANCo k=7 sigma=0.5
[EST DONE] 2026-05-03T02:45:53.977703 bottleneck=7 replicate=0 seed=2 estimator=DANCo k=7 dur=29.553s
[EST START] 2026-05-03T02:45:53.977828 bottleneck=7 replicate=0 seed=2 estimator=DANCo k=10 sigma=0.5
[EST DONE] 2026-05-03T02:46:26.421902 bottleneck=7 replicate=0 seed=2 estimator=DANCo k=10 dur=32.444s
[EST START] 2026-05-03T02:46:26.422016 bottleneck=7 replicate=0 seed=2 estimator=DANCo k=15 sigma=0.5
[EST DONE] 2026-05-03T02:47:05.675160 bottleneck=7 replicate=0 seed=2 estimator=DANCo k=15 dur=39.253s
[EST START] 2026-05-03T02:47:05.675302 bottleneck=7 replicate=0 seed=2 estimator=MiND k=3 sigma=0.5
[EST DONE] 2026-05-03T02:47:13.851524 bottleneck=7 replicate=0 seed=2 estimator=MiND k=3 dur=8.176s
[EST START] 2026-05-03T02:47:13.851630 bottleneck=7 replicate=0 seed=2 estimator=MiND k=5 sigma=0.5
[EST DONE] 2026-05-03T02:47:22.785038 bottleneck=7 replicate=0 seed=2 estimator=MiND k=5 dur=8.933s
[EST START] 2026-05-03T02:47:22.785175 bottleneck=7 replicate=0 seed=2 estimator=MiND k=7 sigma=0.5
[EST DONE] 2026-05-03T02:47:30.991710 bottleneck=7 replicate=0 seed=2 estimator=MiND k=7 dur=8.207s
[EST START] 2026-05-03T02:47:30.991808 bottleneck=7 replicate=0 seed=2 estimator=MiND k=10 sigma=0.5
[EST DONE] 2026-05-03T02:47:38.743956 bottleneck=7 replicate=0 seed=2 estimator=MiND k=10 dur=7.752s
[EST START] 2026-05-03T02:47:38.744074 bottleneck=7 replicate=0 seed=2 estimator=MiND k=15 sigma=0.5
[EST DONE] 2026-05-03T02:47:47.208602 bottleneck=7 replicate=0 seed=2 estimator=MiND k=15 dur=8.464s
[EST START] 2026-05-03T02:47:47.208713 bottleneck=7 replicate=0 seed=2 estimator=FisherS k=ALL sigma=0.5
[EST DONE] 2026-05-03T02:47:52.054432 bottleneck=7 replicate=0 seed=2 estimator=FisherS k=ALL dur=4.846s
[EST START] 2026-05-03T02:47:52.204633 bottleneck=7 replicate=0 seed=2 estimator=Levina-Bickel k=3 sigma=0.75
[EST DONE] 2026-05-03T02:47:52.545347 bottleneck=7 replicate=0 seed=2 estimator=Levina-Bickel k=3 dur=0.341s
[EST START] 2026-05-03T02:47:52.545435 bottleneck=7 replicate=0 seed=2 estimator=Levina-Bickel k=5 sigma=0.75
[EST DONE] 2026-05-03T02:47:52.831857 bottleneck=7 replicate=0 seed=2 estimator=Levina-Bickel k=5 dur=0.286s
[EST START] 2026-05-03T02:47:52.831955 bottleneck=7 replicate=0 seed=2 estimator=Levina-Bickel k=7 sigma=0.75
[EST DONE] 2026-05-03T02:47:53.159115 bottleneck=7 replicate=0 seed=2 estimator=Levina-Bickel k=7 dur=0.327s
[EST START] 2026-05-03T02:47:53.159214 bottleneck=7 replicate=0 seed=2 estimator=Levina-Bickel k=10 sigma=0.75
[EST DONE] 2026-05-03T02:47:53.533038 bottleneck=7 replicate=0 seed=2 estimator=Levina-Bickel k=10 dur=0.374s
[EST START] 2026-05-03T02:47:53.533145 bottleneck=7 replicate=0 seed=2 estimator=Levina-Bickel k=15 sigma=0.75
[EST DONE] 2026-05-03T02:47:54.003185 bottleneck=7 replicate=0 seed=2 estimator=Levina-Bickel k=15 dur=0.470s
[EST START] 2026-05-03T02:47:54.003277 bottleneck=7 replicate=0 seed=2 estimator=TwoNN k=ALL sigma=0.75
[EST DONE] 2026-05-03T02:47:54.328893 bottleneck=7 replicate=0 seed=2 estimator=TwoNN k=ALL dur=0.326s
[EST START] 2026-05-03T02:47:54.328997 bottleneck=7 replicate=0 seed=2 estimator=lPCA k=3 sigma=0.75
[EST DONE] 2026-05-03T02:47:58.469981 bottleneck=7 replicate=0 seed=2 estimator=lPCA k=3 dur=4.141s
[EST START] 2026-05-03T02:47:58.470105 bottleneck=7 replicate=0 seed=2 estimator=lPCA k=5 sigma=0.75
[EST DONE] 2026-05-03T02:48:03.210151 bottleneck=7 replicate=0 seed=2 estimator=lPCA k=5 dur=4.740s
[EST START] 2026-05-03T02:48:03.210260 bottleneck=7 replicate=0 seed=2 estimator=lPCA k=7 sigma=0.75
[EST DONE] 2026-05-03T02:48:08.426436 bottleneck=7 replicate=0 seed=2 estimator=lPCA k=7 dur=5.216s
[EST START] 2026-05-03T02:48:08.426531 bottleneck=7 replicate=0 seed=2 estimator=lPCA k=10 sigma=0.75
[EST DONE] 2026-05-03T02:48:14.164859 bottleneck=7 replicate=0 seed=2 estimator=lPCA k=10 dur=5.738s
[EST START] 2026-05-03T02:48:14.164982 bottleneck=7 replicate=0 seed=2 estimator=lPCA k=15 sigma=0.75
[EST DONE] 2026-05-03T02:48:21.175919 bottleneck=7 replicate=0 seed=2 estimator=lPCA k=15 dur=7.011s
[EST START] 2026-05-03T02:48:21.176026 bottleneck=7 replicate=0 seed=2 estimator=DANCo k=3 sigma=0.75
[EST DONE] 2026-05-03T02:48:46.612451 bottleneck=7 replicate=0 seed=2 estimator=DANCo k=3 dur=25.436s
[EST START] 2026-05-03T02:48:46.612602 bottleneck=7 replicate=0 seed=2 estimator=DANCo k=5 sigma=0.75
[EST DONE] 2026-05-03T02:49:14.317978 bottleneck=7 replicate=0 seed=2 estimator=DANCo k=5 dur=27.705s
[EST START] 2026-05-03T02:49:14.318084 bottleneck=7 replicate=0 seed=2 estimator=DANCo k=7 sigma=0.75
[EST DONE] 2026-05-03T02:49:43.949444 bottleneck=7 replicate=0 seed=2 estimator=DANCo k=7 dur=29.631s
[EST START] 2026-05-03T02:49:43.949562 bottleneck=7 replicate=0 seed=2 estimator=DANCo k=10 sigma=0.75
[EST DONE] 2026-05-03T02:50:16.170084 bottleneck=7 replicate=0 seed=2 estimator=DANCo k=10 dur=32.220s
[EST START] 2026-05-03T02:50:16.170204 bottleneck=7 replicate=0 seed=2 estimator=DANCo k=15 sigma=0.75
[EST DONE] 2026-05-03T02:50:53.095494 bottleneck=7 replicate=0 seed=2 estimator=DANCo k=15 dur=36.925s
[EST START] 2026-05-03T02:50:53.095639 bottleneck=7 replicate=0 seed=2 estimator=MiND k=3 sigma=0.75
[EST DONE] 2026-05-03T02:51:01.538211 bottleneck=7 replicate=0 seed=2 estimator=MiND k=3 dur=8.443s
[EST START] 2026-05-03T02:51:01.538299 bottleneck=7 replicate=0 seed=2 estimator=MiND k=5 sigma=0.75
[EST DONE] 2026-05-03T02:51:10.933797 bottleneck=7 replicate=0 seed=2 estimator=MiND k=5 dur=9.395s
[EST START] 2026-05-03T02:51:10.933909 bottleneck=7 replicate=0 seed=2 estimator=MiND k=7 sigma=0.75
[EST DONE] 2026-05-03T02:51:19.864549 bottleneck=7 replicate=0 seed=2 estimator=MiND k=7 dur=8.931s
[EST START] 2026-05-03T02:51:19.864655 bottleneck=7 replicate=0 seed=2 estimator=MiND k=10 sigma=0.75
[EST DONE] 2026-05-03T02:51:27.546816 bottleneck=7 replicate=0 seed=2 estimator=MiND k=10 dur=7.682s
[EST START] 2026-05-03T02:51:27.546930 bottleneck=7 replicate=0 seed=2 estimator=MiND k=15 sigma=0.75
[EST DONE] 2026-05-03T02:51:36.313303 bottleneck=7 replicate=0 seed=2 estimator=MiND k=15 dur=8.766s
[EST START] 2026-05-03T02:51:36.313450 bottleneck=7 replicate=0 seed=2 estimator=FisherS k=ALL sigma=0.75
[EST DONE] 2026-05-03T02:51:40.537458 bottleneck=7 replicate=0 seed=2 estimator=FisherS k=ALL dur=4.224s
[EST START] 2026-05-03T02:51:40.641580 bottleneck=7 replicate=0 seed=2 estimator=Levina-Bickel k=3 sigma=1.0
[EST DONE] 2026-05-03T02:51:41.014425 bottleneck=7 replicate=0 seed=2 estimator=Levina-Bickel k=3 dur=0.373s
[EST START] 2026-05-03T02:51:41.014522 bottleneck=7 replicate=0 seed=2 estimator=Levina-Bickel k=5 sigma=1.0
[EST DONE] 2026-05-03T02:51:41.307136 bottleneck=7 replicate=0 seed=2 estimator=Levina-Bickel k=5 dur=0.293s
[EST START] 2026-05-03T02:51:41.307221 bottleneck=7 replicate=0 seed=2 estimator=Levina-Bickel k=7 sigma=1.0
[EST DONE] 2026-05-03T02:51:41.615450 bottleneck=7 replicate=0 seed=2 estimator=Levina-Bickel k=7 dur=0.308s
[EST START] 2026-05-03T02:51:41.615580 bottleneck=7 replicate=0 seed=2 estimator=Levina-Bickel k=10 sigma=1.0
[EST DONE] 2026-05-03T02:51:41.921570 bottleneck=7 replicate=0 seed=2 estimator=Levina-Bickel k=10 dur=0.306s
[EST START] 2026-05-03T02:51:41.921676 bottleneck=7 replicate=0 seed=2 estimator=Levina-Bickel k=15 sigma=1.0
[EST DONE] 2026-05-03T02:51:42.235459 bottleneck=7 replicate=0 seed=2 estimator=Levina-Bickel k=15 dur=0.314s
[EST START] 2026-05-03T02:51:42.235550 bottleneck=7 replicate=0 seed=2 estimator=TwoNN k=ALL sigma=1.0
[EST DONE] 2026-05-03T02:51:42.543576 bottleneck=7 replicate=0 seed=2 estimator=TwoNN k=ALL dur=0.308s
[EST START] 2026-05-03T02:51:42.543678 bottleneck=7 replicate=0 seed=2 estimator=lPCA k=3 sigma=1.0
[EST DONE] 2026-05-03T02:51:46.794774 bottleneck=7 replicate=0 seed=2 estimator=lPCA k=3 dur=4.251s
[EST START] 2026-05-03T02:51:46.794862 bottleneck=7 replicate=0 seed=2 estimator=lPCA k=5 sigma=1.0
[EST DONE] 2026-05-03T02:51:51.520485 bottleneck=7 replicate=0 seed=2 estimator=lPCA k=5 dur=4.726s
[EST START] 2026-05-03T02:51:51.520587 bottleneck=7 replicate=0 seed=2 estimator=lPCA k=7 sigma=1.0
[EST DONE] 2026-05-03T02:51:56.690492 bottleneck=7 replicate=0 seed=2 estimator=lPCA k=7 dur=5.170s
[EST START] 2026-05-03T02:51:56.690588 bottleneck=7 replicate=0 seed=2 estimator=lPCA k=10 sigma=1.0
[EST DONE] 2026-05-03T02:52:02.464748 bottleneck=7 replicate=0 seed=2 estimator=lPCA k=10 dur=5.774s
[EST START] 2026-05-03T02:52:02.464867 bottleneck=7 replicate=0 seed=2 estimator=lPCA k=15 sigma=1.0
[EST DONE] 2026-05-03T02:52:09.437045 bottleneck=7 replicate=0 seed=2 estimator=lPCA k=15 dur=6.972s
[EST START] 2026-05-03T02:52:09.437149 bottleneck=7 replicate=0 seed=2 estimator=DANCo k=3 sigma=1.0
[EST DONE] 2026-05-03T02:52:35.871689 bottleneck=7 replicate=0 seed=2 estimator=DANCo k=3 dur=26.435s
[EST START] 2026-05-03T02:52:35.871827 bottleneck=7 replicate=0 seed=2 estimator=DANCo k=5 sigma=1.0
[EST DONE] 2026-05-03T02:53:03.685714 bottleneck=7 replicate=0 seed=2 estimator=DANCo k=5 dur=27.814s
[EST START] 2026-05-03T02:53:03.685845 bottleneck=7 replicate=0 seed=2 estimator=DANCo k=7 sigma=1.0
[EST DONE] 2026-05-03T02:53:32.848825 bottleneck=7 replicate=0 seed=2 estimator=DANCo k=7 dur=29.163s
[EST START] 2026-05-03T02:53:32.848942 bottleneck=7 replicate=0 seed=2 estimator=DANCo k=10 sigma=1.0
[EST DONE] 2026-05-03T02:54:04.898396 bottleneck=7 replicate=0 seed=2 estimator=DANCo k=10 dur=32.049s
[EST START] 2026-05-03T02:54:04.898545 bottleneck=7 replicate=0 seed=2 estimator=DANCo k=15 sigma=1.0
[EST DONE] 2026-05-03T02:54:41.884680 bottleneck=7 replicate=0 seed=2 estimator=DANCo k=15 dur=36.986s
[EST START] 2026-05-03T02:54:41.884809 bottleneck=7 replicate=0 seed=2 estimator=MiND k=3 sigma=1.0
[EST DONE] 2026-05-03T02:54:50.339931 bottleneck=7 replicate=0 seed=2 estimator=MiND k=3 dur=8.455s
[EST START] 2026-05-03T02:54:50.340026 bottleneck=7 replicate=0 seed=2 estimator=MiND k=5 sigma=1.0
[EST DONE] 2026-05-03T02:55:00.963149 bottleneck=7 replicate=0 seed=2 estimator=MiND k=5 dur=10.623s
[EST START] 2026-05-03T02:55:00.963265 bottleneck=7 replicate=0 seed=2 estimator=MiND k=7 sigma=1.0
[EST DONE] 2026-05-03T02:55:09.904602 bottleneck=7 replicate=0 seed=2 estimator=MiND k=7 dur=8.941s
[EST START] 2026-05-03T02:55:09.904751 bottleneck=7 replicate=0 seed=2 estimator=MiND k=10 sigma=1.0
[EST DONE] 2026-05-03T02:55:18.416213 bottleneck=7 replicate=0 seed=2 estimator=MiND k=10 dur=8.511s
[EST START] 2026-05-03T02:55:18.416311 bottleneck=7 replicate=0 seed=2 estimator=MiND k=15 sigma=1.0
[EST DONE] 2026-05-03T02:55:27.267189 bottleneck=7 replicate=0 seed=2 estimator=MiND k=15 dur=8.851s
[EST START] 2026-05-03T02:55:27.267318 bottleneck=7 replicate=0 seed=2 estimator=FisherS k=ALL sigma=1.0
[EST DONE] 2026-05-03T02:55:30.891164 bottleneck=7 replicate=0 seed=2 estimator=FisherS k=ALL dur=3.624s
[MNIST TASK START] 2026-05-03T02:55:30.891402 bottleneck=9 replicate=0 seed=2
[AE START] seed=2 bottleneck=9 epochs=50 subset=5000
[AE EPOCH] epoch=1/50 loss=0.223007 epoch_time=0.32s device=cuda
[AE EPOCH] epoch=2/50 loss=0.177572 epoch_time=0.08s device=cuda
[AE EPOCH] epoch=3/50 loss=0.104320 epoch_time=0.09s device=cuda
[AE EPOCH] epoch=4/50 loss=0.077737 epoch_time=0.09s device=cuda
[AE EPOCH] epoch=5/50 loss=0.072895 epoch_time=0.09s device=cuda
[AE EPOCH] epoch=6/50 loss=0.071148 epoch_time=0.09s device=cuda
[AE EPOCH] epoch=7/50 loss=0.069973 epoch_time=0.09s device=cuda
[AE EPOCH] epoch=8/50 loss=0.068850 epoch_time=0.09s device=cuda
[AE EPOCH] epoch=9/50 loss=0.067526 epoch_time=0.09s device=cuda
[AE EPOCH] epoch=10/50 loss=0.065963 epoch_time=0.09s device=cuda
[AE EPOCH] epoch=11/50 loss=0.064116 epoch_time=0.08s device=cuda
[AE EPOCH] epoch=12/50 loss=0.062245 epoch_time=0.08s device=cuda
[AE EPOCH] epoch=13/50 loss=0.060472 epoch_time=0.08s device=cuda
[AE EPOCH] epoch=14/50 loss=0.058763 epoch_time=0.10s device=cuda
[AE EPOCH] epoch=15/50 loss=0.056987 epoch_time=0.08s device=cuda
[AE EPOCH] epoch=16/50 loss=0.055283 epoch_time=0.09s device=cuda
[AE EPOCH] epoch=17/50 loss=0.053670 epoch_time=0.09s device=cuda
[AE EPOCH] epoch=18/50 loss=0.052250 epoch_time=0.08s device=cuda
[AE EPOCH] epoch=19/50 loss=0.051038 epoch_time=0.08s device=cuda
[AE EPOCH] epoch=20/50 loss=0.049953 epoch_time=0.08s device=cuda
[AE EPOCH] epoch=21/50 loss=0.048872 epoch_time=0.08s device=cuda
[AE EPOCH] epoch=22/50 loss=0.047707 epoch_time=0.12s device=cuda
[AE EPOCH] epoch=23/50 loss=0.046399 epoch_time=0.08s device=cuda
[AE EPOCH] epoch=24/50 loss=0.045022 epoch_time=0.09s device=cuda
[AE EPOCH] epoch=25/50 loss=0.043687 epoch_time=0.08s device=cuda
[AE EPOCH] epoch=26/50 loss=0.042508 epoch_time=0.08s device=cuda
[AE EPOCH] epoch=27/50 loss=0.041527 epoch_time=0.08s device=cuda
[AE EPOCH] epoch=28/50 loss=0.040718 epoch_time=0.10s device=cuda
[AE EPOCH] epoch=29/50 loss=0.040033 epoch_time=0.08s device=cuda
[AE EPOCH] epoch=30/50 loss=0.039451 epoch_time=0.08s device=cuda
[AE EPOCH] epoch=31/50 loss=0.038948 epoch_time=0.11s device=cuda
[AE EPOCH] epoch=32/50 loss=0.038466 epoch_time=0.08s device=cuda
[AE EPOCH] epoch=33/50 loss=0.038016 epoch_time=0.11s device=cuda
[AE EPOCH] epoch=34/50 loss=0.037574 epoch_time=0.10s device=cuda
[AE EPOCH] epoch=35/50 loss=0.037143 epoch_time=0.09s device=cuda
[AE EPOCH] epoch=36/50 loss=0.036702 epoch_time=0.09s device=cuda
[AE EPOCH] epoch=37/50 loss=0.036272 epoch_time=0.09s device=cuda
[AE EPOCH] epoch=38/50 loss=0.035844 epoch_time=0.08s device=cuda
[AE EPOCH] epoch=39/50 loss=0.035425 epoch_time=0.09s device=cuda
[AE EPOCH] epoch=40/50 loss=0.035032 epoch_time=0.12s device=cuda
[AE EPOCH] epoch=41/50 loss=0.034650 epoch_time=0.08s device=cuda
[AE EPOCH] epoch=42/50 loss=0.034284 epoch_time=0.09s device=cuda
[AE EPOCH] epoch=43/50 loss=0.033923 epoch_time=0.10s device=cuda
[AE EPOCH] epoch=44/50 loss=0.033600 epoch_time=0.08s device=cuda
[AE EPOCH] epoch=45/50 loss=0.033281 epoch_time=0.08s device=cuda
[AE EPOCH] epoch=46/50 loss=0.032996 epoch_time=0.12s device=cuda
[AE EPOCH] epoch=47/50 loss=0.032731 epoch_time=0.09s device=cuda
[AE EPOCH] epoch=48/50 loss=0.032454 epoch_time=0.08s device=cuda
[AE EPOCH] epoch=49/50 loss=0.032204 epoch_time=0.08s device=cuda
[AE EPOCH] epoch=50/50 loss=0.031968 epoch_time=0.08s device=cuda
[AE TRAIN COMPLETE] total_time=4.75s
[AE TRAIN COMPLETE] 2026-05-03T02:55:47.664265 bottleneck=9 replicate=0 dur=16.8s seed=2
[EST START] 2026-05-03T02:55:47.817776 bottleneck=9 replicate=0 seed=2 estimator=Levina-Bickel k=3 sigma=0.0
[EST DONE] 2026-05-03T02:55:48.193229 bottleneck=9 replicate=0 seed=2 estimator=Levina-Bickel k=3 dur=0.375s
[EST START] 2026-05-03T02:55:48.193401 bottleneck=9 replicate=0 seed=2 estimator=Levina-Bickel k=5 sigma=0.0
[EST DONE] 2026-05-03T02:55:48.532775 bottleneck=9 replicate=0 seed=2 estimator=Levina-Bickel k=5 dur=0.339s
[EST START] 2026-05-03T02:55:48.532878 bottleneck=9 replicate=0 seed=2 estimator=Levina-Bickel k=7 sigma=0.0
[EST DONE] 2026-05-03T02:55:48.891252 bottleneck=9 replicate=0 seed=2 estimator=Levina-Bickel k=7 dur=0.358s
[EST START] 2026-05-03T02:55:48.891338 bottleneck=9 replicate=0 seed=2 estimator=Levina-Bickel k=10 sigma=0.0
[EST DONE] 2026-05-03T02:55:49.184530 bottleneck=9 replicate=0 seed=2 estimator=Levina-Bickel k=10 dur=0.293s
[EST START] 2026-05-03T02:55:49.184619 bottleneck=9 replicate=0 seed=2 estimator=Levina-Bickel k=15 sigma=0.0
[EST DONE] 2026-05-03T02:55:49.504365 bottleneck=9 replicate=0 seed=2 estimator=Levina-Bickel k=15 dur=0.320s
[EST START] 2026-05-03T02:55:49.504462 bottleneck=9 replicate=0 seed=2 estimator=TwoNN k=ALL sigma=0.0
[EST DONE] 2026-05-03T02:55:49.894531 bottleneck=9 replicate=0 seed=2 estimator=TwoNN k=ALL dur=0.390s
[EST START] 2026-05-03T02:55:49.894644 bottleneck=9 replicate=0 seed=2 estimator=lPCA k=3 sigma=0.0
[EST DONE] 2026-05-03T02:55:54.188885 bottleneck=9 replicate=0 seed=2 estimator=lPCA k=3 dur=4.294s
[EST START] 2026-05-03T02:55:54.188988 bottleneck=9 replicate=0 seed=2 estimator=lPCA k=5 sigma=0.0
[EST DONE] 2026-05-03T02:55:58.971915 bottleneck=9 replicate=0 seed=2 estimator=lPCA k=5 dur=4.783s
[EST START] 2026-05-03T02:55:58.972037 bottleneck=9 replicate=0 seed=2 estimator=lPCA k=7 sigma=0.0
[EST DONE] 2026-05-03T02:56:04.082804 bottleneck=9 replicate=0 seed=2 estimator=lPCA k=7 dur=5.111s
[EST START] 2026-05-03T02:56:04.082915 bottleneck=9 replicate=0 seed=2 estimator=lPCA k=10 sigma=0.0
[EST DONE] 2026-05-03T02:56:09.800400 bottleneck=9 replicate=0 seed=2 estimator=lPCA k=10 dur=5.717s
[EST START] 2026-05-03T02:56:09.800523 bottleneck=9 replicate=0 seed=2 estimator=lPCA k=15 sigma=0.0
[EST DONE] 2026-05-03T02:56:16.806814 bottleneck=9 replicate=0 seed=2 estimator=lPCA k=15 dur=7.006s
[EST START] 2026-05-03T02:56:16.806943 bottleneck=9 replicate=0 seed=2 estimator=DANCo k=3 sigma=0.0
[EST DONE] 2026-05-03T02:56:42.016069 bottleneck=9 replicate=0 seed=2 estimator=DANCo k=3 dur=25.209s
[EST START] 2026-05-03T02:56:42.016213 bottleneck=9 replicate=0 seed=2 estimator=DANCo k=5 sigma=0.0
[EST DONE] 2026-05-03T02:57:09.427129 bottleneck=9 replicate=0 seed=2 estimator=DANCo k=5 dur=27.411s
[EST START] 2026-05-03T02:57:09.427265 bottleneck=9 replicate=0 seed=2 estimator=DANCo k=7 sigma=0.0
[EST DONE] 2026-05-03T02:57:38.369743 bottleneck=9 replicate=0 seed=2 estimator=DANCo k=7 dur=28.942s
[EST START] 2026-05-03T02:57:38.369852 bottleneck=9 replicate=0 seed=2 estimator=DANCo k=10 sigma=0.0
[EST DONE] 2026-05-03T02:58:09.475944 bottleneck=9 replicate=0 seed=2 estimator=DANCo k=10 dur=31.106s
[EST START] 2026-05-03T02:58:09.476070 bottleneck=9 replicate=0 seed=2 estimator=DANCo k=15 sigma=0.0
[EST DONE] 2026-05-03T02:58:45.433473 bottleneck=9 replicate=0 seed=2 estimator=DANCo k=15 dur=35.957s
[EST START] 2026-05-03T02:58:45.433600 bottleneck=9 replicate=0 seed=2 estimator=MiND k=3 sigma=0.0
[EST DONE] 2026-05-03T02:58:54.500148 bottleneck=9 replicate=0 seed=2 estimator=MiND k=3 dur=9.067s
[EST START] 2026-05-03T02:58:54.500265 bottleneck=9 replicate=0 seed=2 estimator=MiND k=5 sigma=0.0
[EST DONE] 2026-05-03T02:59:05.936808 bottleneck=9 replicate=0 seed=2 estimator=MiND k=5 dur=11.437s
[EST START] 2026-05-03T02:59:05.936949 bottleneck=9 replicate=0 seed=2 estimator=MiND k=7 sigma=0.0
[EST DONE] 2026-05-03T02:59:15.980181 bottleneck=9 replicate=0 seed=2 estimator=MiND k=7 dur=10.043s
[EST START] 2026-05-03T02:59:15.980328 bottleneck=9 replicate=0 seed=2 estimator=MiND k=10 sigma=0.0
[EST DONE] 2026-05-03T02:59:26.475181 bottleneck=9 replicate=0 seed=2 estimator=MiND k=10 dur=10.495s
[EST START] 2026-05-03T02:59:26.475284 bottleneck=9 replicate=0 seed=2 estimator=MiND k=15 sigma=0.0
[EST DONE] 2026-05-03T02:59:37.774940 bottleneck=9 replicate=0 seed=2 estimator=MiND k=15 dur=11.300s
[EST START] 2026-05-03T02:59:37.775066 bottleneck=9 replicate=0 seed=2 estimator=FisherS k=ALL sigma=0.0
[EST DONE] 2026-05-03T02:59:41.179414 bottleneck=9 replicate=0 seed=2 estimator=FisherS k=ALL dur=3.404s
[EST START] 2026-05-03T02:59:41.316778 bottleneck=9 replicate=0 seed=2 estimator=Levina-Bickel k=3 sigma=0.25
[EST DONE] 2026-05-03T02:59:41.608732 bottleneck=9 replicate=0 seed=2 estimator=Levina-Bickel k=3 dur=0.292s
[EST START] 2026-05-03T02:59:41.608829 bottleneck=9 replicate=0 seed=2 estimator=Levina-Bickel k=5 sigma=0.25
[EST DONE] 2026-05-03T02:59:41.895112 bottleneck=9 replicate=0 seed=2 estimator=Levina-Bickel k=5 dur=0.286s
[EST START] 2026-05-03T02:59:41.895193 bottleneck=9 replicate=0 seed=2 estimator=Levina-Bickel k=7 sigma=0.25
[EST DONE] 2026-05-03T02:59:42.184901 bottleneck=9 replicate=0 seed=2 estimator=Levina-Bickel k=7 dur=0.290s
[EST START] 2026-05-03T02:59:42.185027 bottleneck=9 replicate=0 seed=2 estimator=Levina-Bickel k=10 sigma=0.25
[EST DONE] 2026-05-03T02:59:42.480821 bottleneck=9 replicate=0 seed=2 estimator=Levina-Bickel k=10 dur=0.296s
[EST START] 2026-05-03T02:59:42.480911 bottleneck=9 replicate=0 seed=2 estimator=Levina-Bickel k=15 sigma=0.25
[EST DONE] 2026-05-03T02:59:42.834861 bottleneck=9 replicate=0 seed=2 estimator=Levina-Bickel k=15 dur=0.354s
[EST START] 2026-05-03T02:59:42.834983 bottleneck=9 replicate=0 seed=2 estimator=TwoNN k=ALL sigma=0.25
[EST DONE] 2026-05-03T02:59:43.232069 bottleneck=9 replicate=0 seed=2 estimator=TwoNN k=ALL dur=0.397s
[EST START] 2026-05-03T02:59:43.232187 bottleneck=9 replicate=0 seed=2 estimator=lPCA k=3 sigma=0.25
[EST DONE] 2026-05-03T02:59:47.409370 bottleneck=9 replicate=0 seed=2 estimator=lPCA k=3 dur=4.177s
[EST START] 2026-05-03T02:59:47.409511 bottleneck=9 replicate=0 seed=2 estimator=lPCA k=5 sigma=0.25
[EST DONE] 2026-05-03T02:59:52.105237 bottleneck=9 replicate=0 seed=2 estimator=lPCA k=5 dur=4.696s
[EST START] 2026-05-03T02:59:52.105349 bottleneck=9 replicate=0 seed=2 estimator=lPCA k=7 sigma=0.25
[EST DONE] 2026-05-03T02:59:57.202994 bottleneck=9 replicate=0 seed=2 estimator=lPCA k=7 dur=5.098s
[EST START] 2026-05-03T02:59:57.203090 bottleneck=9 replicate=0 seed=2 estimator=lPCA k=10 sigma=0.25
[EST DONE] 2026-05-03T03:00:02.950300 bottleneck=9 replicate=0 seed=2 estimator=lPCA k=10 dur=5.747s
[EST START] 2026-05-03T03:00:02.950432 bottleneck=9 replicate=0 seed=2 estimator=lPCA k=15 sigma=0.25
[EST DONE] 2026-05-03T03:00:09.980443 bottleneck=9 replicate=0 seed=2 estimator=lPCA k=15 dur=7.030s
[EST START] 2026-05-03T03:00:09.980554 bottleneck=9 replicate=0 seed=2 estimator=DANCo k=3 sigma=0.25
[EST DONE] 2026-05-03T03:00:35.899906 bottleneck=9 replicate=0 seed=2 estimator=DANCo k=3 dur=25.919s
[EST START] 2026-05-03T03:00:35.900020 bottleneck=9 replicate=0 seed=2 estimator=DANCo k=5 sigma=0.25
[EST DONE] 2026-05-03T03:01:04.268025 bottleneck=9 replicate=0 seed=2 estimator=DANCo k=5 dur=28.368s
[EST START] 2026-05-03T03:01:04.268147 bottleneck=9 replicate=0 seed=2 estimator=DANCo k=7 sigma=0.25
[EST DONE] 2026-05-03T03:01:35.303356 bottleneck=9 replicate=0 seed=2 estimator=DANCo k=7 dur=31.035s
[EST START] 2026-05-03T03:01:35.303459 bottleneck=9 replicate=0 seed=2 estimator=DANCo k=10 sigma=0.25
[EST DONE] 2026-05-03T03:02:08.246759 bottleneck=9 replicate=0 seed=2 estimator=DANCo k=10 dur=32.943s
[EST START] 2026-05-03T03:02:08.246880 bottleneck=9 replicate=0 seed=2 estimator=DANCo k=15 sigma=0.25
[EST DONE] 2026-05-03T03:02:44.842122 bottleneck=9 replicate=0 seed=2 estimator=DANCo k=15 dur=36.595s
[EST START] 2026-05-03T03:02:44.842271 bottleneck=9 replicate=0 seed=2 estimator=MiND k=3 sigma=0.25
[EST DONE] 2026-05-03T03:02:52.961796 bottleneck=9 replicate=0 seed=2 estimator=MiND k=3 dur=8.119s
[EST START] 2026-05-03T03:02:52.961898 bottleneck=9 replicate=0 seed=2 estimator=MiND k=5 sigma=0.25
[EST DONE] 2026-05-03T03:03:01.909602 bottleneck=9 replicate=0 seed=2 estimator=MiND k=5 dur=8.948s
[EST START] 2026-05-03T03:03:01.909721 bottleneck=9 replicate=0 seed=2 estimator=MiND k=7 sigma=0.25
[EST DONE] 2026-05-03T03:03:11.685058 bottleneck=9 replicate=0 seed=2 estimator=MiND k=7 dur=9.775s
[EST START] 2026-05-03T03:03:11.685179 bottleneck=9 replicate=0 seed=2 estimator=MiND k=10 sigma=0.25
[EST DONE] 2026-05-03T03:03:20.992674 bottleneck=9 replicate=0 seed=2 estimator=MiND k=10 dur=9.307s
[EST START] 2026-05-03T03:03:20.992805 bottleneck=9 replicate=0 seed=2 estimator=MiND k=15 sigma=0.25
[EST DONE] 2026-05-03T03:03:29.792778 bottleneck=9 replicate=0 seed=2 estimator=MiND k=15 dur=8.800s
[EST START] 2026-05-03T03:03:29.792905 bottleneck=9 replicate=0 seed=2 estimator=FisherS k=ALL sigma=0.25
[EST DONE] 2026-05-03T03:03:33.754836 bottleneck=9 replicate=0 seed=2 estimator=FisherS k=ALL dur=3.962s
[EST START] 2026-05-03T03:03:33.881305 bottleneck=9 replicate=0 seed=2 estimator=Levina-Bickel k=3 sigma=0.5
[EST DONE] 2026-05-03T03:03:34.186048 bottleneck=9 replicate=0 seed=2 estimator=Levina-Bickel k=3 dur=0.305s
[EST START] 2026-05-03T03:03:34.186159 bottleneck=9 replicate=0 seed=2 estimator=Levina-Bickel k=5 sigma=0.5
[EST DONE] 2026-05-03T03:03:34.485137 bottleneck=9 replicate=0 seed=2 estimator=Levina-Bickel k=5 dur=0.299s
[EST START] 2026-05-03T03:03:34.485238 bottleneck=9 replicate=0 seed=2 estimator=Levina-Bickel k=7 sigma=0.5
[EST DONE] 2026-05-03T03:03:34.819723 bottleneck=9 replicate=0 seed=2 estimator=Levina-Bickel k=7 dur=0.334s
[EST START] 2026-05-03T03:03:34.819849 bottleneck=9 replicate=0 seed=2 estimator=Levina-Bickel k=10 sigma=0.5
[EST DONE] 2026-05-03T03:03:35.119524 bottleneck=9 replicate=0 seed=2 estimator=Levina-Bickel k=10 dur=0.300s
[EST START] 2026-05-03T03:03:35.119629 bottleneck=9 replicate=0 seed=2 estimator=Levina-Bickel k=15 sigma=0.5
[EST DONE] 2026-05-03T03:03:35.420514 bottleneck=9 replicate=0 seed=2 estimator=Levina-Bickel k=15 dur=0.301s
[EST START] 2026-05-03T03:03:35.420664 bottleneck=9 replicate=0 seed=2 estimator=TwoNN k=ALL sigma=0.5
[EST DONE] 2026-05-03T03:03:35.707670 bottleneck=9 replicate=0 seed=2 estimator=TwoNN k=ALL dur=0.287s
[EST START] 2026-05-03T03:03:35.707773 bottleneck=9 replicate=0 seed=2 estimator=lPCA k=3 sigma=0.5
[EST DONE] 2026-05-03T03:03:39.919752 bottleneck=9 replicate=0 seed=2 estimator=lPCA k=3 dur=4.212s
[EST START] 2026-05-03T03:03:39.919868 bottleneck=9 replicate=0 seed=2 estimator=lPCA k=5 sigma=0.5
[EST DONE] 2026-05-03T03:03:44.663927 bottleneck=9 replicate=0 seed=2 estimator=lPCA k=5 dur=4.744s
[EST START] 2026-05-03T03:03:44.664046 bottleneck=9 replicate=0 seed=2 estimator=lPCA k=7 sigma=0.5
[EST DONE] 2026-05-03T03:03:49.785243 bottleneck=9 replicate=0 seed=2 estimator=lPCA k=7 dur=5.121s
[EST START] 2026-05-03T03:03:49.785338 bottleneck=9 replicate=0 seed=2 estimator=lPCA k=10 sigma=0.5
[EST DONE] 2026-05-03T03:03:55.500319 bottleneck=9 replicate=0 seed=2 estimator=lPCA k=10 dur=5.715s
[EST START] 2026-05-03T03:03:55.500448 bottleneck=9 replicate=0 seed=2 estimator=lPCA k=15 sigma=0.5
[EST DONE] 2026-05-03T03:04:02.526276 bottleneck=9 replicate=0 seed=2 estimator=lPCA k=15 dur=7.026s
[EST START] 2026-05-03T03:04:02.526399 bottleneck=9 replicate=0 seed=2 estimator=DANCo k=3 sigma=0.5
[EST DONE] 2026-05-03T03:04:27.960689 bottleneck=9 replicate=0 seed=2 estimator=DANCo k=3 dur=25.434s
[EST START] 2026-05-03T03:04:27.960806 bottleneck=9 replicate=0 seed=2 estimator=DANCo k=5 sigma=0.5
[EST DONE] 2026-05-03T03:04:55.844373 bottleneck=9 replicate=0 seed=2 estimator=DANCo k=5 dur=27.884s
[EST START] 2026-05-03T03:04:55.844477 bottleneck=9 replicate=0 seed=2 estimator=DANCo k=7 sigma=0.5
[EST DONE] 2026-05-03T03:05:25.681042 bottleneck=9 replicate=0 seed=2 estimator=DANCo k=7 dur=29.837s
[EST START] 2026-05-03T03:05:25.681157 bottleneck=9 replicate=0 seed=2 estimator=DANCo k=10 sigma=0.5
[EST DONE] 2026-05-03T03:05:58.337250 bottleneck=9 replicate=0 seed=2 estimator=DANCo k=10 dur=32.656s
[EST START] 2026-05-03T03:05:58.337379 bottleneck=9 replicate=0 seed=2 estimator=DANCo k=15 sigma=0.5
[EST DONE] 2026-05-03T03:06:34.858556 bottleneck=9 replicate=0 seed=2 estimator=DANCo k=15 dur=36.521s
[EST START] 2026-05-03T03:06:34.858692 bottleneck=9 replicate=0 seed=2 estimator=MiND k=3 sigma=0.5
[EST DONE] 2026-05-03T03:06:42.348257 bottleneck=9 replicate=0 seed=2 estimator=MiND k=3 dur=7.490s
[EST START] 2026-05-03T03:06:42.348377 bottleneck=9 replicate=0 seed=2 estimator=MiND k=5 sigma=0.5
[EST DONE] 2026-05-03T03:06:50.415887 bottleneck=9 replicate=0 seed=2 estimator=MiND k=5 dur=8.067s
[EST START] 2026-05-03T03:06:50.416003 bottleneck=9 replicate=0 seed=2 estimator=MiND k=7 sigma=0.5
[EST DONE] 2026-05-03T03:06:59.512571 bottleneck=9 replicate=0 seed=2 estimator=MiND k=7 dur=9.097s
[EST START] 2026-05-03T03:06:59.512686 bottleneck=9 replicate=0 seed=2 estimator=MiND k=10 sigma=0.5
[EST DONE] 2026-05-03T03:07:09.619800 bottleneck=9 replicate=0 seed=2 estimator=MiND k=10 dur=10.107s
[EST START] 2026-05-03T03:07:09.619906 bottleneck=9 replicate=0 seed=2 estimator=MiND k=15 sigma=0.5
[EST DONE] 2026-05-03T03:07:17.934268 bottleneck=9 replicate=0 seed=2 estimator=MiND k=15 dur=8.314s
[EST START] 2026-05-03T03:07:17.934411 bottleneck=9 replicate=0 seed=2 estimator=FisherS k=ALL sigma=0.5
[EST DONE] 2026-05-03T03:07:21.512542 bottleneck=9 replicate=0 seed=2 estimator=FisherS k=ALL dur=3.578s
[EST START] 2026-05-03T03:07:21.641508 bottleneck=9 replicate=0 seed=2 estimator=Levina-Bickel k=3 sigma=0.75
[EST DONE] 2026-05-03T03:07:22.013789 bottleneck=9 replicate=0 seed=2 estimator=Levina-Bickel k=3 dur=0.372s
[EST START] 2026-05-03T03:07:22.013916 bottleneck=9 replicate=0 seed=2 estimator=Levina-Bickel k=5 sigma=0.75
[EST DONE] 2026-05-03T03:07:22.385129 bottleneck=9 replicate=0 seed=2 estimator=Levina-Bickel k=5 dur=0.371s
[EST START] 2026-05-03T03:07:22.385225 bottleneck=9 replicate=0 seed=2 estimator=Levina-Bickel k=7 sigma=0.75
[EST DONE] 2026-05-03T03:07:22.697076 bottleneck=9 replicate=0 seed=2 estimator=Levina-Bickel k=7 dur=0.312s
[EST START] 2026-05-03T03:07:22.697204 bottleneck=9 replicate=0 seed=2 estimator=Levina-Bickel k=10 sigma=0.75
[EST DONE] 2026-05-03T03:07:22.997392 bottleneck=9 replicate=0 seed=2 estimator=Levina-Bickel k=10 dur=0.300s
[EST START] 2026-05-03T03:07:22.997505 bottleneck=9 replicate=0 seed=2 estimator=Levina-Bickel k=15 sigma=0.75
[EST DONE] 2026-05-03T03:07:23.357773 bottleneck=9 replicate=0 seed=2 estimator=Levina-Bickel k=15 dur=0.360s
[EST START] 2026-05-03T03:07:23.357887 bottleneck=9 replicate=0 seed=2 estimator=TwoNN k=ALL sigma=0.75
[EST DONE] 2026-05-03T03:07:23.807432 bottleneck=9 replicate=0 seed=2 estimator=TwoNN k=ALL dur=0.450s
[EST START] 2026-05-03T03:07:23.807533 bottleneck=9 replicate=0 seed=2 estimator=lPCA k=3 sigma=0.75
[EST DONE] 2026-05-03T03:07:28.139747 bottleneck=9 replicate=0 seed=2 estimator=lPCA k=3 dur=4.332s
[EST START] 2026-05-03T03:07:28.139887 bottleneck=9 replicate=0 seed=2 estimator=lPCA k=5 sigma=0.75
[EST DONE] 2026-05-03T03:07:32.935071 bottleneck=9 replicate=0 seed=2 estimator=lPCA k=5 dur=4.795s
[EST START] 2026-05-03T03:07:32.935200 bottleneck=9 replicate=0 seed=2 estimator=lPCA k=7 sigma=0.75
[EST DONE] 2026-05-03T03:07:38.087665 bottleneck=9 replicate=0 seed=2 estimator=lPCA k=7 dur=5.152s
[EST START] 2026-05-03T03:07:38.087796 bottleneck=9 replicate=0 seed=2 estimator=lPCA k=10 sigma=0.75
[EST DONE] 2026-05-03T03:07:43.974171 bottleneck=9 replicate=0 seed=2 estimator=lPCA k=10 dur=5.886s
[EST START] 2026-05-03T03:07:43.974305 bottleneck=9 replicate=0 seed=2 estimator=lPCA k=15 sigma=0.75
[EST DONE] 2026-05-03T03:07:51.119395 bottleneck=9 replicate=0 seed=2 estimator=lPCA k=15 dur=7.145s
[EST START] 2026-05-03T03:07:51.119499 bottleneck=9 replicate=0 seed=2 estimator=DANCo k=3 sigma=0.75
[EST DONE] 2026-05-03T03:08:17.472430 bottleneck=9 replicate=0 seed=2 estimator=DANCo k=3 dur=26.353s
[EST START] 2026-05-03T03:08:17.472566 bottleneck=9 replicate=0 seed=2 estimator=DANCo k=5 sigma=0.75
[EST DONE] 2026-05-03T03:08:46.812121 bottleneck=9 replicate=0 seed=2 estimator=DANCo k=5 dur=29.340s
[EST START] 2026-05-03T03:08:46.812255 bottleneck=9 replicate=0 seed=2 estimator=DANCo k=7 sigma=0.75
[EST DONE] 2026-05-03T03:09:17.290201 bottleneck=9 replicate=0 seed=2 estimator=DANCo k=7 dur=30.478s
[EST START] 2026-05-03T03:09:17.290313 bottleneck=9 replicate=0 seed=2 estimator=DANCo k=10 sigma=0.75
[EST DONE] 2026-05-03T03:09:49.338320 bottleneck=9 replicate=0 seed=2 estimator=DANCo k=10 dur=32.048s
[EST START] 2026-05-03T03:09:49.338482 bottleneck=9 replicate=0 seed=2 estimator=DANCo k=15 sigma=0.75
[EST DONE] 2026-05-03T03:10:25.022333 bottleneck=9 replicate=0 seed=2 estimator=DANCo k=15 dur=35.684s
[EST START] 2026-05-03T03:10:25.022463 bottleneck=9 replicate=0 seed=2 estimator=MiND k=3 sigma=0.75
[EST DONE] 2026-05-03T03:10:32.814020 bottleneck=9 replicate=0 seed=2 estimator=MiND k=3 dur=7.792s
[EST START] 2026-05-03T03:10:32.814135 bottleneck=9 replicate=0 seed=2 estimator=MiND k=5 sigma=0.75
[EST DONE] 2026-05-03T03:10:41.012407 bottleneck=9 replicate=0 seed=2 estimator=MiND k=5 dur=8.198s
[EST START] 2026-05-03T03:10:41.012518 bottleneck=9 replicate=0 seed=2 estimator=MiND k=7 sigma=0.75
[EST DONE] 2026-05-03T03:10:50.801137 bottleneck=9 replicate=0 seed=2 estimator=MiND k=7 dur=9.789s
[EST START] 2026-05-03T03:10:50.801256 bottleneck=9 replicate=0 seed=2 estimator=MiND k=10 sigma=0.75
[EST DONE] 2026-05-03T03:10:59.007014 bottleneck=9 replicate=0 seed=2 estimator=MiND k=10 dur=8.206s
[EST START] 2026-05-03T03:10:59.007109 bottleneck=9 replicate=0 seed=2 estimator=MiND k=15 sigma=0.75
[EST DONE] 2026-05-03T03:11:09.103451 bottleneck=9 replicate=0 seed=2 estimator=MiND k=15 dur=10.096s
[EST START] 2026-05-03T03:11:09.103602 bottleneck=9 replicate=0 seed=2 estimator=FisherS k=ALL sigma=0.75
[EST DONE] 2026-05-03T03:11:12.499813 bottleneck=9 replicate=0 seed=2 estimator=FisherS k=ALL dur=3.396s
[EST START] 2026-05-03T03:11:12.630783 bottleneck=9 replicate=0 seed=2 estimator=Levina-Bickel k=3 sigma=1.0
[EST DONE] 2026-05-03T03:11:12.942466 bottleneck=9 replicate=0 seed=2 estimator=Levina-Bickel k=3 dur=0.312s
[EST START] 2026-05-03T03:11:12.942566 bottleneck=9 replicate=0 seed=2 estimator=Levina-Bickel k=5 sigma=1.0
[EST DONE] 2026-05-03T03:11:13.240788 bottleneck=9 replicate=0 seed=2 estimator=Levina-Bickel k=5 dur=0.298s
[EST START] 2026-05-03T03:11:13.240904 bottleneck=9 replicate=0 seed=2 estimator=Levina-Bickel k=7 sigma=1.0
[EST DONE] 2026-05-03T03:11:13.653105 bottleneck=9 replicate=0 seed=2 estimator=Levina-Bickel k=7 dur=0.412s
[EST START] 2026-05-03T03:11:13.653206 bottleneck=9 replicate=0 seed=2 estimator=Levina-Bickel k=10 sigma=1.0
[EST DONE] 2026-05-03T03:11:13.961835 bottleneck=9 replicate=0 seed=2 estimator=Levina-Bickel k=10 dur=0.309s
[EST START] 2026-05-03T03:11:13.961933 bottleneck=9 replicate=0 seed=2 estimator=Levina-Bickel k=15 sigma=1.0
[EST DONE] 2026-05-03T03:11:14.269139 bottleneck=9 replicate=0 seed=2 estimator=Levina-Bickel k=15 dur=0.307s
[EST START] 2026-05-03T03:11:14.269252 bottleneck=9 replicate=0 seed=2 estimator=TwoNN k=ALL sigma=1.0
[EST DONE] 2026-05-03T03:11:14.564531 bottleneck=9 replicate=0 seed=2 estimator=TwoNN k=ALL dur=0.295s
[EST START] 2026-05-03T03:11:14.564635 bottleneck=9 replicate=0 seed=2 estimator=lPCA k=3 sigma=1.0
[EST DONE] 2026-05-03T03:11:18.787297 bottleneck=9 replicate=0 seed=2 estimator=lPCA k=3 dur=4.223s
[EST START] 2026-05-03T03:11:18.787419 bottleneck=9 replicate=0 seed=2 estimator=lPCA k=5 sigma=1.0
[EST DONE] 2026-05-03T03:11:23.487767 bottleneck=9 replicate=0 seed=2 estimator=lPCA k=5 dur=4.700s
[EST START] 2026-05-03T03:11:23.487860 bottleneck=9 replicate=0 seed=2 estimator=lPCA k=7 sigma=1.0
[EST DONE] 2026-05-03T03:11:28.613243 bottleneck=9 replicate=0 seed=2 estimator=lPCA k=7 dur=5.125s
[EST START] 2026-05-03T03:11:28.613370 bottleneck=9 replicate=0 seed=2 estimator=lPCA k=10 sigma=1.0
[EST DONE] 2026-05-03T03:11:34.523343 bottleneck=9 replicate=0 seed=2 estimator=lPCA k=10 dur=5.910s
[EST START] 2026-05-03T03:11:34.523476 bottleneck=9 replicate=0 seed=2 estimator=lPCA k=15 sigma=1.0
[EST DONE] 2026-05-03T03:11:41.463023 bottleneck=9 replicate=0 seed=2 estimator=lPCA k=15 dur=6.940s
[EST START] 2026-05-03T03:11:41.463142 bottleneck=9 replicate=0 seed=2 estimator=DANCo k=3 sigma=1.0
[EST DONE] 2026-05-03T03:12:07.514752 bottleneck=9 replicate=0 seed=2 estimator=DANCo k=3 dur=26.052s
[EST START] 2026-05-03T03:12:07.514889 bottleneck=9 replicate=0 seed=2 estimator=DANCo k=5 sigma=1.0
[EST DONE] 2026-05-03T03:12:36.112964 bottleneck=9 replicate=0 seed=2 estimator=DANCo k=5 dur=28.598s
[EST START] 2026-05-03T03:12:36.113109 bottleneck=9 replicate=0 seed=2 estimator=DANCo k=7 sigma=1.0
[EST DONE] 2026-05-03T03:13:05.653566 bottleneck=9 replicate=0 seed=2 estimator=DANCo k=7 dur=29.540s
[EST START] 2026-05-03T03:13:05.653680 bottleneck=9 replicate=0 seed=2 estimator=DANCo k=10 sigma=1.0
[EST DONE] 2026-05-03T03:13:37.073765 bottleneck=9 replicate=0 seed=2 estimator=DANCo k=10 dur=31.420s
[EST START] 2026-05-03T03:13:37.073890 bottleneck=9 replicate=0 seed=2 estimator=DANCo k=15 sigma=1.0
[EST DONE] 2026-05-03T03:14:12.552935 bottleneck=9 replicate=0 seed=2 estimator=DANCo k=15 dur=35.479s
[EST START] 2026-05-03T03:14:12.553090 bottleneck=9 replicate=0 seed=2 estimator=MiND k=3 sigma=1.0
[EST DONE] 2026-05-03T03:14:19.906742 bottleneck=9 replicate=0 seed=2 estimator=MiND k=3 dur=7.354s
[EST START] 2026-05-03T03:14:19.906864 bottleneck=9 replicate=0 seed=2 estimator=MiND k=5 sigma=1.0
[EST DONE] 2026-05-03T03:14:28.261586 bottleneck=9 replicate=0 seed=2 estimator=MiND k=5 dur=8.355s
[EST START] 2026-05-03T03:14:28.261719 bottleneck=9 replicate=0 seed=2 estimator=MiND k=7 sigma=1.0
[EST DONE] 2026-05-03T03:14:37.105177 bottleneck=9 replicate=0 seed=2 estimator=MiND k=7 dur=8.843s
[EST START] 2026-05-03T03:14:37.105315 bottleneck=9 replicate=0 seed=2 estimator=MiND k=10 sigma=1.0
[EST DONE] 2026-05-03T03:14:45.540861 bottleneck=9 replicate=0 seed=2 estimator=MiND k=10 dur=8.436s
[EST START] 2026-05-03T03:14:45.540991 bottleneck=9 replicate=0 seed=2 estimator=MiND k=15 sigma=1.0
[EST DONE] 2026-05-03T03:14:54.059456 bottleneck=9 replicate=0 seed=2 estimator=MiND k=15 dur=8.518s
[EST START] 2026-05-03T03:14:54.059589 bottleneck=9 replicate=0 seed=2 estimator=FisherS k=ALL sigma=1.0
[EST DONE] 2026-05-03T03:14:59.268237 bottleneck=9 replicate=0 seed=2 estimator=FisherS k=ALL dur=5.209s
[MNIST TASK START] 2026-05-03T03:14:59.268551 bottleneck=12 replicate=0 seed=2
[AE START] seed=2 bottleneck=12 epochs=50 subset=5000
[AE EPOCH] epoch=1/50 loss=0.223656 epoch_time=0.29s device=cuda
[AE EPOCH] epoch=2/50 loss=0.180078 epoch_time=0.08s device=cuda
[AE EPOCH] epoch=3/50 loss=0.106623 epoch_time=0.08s device=cuda
[AE EPOCH] epoch=4/50 loss=0.078192 epoch_time=0.08s device=cuda
[AE EPOCH] epoch=5/50 loss=0.073017 epoch_time=0.09s device=cuda
[AE EPOCH] epoch=6/50 loss=0.071293 epoch_time=0.10s device=cuda
[AE EPOCH] epoch=7/50 loss=0.070198 epoch_time=0.09s device=cuda
[AE EPOCH] epoch=8/50 loss=0.069117 epoch_time=0.09s device=cuda
[AE EPOCH] epoch=9/50 loss=0.067801 epoch_time=0.09s device=cuda
[AE EPOCH] epoch=10/50 loss=0.066117 epoch_time=0.08s device=cuda
[AE EPOCH] epoch=11/50 loss=0.064113 epoch_time=0.09s device=cuda
[AE EPOCH] epoch=12/50 loss=0.062120 epoch_time=0.09s device=cuda
[AE EPOCH] epoch=13/50 loss=0.060329 epoch_time=0.07s device=cuda
[AE EPOCH] epoch=14/50 loss=0.058640 epoch_time=0.10s device=cuda
[AE EPOCH] epoch=15/50 loss=0.057094 epoch_time=0.15s device=cuda
[AE EPOCH] epoch=16/50 loss=0.055667 epoch_time=0.09s device=cuda
[AE EPOCH] epoch=17/50 loss=0.054242 epoch_time=0.09s device=cuda
[AE EPOCH] epoch=18/50 loss=0.052716 epoch_time=0.09s device=cuda
[AE EPOCH] epoch=19/50 loss=0.051093 epoch_time=0.09s device=cuda
[AE EPOCH] epoch=20/50 loss=0.049519 epoch_time=0.08s device=cuda
[AE EPOCH] epoch=21/50 loss=0.048072 epoch_time=0.11s device=cuda
[AE EPOCH] epoch=22/50 loss=0.046807 epoch_time=0.12s device=cuda
[AE EPOCH] epoch=23/50 loss=0.045694 epoch_time=0.08s device=cuda
[AE EPOCH] epoch=24/50 loss=0.044682 epoch_time=0.08s device=cuda
[AE EPOCH] epoch=25/50 loss=0.043739 epoch_time=0.07s device=cuda
[AE EPOCH] epoch=26/50 loss=0.042843 epoch_time=0.07s device=cuda
[AE EPOCH] epoch=27/50 loss=0.042018 epoch_time=0.07s device=cuda
[AE EPOCH] epoch=28/50 loss=0.041265 epoch_time=0.07s device=cuda
[AE EPOCH] epoch=29/50 loss=0.040544 epoch_time=0.14s device=cuda
[AE EPOCH] epoch=30/50 loss=0.039891 epoch_time=0.09s device=cuda
[AE EPOCH] epoch=31/50 loss=0.039263 epoch_time=0.08s device=cuda
[AE EPOCH] epoch=32/50 loss=0.038673 epoch_time=0.08s device=cuda
[AE EPOCH] epoch=33/50 loss=0.038125 epoch_time=0.08s device=cuda
[AE EPOCH] epoch=34/50 loss=0.037607 epoch_time=0.10s device=cuda
[AE EPOCH] epoch=35/50 loss=0.037075 epoch_time=0.09s device=cuda
[AE EPOCH] epoch=36/50 loss=0.036565 epoch_time=0.09s device=cuda
[AE EPOCH] epoch=37/50 loss=0.036069 epoch_time=0.07s device=cuda
[AE EPOCH] epoch=38/50 loss=0.035585 epoch_time=0.07s device=cuda
[AE EPOCH] epoch=39/50 loss=0.035127 epoch_time=0.17s device=cuda
[AE EPOCH] epoch=40/50 loss=0.034675 epoch_time=0.10s device=cuda
[AE EPOCH] epoch=41/50 loss=0.034236 epoch_time=0.14s device=cuda
[AE EPOCH] epoch=42/50 loss=0.033805 epoch_time=0.12s device=cuda
[AE EPOCH] epoch=43/50 loss=0.033390 epoch_time=0.09s device=cuda
[AE EPOCH] epoch=44/50 loss=0.032988 epoch_time=0.10s device=cuda
[AE EPOCH] epoch=45/50 loss=0.032572 epoch_time=0.09s device=cuda
[AE EPOCH] epoch=46/50 loss=0.032170 epoch_time=0.09s device=cuda
[AE EPOCH] epoch=47/50 loss=0.031774 epoch_time=0.10s device=cuda
[AE EPOCH] epoch=48/50 loss=0.031397 epoch_time=0.10s device=cuda
[AE EPOCH] epoch=49/50 loss=0.031058 epoch_time=0.10s device=cuda
[AE EPOCH] epoch=50/50 loss=0.030715 epoch_time=0.09s device=cuda
[AE TRAIN COMPLETE] total_time=4.88s
[AE TRAIN COMPLETE] 2026-05-03T03:15:10.502958 bottleneck=12 replicate=0 dur=11.2s seed=2
[EST START] 2026-05-03T03:15:10.674215 bottleneck=12 replicate=0 seed=2 estimator=Levina-Bickel k=3 sigma=0.0
[EST DONE] 2026-05-03T03:15:11.093501 bottleneck=12 replicate=0 seed=2 estimator=Levina-Bickel k=3 dur=0.419s
[EST START] 2026-05-03T03:15:11.093633 bottleneck=12 replicate=0 seed=2 estimator=Levina-Bickel k=5 sigma=0.0
[EST DONE] 2026-05-03T03:15:11.395730 bottleneck=12 replicate=0 seed=2 estimator=Levina-Bickel k=5 dur=0.302s
[EST START] 2026-05-03T03:15:11.395822 bottleneck=12 replicate=0 seed=2 estimator=Levina-Bickel k=7 sigma=0.0
[EST DONE] 2026-05-03T03:15:11.737755 bottleneck=12 replicate=0 seed=2 estimator=Levina-Bickel k=7 dur=0.342s
[EST START] 2026-05-03T03:15:11.737873 bottleneck=12 replicate=0 seed=2 estimator=Levina-Bickel k=10 sigma=0.0
[EST DONE] 2026-05-03T03:15:12.124923 bottleneck=12 replicate=0 seed=2 estimator=Levina-Bickel k=10 dur=0.387s
[EST START] 2026-05-03T03:15:12.125031 bottleneck=12 replicate=0 seed=2 estimator=Levina-Bickel k=15 sigma=0.0
[EST DONE] 2026-05-03T03:15:12.464234 bottleneck=12 replicate=0 seed=2 estimator=Levina-Bickel k=15 dur=0.339s
[EST START] 2026-05-03T03:15:12.464359 bottleneck=12 replicate=0 seed=2 estimator=TwoNN k=ALL sigma=0.0
[EST DONE] 2026-05-03T03:15:12.842038 bottleneck=12 replicate=0 seed=2 estimator=TwoNN k=ALL dur=0.378s
[EST START] 2026-05-03T03:15:12.842162 bottleneck=12 replicate=0 seed=2 estimator=lPCA k=3 sigma=0.0
[EST DONE] 2026-05-03T03:15:17.055837 bottleneck=12 replicate=0 seed=2 estimator=lPCA k=3 dur=4.214s
[EST START] 2026-05-03T03:15:17.055936 bottleneck=12 replicate=0 seed=2 estimator=lPCA k=5 sigma=0.0
[EST DONE] 2026-05-03T03:15:21.744458 bottleneck=12 replicate=0 seed=2 estimator=lPCA k=5 dur=4.688s
[EST START] 2026-05-03T03:15:21.744584 bottleneck=12 replicate=0 seed=2 estimator=lPCA k=7 sigma=0.0
[EST DONE] 2026-05-03T03:15:27.037125 bottleneck=12 replicate=0 seed=2 estimator=lPCA k=7 dur=5.293s
[EST START] 2026-05-03T03:15:27.037251 bottleneck=12 replicate=0 seed=2 estimator=lPCA k=10 sigma=0.0
[EST DONE] 2026-05-03T03:15:32.650465 bottleneck=12 replicate=0 seed=2 estimator=lPCA k=10 dur=5.613s
[EST START] 2026-05-03T03:15:32.650572 bottleneck=12 replicate=0 seed=2 estimator=lPCA k=15 sigma=0.0
[EST DONE] 2026-05-03T03:15:39.473688 bottleneck=12 replicate=0 seed=2 estimator=lPCA k=15 dur=6.823s
[EST START] 2026-05-03T03:15:39.473835 bottleneck=12 replicate=0 seed=2 estimator=DANCo k=3 sigma=0.0
[EST DONE] 2026-05-03T03:16:05.563956 bottleneck=12 replicate=0 seed=2 estimator=DANCo k=3 dur=26.090s
[EST START] 2026-05-03T03:16:05.564114 bottleneck=12 replicate=0 seed=2 estimator=DANCo k=5 sigma=0.0
[EST DONE] 2026-05-03T03:16:33.177346 bottleneck=12 replicate=0 seed=2 estimator=DANCo k=5 dur=27.613s
[EST START] 2026-05-03T03:16:33.177448 bottleneck=12 replicate=0 seed=2 estimator=DANCo k=7 sigma=0.0
[EST DONE] 2026-05-03T03:17:02.438997 bottleneck=12 replicate=0 seed=2 estimator=DANCo k=7 dur=29.262s
[EST START] 2026-05-03T03:17:02.439109 bottleneck=12 replicate=0 seed=2 estimator=DANCo k=10 sigma=0.0
[EST DONE] 2026-05-03T03:17:34.511043 bottleneck=12 replicate=0 seed=2 estimator=DANCo k=10 dur=32.072s
[EST START] 2026-05-03T03:17:34.511206 bottleneck=12 replicate=0 seed=2 estimator=DANCo k=15 sigma=0.0
[EST DONE] 2026-05-03T03:18:09.993953 bottleneck=12 replicate=0 seed=2 estimator=DANCo k=15 dur=35.483s
[EST START] 2026-05-03T03:18:09.994070 bottleneck=12 replicate=0 seed=2 estimator=MiND k=3 sigma=0.0
[EST DONE] 2026-05-03T03:18:19.687010 bottleneck=12 replicate=0 seed=2 estimator=MiND k=3 dur=9.693s
[EST START] 2026-05-03T03:18:19.687112 bottleneck=12 replicate=0 seed=2 estimator=MiND k=5 sigma=0.0
[EST DONE] 2026-05-03T03:18:31.321493 bottleneck=12 replicate=0 seed=2 estimator=MiND k=5 dur=11.634s
[EST START] 2026-05-03T03:18:31.321626 bottleneck=12 replicate=0 seed=2 estimator=MiND k=7 sigma=0.0
[EST DONE] 2026-05-03T03:18:43.955269 bottleneck=12 replicate=0 seed=2 estimator=MiND k=7 dur=12.634s
[EST START] 2026-05-03T03:18:43.955409 bottleneck=12 replicate=0 seed=2 estimator=MiND k=10 sigma=0.0
[EST DONE] 2026-05-03T03:18:53.978606 bottleneck=12 replicate=0 seed=2 estimator=MiND k=10 dur=10.023s
[EST START] 2026-05-03T03:18:53.978702 bottleneck=12 replicate=0 seed=2 estimator=MiND k=15 sigma=0.0
[EST DONE] 2026-05-03T03:19:06.346687 bottleneck=12 replicate=0 seed=2 estimator=MiND k=15 dur=12.368s
[EST START] 2026-05-03T03:19:06.346826 bottleneck=12 replicate=0 seed=2 estimator=FisherS k=ALL sigma=0.0
[EST DONE] 2026-05-03T03:19:16.657027 bottleneck=12 replicate=0 seed=2 estimator=FisherS k=ALL dur=10.310s
[EST START] 2026-05-03T03:19:16.794341 bottleneck=12 replicate=0 seed=2 estimator=Levina-Bickel k=3 sigma=0.25
[EST DONE] 2026-05-03T03:19:17.122709 bottleneck=12 replicate=0 seed=2 estimator=Levina-Bickel k=3 dur=0.328s
[EST START] 2026-05-03T03:19:17.122840 bottleneck=12 replicate=0 seed=2 estimator=Levina-Bickel k=5 sigma=0.25
[EST DONE] 2026-05-03T03:19:17.421945 bottleneck=12 replicate=0 seed=2 estimator=Levina-Bickel k=5 dur=0.299s
[EST START] 2026-05-03T03:19:17.422039 bottleneck=12 replicate=0 seed=2 estimator=Levina-Bickel k=7 sigma=0.25
[EST DONE] 2026-05-03T03:19:17.703702 bottleneck=12 replicate=0 seed=2 estimator=Levina-Bickel k=7 dur=0.282s
[EST START] 2026-05-03T03:19:17.703801 bottleneck=12 replicate=0 seed=2 estimator=Levina-Bickel k=10 sigma=0.25
[EST DONE] 2026-05-03T03:19:18.159384 bottleneck=12 replicate=0 seed=2 estimator=Levina-Bickel k=10 dur=0.456s
[EST START] 2026-05-03T03:19:18.159489 bottleneck=12 replicate=0 seed=2 estimator=Levina-Bickel k=15 sigma=0.25
[EST DONE] 2026-05-03T03:19:18.468281 bottleneck=12 replicate=0 seed=2 estimator=Levina-Bickel k=15 dur=0.309s
[EST START] 2026-05-03T03:19:18.468401 bottleneck=12 replicate=0 seed=2 estimator=TwoNN k=ALL sigma=0.25
[EST DONE] 2026-05-03T03:19:18.876393 bottleneck=12 replicate=0 seed=2 estimator=TwoNN k=ALL dur=0.408s
[EST START] 2026-05-03T03:19:18.876496 bottleneck=12 replicate=0 seed=2 estimator=lPCA k=3 sigma=0.25
[EST DONE] 2026-05-03T03:19:23.033194 bottleneck=12 replicate=0 seed=2 estimator=lPCA k=3 dur=4.157s
[EST START] 2026-05-03T03:19:23.033303 bottleneck=12 replicate=0 seed=2 estimator=lPCA k=5 sigma=0.25
[EST DONE] 2026-05-03T03:19:27.761956 bottleneck=12 replicate=0 seed=2 estimator=lPCA k=5 dur=4.729s
[EST START] 2026-05-03T03:19:27.762072 bottleneck=12 replicate=0 seed=2 estimator=lPCA k=7 sigma=0.25
[EST DONE] 2026-05-03T03:19:32.872042 bottleneck=12 replicate=0 seed=2 estimator=lPCA k=7 dur=5.110s
[EST START] 2026-05-03T03:19:32.872150 bottleneck=12 replicate=0 seed=2 estimator=lPCA k=10 sigma=0.25
[EST DONE] 2026-05-03T03:19:38.608692 bottleneck=12 replicate=0 seed=2 estimator=lPCA k=10 dur=5.737s
[EST START] 2026-05-03T03:19:38.608806 bottleneck=12 replicate=0 seed=2 estimator=lPCA k=15 sigma=0.25
[EST DONE] 2026-05-03T03:19:45.627505 bottleneck=12 replicate=0 seed=2 estimator=lPCA k=15 dur=7.019s
[EST START] 2026-05-03T03:19:45.627625 bottleneck=12 replicate=0 seed=2 estimator=DANCo k=3 sigma=0.25
[EST DONE] 2026-05-03T03:20:10.496572 bottleneck=12 replicate=0 seed=2 estimator=DANCo k=3 dur=24.869s
[EST START] 2026-05-03T03:20:10.496678 bottleneck=12 replicate=0 seed=2 estimator=DANCo k=5 sigma=0.25
[EST DONE] 2026-05-03T03:20:38.093824 bottleneck=12 replicate=0 seed=2 estimator=DANCo k=5 dur=27.597s
[EST START] 2026-05-03T03:20:38.093953 bottleneck=12 replicate=0 seed=2 estimator=DANCo k=7 sigma=0.25
[EST DONE] 2026-05-03T03:21:07.887740 bottleneck=12 replicate=0 seed=2 estimator=DANCo k=7 dur=29.794s
[EST START] 2026-05-03T03:21:07.887922 bottleneck=12 replicate=0 seed=2 estimator=DANCo k=10 sigma=0.25
[EST DONE] 2026-05-03T03:21:39.022699 bottleneck=12 replicate=0 seed=2 estimator=DANCo k=10 dur=31.135s
[EST START] 2026-05-03T03:21:39.022818 bottleneck=12 replicate=0 seed=2 estimator=DANCo k=15 sigma=0.25
[EST DONE] 2026-05-03T03:22:14.862472 bottleneck=12 replicate=0 seed=2 estimator=DANCo k=15 dur=35.840s
[EST START] 2026-05-03T03:22:14.862609 bottleneck=12 replicate=0 seed=2 estimator=MiND k=3 sigma=0.25
[EST DONE] 2026-05-03T03:22:22.951819 bottleneck=12 replicate=0 seed=2 estimator=MiND k=3 dur=8.089s
[EST START] 2026-05-03T03:22:22.951917 bottleneck=12 replicate=0 seed=2 estimator=MiND k=5 sigma=0.25
[EST DONE] 2026-05-03T03:22:32.558890 bottleneck=12 replicate=0 seed=2 estimator=MiND k=5 dur=9.607s
[EST START] 2026-05-03T03:22:32.559018 bottleneck=12 replicate=0 seed=2 estimator=MiND k=7 sigma=0.25
[EST DONE] 2026-05-03T03:22:40.357696 bottleneck=12 replicate=0 seed=2 estimator=MiND k=7 dur=7.799s
[EST START] 2026-05-03T03:22:40.357817 bottleneck=12 replicate=0 seed=2 estimator=MiND k=10 sigma=0.25
[EST DONE] 2026-05-03T03:22:48.843242 bottleneck=12 replicate=0 seed=2 estimator=MiND k=10 dur=8.485s
[EST START] 2026-05-03T03:22:48.843368 bottleneck=12 replicate=0 seed=2 estimator=MiND k=15 sigma=0.25
[EST DONE] 2026-05-03T03:22:57.955060 bottleneck=12 replicate=0 seed=2 estimator=MiND k=15 dur=9.112s
[EST START] 2026-05-03T03:22:57.955183 bottleneck=12 replicate=0 seed=2 estimator=FisherS k=ALL sigma=0.25
[EST DONE] 2026-05-03T03:23:03.400162 bottleneck=12 replicate=0 seed=2 estimator=FisherS k=ALL dur=5.445s
[EST START] 2026-05-03T03:23:03.537140 bottleneck=12 replicate=0 seed=2 estimator=Levina-Bickel k=3 sigma=0.5
[EST DONE] 2026-05-03T03:23:03.934083 bottleneck=12 replicate=0 seed=2 estimator=Levina-Bickel k=3 dur=0.397s
[EST START] 2026-05-03T03:23:03.934209 bottleneck=12 replicate=0 seed=2 estimator=Levina-Bickel k=5 sigma=0.5
[EST DONE] 2026-05-03T03:23:04.312411 bottleneck=12 replicate=0 seed=2 estimator=Levina-Bickel k=5 dur=0.378s
[EST START] 2026-05-03T03:23:04.312524 bottleneck=12 replicate=0 seed=2 estimator=Levina-Bickel k=7 sigma=0.5
[EST DONE] 2026-05-03T03:23:04.765023 bottleneck=12 replicate=0 seed=2 estimator=Levina-Bickel k=7 dur=0.452s
[EST START] 2026-05-03T03:23:04.765139 bottleneck=12 replicate=0 seed=2 estimator=Levina-Bickel k=10 sigma=0.5
[EST DONE] 2026-05-03T03:23:05.265270 bottleneck=12 replicate=0 seed=2 estimator=Levina-Bickel k=10 dur=0.500s
[EST START] 2026-05-03T03:23:05.265375 bottleneck=12 replicate=0 seed=2 estimator=Levina-Bickel k=15 sigma=0.5
[EST DONE] 2026-05-03T03:23:05.599654 bottleneck=12 replicate=0 seed=2 estimator=Levina-Bickel k=15 dur=0.334s
[EST START] 2026-05-03T03:23:05.599768 bottleneck=12 replicate=0 seed=2 estimator=TwoNN k=ALL sigma=0.5
[EST DONE] 2026-05-03T03:23:05.884721 bottleneck=12 replicate=0 seed=2 estimator=TwoNN k=ALL dur=0.285s
[EST START] 2026-05-03T03:23:05.884815 bottleneck=12 replicate=0 seed=2 estimator=lPCA k=3 sigma=0.5
[EST DONE] 2026-05-03T03:23:10.035128 bottleneck=12 replicate=0 seed=2 estimator=lPCA k=3 dur=4.150s
[EST START] 2026-05-03T03:23:10.035238 bottleneck=12 replicate=0 seed=2 estimator=lPCA k=5 sigma=0.5
[EST DONE] 2026-05-03T03:23:14.725794 bottleneck=12 replicate=0 seed=2 estimator=lPCA k=5 dur=4.691s
[EST START] 2026-05-03T03:23:14.725919 bottleneck=12 replicate=0 seed=2 estimator=lPCA k=7 sigma=0.5
[EST DONE] 2026-05-03T03:23:19.878157 bottleneck=12 replicate=0 seed=2 estimator=lPCA k=7 dur=5.152s
[EST START] 2026-05-03T03:23:19.878265 bottleneck=12 replicate=0 seed=2 estimator=lPCA k=10 sigma=0.5
[EST DONE] 2026-05-03T03:23:25.586389 bottleneck=12 replicate=0 seed=2 estimator=lPCA k=10 dur=5.708s
[EST START] 2026-05-03T03:23:25.586505 bottleneck=12 replicate=0 seed=2 estimator=lPCA k=15 sigma=0.5
[EST DONE] 2026-05-03T03:23:32.583682 bottleneck=12 replicate=0 seed=2 estimator=lPCA k=15 dur=6.997s
[EST START] 2026-05-03T03:23:32.583776 bottleneck=12 replicate=0 seed=2 estimator=DANCo k=3 sigma=0.5
[EST DONE] 2026-05-03T03:23:57.382617 bottleneck=12 replicate=0 seed=2 estimator=DANCo k=3 dur=24.799s
[EST START] 2026-05-03T03:23:57.382741 bottleneck=12 replicate=0 seed=2 estimator=DANCo k=5 sigma=0.5
[EST DONE] 2026-05-03T03:24:25.176069 bottleneck=12 replicate=0 seed=2 estimator=DANCo k=5 dur=27.793s
[EST START] 2026-05-03T03:24:25.176199 bottleneck=12 replicate=0 seed=2 estimator=DANCo k=7 sigma=0.5
[EST DONE] 2026-05-03T03:24:54.352800 bottleneck=12 replicate=0 seed=2 estimator=DANCo k=7 dur=29.177s
[EST START] 2026-05-03T03:24:54.352919 bottleneck=12 replicate=0 seed=2 estimator=DANCo k=10 sigma=0.5
[EST DONE] 2026-05-03T03:25:25.506208 bottleneck=12 replicate=0 seed=2 estimator=DANCo k=10 dur=31.153s
[EST START] 2026-05-03T03:25:25.506338 bottleneck=12 replicate=0 seed=2 estimator=DANCo k=15 sigma=0.5
[EST DONE] 2026-05-03T03:26:01.653292 bottleneck=12 replicate=0 seed=2 estimator=DANCo k=15 dur=36.147s
[EST START] 2026-05-03T03:26:01.653435 bottleneck=12 replicate=0 seed=2 estimator=MiND k=3 sigma=0.5
[EST DONE] 2026-05-03T03:26:10.176707 bottleneck=12 replicate=0 seed=2 estimator=MiND k=3 dur=8.523s
[EST START] 2026-05-03T03:26:10.176800 bottleneck=12 replicate=0 seed=2 estimator=MiND k=5 sigma=0.5
[EST DONE] 2026-05-03T03:26:18.651760 bottleneck=12 replicate=0 seed=2 estimator=MiND k=5 dur=8.475s
[EST START] 2026-05-03T03:26:18.651882 bottleneck=12 replicate=0 seed=2 estimator=MiND k=7 sigma=0.5
[EST DONE] 2026-05-03T03:26:26.997699 bottleneck=12 replicate=0 seed=2 estimator=MiND k=7 dur=8.346s
[EST START] 2026-05-03T03:26:26.997818 bottleneck=12 replicate=0 seed=2 estimator=MiND k=10 sigma=0.5
[EST DONE] 2026-05-03T03:26:36.024470 bottleneck=12 replicate=0 seed=2 estimator=MiND k=10 dur=9.027s
[EST START] 2026-05-03T03:26:36.024556 bottleneck=12 replicate=0 seed=2 estimator=MiND k=15 sigma=0.5
[EST DONE] 2026-05-03T03:26:44.504518 bottleneck=12 replicate=0 seed=2 estimator=MiND k=15 dur=8.480s
[EST START] 2026-05-03T03:26:44.504657 bottleneck=12 replicate=0 seed=2 estimator=FisherS k=ALL sigma=0.5
[EST DONE] 2026-05-03T03:26:47.888894 bottleneck=12 replicate=0 seed=2 estimator=FisherS k=ALL dur=3.384s
[EST START] 2026-05-03T03:26:47.983411 bottleneck=12 replicate=0 seed=2 estimator=Levina-Bickel k=3 sigma=0.75
[EST DONE] 2026-05-03T03:26:48.371611 bottleneck=12 replicate=0 seed=2 estimator=Levina-Bickel k=3 dur=0.388s
[EST START] 2026-05-03T03:26:48.371739 bottleneck=12 replicate=0 seed=2 estimator=Levina-Bickel k=5 sigma=0.75
[EST DONE] 2026-05-03T03:26:48.725990 bottleneck=12 replicate=0 seed=2 estimator=Levina-Bickel k=5 dur=0.354s
[EST START] 2026-05-03T03:26:48.726110 bottleneck=12 replicate=0 seed=2 estimator=Levina-Bickel k=7 sigma=0.75
[EST DONE] 2026-05-03T03:26:49.016970 bottleneck=12 replicate=0 seed=2 estimator=Levina-Bickel k=7 dur=0.291s
[EST START] 2026-05-03T03:26:49.017069 bottleneck=12 replicate=0 seed=2 estimator=Levina-Bickel k=10 sigma=0.75
[EST DONE] 2026-05-03T03:26:49.391253 bottleneck=12 replicate=0 seed=2 estimator=Levina-Bickel k=10 dur=0.374s
[EST START] 2026-05-03T03:26:49.391347 bottleneck=12 replicate=0 seed=2 estimator=Levina-Bickel k=15 sigma=0.75
[EST DONE] 2026-05-03T03:26:49.737174 bottleneck=12 replicate=0 seed=2 estimator=Levina-Bickel k=15 dur=0.346s
[EST START] 2026-05-03T03:26:49.737313 bottleneck=12 replicate=0 seed=2 estimator=TwoNN k=ALL sigma=0.75
[EST DONE] 2026-05-03T03:26:50.010591 bottleneck=12 replicate=0 seed=2 estimator=TwoNN k=ALL dur=0.273s
[EST START] 2026-05-03T03:26:50.010690 bottleneck=12 replicate=0 seed=2 estimator=lPCA k=3 sigma=0.75
[EST DONE] 2026-05-03T03:26:54.228768 bottleneck=12 replicate=0 seed=2 estimator=lPCA k=3 dur=4.218s
[EST START] 2026-05-03T03:26:54.228893 bottleneck=12 replicate=0 seed=2 estimator=lPCA k=5 sigma=0.75
[EST DONE] 2026-05-03T03:26:58.994293 bottleneck=12 replicate=0 seed=2 estimator=lPCA k=5 dur=4.765s
[EST START] 2026-05-03T03:26:58.994400 bottleneck=12 replicate=0 seed=2 estimator=lPCA k=7 sigma=0.75
[EST DONE] 2026-05-03T03:27:04.512112 bottleneck=12 replicate=0 seed=2 estimator=lPCA k=7 dur=5.518s
[EST START] 2026-05-03T03:27:04.512226 bottleneck=12 replicate=0 seed=2 estimator=lPCA k=10 sigma=0.75
[EST DONE] 2026-05-03T03:27:10.251700 bottleneck=12 replicate=0 seed=2 estimator=lPCA k=10 dur=5.739s
[EST START] 2026-05-03T03:27:10.251800 bottleneck=12 replicate=0 seed=2 estimator=lPCA k=15 sigma=0.75
[EST DONE] 2026-05-03T03:27:17.242801 bottleneck=12 replicate=0 seed=2 estimator=lPCA k=15 dur=6.991s
[EST START] 2026-05-03T03:27:17.242915 bottleneck=12 replicate=0 seed=2 estimator=DANCo k=3 sigma=0.75
[EST DONE] 2026-05-03T03:27:42.933029 bottleneck=12 replicate=0 seed=2 estimator=DANCo k=3 dur=25.690s
[EST START] 2026-05-03T03:27:42.933160 bottleneck=12 replicate=0 seed=2 estimator=DANCo k=5 sigma=0.75
[EST DONE] 2026-05-03T03:28:10.661488 bottleneck=12 replicate=0 seed=2 estimator=DANCo k=5 dur=27.728s
[EST START] 2026-05-03T03:28:10.661630 bottleneck=12 replicate=0 seed=2 estimator=DANCo k=7 sigma=0.75
[EST DONE] 2026-05-03T03:28:40.341450 bottleneck=12 replicate=0 seed=2 estimator=DANCo k=7 dur=29.680s
[EST START] 2026-05-03T03:28:40.341571 bottleneck=12 replicate=0 seed=2 estimator=DANCo k=10 sigma=0.75
[EST DONE] 2026-05-03T03:29:12.199065 bottleneck=12 replicate=0 seed=2 estimator=DANCo k=10 dur=31.857s
[EST START] 2026-05-03T03:29:12.199196 bottleneck=12 replicate=0 seed=2 estimator=DANCo k=15 sigma=0.75
[EST DONE] 2026-05-03T03:29:49.064684 bottleneck=12 replicate=0 seed=2 estimator=DANCo k=15 dur=36.865s
[EST START] 2026-05-03T03:29:49.064798 bottleneck=12 replicate=0 seed=2 estimator=MiND k=3 sigma=0.75
[EST DONE] 2026-05-03T03:29:57.519231 bottleneck=12 replicate=0 seed=2 estimator=MiND k=3 dur=8.454s
[EST START] 2026-05-03T03:29:57.519359 bottleneck=12 replicate=0 seed=2 estimator=MiND k=5 sigma=0.75
[EST DONE] 2026-05-03T03:30:09.850732 bottleneck=12 replicate=0 seed=2 estimator=MiND k=5 dur=12.331s
[EST START] 2026-05-03T03:30:09.850869 bottleneck=12 replicate=0 seed=2 estimator=MiND k=7 sigma=0.75
[EST DONE] 2026-05-03T03:30:28.012600 bottleneck=12 replicate=0 seed=2 estimator=MiND k=7 dur=18.162s
[EST START] 2026-05-03T03:30:28.012741 bottleneck=12 replicate=0 seed=2 estimator=MiND k=10 sigma=0.75
[EST DONE] 2026-05-03T03:30:41.283336 bottleneck=12 replicate=0 seed=2 estimator=MiND k=10 dur=13.271s
[EST START] 2026-05-03T03:30:41.283442 bottleneck=12 replicate=0 seed=2 estimator=MiND k=15 sigma=0.75
[EST DONE] 2026-05-03T03:30:50.765949 bottleneck=12 replicate=0 seed=2 estimator=MiND k=15 dur=9.482s
[EST START] 2026-05-03T03:30:50.766068 bottleneck=12 replicate=0 seed=2 estimator=FisherS k=ALL sigma=0.75
[EST DONE] 2026-05-03T03:30:54.609526 bottleneck=12 replicate=0 seed=2 estimator=FisherS k=ALL dur=3.843s
[EST START] 2026-05-03T03:30:54.747652 bottleneck=12 replicate=0 seed=2 estimator=Levina-Bickel k=3 sigma=1.0
[EST DONE] 2026-05-03T03:30:55.057490 bottleneck=12 replicate=0 seed=2 estimator=Levina-Bickel k=3 dur=0.310s
[EST START] 2026-05-03T03:30:55.057588 bottleneck=12 replicate=0 seed=2 estimator=Levina-Bickel k=5 sigma=1.0
[EST DONE] 2026-05-03T03:30:55.401216 bottleneck=12 replicate=0 seed=2 estimator=Levina-Bickel k=5 dur=0.344s
[EST START] 2026-05-03T03:30:55.401330 bottleneck=12 replicate=0 seed=2 estimator=Levina-Bickel k=7 sigma=1.0
[EST DONE] 2026-05-03T03:30:55.694978 bottleneck=12 replicate=0 seed=2 estimator=Levina-Bickel k=7 dur=0.294s
[EST START] 2026-05-03T03:30:55.695068 bottleneck=12 replicate=0 seed=2 estimator=Levina-Bickel k=10 sigma=1.0
[EST DONE] 2026-05-03T03:30:55.994086 bottleneck=12 replicate=0 seed=2 estimator=Levina-Bickel k=10 dur=0.299s
[EST START] 2026-05-03T03:30:55.994226 bottleneck=12 replicate=0 seed=2 estimator=Levina-Bickel k=15 sigma=1.0
[EST DONE] 2026-05-03T03:30:56.299136 bottleneck=12 replicate=0 seed=2 estimator=Levina-Bickel k=15 dur=0.305s
[EST START] 2026-05-03T03:30:56.299235 bottleneck=12 replicate=0 seed=2 estimator=TwoNN k=ALL sigma=1.0
[EST DONE] 2026-05-03T03:30:56.588331 bottleneck=12 replicate=0 seed=2 estimator=TwoNN k=ALL dur=0.289s
[EST START] 2026-05-03T03:30:56.588460 bottleneck=12 replicate=0 seed=2 estimator=lPCA k=3 sigma=1.0
[EST DONE] 2026-05-03T03:31:00.943771 bottleneck=12 replicate=0 seed=2 estimator=lPCA k=3 dur=4.355s
[EST START] 2026-05-03T03:31:00.943883 bottleneck=12 replicate=0 seed=2 estimator=lPCA k=5 sigma=1.0
[EST DONE] 2026-05-03T03:31:05.745040 bottleneck=12 replicate=0 seed=2 estimator=lPCA k=5 dur=4.801s
[EST START] 2026-05-03T03:31:05.745150 bottleneck=12 replicate=0 seed=2 estimator=lPCA k=7 sigma=1.0
[EST DONE] 2026-05-03T03:31:10.910404 bottleneck=12 replicate=0 seed=2 estimator=lPCA k=7 dur=5.165s
[EST START] 2026-05-03T03:31:10.910513 bottleneck=12 replicate=0 seed=2 estimator=lPCA k=10 sigma=1.0
[EST DONE] 2026-05-03T03:31:16.655482 bottleneck=12 replicate=0 seed=2 estimator=lPCA k=10 dur=5.745s
[EST START] 2026-05-03T03:31:16.655574 bottleneck=12 replicate=0 seed=2 estimator=lPCA k=15 sigma=1.0
[EST DONE] 2026-05-03T03:31:23.778157 bottleneck=12 replicate=0 seed=2 estimator=lPCA k=15 dur=7.123s
[EST START] 2026-05-03T03:31:23.778264 bottleneck=12 replicate=0 seed=2 estimator=DANCo k=3 sigma=1.0
[EST DONE] 2026-05-03T03:31:54.431873 bottleneck=12 replicate=0 seed=2 estimator=DANCo k=3 dur=30.654s
[EST START] 2026-05-03T03:31:54.432006 bottleneck=12 replicate=0 seed=2 estimator=DANCo k=5 sigma=1.0
[EST DONE] 2026-05-03T03:32:23.176992 bottleneck=12 replicate=0 seed=2 estimator=DANCo k=5 dur=28.745s
[EST START] 2026-05-03T03:32:23.177127 bottleneck=12 replicate=0 seed=2 estimator=DANCo k=7 sigma=1.0
[EST DONE] 2026-05-03T03:32:54.095612 bottleneck=12 replicate=0 seed=2 estimator=DANCo k=7 dur=30.918s
[EST START] 2026-05-03T03:32:54.095756 bottleneck=12 replicate=0 seed=2 estimator=DANCo k=10 sigma=1.0
[EST DONE] 2026-05-03T03:33:26.047742 bottleneck=12 replicate=0 seed=2 estimator=DANCo k=10 dur=31.952s
[EST START] 2026-05-03T03:33:26.047860 bottleneck=12 replicate=0 seed=2 estimator=DANCo k=15 sigma=1.0
[EST DONE] 2026-05-03T03:34:02.748527 bottleneck=12 replicate=0 seed=2 estimator=DANCo k=15 dur=36.701s
[EST START] 2026-05-03T03:34:02.748631 bottleneck=12 replicate=0 seed=2 estimator=MiND k=3 sigma=1.0
[EST DONE] 2026-05-03T03:34:10.759216 bottleneck=12 replicate=0 seed=2 estimator=MiND k=3 dur=8.011s
[EST START] 2026-05-03T03:34:10.759346 bottleneck=12 replicate=0 seed=2 estimator=MiND k=5 sigma=1.0
[EST DONE] 2026-05-03T03:34:19.367364 bottleneck=12 replicate=0 seed=2 estimator=MiND k=5 dur=8.608s
[EST START] 2026-05-03T03:34:19.367480 bottleneck=12 replicate=0 seed=2 estimator=MiND k=7 sigma=1.0
[EST DONE] 2026-05-03T03:34:27.503955 bottleneck=12 replicate=0 seed=2 estimator=MiND k=7 dur=8.136s
[EST START] 2026-05-03T03:34:27.504062 bottleneck=12 replicate=0 seed=2 estimator=MiND k=10 sigma=1.0
[EST DONE] 2026-05-03T03:34:35.967383 bottleneck=12 replicate=0 seed=2 estimator=MiND k=10 dur=8.463s
[EST START] 2026-05-03T03:34:35.967497 bottleneck=12 replicate=0 seed=2 estimator=MiND k=15 sigma=1.0
[EST DONE] 2026-05-03T03:34:44.447629 bottleneck=12 replicate=0 seed=2 estimator=MiND k=15 dur=8.480s
[EST START] 2026-05-03T03:34:44.447767 bottleneck=12 replicate=0 seed=2 estimator=FisherS k=ALL sigma=1.0
[EST DONE] 2026-05-03T03:34:49.147402 bottleneck=12 replicate=0 seed=2 estimator=FisherS k=ALL dur=4.700s
[MNIST TASK START] 2026-05-03T03:34:49.147699 bottleneck=15 replicate=0 seed=2
[AE START] seed=2 bottleneck=15 epochs=50 subset=5000
[AE EPOCH] epoch=1/50 loss=0.224679 epoch_time=0.30s device=cuda
[AE EPOCH] epoch=2/50 loss=0.185878 epoch_time=0.11s device=cuda
[AE EPOCH] epoch=3/50 loss=0.111545 epoch_time=0.10s device=cuda
[AE EPOCH] epoch=4/50 loss=0.079425 epoch_time=0.10s device=cuda
[AE EPOCH] epoch=5/50 loss=0.073512 epoch_time=0.14s device=cuda
[AE EPOCH] epoch=6/50 loss=0.071743 epoch_time=0.11s device=cuda
[AE EPOCH] epoch=7/50 loss=0.070766 epoch_time=0.10s device=cuda
[AE EPOCH] epoch=8/50 loss=0.069933 epoch_time=0.10s device=cuda
[AE EPOCH] epoch=9/50 loss=0.068996 epoch_time=0.08s device=cuda
[AE EPOCH] epoch=10/50 loss=0.067715 epoch_time=0.10s device=cuda
[AE EPOCH] epoch=11/50 loss=0.065901 epoch_time=0.10s device=cuda
[AE EPOCH] epoch=12/50 loss=0.063740 epoch_time=0.09s device=cuda
[AE EPOCH] epoch=13/50 loss=0.061531 epoch_time=0.09s device=cuda
[AE EPOCH] epoch=14/50 loss=0.059479 epoch_time=0.10s device=cuda
[AE EPOCH] epoch=15/50 loss=0.057485 epoch_time=0.09s device=cuda
[AE EPOCH] epoch=16/50 loss=0.055553 epoch_time=0.09s device=cuda
[AE EPOCH] epoch=17/50 loss=0.053716 epoch_time=0.09s device=cuda
[AE EPOCH] epoch=18/50 loss=0.052015 epoch_time=0.10s device=cuda
[AE EPOCH] epoch=19/50 loss=0.050504 epoch_time=0.10s device=cuda
[AE EPOCH] epoch=20/50 loss=0.049177 epoch_time=0.09s device=cuda
[AE EPOCH] epoch=21/50 loss=0.048001 epoch_time=0.08s device=cuda
[AE EPOCH] epoch=22/50 loss=0.046956 epoch_time=0.10s device=cuda
[AE EPOCH] epoch=23/50 loss=0.046015 epoch_time=0.08s device=cuda
[AE EPOCH] epoch=24/50 loss=0.045140 epoch_time=0.09s device=cuda
[AE EPOCH] epoch=25/50 loss=0.044230 epoch_time=0.11s device=cuda
[AE EPOCH] epoch=26/50 loss=0.043311 epoch_time=0.10s device=cuda
[AE EPOCH] epoch=27/50 loss=0.042384 epoch_time=0.09s device=cuda
[AE EPOCH] epoch=28/50 loss=0.041475 epoch_time=0.13s device=cuda
[AE EPOCH] epoch=29/50 loss=0.040563 epoch_time=0.10s device=cuda
[AE EPOCH] epoch=30/50 loss=0.039674 epoch_time=0.08s device=cuda
[AE EPOCH] epoch=31/50 loss=0.038817 epoch_time=0.08s device=cuda
[AE EPOCH] epoch=32/50 loss=0.038023 epoch_time=0.08s device=cuda
[AE EPOCH] epoch=33/50 loss=0.037330 epoch_time=0.08s device=cuda
[AE EPOCH] epoch=34/50 loss=0.036680 epoch_time=0.14s device=cuda
[AE EPOCH] epoch=35/50 loss=0.036070 epoch_time=0.10s device=cuda
[AE EPOCH] epoch=36/50 loss=0.035503 epoch_time=0.09s device=cuda
[AE EPOCH] epoch=37/50 loss=0.034988 epoch_time=0.09s device=cuda
[AE EPOCH] epoch=38/50 loss=0.034515 epoch_time=0.11s device=cuda
[AE EPOCH] epoch=39/50 loss=0.034057 epoch_time=0.09s device=cuda
[AE EPOCH] epoch=40/50 loss=0.033632 epoch_time=0.09s device=cuda
[AE EPOCH] epoch=41/50 loss=0.033236 epoch_time=0.09s device=cuda
[AE EPOCH] epoch=42/50 loss=0.032835 epoch_time=0.09s device=cuda
[AE EPOCH] epoch=43/50 loss=0.032480 epoch_time=0.10s device=cuda
[AE EPOCH] epoch=44/50 loss=0.032108 epoch_time=0.08s device=cuda
[AE EPOCH] epoch=45/50 loss=0.031758 epoch_time=0.09s device=cuda
[AE EPOCH] epoch=46/50 loss=0.031427 epoch_time=0.09s device=cuda
[AE EPOCH] epoch=47/50 loss=0.031094 epoch_time=0.08s device=cuda
[AE EPOCH] epoch=48/50 loss=0.030767 epoch_time=0.09s device=cuda
[AE EPOCH] epoch=49/50 loss=0.030451 epoch_time=0.12s device=cuda
[AE EPOCH] epoch=50/50 loss=0.030145 epoch_time=0.10s device=cuda
[AE TRAIN COMPLETE] total_time=5.10s
[AE TRAIN COMPLETE] 2026-05-03T03:35:01.720273 bottleneck=15 replicate=0 dur=12.6s seed=2
[EST START] 2026-05-03T03:35:01.857546 bottleneck=15 replicate=0 seed=2 estimator=Levina-Bickel k=3 sigma=0.0
[EST DONE] 2026-05-03T03:35:02.244995 bottleneck=15 replicate=0 seed=2 estimator=Levina-Bickel k=3 dur=0.387s
[EST START] 2026-05-03T03:35:02.245114 bottleneck=15 replicate=0 seed=2 estimator=Levina-Bickel k=5 sigma=0.0
[EST DONE] 2026-05-03T03:35:02.591928 bottleneck=15 replicate=0 seed=2 estimator=Levina-Bickel k=5 dur=0.347s
[EST START] 2026-05-03T03:35:02.592023 bottleneck=15 replicate=0 seed=2 estimator=Levina-Bickel k=7 sigma=0.0
[EST DONE] 2026-05-03T03:35:02.961995 bottleneck=15 replicate=0 seed=2 estimator=Levina-Bickel k=7 dur=0.370s
[EST START] 2026-05-03T03:35:02.962081 bottleneck=15 replicate=0 seed=2 estimator=Levina-Bickel k=10 sigma=0.0
[EST DONE] 2026-05-03T03:35:03.272326 bottleneck=15 replicate=0 seed=2 estimator=Levina-Bickel k=10 dur=0.310s
[EST START] 2026-05-03T03:35:03.272419 bottleneck=15 replicate=0 seed=2 estimator=Levina-Bickel k=15 sigma=0.0
[EST DONE] 2026-05-03T03:35:03.587837 bottleneck=15 replicate=0 seed=2 estimator=Levina-Bickel k=15 dur=0.315s
[EST START] 2026-05-03T03:35:03.587990 bottleneck=15 replicate=0 seed=2 estimator=TwoNN k=ALL sigma=0.0
[EST DONE] 2026-05-03T03:35:03.889086 bottleneck=15 replicate=0 seed=2 estimator=TwoNN k=ALL dur=0.301s
[EST START] 2026-05-03T03:35:03.889185 bottleneck=15 replicate=0 seed=2 estimator=lPCA k=3 sigma=0.0
[EST DONE] 2026-05-03T03:35:08.261557 bottleneck=15 replicate=0 seed=2 estimator=lPCA k=3 dur=4.372s
[EST START] 2026-05-03T03:35:08.261663 bottleneck=15 replicate=0 seed=2 estimator=lPCA k=5 sigma=0.0
[EST DONE] 2026-05-03T03:35:13.066655 bottleneck=15 replicate=0 seed=2 estimator=lPCA k=5 dur=4.805s
[EST START] 2026-05-03T03:35:13.066768 bottleneck=15 replicate=0 seed=2 estimator=lPCA k=7 sigma=0.0
[EST DONE] 2026-05-03T03:35:18.395113 bottleneck=15 replicate=0 seed=2 estimator=lPCA k=7 dur=5.328s
[EST START] 2026-05-03T03:35:18.395236 bottleneck=15 replicate=0 seed=2 estimator=lPCA k=10 sigma=0.0
[EST DONE] 2026-05-03T03:35:24.044391 bottleneck=15 replicate=0 seed=2 estimator=lPCA k=10 dur=5.649s
[EST START] 2026-05-03T03:35:24.044488 bottleneck=15 replicate=0 seed=2 estimator=lPCA k=15 sigma=0.0
[EST DONE] 2026-05-03T03:35:31.066155 bottleneck=15 replicate=0 seed=2 estimator=lPCA k=15 dur=7.022s
[EST START] 2026-05-03T03:35:31.066274 bottleneck=15 replicate=0 seed=2 estimator=DANCo k=3 sigma=0.0
[EST DONE] 2026-05-03T03:35:58.049621 bottleneck=15 replicate=0 seed=2 estimator=DANCo k=3 dur=26.983s
[EST START] 2026-05-03T03:35:58.049764 bottleneck=15 replicate=0 seed=2 estimator=DANCo k=5 sigma=0.0
[EST DONE] 2026-05-03T03:36:27.094462 bottleneck=15 replicate=0 seed=2 estimator=DANCo k=5 dur=29.045s
[EST START] 2026-05-03T03:36:27.094561 bottleneck=15 replicate=0 seed=2 estimator=DANCo k=7 sigma=0.0
[EST DONE] 2026-05-03T03:36:57.629859 bottleneck=15 replicate=0 seed=2 estimator=DANCo k=7 dur=30.535s
[EST START] 2026-05-03T03:36:57.629986 bottleneck=15 replicate=0 seed=2 estimator=DANCo k=10 sigma=0.0
[EST DONE] 2026-05-03T03:37:30.316408 bottleneck=15 replicate=0 seed=2 estimator=DANCo k=10 dur=32.686s
[EST START] 2026-05-03T03:37:30.316530 bottleneck=15 replicate=0 seed=2 estimator=DANCo k=15 sigma=0.0
[EST DONE] 2026-05-03T03:38:07.435942 bottleneck=15 replicate=0 seed=2 estimator=DANCo k=15 dur=37.119s
[EST START] 2026-05-03T03:38:07.436083 bottleneck=15 replicate=0 seed=2 estimator=MiND k=3 sigma=0.0
[EST DONE] 2026-05-03T03:38:16.906063 bottleneck=15 replicate=0 seed=2 estimator=MiND k=3 dur=9.470s
[EST START] 2026-05-03T03:38:16.906201 bottleneck=15 replicate=0 seed=2 estimator=MiND k=5 sigma=0.0
[EST DONE] 2026-05-03T03:38:28.092784 bottleneck=15 replicate=0 seed=2 estimator=MiND k=5 dur=11.187s
[EST START] 2026-05-03T03:38:28.092899 bottleneck=15 replicate=0 seed=2 estimator=MiND k=7 sigma=0.0
[EST DONE] 2026-05-03T03:38:39.905741 bottleneck=15 replicate=0 seed=2 estimator=MiND k=7 dur=11.813s
[EST START] 2026-05-03T03:38:39.905887 bottleneck=15 replicate=0 seed=2 estimator=MiND k=10 sigma=0.0
[EST DONE] 2026-05-03T03:38:51.662593 bottleneck=15 replicate=0 seed=2 estimator=MiND k=10 dur=11.757s
[EST START] 2026-05-03T03:38:51.662690 bottleneck=15 replicate=0 seed=2 estimator=MiND k=15 sigma=0.0
[EST DONE] 2026-05-03T03:39:02.940952 bottleneck=15 replicate=0 seed=2 estimator=MiND k=15 dur=11.278s
[EST START] 2026-05-03T03:39:02.941106 bottleneck=15 replicate=0 seed=2 estimator=FisherS k=ALL sigma=0.0
[EST DONE] 2026-05-03T03:39:07.073950 bottleneck=15 replicate=0 seed=2 estimator=FisherS k=ALL dur=4.133s
[EST START] 2026-05-03T03:39:07.208109 bottleneck=15 replicate=0 seed=2 estimator=Levina-Bickel k=3 sigma=0.25
[EST DONE] 2026-05-03T03:39:07.515488 bottleneck=15 replicate=0 seed=2 estimator=Levina-Bickel k=3 dur=0.307s
[EST START] 2026-05-03T03:39:07.515599 bottleneck=15 replicate=0 seed=2 estimator=Levina-Bickel k=5 sigma=0.25
[EST DONE] 2026-05-03T03:39:07.809220 bottleneck=15 replicate=0 seed=2 estimator=Levina-Bickel k=5 dur=0.294s
[EST START] 2026-05-03T03:39:07.809348 bottleneck=15 replicate=0 seed=2 estimator=Levina-Bickel k=7 sigma=0.25
[EST DONE] 2026-05-03T03:39:08.110556 bottleneck=15 replicate=0 seed=2 estimator=Levina-Bickel k=7 dur=0.301s
[EST START] 2026-05-03T03:39:08.110677 bottleneck=15 replicate=0 seed=2 estimator=Levina-Bickel k=10 sigma=0.25
[EST DONE] 2026-05-03T03:39:08.440930 bottleneck=15 replicate=0 seed=2 estimator=Levina-Bickel k=10 dur=0.330s
[EST START] 2026-05-03T03:39:08.441023 bottleneck=15 replicate=0 seed=2 estimator=Levina-Bickel k=15 sigma=0.25
[EST DONE] 2026-05-03T03:39:08.762367 bottleneck=15 replicate=0 seed=2 estimator=Levina-Bickel k=15 dur=0.321s
[EST START] 2026-05-03T03:39:08.762487 bottleneck=15 replicate=0 seed=2 estimator=TwoNN k=ALL sigma=0.25
[EST DONE] 2026-05-03T03:39:09.052375 bottleneck=15 replicate=0 seed=2 estimator=TwoNN k=ALL dur=0.290s
[EST START] 2026-05-03T03:39:09.052495 bottleneck=15 replicate=0 seed=2 estimator=lPCA k=3 sigma=0.25
[EST DONE] 2026-05-03T03:39:13.255794 bottleneck=15 replicate=0 seed=2 estimator=lPCA k=3 dur=4.203s
[EST START] 2026-05-03T03:39:13.255930 bottleneck=15 replicate=0 seed=2 estimator=lPCA k=5 sigma=0.25
[EST DONE] 2026-05-03T03:39:18.094758 bottleneck=15 replicate=0 seed=2 estimator=lPCA k=5 dur=4.839s
[EST START] 2026-05-03T03:39:18.094849 bottleneck=15 replicate=0 seed=2 estimator=lPCA k=7 sigma=0.25
[EST DONE] 2026-05-03T03:39:23.231313 bottleneck=15 replicate=0 seed=2 estimator=lPCA k=7 dur=5.136s
[EST START] 2026-05-03T03:39:23.231422 bottleneck=15 replicate=0 seed=2 estimator=lPCA k=10 sigma=0.25
[EST DONE] 2026-05-03T03:39:28.961227 bottleneck=15 replicate=0 seed=2 estimator=lPCA k=10 dur=5.730s
[EST START] 2026-05-03T03:39:28.961334 bottleneck=15 replicate=0 seed=2 estimator=lPCA k=15 sigma=0.25
[EST DONE] 2026-05-03T03:39:36.048434 bottleneck=15 replicate=0 seed=2 estimator=lPCA k=15 dur=7.087s
[EST START] 2026-05-03T03:39:36.048574 bottleneck=15 replicate=0 seed=2 estimator=DANCo k=3 sigma=0.25
[EST DONE] 2026-05-03T03:40:02.683048 bottleneck=15 replicate=0 seed=2 estimator=DANCo k=3 dur=26.634s
[EST START] 2026-05-03T03:40:02.683190 bottleneck=15 replicate=0 seed=2 estimator=DANCo k=5 sigma=0.25
[EST DONE] 2026-05-03T03:40:31.501070 bottleneck=15 replicate=0 seed=2 estimator=DANCo k=5 dur=28.818s
[EST START] 2026-05-03T03:40:31.501184 bottleneck=15 replicate=0 seed=2 estimator=DANCo k=7 sigma=0.25
[EST DONE] 2026-05-03T03:41:01.296506 bottleneck=15 replicate=0 seed=2 estimator=DANCo k=7 dur=29.795s
[EST START] 2026-05-03T03:41:01.296630 bottleneck=15 replicate=0 seed=2 estimator=DANCo k=10 sigma=0.25
[EST DONE] 2026-05-03T03:41:34.299171 bottleneck=15 replicate=0 seed=2 estimator=DANCo k=10 dur=33.003s
[EST START] 2026-05-03T03:41:34.299316 bottleneck=15 replicate=0 seed=2 estimator=DANCo k=15 sigma=0.25
[EST DONE] 2026-05-03T03:42:11.949479 bottleneck=15 replicate=0 seed=2 estimator=DANCo k=15 dur=37.650s
[EST START] 2026-05-03T03:42:11.949647 bottleneck=15 replicate=0 seed=2 estimator=MiND k=3 sigma=0.25
[EST DONE] 2026-05-03T03:42:22.793750 bottleneck=15 replicate=0 seed=2 estimator=MiND k=3 dur=10.844s
[EST START] 2026-05-03T03:42:22.793897 bottleneck=15 replicate=0 seed=2 estimator=MiND k=5 sigma=0.25
[EST DONE] 2026-05-03T03:42:32.108116 bottleneck=15 replicate=0 seed=2 estimator=MiND k=5 dur=9.314s
[EST START] 2026-05-03T03:42:32.108223 bottleneck=15 replicate=0 seed=2 estimator=MiND k=7 sigma=0.25
[EST DONE] 2026-05-03T03:42:40.130814 bottleneck=15 replicate=0 seed=2 estimator=MiND k=7 dur=8.023s
[EST START] 2026-05-03T03:42:40.130965 bottleneck=15 replicate=0 seed=2 estimator=MiND k=10 sigma=0.25
[EST DONE] 2026-05-03T03:42:48.593116 bottleneck=15 replicate=0 seed=2 estimator=MiND k=10 dur=8.462s
[EST START] 2026-05-03T03:42:48.593243 bottleneck=15 replicate=0 seed=2 estimator=MiND k=15 sigma=0.25
[EST DONE] 2026-05-03T03:42:57.281054 bottleneck=15 replicate=0 seed=2 estimator=MiND k=15 dur=8.688s
[EST START] 2026-05-03T03:42:57.281178 bottleneck=15 replicate=0 seed=2 estimator=FisherS k=ALL sigma=0.25
[EST DONE] 2026-05-03T03:43:01.617839 bottleneck=15 replicate=0 seed=2 estimator=FisherS k=ALL dur=4.337s
[EST START] 2026-05-03T03:43:01.737810 bottleneck=15 replicate=0 seed=2 estimator=Levina-Bickel k=3 sigma=0.5
[EST DONE] 2026-05-03T03:43:02.174177 bottleneck=15 replicate=0 seed=2 estimator=Levina-Bickel k=3 dur=0.436s
[EST START] 2026-05-03T03:43:02.174271 bottleneck=15 replicate=0 seed=2 estimator=Levina-Bickel k=5 sigma=0.5
[EST DONE] 2026-05-03T03:43:02.463404 bottleneck=15 replicate=0 seed=2 estimator=Levina-Bickel k=5 dur=0.289s
[EST START] 2026-05-03T03:43:02.463495 bottleneck=15 replicate=0 seed=2 estimator=Levina-Bickel k=7 sigma=0.5
[EST DONE] 2026-05-03T03:43:02.750319 bottleneck=15 replicate=0 seed=2 estimator=Levina-Bickel k=7 dur=0.287s
[EST START] 2026-05-03T03:43:02.750430 bottleneck=15 replicate=0 seed=2 estimator=Levina-Bickel k=10 sigma=0.5
[EST DONE] 2026-05-03T03:43:03.047808 bottleneck=15 replicate=0 seed=2 estimator=Levina-Bickel k=10 dur=0.297s
[EST START] 2026-05-03T03:43:03.047936 bottleneck=15 replicate=0 seed=2 estimator=Levina-Bickel k=15 sigma=0.5
[EST DONE] 2026-05-03T03:43:03.357191 bottleneck=15 replicate=0 seed=2 estimator=Levina-Bickel k=15 dur=0.309s
[EST START] 2026-05-03T03:43:03.357320 bottleneck=15 replicate=0 seed=2 estimator=TwoNN k=ALL sigma=0.5
[EST DONE] 2026-05-03T03:43:03.640738 bottleneck=15 replicate=0 seed=2 estimator=TwoNN k=ALL dur=0.283s
[EST START] 2026-05-03T03:43:03.640849 bottleneck=15 replicate=0 seed=2 estimator=lPCA k=3 sigma=0.5
[EST DONE] 2026-05-03T03:43:07.823363 bottleneck=15 replicate=0 seed=2 estimator=lPCA k=3 dur=4.182s
[EST START] 2026-05-03T03:43:07.823484 bottleneck=15 replicate=0 seed=2 estimator=lPCA k=5 sigma=0.5
[EST DONE] 2026-05-03T03:43:12.515247 bottleneck=15 replicate=0 seed=2 estimator=lPCA k=5 dur=4.692s
[EST START] 2026-05-03T03:43:12.515358 bottleneck=15 replicate=0 seed=2 estimator=lPCA k=7 sigma=0.5
[EST DONE] 2026-05-03T03:43:17.586017 bottleneck=15 replicate=0 seed=2 estimator=lPCA k=7 dur=5.071s
[EST START] 2026-05-03T03:43:17.586115 bottleneck=15 replicate=0 seed=2 estimator=lPCA k=10 sigma=0.5
[EST DONE] 2026-05-03T03:43:23.256872 bottleneck=15 replicate=0 seed=2 estimator=lPCA k=10 dur=5.671s
[EST START] 2026-05-03T03:43:23.256971 bottleneck=15 replicate=0 seed=2 estimator=lPCA k=15 sigma=0.5
[EST DONE] 2026-05-03T03:43:30.191212 bottleneck=15 replicate=0 seed=2 estimator=lPCA k=15 dur=6.934s
[EST START] 2026-05-03T03:43:30.191385 bottleneck=15 replicate=0 seed=2 estimator=DANCo k=3 sigma=0.5
[EST DONE] 2026-05-03T03:43:56.665965 bottleneck=15 replicate=0 seed=2 estimator=DANCo k=3 dur=26.475s
[EST START] 2026-05-03T03:43:56.666090 bottleneck=15 replicate=0 seed=2 estimator=DANCo k=5 sigma=0.5
[EST DONE] 2026-05-03T03:44:25.077269 bottleneck=15 replicate=0 seed=2 estimator=DANCo k=5 dur=28.411s
[EST START] 2026-05-03T03:44:25.077400 bottleneck=15 replicate=0 seed=2 estimator=DANCo k=7 sigma=0.5
[EST DONE] 2026-05-03T03:44:55.052829 bottleneck=15 replicate=0 seed=2 estimator=DANCo k=7 dur=29.975s
[EST START] 2026-05-03T03:44:55.052984 bottleneck=15 replicate=0 seed=2 estimator=DANCo k=10 sigma=0.5
[EST DONE] 2026-05-03T03:45:27.490712 bottleneck=15 replicate=0 seed=2 estimator=DANCo k=10 dur=32.438s
[EST START] 2026-05-03T03:45:27.490876 bottleneck=15 replicate=0 seed=2 estimator=DANCo k=15 sigma=0.5
[EST DONE] 2026-05-03T03:46:04.928707 bottleneck=15 replicate=0 seed=2 estimator=DANCo k=15 dur=37.438s
[EST START] 2026-05-03T03:46:04.928817 bottleneck=15 replicate=0 seed=2 estimator=MiND k=3 sigma=0.5
[EST DONE] 2026-05-03T03:46:12.548627 bottleneck=15 replicate=0 seed=2 estimator=MiND k=3 dur=7.620s
[EST START] 2026-05-03T03:46:12.548775 bottleneck=15 replicate=0 seed=2 estimator=MiND k=5 sigma=0.5
[EST DONE] 2026-05-03T03:46:20.002360 bottleneck=15 replicate=0 seed=2 estimator=MiND k=5 dur=7.454s
[EST START] 2026-05-03T03:46:20.002480 bottleneck=15 replicate=0 seed=2 estimator=MiND k=7 sigma=0.5
[EST DONE] 2026-05-03T03:46:28.085642 bottleneck=15 replicate=0 seed=2 estimator=MiND k=7 dur=8.083s
[EST START] 2026-05-03T03:46:28.085738 bottleneck=15 replicate=0 seed=2 estimator=MiND k=10 sigma=0.5
[EST DONE] 2026-05-03T03:46:37.166013 bottleneck=15 replicate=0 seed=2 estimator=MiND k=10 dur=9.080s
[EST START] 2026-05-03T03:46:37.166131 bottleneck=15 replicate=0 seed=2 estimator=MiND k=15 sigma=0.5
[EST DONE] 2026-05-03T03:46:45.742637 bottleneck=15 replicate=0 seed=2 estimator=MiND k=15 dur=8.576s
[EST START] 2026-05-03T03:46:45.742763 bottleneck=15 replicate=0 seed=2 estimator=FisherS k=ALL sigma=0.5
[EST DONE] 2026-05-03T03:46:49.580349 bottleneck=15 replicate=0 seed=2 estimator=FisherS k=ALL dur=3.838s
[EST START] 2026-05-03T03:46:49.709916 bottleneck=15 replicate=0 seed=2 estimator=Levina-Bickel k=3 sigma=0.75
[EST DONE] 2026-05-03T03:46:50.020830 bottleneck=15 replicate=0 seed=2 estimator=Levina-Bickel k=3 dur=0.311s
[EST START] 2026-05-03T03:46:50.020964 bottleneck=15 replicate=0 seed=2 estimator=Levina-Bickel k=5 sigma=0.75
[EST DONE] 2026-05-03T03:46:50.316996 bottleneck=15 replicate=0 seed=2 estimator=Levina-Bickel k=5 dur=0.296s
[EST START] 2026-05-03T03:46:50.317086 bottleneck=15 replicate=0 seed=2 estimator=Levina-Bickel k=7 sigma=0.75
[EST DONE] 2026-05-03T03:46:50.686013 bottleneck=15 replicate=0 seed=2 estimator=Levina-Bickel k=7 dur=0.369s
[EST START] 2026-05-03T03:46:50.686104 bottleneck=15 replicate=0 seed=2 estimator=Levina-Bickel k=10 sigma=0.75
[EST DONE] 2026-05-03T03:46:50.983919 bottleneck=15 replicate=0 seed=2 estimator=Levina-Bickel k=10 dur=0.298s
[EST START] 2026-05-03T03:46:50.984061 bottleneck=15 replicate=0 seed=2 estimator=Levina-Bickel k=15 sigma=0.75
[EST DONE] 2026-05-03T03:46:51.318371 bottleneck=15 replicate=0 seed=2 estimator=Levina-Bickel k=15 dur=0.334s
[EST START] 2026-05-03T03:46:51.318464 bottleneck=15 replicate=0 seed=2 estimator=TwoNN k=ALL sigma=0.75
[EST DONE] 2026-05-03T03:46:51.599674 bottleneck=15 replicate=0 seed=2 estimator=TwoNN k=ALL dur=0.281s
[EST START] 2026-05-03T03:46:51.599820 bottleneck=15 replicate=0 seed=2 estimator=lPCA k=3 sigma=0.75
[EST DONE] 2026-05-03T03:46:55.790482 bottleneck=15 replicate=0 seed=2 estimator=lPCA k=3 dur=4.191s
[EST START] 2026-05-03T03:46:55.790590 bottleneck=15 replicate=0 seed=2 estimator=lPCA k=5 sigma=0.75
[EST DONE] 2026-05-03T03:47:00.485115 bottleneck=15 replicate=0 seed=2 estimator=lPCA k=5 dur=4.694s
[EST START] 2026-05-03T03:47:00.485237 bottleneck=15 replicate=0 seed=2 estimator=lPCA k=7 sigma=0.75
[EST DONE] 2026-05-03T03:47:05.566234 bottleneck=15 replicate=0 seed=2 estimator=lPCA k=7 dur=5.081s
[EST START] 2026-05-03T03:47:05.566325 bottleneck=15 replicate=0 seed=2 estimator=lPCA k=10 sigma=0.75
[EST DONE] 2026-05-03T03:47:11.454829 bottleneck=15 replicate=0 seed=2 estimator=lPCA k=10 dur=5.888s
[EST START] 2026-05-03T03:47:11.454953 bottleneck=15 replicate=0 seed=2 estimator=lPCA k=15 sigma=0.75
[EST DONE] 2026-05-03T03:47:18.396789 bottleneck=15 replicate=0 seed=2 estimator=lPCA k=15 dur=6.942s
[EST START] 2026-05-03T03:47:18.396906 bottleneck=15 replicate=0 seed=2 estimator=DANCo k=3 sigma=0.75
[EST DONE] 2026-05-03T03:47:44.320007 bottleneck=15 replicate=0 seed=2 estimator=DANCo k=3 dur=25.923s
[EST START] 2026-05-03T03:47:44.320151 bottleneck=15 replicate=0 seed=2 estimator=DANCo k=5 sigma=0.75
[EST DONE] 2026-05-03T03:48:13.160844 bottleneck=15 replicate=0 seed=2 estimator=DANCo k=5 dur=28.841s
[EST START] 2026-05-03T03:48:13.160964 bottleneck=15 replicate=0 seed=2 estimator=DANCo k=7 sigma=0.75
[EST DONE] 2026-05-03T03:48:43.287013 bottleneck=15 replicate=0 seed=2 estimator=DANCo k=7 dur=30.126s
[EST START] 2026-05-03T03:48:43.287156 bottleneck=15 replicate=0 seed=2 estimator=DANCo k=10 sigma=0.75
[EST DONE] 2026-05-03T03:49:16.957640 bottleneck=15 replicate=0 seed=2 estimator=DANCo k=10 dur=33.670s
[EST START] 2026-05-03T03:49:16.957761 bottleneck=15 replicate=0 seed=2 estimator=DANCo k=15 sigma=0.75
[EST DONE] 2026-05-03T03:49:56.039328 bottleneck=15 replicate=0 seed=2 estimator=DANCo k=15 dur=39.082s
[EST START] 2026-05-03T03:49:56.039466 bottleneck=15 replicate=0 seed=2 estimator=MiND k=3 sigma=0.75
[EST DONE] 2026-05-03T03:50:19.492070 bottleneck=15 replicate=0 seed=2 estimator=MiND k=3 dur=23.453s
[EST START] 2026-05-03T03:50:19.492220 bottleneck=15 replicate=0 seed=2 estimator=MiND k=5 sigma=0.75
[EST DONE] 2026-05-03T03:50:28.001253 bottleneck=15 replicate=0 seed=2 estimator=MiND k=5 dur=8.509s
[EST START] 2026-05-03T03:50:28.001362 bottleneck=15 replicate=0 seed=2 estimator=MiND k=7 sigma=0.75
[EST DONE] 2026-05-03T03:50:36.592585 bottleneck=15 replicate=0 seed=2 estimator=MiND k=7 dur=8.591s
[EST START] 2026-05-03T03:50:36.592696 bottleneck=15 replicate=0 seed=2 estimator=MiND k=10 sigma=0.75
[EST DONE] 2026-05-03T03:50:44.933848 bottleneck=15 replicate=0 seed=2 estimator=MiND k=10 dur=8.341s
[EST START] 2026-05-03T03:50:44.933965 bottleneck=15 replicate=0 seed=2 estimator=MiND k=15 sigma=0.75
[EST DONE] 2026-05-03T03:50:54.353000 bottleneck=15 replicate=0 seed=2 estimator=MiND k=15 dur=9.419s
[EST START] 2026-05-03T03:50:54.353165 bottleneck=15 replicate=0 seed=2 estimator=FisherS k=ALL sigma=0.75
[EST DONE] 2026-05-03T03:51:03.063035 bottleneck=15 replicate=0 seed=2 estimator=FisherS k=ALL dur=8.710s
[EST START] 2026-05-03T03:51:03.203739 bottleneck=15 replicate=0 seed=2 estimator=Levina-Bickel k=3 sigma=1.0
[EST DONE] 2026-05-03T03:51:03.500703 bottleneck=15 replicate=0 seed=2 estimator=Levina-Bickel k=3 dur=0.297s
[EST START] 2026-05-03T03:51:03.500806 bottleneck=15 replicate=0 seed=2 estimator=Levina-Bickel k=5 sigma=1.0
[EST DONE] 2026-05-03T03:51:03.820777 bottleneck=15 replicate=0 seed=2 estimator=Levina-Bickel k=5 dur=0.320s
[EST START] 2026-05-03T03:51:03.820915 bottleneck=15 replicate=0 seed=2 estimator=Levina-Bickel k=7 sigma=1.0
[EST DONE] 2026-05-03T03:51:04.165666 bottleneck=15 replicate=0 seed=2 estimator=Levina-Bickel k=7 dur=0.345s
[EST START] 2026-05-03T03:51:04.165795 bottleneck=15 replicate=0 seed=2 estimator=Levina-Bickel k=10 sigma=1.0
[EST DONE] 2026-05-03T03:51:04.489927 bottleneck=15 replicate=0 seed=2 estimator=Levina-Bickel k=10 dur=0.324s
[EST START] 2026-05-03T03:51:04.490019 bottleneck=15 replicate=0 seed=2 estimator=Levina-Bickel k=15 sigma=1.0
[EST DONE] 2026-05-03T03:51:04.970381 bottleneck=15 replicate=0 seed=2 estimator=Levina-Bickel k=15 dur=0.480s
[EST START] 2026-05-03T03:51:04.970488 bottleneck=15 replicate=0 seed=2 estimator=TwoNN k=ALL sigma=1.0
[EST DONE] 2026-05-03T03:51:05.323698 bottleneck=15 replicate=0 seed=2 estimator=TwoNN k=ALL dur=0.353s
[EST START] 2026-05-03T03:51:05.323807 bottleneck=15 replicate=0 seed=2 estimator=lPCA k=3 sigma=1.0
[EST DONE] 2026-05-03T03:51:09.713242 bottleneck=15 replicate=0 seed=2 estimator=lPCA k=3 dur=4.389s
[EST START] 2026-05-03T03:51:09.713332 bottleneck=15 replicate=0 seed=2 estimator=lPCA k=5 sigma=1.0
[EST DONE] 2026-05-03T03:51:14.441239 bottleneck=15 replicate=0 seed=2 estimator=lPCA k=5 dur=4.728s
[EST START] 2026-05-03T03:51:14.441343 bottleneck=15 replicate=0 seed=2 estimator=lPCA k=7 sigma=1.0
[EST DONE] 2026-05-03T03:51:20.187898 bottleneck=15 replicate=0 seed=2 estimator=lPCA k=7 dur=5.747s
[EST START] 2026-05-03T03:51:20.188015 bottleneck=15 replicate=0 seed=2 estimator=lPCA k=10 sigma=1.0
[EST DONE] 2026-05-03T03:51:25.987322 bottleneck=15 replicate=0 seed=2 estimator=lPCA k=10 dur=5.799s
[EST START] 2026-05-03T03:51:25.987419 bottleneck=15 replicate=0 seed=2 estimator=lPCA k=15 sigma=1.0
[EST DONE] 2026-05-03T03:51:33.193923 bottleneck=15 replicate=0 seed=2 estimator=lPCA k=15 dur=7.206s
[EST START] 2026-05-03T03:51:33.194059 bottleneck=15 replicate=0 seed=2 estimator=DANCo k=3 sigma=1.0
[EST DONE] 2026-05-03T03:52:00.645258 bottleneck=15 replicate=0 seed=2 estimator=DANCo k=3 dur=27.451s
[EST START] 2026-05-03T03:52:00.645367 bottleneck=15 replicate=0 seed=2 estimator=DANCo k=5 sigma=1.0
[EST DONE] 2026-05-03T03:52:29.597154 bottleneck=15 replicate=0 seed=2 estimator=DANCo k=5 dur=28.952s
[EST START] 2026-05-03T03:52:29.597299 bottleneck=15 replicate=0 seed=2 estimator=DANCo k=7 sigma=1.0
[EST DONE] 2026-05-03T03:53:00.355922 bottleneck=15 replicate=0 seed=2 estimator=DANCo k=7 dur=30.759s
[EST START] 2026-05-03T03:53:00.356073 bottleneck=15 replicate=0 seed=2 estimator=DANCo k=10 sigma=1.0
[EST DONE] 2026-05-03T03:53:33.100707 bottleneck=15 replicate=0 seed=2 estimator=DANCo k=10 dur=32.745s
[EST START] 2026-05-03T03:53:33.100924 bottleneck=15 replicate=0 seed=2 estimator=DANCo k=15 sigma=1.0
[EST DONE] 2026-05-03T03:54:10.238301 bottleneck=15 replicate=0 seed=2 estimator=DANCo k=15 dur=37.137s
[EST START] 2026-05-03T03:54:10.238438 bottleneck=15 replicate=0 seed=2 estimator=MiND k=3 sigma=1.0
[EST DONE] 2026-05-03T03:54:18.752329 bottleneck=15 replicate=0 seed=2 estimator=MiND k=3 dur=8.514s
[EST START] 2026-05-03T03:54:18.752457 bottleneck=15 replicate=0 seed=2 estimator=MiND k=5 sigma=1.0
[EST DONE] 2026-05-03T03:54:27.046168 bottleneck=15 replicate=0 seed=2 estimator=MiND k=5 dur=8.294s
[EST START] 2026-05-03T03:54:27.046289 bottleneck=15 replicate=0 seed=2 estimator=MiND k=7 sigma=1.0
[EST DONE] 2026-05-03T03:54:34.947961 bottleneck=15 replicate=0 seed=2 estimator=MiND k=7 dur=7.902s
[EST START] 2026-05-03T03:54:34.948058 bottleneck=15 replicate=0 seed=2 estimator=MiND k=10 sigma=1.0
[EST DONE] 2026-05-03T03:54:43.738105 bottleneck=15 replicate=0 seed=2 estimator=MiND k=10 dur=8.790s
[EST START] 2026-05-03T03:54:43.738236 bottleneck=15 replicate=0 seed=2 estimator=MiND k=15 sigma=1.0
[EST DONE] 2026-05-03T03:54:52.153236 bottleneck=15 replicate=0 seed=2 estimator=MiND k=15 dur=8.415s
[EST START] 2026-05-03T03:54:52.153368 bottleneck=15 replicate=0 seed=2 estimator=FisherS k=ALL sigma=1.0
[EST DONE] 2026-05-03T03:54:56.797758 bottleneck=15 replicate=0 seed=2 estimator=FisherS k=ALL dur=4.644s
Wrote per-task mnist results to results/mnist_large.task2.csv
Saved results/mnist_large.csv
Making reduced plots...
Saved plots under results/figs_large
