Starting large worker on zuber at Fri May  1 12:30:12 PM EDT 2026; workdir=/local/scratch/cfikes/CS_534_ML_project; user=cfikes; task=0
large
Running synthetic large experiments...
[TASK START] 2026-05-01T12:30:16.739805 manifold=sphere d=5 sigma=0.0 n=5000 seed=0
[TASK START] 2026-05-01T12:30:16.739816 manifold=sphere d=5 sigma=0.25 n=5000 seed=0
[TASK START] 2026-05-01T12:30:16.739947 manifold=sphere d=5 sigma=0.5 n=5000 seed=0
[TASK START] 2026-05-01T12:30:16.740086 manifold=sphere d=5 sigma=0.75 n=5000 seed=0
[TASK START] 2026-05-01T12:30:16.743120 manifold=sphere d=5 sigma=1.0 n=5000 seed=0
[TASK START] 2026-05-01T12:30:16.744027 manifold=sphere d=7 sigma=0.0 n=5000 seed=0
[EST DONE] 2026-05-01T12:30:17.194278 estimator=Levina-Bickel k=3 dur=0.079s seed=0
[EST DONE] 2026-05-01T12:30:17.221980 estimator=Levina-Bickel k=3 dur=0.122s seed=0
[EST DONE] 2026-05-01T12:30:17.237418 estimator=Levina-Bickel k=3 dur=0.092s seed=0
[EST DONE] 2026-05-01T12:30:17.291821 estimator=Levina-Bickel k=5 dur=0.097s seed=0
[EST DONE] 2026-05-01T12:30:17.344787 estimator=Levina-Bickel k=5 dur=0.107s seed=0
[EST DONE] 2026-05-01T12:30:17.364537 estimator=Levina-Bickel k=3 dur=0.101s seed=0
[EST DONE] 2026-05-01T12:30:17.364955 estimator=Levina-Bickel k=5 dur=0.143s seed=0
[EST DONE] 2026-05-01T12:30:17.370085 estimator=Levina-Bickel k=3 dur=0.212s seed=0
[EST DONE] 2026-05-01T12:30:17.375300 estimator=Levina-Bickel k=3 dur=0.116s seed=0
[EST DONE] 2026-05-01T12:30:17.402773 estimator=Levina-Bickel k=7 dur=0.111s seed=0
[EST DONE] 2026-05-01T12:30:17.464392 estimator=Levina-Bickel k=7 dur=0.119s seed=0
[EST DONE] 2026-05-01T12:30:17.482627 estimator=Levina-Bickel k=5 dur=0.118s seed=0
[EST DONE] 2026-05-01T12:30:17.511090 estimator=Levina-Bickel k=5 dur=0.136s seed=0
[EST DONE] 2026-05-01T12:30:17.524302 estimator=Levina-Bickel k=7 dur=0.159s seed=0
[EST DONE] 2026-05-01T12:30:17.529422 estimator=Levina-Bickel k=10 dur=0.127s seed=0
[EST DONE] 2026-05-01T12:30:17.599919 estimator=Levina-Bickel k=10 dur=0.135s seed=0
[EST DONE] 2026-05-01T12:30:17.614435 estimator=Levina-Bickel k=7 dur=0.132s seed=0
[EST DONE] 2026-05-01T12:30:17.618207 estimator=Levina-Bickel k=5 dur=0.248s seed=0
[EST DONE] 2026-05-01T12:30:17.641974 estimator=Levina-Bickel k=7 dur=0.131s seed=0
[EST DONE] 2026-05-01T12:30:17.677612 estimator=Levina-Bickel k=10 dur=0.153s seed=0
[EST DONE] 2026-05-01T12:30:17.678599 estimator=Levina-Bickel k=15 dur=0.149s seed=0
[EST DONE] 2026-05-01T12:30:17.751856 estimator=TwoNN (no-k) dur=0.073s seed=0
[EST DONE] 2026-05-01T12:30:17.757863 estimator=Levina-Bickel k=15 dur=0.158s seed=0
[EST DONE] 2026-05-01T12:30:17.762418 estimator=Levina-Bickel k=10 dur=0.148s seed=0
[EST DONE] 2026-05-01T12:30:17.785206 estimator=Levina-Bickel k=10 dur=0.143s seed=0
[EST DONE] 2026-05-01T12:30:17.839033 estimator=TwoNN (no-k) dur=0.081s seed=0
[EST DONE] 2026-05-01T12:30:17.851379 estimator=Levina-Bickel k=15 dur=0.174s seed=0
[EST DONE] 2026-05-01T12:30:17.891497 estimator=Levina-Bickel k=7 dur=0.273s seed=0
[EST DONE] 2026-05-01T12:30:17.932294 estimator=Levina-Bickel k=15 dur=0.170s seed=0
[EST DONE] 2026-05-01T12:30:17.946441 estimator=TwoNN (no-k) dur=0.095s seed=0
[EST DONE] 2026-05-01T12:30:17.950370 estimator=Levina-Bickel k=15 dur=0.165s seed=0
[EST DONE] 2026-05-01T12:30:17.997237 estimator=TwoNN (no-k) dur=0.065s seed=0
[EST DONE] 2026-05-01T12:30:18.036150 estimator=TwoNN (no-k) dur=0.086s seed=0
[EST DONE] 2026-05-01T12:30:18.218247 estimator=Levina-Bickel k=10 dur=0.327s seed=0
[EST DONE] 2026-05-01T12:30:18.629741 estimator=Levina-Bickel k=15 dur=0.411s seed=0
[EST DONE] 2026-05-01T12:30:18.850311 estimator=TwoNN (no-k) dur=0.220s seed=0
[EST DONE] 2026-05-01T12:30:25.261914 estimator=lPCA k=3 dur=3.762s seed=0
[EST DONE] 2026-05-01T12:30:25.362623 estimator=lPCA k=3 dur=3.710s seed=0
[EST DONE] 2026-05-01T12:30:25.431994 estimator=lPCA k=3 dur=3.705s seed=0
[EST DONE] 2026-05-01T12:30:25.560746 estimator=lPCA k=3 dur=3.791s seed=0
[EST DONE] 2026-05-01T12:30:25.757960 estimator=lPCA k=3 dur=3.987s seed=0
[EST DONE] 2026-05-01T12:30:27.433924 estimator=lPCA k=3 dur=4.268s seed=0
[EST DONE] 2026-05-01T12:30:29.080725 estimator=lPCA k=5 dur=3.819s seed=0
[EST DONE] 2026-05-01T12:30:29.191653 estimator=lPCA k=5 dur=3.829s seed=0
[EST DONE] 2026-05-01T12:30:29.256392 estimator=lPCA k=5 dur=3.824s seed=0
[EST DONE] 2026-05-01T12:30:29.418042 estimator=lPCA k=5 dur=3.857s seed=0
[EST DONE] 2026-05-01T12:30:29.778081 estimator=lPCA k=5 dur=4.020s seed=0
[EST DONE] 2026-05-01T12:30:31.828390 estimator=lPCA k=5 dur=4.394s seed=0
[EST DONE] 2026-05-01T12:30:32.980446 estimator=lPCA k=7 dur=3.900s seed=0
[EST DONE] 2026-05-01T12:30:33.110472 estimator=lPCA k=7 dur=3.919s seed=0
[EST DONE] 2026-05-01T12:30:33.168930 estimator=lPCA k=7 dur=3.912s seed=0
[EST DONE] 2026-05-01T12:30:33.356859 estimator=lPCA k=7 dur=3.939s seed=0
[EST DONE] 2026-05-01T12:30:33.901154 estimator=lPCA k=7 dur=4.123s seed=0
[EST DONE] 2026-05-01T12:30:36.434729 estimator=lPCA k=7 dur=4.606s seed=0
[EST DONE] 2026-05-01T12:30:37.480934 estimator=lPCA k=10 dur=4.500s seed=0
[EST DONE] 2026-05-01T12:30:37.650470 estimator=lPCA k=10 dur=4.540s seed=0
[EST DONE] 2026-05-01T12:30:37.713957 estimator=lPCA k=10 dur=4.545s seed=0
[EST DONE] 2026-05-01T12:30:37.956689 estimator=lPCA k=10 dur=4.600s seed=0
[EST DONE] 2026-05-01T12:30:38.350099 estimator=lPCA k=10 dur=4.449s seed=0
[EST DONE] 2026-05-01T12:30:41.420252 estimator=lPCA k=10 dur=4.985s seed=0
[EST DONE] 2026-05-01T12:30:42.175251 estimator=lPCA k=15 dur=4.694s seed=0
[EST DONE] 2026-05-01T12:30:42.316853 estimator=lPCA k=15 dur=4.666s seed=0
[EST DONE] 2026-05-01T12:30:42.371832 estimator=lPCA k=15 dur=4.658s seed=0
[EST DONE] 2026-05-01T12:30:42.696427 estimator=lPCA k=15 dur=4.740s seed=0
[EST DONE] 2026-05-01T12:30:42.985270 estimator=lPCA k=15 dur=4.635s seed=0
[EST DONE] 2026-05-01T12:30:46.410754 estimator=lPCA k=15 dur=4.990s seed=0
[EST DONE] 2026-05-01T12:35:18.607685 estimator=DANCo k=3 dur=135.361s seed=0
[EST DONE] 2026-05-01T12:35:22.530322 estimator=DANCo k=3 dur=137.766s seed=0
[EST DONE] 2026-05-01T12:35:24.117420 estimator=DANCo k=3 dur=139.576s seed=0
[EST DONE] 2026-05-01T12:35:27.438076 estimator=DANCo k=3 dur=138.256s seed=0
[EST DONE] 2026-05-01T12:35:30.086695 estimator=DANCo k=3 dur=139.001s seed=0
[EST DONE] 2026-05-01T12:35:34.282579 estimator=DANCo k=3 dur=139.970s seed=0
[EST DONE] 2026-05-01T12:37:42.025021 estimator=DANCo k=5 dur=143.417s seed=0
[EST DONE] 2026-05-01T12:37:43.304379 estimator=DANCo k=5 dur=139.187s seed=0
[EST DONE] 2026-05-01T12:37:45.378161 estimator=DANCo k=5 dur=142.848s seed=0
[EST DONE] 2026-05-01T12:37:53.561106 estimator=DANCo k=5 dur=146.123s seed=0
[EST DONE] 2026-05-01T12:37:56.240969 estimator=DANCo k=5 dur=146.154s seed=0
[EST DONE] 2026-05-01T12:37:59.648897 estimator=DANCo k=5 dur=145.366s seed=0
[EST DONE] 2026-05-01T12:40:07.258666 estimator=DANCo k=7 dur=145.234s seed=0
[EST DONE] 2026-05-01T12:40:09.850511 estimator=DANCo k=7 dur=146.546s seed=0
[EST DONE] 2026-05-01T12:40:12.720977 estimator=DANCo k=7 dur=147.343s seed=0
[EST DONE] 2026-05-01T12:40:15.415901 estimator=DANCo k=7 dur=139.175s seed=0
[EST DONE] 2026-05-01T12:40:25.314726 estimator=DANCo k=7 dur=151.753s seed=0
[EST DONE] 2026-05-01T12:40:27.245890 estimator=DANCo k=7 dur=147.597s seed=0
[EST DONE] 2026-05-01T12:42:34.483332 estimator=DANCo k=10 dur=147.225s seed=0
[EST DONE] 2026-05-01T12:42:39.644701 estimator=DANCo k=10 dur=149.794s seed=0
[EST DONE] 2026-05-01T12:42:41.889520 estimator=DANCo k=10 dur=149.168s seed=0
[EST DONE] 2026-05-01T12:42:47.429315 estimator=DANCo k=10 dur=152.013s seed=0
[EST DONE] 2026-05-01T12:42:53.190629 estimator=DANCo k=10 dur=147.876s seed=0
[EST DONE] 2026-05-01T12:42:58.066789 estimator=DANCo k=10 dur=150.821s seed=0
[EST DONE] 2026-05-01T12:45:10.420378 estimator=DANCo k=15 dur=155.937s seed=0
[EST DONE] 2026-05-01T12:45:16.676821 estimator=DANCo k=15 dur=157.032s seed=0
[EST DONE] 2026-05-01T12:45:19.815128 estimator=DANCo k=15 dur=157.925s seed=0
[EST DONE] 2026-05-01T12:45:26.439034 estimator=DANCo k=15 dur=159.010s seed=0
[EST DONE] 2026-05-01T12:45:42.724949 estimator=DANCo k=15 dur=169.534s seed=0
[EST DONE] 2026-05-01T12:45:43.369398 estimator=DANCo k=15 dur=165.302s seed=0
[EST DONE] 2026-05-01T13:23:15.890063 estimator=MiND k=3 dur=1148.004s seed=0
[EST DONE] 2026-05-01T13:23:40.286865 estimator=MiND k=3 dur=1149.444s seed=0
[EST DONE] 2026-05-01T13:23:41.207342 estimator=MiND k=3 dur=1159.545s seed=0
[EST DONE] 2026-05-01T13:23:47.251517 estimator=MiND k=3 dur=1152.089s seed=0
[EST DONE] 2026-05-01T13:23:59.119638 estimator=MiND k=3 dur=1150.923s seed=0
[EST DONE] 2026-05-01T13:24:05.654046 estimator=MiND k=3 dur=1154.252s seed=0
[EST DONE] 2026-05-01T13:42:23.768917 estimator=MiND k=5 dur=1147.879s seed=0
[EST DONE] 2026-05-01T13:42:51.111725 estimator=MiND k=5 dur=1150.825s seed=0
[EST DONE] 2026-05-01T13:42:52.265543 estimator=MiND k=5 dur=1151.058s seed=0
[EST DONE] 2026-05-01T13:43:00.318484 estimator=MiND k=5 dur=1153.067s seed=0
[EST DONE] 2026-05-01T13:43:02.847336 estimator=MiND k=5 dur=1143.728s seed=0
[EST DONE] 2026-05-01T13:43:21.291047 estimator=MiND k=5 dur=1155.637s seed=0
[EST DONE] 2026-05-01T14:01:39.389941 estimator=MiND k=7 dur=1155.621s seed=0
[EST DONE] 2026-05-01T14:01:55.470911 estimator=MiND k=7 dur=1143.205s seed=0
[EST DONE] 2026-05-01T14:01:57.817512 estimator=MiND k=7 dur=1146.706s seed=0
[EST DONE] 2026-05-01T14:02:13.286088 estimator=MiND k=7 dur=1152.967s seed=0
[EST DONE] 2026-05-01T14:02:15.293342 estimator=MiND k=7 dur=1152.446s seed=0
[EST DONE] 2026-05-01T14:02:35.620949 estimator=MiND k=7 dur=1154.330s seed=0
[EST DONE] 2026-05-01T14:20:48.998063 estimator=MiND k=10 dur=1149.608s seed=0
[EST DONE] 2026-05-01T14:21:04.041532 estimator=MiND k=10 dur=1146.224s seed=0
[EST DONE] 2026-05-01T14:21:07.702394 estimator=MiND k=10 dur=1152.231s seed=0
[EST DONE] 2026-05-01T14:21:23.751368 estimator=MiND k=10 dur=1150.465s seed=0
[EST DONE] 2026-05-01T14:21:24.373834 estimator=MiND k=10 dur=1149.080s seed=0
[EST DONE] 2026-05-01T14:21:50.308532 estimator=MiND k=10 dur=1154.687s seed=0
[EST DONE] 2026-05-01T14:39:58.871953 estimator=MiND k=15 dur=1149.874s seed=0
[EST DONE] 2026-05-01T14:40:06.990271 estimator=MiND k=15 dur=1139.288s seed=0
[EST DONE] 2026-05-01T14:40:08.703516 estimator=FisherS (no-k) dur=9.831s seed=0
[TASK END] 2026-05-01T14:40:08.703639 manifold=sphere d=5 sigma=1.0 seed=0 duration=7791.961s
[TASK START] 2026-05-01T14:40:08.713744 manifold=sphere d=7 sigma=0.25 n=5000 seed=0
[EST DONE] 2026-05-01T14:40:09.376674 estimator=Levina-Bickel k=3 dur=0.347s seed=0
[EST DONE] 2026-05-01T14:40:09.765521 estimator=Levina-Bickel k=5 dur=0.389s seed=0
[EST DONE] 2026-05-01T14:40:10.127153 estimator=Levina-Bickel k=7 dur=0.361s seed=0
[EST DONE] 2026-05-01T14:40:10.517007 estimator=Levina-Bickel k=10 dur=0.390s seed=0
[EST DONE] 2026-05-01T14:40:11.118935 estimator=Levina-Bickel k=15 dur=0.602s seed=0
[EST DONE] 2026-05-01T14:40:11.363133 estimator=TwoNN (no-k) dur=0.244s seed=0
[EST DONE] 2026-05-01T14:40:17.478505 estimator=MiND k=15 dur=1153.437s seed=0
[EST DONE] 2026-05-01T14:40:20.717277 estimator=FisherS (no-k) dur=13.727s seed=0
[TASK END] 2026-05-01T14:40:20.717451 manifold=sphere d=5 sigma=0.0 seed=0 duration=7803.978s
[TASK START] 2026-05-01T14:40:20.718385 manifold=sphere d=7 sigma=0.5 n=5000 seed=0
[EST DONE] 2026-05-01T14:40:21.411937 estimator=Levina-Bickel k=3 dur=0.301s seed=0
[EST DONE] 2026-05-01T14:40:21.751332 estimator=Levina-Bickel k=5 dur=0.339s seed=0
[EST DONE] 2026-05-01T14:40:22.118092 estimator=Levina-Bickel k=7 dur=0.367s seed=0
[EST DONE] 2026-05-01T14:40:22.442771 estimator=lPCA k=3 dur=5.726s seed=0
[EST DONE] 2026-05-01T14:40:22.641351 estimator=Levina-Bickel k=10 dur=0.523s seed=0
[EST DONE] 2026-05-01T14:40:23.215738 estimator=Levina-Bickel k=15 dur=0.574s seed=0
[EST DONE] 2026-05-01T14:40:23.569812 estimator=TwoNN (no-k) dur=0.354s seed=0
[EST DONE] 2026-05-01T14:40:28.097907 estimator=FisherS (no-k) dur=10.619s seed=0
[TASK END] 2026-05-01T14:40:28.098025 manifold=sphere d=5 sigma=0.75 seed=0 duration=7811.358s
[TASK START] 2026-05-01T14:40:28.109310 manifold=sphere d=7 sigma=0.75 n=5000 seed=0
[EST DONE] 2026-05-01T14:40:29.699518 estimator=lPCA k=5 dur=7.257s seed=0
[EST DONE] 2026-05-01T14:40:29.780319 estimator=Levina-Bickel k=3 dur=0.665s seed=0
[EST DONE] 2026-05-01T14:40:29.822639 estimator=MiND k=15 dur=1145.449s seed=0
[EST DONE] 2026-05-01T14:40:30.164841 estimator=Levina-Bickel k=5 dur=0.384s seed=0
[EST DONE] 2026-05-01T14:40:30.546624 estimator=Levina-Bickel k=7 dur=0.382s seed=0
[EST DONE] 2026-05-01T14:40:30.939133 estimator=Levina-Bickel k=10 dur=0.392s seed=0
[EST DONE] 2026-05-01T14:40:31.342929 estimator=Levina-Bickel k=15 dur=0.404s seed=0
[EST DONE] 2026-05-01T14:40:31.570795 estimator=TwoNN (no-k) dur=0.228s seed=0
[EST DONE] 2026-05-01T14:40:32.990119 estimator=MiND k=15 dur=1149.239s seed=0
[EST DONE] 2026-05-01T14:40:34.454281 estimator=lPCA k=7 dur=4.755s seed=0
[EST DONE] 2026-05-01T14:40:34.656546 estimator=lPCA k=3 dur=5.299s seed=0
[EST DONE] 2026-05-01T14:40:37.879798 estimator=FisherS (no-k) dur=8.057s seed=0
[TASK END] 2026-05-01T14:40:37.879959 manifold=sphere d=5 sigma=0.5 seed=0 duration=7821.140s
[TASK START] 2026-05-01T14:40:37.881127 manifold=sphere d=7 sigma=1.0 n=5000 seed=0
[EST DONE] 2026-05-01T14:40:38.429771 estimator=Levina-Bickel k=3 dur=0.272s seed=0
[EST DONE] 2026-05-01T14:40:38.741727 estimator=Levina-Bickel k=5 dur=0.312s seed=0
[EST DONE] 2026-05-01T14:40:38.958369 estimator=lPCA k=5 dur=4.302s seed=0
[EST DONE] 2026-05-01T14:40:39.068434 estimator=Levina-Bickel k=7 dur=0.327s seed=0
[EST DONE] 2026-05-01T14:40:39.270395 estimator=lPCA k=10 dur=4.816s seed=0
[EST DONE] 2026-05-01T14:40:39.516714 estimator=Levina-Bickel k=10 dur=0.448s seed=0
[EST DONE] 2026-05-01T14:40:40.137565 estimator=Levina-Bickel k=15 dur=0.621s seed=0
[EST DONE] 2026-05-01T14:40:40.386840 estimator=TwoNN (no-k) dur=0.249s seed=0
[EST DONE] 2026-05-01T14:40:40.389797 estimator=lPCA k=3 dur=4.428s seed=0
[EST DONE] 2026-05-01T14:40:42.272758 estimator=FisherS (no-k) dur=9.282s seed=0
[TASK END] 2026-05-01T14:40:42.272907 manifold=sphere d=5 sigma=0.25 seed=0 duration=7825.533s
[TASK START] 2026-05-01T14:40:42.273724 manifold=sphere d=9 sigma=0.0 n=5000 seed=0
[EST DONE] 2026-05-01T14:40:43.689094 estimator=Levina-Bickel k=3 dur=0.748s seed=0
[EST DONE] 2026-05-01T14:40:43.834637 estimator=lPCA k=15 dur=4.564s seed=0
[EST DONE] 2026-05-01T14:40:44.075110 estimator=lPCA k=7 dur=5.117s seed=0
[EST DONE] 2026-05-01T14:40:44.497792 estimator=Levina-Bickel k=5 dur=0.809s seed=0
[EST DONE] 2026-05-01T14:40:44.696936 estimator=lPCA k=5 dur=4.307s seed=0
[EST DONE] 2026-05-01T14:40:45.198750 estimator=Levina-Bickel k=7 dur=0.701s seed=0
[EST DONE] 2026-05-01T14:40:45.998966 estimator=Levina-Bickel k=10 dur=0.800s seed=0
[EST DONE] 2026-05-01T14:40:46.771138 estimator=Levina-Bickel k=15 dur=0.772s seed=0
[EST DONE] 2026-05-01T14:40:47.223839 estimator=TwoNN (no-k) dur=0.453s seed=0
[EST DONE] 2026-05-01T14:40:48.689145 estimator=MiND k=15 dur=1138.380s seed=0
[EST DONE] 2026-05-01T14:40:48.902301 estimator=lPCA k=10 dur=4.827s seed=0
[EST DONE] 2026-05-01T14:40:48.909224 estimator=lPCA k=7 dur=4.212s seed=0
[EST DONE] 2026-05-01T14:40:49.548737 estimator=lPCA k=3 dur=4.442s seed=0
[EST DONE] 2026-05-01T14:40:53.136322 estimator=lPCA k=10 dur=4.227s seed=0
[EST DONE] 2026-05-01T14:40:53.755746 estimator=lPCA k=5 dur=4.207s seed=0
[EST DONE] 2026-05-01T14:40:55.047774 estimator=lPCA k=15 dur=6.145s seed=0
[EST DONE] 2026-05-01T14:40:55.706504 estimator=FisherS (no-k) dur=7.017s seed=0
[TASK END] 2026-05-01T14:40:55.706647 manifold=sphere d=7 sigma=0.0 seed=0 duration=7838.963s
[TASK START] 2026-05-01T14:40:55.707569 manifold=sphere d=9 sigma=0.25 n=5000 seed=0
[EST DONE] 2026-05-01T14:40:56.676120 estimator=lPCA k=3 dur=5.094s seed=0
[EST DONE] 2026-05-01T14:40:56.722270 estimator=Levina-Bickel k=3 dur=0.511s seed=0
[EST DONE] 2026-05-01T14:40:57.276890 estimator=Levina-Bickel k=5 dur=0.554s seed=0
[EST DONE] 2026-05-01T14:40:57.873677 estimator=Levina-Bickel k=7 dur=0.597s seed=0
[EST DONE] 2026-05-01T14:40:58.260467 estimator=lPCA k=15 dur=5.124s seed=0
[EST DONE] 2026-05-01T14:40:58.849223 estimator=lPCA k=7 dur=5.093s seed=0
[EST DONE] 2026-05-01T14:40:58.872406 estimator=Levina-Bickel k=10 dur=0.999s seed=0
[EST DONE] 2026-05-01T14:40:59.546441 estimator=Levina-Bickel k=15 dur=0.674s seed=0
[EST DONE] 2026-05-01T14:41:00.032739 estimator=TwoNN (no-k) dur=0.486s seed=0
[EST DONE] 2026-05-01T14:41:01.518600 estimator=lPCA k=5 dur=4.842s seed=0
[EST DONE] 2026-05-01T14:41:03.230475 estimator=lPCA k=10 dur=4.381s seed=0
[EST DONE] 2026-05-01T14:41:07.232087 estimator=lPCA k=7 dur=5.713s seed=0
[EST DONE] 2026-05-01T14:41:09.286567 estimator=lPCA k=15 dur=6.056s seed=0
[EST DONE] 2026-05-01T14:41:11.850704 estimator=lPCA k=3 dur=6.547s seed=0
[EST DONE] 2026-05-01T14:41:14.222953 estimator=lPCA k=10 dur=6.991s seed=0
[EST DONE] 2026-05-01T14:41:18.790440 estimator=lPCA k=5 dur=6.940s seed=0
[EST DONE] 2026-05-01T14:41:21.332100 estimator=lPCA k=15 dur=7.109s seed=0
[EST DONE] 2026-05-01T14:41:25.782630 estimator=lPCA k=7 dur=6.992s seed=0
[EST DONE] 2026-05-01T14:41:34.345692 estimator=lPCA k=10 dur=8.563s seed=0
[EST DONE] 2026-05-01T14:41:42.887156 estimator=lPCA k=15 dur=8.541s seed=0
[EST DONE] 2026-05-01T14:44:57.427306 estimator=DANCo k=3 dur=134.445s seed=0
[EST DONE] 2026-05-01T14:45:19.397416 estimator=DANCo k=3 dur=134.442s seed=0
[EST DONE] 2026-05-01T14:45:25.035609 estimator=DANCo k=3 dur=140.856s seed=0
[EST DONE] 2026-05-01T14:45:33.057125 estimator=DANCo k=3 dur=136.791s seed=0
[EST DONE] 2026-05-01T14:45:54.483821 estimator=DANCo k=3 dur=135.372s seed=0
[EST DONE] 2026-05-01T14:46:10.492075 estimator=DANCo k=3 dur=133.287s seed=0
[EST DONE] 2026-05-01T14:47:14.503821 estimator=DANCo k=5 dur=137.076s seed=0
[EST DONE] 2026-05-01T14:47:42.845456 estimator=DANCo k=5 dur=143.448s seed=0
[EST DONE] 2026-05-01T14:47:43.048324 estimator=DANCo k=5 dur=138.013s seed=0
[EST DONE] 2026-05-01T14:47:56.066810 estimator=DANCo k=5 dur=143.010s seed=0
[EST DONE] 2026-05-01T14:48:17.982670 estimator=DANCo k=5 dur=143.499s seed=0
[EST DONE] 2026-05-01T14:48:33.134528 estimator=DANCo k=5 dur=142.642s seed=0
[EST DONE] 2026-05-01T14:49:39.287306 estimator=DANCo k=7 dur=144.783s seed=0
[EST DONE] 2026-05-01T14:50:03.604330 estimator=DANCo k=7 dur=140.556s seed=0
[EST DONE] 2026-05-01T14:50:08.476157 estimator=DANCo k=7 dur=145.631s seed=0
[EST DONE] 2026-05-01T14:50:14.807656 estimator=DANCo k=7 dur=138.741s seed=0
[EST DONE] 2026-05-01T14:50:39.646020 estimator=DANCo k=7 dur=141.663s seed=0
[EST DONE] 2026-05-01T14:51:01.681561 estimator=DANCo k=7 dur=148.547s seed=0
[EST DONE] 2026-05-01T14:52:04.584464 estimator=DANCo k=10 dur=145.297s seed=0
[EST DONE] 2026-05-01T14:52:29.432182 estimator=DANCo k=10 dur=145.828s seed=0
[EST DONE] 2026-05-01T14:52:37.255034 estimator=DANCo k=10 dur=148.779s seed=0
[EST DONE] 2026-05-01T14:52:48.263364 estimator=DANCo k=10 dur=153.456s seed=0
[EST DONE] 2026-05-01T14:53:11.774808 estimator=DANCo k=10 dur=152.129s seed=0
[EST DONE] 2026-05-01T14:53:29.511385 estimator=DANCo k=10 dur=147.830s seed=0
[EST DONE] 2026-05-01T14:54:38.194911 estimator=DANCo k=15 dur=153.610s seed=0
[EST DONE] 2026-05-01T14:55:09.350614 estimator=DANCo k=15 dur=159.918s seed=0
[EST DONE] 2026-05-01T14:55:13.222910 estimator=DANCo k=15 dur=155.968s seed=0
[EST DONE] 2026-05-01T14:55:28.703210 estimator=DANCo k=15 dur=160.440s seed=0
[EST DONE] 2026-05-01T14:55:57.339241 estimator=DANCo k=15 dur=165.564s seed=0
[EST DONE] 2026-05-01T14:56:18.138053 estimator=DANCo k=15 dur=168.627s seed=0
[EST DONE] 2026-05-01T15:33:05.489819 estimator=MiND k=3 dur=1155.711s seed=0
[EST DONE] 2026-05-01T15:33:37.634023 estimator=MiND k=3 dur=1150.300s seed=0
[EST DONE] 2026-05-01T15:33:38.612611 estimator=MiND k=3 dur=1155.268s seed=0
[EST DONE] 2026-05-01T15:33:53.206208 estimator=MiND k=3 dur=1154.675s seed=0
[EST DONE] 2026-05-01T15:34:22.914768 estimator=MiND k=3 dur=1149.030s seed=0
[EST DONE] 2026-05-01T15:34:45.457019 estimator=MiND k=3 dur=1160.913s seed=0
[EST DONE] 2026-05-01T15:52:26.514970 estimator=MiND k=5 dur=1161.025s seed=0
[EST DONE] 2026-05-01T15:52:50.311097 estimator=MiND k=5 dur=1152.677s seed=0
[EST DONE] 2026-05-01T15:52:54.019145 estimator=MiND k=5 dur=1155.406s seed=0
[EST DONE] 2026-05-01T15:53:09.294702 estimator=MiND k=5 dur=1156.088s seed=0
[EST DONE] 2026-05-01T15:53:32.442753 estimator=MiND k=5 dur=1149.528s seed=0
[EST DONE] 2026-05-01T15:54:11.863055 estimator=MiND k=5 dur=1166.406s seed=0
[EST DONE] 2026-05-01T16:11:38.940414 estimator=MiND k=7 dur=1152.425s seed=0
[EST DONE] 2026-05-01T16:12:09.116254 estimator=MiND k=7 dur=1158.805s seed=0
[EST DONE] 2026-05-01T16:12:10.518364 estimator=MiND k=7 dur=1141.224s seed=0
[EST DONE] 2026-05-01T16:12:14.054240 estimator=MiND k=7 dur=1160.035s seed=0
[EST DONE] 2026-05-01T16:12:56.142680 estimator=MiND k=7 dur=1163.700s seed=0
[EST DONE] 2026-05-01T16:13:32.217744 estimator=MiND k=7 dur=1160.355s seed=0
[EST DONE] 2026-05-01T16:30:59.074829 estimator=MiND k=10 dur=1160.134s seed=0
[EST DONE] 2026-05-01T16:31:27.574199 estimator=MiND k=10 dur=1157.056s seed=0
[EST DONE] 2026-05-01T16:31:28.055745 estimator=MiND k=10 dur=1158.939s seed=0
[EST DONE] 2026-05-01T16:31:30.714265 estimator=MiND k=10 dur=1156.660s seed=0
[EST DONE] 2026-05-01T16:32:12.992224 estimator=MiND k=10 dur=1156.849s seed=0
[EST DONE] 2026-05-01T16:32:42.945234 estimator=MiND k=10 dur=1150.727s seed=0
[EST DONE] 2026-05-01T16:50:20.673442 estimator=MiND k=15 dur=1161.598s seed=0
[EST DONE] 2026-05-01T16:50:28.911844 estimator=FisherS (no-k) dur=8.238s seed=0
[TASK END] 2026-05-01T16:50:28.912043 manifold=sphere d=7 sigma=0.25 seed=0 duration=7820.198s
[TASK START] 2026-05-01T16:50:28.921617 manifold=sphere d=9 sigma=0.5 n=5000 seed=0
[EST DONE] 2026-05-01T16:50:30.111614 estimator=Levina-Bickel k=3 dur=0.650s seed=0
[EST DONE] 2026-05-01T16:50:30.861953 estimator=Levina-Bickel k=5 dur=0.750s seed=0
[EST DONE] 2026-05-01T16:50:31.829273 estimator=Levina-Bickel k=7 dur=0.967s seed=0
[EST DONE] 2026-05-01T16:50:32.739401 estimator=Levina-Bickel k=10 dur=0.910s seed=0
[EST DONE] 2026-05-01T16:50:33.522243 estimator=Levina-Bickel k=15 dur=0.783s seed=0
[EST DONE] 2026-05-01T16:50:34.144062 estimator=TwoNN (no-k) dur=0.622s seed=0
[EST DONE] 2026-05-01T16:50:36.551236 estimator=MiND k=15 dur=1145.837s seed=0
[EST DONE] 2026-05-01T16:50:42.571034 estimator=MiND k=15 dur=1154.515s seed=0
[EST DONE] 2026-05-01T16:50:43.351172 estimator=MiND k=15 dur=1155.777s seed=0
[EST DONE] 2026-05-01T16:50:47.322794 estimator=FisherS (no-k) dur=10.771s seed=0
[TASK END] 2026-05-01T16:50:47.322935 manifold=sphere d=7 sigma=0.75 seed=0 duration=7819.214s
[TASK START] 2026-05-01T16:50:47.323550 manifold=sphere d=9 sigma=0.75 n=5000 seed=0
[EST DONE] 2026-05-01T16:50:48.799823 estimator=Levina-Bickel k=3 dur=0.592s seed=0
[EST DONE] 2026-05-01T16:50:48.800133 estimator=lPCA k=3 dur=8.441s seed=0
[EST DONE] 2026-05-01T16:50:49.033211 estimator=FisherS (no-k) dur=6.462s seed=0
[TASK END] 2026-05-01T16:50:49.033352 manifold=sphere d=7 sigma=0.5 seed=0 duration=7828.315s
[TASK START] 2026-05-01T16:50:49.034386 manifold=sphere d=9 sigma=1.0 n=5000 seed=0
[EST DONE] 2026-05-01T16:50:49.974934 estimator=Levina-Bickel k=5 dur=1.175s seed=0
[EST DONE] 2026-05-01T16:50:49.975778 estimator=Levina-Bickel k=3 dur=0.479s seed=0
[EST DONE] 2026-05-01T16:50:50.735776 estimator=Levina-Bickel k=5 dur=0.760s seed=0
[EST DONE] 2026-05-01T16:50:50.937005 estimator=Levina-Bickel k=7 dur=0.962s seed=0
[EST DONE] 2026-05-01T16:50:51.566661 estimator=FisherS (no-k) dur=8.215s seed=0
[TASK END] 2026-05-01T16:50:51.566759 manifold=sphere d=7 sigma=1.0 seed=0 duration=7813.686s
[TASK START] 2026-05-01T16:50:51.567839 manifold=sphere d=12 sigma=0.0 n=5000 seed=0
[EST DONE] 2026-05-01T16:50:51.878454 estimator=Levina-Bickel k=7 dur=1.143s seed=0
[EST DONE] 2026-05-01T16:50:52.065493 estimator=Levina-Bickel k=10 dur=1.128s seed=0
[EST DONE] 2026-05-01T16:50:52.820942 estimator=Levina-Bickel k=10 dur=0.942s seed=0
[EST DONE] 2026-05-01T16:50:53.007655 estimator=Levina-Bickel k=15 dur=0.942s seed=0
[EST DONE] 2026-05-01T16:50:53.610745 estimator=TwoNN (no-k) dur=0.603s seed=0
[EST DONE] 2026-05-01T16:50:53.715005 estimator=Levina-Bickel k=15 dur=0.894s seed=0
[EST DONE] 2026-05-01T16:50:54.009606 estimator=Levina-Bickel k=3 dur=1.243s seed=0
[EST DONE] 2026-05-01T16:50:54.414706 estimator=TwoNN (no-k) dur=0.700s seed=0
[EST DONE] 2026-05-01T16:50:55.164621 estimator=lPCA k=5 dur=6.364s seed=0
[EST DONE] 2026-05-01T16:50:55.230199 estimator=Levina-Bickel k=5 dur=1.220s seed=0
[EST DONE] 2026-05-01T16:50:56.450712 estimator=Levina-Bickel k=7 dur=1.220s seed=0
[EST DONE] 2026-05-01T16:50:57.507174 estimator=Levina-Bickel k=10 dur=1.056s seed=0
[EST DONE] 2026-05-01T16:50:59.230074 estimator=Levina-Bickel k=15 dur=1.723s seed=0
[EST DONE] 2026-05-01T16:51:00.338575 estimator=TwoNN (no-k) dur=1.108s seed=0
[EST DONE] 2026-05-01T16:51:01.401377 estimator=lPCA k=7 dur=6.237s seed=0
[EST DONE] 2026-05-01T16:51:04.804899 estimator=lPCA k=3 dur=5.039s seed=0
[EST DONE] 2026-05-01T16:51:05.346460 estimator=lPCA k=3 dur=5.270s seed=0
[EST DONE] 2026-05-01T16:51:07.382336 estimator=lPCA k=10 dur=5.981s seed=0
[EST DONE] 2026-05-01T16:51:09.696693 estimator=lPCA k=5 dur=4.350s seed=0
[EST DONE] 2026-05-01T16:51:10.349015 estimator=lPCA k=5 dur=5.544s seed=0
[EST DONE] 2026-05-01T16:51:14.489453 estimator=lPCA k=15 dur=7.107s seed=0
[EST DONE] 2026-05-01T16:51:14.681732 estimator=lPCA k=3 dur=7.762s seed=0
[EST DONE] 2026-05-01T16:51:14.872770 estimator=MiND k=15 dur=1141.880s seed=0
[EST DONE] 2026-05-01T16:51:15.315811 estimator=lPCA k=7 dur=5.619s seed=0
[EST DONE] 2026-05-01T16:51:17.667450 estimator=lPCA k=7 dur=7.318s seed=0
[EST DONE] 2026-05-01T16:51:20.749763 estimator=FisherS (no-k) dur=5.877s seed=0
[TASK END] 2026-05-01T16:51:20.749950 manifold=sphere d=9 sigma=0.0 seed=0 duration=7838.476s
[TASK START] 2026-05-01T16:51:20.751315 manifold=sphere d=12 sigma=0.25 n=5000 seed=0
[EST DONE] 2026-05-01T16:51:20.776824 estimator=lPCA k=5 dur=6.095s seed=0
[EST DONE] 2026-05-01T16:51:20.953642 estimator=lPCA k=10 dur=5.638s seed=0
[EST DONE] 2026-05-01T16:51:23.060314 estimator=Levina-Bickel k=3 dur=1.177s seed=0
[EST DONE] 2026-05-01T16:51:24.267220 estimator=lPCA k=10 dur=6.600s seed=0
[EST DONE] 2026-05-01T16:51:24.414710 estimator=Levina-Bickel k=5 dur=1.354s seed=0
[EST DONE] 2026-05-01T16:51:25.485688 estimator=Levina-Bickel k=7 dur=1.071s seed=0
[EST DONE] 2026-05-01T16:51:26.988105 estimator=Levina-Bickel k=10 dur=1.502s seed=0
[EST DONE] 2026-05-01T16:51:27.573127 estimator=MiND k=15 dur=1124.628s seed=0
[EST DONE] 2026-05-01T16:51:27.719523 estimator=lPCA k=7 dur=6.943s seed=0
[EST DONE] 2026-05-01T16:51:27.777246 estimator=lPCA k=15 dur=6.823s seed=0
[EST DONE] 2026-05-01T16:51:28.076002 estimator=Levina-Bickel k=15 dur=1.084s seed=0
[EST DONE] 2026-05-01T16:51:28.877387 estimator=TwoNN (no-k) dur=0.801s seed=0
[EST DONE] 2026-05-01T16:51:31.421102 estimator=lPCA k=15 dur=7.154s seed=0
[EST DONE] 2026-05-01T16:51:33.447989 estimator=FisherS (no-k) dur=5.875s seed=0
[TASK END] 2026-05-01T16:51:33.448183 manifold=sphere d=9 sigma=0.25 seed=0 duration=7837.741s
[TASK START] 2026-05-01T16:51:33.449662 manifold=sphere d=12 sigma=0.5 n=5000 seed=0
[EST DONE] 2026-05-01T16:51:35.118142 estimator=lPCA k=10 dur=7.399s seed=0
[EST DONE] 2026-05-01T16:51:35.542270 estimator=Levina-Bickel k=3 dur=1.141s seed=0
[EST DONE] 2026-05-01T16:51:36.693121 estimator=Levina-Bickel k=5 dur=1.151s seed=0
[EST DONE] 2026-05-01T16:51:37.984002 estimator=Levina-Bickel k=7 dur=1.291s seed=0
[EST DONE] 2026-05-01T16:51:39.319334 estimator=Levina-Bickel k=10 dur=1.335s seed=0
[EST DONE] 2026-05-01T16:51:41.382376 estimator=Levina-Bickel k=15 dur=2.063s seed=0
[EST DONE] 2026-05-01T16:51:43.035390 estimator=lPCA k=15 dur=7.917s seed=0
[EST DONE] 2026-05-01T16:51:43.040311 estimator=TwoNN (no-k) dur=1.658s seed=0
[EST DONE] 2026-05-01T16:51:43.909301 estimator=lPCA k=3 dur=7.652s seed=0
[EST DONE] 2026-05-01T16:51:51.422748 estimator=lPCA k=5 dur=7.513s seed=0
[EST DONE] 2026-05-01T16:51:57.791379 estimator=lPCA k=3 dur=6.967s seed=0
[EST DONE] 2026-05-01T16:51:59.728430 estimator=lPCA k=7 dur=8.306s seed=0
[EST DONE] 2026-05-01T16:52:06.493172 estimator=lPCA k=5 dur=8.702s seed=0
[EST DONE] 2026-05-01T16:52:09.068808 estimator=lPCA k=10 dur=9.340s seed=0
[EST DONE] 2026-05-01T16:52:14.446863 estimator=lPCA k=7 dur=7.954s seed=0
[EST DONE] 2026-05-01T16:52:17.203412 estimator=lPCA k=15 dur=8.134s seed=0
[EST DONE] 2026-05-01T16:52:21.610250 estimator=lPCA k=10 dur=7.163s seed=0
[EST DONE] 2026-05-01T16:52:31.130669 estimator=lPCA k=15 dur=9.520s seed=0
[EST DONE] 2026-05-01T16:55:22.963473 estimator=DANCo k=3 dur=132.941s seed=0
[EST DONE] 2026-05-01T16:55:52.178486 estimator=DANCo k=3 dur=135.850s seed=0
[EST DONE] 2026-05-01T16:55:59.142352 estimator=DANCo k=3 dur=137.840s seed=0
[EST DONE] 2026-05-01T16:56:23.565198 estimator=DANCo k=3 dur=147.741s seed=0
[EST DONE] 2026-05-01T16:56:50.454471 estimator=DANCo k=3 dur=131.535s seed=0
[EST DONE] 2026-05-01T16:57:06.705953 estimator=DANCo k=3 dur=138.137s seed=0
[EST DONE] 2026-05-01T16:57:50.006232 estimator=DANCo k=5 dur=147.043s seed=0
[EST DONE] 2026-05-01T16:58:17.036603 estimator=DANCo k=5 dur=144.849s seed=0
[EST DONE] 2026-05-01T16:58:26.185466 estimator=DANCo k=5 dur=147.043s seed=0
[EST DONE] 2026-05-01T16:58:48.585128 estimator=DANCo k=5 dur=145.020s seed=0
[EST DONE] 2026-05-01T16:59:13.695069 estimator=DANCo k=5 dur=143.240s seed=0
[EST DONE] 2026-05-01T16:59:28.914844 estimator=DANCo k=5 dur=142.209s seed=0
[EST DONE] 2026-05-01T17:00:17.183611 estimator=DANCo k=7 dur=147.177s seed=0
[EST DONE] 2026-05-01T17:00:44.807310 estimator=DANCo k=7 dur=147.770s seed=0
[EST DONE] 2026-05-01T17:00:48.390990 estimator=DANCo k=7 dur=142.205s seed=0
[EST DONE] 2026-05-01T17:01:21.126418 estimator=DANCo k=7 dur=152.541s seed=0
[EST DONE] 2026-05-01T17:01:46.916061 estimator=DANCo k=7 dur=153.221s seed=0
[EST DONE] 2026-05-01T17:01:56.243435 estimator=DANCo k=7 dur=147.328s seed=0
[EST DONE] 2026-05-01T17:02:50.486324 estimator=DANCo k=10 dur=153.303s seed=0
[EST DONE] 2026-05-01T17:03:13.867467 estimator=DANCo k=10 dur=149.060s seed=0
[EST DONE] 2026-05-01T17:03:20.755581 estimator=DANCo k=10 dur=152.364s seed=0
[EST DONE] 2026-05-01T17:03:51.529284 estimator=DANCo k=10 dur=150.403s seed=0
[EST DONE] 2026-05-01T17:04:19.627432 estimator=DANCo k=10 dur=152.704s seed=0
[EST DONE] 2026-05-01T17:04:27.488090 estimator=DANCo k=10 dur=151.244s seed=0
[EST DONE] 2026-05-01T17:05:28.558668 estimator=DANCo k=15 dur=158.072s seed=0
[EST DONE] 2026-05-01T17:05:59.461070 estimator=DANCo k=15 dur=165.593s seed=0
[EST DONE] 2026-05-01T17:06:05.771021 estimator=DANCo k=15 dur=165.015s seed=0
[EST DONE] 2026-05-01T17:06:37.670067 estimator=DANCo k=15 dur=166.141s seed=0
[EST DONE] 2026-05-01T17:07:04.857666 estimator=DANCo k=15 dur=165.230s seed=0
[EST DONE] 2026-05-01T17:07:17.514373 estimator=DANCo k=15 dur=170.006s seed=0
[EST DONE] 2026-05-01T17:43:47.177416 estimator=MiND k=3 dur=1153.202s seed=0
[EST DONE] 2026-05-01T17:44:29.325492 estimator=MiND k=3 dur=1153.616s seed=0
[EST DONE] 2026-05-01T17:44:40.781710 estimator=MiND k=3 dur=1165.295s seed=0
[EST DONE] 2026-05-01T17:45:12.555837 estimator=MiND k=3 dur=1151.985s seed=0
[EST DONE] 2026-05-01T17:45:39.015318 estimator=MiND k=3 dur=1157.807s seed=0
[EST DONE] 2026-05-01T17:45:59.380966 estimator=MiND k=3 dur=1156.674s seed=0
[EST DONE] 2026-05-01T18:03:08.019770 estimator=MiND k=5 dur=1160.842s seed=0
[EST DONE] 2026-05-01T18:03:49.851074 estimator=MiND k=5 dur=1160.525s seed=0
[EST DONE] 2026-05-01T18:04:00.360405 estimator=MiND k=5 dur=1159.579s seed=0
[EST DONE] 2026-05-01T18:04:23.626250 estimator=MiND k=5 dur=1151.070s seed=0
[EST DONE] 2026-05-01T18:05:02.220891 estimator=MiND k=5 dur=1163.205s seed=0
[EST DONE] 2026-05-01T18:05:16.679251 estimator=MiND k=5 dur=1157.298s seed=0
[EST DONE] 2026-05-01T18:22:30.014248 estimator=MiND k=7 dur=1161.994s seed=0
[EST DONE] 2026-05-01T18:23:06.220938 estimator=MiND k=7 dur=1156.370s seed=0
[EST DONE] 2026-05-01T18:23:17.432717 estimator=MiND k=7 dur=1157.072s seed=0
[EST DONE] 2026-05-01T18:23:45.170482 estimator=MiND k=7 dur=1161.544s seed=0
[EST DONE] 2026-05-01T18:24:24.024112 estimator=MiND k=7 dur=1161.803s seed=0
[EST DONE] 2026-05-01T18:24:31.880108 estimator=MiND k=7 dur=1155.201s seed=0
[EST DONE] 2026-05-01T18:41:55.517044 estimator=MiND k=10 dur=1165.503s seed=0
[EST DONE] 2026-05-01T18:42:31.527908 estimator=MiND k=10 dur=1165.307s seed=0
[EST DONE] 2026-05-01T18:42:37.242487 estimator=MiND k=10 dur=1159.810s seed=0
[EST DONE] 2026-05-01T18:43:01.327663 estimator=MiND k=10 dur=1156.157s seed=0
[EST DONE] 2026-05-01T18:43:39.502509 estimator=MiND k=10 dur=1155.478s seed=0
[EST DONE] 2026-05-01T18:43:52.334165 estimator=MiND k=10 dur=1160.454s seed=0
[EST DONE] 2026-05-01T19:01:10.049457 estimator=MiND k=15 dur=1154.532s seed=0
[EST DONE] 2026-05-01T19:01:17.787813 estimator=FisherS (no-k) dur=7.738s seed=0
[TASK END] 2026-05-01T19:01:17.787930 manifold=sphere d=9 sigma=0.5 seed=0 duration=7848.866s
[TASK START] 2026-05-01T19:01:17.789065 manifold=sphere d=12 sigma=0.75 n=5000 seed=0
[EST DONE] 2026-05-01T19:01:19.939796 estimator=Levina-Bickel k=3 dur=1.136s seed=0
[EST DONE] 2026-05-01T19:01:21.310957 estimator=Levina-Bickel k=5 dur=1.371s seed=0
[EST DONE] 2026-05-01T19:01:22.585831 estimator=Levina-Bickel k=7 dur=1.275s seed=0
[EST DONE] 2026-05-01T19:01:23.563458 estimator=Levina-Bickel k=10 dur=0.977s seed=0
[EST DONE] 2026-05-01T19:01:24.933219 estimator=Levina-Bickel k=15 dur=1.370s seed=0
[EST DONE] 2026-05-01T19:01:26.351233 estimator=TwoNN (no-k) dur=1.418s seed=0
[EST DONE] 2026-05-01T19:01:43.695157 estimator=lPCA k=3 dur=9.831s seed=0
[EST DONE] 2026-05-01T19:01:45.735193 estimator=MiND k=15 dur=1154.207s seed=0
[EST DONE] 2026-05-01T19:01:54.211002 estimator=lPCA k=5 dur=10.516s seed=0
[EST DONE] 2026-05-01T19:01:54.856011 estimator=MiND k=15 dur=1157.613s seed=0
[EST DONE] 2026-05-01T19:01:55.152110 estimator=FisherS (no-k) dur=9.417s seed=0
[TASK END] 2026-05-01T19:01:55.160975 manifold=sphere d=9 sigma=0.75 seed=0 duration=7867.837s
[TASK START] 2026-05-01T19:01:55.161974 manifold=sphere d=12 sigma=1.0 n=5000 seed=0
[EST DONE] 2026-05-01T19:01:57.679870 estimator=Levina-Bickel k=3 dur=1.246s seed=0
[EST DONE] 2026-05-01T19:01:59.333444 estimator=Levina-Bickel k=5 dur=1.653s seed=0
[EST DONE] 2026-05-01T19:01:59.939503 estimator=FisherS (no-k) dur=5.083s seed=0
[TASK END] 2026-05-01T19:01:59.939583 manifold=sphere d=9 sigma=1.0 seed=0 duration=7870.905s
[TASK START] 2026-05-01T19:01:59.940506 manifold=sphere d=15 sigma=0.0 n=5000 seed=0
[EST DONE] 2026-05-01T19:02:00.564540 estimator=Levina-Bickel k=7 dur=1.231s seed=0
[EST DONE] 2026-05-01T19:02:01.567311 estimator=lPCA k=7 dur=7.356s seed=0
[EST DONE] 2026-05-01T19:02:01.844284 estimator=Levina-Bickel k=10 dur=1.280s seed=0
[EST DONE] 2026-05-01T19:02:03.726019 estimator=Levina-Bickel k=15 dur=1.882s seed=0
[EST DONE] 2026-05-01T19:02:04.967784 estimator=TwoNN (no-k) dur=1.242s seed=0
[EST DONE] 2026-05-01T19:02:05.241482 estimator=Levina-Bickel k=3 dur=2.261s seed=0
[EST DONE] 2026-05-01T19:02:07.719323 estimator=Levina-Bickel k=5 dur=2.478s seed=0
[EST DONE] 2026-05-01T19:02:08.384369 estimator=MiND k=15 dur=1147.057s seed=0
[EST DONE] 2026-05-01T19:02:10.397494 estimator=Levina-Bickel k=7 dur=2.678s seed=0
[EST DONE] 2026-05-01T19:02:11.649378 estimator=lPCA k=10 dur=10.082s seed=0
[EST DONE] 2026-05-01T19:02:12.037715 estimator=Levina-Bickel k=10 dur=1.640s seed=0
[EST DONE] 2026-05-01T19:02:12.443440 estimator=FisherS (no-k) dur=4.059s seed=0
[TASK END] 2026-05-01T19:02:12.443544 manifold=sphere d=12 sigma=0.0 seed=0 duration=7880.876s
[TASK START] 2026-05-01T19:02:12.444519 manifold=sphere d=15 sigma=0.25 n=5000 seed=0
[EST DONE] 2026-05-01T19:02:14.940034 estimator=Levina-Bickel k=15 dur=2.902s seed=0
[EST DONE] 2026-05-01T19:02:16.935333 estimator=Levina-Bickel k=3 dur=2.143s seed=0
[EST DONE] 2026-05-01T19:02:17.865738 estimator=TwoNN (no-k) dur=2.926s seed=0
[EST DONE] 2026-05-01T19:02:19.188719 estimator=Levina-Bickel k=5 dur=2.253s seed=0
[EST DONE] 2026-05-01T19:02:21.434975 estimator=Levina-Bickel k=7 dur=2.246s seed=0
[EST DONE] 2026-05-01T19:02:21.809478 estimator=lPCA k=15 dur=10.160s seed=0
[EST DONE] 2026-05-01T19:02:23.590439 estimator=lPCA k=3 dur=8.448s seed=0
[EST DONE] 2026-05-01T19:02:23.806799 estimator=Levina-Bickel k=10 dur=2.372s seed=0
[EST DONE] 2026-05-01T19:02:26.044608 estimator=Levina-Bickel k=15 dur=2.238s seed=0
[EST DONE] 2026-05-01T19:02:27.319804 estimator=TwoNN (no-k) dur=1.275s seed=0
[EST DONE] 2026-05-01T19:02:33.976194 estimator=lPCA k=5 dur=10.386s seed=0
[EST DONE] 2026-05-01T19:02:38.172303 estimator=lPCA k=3 dur=10.566s seed=0
[EST DONE] 2026-05-01T19:02:42.204770 estimator=lPCA k=7 dur=8.228s seed=0
[EST DONE] 2026-05-01T19:02:43.554075 estimator=MiND k=15 dur=1144.051s seed=0
[EST DONE] 2026-05-01T19:02:45.989349 estimator=lPCA k=3 dur=10.362s seed=0
[EST DONE] 2026-05-01T19:02:46.014503 estimator=MiND k=15 dur=1133.680s seed=0
[EST DONE] 2026-05-01T19:02:48.983398 estimator=lPCA k=5 dur=10.811s seed=0
[EST DONE] 2026-05-01T19:02:50.219227 estimator=FisherS (no-k) dur=6.665s seed=0
[TASK END] 2026-05-01T19:02:50.219340 manifold=sphere d=12 sigma=0.25 seed=0 duration=7889.468s
[TASK START] 2026-05-01T19:02:50.220331 manifold=sphere d=15 sigma=0.5 n=5000 seed=0
[EST DONE] 2026-05-01T19:02:54.319689 estimator=Levina-Bickel k=3 dur=1.977s seed=0
[EST DONE] 2026-05-01T19:02:54.427312 estimator=lPCA k=10 dur=12.222s seed=0
[EST DONE] 2026-05-01T19:02:55.100528 estimator=FisherS (no-k) dur=9.086s seed=0
[TASK END] 2026-05-01T19:02:55.100669 manifold=sphere d=12 sigma=0.5 seed=0 duration=7881.651s
[TASK START] 2026-05-01T19:02:55.101853 manifold=sphere d=15 sigma=0.75 n=5000 seed=0
[EST DONE] 2026-05-01T19:02:56.352817 estimator=lPCA k=5 dur=10.363s seed=0
[EST DONE] 2026-05-01T19:02:56.474329 estimator=Levina-Bickel k=5 dur=2.154s seed=0
[EST DONE] 2026-05-01T19:02:58.642573 estimator=Levina-Bickel k=7 dur=2.168s seed=0
[EST DONE] 2026-05-01T19:02:59.563656 estimator=Levina-Bickel k=3 dur=2.258s seed=0
[EST DONE] 2026-05-01T19:02:59.695951 estimator=lPCA k=7 dur=10.712s seed=0
[EST DONE] 2026-05-01T19:03:01.124644 estimator=Levina-Bickel k=10 dur=2.482s seed=0
[EST DONE] 2026-05-01T19:03:02.497930 estimator=Levina-Bickel k=5 dur=2.934s seed=0
[EST DONE] 2026-05-01T19:03:03.502021 estimator=lPCA k=15 dur=9.075s seed=0
[EST DONE] 2026-05-01T19:03:04.086505 estimator=Levina-Bickel k=15 dur=2.962s seed=0
[EST DONE] 2026-05-01T19:03:04.884126 estimator=Levina-Bickel k=7 dur=2.386s seed=0
[EST DONE] 2026-05-01T19:03:06.869469 estimator=Levina-Bickel k=10 dur=1.985s seed=0
[EST DONE] 2026-05-01T19:03:06.956331 estimator=TwoNN (no-k) dur=2.870s seed=0
[EST DONE] 2026-05-01T19:03:07.952704 estimator=lPCA k=7 dur=11.600s seed=0
[EST DONE] 2026-05-01T19:03:08.204240 estimator=Levina-Bickel k=15 dur=1.335s seed=0
[EST DONE] 2026-05-01T19:03:09.477219 estimator=TwoNN (no-k) dur=1.273s seed=0
[EST DONE] 2026-05-01T19:03:09.753697 estimator=lPCA k=10 dur=10.058s seed=0
[EST DONE] 2026-05-01T19:03:17.293965 estimator=lPCA k=10 dur=9.341s seed=0
[EST DONE] 2026-05-01T19:03:21.880192 estimator=lPCA k=15 dur=12.126s seed=0
[EST DONE] 2026-05-01T19:03:25.656575 estimator=lPCA k=3 dur=8.727s seed=0
[EST DONE] 2026-05-01T19:03:27.507325 estimator=lPCA k=3 dur=10.138s seed=0
[EST DONE] 2026-05-01T19:03:29.690286 estimator=lPCA k=15 dur=12.396s seed=0
[EST DONE] 2026-05-01T19:03:35.780977 estimator=lPCA k=5 dur=10.124s seed=0
[EST DONE] 2026-05-01T19:03:38.162339 estimator=lPCA k=5 dur=10.655s seed=0
[EST DONE] 2026-05-01T19:03:46.768800 estimator=lPCA k=7 dur=10.988s seed=0
[EST DONE] 2026-05-01T19:03:48.805580 estimator=lPCA k=7 dur=10.643s seed=0
[EST DONE] 2026-05-01T19:03:57.463649 estimator=lPCA k=10 dur=8.658s seed=0
[EST DONE] 2026-05-01T19:03:58.738860 estimator=lPCA k=10 dur=11.970s seed=0
[EST DONE] 2026-05-01T19:04:08.477357 estimator=lPCA k=15 dur=9.738s seed=0
[EST DONE] 2026-05-01T19:04:08.865937 estimator=lPCA k=15 dur=11.402s seed=0
[EST DONE] 2026-05-01T19:07:05.575858 estimator=DANCo k=3 dur=149.460s seed=0
[EST DONE] 2026-05-01T19:07:42.872357 estimator=DANCo k=3 dur=139.534s seed=0
[EST DONE] 2026-05-01T19:08:10.006017 estimator=DANCo k=3 dur=148.021s seed=0
[EST DONE] 2026-05-01T19:08:16.490988 estimator=DANCo k=3 dur=145.570s seed=0
[EST DONE] 2026-05-01T19:09:01.384777 estimator=DANCo k=3 dur=143.269s seed=0
[EST DONE] 2026-05-01T19:09:04.987662 estimator=DANCo k=3 dur=150.406s seed=0
[EST DONE] 2026-05-01T19:09:33.991837 estimator=DANCo k=5 dur=148.416s seed=0
[EST DONE] 2026-05-01T19:10:07.409055 estimator=DANCo k=5 dur=144.537s seed=0
[EST DONE] 2026-05-01T19:10:42.449996 estimator=DANCo k=5 dur=152.444s seed=0
[EST DONE] 2026-05-01T19:10:43.431906 estimator=DANCo k=5 dur=146.941s seed=0
[EST DONE] 2026-05-01T19:11:30.384022 estimator=DANCo k=5 dur=148.999s seed=0
[EST DONE] 2026-05-01T19:11:35.231550 estimator=DANCo k=5 dur=150.244s seed=0
[EST DONE] 2026-05-01T19:12:08.642899 estimator=DANCo k=7 dur=154.651s seed=0
[EST DONE] 2026-05-01T19:12:37.934338 estimator=DANCo k=7 dur=150.525s seed=0
[EST DONE] 2026-05-01T19:13:17.213324 estimator=DANCo k=7 dur=154.763s seed=0
[EST DONE] 2026-05-01T19:13:17.930772 estimator=DANCo k=7 dur=154.499s seed=0
[EST DONE] 2026-05-01T19:14:00.729689 estimator=DANCo k=7 dur=150.345s seed=0
[EST DONE] 2026-05-01T19:14:13.376972 estimator=DANCo k=7 dur=158.145s seed=0
[EST DONE] 2026-05-01T19:14:43.863855 estimator=DANCo k=10 dur=155.221s seed=0
[EST DONE] 2026-05-01T19:15:14.344357 estimator=DANCo k=10 dur=156.410s seed=0
[EST DONE] 2026-05-01T19:15:53.006363 estimator=DANCo k=10 dur=155.793s seed=0
[EST DONE] 2026-05-01T19:15:57.427469 estimator=DANCo k=10 dur=159.497s seed=0
[EST DONE] 2026-05-01T19:16:39.798513 estimator=DANCo k=10 dur=159.069s seed=0
[EST DONE] 2026-05-01T19:16:52.391804 estimator=DANCo k=10 dur=159.015s seed=0
[EST DONE] 2026-05-01T19:17:27.820863 estimator=DANCo k=15 dur=163.957s seed=0
[EST DONE] 2026-05-01T19:17:59.729224 estimator=DANCo k=15 dur=165.385s seed=0
[EST DONE] 2026-05-01T19:18:44.841276 estimator=DANCo k=15 dur=167.414s seed=0
[EST DONE] 2026-05-01T19:18:45.874955 estimator=DANCo k=15 dur=172.868s seed=0
[EST DONE] 2026-05-01T19:19:38.757622 estimator=DANCo k=15 dur=178.959s seed=0
[EST DONE] 2026-05-01T19:19:47.210346 estimator=DANCo k=15 dur=174.818s seed=0
[EST DONE] 2026-05-01T19:55:38.691971 estimator=MiND k=3 dur=1153.961s seed=0
[EST DONE] 2026-05-01T19:56:41.213745 estimator=MiND k=3 dur=1167.397s seed=0
[EST DONE] 2026-05-01T19:57:22.391358 estimator=MiND k=3 dur=1162.924s seed=0
[EST DONE] 2026-05-01T19:57:37.829464 estimator=MiND k=3 dur=1166.978s seed=0
[EST DONE] 2026-05-01T19:58:19.352465 estimator=MiND k=3 dur=1154.948s seed=0
[EST DONE] 2026-05-01T19:58:38.092628 estimator=MiND k=3 dur=1171.050s seed=0
[EST DONE] 2026-05-01T20:15:08.484286 estimator=MiND k=5 dur=1169.792s seed=0
[EST DONE] 2026-05-01T20:15:55.325977 estimator=MiND k=5 dur=1154.112s seed=0
[EST DONE] 2026-05-01T20:16:53.282934 estimator=MiND k=5 dur=1170.891s seed=0
[EST DONE] 2026-05-01T20:16:55.670329 estimator=MiND k=5 dur=1157.841s seed=0
[EST DONE] 2026-05-01T20:17:46.872714 estimator=MiND k=5 dur=1167.520s seed=0
[EST DONE] 2026-05-01T20:18:08.438308 estimator=MiND k=5 dur=1170.346s seed=0
[EST DONE] 2026-05-01T20:34:22.964886 estimator=MiND k=7 dur=1154.480s seed=0
[EST DONE] 2026-05-01T20:35:18.060965 estimator=MiND k=7 dur=1162.735s seed=0
[EST DONE] 2026-05-01T20:36:20.739817 estimator=MiND k=7 dur=1167.457s seed=0
[EST DONE] 2026-05-01T20:36:25.962137 estimator=MiND k=7 dur=1170.292s seed=0
[EST DONE] 2026-05-01T20:37:09.193054 estimator=MiND k=7 dur=1162.320s seed=0
[EST DONE] 2026-05-01T20:37:32.940796 estimator=MiND k=7 dur=1164.502s seed=0
[EST DONE] 2026-05-01T20:53:44.645350 estimator=MiND k=10 dur=1161.680s seed=0
[EST DONE] 2026-05-01T20:54:39.962780 estimator=MiND k=10 dur=1161.902s seed=0
[EST DONE] 2026-05-01T20:55:36.627938 estimator=MiND k=10 dur=1155.888s seed=0
[EST DONE] 2026-05-01T20:55:47.399135 estimator=MiND k=10 dur=1161.437s seed=0
[EST DONE] 2026-05-01T20:56:33.073245 estimator=MiND k=10 dur=1163.880s seed=0
[EST DONE] 2026-05-01T20:57:02.823166 estimator=MiND k=10 dur=1169.882s seed=0
[EST DONE] 2026-05-01T21:13:02.567195 estimator=MiND k=15 dur=1157.922s seed=0
[EST DONE] 2026-05-01T21:13:11.644079 estimator=FisherS (no-k) dur=9.077s seed=0
[TASK END] 2026-05-01T21:13:11.644226 manifold=sphere d=12 sigma=0.75 seed=0 duration=7913.855s
[TASK START] 2026-05-01T21:13:11.645281 manifold=sphere d=15 sigma=1.0 n=5000 seed=0
[EST DONE] 2026-05-01T21:13:17.439470 estimator=Levina-Bickel k=3 dur=2.838s seed=0
[EST DONE] 2026-05-01T21:13:20.581084 estimator=Levina-Bickel k=5 dur=3.141s seed=0
[EST DONE] 2026-05-01T21:13:23.500074 estimator=Levina-Bickel k=7 dur=2.919s seed=0
[EST DONE] 2026-05-01T21:13:26.928937 estimator=Levina-Bickel k=10 dur=3.429s seed=0
[EST DONE] 2026-05-01T21:13:30.096752 estimator=Levina-Bickel k=15 dur=3.168s seed=0
[EST DONE] 2026-05-01T21:13:33.201340 estimator=TwoNN (no-k) dur=3.104s seed=0
[EST DONE] 2026-05-01T21:13:54.102097 estimator=MiND k=15 dur=1154.139s seed=0
[EST DONE] 2026-05-01T21:13:56.503967 estimator=lPCA k=3 dur=11.654s seed=0
[EST DONE] 2026-05-01T21:14:01.961245 estimator=FisherS (no-k) dur=7.859s seed=0
[TASK END] 2026-05-01T21:14:01.961416 manifold=sphere d=12 sigma=1.0 seed=0 duration=7926.799s
[TASK START] 2026-05-01T21:14:01.966639 manifold=torus d=5 sigma=0.0 n=5000 seed=0
[EST DONE] 2026-05-01T21:14:03.281798 estimator=Levina-Bickel k=3 dur=0.702s seed=0
[EST DONE] 2026-05-01T21:14:04.445640 estimator=Levina-Bickel k=5 dur=1.164s seed=0
[EST DONE] 2026-05-01T21:14:05.664496 estimator=Levina-Bickel k=7 dur=1.219s seed=0
[EST DONE] 2026-05-01T21:14:06.420521 estimator=Levina-Bickel k=10 dur=0.756s seed=0
[EST DONE] 2026-05-01T21:14:07.167441 estimator=Levina-Bickel k=15 dur=0.747s seed=0
[EST DONE] 2026-05-01T21:14:07.487648 estimator=TwoNN (no-k) dur=0.320s seed=0
[EST DONE] 2026-05-01T21:14:08.816496 estimator=lPCA k=5 dur=12.312s seed=0
[EST DONE] 2026-05-01T21:14:21.690627 estimator=lPCA k=7 dur=12.874s seed=0
[EST DONE] 2026-05-01T21:14:24.878825 estimator=lPCA k=3 dur=11.368s seed=0
[EST DONE] 2026-05-01T21:14:30.583205 estimator=lPCA k=10 dur=8.892s seed=0
[EST DONE] 2026-05-01T21:14:31.960287 estimator=lPCA k=5 dur=7.081s seed=0
[EST DONE] 2026-05-01T21:14:38.155121 estimator=lPCA k=7 dur=6.195s seed=0
[EST DONE] 2026-05-01T21:14:42.845964 estimator=lPCA k=15 dur=12.263s seed=0
[EST DONE] 2026-05-01T21:14:44.929731 estimator=lPCA k=10 dur=6.775s seed=0
[EST DONE] 2026-05-01T21:14:50.316533 estimator=MiND k=15 dur=1153.688s seed=0
[EST DONE] 2026-05-01T21:14:51.342631 estimator=MiND k=15 dur=1143.943s seed=0
[EST DONE] 2026-05-01T21:14:53.036996 estimator=lPCA k=15 dur=8.107s seed=0
[EST DONE] 2026-05-01T21:14:56.126917 estimator=FisherS (no-k) dur=5.810s seed=0
[TASK END] 2026-05-01T21:14:56.127016 manifold=sphere d=15 sigma=0.25 seed=0 duration=7963.682s
[TASK START] 2026-05-01T21:14:56.128174 manifold=torus d=5 sigma=0.25 n=5000 seed=0
[EST DONE] 2026-05-01T21:14:56.743330 estimator=FisherS (no-k) dur=5.401s seed=0
[TASK END] 2026-05-01T21:14:56.743418 manifold=sphere d=15 sigma=0.0 seed=0 duration=7976.803s
[TASK START] 2026-05-01T21:14:56.754604 manifold=torus d=5 sigma=0.5 n=5000 seed=0
[EST DONE] 2026-05-01T21:14:57.067599 estimator=Levina-Bickel k=3 dur=0.448s seed=0
[EST DONE] 2026-05-01T21:14:57.689320 estimator=Levina-Bickel k=5 dur=0.622s seed=0
[EST DONE] 2026-05-01T21:14:58.098167 estimator=Levina-Bickel k=3 dur=0.614s seed=0
[EST DONE] 2026-05-01T21:14:58.257000 estimator=Levina-Bickel k=7 dur=0.568s seed=0
[EST DONE] 2026-05-01T21:14:58.834349 estimator=Levina-Bickel k=5 dur=0.736s seed=0
[EST DONE] 2026-05-01T21:14:58.962411 estimator=Levina-Bickel k=10 dur=0.705s seed=0
[EST DONE] 2026-05-01T21:14:59.677640 estimator=Levina-Bickel k=7 dur=0.843s seed=0
[EST DONE] 2026-05-01T21:14:59.905108 estimator=Levina-Bickel k=15 dur=0.943s seed=0
[EST DONE] 2026-05-01T21:15:00.279276 estimator=TwoNN (no-k) dur=0.374s seed=0
[EST DONE] 2026-05-01T21:15:00.563123 estimator=Levina-Bickel k=10 dur=0.885s seed=0
[EST DONE] 2026-05-01T21:15:01.518975 estimator=Levina-Bickel k=15 dur=0.956s seed=0
[EST DONE] 2026-05-01T21:15:02.183867 estimator=TwoNN (no-k) dur=0.665s seed=0
[EST DONE] 2026-05-01T21:15:14.263231 estimator=lPCA k=3 dur=7.046s seed=0
[EST DONE] 2026-05-01T21:15:16.652697 estimator=lPCA k=3 dur=6.457s seed=0
[EST DONE] 2026-05-01T21:15:20.516670 estimator=lPCA k=5 dur=6.253s seed=0
[EST DONE] 2026-05-01T21:15:22.933297 estimator=lPCA k=5 dur=6.280s seed=0
[EST DONE] 2026-05-01T21:15:27.129139 estimator=lPCA k=7 dur=6.612s seed=0
[EST DONE] 2026-05-01T21:15:28.972812 estimator=MiND k=15 dur=1135.899s seed=0
[EST DONE] 2026-05-01T21:15:29.833872 estimator=lPCA k=7 dur=6.900s seed=0
[EST DONE] 2026-05-01T21:15:33.673324 estimator=lPCA k=10 dur=6.544s seed=0
[EST DONE] 2026-05-01T21:15:35.421307 estimator=FisherS (no-k) dur=6.448s seed=0
[TASK END] 2026-05-01T21:15:35.421400 manifold=sphere d=15 sigma=0.75 seed=0 duration=7960.320s
[TASK START] 2026-05-01T21:15:35.422497 manifold=torus d=5 sigma=0.75 n=5000 seed=0
[EST DONE] 2026-05-01T21:15:36.609977 estimator=Levina-Bickel k=3 dur=0.519s seed=0
[EST DONE] 2026-05-01T21:15:36.813148 estimator=lPCA k=10 dur=6.979s seed=0
[EST DONE] 2026-05-01T21:15:37.209282 estimator=Levina-Bickel k=5 dur=0.599s seed=0
[EST DONE] 2026-05-01T21:15:37.960360 estimator=Levina-Bickel k=7 dur=0.751s seed=0
[EST DONE] 2026-05-01T21:15:38.821947 estimator=Levina-Bickel k=10 dur=0.861s seed=0
[EST DONE] 2026-05-01T21:15:39.748633 estimator=Levina-Bickel k=15 dur=0.927s seed=0
[EST DONE] 2026-05-01T21:15:40.314403 estimator=lPCA k=15 dur=6.641s seed=0
[EST DONE] 2026-05-01T21:15:40.336760 estimator=TwoNN (no-k) dur=0.588s seed=0
[EST DONE] 2026-05-01T21:15:43.787909 estimator=lPCA k=15 dur=6.975s seed=0
[EST DONE] 2026-05-01T21:15:52.849629 estimator=MiND k=15 dur=1130.026s seed=0
[EST DONE] 2026-05-01T21:15:53.229563 estimator=lPCA k=3 dur=6.888s seed=0
[EST DONE] 2026-05-01T21:15:58.767789 estimator=FisherS (no-k) dur=5.918s seed=0
[TASK END] 2026-05-01T21:15:58.767952 manifold=sphere d=15 sigma=0.5 seed=0 duration=7988.548s
[TASK START] 2026-05-01T21:15:58.768919 manifold=torus d=5 sigma=1.0 n=5000 seed=0
[EST DONE] 2026-05-01T21:16:00.465461 estimator=lPCA k=5 dur=7.236s seed=0
[EST DONE] 2026-05-01T21:16:00.662500 estimator=Levina-Bickel k=3 dur=0.533s seed=0
[EST DONE] 2026-05-01T21:16:01.398398 estimator=Levina-Bickel k=5 dur=0.736s seed=0
[EST DONE] 2026-05-01T21:16:02.556559 estimator=Levina-Bickel k=7 dur=1.158s seed=0
[EST DONE] 2026-05-01T21:16:03.467679 estimator=Levina-Bickel k=10 dur=0.911s seed=0
[EST DONE] 2026-05-01T21:16:04.762452 estimator=Levina-Bickel k=15 dur=1.295s seed=0
[EST DONE] 2026-05-01T21:16:06.046430 estimator=TwoNN (no-k) dur=1.284s seed=0
[EST DONE] 2026-05-01T21:16:08.042353 estimator=lPCA k=7 dur=7.577s seed=0
[EST DONE] 2026-05-01T21:16:15.680457 estimator=lPCA k=10 dur=7.638s seed=0
[EST DONE] 2026-05-01T21:16:19.596692 estimator=lPCA k=3 dur=5.999s seed=0
[EST DONE] 2026-05-01T21:16:23.280897 estimator=lPCA k=15 dur=7.600s seed=0
[EST DONE] 2026-05-01T21:16:26.196889 estimator=lPCA k=5 dur=6.600s seed=0
[EST DONE] 2026-05-01T21:16:34.174379 estimator=lPCA k=7 dur=7.977s seed=0
[EST DONE] 2026-05-01T21:16:41.392401 estimator=lPCA k=10 dur=7.218s seed=0
[EST DONE] 2026-05-01T21:16:49.123685 estimator=lPCA k=15 dur=7.731s seed=0
[EST DONE] 2026-05-01T21:19:16.996303 estimator=DANCo k=3 dur=142.776s seed=0
[EST DONE] 2026-05-01T21:19:18.679842 estimator=DANCo k=3 dur=140.032s seed=0
[EST DONE] 2026-05-01T21:20:14.713819 estimator=DANCo k=3 dur=134.427s seed=0
[EST DONE] 2026-05-01T21:20:20.328811 estimator=DANCo k=3 dur=143.474s seed=0
[EST DONE] 2026-05-01T21:21:01.325364 estimator=DANCo k=3 dur=145.398s seed=0
[EST DONE] 2026-05-01T21:21:29.477601 estimator=DANCo k=3 dur=139.738s seed=0
[EST DONE] 2026-05-01T21:21:44.352718 estimator=DANCo k=5 dur=145.673s seed=0
[EST DONE] 2026-05-01T21:21:44.448532 estimator=DANCo k=5 dur=147.452s seed=0
[EST DONE] 2026-05-01T21:22:40.753747 estimator=DANCo k=5 dur=146.040s seed=0
[EST DONE] 2026-05-01T21:22:43.204042 estimator=DANCo k=5 dur=142.875s seed=0
[EST DONE] 2026-05-01T21:23:20.366373 estimator=DANCo k=5 dur=139.041s seed=0
[EST DONE] 2026-05-01T21:23:53.489203 estimator=DANCo k=5 dur=144.011s seed=0
[EST DONE] 2026-05-01T21:24:15.447836 estimator=DANCo k=7 dur=151.095s seed=0
[EST DONE] 2026-05-01T21:24:15.742707 estimator=DANCo k=7 dur=151.294s seed=0
[EST DONE] 2026-05-01T21:25:09.574239 estimator=DANCo k=7 dur=148.820s seed=0
[EST DONE] 2026-05-01T21:25:17.158466 estimator=DANCo k=7 dur=153.954s seed=0
[EST DONE] 2026-05-01T21:25:46.705941 estimator=DANCo k=7 dur=146.339s seed=0
[EST DONE] 2026-05-01T21:26:21.717759 estimator=DANCo k=7 dur=148.228s seed=0
[EST DONE] 2026-05-01T21:26:50.375741 estimator=DANCo k=10 dur=154.928s seed=0
[EST DONE] 2026-05-01T21:26:54.774888 estimator=DANCo k=10 dur=159.032s seed=0
[EST DONE] 2026-05-01T21:27:37.090763 estimator=DANCo k=10 dur=147.516s seed=0
[EST DONE] 2026-05-01T21:27:45.514531 estimator=DANCo k=10 dur=148.356s seed=0
[EST DONE] 2026-05-01T21:28:20.932779 estimator=DANCo k=10 dur=154.227s seed=0
[EST DONE] 2026-05-01T21:28:54.505994 estimator=DANCo k=10 dur=152.788s seed=0
[EST DONE] 2026-05-01T21:29:25.220222 estimator=DANCo k=15 dur=154.844s seed=0
[EST DONE] 2026-05-01T21:29:42.778975 estimator=DANCo k=15 dur=168.004s seed=0
[EST DONE] 2026-05-01T21:30:19.949976 estimator=DANCo k=15 dur=162.859s seed=0
[EST DONE] 2026-05-01T21:30:32.672090 estimator=DANCo k=15 dur=167.157s seed=0
[EST DONE] 2026-05-01T21:31:11.074773 estimator=DANCo k=15 dur=170.142s seed=0
[EST DONE] 2026-05-01T21:31:45.074908 estimator=DANCo k=15 dur=170.569s seed=0
[EST DONE] 2026-05-01T22:07:38.918156 estimator=MiND k=3 dur=1158.137s seed=0
[EST DONE] 2026-05-01T22:08:17.063633 estimator=MiND k=3 dur=1163.179s seed=0
[EST DONE] 2026-05-01T22:08:49.186254 estimator=MiND k=3 dur=1157.619s seed=0
[EST DONE] 2026-05-01T22:08:55.909170 estimator=MiND k=3 dur=1144.963s seed=0
[EST DONE] 2026-05-01T22:09:38.386148 estimator=MiND k=3 dur=1151.090s seed=0
[EST DONE] 2026-05-01T22:10:13.051601 estimator=MiND k=3 dur=1151.456s seed=0
[EST DONE] 2026-05-01T22:26:59.278367 estimator=MiND k=5 dur=1160.360s seed=0
[EST DONE] 2026-05-01T22:27:38.754992 estimator=MiND k=5 dur=1161.691s seed=0
[EST DONE] 2026-05-01T22:28:01.591745 estimator=MiND k=5 dur=1152.405s seed=0
[EST DONE] 2026-05-01T22:28:12.080963 estimator=MiND k=5 dur=1156.172s seed=0
[EST DONE] 2026-05-01T22:28:55.223410 estimator=MiND k=5 dur=1156.837s seed=0
[EST DONE] 2026-05-01T22:29:28.907910 estimator=MiND k=5 dur=1155.856s seed=0
[EST DONE] 2026-05-01T22:46:22.309709 estimator=MiND k=7 dur=1163.031s seed=0
[EST DONE] 2026-05-01T22:46:58.012233 estimator=MiND k=7 dur=1159.257s seed=0
[EST DONE] 2026-05-01T22:47:25.050879 estimator=MiND k=7 dur=1163.459s seed=0
[EST DONE] 2026-05-01T22:47:35.088706 estimator=MiND k=7 dur=1163.008s seed=0
[EST DONE] 2026-05-01T22:48:15.402054 estimator=MiND k=7 dur=1160.178s seed=0
[EST DONE] 2026-05-01T22:48:44.487196 estimator=MiND k=7 dur=1155.579s seed=0
[EST DONE] 2026-05-01T23:05:42.864519 estimator=MiND k=10 dur=1160.555s seed=0
[EST DONE] 2026-05-01T23:06:26.325107 estimator=MiND k=10 dur=1168.313s seed=0
[EST DONE] 2026-05-01T23:06:46.834997 estimator=MiND k=10 dur=1161.784s seed=0
[EST DONE] 2026-05-01T23:06:48.918905 estimator=MiND k=10 dur=1153.830s seed=0
[EST DONE] 2026-05-01T23:07:38.142532 estimator=MiND k=10 dur=1162.740s seed=0
[EST DONE] 2026-05-01T23:08:03.820521 estimator=MiND k=10 dur=1159.333s seed=0
[EST DONE] 2026-05-01T23:25:02.319292 estimator=MiND k=15 dur=1159.455s seed=0
[EST DONE] 2026-05-01T23:25:22.984729 estimator=FisherS (no-k) dur=20.665s seed=0
[TASK END] 2026-05-01T23:25:22.984841 manifold=torus d=5 sigma=0.0 seed=0 duration=7881.018s
[TASK START] 2026-05-01T23:25:22.990619 manifold=torus d=7 sigma=0.0 n=5000 seed=0
[EST DONE] 2026-05-01T23:25:25.348484 estimator=Levina-Bickel k=3 dur=1.118s seed=0
[EST DONE] 2026-05-01T23:25:26.389488 estimator=Levina-Bickel k=5 dur=1.041s seed=0
[EST DONE] 2026-05-01T23:25:27.795349 estimator=Levina-Bickel k=7 dur=1.406s seed=0
[EST DONE] 2026-05-01T23:25:29.041707 estimator=Levina-Bickel k=10 dur=1.246s seed=0
[EST DONE] 2026-05-01T23:25:30.827641 estimator=Levina-Bickel k=15 dur=1.786s seed=0
[EST DONE] 2026-05-01T23:25:31.800801 estimator=TwoNN (no-k) dur=0.973s seed=0
[EST DONE] 2026-05-01T23:25:46.934210 estimator=lPCA k=3 dur=8.231s seed=0
[EST DONE] 2026-05-01T23:25:51.620567 estimator=MiND k=15 dur=1144.785s seed=0
[EST DONE] 2026-05-01T23:25:54.662641 estimator=MiND k=15 dur=1168.337s seed=0
[EST DONE] 2026-05-01T23:25:56.177152 estimator=lPCA k=5 dur=9.243s seed=0
[EST DONE] 2026-05-01T23:26:00.352714 estimator=MiND k=15 dur=1151.434s seed=0
[EST DONE] 2026-05-01T23:26:05.162691 estimator=FisherS (no-k) dur=13.542s seed=0
[TASK END] 2026-05-01T23:26:05.162816 manifold=torus d=5 sigma=0.5 seed=0 duration=7868.408s
[EST DONE] 2026-05-01T23:26:05.175522 estimator=lPCA k=7 dur=8.998s seed=0
[TASK START] 2026-05-01T23:26:05.176365 manifold=torus d=7 sigma=0.25 n=5000 seed=0
[EST DONE] 2026-05-01T23:26:08.684781 estimator=Levina-Bickel k=3 dur=1.822s seed=0
[EST DONE] 2026-05-01T23:26:09.160904 estimator=FisherS (no-k) dur=14.498s seed=0
[TASK END] 2026-05-01T23:26:09.161015 manifold=sphere d=15 sigma=1.0 seed=0 duration=7977.516s
[TASK START] 2026-05-01T23:26:09.162432 manifold=torus d=7 sigma=0.5 n=5000 seed=0
[EST DONE] 2026-05-01T23:26:10.189734 estimator=FisherS (no-k) dur=9.837s seed=0
[TASK END] 2026-05-01T23:26:10.189845 manifold=torus d=5 sigma=0.25 seed=0 duration=7874.062s
[TASK START] 2026-05-01T23:26:10.190821 manifold=torus d=7 sigma=0.75 n=5000 seed=0
[EST DONE] 2026-05-01T23:26:10.360246 estimator=Levina-Bickel k=5 dur=1.675s seed=0
[EST DONE] 2026-05-01T23:26:11.465350 estimator=Levina-Bickel k=7 dur=1.105s seed=0
[EST DONE] 2026-05-01T23:26:12.299770 estimator=Levina-Bickel k=3 dur=1.428s seed=0
[EST DONE] 2026-05-01T23:26:13.066858 estimator=Levina-Bickel k=3 dur=1.552s seed=0
[EST DONE] 2026-05-01T23:26:13.214257 estimator=Levina-Bickel k=10 dur=1.749s seed=0
[EST DONE] 2026-05-01T23:26:13.718724 estimator=Levina-Bickel k=5 dur=1.419s seed=0
[EST DONE] 2026-05-01T23:26:14.531952 estimator=lPCA k=10 dur=9.356s seed=0
[EST DONE] 2026-05-01T23:26:14.610432 estimator=Levina-Bickel k=5 dur=1.543s seed=0
[EST DONE] 2026-05-01T23:26:14.702812 estimator=Levina-Bickel k=15 dur=1.488s seed=0
[EST DONE] 2026-05-01T23:26:15.209672 estimator=Levina-Bickel k=7 dur=1.491s seed=0
[EST DONE] 2026-05-01T23:26:15.516796 estimator=TwoNN (no-k) dur=0.814s seed=0
[EST DONE] 2026-05-01T23:26:15.900157 estimator=Levina-Bickel k=7 dur=1.290s seed=0
[EST DONE] 2026-05-01T23:26:16.605660 estimator=Levina-Bickel k=10 dur=1.396s seed=0
[EST DONE] 2026-05-01T23:26:17.172902 estimator=Levina-Bickel k=10 dur=1.273s seed=0
[EST DONE] 2026-05-01T23:26:18.151906 estimator=Levina-Bickel k=15 dur=1.546s seed=0
[EST DONE] 2026-05-01T23:26:18.280920 estimator=Levina-Bickel k=15 dur=1.108s seed=0
[EST DONE] 2026-05-01T23:26:19.090731 estimator=TwoNN (no-k) dur=0.939s seed=0
[EST DONE] 2026-05-01T23:26:19.249271 estimator=TwoNN (no-k) dur=0.968s seed=0
[EST DONE] 2026-05-01T23:26:22.263962 estimator=lPCA k=15 dur=7.732s seed=0
[EST DONE] 2026-05-01T23:26:29.691564 estimator=lPCA k=3 dur=6.975s seed=0
[EST DONE] 2026-05-01T23:26:32.813733 estimator=lPCA k=3 dur=6.672s seed=0
[EST DONE] 2026-05-01T23:26:34.202865 estimator=lPCA k=3 dur=7.992s seed=0
[EST DONE] 2026-05-01T23:26:36.823425 estimator=lPCA k=5 dur=7.132s seed=0
[EST DONE] 2026-05-01T23:26:38.143572 estimator=MiND k=15 dur=1140.001s seed=0
[EST DONE] 2026-05-01T23:26:40.871613 estimator=lPCA k=5 dur=8.058s seed=0
[EST DONE] 2026-05-01T23:26:42.528252 estimator=lPCA k=5 dur=8.325s seed=0
[EST DONE] 2026-05-01T23:26:43.300743 estimator=FisherS (no-k) dur=5.157s seed=0
[TASK END] 2026-05-01T23:26:43.300840 manifold=torus d=5 sigma=0.75 seed=0 duration=7867.878s
[TASK START] 2026-05-01T23:26:43.302032 manifold=torus d=7 sigma=1.0 n=5000 seed=0
[EST DONE] 2026-05-01T23:26:45.326813 estimator=lPCA k=7 dur=8.503s seed=0
[EST DONE] 2026-05-01T23:26:46.067605 estimator=Levina-Bickel k=3 dur=1.165s seed=0
[EST DONE] 2026-05-01T23:26:47.383420 estimator=Levina-Bickel k=5 dur=1.316s seed=0
[EST DONE] 2026-05-01T23:26:48.582223 estimator=Levina-Bickel k=7 dur=1.199s seed=0
[EST DONE] 2026-05-01T23:26:48.687212 estimator=lPCA k=7 dur=7.816s seed=0
[EST DONE] 2026-05-01T23:26:49.242788 estimator=MiND k=15 dur=1125.422s seed=0
[EST DONE] 2026-05-01T23:26:49.972490 estimator=lPCA k=7 dur=7.444s seed=0
[EST DONE] 2026-05-01T23:26:50.106270 estimator=Levina-Bickel k=10 dur=1.524s seed=0
[EST DONE] 2026-05-01T23:26:51.535619 estimator=Levina-Bickel k=15 dur=1.429s seed=0
[EST DONE] 2026-05-01T23:26:52.618517 estimator=TwoNN (no-k) dur=1.083s seed=0
[EST DONE] 2026-05-01T23:26:54.036942 estimator=lPCA k=10 dur=8.710s seed=0
[EST DONE] 2026-05-01T23:26:54.118757 estimator=FisherS (no-k) dur=4.876s seed=0
[TASK END] 2026-05-01T23:26:54.118869 manifold=torus d=5 sigma=1.0 seed=0 duration=7855.350s
[TASK START] 2026-05-01T23:26:54.119779 manifold=torus d=9 sigma=0.0 n=5000 seed=0
[EST DONE] 2026-05-01T23:26:55.648031 estimator=lPCA k=10 dur=6.961s seed=0
[EST DONE] 2026-05-01T23:26:57.308185 estimator=lPCA k=10 dur=7.336s seed=0
[EST DONE] 2026-05-01T23:26:58.989930 estimator=Levina-Bickel k=3 dur=2.301s seed=0
[EST DONE] 2026-05-01T23:27:01.221833 estimator=Levina-Bickel k=5 dur=2.232s seed=0
[EST DONE] 2026-05-01T23:27:02.556850 estimator=lPCA k=15 dur=8.520s seed=0
[EST DONE] 2026-05-01T23:27:02.655608 estimator=lPCA k=15 dur=7.007s seed=0
[EST DONE] 2026-05-01T23:27:03.498788 estimator=Levina-Bickel k=7 dur=2.277s seed=0
[EST DONE] 2026-05-01T23:27:04.785746 estimator=lPCA k=15 dur=7.477s seed=0
[EST DONE] 2026-05-01T23:27:05.626037 estimator=Levina-Bickel k=10 dur=2.127s seed=0
[EST DONE] 2026-05-01T23:27:07.087308 estimator=lPCA k=3 dur=7.683s seed=0
[EST DONE] 2026-05-01T23:27:07.584947 estimator=Levina-Bickel k=15 dur=1.959s seed=0
[EST DONE] 2026-05-01T23:27:09.230118 estimator=TwoNN (no-k) dur=1.645s seed=0
[EST DONE] 2026-05-01T23:27:14.119316 estimator=lPCA k=5 dur=7.032s seed=0
[EST DONE] 2026-05-01T23:27:24.490237 estimator=lPCA k=7 dur=10.371s seed=0
[EST DONE] 2026-05-01T23:27:28.092003 estimator=lPCA k=3 dur=11.202s seed=0
[EST DONE] 2026-05-01T23:27:33.044395 estimator=lPCA k=10 dur=8.554s seed=0
[EST DONE] 2026-05-01T23:27:37.799432 estimator=lPCA k=5 dur=9.707s seed=0
[EST DONE] 2026-05-01T23:27:42.647107 estimator=lPCA k=15 dur=9.603s seed=0
[EST DONE] 2026-05-01T23:27:48.546440 estimator=lPCA k=7 dur=10.747s seed=0
[EST DONE] 2026-05-01T23:27:59.399515 estimator=lPCA k=10 dur=10.853s seed=0
[EST DONE] 2026-05-01T23:28:11.751844 estimator=lPCA k=15 dur=12.352s seed=0
[EST DONE] 2026-05-01T23:30:52.399890 estimator=DANCo k=3 dur=141.989s seed=0
[EST DONE] 2026-05-01T23:31:40.447442 estimator=DANCo k=3 dur=142.610s seed=0
[EST DONE] 2026-05-01T23:31:40.615795 estimator=DANCo k=3 dur=140.216s seed=0
[EST DONE] 2026-05-01T23:31:43.658436 estimator=DANCo k=3 dur=143.022s seed=0
[EST DONE] 2026-05-01T23:32:25.530653 estimator=DANCo k=3 dur=143.881s seed=0
[EST DONE] 2026-05-01T23:32:52.660485 estimator=DANCo k=3 dur=140.125s seed=0
[EST DONE] 2026-05-01T23:33:24.959897 estimator=DANCo k=5 dur=152.560s seed=0
[EST DONE] 2026-05-01T23:34:09.745282 estimator=DANCo k=5 dur=149.298s seed=0
[EST DONE] 2026-05-01T23:34:11.795364 estimator=DANCo k=5 dur=151.179s seed=0
[EST DONE] 2026-05-01T23:34:15.160946 estimator=DANCo k=5 dur=151.502s seed=0
[EST DONE] 2026-05-01T23:34:40.738541 estimator=DANCo k=5 dur=135.208s seed=0
[EST DONE] 2026-05-01T23:35:18.839457 estimator=DANCo k=5 dur=146.179s seed=0
[EST DONE] 2026-05-01T23:35:57.019855 estimator=DANCo k=7 dur=152.060s seed=0
[EST DONE] 2026-05-01T23:36:36.307029 estimator=DANCo k=7 dur=146.562s seed=0
[EST DONE] 2026-05-01T23:36:43.203151 estimator=DANCo k=7 dur=148.042s seed=0
[EST DONE] 2026-05-01T23:36:46.700059 estimator=DANCo k=7 dur=154.905s seed=0
[EST DONE] 2026-05-01T23:37:05.471540 estimator=DANCo k=7 dur=144.733s seed=0
[EST DONE] 2026-05-01T23:37:51.731390 estimator=DANCo k=7 dur=152.892s seed=0
[EST DONE] 2026-05-01T23:38:32.149934 estimator=DANCo k=10 dur=155.130s seed=0
[EST DONE] 2026-05-01T23:39:06.739387 estimator=DANCo k=10 dur=150.432s seed=0
[EST DONE] 2026-05-01T23:39:17.101032 estimator=DANCo k=10 dur=153.898s seed=0
[EST DONE] 2026-05-01T23:39:21.714431 estimator=DANCo k=10 dur=155.001s seed=0
[EST DONE] 2026-05-01T23:39:36.915698 estimator=DANCo k=10 dur=151.444s seed=0
[EST DONE] 2026-05-01T23:40:29.119201 estimator=DANCo k=10 dur=157.388s seed=0
[EST DONE] 2026-05-01T23:41:20.851409 estimator=DANCo k=15 dur=168.701s seed=0
[EST DONE] 2026-05-01T23:41:51.258408 estimator=DANCo k=15 dur=164.519s seed=0
[EST DONE] 2026-05-01T23:42:04.770629 estimator=DANCo k=15 dur=167.669s seed=0
[EST DONE] 2026-05-01T23:42:05.339710 estimator=DANCo k=15 dur=163.625s seed=0
[EST DONE] 2026-05-01T23:42:23.413737 estimator=DANCo k=15 dur=166.498s seed=0
[EST DONE] 2026-05-01T23:43:24.377540 estimator=DANCo k=15 dur=175.258s seed=0
[EST DONE] 2026-05-02T00:19:42.973041 estimator=MiND k=3 dur=1156.129s seed=0
[EST DONE] 2026-05-02T00:20:22.634637 estimator=MiND k=3 dur=1151.989s seed=0
[EST DONE] 2026-05-02T00:20:28.348841 estimator=MiND k=3 dur=1155.024s seed=0
[EST DONE] 2026-05-02T00:20:47.664368 estimator=MiND k=3 dur=1162.483s seed=0
[EST DONE] 2026-05-02T00:20:52.585786 estimator=MiND k=3 dur=1152.831s seed=0
[EST DONE] 2026-05-02T00:22:05.422437 estimator=MiND k=3 dur=1158.217s seed=0
[EST DONE] 2026-05-02T00:39:00.910074 estimator=MiND k=5 dur=1157.937s seed=0
[EST DONE] 2026-05-02T00:39:46.686344 estimator=MiND k=5 dur=1164.052s seed=0
[EST DONE] 2026-05-02T00:39:48.176577 estimator=MiND k=5 dur=1159.828s seed=0
[EST DONE] 2026-05-02T00:40:01.747437 estimator=MiND k=5 dur=1154.083s seed=0
[EST DONE] 2026-05-02T00:40:16.093105 estimator=MiND k=5 dur=1163.507s seed=0
[EST DONE] 2026-05-02T00:41:28.470092 estimator=MiND k=5 dur=1163.048s seed=0
[EST DONE] 2026-05-02T00:58:12.575631 estimator=MiND k=7 dur=1151.665s seed=0
[EST DONE] 2026-05-02T00:59:06.938479 estimator=MiND k=7 dur=1158.762s seed=0
[EST DONE] 2026-05-02T00:59:10.354393 estimator=MiND k=7 dur=1148.607s seed=0
[EST DONE] 2026-05-02T00:59:11.205927 estimator=MiND k=7 dur=1164.519s seed=0
[EST DONE] 2026-05-02T00:59:39.674379 estimator=MiND k=7 dur=1163.581s seed=0
[EST DONE] 2026-05-02T01:00:48.971946 estimator=MiND k=7 dur=1160.502s seed=0
[EST DONE] 2026-05-02T01:17:33.649134 estimator=MiND k=10 dur=1161.073s seed=0
[EST DONE] 2026-05-02T01:18:27.318422 estimator=MiND k=10 dur=1156.112s seed=0
[EST DONE] 2026-05-02T01:18:29.962866 estimator=MiND k=10 dur=1163.024s seed=0
[EST DONE] 2026-05-02T01:18:31.602046 estimator=MiND k=10 dur=1161.248s seed=0
[EST DONE] 2026-05-02T01:18:57.695350 estimator=MiND k=10 dur=1158.021s seed=0
[EST DONE] 2026-05-02T01:20:14.330181 estimator=MiND k=10 dur=1165.358s seed=0
[EST DONE] 2026-05-02T01:36:48.702502 estimator=MiND k=15 dur=1155.053s seed=0
[EST DONE] 2026-05-02T01:37:15.180871 estimator=FisherS (no-k) dur=26.478s seed=0
[TASK END] 2026-05-02T01:37:15.180975 manifold=torus d=7 sigma=0.0 seed=0 duration=7912.190s
[TASK START] 2026-05-02T01:37:15.182095 manifold=torus d=9 sigma=0.25 n=5000 seed=0
[EST DONE] 2026-05-02T01:37:21.783448 estimator=Levina-Bickel k=3 dur=3.462s seed=0
[EST DONE] 2026-05-02T01:37:24.895295 estimator=Levina-Bickel k=5 dur=3.112s seed=0
[EST DONE] 2026-05-02T01:37:27.873482 estimator=Levina-Bickel k=7 dur=2.978s seed=0
[EST DONE] 2026-05-02T01:37:30.918210 estimator=Levina-Bickel k=10 dur=3.045s seed=0
[EST DONE] 2026-05-02T01:37:33.388669 estimator=Levina-Bickel k=15 dur=2.470s seed=0
[EST DONE] 2026-05-02T01:37:36.294074 estimator=TwoNN (no-k) dur=2.905s seed=0
[EST DONE] 2026-05-02T01:37:43.374581 estimator=MiND k=15 dur=1156.056s seed=0
[EST DONE] 2026-05-02T01:37:45.910144 estimator=MiND k=15 dur=1154.308s seed=0
[EST DONE] 2026-05-02T01:37:49.195542 estimator=MiND k=15 dur=1159.232s seed=0
[EST DONE] 2026-05-02T01:37:57.741286 estimator=lPCA k=3 dur=9.581s seed=0
[EST DONE] 2026-05-02T01:38:00.607475 estimator=FisherS (no-k) dur=14.697s seed=0
[TASK END] 2026-05-02T01:38:00.607617 manifold=torus d=7 sigma=0.75 seed=0 duration=7910.417s
[TASK START] 2026-05-02T01:38:00.608958 manifold=torus d=9 sigma=0.5 n=5000 seed=0
[EST DONE] 2026-05-02T01:38:05.861075 estimator=Levina-Bickel k=3 dur=2.512s seed=0
[EST DONE] 2026-05-02T01:38:06.217938 estimator=FisherS (no-k) dur=17.022s seed=0
[TASK END] 2026-05-02T01:38:06.218044 manifold=torus d=7 sigma=0.5 seed=0 duration=7917.056s
[TASK START] 2026-05-02T01:38:06.227963 manifold=torus d=9 sigma=0.75 n=5000 seed=0
[EST DONE] 2026-05-02T01:38:07.366021 estimator=FisherS (no-k) dur=23.991s seed=0
[TASK END] 2026-05-02T01:38:07.366117 manifold=torus d=7 sigma=0.25 seed=0 duration=7922.190s
[TASK START] 2026-05-02T01:38:07.374071 manifold=torus d=9 sigma=1.0 n=5000 seed=0
[EST DONE] 2026-05-02T01:38:08.543676 estimator=lPCA k=5 dur=10.802s seed=0
[EST DONE] 2026-05-02T01:38:08.820876 estimator=Levina-Bickel k=5 dur=2.960s seed=0
[EST DONE] 2026-05-02T01:38:11.737737 estimator=Levina-Bickel k=7 dur=2.917s seed=0
[EST DONE] 2026-05-02T01:38:12.000666 estimator=Levina-Bickel k=3 dur=2.885s seed=0
[EST DONE] 2026-05-02T01:38:13.522012 estimator=Levina-Bickel k=3 dur=3.065s seed=0
[EST DONE] 2026-05-02T01:38:14.856180 estimator=Levina-Bickel k=10 dur=3.118s seed=0
[EST DONE] 2026-05-02T01:38:15.065496 estimator=Levina-Bickel k=5 dur=3.065s seed=0
[EST DONE] 2026-05-02T01:38:16.567289 estimator=Levina-Bickel k=5 dur=3.045s seed=0
[EST DONE] 2026-05-02T01:38:16.840083 estimator=MiND k=15 dur=1159.145s seed=0
[EST DONE] 2026-05-02T01:38:17.882742 estimator=Levina-Bickel k=15 dur=3.026s seed=0
[EST DONE] 2026-05-02T01:38:18.217584 estimator=Levina-Bickel k=7 dur=3.152s seed=0
[EST DONE] 2026-05-02T01:38:19.648530 estimator=Levina-Bickel k=7 dur=3.081s seed=0
[EST DONE] 2026-05-02T01:38:20.630096 estimator=Levina-Bickel k=10 dur=2.412s seed=0
[EST DONE] 2026-05-02T01:38:20.656170 estimator=lPCA k=7 dur=12.112s seed=0
[EST DONE] 2026-05-02T01:38:20.837444 estimator=TwoNN (no-k) dur=2.955s seed=0
[EST DONE] 2026-05-02T01:38:22.557620 estimator=Levina-Bickel k=10 dur=2.909s seed=0
[EST DONE] 2026-05-02T01:38:23.400644 estimator=Levina-Bickel k=15 dur=2.770s seed=0
[EST DONE] 2026-05-02T01:38:25.633349 estimator=Levina-Bickel k=15 dur=3.076s seed=0
[EST DONE] 2026-05-02T01:38:25.864416 estimator=TwoNN (no-k) dur=2.464s seed=0
[EST DONE] 2026-05-02T01:38:26.146587 estimator=FisherS (no-k) dur=9.306s seed=0
[TASK END] 2026-05-02T01:38:26.146669 manifold=torus d=7 sigma=1.0 seed=0 duration=7902.845s
[TASK START] 2026-05-02T01:38:26.147751 manifold=torus d=12 sigma=0.0 n=5000 seed=0
[EST DONE] 2026-05-02T01:38:28.238887 estimator=TwoNN (no-k) dur=2.605s seed=0
[EST DONE] 2026-05-02T01:38:32.232711 estimator=Levina-Bickel k=3 dur=2.940s seed=0
[EST DONE] 2026-05-02T01:38:32.727215 estimator=lPCA k=10 dur=12.071s seed=0
[EST DONE] 2026-05-02T01:38:34.474710 estimator=Levina-Bickel k=5 dur=2.242s seed=0
[EST DONE] 2026-05-02T01:38:36.694434 estimator=Levina-Bickel k=7 dur=2.220s seed=0
[EST DONE] 2026-05-02T01:38:39.443986 estimator=Levina-Bickel k=10 dur=2.749s seed=0
[EST DONE] 2026-05-02T01:38:42.480702 estimator=Levina-Bickel k=15 dur=3.037s seed=0
[EST DONE] 2026-05-02T01:38:43.025845 estimator=lPCA k=15 dur=10.299s seed=0
[EST DONE] 2026-05-02T01:38:43.380669 estimator=lPCA k=3 dur=11.734s seed=0
[EST DONE] 2026-05-02T01:38:44.939322 estimator=TwoNN (no-k) dur=2.459s seed=0
[EST DONE] 2026-05-02T01:38:46.912937 estimator=lPCA k=3 dur=10.124s seed=0
[EST DONE] 2026-05-02T01:38:47.248440 estimator=lPCA k=3 dur=9.533s seed=0
[EST DONE] 2026-05-02T01:38:53.445892 estimator=lPCA k=5 dur=10.065s seed=0
[EST DONE] 2026-05-02T01:38:56.001647 estimator=lPCA k=5 dur=8.753s seed=0
[EST DONE] 2026-05-02T01:38:57.393342 estimator=lPCA k=5 dur=10.480s seed=0
[EST DONE] 2026-05-02T01:39:01.928059 estimator=lPCA k=7 dur=8.482s seed=0
[EST DONE] 2026-05-02T01:39:06.033072 estimator=lPCA k=7 dur=10.031s seed=0
[EST DONE] 2026-05-02T01:39:06.076049 estimator=lPCA k=3 dur=11.601s seed=0
[EST DONE] 2026-05-02T01:39:07.924904 estimator=lPCA k=7 dur=10.531s seed=0
[EST DONE] 2026-05-02T01:39:11.699185 estimator=lPCA k=10 dur=9.771s seed=0
[EST DONE] 2026-05-02T01:39:16.135140 estimator=lPCA k=10 dur=10.102s seed=0
[EST DONE] 2026-05-02T01:39:16.523784 estimator=lPCA k=5 dur=10.448s seed=0
[EST DONE] 2026-05-02T01:39:17.773251 estimator=MiND k=15 dur=1143.443s seed=0
[EST DONE] 2026-05-02T01:39:18.127993 estimator=lPCA k=10 dur=10.203s seed=0
[EST DONE] 2026-05-02T01:39:23.181728 estimator=lPCA k=15 dur=11.482s seed=0
[EST DONE] 2026-05-02T01:39:26.146911 estimator=lPCA k=7 dur=9.623s seed=0
[EST DONE] 2026-05-02T01:39:26.833848 estimator=lPCA k=15 dur=10.699s seed=0
[EST DONE] 2026-05-02T01:39:30.692814 estimator=lPCA k=15 dur=12.565s seed=0
[EST DONE] 2026-05-02T01:39:36.235951 estimator=lPCA k=10 dur=10.089s seed=0
[EST DONE] 2026-05-02T01:39:39.410291 estimator=FisherS (no-k) dur=21.637s seed=0
[TASK END] 2026-05-02T01:39:39.410403 manifold=torus d=9 sigma=0.0 seed=0 duration=7965.291s
[TASK START] 2026-05-02T01:39:39.411870 manifold=torus d=12 sigma=0.25 n=5000 seed=0
[EST DONE] 2026-05-02T01:39:43.925260 estimator=Levina-Bickel k=3 dur=2.485s seed=0
[EST DONE] 2026-05-02T01:39:46.177173 estimator=Levina-Bickel k=5 dur=2.252s seed=0
[EST DONE] 2026-05-02T01:39:47.731275 estimator=lPCA k=15 dur=11.495s seed=0
[EST DONE] 2026-05-02T01:39:48.892121 estimator=Levina-Bickel k=7 dur=2.715s seed=0
[EST DONE] 2026-05-02T01:39:50.877010 estimator=Levina-Bickel k=10 dur=1.985s seed=0
[EST DONE] 2026-05-02T01:39:54.199005 estimator=Levina-Bickel k=15 dur=3.322s seed=0
[EST DONE] 2026-05-02T01:39:57.091037 estimator=TwoNN (no-k) dur=2.892s seed=0
[EST DONE] 2026-05-02T01:40:16.569899 estimator=lPCA k=3 dur=9.396s seed=0
[EST DONE] 2026-05-02T01:40:26.532276 estimator=lPCA k=5 dur=9.962s seed=0
[EST DONE] 2026-05-02T01:40:37.565710 estimator=lPCA k=7 dur=11.033s seed=0
[EST DONE] 2026-05-02T01:40:47.121343 estimator=lPCA k=10 dur=9.556s seed=0
[EST DONE] 2026-05-02T01:40:59.073292 estimator=lPCA k=15 dur=11.952s seed=0
[EST DONE] 2026-05-02T01:43:33.431232 estimator=DANCo k=3 dur=146.918s seed=0
[EST DONE] 2026-05-02T01:44:13.181260 estimator=DANCo k=3 dur=151.111s seed=0
[EST DONE] 2026-05-02T01:44:15.666853 estimator=DANCo k=3 dur=147.761s seed=0
[EST DONE] 2026-05-02T01:44:21.870588 estimator=DANCo k=3 dur=144.856s seed=0
[EST DONE] 2026-05-02T01:44:47.293897 estimator=DANCo k=3 dur=152.234s seed=0
[EST DONE] 2026-05-02T01:45:51.766093 estimator=DANCo k=3 dur=145.011s seed=0
[EST DONE] 2026-05-02T01:46:00.551046 estimator=DANCo k=5 dur=147.120s seed=0
[EST DONE] 2026-05-02T01:46:46.161086 estimator=DANCo k=5 dur=150.494s seed=0
[EST DONE] 2026-05-02T01:46:48.430145 estimator=DANCo k=5 dur=155.249s seed=0
[EST DONE] 2026-05-02T01:46:48.586273 estimator=DANCo k=5 dur=146.716s seed=0
[EST DONE] 2026-05-02T01:47:21.111702 estimator=DANCo k=5 dur=153.818s seed=0
[EST DONE] 2026-05-02T01:48:22.358329 estimator=DANCo k=5 dur=150.592s seed=0
[EST DONE] 2026-05-02T01:48:38.561814 estimator=DANCo k=7 dur=158.011s seed=0
[EST DONE] 2026-05-02T01:49:19.304682 estimator=DANCo k=7 dur=153.143s seed=0
[EST DONE] 2026-05-02T01:49:21.050101 estimator=DANCo k=7 dur=152.464s seed=0
[EST DONE] 2026-05-02T01:49:26.940956 estimator=DANCo k=7 dur=158.511s seed=0
[EST DONE] 2026-05-02T01:49:55.309511 estimator=DANCo k=7 dur=154.198s seed=0
[EST DONE] 2026-05-02T01:51:04.140572 estimator=DANCo k=7 dur=161.782s seed=0
[EST DONE] 2026-05-02T01:51:18.630007 estimator=DANCo k=10 dur=160.068s seed=0
[EST DONE] 2026-05-02T01:52:00.673102 estimator=DANCo k=10 dur=159.623s seed=0
[EST DONE] 2026-05-02T01:52:01.046760 estimator=DANCo k=10 dur=161.742s seed=0
[EST DONE] 2026-05-02T01:52:02.450331 estimator=DANCo k=10 dur=155.509s seed=0
[EST DONE] 2026-05-02T01:52:24.456345 estimator=DANCo k=10 dur=149.147s seed=0
[EST DONE] 2026-05-02T01:53:42.147892 estimator=DANCo k=10 dur=158.007s seed=0
[EST DONE] 2026-05-02T01:54:07.708656 estimator=DANCo k=15 dur=169.079s seed=0
[EST DONE] 2026-05-02T01:54:47.235203 estimator=DANCo k=15 dur=166.188s seed=0
[EST DONE] 2026-05-02T01:54:53.123541 estimator=DANCo k=15 dur=172.450s seed=0
[EST DONE] 2026-05-02T01:54:58.391936 estimator=DANCo k=15 dur=175.941s seed=0
[EST DONE] 2026-05-02T01:55:17.761320 estimator=DANCo k=15 dur=173.305s seed=0
[EST DONE] 2026-05-02T01:56:39.404928 estimator=DANCo k=15 dur=177.257s seed=0
[EST DONE] 2026-05-02T02:32:41.498944 estimator=MiND k=3 dur=1164.549s seed=0
[EST DONE] 2026-05-02T02:33:17.229803 estimator=MiND k=3 dur=1156.549s seed=0
[EST DONE] 2026-05-02T02:33:23.167800 estimator=MiND k=3 dur=1151.353s seed=0
[EST DONE] 2026-05-02T02:33:39.863317 estimator=MiND k=3 dur=1161.110s seed=0
[EST DONE] 2026-05-02T02:34:00.814094 estimator=MiND k=3 dur=1161.141s seed=0
[EST DONE] 2026-05-02T02:35:06.918085 estimator=MiND k=3 dur=1149.536s seed=0
[EST DONE] 2026-05-02T02:52:12.051991 estimator=MiND k=5 dur=1170.553s seed=0
[EST DONE] 2026-05-02T02:52:36.354089 estimator=MiND k=5 dur=1159.124s seed=0
[EST DONE] 2026-05-02T02:52:50.325905 estimator=MiND k=5 dur=1167.158s seed=0
[EST DONE] 2026-05-02T02:53:00.486848 estimator=MiND k=5 dur=1160.623s seed=0
[EST DONE] 2026-05-02T02:53:26.818060 estimator=MiND k=5 dur=1166.004s seed=0
[EST DONE] 2026-05-02T02:54:28.014963 estimator=MiND k=5 dur=1161.097s seed=0
[EST DONE] 2026-05-02T03:11:35.031934 estimator=MiND k=7 dur=1162.980s seed=0
[EST DONE] 2026-05-02T03:12:07.076748 estimator=MiND k=7 dur=1170.723s seed=0
[EST DONE] 2026-05-02T03:12:12.491646 estimator=MiND k=7 dur=1162.166s seed=0
[EST DONE] 2026-05-02T03:12:27.790970 estimator=MiND k=7 dur=1167.304s seed=0
[EST DONE] 2026-05-02T03:12:43.747765 estimator=MiND k=7 dur=1156.930s seed=0
[EST DONE] 2026-05-02T03:13:44.067368 estimator=MiND k=7 dur=1156.052s seed=0
[EST DONE] 2026-05-02T03:30:59.412257 estimator=MiND k=10 dur=1164.380s seed=0
[EST DONE] 2026-05-02T03:31:31.064879 estimator=MiND k=10 dur=1163.988s seed=0
[EST DONE] 2026-05-02T03:31:40.365431 estimator=MiND k=10 dur=1167.874s seed=0
[EST DONE] 2026-05-02T03:31:48.240892 estimator=MiND k=10 dur=1160.450s seed=0
[EST DONE] 2026-05-02T03:32:13.578521 estimator=MiND k=10 dur=1169.831s seed=0
[EST DONE] 2026-05-02T03:33:03.190308 estimator=MiND k=10 dur=1159.123s seed=0
[EST DONE] 2026-05-02T03:50:21.151868 estimator=MiND k=15 dur=1161.739s seed=0
[EST DONE] 2026-05-02T03:50:35.736166 estimator=FisherS (no-k) dur=14.584s seed=0
[TASK END] 2026-05-02T03:50:35.736274 manifold=torus d=9 sigma=0.25 seed=0 duration=8000.554s
[TASK START] 2026-05-02T03:50:35.741431 manifold=torus d=12 sigma=0.5 n=5000 seed=0
[EST DONE] 2026-05-02T03:50:41.458501 estimator=Levina-Bickel k=3 dur=2.749s seed=0
[EST DONE] 2026-05-02T03:50:44.499224 estimator=Levina-Bickel k=5 dur=3.041s seed=0
[EST DONE] 2026-05-02T03:50:47.461899 estimator=Levina-Bickel k=7 dur=2.963s seed=0
[EST DONE] 2026-05-02T03:50:50.567673 estimator=Levina-Bickel k=10 dur=3.106s seed=0
[EST DONE] 2026-05-02T03:50:53.617292 estimator=Levina-Bickel k=15 dur=3.050s seed=0
[EST DONE] 2026-05-02T03:50:54.342537 estimator=MiND k=15 dur=1163.278s seed=0
[EST DONE] 2026-05-02T03:50:56.636393 estimator=TwoNN (no-k) dur=3.019s seed=0
[EST DONE] 2026-05-02T03:51:00.540213 estimator=MiND k=15 dur=1160.175s seed=0
[EST DONE] 2026-05-02T03:51:09.719618 estimator=FisherS (no-k) dur=15.377s seed=0
[TASK END] 2026-05-02T03:51:09.719777 manifold=torus d=9 sigma=1.0 seed=0 duration=7982.346s
[TASK START] 2026-05-02T03:51:09.735135 manifold=torus d=12 sigma=0.75 n=5000 seed=0
[EST DONE] 2026-05-02T03:51:12.860277 estimator=MiND k=15 dur=1164.619s seed=0
[EST DONE] 2026-05-02T03:51:15.309242 estimator=Levina-Bickel k=3 dur=2.615s seed=0
[EST DONE] 2026-05-02T03:51:17.477998 estimator=Levina-Bickel k=5 dur=2.169s seed=0
[EST DONE] 2026-05-02T03:51:19.760181 estimator=Levina-Bickel k=7 dur=2.282s seed=0
[EST DONE] 2026-05-02T03:51:20.115723 estimator=lPCA k=3 dur=12.478s seed=0
[EST DONE] 2026-05-02T03:51:22.467259 estimator=FisherS (no-k) dur=21.927s seed=0
[TASK END] 2026-05-02T03:51:22.467352 manifold=torus d=9 sigma=0.75 seed=0 duration=7996.239s
[TASK START] 2026-05-02T03:51:22.479206 manifold=torus d=12 sigma=1.0 n=5000 seed=0
[EST DONE] 2026-05-02T03:51:22.617885 estimator=Levina-Bickel k=10 dur=2.858s seed=0
[EST DONE] 2026-05-02T03:51:25.350284 estimator=Levina-Bickel k=15 dur=2.732s seed=0
[EST DONE] 2026-05-02T03:51:27.776272 estimator=TwoNN (no-k) dur=2.426s seed=0
[EST DONE] 2026-05-02T03:51:28.464330 estimator=MiND k=15 dur=1154.886s seed=0
[EST DONE] 2026-05-02T03:51:29.221272 estimator=Levina-Bickel k=3 dur=3.233s seed=0
[EST DONE] 2026-05-02T03:51:32.180072 estimator=Levina-Bickel k=5 dur=2.959s seed=0
[EST DONE] 2026-05-02T03:51:32.503876 estimator=lPCA k=5 dur=12.388s seed=0
[EST DONE] 2026-05-02T03:51:33.214736 estimator=FisherS (no-k) dur=20.354s seed=0
[TASK END] 2026-05-02T03:51:33.214837 manifold=torus d=9 sigma=0.5 seed=0 duration=8012.606s
[TASK START] 2026-05-02T03:51:33.216024 manifold=torus d=15 sigma=0.0 n=5000 seed=0
[EST DONE] 2026-05-02T03:51:34.974984 estimator=Levina-Bickel k=7 dur=2.795s seed=0
[EST DONE] 2026-05-02T03:51:37.558157 estimator=Levina-Bickel k=3 dur=2.268s seed=0
[EST DONE] 2026-05-02T03:51:38.026698 estimator=Levina-Bickel k=10 dur=3.052s seed=0
[EST DONE] 2026-05-02T03:51:40.105188 estimator=Levina-Bickel k=5 dur=2.547s seed=0
[EST DONE] 2026-05-02T03:51:40.183120 estimator=Levina-Bickel k=15 dur=2.156s seed=0
[EST DONE] 2026-05-02T03:51:42.093739 estimator=TwoNN (no-k) dur=1.911s seed=0
[EST DONE] 2026-05-02T03:51:43.255535 estimator=Levina-Bickel k=7 dur=3.150s seed=0
[EST DONE] 2026-05-02T03:51:45.401494 estimator=lPCA k=7 dur=12.897s seed=0
[EST DONE] 2026-05-02T03:51:45.761320 estimator=Levina-Bickel k=10 dur=2.506s seed=0
[EST DONE] 2026-05-02T03:51:48.096239 estimator=Levina-Bickel k=15 dur=2.335s seed=0
[EST DONE] 2026-05-02T03:51:48.159232 estimator=FisherS (no-k) dur=19.695s seed=0
[TASK END] 2026-05-02T03:51:48.159342 manifold=torus d=12 sigma=0.0 seed=0 duration=8002.012s
[TASK START] 2026-05-02T03:51:48.159929 manifold=torus d=15 sigma=0.25 n=5000 seed=0
[EST DONE] 2026-05-02T03:51:49.087798 estimator=lPCA k=3 dur=10.562s seed=0
[EST DONE] 2026-05-02T03:51:50.710871 estimator=TwoNN (no-k) dur=2.614s seed=0
[EST DONE] 2026-05-02T03:51:53.172348 estimator=Levina-Bickel k=3 dur=2.090s seed=0
[EST DONE] 2026-05-02T03:51:54.667409 estimator=Levina-Bickel k=5 dur=1.495s seed=0
[EST DONE] 2026-05-02T03:51:56.787652 estimator=Levina-Bickel k=7 dur=2.120s seed=0
[EST DONE] 2026-05-02T03:51:57.250822 estimator=lPCA k=10 dur=11.849s seed=0
[EST DONE] 2026-05-02T03:51:58.932107 estimator=Levina-Bickel k=10 dur=2.144s seed=0
[EST DONE] 2026-05-02T03:52:00.473749 estimator=lPCA k=5 dur=11.386s seed=0
[EST DONE] 2026-05-02T03:52:01.242308 estimator=Levina-Bickel k=15 dur=2.310s seed=0
[EST DONE] 2026-05-02T03:52:01.956852 estimator=lPCA k=3 dur=10.086s seed=0
[EST DONE] 2026-05-02T03:52:04.071676 estimator=TwoNN (no-k) dur=2.829s seed=0
[EST DONE] 2026-05-02T03:52:07.623927 estimator=lPCA k=15 dur=10.373s seed=0
[EST DONE] 2026-05-02T03:52:10.987353 estimator=lPCA k=7 dur=10.514s seed=0
[EST DONE] 2026-05-02T03:52:11.643398 estimator=lPCA k=5 dur=9.686s seed=0
[EST DONE] 2026-05-02T03:52:13.283997 estimator=MiND k=15 dur=1150.093s seed=0
[EST DONE] 2026-05-02T03:52:13.840888 estimator=lPCA k=3 dur=12.183s seed=0
[EST DONE] 2026-05-02T03:52:20.372483 estimator=lPCA k=10 dur=9.385s seed=0
[EST DONE] 2026-05-02T03:52:21.006761 estimator=FisherS (no-k) dur=7.723s seed=0
[TASK END] 2026-05-02T03:52:21.006883 manifold=torus d=12 sigma=0.25 seed=0 duration=7961.595s
[TASK START] 2026-05-02T03:52:21.008052 manifold=torus d=15 sigma=0.5 n=5000 seed=0
[EST DONE] 2026-05-02T03:52:21.502039 estimator=lPCA k=7 dur=9.859s seed=0
[EST DONE] 2026-05-02T03:52:22.804475 estimator=lPCA k=3 dur=8.570s seed=0
[EST DONE] 2026-05-02T03:52:24.623857 estimator=lPCA k=5 dur=10.783s seed=0
[EST DONE] 2026-05-02T03:52:25.537132 estimator=Levina-Bickel k=3 dur=2.120s seed=0
[EST DONE] 2026-05-02T03:52:27.112476 estimator=Levina-Bickel k=5 dur=1.575s seed=0
[EST DONE] 2026-05-02T03:52:28.624746 estimator=Levina-Bickel k=7 dur=1.512s seed=0
[EST DONE] 2026-05-02T03:52:30.111679 estimator=lPCA k=15 dur=9.739s seed=0
[EST DONE] 2026-05-02T03:52:30.380909 estimator=Levina-Bickel k=10 dur=1.756s seed=0
[EST DONE] 2026-05-02T03:52:31.518086 estimator=lPCA k=10 dur=10.016s seed=0
[EST DONE] 2026-05-02T03:52:31.972949 estimator=Levina-Bickel k=15 dur=1.592s seed=0
[EST DONE] 2026-05-02T03:52:33.242156 estimator=TwoNN (no-k) dur=1.269s seed=0
[EST DONE] 2026-05-02T03:52:34.679524 estimator=lPCA k=5 dur=11.875s seed=0
[EST DONE] 2026-05-02T03:52:36.185900 estimator=lPCA k=7 dur=11.562s seed=0
[EST DONE] 2026-05-02T03:52:42.028503 estimator=lPCA k=15 dur=10.510s seed=0
[EST DONE] 2026-05-02T03:52:43.856824 estimator=lPCA k=7 dur=9.169s seed=0
[EST DONE] 2026-05-02T03:52:44.802416 estimator=lPCA k=10 dur=8.616s seed=0
[EST DONE] 2026-05-02T03:52:54.387131 estimator=lPCA k=3 dur=11.381s seed=0
[EST DONE] 2026-05-02T03:52:54.981063 estimator=lPCA k=10 dur=11.120s seed=0
[EST DONE] 2026-05-02T03:52:55.933819 estimator=lPCA k=15 dur=11.131s seed=0
[EST DONE] 2026-05-02T03:53:05.047225 estimator=lPCA k=5 dur=10.660s seed=0
[EST DONE] 2026-05-02T03:53:06.017952 estimator=lPCA k=15 dur=11.037s seed=0
[EST DONE] 2026-05-02T03:53:14.838420 estimator=lPCA k=7 dur=9.791s seed=0
[EST DONE] 2026-05-02T03:53:26.223431 estimator=lPCA k=10 dur=11.385s seed=0
[EST DONE] 2026-05-02T03:53:36.921319 estimator=lPCA k=15 dur=10.698s seed=0
[EST DONE] 2026-05-02T03:56:56.761012 estimator=DANCo k=3 dur=146.838s seed=0
[EST DONE] 2026-05-02T03:57:20.476407 estimator=DANCo k=3 dur=145.984s seed=0
[EST DONE] 2026-05-02T03:57:34.429343 estimator=DANCo k=3 dur=148.145s seed=0
[EST DONE] 2026-05-02T03:57:58.550629 estimator=DANCo k=3 dur=152.614s seed=0
[EST DONE] 2026-05-02T03:57:59.839245 estimator=DANCo k=3 dur=144.977s seed=0
[EST DONE] 2026-05-02T03:58:24.507456 estimator=DANCo k=3 dur=142.366s seed=0
[EST DONE] 2026-05-02T03:59:28.377460 estimator=DANCo k=5 dur=151.616s seed=0
[EST DONE] 2026-05-02T03:59:51.439290 estimator=DANCo k=5 dur=150.963s seed=0
[EST DONE] 2026-05-02T04:00:04.793145 estimator=DANCo k=5 dur=150.364s seed=0
[EST DONE] 2026-05-02T04:00:32.324578 estimator=DANCo k=5 dur=153.774s seed=0
[EST DONE] 2026-05-02T04:00:33.012040 estimator=DANCo k=5 dur=153.173s seed=0
[EST DONE] 2026-05-02T04:00:52.319420 estimator=DANCo k=5 dur=147.812s seed=0
[EST DONE] 2026-05-02T04:02:03.427978 estimator=DANCo k=7 dur=155.050s seed=0
[EST DONE] 2026-05-02T04:02:24.107833 estimator=DANCo k=7 dur=152.668s seed=0
[EST DONE] 2026-05-02T04:02:34.235878 estimator=DANCo k=7 dur=149.443s seed=0
[EST DONE] 2026-05-02T04:03:09.057517 estimator=DANCo k=7 dur=156.733s seed=0
[EST DONE] 2026-05-02T04:03:12.601440 estimator=DANCo k=7 dur=159.589s seed=0
[EST DONE] 2026-05-02T04:03:27.133147 estimator=DANCo k=7 dur=154.814s seed=0
[EST DONE] 2026-05-02T04:04:46.201369 estimator=DANCo k=10 dur=162.773s seed=0
[EST DONE] 2026-05-02T04:05:00.876204 estimator=DANCo k=10 dur=156.768s seed=0
[EST DONE] 2026-05-02T04:05:18.508058 estimator=DANCo k=10 dur=164.272s seed=0
[EST DONE] 2026-05-02T04:05:49.331793 estimator=DANCo k=10 dur=160.274s seed=0
[EST DONE] 2026-05-02T04:05:56.078714 estimator=DANCo k=10 dur=163.477s seed=0
[EST DONE] 2026-05-02T04:06:02.739453 estimator=DANCo k=10 dur=155.606s seed=0
[EST DONE] 2026-05-02T04:07:30.871343 estimator=DANCo k=15 dur=164.670s seed=0
[EST DONE] 2026-05-02T04:07:47.213031 estimator=DANCo k=15 dur=166.337s seed=0
[EST DONE] 2026-05-02T04:08:10.921472 estimator=DANCo k=15 dur=172.413s seed=0
[EST DONE] 2026-05-02T04:08:46.090885 estimator=DANCo k=15 dur=170.012s seed=0
[EST DONE] 2026-05-02T04:08:47.479415 estimator=DANCo k=15 dur=178.137s seed=0
[EST DONE] 2026-05-02T04:08:56.753553 estimator=DANCo k=15 dur=174.014s seed=0
[EST DONE] 2026-05-02T04:45:55.362233 estimator=MiND k=3 dur=1154.511s seed=0
[EST DONE] 2026-05-02T04:46:22.402636 estimator=MiND k=3 dur=1157.449s seed=0
[EST DONE] 2026-05-02T04:46:45.449445 estimator=MiND k=3 dur=1159.385s seed=0
[EST DONE] 2026-05-02T04:47:32.736401 estimator=MiND k=3 dur=1160.670s seed=0
[EST DONE] 2026-05-02T04:47:35.568021 estimator=MiND k=3 dur=1161.511s seed=0
[EST DONE] 2026-05-02T04:47:40.482858 estimator=MiND k=3 dur=1166.475s seed=0
[EST DONE] 2026-05-02T05:05:17.966678 estimator=MiND k=5 dur=1162.604s seed=0
[EST DONE] 2026-05-02T05:05:46.273571 estimator=MiND k=5 dur=1163.871s seed=0
[EST DONE] 2026-05-02T05:06:09.211489 estimator=MiND k=5 dur=1163.762s seed=0
[EST DONE] 2026-05-02T05:07:00.308644 estimator=MiND k=5 dur=1167.572s seed=0
[EST DONE] 2026-05-02T05:07:01.154189 estimator=MiND k=5 dur=1165.586s seed=0
[EST DONE] 2026-05-02T05:07:07.429462 estimator=MiND k=5 dur=1166.946s seed=0
[EST DONE] 2026-05-02T05:24:48.205750 estimator=MiND k=7 dur=1170.239s seed=0
[EST DONE] 2026-05-02T05:25:13.652240 estimator=MiND k=7 dur=1167.379s seed=0
[EST DONE] 2026-05-02T05:25:33.344823 estimator=MiND k=7 dur=1164.133s seed=0
[EST DONE] 2026-05-02T05:26:17.316752 estimator=MiND k=7 dur=1157.008s seed=0
[EST DONE] 2026-05-02T05:26:23.674896 estimator=MiND k=7 dur=1162.521s seed=0
[EST DONE] 2026-05-02T05:26:29.399925 estimator=MiND k=7 dur=1161.970s seed=0
[EST DONE] 2026-05-02T05:44:13.463623 estimator=MiND k=10 dur=1165.258s seed=0
[EST DONE] 2026-05-02T05:44:47.862892 estimator=MiND k=10 dur=1174.211s seed=0
[EST DONE] 2026-05-02T05:45:02.876314 estimator=MiND k=10 dur=1169.531s seed=0
[EST DONE] 2026-05-02T05:45:27.724933 estimator=MiND k=10 dur=1150.408s seed=0
[EST DONE] 2026-05-02T05:45:37.103057 estimator=MiND k=10 dur=1153.428s seed=0
[EST DONE] 2026-05-02T05:45:54.638143 estimator=MiND k=10 dur=1165.238s seed=0
[EST DONE] 2026-05-02T06:03:38.658603 estimator=MiND k=15 dur=1165.195s seed=0
[EST DONE] 2026-05-02T06:04:05.393211 estimator=FisherS (no-k) dur=26.734s seed=0
[TASK END] 2026-05-02T06:04:05.393410 manifold=torus d=12 sigma=0.5 seed=0 duration=8009.652s
[TASK START] 2026-05-02T06:04:05.394374 manifold=torus d=15 sigma=0.75 n=5000 seed=0
[EST DONE] 2026-05-02T06:04:11.507756 estimator=Levina-Bickel k=3 dur=3.033s seed=0
[EST DONE] 2026-05-02T06:04:14.535209 estimator=Levina-Bickel k=5 dur=3.027s seed=0
[EST DONE] 2026-05-02T06:04:15.951239 estimator=MiND k=15 dur=1168.088s seed=0
[EST DONE] 2026-05-02T06:04:17.800842 estimator=Levina-Bickel k=7 dur=3.266s seed=0
[EST DONE] 2026-05-02T06:04:21.688637 estimator=Levina-Bickel k=10 dur=3.888s seed=0
[EST DONE] 2026-05-02T06:04:24.873681 estimator=Levina-Bickel k=15 dur=3.185s seed=0
[EST DONE] 2026-05-02T06:04:27.734499 estimator=TwoNN (no-k) dur=2.861s seed=0
[EST DONE] 2026-05-02T06:04:33.394498 estimator=MiND k=15 dur=1170.518s seed=0
[EST DONE] 2026-05-02T06:04:34.668221 estimator=FisherS (no-k) dur=18.717s seed=0
[TASK END] 2026-05-02T06:04:34.668316 manifold=torus d=12 sigma=0.75 seed=0 duration=8004.933s
[TASK START] 2026-05-02T06:04:34.669288 manifold=torus d=15 sigma=1.0 n=5000 seed=0
[EST DONE] 2026-05-02T06:04:40.299944 estimator=FisherS (no-k) dur=6.905s seed=0
[TASK END] 2026-05-02T06:04:40.300068 manifold=torus d=12 sigma=1.0 seed=0 duration=7997.821s
[EST DONE] 2026-05-02T06:04:40.768517 estimator=Levina-Bickel k=3 dur=3.110s seed=0
[EST DONE] 2026-05-02T06:04:43.337745 estimator=Levina-Bickel k=5 dur=2.569s seed=0
[EST DONE] 2026-05-02T06:04:43.366897 estimator=MiND k=15 dur=1155.642s seed=0
[EST DONE] 2026-05-02T06:04:44.694415 estimator=Levina-Bickel k=7 dur=1.357s seed=0
[EST DONE] 2026-05-02T06:04:46.007631 estimator=Levina-Bickel k=10 dur=1.313s seed=0
[EST DONE] 2026-05-02T06:04:47.589339 estimator=Levina-Bickel k=15 dur=1.582s seed=0
[EST DONE] 2026-05-02T06:04:48.362285 estimator=MiND k=15 dur=1151.259s seed=0
[EST DONE] 2026-05-02T06:04:49.472504 estimator=TwoNN (no-k) dur=1.883s seed=0
[EST DONE] 2026-05-02T06:04:50.187448 estimator=FisherS (no-k) dur=6.820s seed=0
[TASK END] 2026-05-02T06:04:50.187536 manifold=torus d=15 sigma=0.0 seed=0 duration=7996.972s
[EST DONE] 2026-05-02T06:04:51.644774 estimator=lPCA k=3 dur=11.005s seed=0
[EST DONE] 2026-05-02T06:04:53.443296 estimator=FisherS (no-k) dur=5.081s seed=0
[TASK END] 2026-05-02T06:04:53.443410 manifold=torus d=15 sigma=0.5 seed=0 duration=7952.435s
[EST DONE] 2026-05-02T06:04:55.822299 estimator=MiND k=15 dur=1141.184s seed=0
[EST DONE] 2026-05-02T06:04:57.438586 estimator=lPCA k=5 dur=5.794s seed=0
[EST DONE] 2026-05-02T06:04:59.382302 estimator=FisherS (no-k) dur=3.560s seed=0
[TASK END] 2026-05-02T06:04:59.382493 manifold=torus d=15 sigma=0.25 seed=0 duration=7991.223s
[EST DONE] 2026-05-02T06:05:00.260316 estimator=lPCA k=3 dur=4.840s seed=0
[EST DONE] 2026-05-02T06:05:02.280549 estimator=lPCA k=7 dur=4.842s seed=0
[EST DONE] 2026-05-02T06:05:04.269009 estimator=lPCA k=5 dur=4.009s seed=0
[EST DONE] 2026-05-02T06:05:06.780198 estimator=lPCA k=10 dur=4.500s seed=0
[EST DONE] 2026-05-02T06:05:08.410334 estimator=lPCA k=7 dur=4.141s seed=0
[EST DONE] 2026-05-02T06:05:11.515005 estimator=lPCA k=15 dur=4.735s seed=0
[EST DONE] 2026-05-02T06:05:12.624323 estimator=lPCA k=10 dur=4.214s seed=0
[EST DONE] 2026-05-02T06:05:17.563996 estimator=lPCA k=15 dur=4.940s seed=0
[EST DONE] 2026-05-02T06:06:35.679950 estimator=DANCo k=3 dur=42.322s seed=0
[EST DONE] 2026-05-02T06:06:44.234029 estimator=DANCo k=3 dur=43.719s seed=0
[EST DONE] 2026-05-02T06:07:21.939609 estimator=DANCo k=5 dur=46.260s seed=0
[EST DONE] 2026-05-02T06:07:26.594774 estimator=DANCo k=5 dur=42.361s seed=0
[EST DONE] 2026-05-02T06:08:08.050662 estimator=DANCo k=7 dur=46.111s seed=0
[EST DONE] 2026-05-02T06:08:13.898672 estimator=DANCo k=7 dur=47.304s seed=0
[EST DONE] 2026-05-02T06:08:58.212523 estimator=DANCo k=10 dur=50.162s seed=0
[EST DONE] 2026-05-02T06:09:03.769432 estimator=DANCo k=10 dur=49.871s seed=0
[EST DONE] 2026-05-02T06:09:54.424038 estimator=DANCo k=15 dur=56.211s seed=0
[EST DONE] 2026-05-02T06:09:59.930773 estimator=DANCo k=15 dur=56.161s seed=0
[EST DONE] 2026-05-02T06:19:10.877988 estimator=MiND k=3 dur=278.311s seed=0
[EST DONE] 2026-05-02T06:19:14.815680 estimator=MiND k=3 dur=278.603s seed=0
[EST DONE] 2026-05-02T06:23:48.477503 estimator=MiND k=5 dur=277.599s seed=0
[EST DONE] 2026-05-02T06:23:54.043248 estimator=MiND k=5 dur=279.227s seed=0
[EST DONE] 2026-05-02T06:28:27.538950 estimator=MiND k=7 dur=279.061s seed=0
[EST DONE] 2026-05-02T06:28:35.225592 estimator=MiND k=7 dur=281.182s seed=0
[EST DONE] 2026-05-02T06:33:06.959059 estimator=MiND k=10 dur=279.420s seed=0
[EST DONE] 2026-05-02T06:33:14.747095 estimator=MiND k=10 dur=279.521s seed=0
[EST DONE] 2026-05-02T06:37:46.959100 estimator=MiND k=15 dur=280.000s seed=0
[EST DONE] 2026-05-02T06:37:52.264566 estimator=MiND k=15 dur=277.517s seed=0
[EST DONE] 2026-05-02T06:37:52.465016 estimator=FisherS (no-k) dur=5.506s seed=0
[TASK END] 2026-05-02T06:37:52.465138 manifold=torus d=15 sigma=0.75 seed=0 duration=2027.071s
[EST DONE] 2026-05-02T06:37:57.094511 estimator=FisherS (no-k) dur=4.830s seed=0
[TASK END] 2026-05-02T06:37:57.094643 manifold=torus d=15 sigma=1.0 seed=0 duration=2002.425s
Completed synthetic task manifold=sphere d=5 sigma=1.0 seed=0 in 7792.0s
Completed synthetic task manifold=sphere d=5 sigma=0.0 seed=0 in 7804.0s
Completed synthetic task manifold=sphere d=5 sigma=0.75 seed=0 in 7811.4s
Completed synthetic task manifold=sphere d=5 sigma=0.5 seed=0 in 7821.1s
Completed synthetic task manifold=sphere d=5 sigma=0.25 seed=0 in 7825.5s
Completed synthetic task manifold=sphere d=7 sigma=0.0 seed=0 in 7839.0s
Completed synthetic task manifold=sphere d=7 sigma=0.25 seed=0 in 15612.2s
Completed synthetic task manifold=sphere d=7 sigma=0.75 seed=0 in 15630.6s
Completed synthetic task manifold=sphere d=7 sigma=0.5 seed=0 in 15632.3s
Completed synthetic task manifold=sphere d=7 sigma=1.0 seed=0 in 15634.8s
Completed synthetic task manifold=sphere d=9 sigma=0.0 seed=0 in 15664.0s
Completed synthetic task manifold=sphere d=9 sigma=0.25 seed=0 in 15676.7s
Completed synthetic task manifold=sphere d=9 sigma=0.5 seed=0 in 23461.1s
Completed synthetic task manifold=sphere d=9 sigma=0.75 seed=0 in 23498.4s
Completed synthetic task manifold=sphere d=9 sigma=1.0 seed=0 in 23503.2s
Completed synthetic task manifold=sphere d=12 sigma=0.0 seed=0 in 23515.7s
Completed synthetic task manifold=sphere d=12 sigma=0.25 seed=0 in 23553.5s
Completed synthetic task manifold=sphere d=12 sigma=0.5 seed=0 in 23558.4s
Completed synthetic task manifold=sphere d=12 sigma=0.75 seed=0 in 31374.9s
Completed synthetic task manifold=sphere d=12 sigma=1.0 seed=0 in 31425.2s
Completed synthetic task manifold=sphere d=15 sigma=0.25 seed=0 in 31479.4s
Completed synthetic task manifold=sphere d=15 sigma=0.0 seed=0 in 31480.0s
Completed synthetic task manifold=sphere d=15 sigma=0.75 seed=0 in 31518.7s
Completed synthetic task manifold=sphere d=15 sigma=0.5 seed=0 in 31542.0s
Completed synthetic task manifold=torus d=5 sigma=0.0 seed=0 in 39306.3s
Completed synthetic task manifold=torus d=5 sigma=0.5 seed=0 in 39348.4s
Completed synthetic task manifold=sphere d=15 sigma=1.0 seed=0 in 39352.4s
Completed synthetic task manifold=torus d=5 sigma=0.25 seed=0 in 39353.5s
Completed synthetic task manifold=torus d=5 sigma=0.75 seed=0 in 39386.6s
Completed synthetic task manifold=torus d=5 sigma=1.0 seed=0 in 39397.4s
Completed synthetic task manifold=torus d=7 sigma=0.0 seed=0 in 47218.4s
Completed synthetic task manifold=torus d=7 sigma=0.75 seed=0 in 47263.9s
Completed synthetic task manifold=torus d=7 sigma=0.5 seed=0 in 47269.5s
Completed synthetic task manifold=torus d=7 sigma=0.25 seed=0 in 47270.6s
Completed synthetic task manifold=torus d=7 sigma=1.0 seed=0 in 47289.4s
Completed synthetic task manifold=torus d=9 sigma=0.0 seed=0 in 47362.7s
Completed synthetic task manifold=torus d=9 sigma=0.25 seed=0 in 55219.0s
Completed synthetic task manifold=torus d=9 sigma=1.0 seed=0 in 55253.0s
Completed synthetic task manifold=torus d=9 sigma=0.75 seed=0 in 55265.7s
Completed synthetic task manifold=torus d=9 sigma=0.5 seed=0 in 55276.5s
Completed synthetic task manifold=torus d=12 sigma=0.0 seed=0 in 55291.4s
Completed synthetic task manifold=torus d=12 sigma=0.25 seed=0 in 55324.3s
Completed synthetic task manifold=torus d=12 sigma=0.5 seed=0 in 63228.7s
Completed synthetic task manifold=torus d=12 sigma=0.75 seed=0 in 63257.9s
Completed synthetic task manifold=torus d=12 sigma=1.0 seed=0 in 63263.6s
Completed synthetic task manifold=torus d=15 sigma=0.0 seed=0 in 63273.5s
Completed synthetic task manifold=torus d=15 sigma=0.5 seed=0 in 63276.7s
Completed synthetic task manifold=torus d=15 sigma=0.25 seed=0 in 63282.6s
Completed synthetic task manifold=torus d=15 sigma=0.75 seed=0 in 65255.7s
Completed synthetic task manifold=torus d=15 sigma=1.0 seed=0 in 65260.4s
Wrote per-task synthetic results to results/synthetic_large.task0.csv
Saved results/synthetic_large.csv
Running MNIST autoencoder large experiments...
[MNIST TASK START] 2026-05-02T06:37:57.457166 bottleneck=5 replicate=0 seed=0
[AE START] seed=0 bottleneck=5 epochs=50 subset=5000
[AE EPOCH] epoch=1/50 loss=0.221570 epoch_time=0.29s device=cuda
[AE EPOCH] epoch=2/50 loss=0.169989 epoch_time=0.08s device=cuda
[AE EPOCH] epoch=3/50 loss=0.102623 epoch_time=0.08s device=cuda
[AE EPOCH] epoch=4/50 loss=0.078449 epoch_time=0.11s device=cuda
[AE EPOCH] epoch=5/50 loss=0.073364 epoch_time=0.14s device=cuda
[AE EPOCH] epoch=6/50 loss=0.071559 epoch_time=0.14s device=cuda
[AE EPOCH] epoch=7/50 loss=0.070503 epoch_time=0.13s device=cuda
[AE EPOCH] epoch=8/50 loss=0.069536 epoch_time=0.14s device=cuda
[AE EPOCH] epoch=9/50 loss=0.068401 epoch_time=0.15s device=cuda
[AE EPOCH] epoch=10/50 loss=0.066978 epoch_time=0.15s device=cuda
[AE EPOCH] epoch=11/50 loss=0.065131 epoch_time=0.16s device=cuda
[AE EPOCH] epoch=12/50 loss=0.062971 epoch_time=0.15s device=cuda
[AE EPOCH] epoch=13/50 loss=0.060714 epoch_time=0.12s device=cuda
[AE EPOCH] epoch=14/50 loss=0.058825 epoch_time=0.15s device=cuda
[AE EPOCH] epoch=15/50 loss=0.057362 epoch_time=0.17s device=cuda
[AE EPOCH] epoch=16/50 loss=0.056153 epoch_time=0.16s device=cuda
[AE EPOCH] epoch=17/50 loss=0.055013 epoch_time=0.16s device=cuda
[AE EPOCH] epoch=18/50 loss=0.053838 epoch_time=0.17s device=cuda
[AE EPOCH] epoch=19/50 loss=0.052592 epoch_time=0.17s device=cuda
[AE EPOCH] epoch=20/50 loss=0.051363 epoch_time=0.15s device=cuda
[AE EPOCH] epoch=21/50 loss=0.050305 epoch_time=0.12s device=cuda
[AE EPOCH] epoch=22/50 loss=0.049272 epoch_time=0.14s device=cuda
[AE EPOCH] epoch=23/50 loss=0.048324 epoch_time=0.15s device=cuda
[AE EPOCH] epoch=24/50 loss=0.047395 epoch_time=0.16s device=cuda
[AE EPOCH] epoch=25/50 loss=0.046472 epoch_time=0.16s device=cuda
[AE EPOCH] epoch=26/50 loss=0.045574 epoch_time=0.16s device=cuda
[AE EPOCH] epoch=27/50 loss=0.044746 epoch_time=0.16s device=cuda
[AE EPOCH] epoch=28/50 loss=0.044024 epoch_time=0.13s device=cuda
[AE EPOCH] epoch=29/50 loss=0.043390 epoch_time=0.12s device=cuda
[AE EPOCH] epoch=30/50 loss=0.042844 epoch_time=0.12s device=cuda
[AE EPOCH] epoch=31/50 loss=0.042361 epoch_time=0.11s device=cuda
[AE EPOCH] epoch=32/50 loss=0.041926 epoch_time=0.11s device=cuda
[AE EPOCH] epoch=33/50 loss=0.041520 epoch_time=0.11s device=cuda
[AE EPOCH] epoch=34/50 loss=0.041169 epoch_time=0.11s device=cuda
[AE EPOCH] epoch=35/50 loss=0.040840 epoch_time=0.13s device=cuda
[AE EPOCH] epoch=36/50 loss=0.040530 epoch_time=0.14s device=cuda
[AE EPOCH] epoch=37/50 loss=0.040221 epoch_time=0.15s device=cuda
[AE EPOCH] epoch=38/50 loss=0.039945 epoch_time=0.15s device=cuda
[AE EPOCH] epoch=39/50 loss=0.039684 epoch_time=0.16s device=cuda
[AE EPOCH] epoch=40/50 loss=0.039423 epoch_time=0.16s device=cuda
[AE EPOCH] epoch=41/50 loss=0.039182 epoch_time=0.16s device=cuda
[AE EPOCH] epoch=42/50 loss=0.038966 epoch_time=0.16s device=cuda
[AE EPOCH] epoch=43/50 loss=0.038732 epoch_time=0.16s device=cuda
[AE EPOCH] epoch=44/50 loss=0.038522 epoch_time=0.16s device=cuda
[AE EPOCH] epoch=45/50 loss=0.038326 epoch_time=0.16s device=cuda
[AE EPOCH] epoch=46/50 loss=0.038121 epoch_time=0.16s device=cuda
[AE EPOCH] epoch=47/50 loss=0.037941 epoch_time=0.16s device=cuda
[AE EPOCH] epoch=48/50 loss=0.037754 epoch_time=0.16s device=cuda
[AE EPOCH] epoch=49/50 loss=0.037581 epoch_time=0.16s device=cuda
[AE EPOCH] epoch=50/50 loss=0.037416 epoch_time=0.16s device=cuda
[AE TRAIN COMPLETE] total_time=7.35s
[AE TRAIN COMPLETE] 2026-05-02T06:38:19.585949 bottleneck=5 replicate=0 dur=22.1s seed=0
[EST START] 2026-05-02T06:38:20.264522 bottleneck=5 replicate=0 seed=0 estimator=Levina-Bickel k=3 sigma=0.0
[EST DONE] 2026-05-02T06:38:21.002134 bottleneck=5 replicate=0 seed=0 estimator=Levina-Bickel k=3 dur=0.737s
[EST START] 2026-05-02T06:38:21.002285 bottleneck=5 replicate=0 seed=0 estimator=Levina-Bickel k=5 sigma=0.0
[EST DONE] 2026-05-02T06:38:21.320429 bottleneck=5 replicate=0 seed=0 estimator=Levina-Bickel k=5 dur=0.318s
[EST START] 2026-05-02T06:38:21.320568 bottleneck=5 replicate=0 seed=0 estimator=Levina-Bickel k=7 sigma=0.0
[EST DONE] 2026-05-02T06:38:21.639285 bottleneck=5 replicate=0 seed=0 estimator=Levina-Bickel k=7 dur=0.319s
[EST START] 2026-05-02T06:38:21.639369 bottleneck=5 replicate=0 seed=0 estimator=Levina-Bickel k=10 sigma=0.0
[EST DONE] 2026-05-02T06:38:21.964544 bottleneck=5 replicate=0 seed=0 estimator=Levina-Bickel k=10 dur=0.325s
[EST START] 2026-05-02T06:38:21.964634 bottleneck=5 replicate=0 seed=0 estimator=Levina-Bickel k=15 sigma=0.0
[EST DONE] 2026-05-02T06:38:22.298264 bottleneck=5 replicate=0 seed=0 estimator=Levina-Bickel k=15 dur=0.334s
[EST START] 2026-05-02T06:38:22.298413 bottleneck=5 replicate=0 seed=0 estimator=TwoNN k=ALL sigma=0.0
[EST DONE] 2026-05-02T06:38:22.606824 bottleneck=5 replicate=0 seed=0 estimator=TwoNN k=ALL dur=0.308s
[EST START] 2026-05-02T06:38:22.606967 bottleneck=5 replicate=0 seed=0 estimator=lPCA k=3 sigma=0.0
[EST DONE] 2026-05-02T06:38:26.773600 bottleneck=5 replicate=0 seed=0 estimator=lPCA k=3 dur=4.167s
[EST START] 2026-05-02T06:38:26.773715 bottleneck=5 replicate=0 seed=0 estimator=lPCA k=5 sigma=0.0
[EST DONE] 2026-05-02T06:38:31.536440 bottleneck=5 replicate=0 seed=0 estimator=lPCA k=5 dur=4.763s
[EST START] 2026-05-02T06:38:31.536549 bottleneck=5 replicate=0 seed=0 estimator=lPCA k=7 sigma=0.0
[EST DONE] 2026-05-02T06:38:36.592303 bottleneck=5 replicate=0 seed=0 estimator=lPCA k=7 dur=5.056s
[EST START] 2026-05-02T06:38:36.592430 bottleneck=5 replicate=0 seed=0 estimator=lPCA k=10 sigma=0.0
[EST DONE] 2026-05-02T06:38:42.086676 bottleneck=5 replicate=0 seed=0 estimator=lPCA k=10 dur=5.494s
[EST START] 2026-05-02T06:38:42.086804 bottleneck=5 replicate=0 seed=0 estimator=lPCA k=15 sigma=0.0
[EST DONE] 2026-05-02T06:38:48.785743 bottleneck=5 replicate=0 seed=0 estimator=lPCA k=15 dur=6.699s
[EST START] 2026-05-02T06:38:48.785922 bottleneck=5 replicate=0 seed=0 estimator=DANCo k=3 sigma=0.0
[EST DONE] 2026-05-02T06:39:13.703864 bottleneck=5 replicate=0 seed=0 estimator=DANCo k=3 dur=24.918s
[EST START] 2026-05-02T06:39:13.703988 bottleneck=5 replicate=0 seed=0 estimator=DANCo k=5 sigma=0.0
[EST DONE] 2026-05-02T06:39:38.358789 bottleneck=5 replicate=0 seed=0 estimator=DANCo k=5 dur=24.655s
[EST START] 2026-05-02T06:39:38.358895 bottleneck=5 replicate=0 seed=0 estimator=DANCo k=7 sigma=0.0
[EST DONE] 2026-05-02T06:40:00.007715 bottleneck=5 replicate=0 seed=0 estimator=DANCo k=7 dur=21.649s
[EST START] 2026-05-02T06:40:00.007823 bottleneck=5 replicate=0 seed=0 estimator=DANCo k=10 sigma=0.0
[EST DONE] 2026-05-02T06:40:27.573291 bottleneck=5 replicate=0 seed=0 estimator=DANCo k=10 dur=27.565s
[EST START] 2026-05-02T06:40:27.573410 bottleneck=5 replicate=0 seed=0 estimator=DANCo k=15 sigma=0.0
[EST DONE] 2026-05-02T06:40:55.331705 bottleneck=5 replicate=0 seed=0 estimator=DANCo k=15 dur=27.758s
[EST START] 2026-05-02T06:40:55.331879 bottleneck=5 replicate=0 seed=0 estimator=MiND k=3 sigma=0.0
[EST DONE] 2026-05-02T06:41:03.879587 bottleneck=5 replicate=0 seed=0 estimator=MiND k=3 dur=8.548s
[EST START] 2026-05-02T06:41:03.879695 bottleneck=5 replicate=0 seed=0 estimator=MiND k=5 sigma=0.0
[EST DONE] 2026-05-02T06:41:13.007771 bottleneck=5 replicate=0 seed=0 estimator=MiND k=5 dur=9.128s
[EST START] 2026-05-02T06:41:13.007896 bottleneck=5 replicate=0 seed=0 estimator=MiND k=7 sigma=0.0
[EST DONE] 2026-05-02T06:41:22.128032 bottleneck=5 replicate=0 seed=0 estimator=MiND k=7 dur=9.120s
[EST START] 2026-05-02T06:41:22.128179 bottleneck=5 replicate=0 seed=0 estimator=MiND k=10 sigma=0.0
[EST DONE] 2026-05-02T06:41:31.654327 bottleneck=5 replicate=0 seed=0 estimator=MiND k=10 dur=9.526s
[EST START] 2026-05-02T06:41:31.654411 bottleneck=5 replicate=0 seed=0 estimator=MiND k=15 sigma=0.0
[EST DONE] 2026-05-02T06:41:41.456714 bottleneck=5 replicate=0 seed=0 estimator=MiND k=15 dur=9.802s
[EST START] 2026-05-02T06:41:41.456890 bottleneck=5 replicate=0 seed=0 estimator=FisherS k=ALL sigma=0.0
[EST DONE] 2026-05-02T06:41:47.090664 bottleneck=5 replicate=0 seed=0 estimator=FisherS k=ALL dur=5.634s
[EST START] 2026-05-02T06:41:47.184735 bottleneck=5 replicate=0 seed=0 estimator=Levina-Bickel k=3 sigma=0.25
[EST DONE] 2026-05-02T06:41:47.467786 bottleneck=5 replicate=0 seed=0 estimator=Levina-Bickel k=3 dur=0.283s
[EST START] 2026-05-02T06:41:47.467933 bottleneck=5 replicate=0 seed=0 estimator=Levina-Bickel k=5 sigma=0.25
[EST DONE] 2026-05-02T06:41:47.754466 bottleneck=5 replicate=0 seed=0 estimator=Levina-Bickel k=5 dur=0.286s
[EST START] 2026-05-02T06:41:47.754587 bottleneck=5 replicate=0 seed=0 estimator=Levina-Bickel k=7 sigma=0.25
[EST DONE] 2026-05-02T06:41:48.043894 bottleneck=5 replicate=0 seed=0 estimator=Levina-Bickel k=7 dur=0.289s
[EST START] 2026-05-02T06:41:48.044000 bottleneck=5 replicate=0 seed=0 estimator=Levina-Bickel k=10 sigma=0.25
[EST DONE] 2026-05-02T06:41:48.337132 bottleneck=5 replicate=0 seed=0 estimator=Levina-Bickel k=10 dur=0.293s
[EST START] 2026-05-02T06:41:48.337291 bottleneck=5 replicate=0 seed=0 estimator=Levina-Bickel k=15 sigma=0.25
[EST DONE] 2026-05-02T06:41:48.634173 bottleneck=5 replicate=0 seed=0 estimator=Levina-Bickel k=15 dur=0.297s
[EST START] 2026-05-02T06:41:48.634310 bottleneck=5 replicate=0 seed=0 estimator=TwoNN k=ALL sigma=0.25
[EST DONE] 2026-05-02T06:41:48.907383 bottleneck=5 replicate=0 seed=0 estimator=TwoNN k=ALL dur=0.273s
[EST START] 2026-05-02T06:41:48.907569 bottleneck=5 replicate=0 seed=0 estimator=lPCA k=3 sigma=0.25
[EST DONE] 2026-05-02T06:41:53.046231 bottleneck=5 replicate=0 seed=0 estimator=lPCA k=3 dur=4.139s
[EST START] 2026-05-02T06:41:53.046321 bottleneck=5 replicate=0 seed=0 estimator=lPCA k=5 sigma=0.25
[EST DONE] 2026-05-02T06:41:57.682168 bottleneck=5 replicate=0 seed=0 estimator=lPCA k=5 dur=4.636s
[EST START] 2026-05-02T06:41:57.682270 bottleneck=5 replicate=0 seed=0 estimator=lPCA k=7 sigma=0.25
[EST DONE] 2026-05-02T06:42:02.645897 bottleneck=5 replicate=0 seed=0 estimator=lPCA k=7 dur=4.964s
[EST START] 2026-05-02T06:42:02.645997 bottleneck=5 replicate=0 seed=0 estimator=lPCA k=10 sigma=0.25
[EST DONE] 2026-05-02T06:42:08.262812 bottleneck=5 replicate=0 seed=0 estimator=lPCA k=10 dur=5.617s
[EST START] 2026-05-02T06:42:08.262905 bottleneck=5 replicate=0 seed=0 estimator=lPCA k=15 sigma=0.25
[EST DONE] 2026-05-02T06:42:15.168048 bottleneck=5 replicate=0 seed=0 estimator=lPCA k=15 dur=6.905s
[EST START] 2026-05-02T06:42:15.168250 bottleneck=5 replicate=0 seed=0 estimator=DANCo k=3 sigma=0.25
[EST DONE] 2026-05-02T06:42:34.107646 bottleneck=5 replicate=0 seed=0 estimator=DANCo k=3 dur=18.939s
[EST START] 2026-05-02T06:42:34.107734 bottleneck=5 replicate=0 seed=0 estimator=DANCo k=5 sigma=0.25
[EST DONE] 2026-05-02T06:42:57.558994 bottleneck=5 replicate=0 seed=0 estimator=DANCo k=5 dur=23.451s
[EST START] 2026-05-02T06:42:57.559124 bottleneck=5 replicate=0 seed=0 estimator=DANCo k=7 sigma=0.25
[EST DONE] 2026-05-02T06:43:21.486237 bottleneck=5 replicate=0 seed=0 estimator=DANCo k=7 dur=23.927s
[EST START] 2026-05-02T06:43:21.486383 bottleneck=5 replicate=0 seed=0 estimator=DANCo k=10 sigma=0.25
[EST DONE] 2026-05-02T06:43:48.438336 bottleneck=5 replicate=0 seed=0 estimator=DANCo k=10 dur=26.952s
[EST START] 2026-05-02T06:43:48.438422 bottleneck=5 replicate=0 seed=0 estimator=DANCo k=15 sigma=0.25
[EST DONE] 2026-05-02T06:44:19.372799 bottleneck=5 replicate=0 seed=0 estimator=DANCo k=15 dur=30.934s
[EST START] 2026-05-02T06:44:19.372975 bottleneck=5 replicate=0 seed=0 estimator=MiND k=3 sigma=0.25
[EST DONE] 2026-05-02T06:44:26.957002 bottleneck=5 replicate=0 seed=0 estimator=MiND k=3 dur=7.584s
[EST START] 2026-05-02T06:44:26.957136 bottleneck=5 replicate=0 seed=0 estimator=MiND k=5 sigma=0.25
[EST DONE] 2026-05-02T06:44:34.753950 bottleneck=5 replicate=0 seed=0 estimator=MiND k=5 dur=7.797s
[EST START] 2026-05-02T06:44:34.754074 bottleneck=5 replicate=0 seed=0 estimator=MiND k=7 sigma=0.25
[EST DONE] 2026-05-02T06:44:42.561300 bottleneck=5 replicate=0 seed=0 estimator=MiND k=7 dur=7.807s
[EST START] 2026-05-02T06:44:42.561480 bottleneck=5 replicate=0 seed=0 estimator=MiND k=10 sigma=0.25
[EST DONE] 2026-05-02T06:44:50.733220 bottleneck=5 replicate=0 seed=0 estimator=MiND k=10 dur=8.172s
[EST START] 2026-05-02T06:44:50.733359 bottleneck=5 replicate=0 seed=0 estimator=MiND k=15 sigma=0.25
[EST DONE] 2026-05-02T06:44:59.234057 bottleneck=5 replicate=0 seed=0 estimator=MiND k=15 dur=8.501s
[EST START] 2026-05-02T06:44:59.234181 bottleneck=5 replicate=0 seed=0 estimator=FisherS k=ALL sigma=0.25
[EST DONE] 2026-05-02T06:45:02.367692 bottleneck=5 replicate=0 seed=0 estimator=FisherS k=ALL dur=3.133s
[EST START] 2026-05-02T06:45:02.605923 bottleneck=5 replicate=0 seed=0 estimator=Levina-Bickel k=3 sigma=0.5
[EST DONE] 2026-05-02T06:45:02.901502 bottleneck=5 replicate=0 seed=0 estimator=Levina-Bickel k=3 dur=0.295s
[EST START] 2026-05-02T06:45:02.901600 bottleneck=5 replicate=0 seed=0 estimator=Levina-Bickel k=5 sigma=0.5
[EST DONE] 2026-05-02T06:45:03.197791 bottleneck=5 replicate=0 seed=0 estimator=Levina-Bickel k=5 dur=0.296s
[EST START] 2026-05-02T06:45:03.197885 bottleneck=5 replicate=0 seed=0 estimator=Levina-Bickel k=7 sigma=0.5
[EST DONE] 2026-05-02T06:45:03.496560 bottleneck=5 replicate=0 seed=0 estimator=Levina-Bickel k=7 dur=0.299s
[EST START] 2026-05-02T06:45:03.496688 bottleneck=5 replicate=0 seed=0 estimator=Levina-Bickel k=10 sigma=0.5
[EST DONE] 2026-05-02T06:45:03.799294 bottleneck=5 replicate=0 seed=0 estimator=Levina-Bickel k=10 dur=0.303s
[EST START] 2026-05-02T06:45:03.799493 bottleneck=5 replicate=0 seed=0 estimator=Levina-Bickel k=15 sigma=0.5
[EST DONE] 2026-05-02T06:45:04.111053 bottleneck=5 replicate=0 seed=0 estimator=Levina-Bickel k=15 dur=0.312s
[EST START] 2026-05-02T06:45:04.111221 bottleneck=5 replicate=0 seed=0 estimator=TwoNN k=ALL sigma=0.5
[EST DONE] 2026-05-02T06:45:04.400108 bottleneck=5 replicate=0 seed=0 estimator=TwoNN k=ALL dur=0.289s
[EST START] 2026-05-02T06:45:04.400234 bottleneck=5 replicate=0 seed=0 estimator=lPCA k=3 sigma=0.5
[EST DONE] 2026-05-02T06:45:08.962780 bottleneck=5 replicate=0 seed=0 estimator=lPCA k=3 dur=4.562s
[EST START] 2026-05-02T06:45:08.962922 bottleneck=5 replicate=0 seed=0 estimator=lPCA k=5 sigma=0.5
[EST DONE] 2026-05-02T06:45:13.978738 bottleneck=5 replicate=0 seed=0 estimator=lPCA k=5 dur=5.016s
[EST START] 2026-05-02T06:45:13.978844 bottleneck=5 replicate=0 seed=0 estimator=lPCA k=7 sigma=0.5
[EST DONE] 2026-05-02T06:45:19.414276 bottleneck=5 replicate=0 seed=0 estimator=lPCA k=7 dur=5.435s
[EST START] 2026-05-02T06:45:19.414456 bottleneck=5 replicate=0 seed=0 estimator=lPCA k=10 sigma=0.5
[EST DONE] 2026-05-02T06:45:25.347431 bottleneck=5 replicate=0 seed=0 estimator=lPCA k=10 dur=5.933s
[EST START] 2026-05-02T06:45:25.347554 bottleneck=5 replicate=0 seed=0 estimator=lPCA k=15 sigma=0.5
[EST DONE] 2026-05-02T06:45:32.499051 bottleneck=5 replicate=0 seed=0 estimator=lPCA k=15 dur=7.151s
[EST START] 2026-05-02T06:45:32.499154 bottleneck=5 replicate=0 seed=0 estimator=DANCo k=3 sigma=0.5
[EST DONE] 2026-05-02T06:45:51.276551 bottleneck=5 replicate=0 seed=0 estimator=DANCo k=3 dur=18.777s
[EST START] 2026-05-02T06:45:51.276637 bottleneck=5 replicate=0 seed=0 estimator=DANCo k=5 sigma=0.5
[EST DONE] 2026-05-02T06:46:15.394593 bottleneck=5 replicate=0 seed=0 estimator=DANCo k=5 dur=24.118s
[EST START] 2026-05-02T06:46:15.394722 bottleneck=5 replicate=0 seed=0 estimator=DANCo k=7 sigma=0.5
[EST DONE] 2026-05-02T06:46:40.069866 bottleneck=5 replicate=0 seed=0 estimator=DANCo k=7 dur=24.675s
[EST START] 2026-05-02T06:46:40.070059 bottleneck=5 replicate=0 seed=0 estimator=DANCo k=10 sigma=0.5
[EST DONE] 2026-05-02T06:47:05.059909 bottleneck=5 replicate=0 seed=0 estimator=DANCo k=10 dur=24.990s
[EST START] 2026-05-02T06:47:05.060010 bottleneck=5 replicate=0 seed=0 estimator=DANCo k=15 sigma=0.5
[EST DONE] 2026-05-02T06:47:35.083503 bottleneck=5 replicate=0 seed=0 estimator=DANCo k=15 dur=30.023s
[EST START] 2026-05-02T06:47:35.083636 bottleneck=5 replicate=0 seed=0 estimator=MiND k=3 sigma=0.5
[EST DONE] 2026-05-02T06:47:43.127819 bottleneck=5 replicate=0 seed=0 estimator=MiND k=3 dur=8.044s
[EST START] 2026-05-02T06:47:43.127950 bottleneck=5 replicate=0 seed=0 estimator=MiND k=5 sigma=0.5
[EST DONE] 2026-05-02T06:47:50.162333 bottleneck=5 replicate=0 seed=0 estimator=MiND k=5 dur=7.034s
[EST START] 2026-05-02T06:47:50.162431 bottleneck=5 replicate=0 seed=0 estimator=MiND k=7 sigma=0.5
[EST DONE] 2026-05-02T06:47:57.185464 bottleneck=5 replicate=0 seed=0 estimator=MiND k=7 dur=7.023s
[EST START] 2026-05-02T06:47:57.185651 bottleneck=5 replicate=0 seed=0 estimator=MiND k=10 sigma=0.5
[EST DONE] 2026-05-02T06:48:04.486304 bottleneck=5 replicate=0 seed=0 estimator=MiND k=10 dur=7.301s
[EST START] 2026-05-02T06:48:04.486390 bottleneck=5 replicate=0 seed=0 estimator=MiND k=15 sigma=0.5
[EST DONE] 2026-05-02T06:48:11.990869 bottleneck=5 replicate=0 seed=0 estimator=MiND k=15 dur=7.504s
[EST START] 2026-05-02T06:48:11.991004 bottleneck=5 replicate=0 seed=0 estimator=FisherS k=ALL sigma=0.5
[EST DONE] 2026-05-02T06:48:14.329957 bottleneck=5 replicate=0 seed=0 estimator=FisherS k=ALL dur=2.339s
[EST START] 2026-05-02T06:48:14.422871 bottleneck=5 replicate=0 seed=0 estimator=Levina-Bickel k=3 sigma=0.75
[EST DONE] 2026-05-02T06:48:14.738098 bottleneck=5 replicate=0 seed=0 estimator=Levina-Bickel k=3 dur=0.315s
[EST START] 2026-05-02T06:48:14.738179 bottleneck=5 replicate=0 seed=0 estimator=Levina-Bickel k=5 sigma=0.75
[EST DONE] 2026-05-02T06:48:15.031028 bottleneck=5 replicate=0 seed=0 estimator=Levina-Bickel k=5 dur=0.293s
[EST START] 2026-05-02T06:48:15.031226 bottleneck=5 replicate=0 seed=0 estimator=Levina-Bickel k=7 sigma=0.75
[EST DONE] 2026-05-02T06:48:15.326929 bottleneck=5 replicate=0 seed=0 estimator=Levina-Bickel k=7 dur=0.296s
[EST START] 2026-05-02T06:48:15.327029 bottleneck=5 replicate=0 seed=0 estimator=Levina-Bickel k=10 sigma=0.75
[EST DONE] 2026-05-02T06:48:15.624143 bottleneck=5 replicate=0 seed=0 estimator=Levina-Bickel k=10 dur=0.297s
[EST START] 2026-05-02T06:48:15.624249 bottleneck=5 replicate=0 seed=0 estimator=Levina-Bickel k=15 sigma=0.75
[EST DONE] 2026-05-02T06:48:15.928847 bottleneck=5 replicate=0 seed=0 estimator=Levina-Bickel k=15 dur=0.305s
[EST START] 2026-05-02T06:48:15.928958 bottleneck=5 replicate=0 seed=0 estimator=TwoNN k=ALL sigma=0.75
[EST DONE] 2026-05-02T06:48:16.212128 bottleneck=5 replicate=0 seed=0 estimator=TwoNN k=ALL dur=0.283s
[EST START] 2026-05-02T06:48:16.212236 bottleneck=5 replicate=0 seed=0 estimator=lPCA k=3 sigma=0.75
[EST DONE] 2026-05-02T06:48:20.356649 bottleneck=5 replicate=0 seed=0 estimator=lPCA k=3 dur=4.144s
[EST START] 2026-05-02T06:48:20.356815 bottleneck=5 replicate=0 seed=0 estimator=lPCA k=5 sigma=0.75
[EST DONE] 2026-05-02T06:48:25.031387 bottleneck=5 replicate=0 seed=0 estimator=lPCA k=5 dur=4.675s
[EST START] 2026-05-02T06:48:25.031475 bottleneck=5 replicate=0 seed=0 estimator=lPCA k=7 sigma=0.75
[EST DONE] 2026-05-02T06:48:30.083480 bottleneck=5 replicate=0 seed=0 estimator=lPCA k=7 dur=5.052s
[EST START] 2026-05-02T06:48:30.083564 bottleneck=5 replicate=0 seed=0 estimator=lPCA k=10 sigma=0.75
[EST DONE] 2026-05-02T06:48:35.646370 bottleneck=5 replicate=0 seed=0 estimator=lPCA k=10 dur=5.563s
[EST START] 2026-05-02T06:48:35.646465 bottleneck=5 replicate=0 seed=0 estimator=lPCA k=15 sigma=0.75
[EST DONE] 2026-05-02T06:48:42.608751 bottleneck=5 replicate=0 seed=0 estimator=lPCA k=15 dur=6.962s
[EST START] 2026-05-02T06:48:42.608872 bottleneck=5 replicate=0 seed=0 estimator=DANCo k=3 sigma=0.75
[EST DONE] 2026-05-02T06:49:03.407890 bottleneck=5 replicate=0 seed=0 estimator=DANCo k=3 dur=20.799s
[EST START] 2026-05-02T06:49:03.408049 bottleneck=5 replicate=0 seed=0 estimator=DANCo k=5 sigma=0.75
[EST DONE] 2026-05-02T06:49:25.756256 bottleneck=5 replicate=0 seed=0 estimator=DANCo k=5 dur=22.348s
[EST START] 2026-05-02T06:49:25.756353 bottleneck=5 replicate=0 seed=0 estimator=DANCo k=7 sigma=0.75
[EST DONE] 2026-05-02T06:49:50.652013 bottleneck=5 replicate=0 seed=0 estimator=DANCo k=7 dur=24.896s
[EST START] 2026-05-02T06:49:50.652118 bottleneck=5 replicate=0 seed=0 estimator=DANCo k=10 sigma=0.75
[EST DONE] 2026-05-02T06:50:17.036362 bottleneck=5 replicate=0 seed=0 estimator=DANCo k=10 dur=26.384s
[EST START] 2026-05-02T06:50:17.036465 bottleneck=5 replicate=0 seed=0 estimator=DANCo k=15 sigma=0.75
[EST DONE] 2026-05-02T06:50:47.437328 bottleneck=5 replicate=0 seed=0 estimator=DANCo k=15 dur=30.401s
[EST START] 2026-05-02T06:50:47.437468 bottleneck=5 replicate=0 seed=0 estimator=MiND k=3 sigma=0.75
[EST DONE] 2026-05-02T06:50:55.105145 bottleneck=5 replicate=0 seed=0 estimator=MiND k=3 dur=7.668s
[EST START] 2026-05-02T06:50:55.105328 bottleneck=5 replicate=0 seed=0 estimator=MiND k=5 sigma=0.75
[EST DONE] 2026-05-02T06:51:03.096224 bottleneck=5 replicate=0 seed=0 estimator=MiND k=5 dur=7.991s
[EST START] 2026-05-02T06:51:03.096331 bottleneck=5 replicate=0 seed=0 estimator=MiND k=7 sigma=0.75
[EST DONE] 2026-05-02T06:51:11.118716 bottleneck=5 replicate=0 seed=0 estimator=MiND k=7 dur=8.022s
[EST START] 2026-05-02T06:51:11.118822 bottleneck=5 replicate=0 seed=0 estimator=MiND k=10 sigma=0.75
[EST DONE] 2026-05-02T06:51:19.266886 bottleneck=5 replicate=0 seed=0 estimator=MiND k=10 dur=8.148s
[EST START] 2026-05-02T06:51:19.267026 bottleneck=5 replicate=0 seed=0 estimator=MiND k=15 sigma=0.75
[EST DONE] 2026-05-02T06:51:27.663797 bottleneck=5 replicate=0 seed=0 estimator=MiND k=15 dur=8.397s
[EST START] 2026-05-02T06:51:27.663900 bottleneck=5 replicate=0 seed=0 estimator=FisherS k=ALL sigma=0.75
[EST DONE] 2026-05-02T06:51:30.683753 bottleneck=5 replicate=0 seed=0 estimator=FisherS k=ALL dur=3.020s
[EST START] 2026-05-02T06:51:30.837073 bottleneck=5 replicate=0 seed=0 estimator=Levina-Bickel k=3 sigma=1.0
[EST DONE] 2026-05-02T06:51:31.213968 bottleneck=5 replicate=0 seed=0 estimator=Levina-Bickel k=3 dur=0.377s
[EST START] 2026-05-02T06:51:31.214069 bottleneck=5 replicate=0 seed=0 estimator=Levina-Bickel k=5 sigma=1.0
[EST DONE] 2026-05-02T06:51:31.535058 bottleneck=5 replicate=0 seed=0 estimator=Levina-Bickel k=5 dur=0.321s
[EST START] 2026-05-02T06:51:31.535235 bottleneck=5 replicate=0 seed=0 estimator=Levina-Bickel k=7 sigma=1.0
[EST DONE] 2026-05-02T06:51:31.858067 bottleneck=5 replicate=0 seed=0 estimator=Levina-Bickel k=7 dur=0.323s
[EST START] 2026-05-02T06:51:31.858200 bottleneck=5 replicate=0 seed=0 estimator=Levina-Bickel k=10 sigma=1.0
[EST DONE] 2026-05-02T06:51:32.187593 bottleneck=5 replicate=0 seed=0 estimator=Levina-Bickel k=10 dur=0.329s
[EST START] 2026-05-02T06:51:32.187744 bottleneck=5 replicate=0 seed=0 estimator=Levina-Bickel k=15 sigma=1.0
[EST DONE] 2026-05-02T06:51:32.524047 bottleneck=5 replicate=0 seed=0 estimator=Levina-Bickel k=15 dur=0.336s
[EST START] 2026-05-02T06:51:32.524211 bottleneck=5 replicate=0 seed=0 estimator=TwoNN k=ALL sigma=1.0
[EST DONE] 2026-05-02T06:51:32.838699 bottleneck=5 replicate=0 seed=0 estimator=TwoNN k=ALL dur=0.314s
[EST START] 2026-05-02T06:51:32.838809 bottleneck=5 replicate=0 seed=0 estimator=lPCA k=3 sigma=1.0
[EST DONE] 2026-05-02T06:51:37.393214 bottleneck=5 replicate=0 seed=0 estimator=lPCA k=3 dur=4.554s
[EST START] 2026-05-02T06:51:37.393376 bottleneck=5 replicate=0 seed=0 estimator=lPCA k=5 sigma=1.0
[EST DONE] 2026-05-02T06:51:42.433338 bottleneck=5 replicate=0 seed=0 estimator=lPCA k=5 dur=5.040s
[EST START] 2026-05-02T06:51:42.433439 bottleneck=5 replicate=0 seed=0 estimator=lPCA k=7 sigma=1.0
[EST DONE] 2026-05-02T06:51:47.835346 bottleneck=5 replicate=0 seed=0 estimator=lPCA k=7 dur=5.402s
[EST START] 2026-05-02T06:51:47.835481 bottleneck=5 replicate=0 seed=0 estimator=lPCA k=10 sigma=1.0
[EST DONE] 2026-05-02T06:51:53.734828 bottleneck=5 replicate=0 seed=0 estimator=lPCA k=10 dur=5.899s
[EST START] 2026-05-02T06:51:53.734942 bottleneck=5 replicate=0 seed=0 estimator=lPCA k=15 sigma=1.0
[EST DONE] 2026-05-02T06:52:00.866761 bottleneck=5 replicate=0 seed=0 estimator=lPCA k=15 dur=7.132s
[EST START] 2026-05-02T06:52:00.866894 bottleneck=5 replicate=0 seed=0 estimator=DANCo k=3 sigma=1.0
[EST DONE] 2026-05-02T06:52:21.115612 bottleneck=5 replicate=0 seed=0 estimator=DANCo k=3 dur=20.249s
[EST START] 2026-05-02T06:52:21.115752 bottleneck=5 replicate=0 seed=0 estimator=DANCo k=5 sigma=1.0
[EST DONE] 2026-05-02T06:52:44.979110 bottleneck=5 replicate=0 seed=0 estimator=DANCo k=5 dur=23.863s
[EST START] 2026-05-02T06:52:44.979220 bottleneck=5 replicate=0 seed=0 estimator=DANCo k=7 sigma=1.0
[EST DONE] 2026-05-02T06:53:10.539098 bottleneck=5 replicate=0 seed=0 estimator=DANCo k=7 dur=25.560s
[EST START] 2026-05-02T06:53:10.539215 bottleneck=5 replicate=0 seed=0 estimator=DANCo k=10 sigma=1.0
[EST DONE] 2026-05-02T06:53:36.808762 bottleneck=5 replicate=0 seed=0 estimator=DANCo k=10 dur=26.269s
[EST START] 2026-05-02T06:53:36.808892 bottleneck=5 replicate=0 seed=0 estimator=DANCo k=15 sigma=1.0
[EST DONE] 2026-05-02T06:54:07.830076 bottleneck=5 replicate=0 seed=0 estimator=DANCo k=15 dur=31.021s
[EST START] 2026-05-02T06:54:07.830211 bottleneck=5 replicate=0 seed=0 estimator=MiND k=3 sigma=1.0
[EST DONE] 2026-05-02T06:54:15.768781 bottleneck=5 replicate=0 seed=0 estimator=MiND k=3 dur=7.939s
[EST START] 2026-05-02T06:54:15.768965 bottleneck=5 replicate=0 seed=0 estimator=MiND k=5 sigma=1.0
[EST DONE] 2026-05-02T06:54:23.765048 bottleneck=5 replicate=0 seed=0 estimator=MiND k=5 dur=7.996s
[EST START] 2026-05-02T06:54:23.765153 bottleneck=5 replicate=0 seed=0 estimator=MiND k=7 sigma=1.0
[EST DONE] 2026-05-02T06:54:31.787358 bottleneck=5 replicate=0 seed=0 estimator=MiND k=7 dur=8.022s
[EST START] 2026-05-02T06:54:31.787456 bottleneck=5 replicate=0 seed=0 estimator=MiND k=10 sigma=1.0
[EST DONE] 2026-05-02T06:54:39.989245 bottleneck=5 replicate=0 seed=0 estimator=MiND k=10 dur=8.202s
[EST START] 2026-05-02T06:54:39.989358 bottleneck=5 replicate=0 seed=0 estimator=MiND k=15 sigma=1.0
[EST DONE] 2026-05-02T06:54:48.485764 bottleneck=5 replicate=0 seed=0 estimator=MiND k=15 dur=8.496s
[EST START] 2026-05-02T06:54:48.485910 bottleneck=5 replicate=0 seed=0 estimator=FisherS k=ALL sigma=1.0
[EST DONE] 2026-05-02T06:54:50.428187 bottleneck=5 replicate=0 seed=0 estimator=FisherS k=ALL dur=1.942s
[MNIST TASK START] 2026-05-02T06:54:50.428513 bottleneck=7 replicate=0 seed=0
[AE START] seed=0 bottleneck=7 epochs=50 subset=5000
[AE EPOCH] epoch=1/50 loss=0.223277 epoch_time=0.30s device=cuda
[AE EPOCH] epoch=2/50 loss=0.175180 epoch_time=0.13s device=cuda
[AE EPOCH] epoch=3/50 loss=0.104397 epoch_time=0.14s device=cuda
[AE EPOCH] epoch=4/50 loss=0.078217 epoch_time=0.14s device=cuda
[AE EPOCH] epoch=5/50 loss=0.073012 epoch_time=0.14s device=cuda
[AE EPOCH] epoch=6/50 loss=0.071291 epoch_time=0.15s device=cuda
[AE EPOCH] epoch=7/50 loss=0.070218 epoch_time=0.16s device=cuda
[AE EPOCH] epoch=8/50 loss=0.069254 epoch_time=0.16s device=cuda
[AE EPOCH] epoch=9/50 loss=0.068130 epoch_time=0.16s device=cuda
[AE EPOCH] epoch=10/50 loss=0.066681 epoch_time=0.16s device=cuda
[AE EPOCH] epoch=11/50 loss=0.064791 epoch_time=0.16s device=cuda
[AE EPOCH] epoch=12/50 loss=0.062581 epoch_time=0.15s device=cuda
[AE EPOCH] epoch=13/50 loss=0.060305 epoch_time=0.08s device=cuda
[AE EPOCH] epoch=14/50 loss=0.058244 epoch_time=0.09s device=cuda
[AE EPOCH] epoch=15/50 loss=0.056430 epoch_time=0.09s device=cuda
[AE EPOCH] epoch=16/50 loss=0.054800 epoch_time=0.12s device=cuda
[AE EPOCH] epoch=17/50 loss=0.053355 epoch_time=0.14s device=cuda
[AE EPOCH] epoch=18/50 loss=0.052082 epoch_time=0.15s device=cuda
[AE EPOCH] epoch=19/50 loss=0.051022 epoch_time=0.15s device=cuda
[AE EPOCH] epoch=20/50 loss=0.050071 epoch_time=0.15s device=cuda
[AE EPOCH] epoch=21/50 loss=0.049171 epoch_time=0.14s device=cuda
[AE EPOCH] epoch=22/50 loss=0.048236 epoch_time=0.08s device=cuda
[AE EPOCH] epoch=23/50 loss=0.047235 epoch_time=0.09s device=cuda
[AE EPOCH] epoch=24/50 loss=0.046153 epoch_time=0.12s device=cuda
[AE EPOCH] epoch=25/50 loss=0.045034 epoch_time=0.13s device=cuda
[AE EPOCH] epoch=26/50 loss=0.043895 epoch_time=0.15s device=cuda
[AE EPOCH] epoch=27/50 loss=0.042797 epoch_time=0.14s device=cuda
[AE EPOCH] epoch=28/50 loss=0.041790 epoch_time=0.14s device=cuda
[AE EPOCH] epoch=29/50 loss=0.040924 epoch_time=0.15s device=cuda
[AE EPOCH] epoch=30/50 loss=0.040182 epoch_time=0.14s device=cuda
[AE EPOCH] epoch=31/50 loss=0.039543 epoch_time=0.15s device=cuda
[AE EPOCH] epoch=32/50 loss=0.038996 epoch_time=0.15s device=cuda
[AE EPOCH] epoch=33/50 loss=0.038488 epoch_time=0.14s device=cuda
[AE EPOCH] epoch=34/50 loss=0.038039 epoch_time=0.14s device=cuda
[AE EPOCH] epoch=35/50 loss=0.037602 epoch_time=0.13s device=cuda
[AE EPOCH] epoch=36/50 loss=0.037192 epoch_time=0.14s device=cuda
[AE EPOCH] epoch=37/50 loss=0.036800 epoch_time=0.15s device=cuda
[AE EPOCH] epoch=38/50 loss=0.036417 epoch_time=0.12s device=cuda
[AE EPOCH] epoch=39/50 loss=0.036045 epoch_time=0.11s device=cuda
[AE EPOCH] epoch=40/50 loss=0.035682 epoch_time=0.12s device=cuda
[AE EPOCH] epoch=41/50 loss=0.035353 epoch_time=0.13s device=cuda
[AE EPOCH] epoch=42/50 loss=0.035033 epoch_time=0.11s device=cuda
[AE EPOCH] epoch=43/50 loss=0.034736 epoch_time=0.13s device=cuda
[AE EPOCH] epoch=44/50 loss=0.034452 epoch_time=0.15s device=cuda
[AE EPOCH] epoch=45/50 loss=0.034196 epoch_time=0.12s device=cuda
[AE EPOCH] epoch=46/50 loss=0.033943 epoch_time=0.10s device=cuda
[AE EPOCH] epoch=47/50 loss=0.033712 epoch_time=0.09s device=cuda
[AE EPOCH] epoch=48/50 loss=0.033493 epoch_time=0.09s device=cuda
[AE EPOCH] epoch=49/50 loss=0.033287 epoch_time=0.09s device=cuda
[AE EPOCH] epoch=50/50 loss=0.033098 epoch_time=0.10s device=cuda
[AE TRAIN COMPLETE] total_time=6.70s
[AE TRAIN COMPLETE] 2026-05-02T06:55:04.153462 bottleneck=7 replicate=0 dur=13.7s seed=0
[EST START] 2026-05-02T06:55:04.266848 bottleneck=7 replicate=0 seed=0 estimator=Levina-Bickel k=3 sigma=0.0
[EST DONE] 2026-05-02T06:55:04.637873 bottleneck=7 replicate=0 seed=0 estimator=Levina-Bickel k=3 dur=0.371s
[EST START] 2026-05-02T06:55:04.637989 bottleneck=7 replicate=0 seed=0 estimator=Levina-Bickel k=5 sigma=0.0
[EST DONE] 2026-05-02T06:55:04.926232 bottleneck=7 replicate=0 seed=0 estimator=Levina-Bickel k=5 dur=0.288s
[EST START] 2026-05-02T06:55:04.926348 bottleneck=7 replicate=0 seed=0 estimator=Levina-Bickel k=7 sigma=0.0
[EST DONE] 2026-05-02T06:55:05.216272 bottleneck=7 replicate=0 seed=0 estimator=Levina-Bickel k=7 dur=0.290s
[EST START] 2026-05-02T06:55:05.216361 bottleneck=7 replicate=0 seed=0 estimator=Levina-Bickel k=10 sigma=0.0
[EST DONE] 2026-05-02T06:55:05.511114 bottleneck=7 replicate=0 seed=0 estimator=Levina-Bickel k=10 dur=0.295s
[EST START] 2026-05-02T06:55:05.511196 bottleneck=7 replicate=0 seed=0 estimator=Levina-Bickel k=15 sigma=0.0
[EST DONE] 2026-05-02T06:55:05.811842 bottleneck=7 replicate=0 seed=0 estimator=Levina-Bickel k=15 dur=0.301s
[EST START] 2026-05-02T06:55:05.811988 bottleneck=7 replicate=0 seed=0 estimator=TwoNN k=ALL sigma=0.0
[EST DONE] 2026-05-02T06:55:06.092498 bottleneck=7 replicate=0 seed=0 estimator=TwoNN k=ALL dur=0.280s
[EST START] 2026-05-02T06:55:06.092624 bottleneck=7 replicate=0 seed=0 estimator=lPCA k=3 sigma=0.0
[EST DONE] 2026-05-02T06:55:10.197537 bottleneck=7 replicate=0 seed=0 estimator=lPCA k=3 dur=4.105s
[EST START] 2026-05-02T06:55:10.197655 bottleneck=7 replicate=0 seed=0 estimator=lPCA k=5 sigma=0.0
[EST DONE] 2026-05-02T06:55:14.866488 bottleneck=7 replicate=0 seed=0 estimator=lPCA k=5 dur=4.669s
[EST START] 2026-05-02T06:55:14.866607 bottleneck=7 replicate=0 seed=0 estimator=lPCA k=7 sigma=0.0
[EST DONE] 2026-05-02T06:55:19.817394 bottleneck=7 replicate=0 seed=0 estimator=lPCA k=7 dur=4.951s
[EST START] 2026-05-02T06:55:19.817513 bottleneck=7 replicate=0 seed=0 estimator=lPCA k=10 sigma=0.0
[EST DONE] 2026-05-02T06:55:25.282685 bottleneck=7 replicate=0 seed=0 estimator=lPCA k=10 dur=5.465s
[EST START] 2026-05-02T06:55:25.282808 bottleneck=7 replicate=0 seed=0 estimator=lPCA k=15 sigma=0.0
[EST DONE] 2026-05-02T06:55:32.018873 bottleneck=7 replicate=0 seed=0 estimator=lPCA k=15 dur=6.736s
[EST START] 2026-05-02T06:55:32.018986 bottleneck=7 replicate=0 seed=0 estimator=DANCo k=3 sigma=0.0
[EST DONE] 2026-05-02T06:55:51.870754 bottleneck=7 replicate=0 seed=0 estimator=DANCo k=3 dur=19.852s
[EST START] 2026-05-02T06:55:51.870881 bottleneck=7 replicate=0 seed=0 estimator=DANCo k=5 sigma=0.0
[EST DONE] 2026-05-02T06:56:14.004456 bottleneck=7 replicate=0 seed=0 estimator=DANCo k=5 dur=22.134s
[EST START] 2026-05-02T06:56:14.004558 bottleneck=7 replicate=0 seed=0 estimator=DANCo k=7 sigma=0.0
[EST DONE] 2026-05-02T06:56:37.585077 bottleneck=7 replicate=0 seed=0 estimator=DANCo k=7 dur=23.580s
[EST START] 2026-05-02T06:56:37.585202 bottleneck=7 replicate=0 seed=0 estimator=DANCo k=10 sigma=0.0
[EST DONE] 2026-05-02T06:57:02.977257 bottleneck=7 replicate=0 seed=0 estimator=DANCo k=10 dur=25.392s
[EST START] 2026-05-02T06:57:02.977351 bottleneck=7 replicate=0 seed=0 estimator=DANCo k=15 sigma=0.0
[EST DONE] 2026-05-02T06:57:31.854921 bottleneck=7 replicate=0 seed=0 estimator=DANCo k=15 dur=28.878s
[EST START] 2026-05-02T06:57:31.855026 bottleneck=7 replicate=0 seed=0 estimator=MiND k=3 sigma=0.0
[EST DONE] 2026-05-02T06:57:40.165171 bottleneck=7 replicate=0 seed=0 estimator=MiND k=3 dur=8.310s
[EST START] 2026-05-02T06:57:40.165302 bottleneck=7 replicate=0 seed=0 estimator=MiND k=5 sigma=0.0
[EST DONE] 2026-05-02T06:57:49.178258 bottleneck=7 replicate=0 seed=0 estimator=MiND k=5 dur=9.013s
[EST START] 2026-05-02T06:57:49.178379 bottleneck=7 replicate=0 seed=0 estimator=MiND k=7 sigma=0.0
[EST DONE] 2026-05-02T06:57:58.268593 bottleneck=7 replicate=0 seed=0 estimator=MiND k=7 dur=9.090s
[EST START] 2026-05-02T06:57:58.268730 bottleneck=7 replicate=0 seed=0 estimator=MiND k=10 sigma=0.0
[EST DONE] 2026-05-02T06:58:07.755828 bottleneck=7 replicate=0 seed=0 estimator=MiND k=10 dur=9.487s
[EST START] 2026-05-02T06:58:07.755949 bottleneck=7 replicate=0 seed=0 estimator=MiND k=15 sigma=0.0
[EST DONE] 2026-05-02T06:58:17.487978 bottleneck=7 replicate=0 seed=0 estimator=MiND k=15 dur=9.732s
[EST START] 2026-05-02T06:58:17.488139 bottleneck=7 replicate=0 seed=0 estimator=FisherS k=ALL sigma=0.0
[EST DONE] 2026-05-02T06:58:21.194398 bottleneck=7 replicate=0 seed=0 estimator=FisherS k=ALL dur=3.706s
[EST START] 2026-05-02T06:58:21.291281 bottleneck=7 replicate=0 seed=0 estimator=Levina-Bickel k=3 sigma=0.25
[EST DONE] 2026-05-02T06:58:21.589195 bottleneck=7 replicate=0 seed=0 estimator=Levina-Bickel k=3 dur=0.298s
[EST START] 2026-05-02T06:58:21.589320 bottleneck=7 replicate=0 seed=0 estimator=Levina-Bickel k=5 sigma=0.25
[EST DONE] 2026-05-02T06:58:21.886040 bottleneck=7 replicate=0 seed=0 estimator=Levina-Bickel k=5 dur=0.297s
[EST START] 2026-05-02T06:58:21.886176 bottleneck=7 replicate=0 seed=0 estimator=Levina-Bickel k=7 sigma=0.25
[EST DONE] 2026-05-02T06:58:22.186056 bottleneck=7 replicate=0 seed=0 estimator=Levina-Bickel k=7 dur=0.300s
[EST START] 2026-05-02T06:58:22.186202 bottleneck=7 replicate=0 seed=0 estimator=Levina-Bickel k=10 sigma=0.25
[EST DONE] 2026-05-02T06:58:22.488479 bottleneck=7 replicate=0 seed=0 estimator=Levina-Bickel k=10 dur=0.302s
[EST START] 2026-05-02T06:58:22.488596 bottleneck=7 replicate=0 seed=0 estimator=Levina-Bickel k=15 sigma=0.25
[EST DONE] 2026-05-02T06:58:22.798534 bottleneck=7 replicate=0 seed=0 estimator=Levina-Bickel k=15 dur=0.310s
[EST START] 2026-05-02T06:58:22.798705 bottleneck=7 replicate=0 seed=0 estimator=TwoNN k=ALL sigma=0.25
[EST DONE] 2026-05-02T06:58:23.087580 bottleneck=7 replicate=0 seed=0 estimator=TwoNN k=ALL dur=0.289s
[EST START] 2026-05-02T06:58:23.087697 bottleneck=7 replicate=0 seed=0 estimator=lPCA k=3 sigma=0.25
[EST DONE] 2026-05-02T06:58:27.689070 bottleneck=7 replicate=0 seed=0 estimator=lPCA k=3 dur=4.601s
[EST START] 2026-05-02T06:58:27.689172 bottleneck=7 replicate=0 seed=0 estimator=lPCA k=5 sigma=0.25
[EST DONE] 2026-05-02T06:58:32.737100 bottleneck=7 replicate=0 seed=0 estimator=lPCA k=5 dur=5.048s
[EST START] 2026-05-02T06:58:32.737209 bottleneck=7 replicate=0 seed=0 estimator=lPCA k=7 sigma=0.25
[EST DONE] 2026-05-02T06:58:38.192101 bottleneck=7 replicate=0 seed=0 estimator=lPCA k=7 dur=5.455s
[EST START] 2026-05-02T06:58:38.192217 bottleneck=7 replicate=0 seed=0 estimator=lPCA k=10 sigma=0.25
[EST DONE] 2026-05-02T06:58:44.104871 bottleneck=7 replicate=0 seed=0 estimator=lPCA k=10 dur=5.913s
[EST START] 2026-05-02T06:58:44.104975 bottleneck=7 replicate=0 seed=0 estimator=lPCA k=15 sigma=0.25
[EST DONE] 2026-05-02T06:58:51.260318 bottleneck=7 replicate=0 seed=0 estimator=lPCA k=15 dur=7.155s
[EST START] 2026-05-02T06:58:51.260453 bottleneck=7 replicate=0 seed=0 estimator=DANCo k=3 sigma=0.25
[EST DONE] 2026-05-02T06:59:11.035578 bottleneck=7 replicate=0 seed=0 estimator=DANCo k=3 dur=19.775s
[EST START] 2026-05-02T06:59:11.035682 bottleneck=7 replicate=0 seed=0 estimator=DANCo k=5 sigma=0.25
[EST DONE] 2026-05-02T06:59:36.095756 bottleneck=7 replicate=0 seed=0 estimator=DANCo k=5 dur=25.060s
[EST START] 2026-05-02T06:59:36.095861 bottleneck=7 replicate=0 seed=0 estimator=DANCo k=7 sigma=0.25
[EST DONE] 2026-05-02T07:00:02.187359 bottleneck=7 replicate=0 seed=0 estimator=DANCo k=7 dur=26.091s
[EST START] 2026-05-02T07:00:02.187476 bottleneck=7 replicate=0 seed=0 estimator=DANCo k=10 sigma=0.25
[EST DONE] 2026-05-02T07:00:28.721546 bottleneck=7 replicate=0 seed=0 estimator=DANCo k=10 dur=26.534s
[EST START] 2026-05-02T07:00:28.721652 bottleneck=7 replicate=0 seed=0 estimator=DANCo k=15 sigma=0.25
[EST DONE] 2026-05-02T07:00:56.256012 bottleneck=7 replicate=0 seed=0 estimator=DANCo k=15 dur=27.534s
[EST START] 2026-05-02T07:00:56.256136 bottleneck=7 replicate=0 seed=0 estimator=MiND k=3 sigma=0.25
[EST DONE] 2026-05-02T07:01:03.013883 bottleneck=7 replicate=0 seed=0 estimator=MiND k=3 dur=6.758s
[EST START] 2026-05-02T07:01:03.013994 bottleneck=7 replicate=0 seed=0 estimator=MiND k=5 sigma=0.25
[EST DONE] 2026-05-02T07:01:09.973157 bottleneck=7 replicate=0 seed=0 estimator=MiND k=5 dur=6.959s
[EST START] 2026-05-02T07:01:09.973258 bottleneck=7 replicate=0 seed=0 estimator=MiND k=7 sigma=0.25
[EST DONE] 2026-05-02T07:01:17.218158 bottleneck=7 replicate=0 seed=0 estimator=MiND k=7 dur=7.245s
[EST START] 2026-05-02T07:01:17.218272 bottleneck=7 replicate=0 seed=0 estimator=MiND k=10 sigma=0.25
[EST DONE] 2026-05-02T07:01:24.760047 bottleneck=7 replicate=0 seed=0 estimator=MiND k=10 dur=7.542s
[EST START] 2026-05-02T07:01:24.760178 bottleneck=7 replicate=0 seed=0 estimator=MiND k=15 sigma=0.25
[EST DONE] 2026-05-02T07:01:32.585060 bottleneck=7 replicate=0 seed=0 estimator=MiND k=15 dur=7.825s
[EST START] 2026-05-02T07:01:32.585206 bottleneck=7 replicate=0 seed=0 estimator=FisherS k=ALL sigma=0.25
[EST DONE] 2026-05-02T07:01:35.865826 bottleneck=7 replicate=0 seed=0 estimator=FisherS k=ALL dur=3.281s
[EST START] 2026-05-02T07:01:35.960062 bottleneck=7 replicate=0 seed=0 estimator=Levina-Bickel k=3 sigma=0.5
[EST DONE] 2026-05-02T07:01:36.243620 bottleneck=7 replicate=0 seed=0 estimator=Levina-Bickel k=3 dur=0.283s
[EST START] 2026-05-02T07:01:36.243740 bottleneck=7 replicate=0 seed=0 estimator=Levina-Bickel k=5 sigma=0.5
[EST DONE] 2026-05-02T07:01:36.534567 bottleneck=7 replicate=0 seed=0 estimator=Levina-Bickel k=5 dur=0.291s
[EST START] 2026-05-02T07:01:36.534671 bottleneck=7 replicate=0 seed=0 estimator=Levina-Bickel k=7 sigma=0.5
[EST DONE] 2026-05-02T07:01:36.826579 bottleneck=7 replicate=0 seed=0 estimator=Levina-Bickel k=7 dur=0.292s
[EST START] 2026-05-02T07:01:36.826700 bottleneck=7 replicate=0 seed=0 estimator=Levina-Bickel k=10 sigma=0.5
[EST DONE] 2026-05-02T07:01:37.122598 bottleneck=7 replicate=0 seed=0 estimator=Levina-Bickel k=10 dur=0.296s
[EST START] 2026-05-02T07:01:37.122731 bottleneck=7 replicate=0 seed=0 estimator=Levina-Bickel k=15 sigma=0.5
[EST DONE] 2026-05-02T07:01:37.437711 bottleneck=7 replicate=0 seed=0 estimator=Levina-Bickel k=15 dur=0.315s
[EST START] 2026-05-02T07:01:37.437841 bottleneck=7 replicate=0 seed=0 estimator=TwoNN k=ALL sigma=0.5
[EST DONE] 2026-05-02T07:01:37.728339 bottleneck=7 replicate=0 seed=0 estimator=TwoNN k=ALL dur=0.290s
[EST START] 2026-05-02T07:01:37.728473 bottleneck=7 replicate=0 seed=0 estimator=lPCA k=3 sigma=0.5
[EST DONE] 2026-05-02T07:01:41.912709 bottleneck=7 replicate=0 seed=0 estimator=lPCA k=3 dur=4.184s
[EST START] 2026-05-02T07:01:41.912790 bottleneck=7 replicate=0 seed=0 estimator=lPCA k=5 sigma=0.5
[EST DONE] 2026-05-02T07:01:46.636354 bottleneck=7 replicate=0 seed=0 estimator=lPCA k=5 dur=4.724s
[EST START] 2026-05-02T07:01:46.636463 bottleneck=7 replicate=0 seed=0 estimator=lPCA k=7 sigma=0.5
[EST DONE] 2026-05-02T07:01:51.726628 bottleneck=7 replicate=0 seed=0 estimator=lPCA k=7 dur=5.090s
[EST START] 2026-05-02T07:01:51.726725 bottleneck=7 replicate=0 seed=0 estimator=lPCA k=10 sigma=0.5
[EST DONE] 2026-05-02T07:01:57.401435 bottleneck=7 replicate=0 seed=0 estimator=lPCA k=10 dur=5.675s
[EST START] 2026-05-02T07:01:57.401550 bottleneck=7 replicate=0 seed=0 estimator=lPCA k=15 sigma=0.5
[EST DONE] 2026-05-02T07:02:04.349186 bottleneck=7 replicate=0 seed=0 estimator=lPCA k=15 dur=6.948s
[EST START] 2026-05-02T07:02:04.349287 bottleneck=7 replicate=0 seed=0 estimator=DANCo k=3 sigma=0.5
[EST DONE] 2026-05-02T07:02:25.317246 bottleneck=7 replicate=0 seed=0 estimator=DANCo k=3 dur=20.968s
[EST START] 2026-05-02T07:02:25.317368 bottleneck=7 replicate=0 seed=0 estimator=DANCo k=5 sigma=0.5
[EST DONE] 2026-05-02T07:02:50.994861 bottleneck=7 replicate=0 seed=0 estimator=DANCo k=5 dur=25.677s
[EST START] 2026-05-02T07:02:50.994967 bottleneck=7 replicate=0 seed=0 estimator=DANCo k=7 sigma=0.5
[EST DONE] 2026-05-02T07:03:15.835975 bottleneck=7 replicate=0 seed=0 estimator=DANCo k=7 dur=24.841s
[EST START] 2026-05-02T07:03:15.836078 bottleneck=7 replicate=0 seed=0 estimator=DANCo k=10 sigma=0.5
[EST DONE] 2026-05-02T07:03:42.655348 bottleneck=7 replicate=0 seed=0 estimator=DANCo k=10 dur=26.819s
[EST START] 2026-05-02T07:03:42.655462 bottleneck=7 replicate=0 seed=0 estimator=DANCo k=15 sigma=0.5
[EST DONE] 2026-05-02T07:04:13.479512 bottleneck=7 replicate=0 seed=0 estimator=DANCo k=15 dur=30.824s
[EST START] 2026-05-02T07:04:13.479631 bottleneck=7 replicate=0 seed=0 estimator=MiND k=3 sigma=0.5
[EST DONE] 2026-05-02T07:04:21.320623 bottleneck=7 replicate=0 seed=0 estimator=MiND k=3 dur=7.841s
[EST START] 2026-05-02T07:04:21.320785 bottleneck=7 replicate=0 seed=0 estimator=MiND k=5 sigma=0.5
[EST DONE] 2026-05-02T07:04:29.294387 bottleneck=7 replicate=0 seed=0 estimator=MiND k=5 dur=7.974s
[EST START] 2026-05-02T07:04:29.294532 bottleneck=7 replicate=0 seed=0 estimator=MiND k=7 sigma=0.5
[EST DONE] 2026-05-02T07:04:37.280205 bottleneck=7 replicate=0 seed=0 estimator=MiND k=7 dur=7.986s
[EST START] 2026-05-02T07:04:37.280350 bottleneck=7 replicate=0 seed=0 estimator=MiND k=10 sigma=0.5
[EST DONE] 2026-05-02T07:04:45.474786 bottleneck=7 replicate=0 seed=0 estimator=MiND k=10 dur=8.194s
[EST START] 2026-05-02T07:04:45.474934 bottleneck=7 replicate=0 seed=0 estimator=MiND k=15 sigma=0.5
[EST DONE] 2026-05-02T07:04:53.902437 bottleneck=7 replicate=0 seed=0 estimator=MiND k=15 dur=8.427s
[EST START] 2026-05-02T07:04:53.902591 bottleneck=7 replicate=0 seed=0 estimator=FisherS k=ALL sigma=0.5
[EST DONE] 2026-05-02T07:04:59.253583 bottleneck=7 replicate=0 seed=0 estimator=FisherS k=ALL dur=5.351s
[EST START] 2026-05-02T07:04:59.348117 bottleneck=7 replicate=0 seed=0 estimator=Levina-Bickel k=3 sigma=0.75
[EST DONE] 2026-05-02T07:04:59.635503 bottleneck=7 replicate=0 seed=0 estimator=Levina-Bickel k=3 dur=0.287s
[EST START] 2026-05-02T07:04:59.635591 bottleneck=7 replicate=0 seed=0 estimator=Levina-Bickel k=5 sigma=0.75
[EST DONE] 2026-05-02T07:04:59.922247 bottleneck=7 replicate=0 seed=0 estimator=Levina-Bickel k=5 dur=0.287s
[EST START] 2026-05-02T07:04:59.922338 bottleneck=7 replicate=0 seed=0 estimator=Levina-Bickel k=7 sigma=0.75
[EST DONE] 2026-05-02T07:05:00.209018 bottleneck=7 replicate=0 seed=0 estimator=Levina-Bickel k=7 dur=0.287s
[EST START] 2026-05-02T07:05:00.209115 bottleneck=7 replicate=0 seed=0 estimator=Levina-Bickel k=10 sigma=0.75
[EST DONE] 2026-05-02T07:05:00.494574 bottleneck=7 replicate=0 seed=0 estimator=Levina-Bickel k=10 dur=0.285s
[EST START] 2026-05-02T07:05:00.494667 bottleneck=7 replicate=0 seed=0 estimator=Levina-Bickel k=15 sigma=0.75
[EST DONE] 2026-05-02T07:05:00.788755 bottleneck=7 replicate=0 seed=0 estimator=Levina-Bickel k=15 dur=0.294s
[EST START] 2026-05-02T07:05:00.788872 bottleneck=7 replicate=0 seed=0 estimator=TwoNN k=ALL sigma=0.75
[EST DONE] 2026-05-02T07:05:01.117239 bottleneck=7 replicate=0 seed=0 estimator=TwoNN k=ALL dur=0.328s
[EST START] 2026-05-02T07:05:01.117349 bottleneck=7 replicate=0 seed=0 estimator=lPCA k=3 sigma=0.75
[EST DONE] 2026-05-02T07:05:05.328512 bottleneck=7 replicate=0 seed=0 estimator=lPCA k=3 dur=4.211s
[EST START] 2026-05-02T07:05:05.328621 bottleneck=7 replicate=0 seed=0 estimator=lPCA k=5 sigma=0.75
[EST DONE] 2026-05-02T07:05:10.040695 bottleneck=7 replicate=0 seed=0 estimator=lPCA k=5 dur=4.712s
[EST START] 2026-05-02T07:05:10.040801 bottleneck=7 replicate=0 seed=0 estimator=lPCA k=7 sigma=0.75
[EST DONE] 2026-05-02T07:05:15.138582 bottleneck=7 replicate=0 seed=0 estimator=lPCA k=7 dur=5.098s
[EST START] 2026-05-02T07:05:15.138686 bottleneck=7 replicate=0 seed=0 estimator=lPCA k=10 sigma=0.75
[EST DONE] 2026-05-02T07:05:20.824579 bottleneck=7 replicate=0 seed=0 estimator=lPCA k=10 dur=5.686s
[EST START] 2026-05-02T07:05:20.824706 bottleneck=7 replicate=0 seed=0 estimator=lPCA k=15 sigma=0.75
[EST DONE] 2026-05-02T07:05:27.810027 bottleneck=7 replicate=0 seed=0 estimator=lPCA k=15 dur=6.985s
[EST START] 2026-05-02T07:05:27.810148 bottleneck=7 replicate=0 seed=0 estimator=DANCo k=3 sigma=0.75
[EST DONE] 2026-05-02T07:05:48.383950 bottleneck=7 replicate=0 seed=0 estimator=DANCo k=3 dur=20.574s
[EST START] 2026-05-02T07:05:48.384071 bottleneck=7 replicate=0 seed=0 estimator=DANCo k=5 sigma=0.75
[EST DONE] 2026-05-02T07:06:13.031056 bottleneck=7 replicate=0 seed=0 estimator=DANCo k=5 dur=24.647s
[EST START] 2026-05-02T07:06:13.031165 bottleneck=7 replicate=0 seed=0 estimator=DANCo k=7 sigma=0.75
[EST DONE] 2026-05-02T07:06:36.186526 bottleneck=7 replicate=0 seed=0 estimator=DANCo k=7 dur=23.155s
[EST START] 2026-05-02T07:06:36.186625 bottleneck=7 replicate=0 seed=0 estimator=DANCo k=10 sigma=0.75
[EST DONE] 2026-05-02T07:06:59.656570 bottleneck=7 replicate=0 seed=0 estimator=DANCo k=10 dur=23.470s
[EST START] 2026-05-02T07:06:59.656686 bottleneck=7 replicate=0 seed=0 estimator=DANCo k=15 sigma=0.75
[EST DONE] 2026-05-02T07:07:27.047947 bottleneck=7 replicate=0 seed=0 estimator=DANCo k=15 dur=27.391s
[EST START] 2026-05-02T07:07:27.048054 bottleneck=7 replicate=0 seed=0 estimator=MiND k=3 sigma=0.75
[EST DONE] 2026-05-02T07:07:35.164923 bottleneck=7 replicate=0 seed=0 estimator=MiND k=3 dur=8.117s
[EST START] 2026-05-02T07:07:35.165045 bottleneck=7 replicate=0 seed=0 estimator=MiND k=5 sigma=0.75
[EST DONE] 2026-05-02T07:07:43.146458 bottleneck=7 replicate=0 seed=0 estimator=MiND k=5 dur=7.981s
[EST START] 2026-05-02T07:07:43.146572 bottleneck=7 replicate=0 seed=0 estimator=MiND k=7 sigma=0.75
[EST DONE] 2026-05-02T07:07:51.163154 bottleneck=7 replicate=0 seed=0 estimator=MiND k=7 dur=8.017s
[EST START] 2026-05-02T07:07:51.163288 bottleneck=7 replicate=0 seed=0 estimator=MiND k=10 sigma=0.75
[EST DONE] 2026-05-02T07:07:59.368505 bottleneck=7 replicate=0 seed=0 estimator=MiND k=10 dur=8.205s
[EST START] 2026-05-02T07:07:59.368645 bottleneck=7 replicate=0 seed=0 estimator=MiND k=15 sigma=0.75
[EST DONE] 2026-05-02T07:08:07.931094 bottleneck=7 replicate=0 seed=0 estimator=MiND k=15 dur=8.562s
[EST START] 2026-05-02T07:08:07.931212 bottleneck=7 replicate=0 seed=0 estimator=FisherS k=ALL sigma=0.75
[EST DONE] 2026-05-02T07:08:11.973331 bottleneck=7 replicate=0 seed=0 estimator=FisherS k=ALL dur=4.042s
[EST START] 2026-05-02T07:08:12.066850 bottleneck=7 replicate=0 seed=0 estimator=Levina-Bickel k=3 sigma=1.0
[EST DONE] 2026-05-02T07:08:12.348432 bottleneck=7 replicate=0 seed=0 estimator=Levina-Bickel k=3 dur=0.281s
[EST START] 2026-05-02T07:08:12.348537 bottleneck=7 replicate=0 seed=0 estimator=Levina-Bickel k=5 sigma=1.0
[EST DONE] 2026-05-02T07:08:12.635497 bottleneck=7 replicate=0 seed=0 estimator=Levina-Bickel k=5 dur=0.287s
[EST START] 2026-05-02T07:08:12.635619 bottleneck=7 replicate=0 seed=0 estimator=Levina-Bickel k=7 sigma=1.0
[EST DONE] 2026-05-02T07:08:12.925476 bottleneck=7 replicate=0 seed=0 estimator=Levina-Bickel k=7 dur=0.290s
[EST START] 2026-05-02T07:08:12.925605 bottleneck=7 replicate=0 seed=0 estimator=Levina-Bickel k=10 sigma=1.0
[EST DONE] 2026-05-02T07:08:13.219700 bottleneck=7 replicate=0 seed=0 estimator=Levina-Bickel k=10 dur=0.294s
[EST START] 2026-05-02T07:08:13.219841 bottleneck=7 replicate=0 seed=0 estimator=Levina-Bickel k=15 sigma=1.0
[EST DONE] 2026-05-02T07:08:13.518772 bottleneck=7 replicate=0 seed=0 estimator=Levina-Bickel k=15 dur=0.299s
[EST START] 2026-05-02T07:08:13.518922 bottleneck=7 replicate=0 seed=0 estimator=TwoNN k=ALL sigma=1.0
[EST DONE] 2026-05-02T07:08:13.799438 bottleneck=7 replicate=0 seed=0 estimator=TwoNN k=ALL dur=0.280s
[EST START] 2026-05-02T07:08:13.799568 bottleneck=7 replicate=0 seed=0 estimator=lPCA k=3 sigma=1.0
[EST DONE] 2026-05-02T07:08:18.345704 bottleneck=7 replicate=0 seed=0 estimator=lPCA k=3 dur=4.546s
[EST START] 2026-05-02T07:08:18.345806 bottleneck=7 replicate=0 seed=0 estimator=lPCA k=5 sigma=1.0
[EST DONE] 2026-05-02T07:08:23.396672 bottleneck=7 replicate=0 seed=0 estimator=lPCA k=5 dur=5.051s
[EST START] 2026-05-02T07:08:23.396786 bottleneck=7 replicate=0 seed=0 estimator=lPCA k=7 sigma=1.0
[EST DONE] 2026-05-02T07:08:28.851327 bottleneck=7 replicate=0 seed=0 estimator=lPCA k=7 dur=5.455s
[EST START] 2026-05-02T07:08:28.851470 bottleneck=7 replicate=0 seed=0 estimator=lPCA k=10 sigma=1.0
[EST DONE] 2026-05-02T07:08:34.794399 bottleneck=7 replicate=0 seed=0 estimator=lPCA k=10 dur=5.943s
[EST START] 2026-05-02T07:08:34.794529 bottleneck=7 replicate=0 seed=0 estimator=lPCA k=15 sigma=1.0
[EST DONE] 2026-05-02T07:08:42.013440 bottleneck=7 replicate=0 seed=0 estimator=lPCA k=15 dur=7.219s
[EST START] 2026-05-02T07:08:42.013589 bottleneck=7 replicate=0 seed=0 estimator=DANCo k=3 sigma=1.0
[EST DONE] 2026-05-02T07:09:01.174382 bottleneck=7 replicate=0 seed=0 estimator=DANCo k=3 dur=19.161s
[EST START] 2026-05-02T07:09:01.174473 bottleneck=7 replicate=0 seed=0 estimator=DANCo k=5 sigma=1.0
[EST DONE] 2026-05-02T07:09:24.245365 bottleneck=7 replicate=0 seed=0 estimator=DANCo k=5 dur=23.071s
[EST START] 2026-05-02T07:09:24.245488 bottleneck=7 replicate=0 seed=0 estimator=DANCo k=7 sigma=1.0
[EST DONE] 2026-05-02T07:09:46.921642 bottleneck=7 replicate=0 seed=0 estimator=DANCo k=7 dur=22.676s
[EST START] 2026-05-02T07:09:46.921766 bottleneck=7 replicate=0 seed=0 estimator=DANCo k=10 sigma=1.0
[EST DONE] 2026-05-02T07:10:12.253805 bottleneck=7 replicate=0 seed=0 estimator=DANCo k=10 dur=25.332s
[EST START] 2026-05-02T07:10:12.253936 bottleneck=7 replicate=0 seed=0 estimator=DANCo k=15 sigma=1.0
[EST DONE] 2026-05-02T07:10:39.377214 bottleneck=7 replicate=0 seed=0 estimator=DANCo k=15 dur=27.123s
[EST START] 2026-05-02T07:10:39.377337 bottleneck=7 replicate=0 seed=0 estimator=MiND k=3 sigma=1.0
[EST DONE] 2026-05-02T07:10:46.101410 bottleneck=7 replicate=0 seed=0 estimator=MiND k=3 dur=6.724s
[EST START] 2026-05-02T07:10:46.101527 bottleneck=7 replicate=0 seed=0 estimator=MiND k=5 sigma=1.0
[EST DONE] 2026-05-02T07:10:53.900179 bottleneck=7 replicate=0 seed=0 estimator=MiND k=5 dur=7.799s
[EST START] 2026-05-02T07:10:53.900300 bottleneck=7 replicate=0 seed=0 estimator=MiND k=7 sigma=1.0
[EST DONE] 2026-05-02T07:11:01.060812 bottleneck=7 replicate=0 seed=0 estimator=MiND k=7 dur=7.160s
[EST START] 2026-05-02T07:11:01.060909 bottleneck=7 replicate=0 seed=0 estimator=MiND k=10 sigma=1.0
[EST DONE] 2026-05-02T07:11:08.366017 bottleneck=7 replicate=0 seed=0 estimator=MiND k=10 dur=7.305s
[EST START] 2026-05-02T07:11:08.366169 bottleneck=7 replicate=0 seed=0 estimator=MiND k=15 sigma=1.0
[EST DONE] 2026-05-02T07:11:15.887504 bottleneck=7 replicate=0 seed=0 estimator=MiND k=15 dur=7.521s
[EST START] 2026-05-02T07:11:15.887632 bottleneck=7 replicate=0 seed=0 estimator=FisherS k=ALL sigma=1.0
[EST DONE] 2026-05-02T07:11:19.223957 bottleneck=7 replicate=0 seed=0 estimator=FisherS k=ALL dur=3.336s
[MNIST TASK START] 2026-05-02T07:11:19.224234 bottleneck=9 replicate=0 seed=0
[AE START] seed=0 bottleneck=9 epochs=50 subset=5000
[AE EPOCH] epoch=1/50 loss=0.224123 epoch_time=0.26s device=cuda
[AE EPOCH] epoch=2/50 loss=0.183604 epoch_time=0.08s device=cuda
[AE EPOCH] epoch=3/50 loss=0.110112 epoch_time=0.10s device=cuda
[AE EPOCH] epoch=4/50 loss=0.079087 epoch_time=0.09s device=cuda
[AE EPOCH] epoch=5/50 loss=0.073357 epoch_time=0.09s device=cuda
[AE EPOCH] epoch=6/50 loss=0.071658 epoch_time=0.08s device=cuda
[AE EPOCH] epoch=7/50 loss=0.070749 epoch_time=0.10s device=cuda
[AE EPOCH] epoch=8/50 loss=0.070033 epoch_time=0.09s device=cuda
[AE EPOCH] epoch=9/50 loss=0.069304 epoch_time=0.12s device=cuda
[AE EPOCH] epoch=10/50 loss=0.068371 epoch_time=0.16s device=cuda
[AE EPOCH] epoch=11/50 loss=0.067077 epoch_time=0.19s device=cuda
[AE EPOCH] epoch=12/50 loss=0.065302 epoch_time=0.19s device=cuda
[AE EPOCH] epoch=13/50 loss=0.063031 epoch_time=0.21s device=cuda
[AE EPOCH] epoch=14/50 loss=0.060543 epoch_time=0.20s device=cuda
[AE EPOCH] epoch=15/50 loss=0.058206 epoch_time=0.21s device=cuda
[AE EPOCH] epoch=16/50 loss=0.056208 epoch_time=0.21s device=cuda
[AE EPOCH] epoch=17/50 loss=0.054432 epoch_time=0.21s device=cuda
[AE EPOCH] epoch=18/50 loss=0.052680 epoch_time=0.20s device=cuda
[AE EPOCH] epoch=19/50 loss=0.050842 epoch_time=0.20s device=cuda
[AE EPOCH] epoch=20/50 loss=0.048956 epoch_time=0.21s device=cuda
[AE EPOCH] epoch=21/50 loss=0.047161 epoch_time=0.19s device=cuda
[AE EPOCH] epoch=22/50 loss=0.045553 epoch_time=0.17s device=cuda
[AE EPOCH] epoch=23/50 loss=0.044192 epoch_time=0.08s device=cuda
[AE EPOCH] epoch=24/50 loss=0.043039 epoch_time=0.09s device=cuda
[AE EPOCH] epoch=25/50 loss=0.042021 epoch_time=0.09s device=cuda
[AE EPOCH] epoch=26/50 loss=0.041188 epoch_time=0.09s device=cuda
[AE EPOCH] epoch=27/50 loss=0.040485 epoch_time=0.09s device=cuda
[AE EPOCH] epoch=28/50 loss=0.039874 epoch_time=0.10s device=cuda
[AE EPOCH] epoch=29/50 loss=0.039324 epoch_time=0.09s device=cuda
[AE EPOCH] epoch=30/50 loss=0.038796 epoch_time=0.09s device=cuda
[AE EPOCH] epoch=31/50 loss=0.038276 epoch_time=0.10s device=cuda
[AE EPOCH] epoch=32/50 loss=0.037749 epoch_time=0.09s device=cuda
[AE EPOCH] epoch=33/50 loss=0.037253 epoch_time=0.09s device=cuda
[AE EPOCH] epoch=34/50 loss=0.036728 epoch_time=0.09s device=cuda
[AE EPOCH] epoch=35/50 loss=0.036254 epoch_time=0.10s device=cuda
[AE EPOCH] epoch=36/50 loss=0.035808 epoch_time=0.10s device=cuda
[AE EPOCH] epoch=37/50 loss=0.035395 epoch_time=0.10s device=cuda
[AE EPOCH] epoch=38/50 loss=0.035005 epoch_time=0.14s device=cuda
[AE EPOCH] epoch=39/50 loss=0.034651 epoch_time=0.15s device=cuda
[AE EPOCH] epoch=40/50 loss=0.034300 epoch_time=0.12s device=cuda
[AE EPOCH] epoch=41/50 loss=0.033957 epoch_time=0.09s device=cuda
[AE EPOCH] epoch=42/50 loss=0.033638 epoch_time=0.08s device=cuda
[AE EPOCH] epoch=43/50 loss=0.033314 epoch_time=0.08s device=cuda
[AE EPOCH] epoch=44/50 loss=0.033009 epoch_time=0.09s device=cuda
[AE EPOCH] epoch=45/50 loss=0.032696 epoch_time=0.09s device=cuda
[AE EPOCH] epoch=46/50 loss=0.032402 epoch_time=0.10s device=cuda
[AE EPOCH] epoch=47/50 loss=0.032118 epoch_time=0.14s device=cuda
[AE EPOCH] epoch=48/50 loss=0.031834 epoch_time=0.16s device=cuda
[AE EPOCH] epoch=49/50 loss=0.031569 epoch_time=0.18s device=cuda
[AE EPOCH] epoch=50/50 loss=0.031298 epoch_time=0.19s device=cuda
[AE TRAIN COMPLETE] total_time=6.59s
[AE TRAIN COMPLETE] 2026-05-02T07:11:33.171595 bottleneck=9 replicate=0 dur=13.9s seed=0
[EST START] 2026-05-02T07:11:33.291699 bottleneck=9 replicate=0 seed=0 estimator=Levina-Bickel k=3 sigma=0.0
[EST DONE] 2026-05-02T07:11:33.670877 bottleneck=9 replicate=0 seed=0 estimator=Levina-Bickel k=3 dur=0.379s
[EST START] 2026-05-02T07:11:33.671016 bottleneck=9 replicate=0 seed=0 estimator=Levina-Bickel k=5 sigma=0.0
[EST DONE] 2026-05-02T07:11:33.962910 bottleneck=9 replicate=0 seed=0 estimator=Levina-Bickel k=5 dur=0.292s
[EST START] 2026-05-02T07:11:33.963039 bottleneck=9 replicate=0 seed=0 estimator=Levina-Bickel k=7 sigma=0.0
[EST DONE] 2026-05-02T07:11:34.257682 bottleneck=9 replicate=0 seed=0 estimator=Levina-Bickel k=7 dur=0.295s
[EST START] 2026-05-02T07:11:34.257820 bottleneck=9 replicate=0 seed=0 estimator=Levina-Bickel k=10 sigma=0.0
[EST DONE] 2026-05-02T07:11:34.552804 bottleneck=9 replicate=0 seed=0 estimator=Levina-Bickel k=10 dur=0.295s
[EST START] 2026-05-02T07:11:34.552922 bottleneck=9 replicate=0 seed=0 estimator=Levina-Bickel k=15 sigma=0.0
[EST DONE] 2026-05-02T07:11:34.856882 bottleneck=9 replicate=0 seed=0 estimator=Levina-Bickel k=15 dur=0.304s
[EST START] 2026-05-02T07:11:34.857028 bottleneck=9 replicate=0 seed=0 estimator=TwoNN k=ALL sigma=0.0
[EST DONE] 2026-05-02T07:11:35.131539 bottleneck=9 replicate=0 seed=0 estimator=TwoNN k=ALL dur=0.274s
[EST START] 2026-05-02T07:11:35.131681 bottleneck=9 replicate=0 seed=0 estimator=lPCA k=3 sigma=0.0
[EST DONE] 2026-05-02T07:11:39.693080 bottleneck=9 replicate=0 seed=0 estimator=lPCA k=3 dur=4.561s
[EST START] 2026-05-02T07:11:39.693187 bottleneck=9 replicate=0 seed=0 estimator=lPCA k=5 sigma=0.0
[EST DONE] 2026-05-02T07:11:44.742677 bottleneck=9 replicate=0 seed=0 estimator=lPCA k=5 dur=5.049s
[EST START] 2026-05-02T07:11:44.742785 bottleneck=9 replicate=0 seed=0 estimator=lPCA k=7 sigma=0.0
[EST DONE] 2026-05-02T07:11:50.191781 bottleneck=9 replicate=0 seed=0 estimator=lPCA k=7 dur=5.449s
[EST START] 2026-05-02T07:11:50.191893 bottleneck=9 replicate=0 seed=0 estimator=lPCA k=10 sigma=0.0
[EST DONE] 2026-05-02T07:11:56.116195 bottleneck=9 replicate=0 seed=0 estimator=lPCA k=10 dur=5.924s
[EST START] 2026-05-02T07:11:56.116304 bottleneck=9 replicate=0 seed=0 estimator=lPCA k=15 sigma=0.0
[EST DONE] 2026-05-02T07:12:03.266280 bottleneck=9 replicate=0 seed=0 estimator=lPCA k=15 dur=7.150s
[EST START] 2026-05-02T07:12:03.266388 bottleneck=9 replicate=0 seed=0 estimator=DANCo k=3 sigma=0.0
[EST DONE] 2026-05-02T07:12:22.304509 bottleneck=9 replicate=0 seed=0 estimator=DANCo k=3 dur=19.038s
[EST START] 2026-05-02T07:12:22.304606 bottleneck=9 replicate=0 seed=0 estimator=DANCo k=5 sigma=0.0
[EST DONE] 2026-05-02T07:12:45.890697 bottleneck=9 replicate=0 seed=0 estimator=DANCo k=5 dur=23.586s
[EST START] 2026-05-02T07:12:45.890804 bottleneck=9 replicate=0 seed=0 estimator=DANCo k=7 sigma=0.0
[EST DONE] 2026-05-02T07:13:09.181534 bottleneck=9 replicate=0 seed=0 estimator=DANCo k=7 dur=23.291s
[EST START] 2026-05-02T07:13:09.181645 bottleneck=9 replicate=0 seed=0 estimator=DANCo k=10 sigma=0.0
[EST DONE] 2026-05-02T07:13:34.224164 bottleneck=9 replicate=0 seed=0 estimator=DANCo k=10 dur=25.042s
[EST START] 2026-05-02T07:13:34.224258 bottleneck=9 replicate=0 seed=0 estimator=DANCo k=15 sigma=0.0
[EST DONE] 2026-05-02T07:14:05.003912 bottleneck=9 replicate=0 seed=0 estimator=DANCo k=15 dur=30.780s
[EST START] 2026-05-02T07:14:05.004008 bottleneck=9 replicate=0 seed=0 estimator=MiND k=3 sigma=0.0
[EST DONE] 2026-05-02T07:14:13.174829 bottleneck=9 replicate=0 seed=0 estimator=MiND k=3 dur=8.171s
[EST START] 2026-05-02T07:14:13.174973 bottleneck=9 replicate=0 seed=0 estimator=MiND k=5 sigma=0.0
[EST DONE] 2026-05-02T07:14:22.086224 bottleneck=9 replicate=0 seed=0 estimator=MiND k=5 dur=8.911s
[EST START] 2026-05-02T07:14:22.086319 bottleneck=9 replicate=0 seed=0 estimator=MiND k=7 sigma=0.0
[EST DONE] 2026-05-02T07:14:31.125516 bottleneck=9 replicate=0 seed=0 estimator=MiND k=7 dur=9.039s
[EST START] 2026-05-02T07:14:31.125652 bottleneck=9 replicate=0 seed=0 estimator=MiND k=10 sigma=0.0
[EST DONE] 2026-05-02T07:14:40.470774 bottleneck=9 replicate=0 seed=0 estimator=MiND k=10 dur=9.345s
[EST START] 2026-05-02T07:14:40.470920 bottleneck=9 replicate=0 seed=0 estimator=MiND k=15 sigma=0.0
[EST DONE] 2026-05-02T07:14:50.157656 bottleneck=9 replicate=0 seed=0 estimator=MiND k=15 dur=9.687s
[EST START] 2026-05-02T07:14:50.157799 bottleneck=9 replicate=0 seed=0 estimator=FisherS k=ALL sigma=0.0
[EST DONE] 2026-05-02T07:14:53.001192 bottleneck=9 replicate=0 seed=0 estimator=FisherS k=ALL dur=2.843s
[EST START] 2026-05-02T07:14:53.092897 bottleneck=9 replicate=0 seed=0 estimator=Levina-Bickel k=3 sigma=0.25
[EST DONE] 2026-05-02T07:14:53.371004 bottleneck=9 replicate=0 seed=0 estimator=Levina-Bickel k=3 dur=0.278s
[EST START] 2026-05-02T07:14:53.371105 bottleneck=9 replicate=0 seed=0 estimator=Levina-Bickel k=5 sigma=0.25
[EST DONE] 2026-05-02T07:14:53.652319 bottleneck=9 replicate=0 seed=0 estimator=Levina-Bickel k=5 dur=0.281s
[EST START] 2026-05-02T07:14:53.652411 bottleneck=9 replicate=0 seed=0 estimator=Levina-Bickel k=7 sigma=0.25
[EST DONE] 2026-05-02T07:14:53.937863 bottleneck=9 replicate=0 seed=0 estimator=Levina-Bickel k=7 dur=0.285s
[EST START] 2026-05-02T07:14:53.937994 bottleneck=9 replicate=0 seed=0 estimator=Levina-Bickel k=10 sigma=0.25
[EST DONE] 2026-05-02T07:14:54.222881 bottleneck=9 replicate=0 seed=0 estimator=Levina-Bickel k=10 dur=0.285s
[EST START] 2026-05-02T07:14:54.223005 bottleneck=9 replicate=0 seed=0 estimator=Levina-Bickel k=15 sigma=0.25
[EST DONE] 2026-05-02T07:14:54.515319 bottleneck=9 replicate=0 seed=0 estimator=Levina-Bickel k=15 dur=0.292s
[EST START] 2026-05-02T07:14:54.515434 bottleneck=9 replicate=0 seed=0 estimator=TwoNN k=ALL sigma=0.25
[EST DONE] 2026-05-02T07:14:54.789302 bottleneck=9 replicate=0 seed=0 estimator=TwoNN k=ALL dur=0.274s
[EST START] 2026-05-02T07:14:54.789422 bottleneck=9 replicate=0 seed=0 estimator=lPCA k=3 sigma=0.25
[EST DONE] 2026-05-02T07:14:58.896502 bottleneck=9 replicate=0 seed=0 estimator=lPCA k=3 dur=4.107s
[EST START] 2026-05-02T07:14:58.896602 bottleneck=9 replicate=0 seed=0 estimator=lPCA k=5 sigma=0.25
[EST DONE] 2026-05-02T07:15:03.618018 bottleneck=9 replicate=0 seed=0 estimator=lPCA k=5 dur=4.721s
[EST START] 2026-05-02T07:15:03.618152 bottleneck=9 replicate=0 seed=0 estimator=lPCA k=7 sigma=0.25
[EST DONE] 2026-05-02T07:15:08.712036 bottleneck=9 replicate=0 seed=0 estimator=lPCA k=7 dur=5.094s
[EST START] 2026-05-02T07:15:08.712177 bottleneck=9 replicate=0 seed=0 estimator=lPCA k=10 sigma=0.25
[EST DONE] 2026-05-02T07:15:14.370939 bottleneck=9 replicate=0 seed=0 estimator=lPCA k=10 dur=5.659s
[EST START] 2026-05-02T07:15:14.371061 bottleneck=9 replicate=0 seed=0 estimator=lPCA k=15 sigma=0.25
[EST DONE] 2026-05-02T07:15:21.334025 bottleneck=9 replicate=0 seed=0 estimator=lPCA k=15 dur=6.963s
[EST START] 2026-05-02T07:15:21.334141 bottleneck=9 replicate=0 seed=0 estimator=DANCo k=3 sigma=0.25
[EST DONE] 2026-05-02T07:15:41.198283 bottleneck=9 replicate=0 seed=0 estimator=DANCo k=3 dur=19.864s
[EST START] 2026-05-02T07:15:41.198419 bottleneck=9 replicate=0 seed=0 estimator=DANCo k=5 sigma=0.25
[EST DONE] 2026-05-02T07:16:05.737600 bottleneck=9 replicate=0 seed=0 estimator=DANCo k=5 dur=24.539s
[EST START] 2026-05-02T07:16:05.737739 bottleneck=9 replicate=0 seed=0 estimator=DANCo k=7 sigma=0.25
[EST DONE] 2026-05-02T07:16:30.495502 bottleneck=9 replicate=0 seed=0 estimator=DANCo k=7 dur=24.758s
[EST START] 2026-05-02T07:16:30.495605 bottleneck=9 replicate=0 seed=0 estimator=DANCo k=10 sigma=0.25
[EST DONE] 2026-05-02T07:16:53.835740 bottleneck=9 replicate=0 seed=0 estimator=DANCo k=10 dur=23.340s
[EST START] 2026-05-02T07:16:53.835861 bottleneck=9 replicate=0 seed=0 estimator=DANCo k=15 sigma=0.25
[EST DONE] 2026-05-02T07:17:20.922516 bottleneck=9 replicate=0 seed=0 estimator=DANCo k=15 dur=27.087s
[EST START] 2026-05-02T07:17:20.922669 bottleneck=9 replicate=0 seed=0 estimator=MiND k=3 sigma=0.25
[EST DONE] 2026-05-02T07:17:27.678788 bottleneck=9 replicate=0 seed=0 estimator=MiND k=3 dur=6.756s
[EST START] 2026-05-02T07:17:27.678909 bottleneck=9 replicate=0 seed=0 estimator=MiND k=5 sigma=0.25
[EST DONE] 2026-05-02T07:17:34.668815 bottleneck=9 replicate=0 seed=0 estimator=MiND k=5 dur=6.990s
[EST START] 2026-05-02T07:17:34.668940 bottleneck=9 replicate=0 seed=0 estimator=MiND k=7 sigma=0.25
[EST DONE] 2026-05-02T07:17:41.731369 bottleneck=9 replicate=0 seed=0 estimator=MiND k=7 dur=7.062s
[EST START] 2026-05-02T07:17:41.731492 bottleneck=9 replicate=0 seed=0 estimator=MiND k=10 sigma=0.25
[EST DONE] 2026-05-02T07:17:48.849763 bottleneck=9 replicate=0 seed=0 estimator=MiND k=10 dur=7.118s
[EST START] 2026-05-02T07:17:48.849888 bottleneck=9 replicate=0 seed=0 estimator=MiND k=15 sigma=0.25
[EST DONE] 2026-05-02T07:17:56.380601 bottleneck=9 replicate=0 seed=0 estimator=MiND k=15 dur=7.531s
[EST START] 2026-05-02T07:17:56.380715 bottleneck=9 replicate=0 seed=0 estimator=FisherS k=ALL sigma=0.25
[EST DONE] 2026-05-02T07:18:01.329198 bottleneck=9 replicate=0 seed=0 estimator=FisherS k=ALL dur=4.948s
[EST START] 2026-05-02T07:18:01.422716 bottleneck=9 replicate=0 seed=0 estimator=Levina-Bickel k=3 sigma=0.5
[EST DONE] 2026-05-02T07:18:01.711884 bottleneck=9 replicate=0 seed=0 estimator=Levina-Bickel k=3 dur=0.289s
[EST START] 2026-05-02T07:18:01.712011 bottleneck=9 replicate=0 seed=0 estimator=Levina-Bickel k=5 sigma=0.5
[EST DONE] 2026-05-02T07:18:02.010255 bottleneck=9 replicate=0 seed=0 estimator=Levina-Bickel k=5 dur=0.298s
[EST START] 2026-05-02T07:18:02.010376 bottleneck=9 replicate=0 seed=0 estimator=Levina-Bickel k=7 sigma=0.5
[EST DONE] 2026-05-02T07:18:02.307249 bottleneck=9 replicate=0 seed=0 estimator=Levina-Bickel k=7 dur=0.297s
[EST START] 2026-05-02T07:18:02.307342 bottleneck=9 replicate=0 seed=0 estimator=Levina-Bickel k=10 sigma=0.5
[EST DONE] 2026-05-02T07:18:02.603185 bottleneck=9 replicate=0 seed=0 estimator=Levina-Bickel k=10 dur=0.296s
[EST START] 2026-05-02T07:18:02.603273 bottleneck=9 replicate=0 seed=0 estimator=Levina-Bickel k=15 sigma=0.5
[EST DONE] 2026-05-02T07:18:02.909210 bottleneck=9 replicate=0 seed=0 estimator=Levina-Bickel k=15 dur=0.306s
[EST START] 2026-05-02T07:18:02.909341 bottleneck=9 replicate=0 seed=0 estimator=TwoNN k=ALL sigma=0.5
[EST DONE] 2026-05-02T07:18:03.194494 bottleneck=9 replicate=0 seed=0 estimator=TwoNN k=ALL dur=0.285s
[EST START] 2026-05-02T07:18:03.194612 bottleneck=9 replicate=0 seed=0 estimator=lPCA k=3 sigma=0.5
[EST DONE] 2026-05-02T07:18:07.410108 bottleneck=9 replicate=0 seed=0 estimator=lPCA k=3 dur=4.215s
[EST START] 2026-05-02T07:18:07.410211 bottleneck=9 replicate=0 seed=0 estimator=lPCA k=5 sigma=0.5
[EST DONE] 2026-05-02T07:18:12.149783 bottleneck=9 replicate=0 seed=0 estimator=lPCA k=5 dur=4.740s
[EST START] 2026-05-02T07:18:12.149886 bottleneck=9 replicate=0 seed=0 estimator=lPCA k=7 sigma=0.5
[EST DONE] 2026-05-02T07:18:17.260300 bottleneck=9 replicate=0 seed=0 estimator=lPCA k=7 dur=5.110s
[EST START] 2026-05-02T07:18:17.260394 bottleneck=9 replicate=0 seed=0 estimator=lPCA k=10 sigma=0.5
[EST DONE] 2026-05-02T07:18:22.946637 bottleneck=9 replicate=0 seed=0 estimator=lPCA k=10 dur=5.686s
[EST START] 2026-05-02T07:18:22.946730 bottleneck=9 replicate=0 seed=0 estimator=lPCA k=15 sigma=0.5
[EST DONE] 2026-05-02T07:18:29.907739 bottleneck=9 replicate=0 seed=0 estimator=lPCA k=15 dur=6.961s
[EST START] 2026-05-02T07:18:29.907909 bottleneck=9 replicate=0 seed=0 estimator=DANCo k=3 sigma=0.5
[EST DONE] 2026-05-02T07:18:48.701295 bottleneck=9 replicate=0 seed=0 estimator=DANCo k=3 dur=18.793s
[EST START] 2026-05-02T07:18:48.701400 bottleneck=9 replicate=0 seed=0 estimator=DANCo k=5 sigma=0.5
[EST DONE] 2026-05-02T07:19:12.645522 bottleneck=9 replicate=0 seed=0 estimator=DANCo k=5 dur=23.944s
[EST START] 2026-05-02T07:19:12.645664 bottleneck=9 replicate=0 seed=0 estimator=DANCo k=7 sigma=0.5
[EST DONE] 2026-05-02T07:19:36.554676 bottleneck=9 replicate=0 seed=0 estimator=DANCo k=7 dur=23.909s
[EST START] 2026-05-02T07:19:36.554786 bottleneck=9 replicate=0 seed=0 estimator=DANCo k=10 sigma=0.5
[EST DONE] 2026-05-02T07:20:01.092867 bottleneck=9 replicate=0 seed=0 estimator=DANCo k=10 dur=24.538s
[EST START] 2026-05-02T07:20:01.092993 bottleneck=9 replicate=0 seed=0 estimator=DANCo k=15 sigma=0.5
[EST DONE] 2026-05-02T07:20:30.325277 bottleneck=9 replicate=0 seed=0 estimator=DANCo k=15 dur=29.232s
[EST START] 2026-05-02T07:20:30.325393 bottleneck=9 replicate=0 seed=0 estimator=MiND k=3 sigma=0.5
[EST DONE] 2026-05-02T07:20:37.108803 bottleneck=9 replicate=0 seed=0 estimator=MiND k=3 dur=6.783s
[EST START] 2026-05-02T07:20:37.108907 bottleneck=9 replicate=0 seed=0 estimator=MiND k=5 sigma=0.5
[EST DONE] 2026-05-02T07:20:43.986934 bottleneck=9 replicate=0 seed=0 estimator=MiND k=5 dur=6.878s
[EST START] 2026-05-02T07:20:43.987052 bottleneck=9 replicate=0 seed=0 estimator=MiND k=7 sigma=0.5
[EST DONE] 2026-05-02T07:20:50.844339 bottleneck=9 replicate=0 seed=0 estimator=MiND k=7 dur=6.857s
[EST START] 2026-05-02T07:20:50.844452 bottleneck=9 replicate=0 seed=0 estimator=MiND k=10 sigma=0.5
[EST DONE] 2026-05-02T07:20:57.920492 bottleneck=9 replicate=0 seed=0 estimator=MiND k=10 dur=7.076s
[EST START] 2026-05-02T07:20:57.920600 bottleneck=9 replicate=0 seed=0 estimator=MiND k=15 sigma=0.5
[EST DONE] 2026-05-02T07:21:05.278950 bottleneck=9 replicate=0 seed=0 estimator=MiND k=15 dur=7.358s
[EST START] 2026-05-02T07:21:05.279058 bottleneck=9 replicate=0 seed=0 estimator=FisherS k=ALL sigma=0.5
[EST DONE] 2026-05-02T07:21:09.961686 bottleneck=9 replicate=0 seed=0 estimator=FisherS k=ALL dur=4.683s
[EST START] 2026-05-02T07:21:10.057955 bottleneck=9 replicate=0 seed=0 estimator=Levina-Bickel k=3 sigma=0.75
[EST DONE] 2026-05-02T07:21:10.341529 bottleneck=9 replicate=0 seed=0 estimator=Levina-Bickel k=3 dur=0.283s
[EST START] 2026-05-02T07:21:10.341638 bottleneck=9 replicate=0 seed=0 estimator=Levina-Bickel k=5 sigma=0.75
[EST DONE] 2026-05-02T07:21:10.626924 bottleneck=9 replicate=0 seed=0 estimator=Levina-Bickel k=5 dur=0.285s
[EST START] 2026-05-02T07:21:10.627047 bottleneck=9 replicate=0 seed=0 estimator=Levina-Bickel k=7 sigma=0.75
[EST DONE] 2026-05-02T07:21:10.916073 bottleneck=9 replicate=0 seed=0 estimator=Levina-Bickel k=7 dur=0.289s
[EST START] 2026-05-02T07:21:10.916210 bottleneck=9 replicate=0 seed=0 estimator=Levina-Bickel k=10 sigma=0.75
[EST DONE] 2026-05-02T07:21:11.209692 bottleneck=9 replicate=0 seed=0 estimator=Levina-Bickel k=10 dur=0.293s
[EST START] 2026-05-02T07:21:11.209802 bottleneck=9 replicate=0 seed=0 estimator=Levina-Bickel k=15 sigma=0.75
[EST DONE] 2026-05-02T07:21:11.508475 bottleneck=9 replicate=0 seed=0 estimator=Levina-Bickel k=15 dur=0.299s
[EST START] 2026-05-02T07:21:11.508592 bottleneck=9 replicate=0 seed=0 estimator=TwoNN k=ALL sigma=0.75
[EST DONE] 2026-05-02T07:21:11.786839 bottleneck=9 replicate=0 seed=0 estimator=TwoNN k=ALL dur=0.278s
[EST START] 2026-05-02T07:21:11.786939 bottleneck=9 replicate=0 seed=0 estimator=lPCA k=3 sigma=0.75
[EST DONE] 2026-05-02T07:21:16.393291 bottleneck=9 replicate=0 seed=0 estimator=lPCA k=3 dur=4.606s
[EST START] 2026-05-02T07:21:16.393424 bottleneck=9 replicate=0 seed=0 estimator=lPCA k=5 sigma=0.75
[EST DONE] 2026-05-02T07:21:21.445200 bottleneck=9 replicate=0 seed=0 estimator=lPCA k=5 dur=5.052s
[EST START] 2026-05-02T07:21:21.445329 bottleneck=9 replicate=0 seed=0 estimator=lPCA k=7 sigma=0.75
[EST DONE] 2026-05-02T07:21:26.877099 bottleneck=9 replicate=0 seed=0 estimator=lPCA k=7 dur=5.432s
[EST START] 2026-05-02T07:21:26.877244 bottleneck=9 replicate=0 seed=0 estimator=lPCA k=10 sigma=0.75
[EST DONE] 2026-05-02T07:21:32.822517 bottleneck=9 replicate=0 seed=0 estimator=lPCA k=10 dur=5.945s
[EST START] 2026-05-02T07:21:32.822648 bottleneck=9 replicate=0 seed=0 estimator=lPCA k=15 sigma=0.75
[EST DONE] 2026-05-02T07:21:40.061967 bottleneck=9 replicate=0 seed=0 estimator=lPCA k=15 dur=7.239s
[EST START] 2026-05-02T07:21:40.062095 bottleneck=9 replicate=0 seed=0 estimator=DANCo k=3 sigma=0.75
[EST DONE] 2026-05-02T07:22:01.027291 bottleneck=9 replicate=0 seed=0 estimator=DANCo k=3 dur=20.965s
[EST START] 2026-05-02T07:22:01.027441 bottleneck=9 replicate=0 seed=0 estimator=DANCo k=5 sigma=0.75
[EST DONE] 2026-05-02T07:22:24.875096 bottleneck=9 replicate=0 seed=0 estimator=DANCo k=5 dur=23.848s
[EST START] 2026-05-02T07:22:24.875215 bottleneck=9 replicate=0 seed=0 estimator=DANCo k=7 sigma=0.75
[EST DONE] 2026-05-02T07:22:48.065819 bottleneck=9 replicate=0 seed=0 estimator=DANCo k=7 dur=23.191s
[EST START] 2026-05-02T07:22:48.065919 bottleneck=9 replicate=0 seed=0 estimator=DANCo k=10 sigma=0.75
[EST DONE] 2026-05-02T07:23:15.089138 bottleneck=9 replicate=0 seed=0 estimator=DANCo k=10 dur=27.023s
[EST START] 2026-05-02T07:23:15.089241 bottleneck=9 replicate=0 seed=0 estimator=DANCo k=15 sigma=0.75
[EST DONE] 2026-05-02T07:23:43.145282 bottleneck=9 replicate=0 seed=0 estimator=DANCo k=15 dur=28.056s
[EST START] 2026-05-02T07:23:43.145406 bottleneck=9 replicate=0 seed=0 estimator=MiND k=3 sigma=0.75
[EST DONE] 2026-05-02T07:23:49.887115 bottleneck=9 replicate=0 seed=0 estimator=MiND k=3 dur=6.742s
[EST START] 2026-05-02T07:23:49.887211 bottleneck=9 replicate=0 seed=0 estimator=MiND k=5 sigma=0.75
[EST DONE] 2026-05-02T07:23:56.727282 bottleneck=9 replicate=0 seed=0 estimator=MiND k=5 dur=6.840s
[EST START] 2026-05-02T07:23:56.727404 bottleneck=9 replicate=0 seed=0 estimator=MiND k=7 sigma=0.75
[EST DONE] 2026-05-02T07:24:03.698768 bottleneck=9 replicate=0 seed=0 estimator=MiND k=7 dur=6.971s
[EST START] 2026-05-02T07:24:03.698871 bottleneck=9 replicate=0 seed=0 estimator=MiND k=10 sigma=0.75
[EST DONE] 2026-05-02T07:24:10.906544 bottleneck=9 replicate=0 seed=0 estimator=MiND k=10 dur=7.208s
[EST START] 2026-05-02T07:24:10.906656 bottleneck=9 replicate=0 seed=0 estimator=MiND k=15 sigma=0.75
[EST DONE] 2026-05-02T07:24:18.430163 bottleneck=9 replicate=0 seed=0 estimator=MiND k=15 dur=7.523s
[EST START] 2026-05-02T07:24:18.430292 bottleneck=9 replicate=0 seed=0 estimator=FisherS k=ALL sigma=0.75
[EST DONE] 2026-05-02T07:24:22.638599 bottleneck=9 replicate=0 seed=0 estimator=FisherS k=ALL dur=4.208s
[EST START] 2026-05-02T07:24:22.739788 bottleneck=9 replicate=0 seed=0 estimator=Levina-Bickel k=3 sigma=1.0
[EST DONE] 2026-05-02T07:24:23.026221 bottleneck=9 replicate=0 seed=0 estimator=Levina-Bickel k=3 dur=0.286s
[EST START] 2026-05-02T07:24:23.026312 bottleneck=9 replicate=0 seed=0 estimator=Levina-Bickel k=5 sigma=1.0
[EST DONE] 2026-05-02T07:24:23.314830 bottleneck=9 replicate=0 seed=0 estimator=Levina-Bickel k=5 dur=0.288s
[EST START] 2026-05-02T07:24:23.314946 bottleneck=9 replicate=0 seed=0 estimator=Levina-Bickel k=7 sigma=1.0
[EST DONE] 2026-05-02T07:24:23.606934 bottleneck=9 replicate=0 seed=0 estimator=Levina-Bickel k=7 dur=0.292s
[EST START] 2026-05-02T07:24:23.607072 bottleneck=9 replicate=0 seed=0 estimator=Levina-Bickel k=10 sigma=1.0
[EST DONE] 2026-05-02T07:24:23.899070 bottleneck=9 replicate=0 seed=0 estimator=Levina-Bickel k=10 dur=0.292s
[EST START] 2026-05-02T07:24:23.899216 bottleneck=9 replicate=0 seed=0 estimator=Levina-Bickel k=15 sigma=1.0
[EST DONE] 2026-05-02T07:24:24.202390 bottleneck=9 replicate=0 seed=0 estimator=Levina-Bickel k=15 dur=0.303s
[EST START] 2026-05-02T07:24:24.202520 bottleneck=9 replicate=0 seed=0 estimator=TwoNN k=ALL sigma=1.0
[EST DONE] 2026-05-02T07:24:24.533494 bottleneck=9 replicate=0 seed=0 estimator=TwoNN k=ALL dur=0.331s
[EST START] 2026-05-02T07:24:24.533631 bottleneck=9 replicate=0 seed=0 estimator=lPCA k=3 sigma=1.0
[EST DONE] 2026-05-02T07:24:28.632499 bottleneck=9 replicate=0 seed=0 estimator=lPCA k=3 dur=4.099s
[EST START] 2026-05-02T07:24:28.632597 bottleneck=9 replicate=0 seed=0 estimator=lPCA k=5 sigma=1.0
[EST DONE] 2026-05-02T07:24:33.328406 bottleneck=9 replicate=0 seed=0 estimator=lPCA k=5 dur=4.696s
[EST START] 2026-05-02T07:24:33.328505 bottleneck=9 replicate=0 seed=0 estimator=lPCA k=7 sigma=1.0
[EST DONE] 2026-05-02T07:24:38.398027 bottleneck=9 replicate=0 seed=0 estimator=lPCA k=7 dur=5.070s
[EST START] 2026-05-02T07:24:38.398120 bottleneck=9 replicate=0 seed=0 estimator=lPCA k=10 sigma=1.0
[EST DONE] 2026-05-02T07:24:44.033716 bottleneck=9 replicate=0 seed=0 estimator=lPCA k=10 dur=5.636s
[EST START] 2026-05-02T07:24:44.033848 bottleneck=9 replicate=0 seed=0 estimator=lPCA k=15 sigma=1.0
[EST DONE] 2026-05-02T07:24:50.896031 bottleneck=9 replicate=0 seed=0 estimator=lPCA k=15 dur=6.862s
[EST START] 2026-05-02T07:24:50.896137 bottleneck=9 replicate=0 seed=0 estimator=DANCo k=3 sigma=1.0
[EST DONE] 2026-05-02T07:25:09.851646 bottleneck=9 replicate=0 seed=0 estimator=DANCo k=3 dur=18.955s
[EST START] 2026-05-02T07:25:09.851747 bottleneck=9 replicate=0 seed=0 estimator=DANCo k=5 sigma=1.0
[EST DONE] 2026-05-02T07:25:32.943993 bottleneck=9 replicate=0 seed=0 estimator=DANCo k=5 dur=23.092s
[EST START] 2026-05-02T07:25:32.944152 bottleneck=9 replicate=0 seed=0 estimator=DANCo k=7 sigma=1.0
[EST DONE] 2026-05-02T07:25:58.832641 bottleneck=9 replicate=0 seed=0 estimator=DANCo k=7 dur=25.888s
[EST START] 2026-05-02T07:25:58.832754 bottleneck=9 replicate=0 seed=0 estimator=DANCo k=10 sigma=1.0
[EST DONE] 2026-05-02T07:26:24.516804 bottleneck=9 replicate=0 seed=0 estimator=DANCo k=10 dur=25.684s
[EST START] 2026-05-02T07:26:24.516918 bottleneck=9 replicate=0 seed=0 estimator=DANCo k=15 sigma=1.0
[EST DONE] 2026-05-02T07:26:55.440458 bottleneck=9 replicate=0 seed=0 estimator=DANCo k=15 dur=30.924s
[EST START] 2026-05-02T07:26:55.440586 bottleneck=9 replicate=0 seed=0 estimator=MiND k=3 sigma=1.0
[EST DONE] 2026-05-02T07:27:03.456238 bottleneck=9 replicate=0 seed=0 estimator=MiND k=3 dur=8.016s
[EST START] 2026-05-02T07:27:03.456336 bottleneck=9 replicate=0 seed=0 estimator=MiND k=5 sigma=1.0
[EST DONE] 2026-05-02T07:27:11.434473 bottleneck=9 replicate=0 seed=0 estimator=MiND k=5 dur=7.978s
[EST START] 2026-05-02T07:27:11.434616 bottleneck=9 replicate=0 seed=0 estimator=MiND k=7 sigma=1.0
[EST DONE] 2026-05-02T07:27:19.431732 bottleneck=9 replicate=0 seed=0 estimator=MiND k=7 dur=7.997s
[EST START] 2026-05-02T07:27:19.431848 bottleneck=9 replicate=0 seed=0 estimator=MiND k=10 sigma=1.0
[EST DONE] 2026-05-02T07:27:27.610048 bottleneck=9 replicate=0 seed=0 estimator=MiND k=10 dur=8.178s
[EST START] 2026-05-02T07:27:27.610156 bottleneck=9 replicate=0 seed=0 estimator=MiND k=15 sigma=1.0
[EST DONE] 2026-05-02T07:27:36.007732 bottleneck=9 replicate=0 seed=0 estimator=MiND k=15 dur=8.398s
[EST START] 2026-05-02T07:27:36.007864 bottleneck=9 replicate=0 seed=0 estimator=FisherS k=ALL sigma=1.0
[EST DONE] 2026-05-02T07:27:43.427481 bottleneck=9 replicate=0 seed=0 estimator=FisherS k=ALL dur=7.420s
[MNIST TASK START] 2026-05-02T07:27:43.427766 bottleneck=12 replicate=0 seed=0
[AE START] seed=0 bottleneck=12 epochs=50 subset=5000
[AE EPOCH] epoch=1/50 loss=0.223924 epoch_time=0.28s device=cuda
[AE EPOCH] epoch=2/50 loss=0.182341 epoch_time=0.12s device=cuda
[AE EPOCH] epoch=3/50 loss=0.108715 epoch_time=0.14s device=cuda
[AE EPOCH] epoch=4/50 loss=0.078773 epoch_time=0.15s device=cuda
[AE EPOCH] epoch=5/50 loss=0.073231 epoch_time=0.14s device=cuda
[AE EPOCH] epoch=6/50 loss=0.071505 epoch_time=0.12s device=cuda
[AE EPOCH] epoch=7/50 loss=0.070521 epoch_time=0.11s device=cuda
[AE EPOCH] epoch=8/50 loss=0.069652 epoch_time=0.10s device=cuda
[AE EPOCH] epoch=9/50 loss=0.068685 epoch_time=0.09s device=cuda
[AE EPOCH] epoch=10/50 loss=0.067373 epoch_time=0.10s device=cuda
[AE EPOCH] epoch=11/50 loss=0.065628 epoch_time=0.09s device=cuda
[AE EPOCH] epoch=12/50 loss=0.063506 epoch_time=0.09s device=cuda
[AE EPOCH] epoch=13/50 loss=0.061278 epoch_time=0.09s device=cuda
[AE EPOCH] epoch=14/50 loss=0.059142 epoch_time=0.09s device=cuda
[AE EPOCH] epoch=15/50 loss=0.057069 epoch_time=0.09s device=cuda
[AE EPOCH] epoch=16/50 loss=0.055136 epoch_time=0.09s device=cuda
[AE EPOCH] epoch=17/50 loss=0.053410 epoch_time=0.09s device=cuda
[AE EPOCH] epoch=18/50 loss=0.051809 epoch_time=0.09s device=cuda
[AE EPOCH] epoch=19/50 loss=0.050292 epoch_time=0.09s device=cuda
[AE EPOCH] epoch=20/50 loss=0.048870 epoch_time=0.09s device=cuda
[AE EPOCH] epoch=21/50 loss=0.047590 epoch_time=0.09s device=cuda
[AE EPOCH] epoch=22/50 loss=0.046493 epoch_time=0.09s device=cuda
[AE EPOCH] epoch=23/50 loss=0.045530 epoch_time=0.10s device=cuda
[AE EPOCH] epoch=24/50 loss=0.044633 epoch_time=0.10s device=cuda
[AE EPOCH] epoch=25/50 loss=0.043765 epoch_time=0.10s device=cuda
[AE EPOCH] epoch=26/50 loss=0.042886 epoch_time=0.10s device=cuda
[AE EPOCH] epoch=27/50 loss=0.041993 epoch_time=0.10s device=cuda
[AE EPOCH] epoch=28/50 loss=0.041129 epoch_time=0.10s device=cuda
[AE EPOCH] epoch=29/50 loss=0.040310 epoch_time=0.10s device=cuda
[AE EPOCH] epoch=30/50 loss=0.039585 epoch_time=0.10s device=cuda
[AE EPOCH] epoch=31/50 loss=0.038911 epoch_time=0.10s device=cuda
[AE EPOCH] epoch=32/50 loss=0.038312 epoch_time=0.10s device=cuda
[AE EPOCH] epoch=33/50 loss=0.037765 epoch_time=0.10s device=cuda
[AE EPOCH] epoch=34/50 loss=0.037221 epoch_time=0.09s device=cuda
[AE EPOCH] epoch=35/50 loss=0.036714 epoch_time=0.09s device=cuda
[AE EPOCH] epoch=36/50 loss=0.036217 epoch_time=0.09s device=cuda
[AE EPOCH] epoch=37/50 loss=0.035746 epoch_time=0.12s device=cuda
[AE EPOCH] epoch=38/50 loss=0.035263 epoch_time=0.12s device=cuda
[AE EPOCH] epoch=39/50 loss=0.034830 epoch_time=0.12s device=cuda
[AE EPOCH] epoch=40/50 loss=0.034421 epoch_time=0.12s device=cuda
[AE EPOCH] epoch=41/50 loss=0.034031 epoch_time=0.12s device=cuda
[AE EPOCH] epoch=42/50 loss=0.033643 epoch_time=0.12s device=cuda
[AE EPOCH] epoch=43/50 loss=0.033300 epoch_time=0.12s device=cuda
[AE EPOCH] epoch=44/50 loss=0.032934 epoch_time=0.13s device=cuda
[AE EPOCH] epoch=45/50 loss=0.032577 epoch_time=0.15s device=cuda
[AE EPOCH] epoch=46/50 loss=0.032231 epoch_time=0.14s device=cuda
[AE EPOCH] epoch=47/50 loss=0.031901 epoch_time=0.15s device=cuda
[AE EPOCH] epoch=48/50 loss=0.031566 epoch_time=0.15s device=cuda
[AE EPOCH] epoch=49/50 loss=0.031227 epoch_time=0.15s device=cuda
[AE EPOCH] epoch=50/50 loss=0.030896 epoch_time=0.10s device=cuda
[AE TRAIN COMPLETE] total_time=5.62s
[AE TRAIN COMPLETE] 2026-05-02T07:28:07.122494 bottleneck=12 replicate=0 dur=23.7s seed=0
[EST START] 2026-05-02T07:28:07.250750 bottleneck=12 replicate=0 seed=0 estimator=Levina-Bickel k=3 sigma=0.0
[EST DONE] 2026-05-02T07:28:07.633428 bottleneck=12 replicate=0 seed=0 estimator=Levina-Bickel k=3 dur=0.383s
[EST START] 2026-05-02T07:28:07.633534 bottleneck=12 replicate=0 seed=0 estimator=Levina-Bickel k=5 sigma=0.0
[EST DONE] 2026-05-02T07:28:07.917725 bottleneck=12 replicate=0 seed=0 estimator=Levina-Bickel k=5 dur=0.284s
[EST START] 2026-05-02T07:28:07.917851 bottleneck=12 replicate=0 seed=0 estimator=Levina-Bickel k=7 sigma=0.0
[EST DONE] 2026-05-02T07:28:08.205079 bottleneck=12 replicate=0 seed=0 estimator=Levina-Bickel k=7 dur=0.287s
[EST START] 2026-05-02T07:28:08.205207 bottleneck=12 replicate=0 seed=0 estimator=Levina-Bickel k=10 sigma=0.0
[EST DONE] 2026-05-02T07:28:08.506216 bottleneck=12 replicate=0 seed=0 estimator=Levina-Bickel k=10 dur=0.301s
[EST START] 2026-05-02T07:28:08.506340 bottleneck=12 replicate=0 seed=0 estimator=Levina-Bickel k=15 sigma=0.0
[EST DONE] 2026-05-02T07:28:08.806497 bottleneck=12 replicate=0 seed=0 estimator=Levina-Bickel k=15 dur=0.300s
[EST START] 2026-05-02T07:28:08.806627 bottleneck=12 replicate=0 seed=0 estimator=TwoNN k=ALL sigma=0.0
[EST DONE] 2026-05-02T07:28:09.086632 bottleneck=12 replicate=0 seed=0 estimator=TwoNN k=ALL dur=0.280s
[EST START] 2026-05-02T07:28:09.086762 bottleneck=12 replicate=0 seed=0 estimator=lPCA k=3 sigma=0.0
[EST DONE] 2026-05-02T07:28:13.640331 bottleneck=12 replicate=0 seed=0 estimator=lPCA k=3 dur=4.554s
[EST START] 2026-05-02T07:28:13.640464 bottleneck=12 replicate=0 seed=0 estimator=lPCA k=5 sigma=0.0
[EST DONE] 2026-05-02T07:28:18.633894 bottleneck=12 replicate=0 seed=0 estimator=lPCA k=5 dur=4.993s
[EST START] 2026-05-02T07:28:18.633994 bottleneck=12 replicate=0 seed=0 estimator=lPCA k=7 sigma=0.0
[EST DONE] 2026-05-02T07:28:23.974334 bottleneck=12 replicate=0 seed=0 estimator=lPCA k=7 dur=5.340s
[EST START] 2026-05-02T07:28:23.974442 bottleneck=12 replicate=0 seed=0 estimator=lPCA k=10 sigma=0.0
[EST DONE] 2026-05-02T07:28:29.914115 bottleneck=12 replicate=0 seed=0 estimator=lPCA k=10 dur=5.940s
[EST START] 2026-05-02T07:28:29.914253 bottleneck=12 replicate=0 seed=0 estimator=lPCA k=15 sigma=0.0
[EST DONE] 2026-05-02T07:28:37.082862 bottleneck=12 replicate=0 seed=0 estimator=lPCA k=15 dur=7.169s
[EST START] 2026-05-02T07:28:37.082979 bottleneck=12 replicate=0 seed=0 estimator=DANCo k=3 sigma=0.0
[EST DONE] 2026-05-02T07:28:56.223506 bottleneck=12 replicate=0 seed=0 estimator=DANCo k=3 dur=19.141s
[EST START] 2026-05-02T07:28:56.223621 bottleneck=12 replicate=0 seed=0 estimator=DANCo k=5 sigma=0.0
[EST DONE] 2026-05-02T07:29:18.485480 bottleneck=12 replicate=0 seed=0 estimator=DANCo k=5 dur=22.262s
[EST START] 2026-05-02T07:29:18.485591 bottleneck=12 replicate=0 seed=0 estimator=DANCo k=7 sigma=0.0
[EST DONE] 2026-05-02T07:29:41.982233 bottleneck=12 replicate=0 seed=0 estimator=DANCo k=7 dur=23.497s
[EST START] 2026-05-02T07:29:41.982339 bottleneck=12 replicate=0 seed=0 estimator=DANCo k=10 sigma=0.0
[EST DONE] 2026-05-02T07:30:08.168584 bottleneck=12 replicate=0 seed=0 estimator=DANCo k=10 dur=26.186s
[EST START] 2026-05-02T07:30:08.168722 bottleneck=12 replicate=0 seed=0 estimator=DANCo k=15 sigma=0.0
[EST DONE] 2026-05-02T07:30:36.728919 bottleneck=12 replicate=0 seed=0 estimator=DANCo k=15 dur=28.560s
[EST START] 2026-05-02T07:30:36.729038 bottleneck=12 replicate=0 seed=0 estimator=MiND k=3 sigma=0.0
[EST DONE] 2026-05-02T07:30:45.493437 bottleneck=12 replicate=0 seed=0 estimator=MiND k=3 dur=8.764s
[EST START] 2026-05-02T07:30:45.493554 bottleneck=12 replicate=0 seed=0 estimator=MiND k=5 sigma=0.0
[EST DONE] 2026-05-02T07:30:54.492554 bottleneck=12 replicate=0 seed=0 estimator=MiND k=5 dur=8.999s
[EST START] 2026-05-02T07:30:54.492694 bottleneck=12 replicate=0 seed=0 estimator=MiND k=7 sigma=0.0
[EST DONE] 2026-05-02T07:31:03.700190 bottleneck=12 replicate=0 seed=0 estimator=MiND k=7 dur=9.207s
[EST START] 2026-05-02T07:31:03.700330 bottleneck=12 replicate=0 seed=0 estimator=MiND k=10 sigma=0.0
[EST DONE] 2026-05-02T07:31:14.429427 bottleneck=12 replicate=0 seed=0 estimator=MiND k=10 dur=10.729s
[EST START] 2026-05-02T07:31:14.429580 bottleneck=12 replicate=0 seed=0 estimator=MiND k=15 sigma=0.0
[EST DONE] 2026-05-02T07:31:25.683632 bottleneck=12 replicate=0 seed=0 estimator=MiND k=15 dur=11.254s
[EST START] 2026-05-02T07:31:25.683776 bottleneck=12 replicate=0 seed=0 estimator=FisherS k=ALL sigma=0.0
[EST DONE] 2026-05-02T07:31:34.315631 bottleneck=12 replicate=0 seed=0 estimator=FisherS k=ALL dur=8.632s
[EST START] 2026-05-02T07:31:34.412875 bottleneck=12 replicate=0 seed=0 estimator=Levina-Bickel k=3 sigma=0.25
[EST DONE] 2026-05-02T07:31:34.722658 bottleneck=12 replicate=0 seed=0 estimator=Levina-Bickel k=3 dur=0.310s
[EST START] 2026-05-02T07:31:34.722804 bottleneck=12 replicate=0 seed=0 estimator=Levina-Bickel k=5 sigma=0.25
[EST DONE] 2026-05-02T07:31:35.018391 bottleneck=12 replicate=0 seed=0 estimator=Levina-Bickel k=5 dur=0.296s
[EST START] 2026-05-02T07:31:35.018543 bottleneck=12 replicate=0 seed=0 estimator=Levina-Bickel k=7 sigma=0.25
[EST DONE] 2026-05-02T07:31:35.317812 bottleneck=12 replicate=0 seed=0 estimator=Levina-Bickel k=7 dur=0.299s
[EST START] 2026-05-02T07:31:35.317919 bottleneck=12 replicate=0 seed=0 estimator=Levina-Bickel k=10 sigma=0.25
[EST DONE] 2026-05-02T07:31:35.620197 bottleneck=12 replicate=0 seed=0 estimator=Levina-Bickel k=10 dur=0.302s
[EST START] 2026-05-02T07:31:35.620330 bottleneck=12 replicate=0 seed=0 estimator=Levina-Bickel k=15 sigma=0.25
[EST DONE] 2026-05-02T07:31:35.921433 bottleneck=12 replicate=0 seed=0 estimator=Levina-Bickel k=15 dur=0.301s
[EST START] 2026-05-02T07:31:35.921579 bottleneck=12 replicate=0 seed=0 estimator=TwoNN k=ALL sigma=0.25
[EST DONE] 2026-05-02T07:31:36.201394 bottleneck=12 replicate=0 seed=0 estimator=TwoNN k=ALL dur=0.280s
[EST START] 2026-05-02T07:31:36.201518 bottleneck=12 replicate=0 seed=0 estimator=lPCA k=3 sigma=0.25
[EST DONE] 2026-05-02T07:31:40.833263 bottleneck=12 replicate=0 seed=0 estimator=lPCA k=3 dur=4.632s
[EST START] 2026-05-02T07:31:40.833393 bottleneck=12 replicate=0 seed=0 estimator=lPCA k=5 sigma=0.25
[EST DONE] 2026-05-02T07:31:45.901062 bottleneck=12 replicate=0 seed=0 estimator=lPCA k=5 dur=5.068s
[EST START] 2026-05-02T07:31:45.901167 bottleneck=12 replicate=0 seed=0 estimator=lPCA k=7 sigma=0.25
[EST DONE] 2026-05-02T07:31:51.336998 bottleneck=12 replicate=0 seed=0 estimator=lPCA k=7 dur=5.436s
[EST START] 2026-05-02T07:31:51.337102 bottleneck=12 replicate=0 seed=0 estimator=lPCA k=10 sigma=0.25
[EST DONE] 2026-05-02T07:31:57.306479 bottleneck=12 replicate=0 seed=0 estimator=lPCA k=10 dur=5.969s
[EST START] 2026-05-02T07:31:57.306584 bottleneck=12 replicate=0 seed=0 estimator=lPCA k=15 sigma=0.25
[EST DONE] 2026-05-02T07:32:04.524898 bottleneck=12 replicate=0 seed=0 estimator=lPCA k=15 dur=7.218s
[EST START] 2026-05-02T07:32:04.525012 bottleneck=12 replicate=0 seed=0 estimator=DANCo k=3 sigma=0.25
[EST DONE] 2026-05-02T07:32:23.675434 bottleneck=12 replicate=0 seed=0 estimator=DANCo k=3 dur=19.150s
[EST START] 2026-05-02T07:32:23.675533 bottleneck=12 replicate=0 seed=0 estimator=DANCo k=5 sigma=0.25
[EST DONE] 2026-05-02T07:32:48.820172 bottleneck=12 replicate=0 seed=0 estimator=DANCo k=5 dur=25.145s
[EST START] 2026-05-02T07:32:48.820298 bottleneck=12 replicate=0 seed=0 estimator=DANCo k=7 sigma=0.25
[EST DONE] 2026-05-02T07:33:12.465236 bottleneck=12 replicate=0 seed=0 estimator=DANCo k=7 dur=23.645s
[EST START] 2026-05-02T07:33:12.465348 bottleneck=12 replicate=0 seed=0 estimator=DANCo k=10 sigma=0.25
[EST DONE] 2026-05-02T07:33:36.803953 bottleneck=12 replicate=0 seed=0 estimator=DANCo k=10 dur=24.339s
[EST START] 2026-05-02T07:33:36.804057 bottleneck=12 replicate=0 seed=0 estimator=DANCo k=15 sigma=0.25
[EST DONE] 2026-05-02T07:34:07.301093 bottleneck=12 replicate=0 seed=0 estimator=DANCo k=15 dur=30.497s
[EST START] 2026-05-02T07:34:07.301232 bottleneck=12 replicate=0 seed=0 estimator=MiND k=3 sigma=0.25
[EST DONE] 2026-05-02T07:34:14.255576 bottleneck=12 replicate=0 seed=0 estimator=MiND k=3 dur=6.954s
[EST START] 2026-05-02T07:34:14.255698 bottleneck=12 replicate=0 seed=0 estimator=MiND k=5 sigma=0.25
[EST DONE] 2026-05-02T07:34:21.318321 bottleneck=12 replicate=0 seed=0 estimator=MiND k=5 dur=7.063s
[EST START] 2026-05-02T07:34:21.318441 bottleneck=12 replicate=0 seed=0 estimator=MiND k=7 sigma=0.25
[EST DONE] 2026-05-02T07:34:28.750417 bottleneck=12 replicate=0 seed=0 estimator=MiND k=7 dur=7.432s
[EST START] 2026-05-02T07:34:28.750534 bottleneck=12 replicate=0 seed=0 estimator=MiND k=10 sigma=0.25
[EST DONE] 2026-05-02T07:34:37.056271 bottleneck=12 replicate=0 seed=0 estimator=MiND k=10 dur=8.306s
[EST START] 2026-05-02T07:34:37.056395 bottleneck=12 replicate=0 seed=0 estimator=MiND k=15 sigma=0.25
[EST DONE] 2026-05-02T07:34:45.500929 bottleneck=12 replicate=0 seed=0 estimator=MiND k=15 dur=8.445s
[EST START] 2026-05-02T07:34:45.501059 bottleneck=12 replicate=0 seed=0 estimator=FisherS k=ALL sigma=0.25
[EST DONE] 2026-05-02T07:34:54.477945 bottleneck=12 replicate=0 seed=0 estimator=FisherS k=ALL dur=8.977s
[EST START] 2026-05-02T07:34:54.574005 bottleneck=12 replicate=0 seed=0 estimator=Levina-Bickel k=3 sigma=0.5
[EST DONE] 2026-05-02T07:34:54.859270 bottleneck=12 replicate=0 seed=0 estimator=Levina-Bickel k=3 dur=0.285s
[EST START] 2026-05-02T07:34:54.859389 bottleneck=12 replicate=0 seed=0 estimator=Levina-Bickel k=5 sigma=0.5
[EST DONE] 2026-05-02T07:34:55.156470 bottleneck=12 replicate=0 seed=0 estimator=Levina-Bickel k=5 dur=0.297s
[EST START] 2026-05-02T07:34:55.156608 bottleneck=12 replicate=0 seed=0 estimator=Levina-Bickel k=7 sigma=0.5
[EST DONE] 2026-05-02T07:34:55.454827 bottleneck=12 replicate=0 seed=0 estimator=Levina-Bickel k=7 dur=0.298s
[EST START] 2026-05-02T07:34:55.454984 bottleneck=12 replicate=0 seed=0 estimator=Levina-Bickel k=10 sigma=0.5
[EST DONE] 2026-05-02T07:34:55.756596 bottleneck=12 replicate=0 seed=0 estimator=Levina-Bickel k=10 dur=0.302s
[EST START] 2026-05-02T07:34:55.756737 bottleneck=12 replicate=0 seed=0 estimator=Levina-Bickel k=15 sigma=0.5
[EST DONE] 2026-05-02T07:34:56.064863 bottleneck=12 replicate=0 seed=0 estimator=Levina-Bickel k=15 dur=0.308s
[EST START] 2026-05-02T07:34:56.064978 bottleneck=12 replicate=0 seed=0 estimator=TwoNN k=ALL sigma=0.5
[EST DONE] 2026-05-02T07:34:56.347536 bottleneck=12 replicate=0 seed=0 estimator=TwoNN k=ALL dur=0.283s
[EST START] 2026-05-02T07:34:56.347635 bottleneck=12 replicate=0 seed=0 estimator=lPCA k=3 sigma=0.5
[EST DONE] 2026-05-02T07:35:00.986853 bottleneck=12 replicate=0 seed=0 estimator=lPCA k=3 dur=4.639s
[EST START] 2026-05-02T07:35:00.987024 bottleneck=12 replicate=0 seed=0 estimator=lPCA k=5 sigma=0.5
[EST DONE] 2026-05-02T07:35:06.079022 bottleneck=12 replicate=0 seed=0 estimator=lPCA k=5 dur=5.092s
[EST START] 2026-05-02T07:35:06.079126 bottleneck=12 replicate=0 seed=0 estimator=lPCA k=7 sigma=0.5
[EST DONE] 2026-05-02T07:35:11.530402 bottleneck=12 replicate=0 seed=0 estimator=lPCA k=7 dur=5.451s
[EST START] 2026-05-02T07:35:11.530501 bottleneck=12 replicate=0 seed=0 estimator=lPCA k=10 sigma=0.5
[EST DONE] 2026-05-02T07:35:17.500027 bottleneck=12 replicate=0 seed=0 estimator=lPCA k=10 dur=5.969s
[EST START] 2026-05-02T07:35:17.500183 bottleneck=12 replicate=0 seed=0 estimator=lPCA k=15 sigma=0.5
[EST DONE] 2026-05-02T07:35:24.702937 bottleneck=12 replicate=0 seed=0 estimator=lPCA k=15 dur=7.203s
[EST START] 2026-05-02T07:35:24.703067 bottleneck=12 replicate=0 seed=0 estimator=DANCo k=3 sigma=0.5
[EST DONE] 2026-05-02T07:35:43.655861 bottleneck=12 replicate=0 seed=0 estimator=DANCo k=3 dur=18.953s
[EST START] 2026-05-02T07:35:43.655970 bottleneck=12 replicate=0 seed=0 estimator=DANCo k=5 sigma=0.5
[EST DONE] 2026-05-02T07:36:07.588556 bottleneck=12 replicate=0 seed=0 estimator=DANCo k=5 dur=23.933s
[EST START] 2026-05-02T07:36:07.588658 bottleneck=12 replicate=0 seed=0 estimator=DANCo k=7 sigma=0.5
[EST DONE] 2026-05-02T07:36:31.006070 bottleneck=12 replicate=0 seed=0 estimator=DANCo k=7 dur=23.417s
[EST START] 2026-05-02T07:36:31.006165 bottleneck=12 replicate=0 seed=0 estimator=DANCo k=10 sigma=0.5
[EST DONE] 2026-05-02T07:36:56.469875 bottleneck=12 replicate=0 seed=0 estimator=DANCo k=10 dur=25.464s
[EST START] 2026-05-02T07:36:56.470022 bottleneck=12 replicate=0 seed=0 estimator=DANCo k=15 sigma=0.5
[EST DONE] 2026-05-02T07:37:26.649676 bottleneck=12 replicate=0 seed=0 estimator=DANCo k=15 dur=30.180s
[EST START] 2026-05-02T07:37:26.649796 bottleneck=12 replicate=0 seed=0 estimator=MiND k=3 sigma=0.5
[EST DONE] 2026-05-02T07:37:34.614485 bottleneck=12 replicate=0 seed=0 estimator=MiND k=3 dur=7.965s
[EST START] 2026-05-02T07:37:34.614658 bottleneck=12 replicate=0 seed=0 estimator=MiND k=5 sigma=0.5
[EST DONE] 2026-05-02T07:37:42.582950 bottleneck=12 replicate=0 seed=0 estimator=MiND k=5 dur=7.968s
[EST START] 2026-05-02T07:37:42.583055 bottleneck=12 replicate=0 seed=0 estimator=MiND k=7 sigma=0.5
[EST DONE] 2026-05-02T07:37:50.581901 bottleneck=12 replicate=0 seed=0 estimator=MiND k=7 dur=7.999s
[EST START] 2026-05-02T07:37:50.582038 bottleneck=12 replicate=0 seed=0 estimator=MiND k=10 sigma=0.5
[EST DONE] 2026-05-02T07:37:58.766477 bottleneck=12 replicate=0 seed=0 estimator=MiND k=10 dur=8.184s
[EST START] 2026-05-02T07:37:58.766599 bottleneck=12 replicate=0 seed=0 estimator=MiND k=15 sigma=0.5
[EST DONE] 2026-05-02T07:38:07.163488 bottleneck=12 replicate=0 seed=0 estimator=MiND k=15 dur=8.397s
[EST START] 2026-05-02T07:38:07.163642 bottleneck=12 replicate=0 seed=0 estimator=FisherS k=ALL sigma=0.5
[EST DONE] 2026-05-02T07:38:23.682060 bottleneck=12 replicate=0 seed=0 estimator=FisherS k=ALL dur=16.518s
[EST START] 2026-05-02T07:38:23.777994 bottleneck=12 replicate=0 seed=0 estimator=Levina-Bickel k=3 sigma=0.75
[EST DONE] 2026-05-02T07:38:24.073714 bottleneck=12 replicate=0 seed=0 estimator=Levina-Bickel k=3 dur=0.296s
[EST START] 2026-05-02T07:38:24.073884 bottleneck=12 replicate=0 seed=0 estimator=Levina-Bickel k=5 sigma=0.75
[EST DONE] 2026-05-02T07:38:24.368700 bottleneck=12 replicate=0 seed=0 estimator=Levina-Bickel k=5 dur=0.295s
[EST START] 2026-05-02T07:38:24.368808 bottleneck=12 replicate=0 seed=0 estimator=Levina-Bickel k=7 sigma=0.75
[EST DONE] 2026-05-02T07:38:24.656797 bottleneck=12 replicate=0 seed=0 estimator=Levina-Bickel k=7 dur=0.288s
[EST START] 2026-05-02T07:38:24.656941 bottleneck=12 replicate=0 seed=0 estimator=Levina-Bickel k=10 sigma=0.75
[EST DONE] 2026-05-02T07:38:24.949368 bottleneck=12 replicate=0 seed=0 estimator=Levina-Bickel k=10 dur=0.292s
[EST START] 2026-05-02T07:38:24.949460 bottleneck=12 replicate=0 seed=0 estimator=Levina-Bickel k=15 sigma=0.75
[EST DONE] 2026-05-02T07:38:25.247743 bottleneck=12 replicate=0 seed=0 estimator=Levina-Bickel k=15 dur=0.298s
[EST START] 2026-05-02T07:38:25.247853 bottleneck=12 replicate=0 seed=0 estimator=TwoNN k=ALL sigma=0.75
[EST DONE] 2026-05-02T07:38:25.528104 bottleneck=12 replicate=0 seed=0 estimator=TwoNN k=ALL dur=0.280s
[EST START] 2026-05-02T07:38:25.528257 bottleneck=12 replicate=0 seed=0 estimator=lPCA k=3 sigma=0.75
[EST DONE] 2026-05-02T07:38:30.266976 bottleneck=12 replicate=0 seed=0 estimator=lPCA k=3 dur=4.739s
[EST START] 2026-05-02T07:38:30.267095 bottleneck=12 replicate=0 seed=0 estimator=lPCA k=5 sigma=0.75
[EST DONE] 2026-05-02T07:38:35.373090 bottleneck=12 replicate=0 seed=0 estimator=lPCA k=5 dur=5.106s
[EST START] 2026-05-02T07:38:35.373200 bottleneck=12 replicate=0 seed=0 estimator=lPCA k=7 sigma=0.75
[EST DONE] 2026-05-02T07:38:40.839824 bottleneck=12 replicate=0 seed=0 estimator=lPCA k=7 dur=5.467s
[EST START] 2026-05-02T07:38:40.839968 bottleneck=12 replicate=0 seed=0 estimator=lPCA k=10 sigma=0.75
[EST DONE] 2026-05-02T07:38:46.822433 bottleneck=12 replicate=0 seed=0 estimator=lPCA k=10 dur=5.982s
[EST START] 2026-05-02T07:38:46.822542 bottleneck=12 replicate=0 seed=0 estimator=lPCA k=15 sigma=0.75
[EST DONE] 2026-05-02T07:38:54.042724 bottleneck=12 replicate=0 seed=0 estimator=lPCA k=15 dur=7.220s
[EST START] 2026-05-02T07:38:54.042859 bottleneck=12 replicate=0 seed=0 estimator=DANCo k=3 sigma=0.75
[EST DONE] 2026-05-02T07:39:14.913401 bottleneck=12 replicate=0 seed=0 estimator=DANCo k=3 dur=20.871s
[EST START] 2026-05-02T07:39:14.913497 bottleneck=12 replicate=0 seed=0 estimator=DANCo k=5 sigma=0.75
[EST DONE] 2026-05-02T07:39:37.249537 bottleneck=12 replicate=0 seed=0 estimator=DANCo k=5 dur=22.336s
[EST START] 2026-05-02T07:39:37.249625 bottleneck=12 replicate=0 seed=0 estimator=DANCo k=7 sigma=0.75
[EST DONE] 2026-05-02T07:40:01.813474 bottleneck=12 replicate=0 seed=0 estimator=DANCo k=7 dur=24.564s
[EST START] 2026-05-02T07:40:01.813578 bottleneck=12 replicate=0 seed=0 estimator=DANCo k=10 sigma=0.75
[EST DONE] 2026-05-02T07:40:28.406563 bottleneck=12 replicate=0 seed=0 estimator=DANCo k=10 dur=26.593s
[EST START] 2026-05-02T07:40:28.406682 bottleneck=12 replicate=0 seed=0 estimator=DANCo k=15 sigma=0.75
[EST DONE] 2026-05-02T07:40:59.056752 bottleneck=12 replicate=0 seed=0 estimator=DANCo k=15 dur=30.650s
[EST START] 2026-05-02T07:40:59.056881 bottleneck=12 replicate=0 seed=0 estimator=MiND k=3 sigma=0.75
[EST DONE] 2026-05-02T07:41:07.096068 bottleneck=12 replicate=0 seed=0 estimator=MiND k=3 dur=8.039s
[EST START] 2026-05-02T07:41:07.096224 bottleneck=12 replicate=0 seed=0 estimator=MiND k=5 sigma=0.75
[EST DONE] 2026-05-02T07:41:14.592010 bottleneck=12 replicate=0 seed=0 estimator=MiND k=5 dur=7.496s
[EST START] 2026-05-02T07:41:14.592158 bottleneck=12 replicate=0 seed=0 estimator=MiND k=7 sigma=0.75
[EST DONE] 2026-05-02T07:41:22.218177 bottleneck=12 replicate=0 seed=0 estimator=MiND k=7 dur=7.626s
[EST START] 2026-05-02T07:41:22.218323 bottleneck=12 replicate=0 seed=0 estimator=MiND k=10 sigma=0.75
[EST DONE] 2026-05-02T07:41:30.371308 bottleneck=12 replicate=0 seed=0 estimator=MiND k=10 dur=8.153s
[EST START] 2026-05-02T07:41:30.371424 bottleneck=12 replicate=0 seed=0 estimator=MiND k=15 sigma=0.75
[EST DONE] 2026-05-02T07:41:38.061727 bottleneck=12 replicate=0 seed=0 estimator=MiND k=15 dur=7.690s
[EST START] 2026-05-02T07:41:38.061851 bottleneck=12 replicate=0 seed=0 estimator=FisherS k=ALL sigma=0.75
[EST DONE] 2026-05-02T07:41:45.245592 bottleneck=12 replicate=0 seed=0 estimator=FisherS k=ALL dur=7.184s
[EST START] 2026-05-02T07:41:45.344812 bottleneck=12 replicate=0 seed=0 estimator=Levina-Bickel k=3 sigma=1.0
[EST DONE] 2026-05-02T07:41:45.630813 bottleneck=12 replicate=0 seed=0 estimator=Levina-Bickel k=3 dur=0.286s
[EST START] 2026-05-02T07:41:45.630936 bottleneck=12 replicate=0 seed=0 estimator=Levina-Bickel k=5 sigma=1.0
[EST DONE] 2026-05-02T07:41:45.919595 bottleneck=12 replicate=0 seed=0 estimator=Levina-Bickel k=5 dur=0.289s
[EST START] 2026-05-02T07:41:45.919721 bottleneck=12 replicate=0 seed=0 estimator=Levina-Bickel k=7 sigma=1.0
[EST DONE] 2026-05-02T07:41:46.210675 bottleneck=12 replicate=0 seed=0 estimator=Levina-Bickel k=7 dur=0.291s
[EST START] 2026-05-02T07:41:46.210790 bottleneck=12 replicate=0 seed=0 estimator=Levina-Bickel k=10 sigma=1.0
[EST DONE] 2026-05-02T07:41:46.506520 bottleneck=12 replicate=0 seed=0 estimator=Levina-Bickel k=10 dur=0.296s
[EST START] 2026-05-02T07:41:46.506655 bottleneck=12 replicate=0 seed=0 estimator=Levina-Bickel k=15 sigma=1.0
[EST DONE] 2026-05-02T07:41:46.789624 bottleneck=12 replicate=0 seed=0 estimator=Levina-Bickel k=15 dur=0.283s
[EST START] 2026-05-02T07:41:46.789744 bottleneck=12 replicate=0 seed=0 estimator=TwoNN k=ALL sigma=1.0
[EST DONE] 2026-05-02T07:41:47.062529 bottleneck=12 replicate=0 seed=0 estimator=TwoNN k=ALL dur=0.273s
[EST START] 2026-05-02T07:41:47.062686 bottleneck=12 replicate=0 seed=0 estimator=lPCA k=3 sigma=1.0
[EST DONE] 2026-05-02T07:41:51.536876 bottleneck=12 replicate=0 seed=0 estimator=lPCA k=3 dur=4.474s
[EST START] 2026-05-02T07:41:51.537006 bottleneck=12 replicate=0 seed=0 estimator=lPCA k=5 sigma=1.0
[EST DONE] 2026-05-02T07:41:56.509096 bottleneck=12 replicate=0 seed=0 estimator=lPCA k=5 dur=4.972s
[EST START] 2026-05-02T07:41:56.509208 bottleneck=12 replicate=0 seed=0 estimator=lPCA k=7 sigma=1.0
[EST DONE] 2026-05-02T07:42:01.863995 bottleneck=12 replicate=0 seed=0 estimator=lPCA k=7 dur=5.355s
[EST START] 2026-05-02T07:42:01.864109 bottleneck=12 replicate=0 seed=0 estimator=lPCA k=10 sigma=1.0
[EST DONE] 2026-05-02T07:42:07.761672 bottleneck=12 replicate=0 seed=0 estimator=lPCA k=10 dur=5.898s
[EST START] 2026-05-02T07:42:07.761786 bottleneck=12 replicate=0 seed=0 estimator=lPCA k=15 sigma=1.0
[EST DONE] 2026-05-02T07:42:15.017298 bottleneck=12 replicate=0 seed=0 estimator=lPCA k=15 dur=7.255s
[EST START] 2026-05-02T07:42:15.017451 bottleneck=12 replicate=0 seed=0 estimator=DANCo k=3 sigma=1.0
[EST DONE] 2026-05-02T07:42:35.672242 bottleneck=12 replicate=0 seed=0 estimator=DANCo k=3 dur=20.655s
[EST START] 2026-05-02T07:42:35.672332 bottleneck=12 replicate=0 seed=0 estimator=DANCo k=5 sigma=1.0
[EST DONE] 2026-05-02T07:42:59.894589 bottleneck=12 replicate=0 seed=0 estimator=DANCo k=5 dur=24.222s
[EST START] 2026-05-02T07:42:59.894698 bottleneck=12 replicate=0 seed=0 estimator=DANCo k=7 sigma=1.0
[EST DONE] 2026-05-02T07:43:23.178404 bottleneck=12 replicate=0 seed=0 estimator=DANCo k=7 dur=23.284s
[EST START] 2026-05-02T07:43:23.178503 bottleneck=12 replicate=0 seed=0 estimator=DANCo k=10 sigma=1.0
[EST DONE] 2026-05-02T07:43:48.354217 bottleneck=12 replicate=0 seed=0 estimator=DANCo k=10 dur=25.176s
[EST START] 2026-05-02T07:43:48.354354 bottleneck=12 replicate=0 seed=0 estimator=DANCo k=15 sigma=1.0
[EST DONE] 2026-05-02T07:44:16.942208 bottleneck=12 replicate=0 seed=0 estimator=DANCo k=15 dur=28.588s
[EST START] 2026-05-02T07:44:16.942328 bottleneck=12 replicate=0 seed=0 estimator=MiND k=3 sigma=1.0
[EST DONE] 2026-05-02T07:44:23.747269 bottleneck=12 replicate=0 seed=0 estimator=MiND k=3 dur=6.805s
[EST START] 2026-05-02T07:44:23.747361 bottleneck=12 replicate=0 seed=0 estimator=MiND k=5 sigma=1.0
[EST DONE] 2026-05-02T07:44:30.688336 bottleneck=12 replicate=0 seed=0 estimator=MiND k=5 dur=6.941s
[EST START] 2026-05-02T07:44:30.688465 bottleneck=12 replicate=0 seed=0 estimator=MiND k=7 sigma=1.0
[EST DONE] 2026-05-02T07:44:37.745553 bottleneck=12 replicate=0 seed=0 estimator=MiND k=7 dur=7.057s
[EST START] 2026-05-02T07:44:37.745671 bottleneck=12 replicate=0 seed=0 estimator=MiND k=10 sigma=1.0
[EST DONE] 2026-05-02T07:44:45.139471 bottleneck=12 replicate=0 seed=0 estimator=MiND k=10 dur=7.394s
[EST START] 2026-05-02T07:44:45.139567 bottleneck=12 replicate=0 seed=0 estimator=MiND k=15 sigma=1.0
[EST DONE] 2026-05-02T07:44:52.687586 bottleneck=12 replicate=0 seed=0 estimator=MiND k=15 dur=7.548s
[EST START] 2026-05-02T07:44:52.687713 bottleneck=12 replicate=0 seed=0 estimator=FisherS k=ALL sigma=1.0
[EST DONE] 2026-05-02T07:45:19.788280 bottleneck=12 replicate=0 seed=0 estimator=FisherS k=ALL dur=27.101s
[MNIST TASK START] 2026-05-02T07:45:19.788635 bottleneck=15 replicate=0 seed=0
[AE START] seed=0 bottleneck=15 epochs=50 subset=5000
[AE EPOCH] epoch=1/50 loss=0.225695 epoch_time=0.31s device=cuda
[AE EPOCH] epoch=2/50 loss=0.186941 epoch_time=0.12s device=cuda
[AE EPOCH] epoch=3/50 loss=0.110888 epoch_time=0.10s device=cuda
[AE EPOCH] epoch=4/50 loss=0.078380 epoch_time=0.08s device=cuda
[AE EPOCH] epoch=5/50 loss=0.072835 epoch_time=0.08s device=cuda
[AE EPOCH] epoch=6/50 loss=0.071035 epoch_time=0.13s device=cuda
[AE EPOCH] epoch=7/50 loss=0.069764 epoch_time=0.16s device=cuda
[AE EPOCH] epoch=8/50 loss=0.068410 epoch_time=0.17s device=cuda
[AE EPOCH] epoch=9/50 loss=0.066739 epoch_time=0.18s device=cuda
[AE EPOCH] epoch=10/50 loss=0.064829 epoch_time=0.19s device=cuda
[AE EPOCH] epoch=11/50 loss=0.063045 epoch_time=0.19s device=cuda
[AE EPOCH] epoch=12/50 loss=0.061539 epoch_time=0.18s device=cuda
[AE EPOCH] epoch=13/50 loss=0.060112 epoch_time=0.15s device=cuda
[AE EPOCH] epoch=14/50 loss=0.058611 epoch_time=0.13s device=cuda
[AE EPOCH] epoch=15/50 loss=0.056979 epoch_time=0.14s device=cuda
[AE EPOCH] epoch=16/50 loss=0.055275 epoch_time=0.18s device=cuda
[AE EPOCH] epoch=17/50 loss=0.053617 epoch_time=0.20s device=cuda
[AE EPOCH] epoch=18/50 loss=0.052089 epoch_time=0.20s device=cuda
[AE EPOCH] epoch=19/50 loss=0.050697 epoch_time=0.17s device=cuda
[AE EPOCH] epoch=20/50 loss=0.049379 epoch_time=0.17s device=cuda
[AE EPOCH] epoch=21/50 loss=0.048119 epoch_time=0.15s device=cuda
[AE EPOCH] epoch=22/50 loss=0.046880 epoch_time=0.12s device=cuda
[AE EPOCH] epoch=23/50 loss=0.045684 epoch_time=0.12s device=cuda
[AE EPOCH] epoch=24/50 loss=0.044600 epoch_time=0.12s device=cuda
[AE EPOCH] epoch=25/50 loss=0.043616 epoch_time=0.12s device=cuda
[AE EPOCH] epoch=26/50 loss=0.042739 epoch_time=0.12s device=cuda
[AE EPOCH] epoch=27/50 loss=0.041939 epoch_time=0.15s device=cuda
[AE EPOCH] epoch=28/50 loss=0.041175 epoch_time=0.16s device=cuda
[AE EPOCH] epoch=29/50 loss=0.040487 epoch_time=0.14s device=cuda
[AE EPOCH] epoch=30/50 loss=0.039848 epoch_time=0.12s device=cuda
[AE EPOCH] epoch=31/50 loss=0.039234 epoch_time=0.11s device=cuda
[AE EPOCH] epoch=32/50 loss=0.038620 epoch_time=0.11s device=cuda
[AE EPOCH] epoch=33/50 loss=0.038039 epoch_time=0.11s device=cuda
[AE EPOCH] epoch=34/50 loss=0.037449 epoch_time=0.11s device=cuda
[AE EPOCH] epoch=35/50 loss=0.036870 epoch_time=0.11s device=cuda
[AE EPOCH] epoch=36/50 loss=0.036307 epoch_time=0.12s device=cuda
[AE EPOCH] epoch=37/50 loss=0.035775 epoch_time=0.13s device=cuda
[AE EPOCH] epoch=38/50 loss=0.035266 epoch_time=0.10s device=cuda
[AE EPOCH] epoch=39/50 loss=0.034784 epoch_time=0.09s device=cuda
[AE EPOCH] epoch=40/50 loss=0.034334 epoch_time=0.09s device=cuda
[AE EPOCH] epoch=41/50 loss=0.033942 epoch_time=0.09s device=cuda
[AE EPOCH] epoch=42/50 loss=0.033569 epoch_time=0.12s device=cuda
[AE EPOCH] epoch=43/50 loss=0.033206 epoch_time=0.16s device=cuda
[AE EPOCH] epoch=44/50 loss=0.032866 epoch_time=0.17s device=cuda
[AE EPOCH] epoch=45/50 loss=0.032561 epoch_time=0.19s device=cuda
[AE EPOCH] epoch=46/50 loss=0.032243 epoch_time=0.16s device=cuda
[AE EPOCH] epoch=47/50 loss=0.031958 epoch_time=0.13s device=cuda
[AE EPOCH] epoch=48/50 loss=0.031670 epoch_time=0.12s device=cuda
[AE EPOCH] epoch=49/50 loss=0.031376 epoch_time=0.11s device=cuda
[AE EPOCH] epoch=50/50 loss=0.031092 epoch_time=0.09s device=cuda
[AE TRAIN COMPLETE] total_time=7.01s
[AE TRAIN COMPLETE] 2026-05-02T07:45:36.249232 bottleneck=15 replicate=0 dur=16.5s seed=0
[EST START] 2026-05-02T07:45:36.366716 bottleneck=15 replicate=0 seed=0 estimator=Levina-Bickel k=3 sigma=0.0
[EST DONE] 2026-05-02T07:45:36.741955 bottleneck=15 replicate=0 seed=0 estimator=Levina-Bickel k=3 dur=0.375s
[EST START] 2026-05-02T07:45:36.742057 bottleneck=15 replicate=0 seed=0 estimator=Levina-Bickel k=5 sigma=0.0
[EST DONE] 2026-05-02T07:45:37.031666 bottleneck=15 replicate=0 seed=0 estimator=Levina-Bickel k=5 dur=0.290s
[EST START] 2026-05-02T07:45:37.031801 bottleneck=15 replicate=0 seed=0 estimator=Levina-Bickel k=7 sigma=0.0
[EST DONE] 2026-05-02T07:45:37.324854 bottleneck=15 replicate=0 seed=0 estimator=Levina-Bickel k=7 dur=0.293s
[EST START] 2026-05-02T07:45:37.324983 bottleneck=15 replicate=0 seed=0 estimator=Levina-Bickel k=10 sigma=0.0
[EST DONE] 2026-05-02T07:45:37.621231 bottleneck=15 replicate=0 seed=0 estimator=Levina-Bickel k=10 dur=0.296s
[EST START] 2026-05-02T07:45:37.621382 bottleneck=15 replicate=0 seed=0 estimator=Levina-Bickel k=15 sigma=0.0
[EST DONE] 2026-05-02T07:45:37.996247 bottleneck=15 replicate=0 seed=0 estimator=Levina-Bickel k=15 dur=0.375s
[EST START] 2026-05-02T07:45:37.996351 bottleneck=15 replicate=0 seed=0 estimator=TwoNN k=ALL sigma=0.0
[EST DONE] 2026-05-02T07:45:38.275645 bottleneck=15 replicate=0 seed=0 estimator=TwoNN k=ALL dur=0.279s
[EST START] 2026-05-02T07:45:38.275779 bottleneck=15 replicate=0 seed=0 estimator=lPCA k=3 sigma=0.0
[EST DONE] 2026-05-02T07:45:42.432934 bottleneck=15 replicate=0 seed=0 estimator=lPCA k=3 dur=4.157s
[EST START] 2026-05-02T07:45:42.433074 bottleneck=15 replicate=0 seed=0 estimator=lPCA k=5 sigma=0.0
[EST DONE] 2026-05-02T07:45:47.138653 bottleneck=15 replicate=0 seed=0 estimator=lPCA k=5 dur=4.706s
[EST START] 2026-05-02T07:45:47.138756 bottleneck=15 replicate=0 seed=0 estimator=lPCA k=7 sigma=0.0
[EST DONE] 2026-05-02T07:45:52.213174 bottleneck=15 replicate=0 seed=0 estimator=lPCA k=7 dur=5.074s
[EST START] 2026-05-02T07:45:52.213297 bottleneck=15 replicate=0 seed=0 estimator=lPCA k=10 sigma=0.0
[EST DONE] 2026-05-02T07:45:57.815985 bottleneck=15 replicate=0 seed=0 estimator=lPCA k=10 dur=5.603s
[EST START] 2026-05-02T07:45:57.816131 bottleneck=15 replicate=0 seed=0 estimator=lPCA k=15 sigma=0.0
[EST DONE] 2026-05-02T07:46:04.669859 bottleneck=15 replicate=0 seed=0 estimator=lPCA k=15 dur=6.854s
[EST START] 2026-05-02T07:46:04.669949 bottleneck=15 replicate=0 seed=0 estimator=DANCo k=3 sigma=0.0
[EST DONE] 2026-05-02T07:46:24.451319 bottleneck=15 replicate=0 seed=0 estimator=DANCo k=3 dur=19.781s
[EST START] 2026-05-02T07:46:24.451431 bottleneck=15 replicate=0 seed=0 estimator=DANCo k=5 sigma=0.0
[EST DONE] 2026-05-02T07:46:45.768017 bottleneck=15 replicate=0 seed=0 estimator=DANCo k=5 dur=21.317s
[EST START] 2026-05-02T07:46:45.768157 bottleneck=15 replicate=0 seed=0 estimator=DANCo k=7 sigma=0.0
[EST DONE] 2026-05-02T07:47:10.561532 bottleneck=15 replicate=0 seed=0 estimator=DANCo k=7 dur=24.793s
[EST START] 2026-05-02T07:47:10.561635 bottleneck=15 replicate=0 seed=0 estimator=DANCo k=10 sigma=0.0
[EST DONE] 2026-05-02T07:47:36.978465 bottleneck=15 replicate=0 seed=0 estimator=DANCo k=10 dur=26.417s
[EST START] 2026-05-02T07:47:36.978565 bottleneck=15 replicate=0 seed=0 estimator=DANCo k=15 sigma=0.0
[EST DONE] 2026-05-02T07:48:06.310305 bottleneck=15 replicate=0 seed=0 estimator=DANCo k=15 dur=29.332s
[EST START] 2026-05-02T07:48:06.310422 bottleneck=15 replicate=0 seed=0 estimator=MiND k=3 sigma=0.0
[EST DONE] 2026-05-02T07:48:15.743208 bottleneck=15 replicate=0 seed=0 estimator=MiND k=3 dur=9.433s
[EST START] 2026-05-02T07:48:15.743349 bottleneck=15 replicate=0 seed=0 estimator=MiND k=5 sigma=0.0
[EST DONE] 2026-05-02T07:48:25.835606 bottleneck=15 replicate=0 seed=0 estimator=MiND k=5 dur=10.092s
[EST START] 2026-05-02T07:48:25.835745 bottleneck=15 replicate=0 seed=0 estimator=MiND k=7 sigma=0.0
[EST DONE] 2026-05-02T07:48:35.428571 bottleneck=15 replicate=0 seed=0 estimator=MiND k=7 dur=9.593s
[EST START] 2026-05-02T07:48:35.428701 bottleneck=15 replicate=0 seed=0 estimator=MiND k=10 sigma=0.0
[EST DONE] 2026-05-02T07:48:44.861499 bottleneck=15 replicate=0 seed=0 estimator=MiND k=10 dur=9.433s
[EST START] 2026-05-02T07:48:44.861618 bottleneck=15 replicate=0 seed=0 estimator=MiND k=15 sigma=0.0
[EST DONE] 2026-05-02T07:48:54.654873 bottleneck=15 replicate=0 seed=0 estimator=MiND k=15 dur=9.793s
[EST START] 2026-05-02T07:48:54.655012 bottleneck=15 replicate=0 seed=0 estimator=FisherS k=ALL sigma=0.0
[EST DONE] 2026-05-02T07:48:57.713031 bottleneck=15 replicate=0 seed=0 estimator=FisherS k=ALL dur=3.058s
[EST START] 2026-05-02T07:48:57.805974 bottleneck=15 replicate=0 seed=0 estimator=Levina-Bickel k=3 sigma=0.25
[EST DONE] 2026-05-02T07:48:58.084194 bottleneck=15 replicate=0 seed=0 estimator=Levina-Bickel k=3 dur=0.278s
[EST START] 2026-05-02T07:48:58.084296 bottleneck=15 replicate=0 seed=0 estimator=Levina-Bickel k=5 sigma=0.25
[EST DONE] 2026-05-02T07:48:58.368790 bottleneck=15 replicate=0 seed=0 estimator=Levina-Bickel k=5 dur=0.284s
[EST START] 2026-05-02T07:48:58.368883 bottleneck=15 replicate=0 seed=0 estimator=Levina-Bickel k=7 sigma=0.25
[EST DONE] 2026-05-02T07:48:58.657311 bottleneck=15 replicate=0 seed=0 estimator=Levina-Bickel k=7 dur=0.288s
[EST START] 2026-05-02T07:48:58.657406 bottleneck=15 replicate=0 seed=0 estimator=Levina-Bickel k=10 sigma=0.25
[EST DONE] 2026-05-02T07:48:58.954912 bottleneck=15 replicate=0 seed=0 estimator=Levina-Bickel k=10 dur=0.297s
[EST START] 2026-05-02T07:48:58.955021 bottleneck=15 replicate=0 seed=0 estimator=Levina-Bickel k=15 sigma=0.25
[EST DONE] 2026-05-02T07:48:59.254153 bottleneck=15 replicate=0 seed=0 estimator=Levina-Bickel k=15 dur=0.299s
[EST START] 2026-05-02T07:48:59.254288 bottleneck=15 replicate=0 seed=0 estimator=TwoNN k=ALL sigma=0.25
[EST DONE] 2026-05-02T07:48:59.533905 bottleneck=15 replicate=0 seed=0 estimator=TwoNN k=ALL dur=0.280s
[EST START] 2026-05-02T07:48:59.533999 bottleneck=15 replicate=0 seed=0 estimator=lPCA k=3 sigma=0.25
[EST DONE] 2026-05-02T07:49:03.708573 bottleneck=15 replicate=0 seed=0 estimator=lPCA k=3 dur=4.175s
[EST START] 2026-05-02T07:49:03.708673 bottleneck=15 replicate=0 seed=0 estimator=lPCA k=5 sigma=0.25
[EST DONE] 2026-05-02T07:49:08.369368 bottleneck=15 replicate=0 seed=0 estimator=lPCA k=5 dur=4.661s
[EST START] 2026-05-02T07:49:08.369465 bottleneck=15 replicate=0 seed=0 estimator=lPCA k=7 sigma=0.25
[EST DONE] 2026-05-02T07:49:13.300026 bottleneck=15 replicate=0 seed=0 estimator=lPCA k=7 dur=4.931s
[EST START] 2026-05-02T07:49:13.300142 bottleneck=15 replicate=0 seed=0 estimator=lPCA k=10 sigma=0.25
[EST DONE] 2026-05-02T07:49:18.860954 bottleneck=15 replicate=0 seed=0 estimator=lPCA k=10 dur=5.561s
[EST START] 2026-05-02T07:49:18.861059 bottleneck=15 replicate=0 seed=0 estimator=lPCA k=15 sigma=0.25
[EST DONE] 2026-05-02T07:49:25.753137 bottleneck=15 replicate=0 seed=0 estimator=lPCA k=15 dur=6.892s
[EST START] 2026-05-02T07:49:25.753260 bottleneck=15 replicate=0 seed=0 estimator=DANCo k=3 sigma=0.25
[EST DONE] 2026-05-02T07:49:47.509771 bottleneck=15 replicate=0 seed=0 estimator=DANCo k=3 dur=21.756s
[EST START] 2026-05-02T07:49:47.509902 bottleneck=15 replicate=0 seed=0 estimator=DANCo k=5 sigma=0.25
[EST DONE] 2026-05-02T07:50:11.409506 bottleneck=15 replicate=0 seed=0 estimator=DANCo k=5 dur=23.900s
[EST START] 2026-05-02T07:50:11.409622 bottleneck=15 replicate=0 seed=0 estimator=DANCo k=7 sigma=0.25
[EST DONE] 2026-05-02T07:50:35.706079 bottleneck=15 replicate=0 seed=0 estimator=DANCo k=7 dur=24.296s
[EST START] 2026-05-02T07:50:35.706186 bottleneck=15 replicate=0 seed=0 estimator=DANCo k=10 sigma=0.25
[EST DONE] 2026-05-02T07:51:02.698935 bottleneck=15 replicate=0 seed=0 estimator=DANCo k=10 dur=26.993s
[EST START] 2026-05-02T07:51:02.699034 bottleneck=15 replicate=0 seed=0 estimator=DANCo k=15 sigma=0.25
[EST DONE] 2026-05-02T07:51:31.581117 bottleneck=15 replicate=0 seed=0 estimator=DANCo k=15 dur=28.882s
[EST START] 2026-05-02T07:51:31.581219 bottleneck=15 replicate=0 seed=0 estimator=MiND k=3 sigma=0.25
[EST DONE] 2026-05-02T07:51:38.393736 bottleneck=15 replicate=0 seed=0 estimator=MiND k=3 dur=6.812s
[EST START] 2026-05-02T07:51:38.393876 bottleneck=15 replicate=0 seed=0 estimator=MiND k=5 sigma=0.25
[EST DONE] 2026-05-02T07:51:45.456334 bottleneck=15 replicate=0 seed=0 estimator=MiND k=5 dur=7.062s
[EST START] 2026-05-02T07:51:45.456478 bottleneck=15 replicate=0 seed=0 estimator=MiND k=7 sigma=0.25
[EST DONE] 2026-05-02T07:51:52.637902 bottleneck=15 replicate=0 seed=0 estimator=MiND k=7 dur=7.181s
[EST START] 2026-05-02T07:51:52.637994 bottleneck=15 replicate=0 seed=0 estimator=MiND k=10 sigma=0.25
[EST DONE] 2026-05-02T07:51:59.983073 bottleneck=15 replicate=0 seed=0 estimator=MiND k=10 dur=7.345s
[EST START] 2026-05-02T07:51:59.983200 bottleneck=15 replicate=0 seed=0 estimator=MiND k=15 sigma=0.25
[EST DONE] 2026-05-02T07:52:08.025413 bottleneck=15 replicate=0 seed=0 estimator=MiND k=15 dur=8.042s
[EST START] 2026-05-02T07:52:08.025540 bottleneck=15 replicate=0 seed=0 estimator=FisherS k=ALL sigma=0.25
[EST DONE] 2026-05-02T07:52:11.597220 bottleneck=15 replicate=0 seed=0 estimator=FisherS k=ALL dur=3.572s
[EST START] 2026-05-02T07:52:11.689472 bottleneck=15 replicate=0 seed=0 estimator=Levina-Bickel k=3 sigma=0.5
[EST DONE] 2026-05-02T07:52:11.971115 bottleneck=15 replicate=0 seed=0 estimator=Levina-Bickel k=3 dur=0.282s
[EST START] 2026-05-02T07:52:11.971237 bottleneck=15 replicate=0 seed=0 estimator=Levina-Bickel k=5 sigma=0.5
[EST DONE] 2026-05-02T07:52:12.251998 bottleneck=15 replicate=0 seed=0 estimator=Levina-Bickel k=5 dur=0.281s
[EST START] 2026-05-02T07:52:12.252091 bottleneck=15 replicate=0 seed=0 estimator=Levina-Bickel k=7 sigma=0.5
[EST DONE] 2026-05-02T07:52:12.534543 bottleneck=15 replicate=0 seed=0 estimator=Levina-Bickel k=7 dur=0.282s
[EST START] 2026-05-02T07:52:12.534632 bottleneck=15 replicate=0 seed=0 estimator=Levina-Bickel k=10 sigma=0.5
[EST DONE] 2026-05-02T07:52:12.824182 bottleneck=15 replicate=0 seed=0 estimator=Levina-Bickel k=10 dur=0.290s
[EST START] 2026-05-02T07:52:12.824277 bottleneck=15 replicate=0 seed=0 estimator=Levina-Bickel k=15 sigma=0.5
[EST DONE] 2026-05-02T07:52:13.147777 bottleneck=15 replicate=0 seed=0 estimator=Levina-Bickel k=15 dur=0.323s
[EST START] 2026-05-02T07:52:13.147886 bottleneck=15 replicate=0 seed=0 estimator=TwoNN k=ALL sigma=0.5
[EST DONE] 2026-05-02T07:52:13.448223 bottleneck=15 replicate=0 seed=0 estimator=TwoNN k=ALL dur=0.300s
[EST START] 2026-05-02T07:52:13.448387 bottleneck=15 replicate=0 seed=0 estimator=lPCA k=3 sigma=0.5
[EST DONE] 2026-05-02T07:52:17.594018 bottleneck=15 replicate=0 seed=0 estimator=lPCA k=3 dur=4.146s
[EST START] 2026-05-02T07:52:17.594114 bottleneck=15 replicate=0 seed=0 estimator=lPCA k=5 sigma=0.5
[EST DONE] 2026-05-02T07:52:22.325931 bottleneck=15 replicate=0 seed=0 estimator=lPCA k=5 dur=4.732s
[EST START] 2026-05-02T07:52:22.326052 bottleneck=15 replicate=0 seed=0 estimator=lPCA k=7 sigma=0.5
[EST DONE] 2026-05-02T07:52:27.449606 bottleneck=15 replicate=0 seed=0 estimator=lPCA k=7 dur=5.124s
[EST START] 2026-05-02T07:52:27.449716 bottleneck=15 replicate=0 seed=0 estimator=lPCA k=10 sigma=0.5
[EST DONE] 2026-05-02T07:52:33.106359 bottleneck=15 replicate=0 seed=0 estimator=lPCA k=10 dur=5.657s
[EST START] 2026-05-02T07:52:33.106455 bottleneck=15 replicate=0 seed=0 estimator=lPCA k=15 sigma=0.5
[EST DONE] 2026-05-02T07:52:40.009307 bottleneck=15 replicate=0 seed=0 estimator=lPCA k=15 dur=6.903s
[EST START] 2026-05-02T07:52:40.009422 bottleneck=15 replicate=0 seed=0 estimator=DANCo k=3 sigma=0.5
[EST DONE] 2026-05-02T07:52:59.282009 bottleneck=15 replicate=0 seed=0 estimator=DANCo k=3 dur=19.273s
[EST START] 2026-05-02T07:52:59.282095 bottleneck=15 replicate=0 seed=0 estimator=DANCo k=5 sigma=0.5
[EST DONE] 2026-05-02T07:53:20.597851 bottleneck=15 replicate=0 seed=0 estimator=DANCo k=5 dur=21.316s
[EST START] 2026-05-02T07:53:20.597962 bottleneck=15 replicate=0 seed=0 estimator=DANCo k=7 sigma=0.5
[EST DONE] 2026-05-02T07:53:43.849049 bottleneck=15 replicate=0 seed=0 estimator=DANCo k=7 dur=23.251s
[EST START] 2026-05-02T07:53:43.849139 bottleneck=15 replicate=0 seed=0 estimator=DANCo k=10 sigma=0.5
[EST DONE] 2026-05-02T07:54:08.015773 bottleneck=15 replicate=0 seed=0 estimator=DANCo k=10 dur=24.167s
[EST START] 2026-05-02T07:54:08.015876 bottleneck=15 replicate=0 seed=0 estimator=DANCo k=15 sigma=0.5
[EST DONE] 2026-05-02T07:54:37.667655 bottleneck=15 replicate=0 seed=0 estimator=DANCo k=15 dur=29.652s
[EST START] 2026-05-02T07:54:37.667761 bottleneck=15 replicate=0 seed=0 estimator=MiND k=3 sigma=0.5
[EST DONE] 2026-05-02T07:54:44.466135 bottleneck=15 replicate=0 seed=0 estimator=MiND k=3 dur=6.798s
[EST START] 2026-05-02T07:54:44.466233 bottleneck=15 replicate=0 seed=0 estimator=MiND k=5 sigma=0.5
[EST DONE] 2026-05-02T07:54:51.505630 bottleneck=15 replicate=0 seed=0 estimator=MiND k=5 dur=7.039s
[EST START] 2026-05-02T07:54:51.505750 bottleneck=15 replicate=0 seed=0 estimator=MiND k=7 sigma=0.5
[EST DONE] 2026-05-02T07:54:58.682625 bottleneck=15 replicate=0 seed=0 estimator=MiND k=7 dur=7.177s
[EST START] 2026-05-02T07:54:58.682744 bottleneck=15 replicate=0 seed=0 estimator=MiND k=10 sigma=0.5
[EST DONE] 2026-05-02T07:55:06.104525 bottleneck=15 replicate=0 seed=0 estimator=MiND k=10 dur=7.422s
[EST START] 2026-05-02T07:55:06.104638 bottleneck=15 replicate=0 seed=0 estimator=MiND k=15 sigma=0.5
[EST DONE] 2026-05-02T07:55:13.760702 bottleneck=15 replicate=0 seed=0 estimator=MiND k=15 dur=7.656s
[EST START] 2026-05-02T07:55:13.760821 bottleneck=15 replicate=0 seed=0 estimator=FisherS k=ALL sigma=0.5
[EST DONE] 2026-05-02T07:55:16.545749 bottleneck=15 replicate=0 seed=0 estimator=FisherS k=ALL dur=2.785s
[EST START] 2026-05-02T07:55:16.637390 bottleneck=15 replicate=0 seed=0 estimator=Levina-Bickel k=3 sigma=0.75
[EST DONE] 2026-05-02T07:55:16.917035 bottleneck=15 replicate=0 seed=0 estimator=Levina-Bickel k=3 dur=0.280s
[EST START] 2026-05-02T07:55:16.917142 bottleneck=15 replicate=0 seed=0 estimator=Levina-Bickel k=5 sigma=0.75
[EST DONE] 2026-05-02T07:55:17.203683 bottleneck=15 replicate=0 seed=0 estimator=Levina-Bickel k=5 dur=0.287s
[EST START] 2026-05-02T07:55:17.203821 bottleneck=15 replicate=0 seed=0 estimator=Levina-Bickel k=7 sigma=0.75
[EST DONE] 2026-05-02T07:55:17.494947 bottleneck=15 replicate=0 seed=0 estimator=Levina-Bickel k=7 dur=0.291s
[EST START] 2026-05-02T07:55:17.495069 bottleneck=15 replicate=0 seed=0 estimator=Levina-Bickel k=10 sigma=0.75
[EST DONE] 2026-05-02T07:55:17.786536 bottleneck=15 replicate=0 seed=0 estimator=Levina-Bickel k=10 dur=0.291s
[EST START] 2026-05-02T07:55:17.786694 bottleneck=15 replicate=0 seed=0 estimator=Levina-Bickel k=15 sigma=0.75
[EST DONE] 2026-05-02T07:55:18.079410 bottleneck=15 replicate=0 seed=0 estimator=Levina-Bickel k=15 dur=0.293s
[EST START] 2026-05-02T07:55:18.079548 bottleneck=15 replicate=0 seed=0 estimator=TwoNN k=ALL sigma=0.75
[EST DONE] 2026-05-02T07:55:18.355013 bottleneck=15 replicate=0 seed=0 estimator=TwoNN k=ALL dur=0.275s
[EST START] 2026-05-02T07:55:18.355142 bottleneck=15 replicate=0 seed=0 estimator=lPCA k=3 sigma=0.75
[EST DONE] 2026-05-02T07:55:22.843348 bottleneck=15 replicate=0 seed=0 estimator=lPCA k=3 dur=4.488s
[EST START] 2026-05-02T07:55:22.843452 bottleneck=15 replicate=0 seed=0 estimator=lPCA k=5 sigma=0.75
[EST DONE] 2026-05-02T07:55:27.864048 bottleneck=15 replicate=0 seed=0 estimator=lPCA k=5 dur=5.021s
[EST START] 2026-05-02T07:55:27.864158 bottleneck=15 replicate=0 seed=0 estimator=lPCA k=7 sigma=0.75
[EST DONE] 2026-05-02T07:55:33.264660 bottleneck=15 replicate=0 seed=0 estimator=lPCA k=7 dur=5.400s
[EST START] 2026-05-02T07:55:33.264799 bottleneck=15 replicate=0 seed=0 estimator=lPCA k=10 sigma=0.75
[EST DONE] 2026-05-02T07:55:39.145699 bottleneck=15 replicate=0 seed=0 estimator=lPCA k=10 dur=5.881s
[EST START] 2026-05-02T07:55:39.145813 bottleneck=15 replicate=0 seed=0 estimator=lPCA k=15 sigma=0.75
[EST DONE] 2026-05-02T07:55:46.227692 bottleneck=15 replicate=0 seed=0 estimator=lPCA k=15 dur=7.082s
[EST START] 2026-05-02T07:55:46.227803 bottleneck=15 replicate=0 seed=0 estimator=DANCo k=3 sigma=0.75
[EST DONE] 2026-05-02T07:56:06.734379 bottleneck=15 replicate=0 seed=0 estimator=DANCo k=3 dur=20.507s
[EST START] 2026-05-02T07:56:06.734506 bottleneck=15 replicate=0 seed=0 estimator=DANCo k=5 sigma=0.75
[EST DONE] 2026-05-02T07:56:28.416015 bottleneck=15 replicate=0 seed=0 estimator=DANCo k=5 dur=21.681s
[EST START] 2026-05-02T07:56:28.416125 bottleneck=15 replicate=0 seed=0 estimator=DANCo k=7 sigma=0.75
[EST DONE] 2026-05-02T07:56:53.790795 bottleneck=15 replicate=0 seed=0 estimator=DANCo k=7 dur=25.375s
[EST START] 2026-05-02T07:56:53.790933 bottleneck=15 replicate=0 seed=0 estimator=DANCo k=10 sigma=0.75
[EST DONE] 2026-05-02T07:57:18.813515 bottleneck=15 replicate=0 seed=0 estimator=DANCo k=10 dur=25.023s
[EST START] 2026-05-02T07:57:18.813615 bottleneck=15 replicate=0 seed=0 estimator=DANCo k=15 sigma=0.75
[EST DONE] 2026-05-02T07:57:48.632330 bottleneck=15 replicate=0 seed=0 estimator=DANCo k=15 dur=29.819s
[EST START] 2026-05-02T07:57:48.632457 bottleneck=15 replicate=0 seed=0 estimator=MiND k=3 sigma=0.75
[EST DONE] 2026-05-02T07:57:55.311037 bottleneck=15 replicate=0 seed=0 estimator=MiND k=3 dur=6.679s
[EST START] 2026-05-02T07:57:55.311134 bottleneck=15 replicate=0 seed=0 estimator=MiND k=5 sigma=0.75
[EST DONE] 2026-05-02T07:58:02.147187 bottleneck=15 replicate=0 seed=0 estimator=MiND k=5 dur=6.836s
[EST START] 2026-05-02T07:58:02.147313 bottleneck=15 replicate=0 seed=0 estimator=MiND k=7 sigma=0.75
[EST DONE] 2026-05-02T07:58:09.102838 bottleneck=15 replicate=0 seed=0 estimator=MiND k=7 dur=6.956s
[EST START] 2026-05-02T07:58:09.102964 bottleneck=15 replicate=0 seed=0 estimator=MiND k=10 sigma=0.75
[EST DONE] 2026-05-02T07:58:16.349365 bottleneck=15 replicate=0 seed=0 estimator=MiND k=10 dur=7.246s
[EST START] 2026-05-02T07:58:16.349492 bottleneck=15 replicate=0 seed=0 estimator=MiND k=15 sigma=0.75
[EST DONE] 2026-05-02T07:58:23.808950 bottleneck=15 replicate=0 seed=0 estimator=MiND k=15 dur=7.459s
[EST START] 2026-05-02T07:58:23.809090 bottleneck=15 replicate=0 seed=0 estimator=FisherS k=ALL sigma=0.75
[EST DONE] 2026-05-02T07:58:26.321473 bottleneck=15 replicate=0 seed=0 estimator=FisherS k=ALL dur=2.512s
[EST START] 2026-05-02T07:58:26.415101 bottleneck=15 replicate=0 seed=0 estimator=Levina-Bickel k=3 sigma=1.0
[EST DONE] 2026-05-02T07:58:26.750093 bottleneck=15 replicate=0 seed=0 estimator=Levina-Bickel k=3 dur=0.335s
[EST START] 2026-05-02T07:58:26.750184 bottleneck=15 replicate=0 seed=0 estimator=Levina-Bickel k=5 sigma=1.0
[EST DONE] 2026-05-02T07:58:27.035229 bottleneck=15 replicate=0 seed=0 estimator=Levina-Bickel k=5 dur=0.285s
[EST START] 2026-05-02T07:58:27.035359 bottleneck=15 replicate=0 seed=0 estimator=Levina-Bickel k=7 sigma=1.0
[EST DONE] 2026-05-02T07:58:27.323907 bottleneck=15 replicate=0 seed=0 estimator=Levina-Bickel k=7 dur=0.289s
[EST START] 2026-05-02T07:58:27.324039 bottleneck=15 replicate=0 seed=0 estimator=Levina-Bickel k=10 sigma=1.0
[EST DONE] 2026-05-02T07:58:27.617445 bottleneck=15 replicate=0 seed=0 estimator=Levina-Bickel k=10 dur=0.293s
[EST START] 2026-05-02T07:58:27.617538 bottleneck=15 replicate=0 seed=0 estimator=Levina-Bickel k=15 sigma=1.0
[EST DONE] 2026-05-02T07:58:27.914768 bottleneck=15 replicate=0 seed=0 estimator=Levina-Bickel k=15 dur=0.297s
[EST START] 2026-05-02T07:58:27.914887 bottleneck=15 replicate=0 seed=0 estimator=TwoNN k=ALL sigma=1.0
[EST DONE] 2026-05-02T07:58:28.189782 bottleneck=15 replicate=0 seed=0 estimator=TwoNN k=ALL dur=0.275s
[EST START] 2026-05-02T07:58:28.189902 bottleneck=15 replicate=0 seed=0 estimator=lPCA k=3 sigma=1.0
[EST DONE] 2026-05-02T07:58:32.704449 bottleneck=15 replicate=0 seed=0 estimator=lPCA k=3 dur=4.515s
[EST START] 2026-05-02T07:58:32.704559 bottleneck=15 replicate=0 seed=0 estimator=lPCA k=5 sigma=1.0
[EST DONE] 2026-05-02T07:58:37.700750 bottleneck=15 replicate=0 seed=0 estimator=lPCA k=5 dur=4.996s
[EST START] 2026-05-02T07:58:37.700880 bottleneck=15 replicate=0 seed=0 estimator=lPCA k=7 sigma=1.0
[EST DONE] 2026-05-02T07:58:43.079214 bottleneck=15 replicate=0 seed=0 estimator=lPCA k=7 dur=5.378s
[EST START] 2026-05-02T07:58:43.079351 bottleneck=15 replicate=0 seed=0 estimator=lPCA k=10 sigma=1.0
[EST DONE] 2026-05-02T07:58:48.934813 bottleneck=15 replicate=0 seed=0 estimator=lPCA k=10 dur=5.855s
[EST START] 2026-05-02T07:58:48.934924 bottleneck=15 replicate=0 seed=0 estimator=lPCA k=15 sigma=1.0
[EST DONE] 2026-05-02T07:58:56.047818 bottleneck=15 replicate=0 seed=0 estimator=lPCA k=15 dur=7.113s
[EST START] 2026-05-02T07:58:56.047942 bottleneck=15 replicate=0 seed=0 estimator=DANCo k=3 sigma=1.0
[EST DONE] 2026-05-02T07:59:14.564640 bottleneck=15 replicate=0 seed=0 estimator=DANCo k=3 dur=18.517s
[EST START] 2026-05-02T07:59:14.564737 bottleneck=15 replicate=0 seed=0 estimator=DANCo k=5 sigma=1.0
[EST DONE] 2026-05-02T07:59:36.260748 bottleneck=15 replicate=0 seed=0 estimator=DANCo k=5 dur=21.696s
[EST START] 2026-05-02T07:59:36.260855 bottleneck=15 replicate=0 seed=0 estimator=DANCo k=7 sigma=1.0
[EST DONE] 2026-05-02T07:59:59.794667 bottleneck=15 replicate=0 seed=0 estimator=DANCo k=7 dur=23.534s
[EST START] 2026-05-02T07:59:59.794766 bottleneck=15 replicate=0 seed=0 estimator=DANCo k=10 sigma=1.0
[EST DONE] 2026-05-02T08:00:25.460777 bottleneck=15 replicate=0 seed=0 estimator=DANCo k=10 dur=25.666s
[EST START] 2026-05-02T08:00:25.460885 bottleneck=15 replicate=0 seed=0 estimator=DANCo k=15 sigma=1.0
[EST DONE] 2026-05-02T08:00:52.476117 bottleneck=15 replicate=0 seed=0 estimator=DANCo k=15 dur=27.015s
[EST START] 2026-05-02T08:00:52.476228 bottleneck=15 replicate=0 seed=0 estimator=MiND k=3 sigma=1.0
[EST DONE] 2026-05-02T08:00:59.231435 bottleneck=15 replicate=0 seed=0 estimator=MiND k=3 dur=6.755s
[EST START] 2026-05-02T08:00:59.231573 bottleneck=15 replicate=0 seed=0 estimator=MiND k=5 sigma=1.0
[EST DONE] 2026-05-02T08:01:06.198881 bottleneck=15 replicate=0 seed=0 estimator=MiND k=5 dur=6.967s
[EST START] 2026-05-02T08:01:06.198998 bottleneck=15 replicate=0 seed=0 estimator=MiND k=7 sigma=1.0
[EST DONE] 2026-05-02T08:01:14.260046 bottleneck=15 replicate=0 seed=0 estimator=MiND k=7 dur=8.061s
[EST START] 2026-05-02T08:01:14.260170 bottleneck=15 replicate=0 seed=0 estimator=MiND k=10 sigma=1.0
[EST DONE] 2026-05-02T08:01:22.059799 bottleneck=15 replicate=0 seed=0 estimator=MiND k=10 dur=7.800s
[EST START] 2026-05-02T08:01:22.059924 bottleneck=15 replicate=0 seed=0 estimator=MiND k=15 sigma=1.0
[EST DONE] 2026-05-02T08:01:30.563448 bottleneck=15 replicate=0 seed=0 estimator=MiND k=15 dur=8.503s
[EST START] 2026-05-02T08:01:30.563581 bottleneck=15 replicate=0 seed=0 estimator=FisherS k=ALL sigma=1.0
[EST DONE] 2026-05-02T08:01:33.436348 bottleneck=15 replicate=0 seed=0 estimator=FisherS k=ALL dur=2.873s
Wrote per-task mnist results to results/mnist_large.task0.csv
Saved results/mnist_large.csv
Making reduced plots...
Saved plots under results/figs_large
