Starting large worker on zuber at Mon Apr 20 04:30:14 PM EDT 2026; workdir=/local/scratch/cfikes/CS_534_ML_project; user=cfikes; task=2
large
Running synthetic large experiments...
[TASK START] 2026-04-20T16:30:18.685128 manifold=sphere d=5 sigma=0.0 n=60000 seed=2
[TASK START] 2026-04-20T16:30:18.689438 manifold=sphere d=5 sigma=0.25 n=60000 seed=2
[TASK START] 2026-04-20T16:30:18.693758 manifold=sphere d=5 sigma=0.5 n=60000 seed=2
[TASK START] 2026-04-20T16:30:18.693923 manifold=sphere d=5 sigma=0.75 n=60000 seed=2
[TASK START] 2026-04-20T16:30:18.696576 manifold=sphere d=5 sigma=1.0 n=60000 seed=2
[TASK START] 2026-04-20T16:30:18.696576 manifold=sphere d=7 sigma=0.0 n=60000 seed=2
[EST DONE] 2026-04-20T16:30:23.281671 estimator=Levina-Bickel k=3 dur=2.203s seed=2
[EST DONE] 2026-04-20T16:30:24.459317 estimator=Levina-Bickel k=3 dur=2.767s seed=2
[EST DONE] 2026-04-20T16:30:25.005893 estimator=Levina-Bickel k=3 dur=3.063s seed=2
[EST DONE] 2026-04-20T16:30:25.471984 estimator=Levina-Bickel k=3 dur=3.279s seed=2
[EST DONE] 2026-04-20T16:30:25.544608 estimator=Levina-Bickel k=3 dur=3.273s seed=2
[EST DONE] 2026-04-20T16:30:25.952235 estimator=Levina-Bickel k=5 dur=2.670s seed=2
[EST DONE] 2026-04-20T16:30:27.739858 estimator=Levina-Bickel k=5 dur=3.280s seed=2
[EST DONE] 2026-04-20T16:30:28.626780 estimator=Levina-Bickel k=5 dur=3.621s seed=2
[EST DONE] 2026-04-20T16:30:29.007693 estimator=Levina-Bickel k=7 dur=3.055s seed=2
[EST DONE] 2026-04-20T16:30:29.390711 estimator=Levina-Bickel k=5 dur=3.919s seed=2
[EST DONE] 2026-04-20T16:30:29.449798 estimator=Levina-Bickel k=5 dur=3.905s seed=2
[EST DONE] 2026-04-20T16:30:31.497905 estimator=Levina-Bickel k=7 dur=3.758s seed=2
[EST DONE] 2026-04-20T16:30:32.633071 estimator=Levina-Bickel k=10 dur=3.625s seed=2
[EST DONE] 2026-04-20T16:30:32.862757 estimator=Levina-Bickel k=7 dur=4.236s seed=2
[EST DONE] 2026-04-20T16:30:33.926534 estimator=Levina-Bickel k=7 dur=4.536s seed=2
[EST DONE] 2026-04-20T16:30:33.962332 estimator=Levina-Bickel k=7 dur=4.512s seed=2
[EST DONE] 2026-04-20T16:30:35.126328 estimator=Levina-Bickel k=3 dur=8.128s seed=2
[EST DONE] 2026-04-20T16:30:35.856458 estimator=Levina-Bickel k=10 dur=4.358s seed=2
[EST DONE] 2026-04-20T16:30:36.933278 estimator=Levina-Bickel k=15 dur=4.300s seed=2
[EST DONE] 2026-04-20T16:30:37.645019 estimator=Levina-Bickel k=10 dur=4.782s seed=2
[EST DONE] 2026-04-20T16:30:38.882881 estimator=TwoNN (no-k) dur=1.949s seed=2
[EST DONE] 2026-04-20T16:30:39.105035 estimator=Levina-Bickel k=10 dur=5.178s seed=2
[EST DONE] 2026-04-20T16:30:39.114168 estimator=Levina-Bickel k=10 dur=5.152s seed=2
[EST DONE] 2026-04-20T16:30:41.136017 estimator=Levina-Bickel k=15 dur=5.279s seed=2
[EST DONE] 2026-04-20T16:30:43.332237 estimator=Levina-Bickel k=15 dur=5.687s seed=2
[EST DONE] 2026-04-20T16:30:44.085347 estimator=TwoNN (no-k) dur=2.949s seed=2
[EST DONE] 2026-04-20T16:30:45.098828 estimator=Levina-Bickel k=5 dur=9.972s seed=2
[EST DONE] 2026-04-20T16:30:45.180377 estimator=Levina-Bickel k=15 dur=6.066s seed=2
[EST DONE] 2026-04-20T16:30:45.196128 estimator=Levina-Bickel k=15 dur=6.091s seed=2
[EST DONE] 2026-04-20T16:30:46.031656 estimator=TwoNN (no-k) dur=2.699s seed=2
[EST DONE] 2026-04-20T16:30:47.976386 estimator=TwoNN (no-k) dur=2.796s seed=2
[EST DONE] 2026-04-20T16:30:47.994309 estimator=TwoNN (no-k) dur=2.798s seed=2
[EST DONE] 2026-04-20T16:30:55.781177 estimator=Levina-Bickel k=7 dur=10.682s seed=2
[EST DONE] 2026-04-20T16:31:08.022983 estimator=Levina-Bickel k=10 dur=12.242s seed=2
[EST DONE] 2026-04-20T16:31:22.570502 estimator=Levina-Bickel k=15 dur=14.547s seed=2
[EST DONE] 2026-04-20T16:31:29.248212 estimator=TwoNN (no-k) dur=6.677s seed=2
[EST DONE] 2026-04-20T16:32:06.205017 estimator=lPCA k=3 dur=43.871s seed=2
[EST DONE] 2026-04-20T16:32:12.894573 estimator=lPCA k=3 dur=44.347s seed=2
[EST DONE] 2026-04-20T16:32:13.541097 estimator=lPCA k=3 dur=44.557s seed=2
[EST DONE] 2026-04-20T16:32:17.967236 estimator=lPCA k=3 dur=45.079s seed=2
[EST DONE] 2026-04-20T16:32:18.191922 estimator=lPCA k=3 dur=45.013s seed=2
[EST DONE] 2026-04-20T16:32:51.400196 estimator=lPCA k=5 dur=45.195s seed=2
[EST DONE] 2026-04-20T16:32:58.487194 estimator=lPCA k=5 dur=45.592s seed=2
[EST DONE] 2026-04-20T16:32:59.564944 estimator=lPCA k=5 dur=46.024s seed=2
[EST DONE] 2026-04-20T16:33:04.526649 estimator=lPCA k=5 dur=46.559s seed=2
[EST DONE] 2026-04-20T16:33:04.679140 estimator=lPCA k=5 dur=46.487s seed=2
[EST DONE] 2026-04-20T16:33:08.844569 estimator=lPCA k=3 dur=50.143s seed=2
[EST DONE] 2026-04-20T16:33:37.363888 estimator=lPCA k=7 dur=45.963s seed=2
[EST DONE] 2026-04-20T16:33:45.339677 estimator=lPCA k=7 dur=46.852s seed=2
[EST DONE] 2026-04-20T16:33:47.138004 estimator=lPCA k=7 dur=47.573s seed=2
[EST DONE] 2026-04-20T16:33:51.856740 estimator=lPCA k=7 dur=47.330s seed=2
[EST DONE] 2026-04-20T16:33:51.907909 estimator=lPCA k=7 dur=47.229s seed=2
[EST DONE] 2026-04-20T16:34:01.774379 estimator=lPCA k=5 dur=52.930s seed=2
[EST DONE] 2026-04-20T16:34:29.947565 estimator=lPCA k=10 dur=52.583s seed=2
[EST DONE] 2026-04-20T16:34:37.047514 estimator=lPCA k=10 dur=51.708s seed=2
[EST DONE] 2026-04-20T16:34:42.795149 estimator=lPCA k=10 dur=55.657s seed=2
[EST DONE] 2026-04-20T16:34:46.915229 estimator=lPCA k=10 dur=55.058s seed=2
[EST DONE] 2026-04-20T16:34:47.256244 estimator=lPCA k=10 dur=55.348s seed=2
[EST DONE] 2026-04-20T16:35:00.371385 estimator=lPCA k=7 dur=58.597s seed=2
[EST DONE] 2026-04-20T16:35:24.391782 estimator=lPCA k=15 dur=54.444s seed=2
[EST DONE] 2026-04-20T16:35:30.962027 estimator=lPCA k=15 dur=53.914s seed=2
[EST DONE] 2026-04-20T16:35:44.172709 estimator=lPCA k=15 dur=57.257s seed=2
[EST DONE] 2026-04-20T16:35:45.900110 estimator=lPCA k=15 dur=58.644s seed=2
[EST DONE] 2026-04-20T16:35:46.580221 estimator=lPCA k=15 dur=63.785s seed=2
[EST DONE] 2026-04-20T16:36:01.437070 estimator=lPCA k=10 dur=61.066s seed=2
[EST DONE] 2026-04-20T16:37:10.141321 estimator=lPCA k=15 dur=68.704s seed=2
[EST DONE] 2026-04-20T16:37:14.922546 estimator=DANCo k=3 dur=54.762s seed=2
[EST DONE] 2026-04-20T16:37:25.651188 estimator=DANCo k=3 dur=55.661s seed=2
[EST DONE] 2026-04-20T16:37:44.978889 estimator=DANCo k=3 dur=58.611s seed=2
[EST DONE] 2026-04-20T16:37:47.165200 estimator=DANCo k=3 dur=57.830s seed=2
[EST DONE] 2026-04-20T16:37:48.575286 estimator=DANCo k=3 dur=58.250s seed=2
[EST DONE] 2026-04-20T16:38:15.864807 estimator=DANCo k=5 dur=60.942s seed=2
[EST DONE] 2026-04-20T16:38:29.650456 estimator=DANCo k=5 dur=63.999s seed=2
[EST DONE] 2026-04-20T16:38:48.679590 estimator=DANCo k=5 dur=63.701s seed=2
[EST DONE] 2026-04-20T16:38:54.931439 estimator=DANCo k=5 dur=67.766s seed=2
[EST DONE] 2026-04-20T16:38:55.017294 estimator=DANCo k=5 dur=66.442s seed=2
[EST DONE] 2026-04-20T16:39:29.079197 estimator=DANCo k=7 dur=73.214s seed=2
[EST DONE] 2026-04-20T16:39:42.121005 estimator=DANCo k=7 dur=72.470s seed=2
[EST DONE] 2026-04-20T16:39:54.484104 estimator=DANCo k=7 dur=65.804s seed=2
[EST DONE] 2026-04-20T16:40:01.210847 estimator=DANCo k=7 dur=66.193s seed=2
[EST DONE] 2026-04-20T16:40:08.742257 estimator=DANCo k=7 dur=73.811s seed=2
[EST DONE] 2026-04-20T16:40:21.444835 estimator=DANCo k=3 dur=94.535s seed=2
[EST DONE] 2026-04-20T16:40:43.360664 estimator=DANCo k=10 dur=74.281s seed=2
[EST DONE] 2026-04-20T16:41:04.219639 estimator=DANCo k=10 dur=82.098s seed=2
[EST DONE] 2026-04-20T16:41:12.107238 estimator=DANCo k=10 dur=70.896s seed=2
[EST DONE] 2026-04-20T16:41:13.368622 estimator=DANCo k=10 dur=78.884s seed=2
[EST DONE] 2026-04-20T16:41:26.090967 estimator=DANCo k=10 dur=77.349s seed=2
[EST DONE] 2026-04-20T16:42:04.303302 estimator=DANCo k=5 dur=102.858s seed=2
[EST DONE] 2026-04-20T16:42:15.921033 estimator=DANCo k=15 dur=92.560s seed=2
[EST DONE] 2026-04-20T16:42:25.193035 estimator=MiND k=3 dur=6.380s seed=2
[EST DONE] 2026-04-20T16:42:28.782321 estimator=MiND k=5 dur=3.589s seed=2
[EST DONE] 2026-04-20T16:42:32.591833 estimator=MiND k=7 dur=3.809s seed=2
[EST DONE] 2026-04-20T16:42:34.892901 estimator=DANCo k=15 dur=82.786s seed=2
[EST DONE] 2026-04-20T16:42:34.925020 estimator=DANCo k=15 dur=90.705s seed=2
[EST DONE] 2026-04-20T16:42:38.700222 estimator=MiND k=10 dur=6.108s seed=2
[EST DONE] 2026-04-20T16:42:45.845118 estimator=MiND k=3 dur=6.024s seed=2
[EST DONE] 2026-04-20T16:42:46.143462 estimator=MiND k=15 dur=7.443s seed=2
[EST DONE] 2026-04-20T16:42:46.199293 estimator=MiND k=3 dur=5.124s seed=2
[EST DONE] 2026-04-20T16:42:47.074579 estimator=DANCo k=15 dur=93.706s seed=2
[EST DONE] 2026-04-20T16:42:49.725179 estimator=MiND k=5 dur=3.526s seed=2
[EST DONE] 2026-04-20T16:42:50.693730 estimator=MiND k=5 dur=4.848s seed=2
[EST DONE] 2026-04-20T16:42:53.599109 estimator=DANCo k=15 dur=87.508s seed=2
[EST DONE] 2026-04-20T16:42:53.659379 estimator=MiND k=7 dur=3.934s seed=2
[EST DONE] 2026-04-20T16:42:54.417298 estimator=MiND k=3 dur=4.034s seed=2
[EST DONE] 2026-04-20T16:42:55.524415 estimator=MiND k=7 dur=4.831s seed=2
[EST DONE] 2026-04-20T16:42:58.365726 estimator=MiND k=10 dur=4.706s seed=2
[EST DONE] 2026-04-20T16:42:59.246435 estimator=MiND k=5 dur=4.829s seed=2
[EST DONE] 2026-04-20T16:43:01.328778 estimator=MiND k=10 dur=5.804s seed=2
[EST DONE] 2026-04-20T16:43:02.583396 estimator=MiND k=3 dur=4.756s seed=2
[EST DONE] 2026-04-20T16:43:04.406690 estimator=MiND k=7 dur=5.160s seed=2
[EST DONE] 2026-04-20T16:43:04.975381 estimator=MiND k=15 dur=6.610s seed=2
[EST DONE] 2026-04-20T16:43:06.980380 estimator=MiND k=5 dur=4.397s seed=2
[EST DONE] 2026-04-20T16:43:07.019087 estimator=MiND k=15 dur=5.690s seed=2
[EST DONE] 2026-04-20T16:43:09.563524 estimator=MiND k=10 dur=5.157s seed=2
[EST DONE] 2026-04-20T16:43:13.948405 estimator=MiND k=7 dur=6.968s seed=2
[EST DONE] 2026-04-20T16:43:19.069918 estimator=MiND k=15 dur=9.506s seed=2
[EST DONE] 2026-04-20T16:43:23.874611 estimator=MiND k=10 dur=9.926s seed=2
[EST DONE] 2026-04-20T16:43:37.091429 estimator=MiND k=15 dur=13.217s seed=2
[EST DONE] 2026-04-20T16:43:39.785861 estimator=DANCo k=7 dur=95.482s seed=2
[EST DONE] 2026-04-20T16:45:33.149201 estimator=DANCo k=10 dur=113.363s seed=2
[EST DONE] 2026-04-20T16:47:45.097776 estimator=DANCo k=15 dur=131.948s seed=2
[EST DONE] 2026-04-20T16:48:14.144465 estimator=MiND k=3 dur=14.606s seed=2
[EST DONE] 2026-04-20T16:48:29.146860 estimator=MiND k=5 dur=15.002s seed=2
[EST DONE] 2026-04-20T16:48:47.721420 estimator=MiND k=7 dur=18.574s seed=2
[EST DONE] 2026-04-20T16:49:06.041437 estimator=MiND k=10 dur=18.320s seed=2
[EST DONE] 2026-04-20T16:49:29.185668 estimator=MiND k=15 dur=23.144s seed=2
[EST DONE] 2026-04-20T16:52:08.568691 estimator=FisherS (no-k) dur=562.425s seed=2
[EST DONE] 2026-04-20T16:52:38.989760 estimator=FisherS (no-k) dur=559.920s seed=2
[EST DONE] 2026-04-20T16:52:39.269607 estimator=FisherS (no-k) dur=572.250s seed=2
[EST DONE] 2026-04-20T16:52:40.218295 estimator=FisherS (no-k) dur=575.243s seed=2
[EST DONE] 2026-04-20T16:53:06.966855 estimator=FisherS (no-k) dur=569.875s seed=2
[EST DONE] 2026-04-20T16:56:36.880707 estimator=FisherS (no-k) dur=427.695s seed=2
[EST DONE] 2026-04-20T16:59:26.053570 estimator=SMAE (no-k) dur=437.485s seed=2
[TASK END] 2026-04-20T16:59:26.053748 manifold=sphere d=5 sigma=0.0 seed=2 duration=1747.369s
[TASK START] 2026-04-20T16:59:26.055162 manifold=sphere d=7 sigma=0.25 n=60000 seed=2
[EST DONE] 2026-04-20T16:59:42.648859 estimator=Levina-Bickel k=3 dur=8.284s seed=2
[EST DONE] 2026-04-20T16:59:49.033231 estimator=SMAE (no-k) dur=430.043s seed=2
[TASK END] 2026-04-20T16:59:49.033402 manifold=sphere d=5 sigma=0.75 seed=2 duration=1770.339s
[TASK START] 2026-04-20T16:59:49.034506 manifold=sphere d=7 sigma=0.5 n=60000 seed=2
[EST DONE] 2026-04-20T16:59:52.595124 estimator=Levina-Bickel k=5 dur=9.946s seed=2
[EST DONE] 2026-04-20T16:59:53.435438 estimator=SMAE (no-k) dur=433.217s seed=2
[TASK END] 2026-04-20T16:59:53.435632 manifold=sphere d=5 sigma=0.25 seed=2 duration=1774.746s
[TASK START] 2026-04-20T16:59:53.436850 manifold=sphere d=7 sigma=0.75 n=60000 seed=2
[EST DONE] 2026-04-20T16:59:56.829763 estimator=SMAE (no-k) dur=437.560s seed=2
[TASK END] 2026-04-20T16:59:56.829941 manifold=sphere d=5 sigma=0.5 seed=2 duration=1778.136s
[TASK START] 2026-04-20T16:59:56.831037 manifold=sphere d=7 sigma=1.0 n=60000 seed=2
[EST DONE] 2026-04-20T17:00:04.782265 estimator=Levina-Bickel k=7 dur=12.187s seed=2
[EST DONE] 2026-04-20T17:00:07.928751 estimator=Levina-Bickel k=3 dur=9.559s seed=2
[EST DONE] 2026-04-20T17:00:12.278787 estimator=SMAE (no-k) dur=425.312s seed=2
[TASK END] 2026-04-20T17:00:12.278929 manifold=sphere d=5 sigma=1.0 seed=2 duration=1793.582s
[TASK START] 2026-04-20T17:00:12.279978 manifold=sphere d=9 sigma=0.0 n=60000 seed=2
[EST DONE] 2026-04-20T17:00:13.417458 estimator=Levina-Bickel k=3 dur=9.995s seed=2
[EST DONE] 2026-04-20T17:00:17.432893 estimator=Levina-Bickel k=3 dur=10.305s seed=2
[EST DONE] 2026-04-20T17:00:18.861443 estimator=Levina-Bickel k=10 dur=14.079s seed=2
[EST DONE] 2026-04-20T17:00:19.511530 estimator=Levina-Bickel k=5 dur=11.583s seed=2
[EST DONE] 2026-04-20T17:00:25.732107 estimator=Levina-Bickel k=5 dur=12.314s seed=2
[EST DONE] 2026-04-20T17:00:30.174334 estimator=Levina-Bickel k=5 dur=12.741s seed=2
[EST DONE] 2026-04-20T17:00:32.756485 estimator=Levina-Bickel k=7 dur=13.245s seed=2
[EST DONE] 2026-04-20T17:00:35.664984 estimator=Levina-Bickel k=15 dur=16.803s seed=2
[EST DONE] 2026-04-20T17:00:39.529823 estimator=Levina-Bickel k=7 dur=13.798s seed=2
[EST DONE] 2026-04-20T17:00:44.002131 estimator=TwoNN (no-k) dur=8.337s seed=2
[EST DONE] 2026-04-20T17:00:44.503962 estimator=Levina-Bickel k=7 dur=14.329s seed=2
[EST DONE] 2026-04-20T17:00:47.745207 estimator=Levina-Bickel k=10 dur=14.989s seed=2
[EST DONE] 2026-04-20T17:00:55.235548 estimator=Levina-Bickel k=10 dur=15.706s seed=2
[EST DONE] 2026-04-20T17:00:59.105613 estimator=Levina-Bickel k=3 dur=23.420s seed=2
[EST DONE] 2026-04-20T17:01:00.277360 estimator=Levina-Bickel k=10 dur=15.773s seed=2
[EST DONE] 2026-04-20T17:01:04.538274 estimator=Levina-Bickel k=15 dur=16.793s seed=2
[EST DONE] 2026-04-20T17:01:12.420114 estimator=Levina-Bickel k=15 dur=17.184s seed=2
[EST DONE] 2026-04-20T17:01:12.930027 estimator=TwoNN (no-k) dur=8.392s seed=2
[EST DONE] 2026-04-20T17:01:17.856159 estimator=Levina-Bickel k=15 dur=17.579s seed=2
[EST DONE] 2026-04-20T17:01:21.091483 estimator=TwoNN (no-k) dur=8.671s seed=2
[EST DONE] 2026-04-20T17:01:26.602165 estimator=TwoNN (no-k) dur=8.746s seed=2
[EST DONE] 2026-04-20T17:01:27.606521 estimator=Levina-Bickel k=5 dur=28.501s seed=2
[EST DONE] 2026-04-20T17:01:55.952744 estimator=Levina-Bickel k=7 dur=28.346s seed=2
[EST DONE] 2026-04-20T17:02:22.861012 estimator=lPCA k=3 dur=48.983s seed=2
[EST DONE] 2026-04-20T17:02:31.381810 estimator=Levina-Bickel k=10 dur=35.429s seed=2
[EST DONE] 2026-04-20T17:02:56.835198 estimator=lPCA k=3 dur=52.062s seed=2
[EST DONE] 2026-04-20T17:03:08.156957 estimator=lPCA k=3 dur=54.062s seed=2
[EST DONE] 2026-04-20T17:03:14.646015 estimator=Levina-Bickel k=15 dur=43.264s seed=2
[EST DONE] 2026-04-20T17:03:16.387047 estimator=lPCA k=3 dur=56.337s seed=2
[EST DONE] 2026-04-20T17:03:18.578794 estimator=lPCA k=5 dur=55.718s seed=2
[EST DONE] 2026-04-20T17:03:25.459560 estimator=SMAE (no-k) dur=408.579s seed=2
[TASK END] 2026-04-20T17:03:25.459720 manifold=sphere d=7 sigma=0.0 seed=2 duration=1986.763s
[TASK START] 2026-04-20T17:03:25.460919 manifold=sphere d=9 sigma=0.25 n=60000 seed=2
[EST DONE] 2026-04-20T17:03:34.392027 estimator=TwoNN (no-k) dur=19.746s seed=2
[EST DONE] 2026-04-20T17:03:52.398248 estimator=lPCA k=5 dur=55.563s seed=2
[EST DONE] 2026-04-20T17:04:04.407418 estimator=lPCA k=5 dur=56.250s seed=2
[EST DONE] 2026-04-20T17:04:09.801551 estimator=lPCA k=5 dur=53.414s seed=2
[EST DONE] 2026-04-20T17:04:13.392116 estimator=lPCA k=7 dur=54.813s seed=2
[EST DONE] 2026-04-20T17:04:15.037897 estimator=Levina-Bickel k=3 dur=23.841s seed=2
[EST DONE] 2026-04-20T17:04:42.821108 estimator=Levina-Bickel k=5 dur=27.783s seed=2
[EST DONE] 2026-04-20T17:04:49.336075 estimator=lPCA k=7 dur=56.938s seed=2
[EST DONE] 2026-04-20T17:05:02.280999 estimator=lPCA k=7 dur=57.873s seed=2
[EST DONE] 2026-04-20T17:05:04.930376 estimator=lPCA k=7 dur=55.129s seed=2
[EST DONE] 2026-04-20T17:05:11.419119 estimator=lPCA k=10 dur=58.027s seed=2
[EST DONE] 2026-04-20T17:05:14.098191 estimator=Levina-Bickel k=7 dur=31.277s seed=2
[EST DONE] 2026-04-20T17:05:43.673003 estimator=lPCA k=3 dur=64.459s seed=2
[EST DONE] 2026-04-20T17:05:49.931123 estimator=Levina-Bickel k=10 dur=35.833s seed=2
[EST DONE] 2026-04-20T17:05:50.460183 estimator=lPCA k=10 dur=61.124s seed=2
[EST DONE] 2026-04-20T17:06:03.562247 estimator=lPCA k=10 dur=58.632s seed=2
[EST DONE] 2026-04-20T17:06:05.283827 estimator=lPCA k=10 dur=63.003s seed=2
[EST DONE] 2026-04-20T17:06:13.508278 estimator=lPCA k=15 dur=62.089s seed=2
[EST DONE] 2026-04-20T17:06:32.617010 estimator=Levina-Bickel k=15 dur=42.686s seed=2
[EST DONE] 2026-04-20T17:06:55.014995 estimator=TwoNN (no-k) dur=22.398s seed=2
[EST DONE] 2026-04-20T17:06:56.371009 estimator=lPCA k=5 dur=72.698s seed=2
[EST DONE] 2026-04-20T17:06:59.623873 estimator=lPCA k=15 dur=69.164s seed=2
[EST DONE] 2026-04-20T17:07:09.700251 estimator=lPCA k=15 dur=66.138s seed=2
[EST DONE] 2026-04-20T17:07:20.475006 estimator=lPCA k=15 dur=75.191s seed=2
[EST DONE] 2026-04-20T17:08:28.906402 estimator=lPCA k=7 dur=92.535s seed=2
[EST DONE] 2026-04-20T17:09:03.300019 estimator=DANCo k=3 dur=95.539s seed=2
[EST DONE] 2026-04-20T17:09:46.024428 estimator=lPCA k=3 dur=91.336s seed=2
[EST DONE] 2026-04-20T17:10:06.363568 estimator=DANCo k=3 dur=98.046s seed=2
[EST DONE] 2026-04-20T17:10:16.188120 estimator=lPCA k=10 dur=107.281s seed=2
[EST DONE] 2026-04-20T17:10:22.310226 estimator=DANCo k=3 dur=99.980s seed=2
[EST DONE] 2026-04-20T17:10:29.712032 estimator=DANCo k=3 dur=91.718s seed=2
[EST DONE] 2026-04-20T17:10:47.590070 estimator=DANCo k=5 dur=104.290s seed=2
[EST DONE] 2026-04-20T17:11:22.315792 estimator=lPCA k=5 dur=96.291s seed=2
[EST DONE] 2026-04-20T17:12:00.502146 estimator=DANCo k=5 dur=114.138s seed=2
[EST DONE] 2026-04-20T17:12:00.640963 estimator=DANCo k=5 dur=98.331s seed=2
[EST DONE] 2026-04-20T17:12:11.501779 estimator=DANCo k=5 dur=101.790s seed=2
[EST DONE] 2026-04-20T17:12:12.993374 estimator=lPCA k=15 dur=116.805s seed=2
[EST DONE] 2026-04-20T17:12:38.375143 estimator=DANCo k=7 dur=110.785s seed=2
[EST DONE] 2026-04-20T17:13:05.868275 estimator=lPCA k=7 dur=103.552s seed=2
[EST DONE] 2026-04-20T17:13:47.406959 estimator=DANCo k=7 dur=106.766s seed=2
[EST DONE] 2026-04-20T17:14:07.666371 estimator=DANCo k=7 dur=116.164s seed=2
[EST DONE] 2026-04-20T17:14:09.482110 estimator=DANCo k=7 dur=128.980s seed=2
[EST DONE] 2026-04-20T17:15:05.490858 estimator=DANCo k=10 dur=147.115s seed=2
[EST DONE] 2026-04-20T17:15:23.228011 estimator=lPCA k=10 dur=137.359s seed=2
[EST DONE] 2026-04-20T17:16:20.246482 estimator=DANCo k=10 dur=152.839s seed=2
[EST DONE] 2026-04-20T17:16:25.932695 estimator=DANCo k=10 dur=138.266s seed=2
[EST DONE] 2026-04-20T17:16:35.194391 estimator=DANCo k=10 dur=145.712s seed=2
[EST DONE] 2026-04-20T17:17:38.205738 estimator=DANCo k=3 dur=164.026s seed=2
[EST DONE] 2026-04-20T17:17:44.989926 estimator=DANCo k=15 dur=159.499s seed=2
[EST DONE] 2026-04-20T17:17:51.100443 estimator=lPCA k=15 dur=147.872s seed=2
[EST DONE] 2026-04-20T17:18:13.860461 estimator=MiND k=3 dur=15.216s seed=2
[EST DONE] 2026-04-20T17:18:32.064376 estimator=MiND k=5 dur=18.204s seed=2
[EST DONE] 2026-04-20T17:18:53.960667 estimator=DANCo k=15 dur=153.714s seed=2
[EST DONE] 2026-04-20T17:18:54.941947 estimator=DANCo k=15 dur=149.009s seed=2
[EST DONE] 2026-04-20T17:19:05.490878 estimator=MiND k=7 dur=33.426s seed=2
[EST DONE] 2026-04-20T17:19:11.272742 estimator=DANCo k=15 dur=156.078s seed=2
[EST DONE] 2026-04-20T17:19:21.955831 estimator=MiND k=10 dur=16.465s seed=2
[EST DONE] 2026-04-20T17:19:28.797760 estimator=MiND k=3 dur=16.651s seed=2
[EST DONE] 2026-04-20T17:19:32.516627 estimator=MiND k=3 dur=17.177s seed=2
[EST DONE] 2026-04-20T17:19:45.525872 estimator=MiND k=3 dur=21.487s seed=2
[EST DONE] 2026-04-20T17:19:50.195683 estimator=MiND k=5 dur=21.398s seed=2
[EST DONE] 2026-04-20T17:20:00.318970 estimator=MiND k=15 dur=38.363s seed=2
[EST DONE] 2026-04-20T17:20:01.231258 estimator=MiND k=5 dur=28.714s seed=2
[EST DONE] 2026-04-20T17:20:05.496669 estimator=MiND k=5 dur=19.971s seed=2
[EST DONE] 2026-04-20T17:20:25.089585 estimator=MiND k=7 dur=34.894s seed=2
[EST DONE] 2026-04-20T17:20:30.249738 estimator=MiND k=7 dur=29.018s seed=2
[EST DONE] 2026-04-20T17:20:31.835595 estimator=DANCo k=5 dur=173.630s seed=2
[EST DONE] 2026-04-20T17:20:33.324561 estimator=MiND k=7 dur=27.828s seed=2
[EST DONE] 2026-04-20T17:20:45.392928 estimator=MiND k=10 dur=20.303s seed=2
[EST DONE] 2026-04-20T17:20:50.981020 estimator=MiND k=10 dur=20.731s seed=2
[EST DONE] 2026-04-20T17:20:52.624743 estimator=MiND k=10 dur=19.300s seed=2
[EST DONE] 2026-04-20T17:21:07.749393 estimator=MiND k=15 dur=22.356s seed=2
[EST DONE] 2026-04-20T17:21:13.434001 estimator=MiND k=15 dur=22.453s seed=2
[EST DONE] 2026-04-20T17:21:14.625907 estimator=MiND k=15 dur=22.001s seed=2
[EST DONE] 2026-04-20T17:23:11.453720 estimator=DANCo k=3 dur=162.235s seed=2
[EST DONE] 2026-04-20T17:23:42.253422 estimator=DANCo k=7 dur=190.418s seed=2
[EST DONE] 2026-04-20T17:26:19.697330 estimator=DANCo k=5 dur=188.243s seed=2
[EST DONE] 2026-04-20T17:27:12.211710 estimator=DANCo k=10 dur=209.958s seed=2
[EST DONE] 2026-04-20T17:29:47.299090 estimator=DANCo k=7 dur=207.602s seed=2
[EST DONE] 2026-04-20T17:30:15.553393 estimator=FisherS (no-k) dur=615.234s seed=2
[EST DONE] 2026-04-20T17:31:19.187375 estimator=DANCo k=15 dur=246.975s seed=2
[EST DONE] 2026-04-20T17:31:47.365306 estimator=FisherS (no-k) dur=639.616s seed=2
[EST DONE] 2026-04-20T17:32:07.640799 estimator=FisherS (no-k) dur=653.015s seed=2
[EST DONE] 2026-04-20T17:32:09.012535 estimator=FisherS (no-k) dur=655.578s seed=2
[EST DONE] 2026-04-20T17:32:24.819117 estimator=MiND k=3 dur=31.769s seed=2
[EST DONE] 2026-04-20T17:33:19.119155 estimator=MiND k=5 dur=54.300s seed=2
[EST DONE] 2026-04-20T17:33:24.387388 estimator=DANCo k=10 dur=217.088s seed=2
[EST DONE] 2026-04-20T17:33:46.277409 estimator=MiND k=7 dur=27.158s seed=2
[EST DONE] 2026-04-20T17:34:17.465081 estimator=MiND k=10 dur=31.187s seed=2
[EST DONE] 2026-04-20T17:34:52.425830 estimator=MiND k=15 dur=34.961s seed=2
[EST DONE] 2026-04-20T17:36:34.464943 estimator=DANCo k=15 dur=190.077s seed=2
[EST DONE] 2026-04-20T17:37:32.723832 estimator=MiND k=3 dur=30.096s seed=2
[EST DONE] 2026-04-20T17:38:10.320736 estimator=MiND k=5 dur=37.597s seed=2
[EST DONE] 2026-04-20T17:38:52.548982 estimator=MiND k=7 dur=42.228s seed=2
[EST DONE] 2026-04-20T17:38:59.037400 estimator=SMAE (no-k) dur=523.484s seed=2
[TASK END] 2026-04-20T17:38:59.037552 manifold=sphere d=7 sigma=0.25 seed=2 duration=2372.982s
[TASK START] 2026-04-20T17:38:59.038836 manifold=sphere d=9 sigma=0.5 n=60000 seed=2
[EST DONE] 2026-04-20T17:39:43.156531 estimator=MiND k=10 dur=50.607s seed=2
[EST DONE] 2026-04-20T17:39:59.091747 estimator=SMAE (no-k) dur=491.726s seed=2
[TASK END] 2026-04-20T17:39:59.091913 manifold=sphere d=7 sigma=1.0 seed=2 duration=2402.261s
[TASK START] 2026-04-20T17:39:59.093101 manifold=sphere d=9 sigma=0.75 n=60000 seed=2
[EST DONE] 2026-04-20T17:40:21.327609 estimator=Levina-Bickel k=3 dur=41.181s seed=2
[EST DONE] 2026-04-20T17:40:29.151791 estimator=SMAE (no-k) dur=501.511s seed=2
[TASK END] 2026-04-20T17:40:29.151999 manifold=sphere d=7 sigma=0.5 seed=2 duration=2440.117s
[TASK START] 2026-04-20T17:40:29.153141 manifold=sphere d=9 sigma=1.0 n=60000 seed=2
[EST DONE] 2026-04-20T17:40:31.680713 estimator=SMAE (no-k) dur=502.668s seed=2
[TASK END] 2026-04-20T17:40:31.680884 manifold=sphere d=7 sigma=0.75 seed=2 duration=2438.244s
[TASK START] 2026-04-20T17:40:31.681938 manifold=sphere d=12 sigma=0.0 n=60000 seed=2
[EST DONE] 2026-04-20T17:40:41.340324 estimator=MiND k=15 dur=58.184s seed=2
[EST DONE] 2026-04-20T17:41:15.350144 estimator=Levina-Bickel k=5 dur=54.022s seed=2
[EST DONE] 2026-04-20T17:41:25.590454 estimator=Levina-Bickel k=3 dur=44.576s seed=2
[EST DONE] 2026-04-20T17:41:34.624528 estimator=FisherS (no-k) dur=402.198s seed=2
[EST DONE] 2026-04-20T17:41:57.006281 estimator=Levina-Bickel k=3 dur=45.567s seed=2
[EST DONE] 2026-04-20T17:42:08.925145 estimator=Levina-Bickel k=7 dur=53.575s seed=2
[EST DONE] 2026-04-20T17:42:15.595087 estimator=Levina-Bickel k=5 dur=50.004s seed=2
[EST DONE] 2026-04-20T17:42:42.606543 estimator=Levina-Bickel k=5 dur=45.600s seed=2
[EST DONE] 2026-04-20T17:43:04.031121 estimator=Levina-Bickel k=10 dur=55.106s seed=2
[EST DONE] 2026-04-20T17:43:17.877716 estimator=Levina-Bickel k=7 dur=62.282s seed=2
[EST DONE] 2026-04-20T17:43:37.339646 estimator=Levina-Bickel k=7 dur=54.733s seed=2
[EST DONE] 2026-04-20T17:44:06.760221 estimator=Levina-Bickel k=15 dur=62.729s seed=2
[EST DONE] 2026-04-20T17:44:13.341985 estimator=Levina-Bickel k=10 dur=55.464s seed=2
[EST DONE] 2026-04-20T17:44:27.599243 estimator=Levina-Bickel k=10 dur=50.259s seed=2
[EST DONE] 2026-04-20T17:44:39.489104 estimator=TwoNN (no-k) dur=32.729s seed=2
[EST DONE] 2026-04-20T17:45:15.877753 estimator=Levina-Bickel k=15 dur=48.278s seed=2
[EST DONE] 2026-04-20T17:45:23.028350 estimator=Levina-Bickel k=3 dur=137.949s seed=2
[EST DONE] 2026-04-20T17:45:35.929325 estimator=Levina-Bickel k=15 dur=82.587s seed=2
[EST DONE] 2026-04-20T17:45:40.482532 estimator=TwoNN (no-k) dur=24.605s seed=2
[EST DONE] 2026-04-20T17:46:14.352438 estimator=TwoNN (no-k) dur=38.423s seed=2
[EST DONE] 2026-04-20T17:46:56.096168 estimator=FisherS (no-k) dur=374.756s seed=2
[EST DONE] 2026-04-20T17:47:20.563685 estimator=lPCA k=3 dur=79.166s seed=2
[EST DONE] 2026-04-20T17:47:37.967250 estimator=Levina-Bickel k=5 dur=134.939s seed=2
[EST DONE] 2026-04-20T17:47:55.120305 estimator=lPCA k=3 dur=63.893s seed=2
[EST DONE] 2026-04-20T17:48:32.164090 estimator=SMAE (no-k) dur=417.539s seed=2
[TASK END] 2026-04-20T17:48:32.164275 manifold=sphere d=9 sigma=0.0 seed=2 duration=2899.884s
[TASK START] 2026-04-20T17:48:32.165730 manifold=sphere d=12 sigma=0.25 n=60000 seed=2
[EST DONE] 2026-04-20T17:48:37.286886 estimator=lPCA k=5 dur=76.723s seed=2
[EST DONE] 2026-04-20T17:48:46.111210 estimator=lPCA k=3 dur=71.903s seed=2
[EST DONE] 2026-04-20T17:49:03.657661 estimator=lPCA k=5 dur=68.537s seed=2
[EST DONE] 2026-04-20T17:49:56.423634 estimator=Levina-Bickel k=7 dur=138.456s seed=2
[EST DONE] 2026-04-20T17:50:04.970479 estimator=lPCA k=7 dur=87.683s seed=2
[EST DONE] 2026-04-20T17:50:10.499879 estimator=lPCA k=5 dur=84.388s seed=2
[EST DONE] 2026-04-20T17:50:22.275002 estimator=lPCA k=7 dur=78.617s seed=2
[EST DONE] 2026-04-20T17:51:40.213323 estimator=lPCA k=10 dur=95.243s seed=2
[EST DONE] 2026-04-20T17:51:40.714349 estimator=lPCA k=7 dur=90.214s seed=2
[EST DONE] 2026-04-20T17:51:42.824032 estimator=lPCA k=10 dur=80.549s seed=2
[EST DONE] 2026-04-20T17:52:00.107659 estimator=Levina-Bickel k=3 dur=110.323s seed=2
[EST DONE] 2026-04-20T17:52:52.247480 estimator=Levina-Bickel k=10 dur=175.824s seed=2
[EST DONE] 2026-04-20T17:53:10.922986 estimator=lPCA k=15 dur=88.099s seed=2
[EST DONE] 2026-04-20T17:53:16.081531 estimator=lPCA k=10 dur=95.367s seed=2
[EST DONE] 2026-04-20T17:53:21.920105 estimator=lPCA k=15 dur=101.707s seed=2
[EST DONE] 2026-04-20T17:53:26.934062 estimator=SMAE (no-k) dur=390.838s seed=2
[TASK END] 2026-04-20T17:53:26.934234 manifold=sphere d=9 sigma=0.25 seed=2 duration=3001.473s
[TASK START] 2026-04-20T17:53:26.935553 manifold=sphere d=12 sigma=0.5 n=60000 seed=2
[EST DONE] 2026-04-20T17:53:55.770800 estimator=Levina-Bickel k=5 dur=115.663s seed=2
[EST DONE] 2026-04-20T17:55:27.613795 estimator=lPCA k=15 dur=131.532s seed=2
[EST DONE] 2026-04-20T17:56:37.567518 estimator=Levina-Bickel k=15 dur=225.320s seed=2
[EST DONE] 2026-04-20T17:57:09.368959 estimator=Levina-Bickel k=7 dur=193.598s seed=2
[EST DONE] 2026-04-20T17:57:19.269292 estimator=DANCo k=3 dur=134.965s seed=2
[EST DONE] 2026-04-20T17:58:19.614910 estimator=DANCo k=3 dur=154.203s seed=2
[EST DONE] 2026-04-20T17:59:28.491275 estimator=TwoNN (no-k) dur=170.923s seed=2
[EST DONE] 2026-04-20T17:59:50.573626 estimator=Levina-Bickel k=3 dur=200.480s seed=2
[EST DONE] 2026-04-20T18:00:06.568475 estimator=DANCo k=5 dur=167.299s seed=2
[EST DONE] 2026-04-20T18:00:39.532332 estimator=DANCo k=3 dur=154.437s seed=2
[EST DONE] 2026-04-20T18:00:45.148777 estimator=Levina-Bickel k=10 dur=215.780s seed=2
[EST DONE] 2026-04-20T18:01:13.951088 estimator=DANCo k=5 dur=174.336s seed=2
[EST DONE] 2026-04-20T18:02:59.448559 estimator=Levina-Bickel k=5 dur=188.875s seed=2
[EST DONE] 2026-04-20T18:03:03.226284 estimator=DANCo k=7 dur=176.658s seed=2
[EST DONE] 2026-04-20T18:03:43.863974 estimator=Levina-Bickel k=15 dur=178.715s seed=2
[EST DONE] 2026-04-20T18:03:44.676232 estimator=DANCo k=5 dur=185.144s seed=2
[EST DONE] 2026-04-20T18:04:28.478643 estimator=DANCo k=7 dur=194.527s seed=2
[EST DONE] 2026-04-20T18:05:30.369530 estimator=TwoNN (no-k) dur=106.505s seed=2
[EST DONE] 2026-04-20T18:06:16.753761 estimator=DANCo k=10 dur=193.527s seed=2
[EST DONE] 2026-04-20T18:06:28.867775 estimator=Levina-Bickel k=7 dur=209.419s seed=2
[EST DONE] 2026-04-20T18:07:26.314364 estimator=DANCo k=7 dur=221.638s seed=2
[EST DONE] 2026-04-20T18:07:51.643576 estimator=DANCo k=10 dur=203.165s seed=2
[EST DONE] 2026-04-20T18:08:03.344713 estimator=lPCA k=3 dur=239.031s seed=2
[EST DONE] 2026-04-20T18:09:47.598827 estimator=DANCo k=15 dur=210.845s seed=2
[EST DONE] 2026-04-20T18:11:06.991799 estimator=DANCo k=10 dur=220.677s seed=2
[EST DONE] 2026-04-20T18:11:21.757666 estimator=Levina-Bickel k=10 dur=292.890s seed=2
[EST DONE] 2026-04-20T18:11:58.130931 estimator=DANCo k=15 dur=246.487s seed=2
[EST DONE] 2026-04-20T18:11:59.358687 estimator=MiND k=3 dur=69.782s seed=2
[EST DONE] 2026-04-20T18:12:34.398654 estimator=MiND k=5 dur=35.040s seed=2
[EST DONE] 2026-04-20T18:12:54.251487 estimator=lPCA k=5 dur=290.907s seed=2
[EST DONE] 2026-04-20T18:13:08.074082 estimator=lPCA k=3 dur=248.936s seed=2
[EST DONE] 2026-04-20T18:13:10.660731 estimator=MiND k=7 dur=36.262s seed=2
[EST DONE] 2026-04-20T18:13:23.351062 estimator=MiND k=3 dur=42.108s seed=2
[EST DONE] 2026-04-20T18:14:14.305143 estimator=MiND k=10 dur=63.644s seed=2
[EST DONE] 2026-04-20T18:14:46.130991 estimator=MiND k=5 dur=82.780s seed=2
[EST DONE] 2026-04-20T18:14:48.471537 estimator=DANCo k=15 dur=221.480s seed=2
[EST DONE] 2026-04-20T18:15:17.353694 estimator=MiND k=15 dur=63.048s seed=2
[EST DONE] 2026-04-20T18:15:40.988108 estimator=MiND k=7 dur=54.857s seed=2
[EST DONE] 2026-04-20T18:16:29.097087 estimator=MiND k=3 dur=53.149s seed=2
[EST DONE] 2026-04-20T18:16:37.573433 estimator=Levina-Bickel k=15 dur=315.816s seed=2
[EST DONE] 2026-04-20T18:16:44.293756 estimator=MiND k=10 dur=63.305s seed=2
[EST DONE] 2026-04-20T18:16:54.727215 estimator=lPCA k=5 dur=226.653s seed=2
[EST DONE] 2026-04-20T18:17:22.730704 estimator=MiND k=5 dur=53.633s seed=2
[EST DONE] 2026-04-20T18:17:33.588210 estimator=lPCA k=7 dur=279.337s seed=2
[EST DONE] 2026-04-20T18:17:50.550536 estimator=MiND k=15 dur=66.257s seed=2
[EST DONE] 2026-04-20T18:18:26.732897 estimator=MiND k=7 dur=64.002s seed=2
[EST DONE] 2026-04-20T18:19:37.677840 estimator=MiND k=10 dur=70.945s seed=2
[EST DONE] 2026-04-20T18:19:51.008865 estimator=TwoNN (no-k) dur=193.435s seed=2
[EST DONE] 2026-04-20T18:20:42.549068 estimator=lPCA k=7 dur=227.822s seed=2
[EST DONE] 2026-04-20T18:20:57.944732 estimator=MiND k=15 dur=80.267s seed=2
[EST DONE] 2026-04-20T18:21:43.782911 estimator=FisherS (no-k) dur=386.429s seed=2
[EST DONE] 2026-04-20T18:22:35.112803 estimator=lPCA k=10 dur=301.524s seed=2
[EST DONE] 2026-04-20T18:24:42.139779 estimator=FisherS (no-k) dur=411.589s seed=2
[EST DONE] 2026-04-20T18:24:53.234267 estimator=lPCA k=10 dur=250.685s seed=2
[EST DONE] 2026-04-20T18:26:30.670262 estimator=lPCA k=3 dur=194.633s seed=2
[EST DONE] 2026-04-20T18:27:33.649111 estimator=lPCA k=15 dur=298.536s seed=2
[EST DONE] 2026-04-20T18:27:37.795060 estimator=FisherS (no-k) dur=399.850s seed=2
[EST DONE] 2026-04-20T18:28:45.869411 estimator=lPCA k=15 dur=232.635s seed=2
[EST DONE] 2026-04-20T18:28:49.230251 estimator=SMAE (no-k) dur=425.447s seed=2
[TASK END] 2026-04-20T18:28:49.230432 manifold=sphere d=9 sigma=1.0 seed=2 duration=2900.077s
[TASK START] 2026-04-20T18:28:49.231588 manifold=sphere d=12 sigma=0.75 n=60000 seed=2
[EST DONE] 2026-04-20T18:29:46.833084 estimator=lPCA k=5 dur=196.163s seed=2
[EST DONE] 2026-04-20T18:32:04.027373 estimator=SMAE (no-k) dur=441.887s seed=2
[TASK END] 2026-04-20T18:32:04.027555 manifold=sphere d=9 sigma=0.5 seed=2 duration=3184.989s
[TASK START] 2026-04-20T18:32:04.036370 manifold=sphere d=12 sigma=1.0 n=60000 seed=2
[EST DONE] 2026-04-20T18:35:44.407086 estimator=Levina-Bickel k=3 dur=282.890s seed=2
[EST DONE] 2026-04-20T18:35:57.113979 estimator=lPCA k=7 dur=370.281s seed=2
[EST DONE] 2026-04-20T18:36:54.246643 estimator=SMAE (no-k) dur=556.451s seed=2
[TASK END] 2026-04-20T18:36:54.246845 manifold=sphere d=9 sigma=0.75 seed=2 duration=3415.154s
[TASK START] 2026-04-20T18:36:54.248064 manifold=sphere d=15 sigma=0.0 n=60000 seed=2
[EST DONE] 2026-04-20T18:37:11.515885 estimator=Levina-Bickel k=3 dur=8.454s seed=2
[EST DONE] 2026-04-20T18:37:20.074949 estimator=Levina-Bickel k=5 dur=8.559s seed=2
[EST DONE] 2026-04-20T18:37:27.815050 estimator=Levina-Bickel k=7 dur=7.740s seed=2
[EST DONE] 2026-04-20T18:37:36.226543 estimator=Levina-Bickel k=10 dur=8.411s seed=2
[EST DONE] 2026-04-20T18:37:44.103769 estimator=Levina-Bickel k=15 dur=7.877s seed=2
[EST DONE] 2026-04-20T18:37:51.304323 estimator=TwoNN (no-k) dur=7.200s seed=2
[EST DONE] 2026-04-20T18:38:39.031876 estimator=Levina-Bickel k=5 dur=174.625s seed=2
[EST DONE] 2026-04-20T18:40:25.947536 estimator=lPCA k=3 dur=105.209s seed=2
[EST DONE] 2026-04-20T18:41:34.360885 estimator=DANCo k=3 dur=480.280s seed=2
[EST DONE] 2026-04-20T18:41:59.149088 estimator=lPCA k=10 dur=362.035s seed=2
[EST DONE] 2026-04-20T18:42:05.952240 estimator=Levina-Bickel k=3 dur=313.097s seed=2
[EST DONE] 2026-04-20T18:42:49.771681 estimator=DANCo k=3 dur=436.205s seed=2
[EST DONE] 2026-04-20T18:42:50.446640 estimator=lPCA k=5 dur=144.499s seed=2
[EST DONE] 2026-04-20T18:43:38.582745 estimator=lPCA k=7 dur=48.136s seed=2
[EST DONE] 2026-04-20T18:43:56.682029 estimator=Levina-Bickel k=7 dur=317.650s seed=2
[EST DONE] 2026-04-20T18:44:27.878488 estimator=lPCA k=10 dur=49.296s seed=2
[EST DONE] 2026-04-20T18:45:20.037039 estimator=lPCA k=15 dur=52.158s seed=2
[EST DONE] 2026-04-20T18:46:02.702911 estimator=Levina-Bickel k=5 dur=236.750s seed=2
[EST DONE] 2026-04-20T18:47:22.254449 estimator=lPCA k=15 dur=323.105s seed=2
[EST DONE] 2026-04-20T18:47:41.055015 estimator=Levina-Bickel k=10 dur=224.373s seed=2
[EST DONE] 2026-04-20T18:51:30.838537 estimator=DANCo k=5 dur=521.067s seed=2
[EST DONE] 2026-04-20T18:52:36.976058 estimator=DANCo k=5 dur=662.615s seed=2
[EST DONE] 2026-04-20T18:55:38.049099 estimator=Levina-Bickel k=7 dur=575.346s seed=2
[EST DONE] 2026-04-20T18:58:06.965490 estimator=DANCo k=3 dur=315.795s seed=2
[EST DONE] 2026-04-20T18:58:08.944267 estimator=Levina-Bickel k=15 dur=627.889s seed=2
[EST DONE] 2026-04-20T19:04:43.085506 estimator=TwoNN (no-k) dur=394.141s seed=2
[EST DONE] 2026-04-20T19:06:37.503877 estimator=DANCo k=7 dur=906.665s seed=2
[EST DONE] 2026-04-20T19:07:07.695974 estimator=DANCo k=7 dur=870.720s seed=2
[EST DONE] 2026-04-20T19:07:12.641876 estimator=DANCo k=5 dur=545.676s seed=2
[EST DONE] 2026-04-20T19:07:38.105660 estimator=Levina-Bickel k=10 dur=720.056s seed=2
[EST DONE] 2026-04-20T19:14:12.055774 estimator=DANCo k=3 dur=821.562s seed=2
[EST DONE] 2026-04-20T19:14:18.589130 estimator=DANCo k=7 dur=425.947s seed=2
[EST DONE] 2026-04-20T19:17:18.909089 estimator=Levina-Bickel k=15 dur=580.803s seed=2
[EST DONE] 2026-04-20T19:21:10.331709 estimator=DANCo k=10 dur=872.828s seed=2
[EST DONE] 2026-04-20T19:23:56.939117 estimator=DANCo k=10 dur=1009.243s seed=2
[EST DONE] 2026-04-20T19:24:00.076779 estimator=lPCA k=3 dur=584.965s seed=2
[EST DONE] 2026-04-20T19:24:00.609183 estimator=DANCo k=10 dur=582.020s seed=2
[EST DONE] 2026-04-20T19:25:49.481827 estimator=TwoNN (no-k) dur=510.573s seed=2
[EST DONE] 2026-04-20T19:27:53.514030 estimator=DANCo k=5 dur=821.458s seed=2
[EST DONE] 2026-04-20T19:32:18.990091 estimator=DANCo k=15 dur=498.381s seed=2
[EST DONE] 2026-04-20T19:32:29.938110 estimator=lPCA k=5 dur=509.861s seed=2
[EST DONE] 2026-04-20T19:32:37.555748 estimator=MiND k=3 dur=10.216s seed=2
[EST DONE] 2026-04-20T19:32:45.218569 estimator=MiND k=5 dur=7.663s seed=2
[EST DONE] 2026-04-20T19:32:58.642550 estimator=MiND k=7 dur=13.424s seed=2
[EST DONE] 2026-04-20T19:33:06.090371 estimator=MiND k=10 dur=7.448s seed=2
[EST DONE] 2026-04-20T19:33:13.677296 estimator=MiND k=15 dur=7.587s seed=2
[EST DONE] 2026-04-20T19:36:36.028867 estimator=DANCo k=15 dur=925.697s seed=2
[EST DONE] 2026-04-20T19:40:39.850495 estimator=DANCo k=15 dur=1002.911s seed=2
[EST DONE] 2026-04-20T19:41:09.406683 estimator=DANCo k=7 dur=795.892s seed=2
[EST DONE] 2026-04-20T19:41:25.127172 estimator=lPCA k=7 dur=535.189s seed=2
[EST DONE] 2026-04-20T19:42:59.094021 estimator=lPCA k=3 dur=448.555s seed=2
[EST DONE] 2026-04-20T19:44:09.466363 estimator=FisherS (no-k) dur=655.789s seed=2
[EST DONE] 2026-04-20T19:44:55.223004 estimator=MiND k=3 dur=160.250s seed=2
[EST DONE] 2026-04-20T19:45:26.977341 estimator=lPCA k=10 dur=241.850s seed=2
[EST DONE] 2026-04-20T19:48:04.845000 estimator=MiND k=3 dur=238.107s seed=2
[EST DONE] 2026-04-20T19:48:37.123114 estimator=lPCA k=5 dur=338.029s seed=2
[EST DONE] 2026-04-20T19:48:38.326477 estimator=DANCo k=10 dur=448.920s seed=2
[EST DONE] 2026-04-20T19:49:04.768745 estimator=MiND k=5 dur=249.546s seed=2
[EST DONE] 2026-04-20T19:50:52.473738 estimator=lPCA k=15 dur=325.496s seed=2
[EST DONE] 2026-04-20T19:51:17.552513 estimator=MiND k=5 dur=192.707s seed=2
[EST DONE] 2026-04-20T19:51:48.856048 estimator=MiND k=7 dur=164.087s seed=2
[EST DONE] 2026-04-20T19:51:57.951250 estimator=SMAE (no-k) dur=468.485s seed=2
[TASK END] 2026-04-20T19:51:57.951434 manifold=sphere d=15 sigma=0.0 seed=2 duration=4503.703s
[TASK START] 2026-04-20T19:51:57.952576 manifold=sphere d=15 sigma=0.25 n=60000 seed=2
[EST DONE] 2026-04-20T19:52:16.841416 estimator=Levina-Bickel k=3 dur=8.417s seed=2
[EST DONE] 2026-04-20T19:52:25.648320 estimator=Levina-Bickel k=5 dur=8.807s seed=2
[EST DONE] 2026-04-20T19:52:33.034413 estimator=Levina-Bickel k=7 dur=7.386s seed=2
[EST DONE] 2026-04-20T19:52:38.878738 estimator=lPCA k=7 dur=241.755s seed=2
[EST DONE] 2026-04-20T19:52:41.814978 estimator=Levina-Bickel k=10 dur=8.780s seed=2
[EST DONE] 2026-04-20T19:52:50.024759 estimator=Levina-Bickel k=15 dur=8.210s seed=2
[EST DONE] 2026-04-20T19:52:58.784420 estimator=TwoNN (no-k) dur=8.759s seed=2
[EST DONE] 2026-04-20T19:55:38.316723 estimator=lPCA k=3 dur=107.887s seed=2
[EST DONE] 2026-04-20T19:56:43.687124 estimator=MiND k=10 dur=294.831s seed=2
[EST DONE] 2026-04-20T19:57:11.164504 estimator=MiND k=7 dur=353.612s seed=2
[EST DONE] 2026-04-20T19:58:06.111514 estimator=DANCo k=15 dur=567.785s seed=2
[EST DONE] 2026-04-20T19:58:10.257288 estimator=lPCA k=5 dur=151.940s seed=2
[EST DONE] 2026-04-20T19:58:57.665361 estimator=lPCA k=7 dur=47.408s seed=2
[EST DONE] 2026-04-20T19:59:49.234659 estimator=lPCA k=10 dur=51.569s seed=2
[EST DONE] 2026-04-20T20:00:26.504714 estimator=lPCA k=10 dur=467.626s seed=2
[EST DONE] 2026-04-20T20:00:44.772853 estimator=lPCA k=15 dur=55.538s seed=2
[EST DONE] 2026-04-20T20:01:08.715220 estimator=MiND k=15 dur=265.028s seed=2
[EST DONE] 2026-04-20T20:01:20.703847 estimator=MiND k=10 dur=249.539s seed=2
[EST DONE] 2026-04-20T20:04:11.368377 estimator=DANCo k=3 dur=372.636s seed=2
[EST DONE] 2026-04-20T20:07:15.950540 estimator=MiND k=3 dur=391.635s seed=2
[EST DONE] 2026-04-20T20:09:35.579595 estimator=lPCA k=15 dur=549.075s seed=2
[EST DONE] 2026-04-20T20:09:51.613021 estimator=MiND k=15 dur=510.909s seed=2
[EST DONE] 2026-04-20T20:12:55.848974 estimator=MiND k=5 dur=339.898s seed=2
[EST DONE] 2026-04-20T20:13:17.445262 estimator=DANCo k=3 dur=343.859s seed=2
[EST DONE] 2026-04-20T20:14:40.643640 estimator=FisherS (no-k) dur=811.928s seed=2
[EST DONE] 2026-04-20T20:15:39.207912 estimator=DANCo k=5 dur=687.839s seed=2
[EST DONE] 2026-04-20T20:21:01.129203 estimator=MiND k=7 dur=485.280s seed=2
[EST DONE] 2026-04-20T20:21:30.002211 estimator=DANCo k=5 dur=492.557s seed=2
[EST DONE] 2026-04-20T20:24:28.093495 estimator=FisherS (no-k) dur=876.480s seed=2
[EST DONE] 2026-04-20T20:29:42.504508 estimator=DANCo k=7 dur=492.502s seed=2
[EST DONE] 2026-04-20T20:29:45.879864 estimator=MiND k=10 dur=524.750s seed=2
[EST DONE] 2026-04-20T20:29:53.727870 estimator=DANCo k=7 dur=854.520s seed=2
[EST DONE] 2026-04-20T20:30:56.915721 estimator=SMAE (no-k) dur=976.272s seed=2
[TASK END] 2026-04-20T20:30:56.915913 manifold=sphere d=12 sigma=0.25 seed=2 duration=9744.750s
[TASK START] 2026-04-20T20:30:56.917482 manifold=sphere d=15 sigma=0.5 n=60000 seed=2
[EST DONE] 2026-04-20T20:31:20.839366 estimator=Levina-Bickel k=3 dur=15.429s seed=2
[EST DONE] 2026-04-20T20:31:28.196564 estimator=Levina-Bickel k=5 dur=7.357s seed=2
[EST DONE] 2026-04-20T20:31:48.529730 estimator=Levina-Bickel k=7 dur=20.333s seed=2
[EST DONE] 2026-04-20T20:31:56.497239 estimator=Levina-Bickel k=10 dur=7.967s seed=2
[EST DONE] 2026-04-20T20:32:21.368185 estimator=Levina-Bickel k=15 dur=24.871s seed=2
[EST DONE] 2026-04-20T20:32:30.745634 estimator=TwoNN (no-k) dur=9.377s seed=2
[EST DONE] 2026-04-20T20:34:08.639130 estimator=DANCo k=3 dur=711.963s seed=2
[EST DONE] 2026-04-20T20:37:32.067741 estimator=MiND k=15 dur=466.188s seed=2
[EST DONE] 2026-04-20T20:37:38.623869 estimator=lPCA k=3 dur=132.134s seed=2
[EST DONE] 2026-04-20T20:37:41.247606 estimator=DANCo k=10 dur=478.743s seed=2
[EST DONE] 2026-04-20T20:39:13.456722 estimator=lPCA k=5 dur=94.833s seed=2
[EST DONE] 2026-04-20T20:42:00.858343 estimator=lPCA k=7 dur=167.401s seed=2
[EST DONE] 2026-04-20T20:42:01.137775 estimator=DANCo k=10 dur=727.410s seed=2
[EST DONE] 2026-04-20T20:43:42.128357 estimator=SMAE (no-k) dur=1154.035s seed=2
[TASK END] 2026-04-20T20:43:42.128527 manifold=sphere d=12 sigma=0.0 seed=2 duration=10990.447s
[TASK START] 2026-04-20T20:43:42.129673 manifold=sphere d=15 sigma=0.75 n=60000 seed=2
[EST DONE] 2026-04-20T20:44:30.494893 estimator=Levina-Bickel k=3 dur=21.835s seed=2
[EST DONE] 2026-04-20T20:44:38.073630 estimator=lPCA k=10 dur=157.215s seed=2
[EST DONE] 2026-04-20T20:44:40.890499 estimator=Levina-Bickel k=5 dur=10.395s seed=2
[EST DONE] 2026-04-20T20:45:06.061353 estimator=Levina-Bickel k=7 dur=25.171s seed=2
[EST DONE] 2026-04-20T20:45:35.139725 estimator=Levina-Bickel k=10 dur=29.078s seed=2
[EST DONE] 2026-04-20T20:45:58.082499 estimator=Levina-Bickel k=15 dur=22.943s seed=2
[EST DONE] 2026-04-20T20:46:06.117419 estimator=TwoNN (no-k) dur=8.035s seed=2
[EST DONE] 2026-04-20T20:48:23.845656 estimator=DANCo k=15 dur=642.598s seed=2
[EST DONE] 2026-04-20T20:48:37.184562 estimator=lPCA k=15 dur=239.111s seed=2
[EST DONE] 2026-04-20T20:49:05.956511 estimator=MiND k=3 dur=14.495s seed=2
[EST DONE] 2026-04-20T20:49:11.183136 estimator=DANCo k=5 dur=902.544s seed=2
[EST DONE] 2026-04-20T20:49:14.365907 estimator=MiND k=5 dur=8.409s seed=2
[EST DONE] 2026-04-20T20:49:24.660261 estimator=MiND k=7 dur=10.294s seed=2
[EST DONE] 2026-04-20T20:49:33.508148 estimator=MiND k=10 dur=8.848s seed=2
[EST DONE] 2026-04-20T20:49:42.061711 estimator=MiND k=15 dur=8.553s seed=2
[EST DONE] 2026-04-20T20:50:29.605486 estimator=lPCA k=3 dur=69.316s seed=2
[EST DONE] 2026-04-20T20:52:46.697791 estimator=lPCA k=5 dur=137.092s seed=2
[EST DONE] 2026-04-20T20:52:50.929686 estimator=FisherS (no-k) dur=918.862s seed=2
[EST DONE] 2026-04-20T20:56:20.044274 estimator=lPCA k=7 dur=213.346s seed=2
[EST DONE] 2026-04-20T20:57:43.382198 estimator=DANCo k=15 dur=942.244s seed=2
[EST DONE] 2026-04-20T20:58:14.478338 estimator=lPCA k=10 dur=114.434s seed=2
[EST DONE] 2026-04-20T21:01:59.469757 estimator=lPCA k=15 dur=224.991s seed=2
[EST DONE] 2026-04-20T21:03:23.580020 estimator=DANCo k=7 dur=852.397s seed=2
[EST DONE] 2026-04-20T21:03:52.403036 estimator=DANCo k=3 dur=489.738s seed=2
[EST DONE] 2026-04-20T21:04:32.026515 estimator=FisherS (no-k) dur=889.965s seed=2
[EST DONE] 2026-04-20T21:10:37.372286 estimator=MiND k=3 dur=387.600s seed=2
[EST DONE] 2026-04-20T21:12:04.320891 estimator=DANCo k=5 dur=491.918s seed=2
[EST DONE] 2026-04-20T21:12:56.308162 estimator=SMAE (no-k) dur=1205.378s seed=2
[TASK END] 2026-04-20T21:12:56.308340 manifold=sphere d=12 sigma=0.5 seed=2 duration=11969.373s
[TASK START] 2026-04-20T21:12:56.309510 manifold=sphere d=15 sigma=1.0 n=60000 seed=2
[EST DONE] 2026-04-20T21:13:26.799175 estimator=Levina-Bickel k=3 dur=14.777s seed=2
[EST DONE] 2026-04-20T21:13:49.092252 estimator=Levina-Bickel k=5 dur=22.293s seed=2
[EST DONE] 2026-04-20T21:14:03.425588 estimator=Levina-Bickel k=7 dur=14.333s seed=2
[EST DONE] 2026-04-20T21:14:22.910074 estimator=Levina-Bickel k=10 dur=19.484s seed=2
[EST DONE] 2026-04-20T21:14:49.012431 estimator=Levina-Bickel k=15 dur=26.102s seed=2
[EST DONE] 2026-04-20T21:14:57.357867 estimator=TwoNN (no-k) dur=8.345s seed=2
[EST DONE] 2026-04-20T21:18:08.917789 estimator=MiND k=5 dur=451.545s seed=2
[EST DONE] 2026-04-20T21:18:24.044711 estimator=DANCo k=3 dur=525.875s seed=2
[EST DONE] 2026-04-20T21:19:27.658353 estimator=DANCo k=10 dur=964.054s seed=2
[EST DONE] 2026-04-20T21:22:02.360051 estimator=lPCA k=3 dur=173.787s seed=2
[EST DONE] 2026-04-20T21:22:32.521499 estimator=DANCo k=7 dur=628.200s seed=2
[EST DONE] 2026-04-20T21:23:42.907851 estimator=lPCA k=5 dur=100.548s seed=2
[EST DONE] 2026-04-20T21:25:43.995084 estimator=SMAE (no-k) dur=1271.968s seed=2
[TASK END] 2026-04-20T21:25:43.995221 manifold=sphere d=15 sigma=0.25 seed=2 duration=5626.043s
[TASK START] 2026-04-20T21:25:43.996423 manifold=torus d=5 sigma=0.0 n=60000 seed=2
[EST DONE] 2026-04-20T21:26:31.759308 estimator=MiND k=7 dur=502.841s seed=2
[EST DONE] 2026-04-20T21:26:37.040846 estimator=Levina-Bickel k=3 dur=31.172s seed=2
[EST DONE] 2026-04-20T21:26:41.006125 estimator=lPCA k=7 dur=178.098s seed=2
[EST DONE] 2026-04-20T21:26:46.959859 estimator=Levina-Bickel k=5 dur=9.919s seed=2
[EST DONE] 2026-04-20T21:27:04.246866 estimator=Levina-Bickel k=7 dur=17.287s seed=2
[EST DONE] 2026-04-20T21:27:11.672658 estimator=Levina-Bickel k=10 dur=7.426s seed=2
[EST DONE] 2026-04-20T21:27:21.464222 estimator=DANCo k=5 dur=537.419s seed=2
[EST DONE] 2026-04-20T21:27:39.608307 estimator=Levina-Bickel k=15 dur=27.935s seed=2
[EST DONE] 2026-04-20T21:27:43.076460 estimator=TwoNN (no-k) dur=3.468s seed=2
[EST DONE] 2026-04-20T21:29:04.522061 estimator=lPCA k=10 dur=143.516s seed=2
[EST DONE] 2026-04-20T21:32:52.630093 estimator=lPCA k=15 dur=228.108s seed=2
[EST DONE] 2026-04-20T21:32:54.094363 estimator=DANCo k=10 dur=621.573s seed=2
[EST DONE] 2026-04-20T21:33:59.958444 estimator=lPCA k=3 dur=218.401s seed=2
[EST DONE] 2026-04-20T21:35:32.453238 estimator=MiND k=10 dur=540.694s seed=2
[EST DONE] 2026-04-20T21:36:31.938825 estimator=DANCo k=15 dur=1024.280s seed=2
[EST DONE] 2026-04-20T21:38:02.879483 estimator=lPCA k=5 dur=242.921s seed=2
[EST DONE] 2026-04-20T21:38:38.580016 estimator=DANCo k=7 dur=677.116s seed=2
[EST DONE] 2026-04-20T21:41:06.904515 estimator=lPCA k=7 dur=184.025s seed=2
[EST DONE] 2026-04-20T21:44:54.972267 estimator=lPCA k=10 dur=228.068s seed=2
[EST DONE] 2026-04-20T21:44:58.706330 estimator=DANCo k=15 dur=724.612s seed=2
[EST DONE] 2026-04-20T21:45:34.261627 estimator=MiND k=3 dur=11.028s seed=2
[EST DONE] 2026-04-20T21:45:49.583857 estimator=MiND k=5 dur=15.322s seed=2
[EST DONE] 2026-04-20T21:45:55.719379 estimator=MiND k=15 dur=623.266s seed=2
[EST DONE] 2026-04-20T21:46:17.820956 estimator=MiND k=7 dur=28.237s seed=2
[EST DONE] 2026-04-20T21:46:33.287912 estimator=MiND k=10 dur=15.467s seed=2
[EST DONE] 2026-04-20T21:47:01.859602 estimator=MiND k=15 dur=28.571s seed=2
[EST DONE] 2026-04-20T21:49:52.978004 estimator=lPCA k=15 dur=298.006s seed=2
[EST DONE] 2026-04-20T21:50:04.012111 estimator=DANCo k=10 dur=685.400s seed=2
[EST DONE] 2026-04-20T21:51:32.938014 estimator=DANCo k=3 dur=552.068s seed=2
[EST DONE] 2026-04-20T21:51:37.164516 estimator=MiND k=3 dur=434.768s seed=2
[EST DONE] 2026-04-20T21:57:22.671122 estimator=DANCo k=3 dur=269.690s seed=2
[EST DONE] 2026-04-20T21:58:36.855319 estimator=MiND k=5 dur=419.691s seed=2
[EST DONE] 2026-04-20T22:00:26.564268 estimator=DANCo k=5 dur=533.626s seed=2
[EST DONE] 2026-04-20T22:00:27.327189 estimator=DANCo k=15 dur=623.315s seed=2
[EST DONE] 2026-04-20T22:00:48.259825 estimator=MiND k=3 dur=9.379s seed=2
[EST DONE] 2026-04-20T22:00:59.012331 estimator=MiND k=5 dur=10.752s seed=2
[EST DONE] 2026-04-20T22:01:08.415613 estimator=MiND k=7 dur=9.403s seed=2
[EST DONE] 2026-04-20T22:01:19.506771 estimator=MiND k=10 dur=11.091s seed=2
[EST DONE] 2026-04-20T22:01:32.775382 estimator=MiND k=15 dur=13.268s seed=2
[EST DONE] 2026-04-20T22:02:05.109357 estimator=DANCo k=5 dur=282.438s seed=2
[EST DONE] 2026-04-20T22:02:43.663681 estimator=FisherS (no-k) dur=1007.944s seed=2
[EST DONE] 2026-04-20T22:03:17.817817 estimator=FisherS (no-k) dur=975.958s seed=2
[EST DONE] 2026-04-20T22:04:26.351577 estimator=MiND k=7 dur=349.496s seed=2
[EST DONE] 2026-04-20T22:05:54.005169 estimator=DANCo k=7 dur=228.896s seed=2
[EST DONE] 2026-04-20T22:07:40.940926 estimator=DANCo k=7 dur=434.376s seed=2
[EST DONE] 2026-04-20T22:09:20.775252 estimator=MiND k=10 dur=294.423s seed=2
[EST DONE] 2026-04-20T22:09:22.261471 estimator=DANCo k=10 dur=208.256s seed=2
[EST DONE] 2026-04-20T22:14:01.768718 estimator=FisherS (no-k) dur=748.993s seed=2
[EST DONE] 2026-04-20T22:14:29.613824 estimator=DANCo k=15 dur=307.352s seed=2
[EST DONE] 2026-04-20T22:15:08.503405 estimator=MiND k=3 dur=5.244s seed=2
[EST DONE] 2026-04-20T22:15:13.192525 estimator=MiND k=5 dur=4.689s seed=2
[EST DONE] 2026-04-20T22:15:18.590070 estimator=MiND k=7 dur=5.397s seed=2
[EST DONE] 2026-04-20T22:15:26.633508 estimator=MiND k=10 dur=8.043s seed=2
[EST DONE] 2026-04-20T22:15:30.625903 estimator=DANCo k=10 dur=469.685s seed=2
[EST DONE] 2026-04-20T22:15:43.528768 estimator=MiND k=15 dur=16.895s seed=2
[EST DONE] 2026-04-20T22:15:46.906216 estimator=MiND k=15 dur=386.131s seed=2
[EST DONE] 2026-04-20T22:17:38.875553 estimator=SMAE (no-k) dur=861.058s seed=2
[TASK END] 2026-04-20T22:17:38.875690 manifold=sphere d=15 sigma=0.5 seed=2 duration=6401.958s
[TASK START] 2026-04-20T22:17:38.876324 manifold=torus d=5 sigma=0.25 n=60000 seed=2
[EST DONE] 2026-04-20T22:17:39.061130 estimator=SMAE (no-k) dur=895.397s seed=2
[TASK END] 2026-04-20T22:17:39.061315 manifold=sphere d=12 sigma=0.75 seed=2 duration=13729.830s
[TASK START] 2026-04-20T22:17:39.062381 manifold=torus d=5 sigma=0.5 n=60000 seed=2
[EST DONE] 2026-04-20T22:18:03.327438 estimator=Levina-Bickel k=3 dur=17.361s seed=2
[EST DONE] 2026-04-20T22:18:14.535899 estimator=Levina-Bickel k=5 dur=11.208s seed=2
[EST DONE] 2026-04-20T22:18:22.820951 estimator=Levina-Bickel k=7 dur=8.285s seed=2
[EST DONE] 2026-04-20T22:18:29.710144 estimator=Levina-Bickel k=3 dur=27.641s seed=2
[EST DONE] 2026-04-20T22:18:51.740567 estimator=Levina-Bickel k=10 dur=28.919s seed=2
[EST DONE] 2026-04-20T22:19:09.945511 estimator=Levina-Bickel k=5 dur=40.235s seed=2
[EST DONE] 2026-04-20T22:19:36.715762 estimator=Levina-Bickel k=15 dur=44.975s seed=2
[EST DONE] 2026-04-20T22:19:41.927763 estimator=TwoNN (no-k) dur=5.212s seed=2
[EST DONE] 2026-04-20T22:19:53.929212 estimator=Levina-Bickel k=7 dur=43.984s seed=2
[EST DONE] 2026-04-20T22:20:54.157555 estimator=Levina-Bickel k=10 dur=60.228s seed=2
[EST DONE] 2026-04-20T22:22:34.246848 estimator=Levina-Bickel k=15 dur=100.089s seed=2
[EST DONE] 2026-04-20T22:23:03.877169 estimator=TwoNN (no-k) dur=29.630s seed=2
[EST DONE] 2026-04-20T22:23:31.467573 estimator=DANCo k=15 dur=480.841s seed=2
[EST DONE] 2026-04-20T22:23:51.806124 estimator=MiND k=3 dur=10.929s seed=2
[EST DONE] 2026-04-20T22:24:02.088390 estimator=MiND k=5 dur=10.282s seed=2
[EST DONE] 2026-04-20T22:24:11.374268 estimator=MiND k=7 dur=9.286s seed=2
[EST DONE] 2026-04-20T22:24:21.116753 estimator=MiND k=10 dur=9.742s seed=2
[EST DONE] 2026-04-20T22:24:27.143876 estimator=lPCA k=3 dur=86.266s seed=2
[EST DONE] 2026-04-20T22:24:30.258615 estimator=MiND k=15 dur=9.142s seed=2
[EST DONE] 2026-04-20T22:25:28.109926 estimator=lPCA k=5 dur=60.966s seed=2
[EST DONE] 2026-04-20T22:25:33.277359 estimator=lPCA k=3 dur=73.623s seed=2
[EST DONE] 2026-04-20T22:25:53.274636 estimator=SMAE (no-k) dur=711.506s seed=2
[TASK END] 2026-04-20T22:25:53.274802 manifold=sphere d=15 sigma=0.75 seed=2 duration=6131.145s
[TASK START] 2026-04-20T22:25:53.276176 manifold=torus d=5 sigma=0.75 n=60000 seed=2
[EST DONE] 2026-04-20T22:26:12.831506 estimator=FisherS (no-k) dur=625.925s seed=2
[EST DONE] 2026-04-20T22:26:21.811662 estimator=FisherS (no-k) dur=638.283s seed=2
[EST DONE] 2026-04-20T22:26:28.358472 estimator=lPCA k=7 dur=60.248s seed=2
[EST DONE] 2026-04-20T22:26:35.433320 estimator=Levina-Bickel k=3 dur=19.105s seed=2
[EST DONE] 2026-04-20T22:26:43.406394 estimator=lPCA k=5 dur=70.129s seed=2
[EST DONE] 2026-04-20T22:26:57.657751 estimator=Levina-Bickel k=5 dur=22.224s seed=2
[EST DONE] 2026-04-20T22:27:27.055701 estimator=lPCA k=10 dur=58.697s seed=2
[EST DONE] 2026-04-20T22:27:27.244879 estimator=Levina-Bickel k=7 dur=29.587s seed=2
[EST DONE] 2026-04-20T22:27:56.100111 estimator=lPCA k=7 dur=72.694s seed=2
[EST DONE] 2026-04-20T22:27:59.748284 estimator=Levina-Bickel k=10 dur=32.503s seed=2
[EST DONE] 2026-04-20T22:28:29.141969 estimator=lPCA k=15 dur=62.086s seed=2
[EST DONE] 2026-04-20T22:28:37.928628 estimator=Levina-Bickel k=15 dur=38.180s seed=2
[EST DONE] 2026-04-20T22:28:54.432199 estimator=TwoNN (no-k) dur=16.503s seed=2
[EST DONE] 2026-04-20T22:29:04.271506 estimator=lPCA k=10 dur=68.171s seed=2
[EST DONE] 2026-04-20T22:30:37.737092 estimator=lPCA k=15 dur=93.465s seed=2
[EST DONE] 2026-04-20T22:31:06.935157 estimator=FisherS (no-k) dur=396.676s seed=2
[EST DONE] 2026-04-20T22:31:36.883087 estimator=lPCA k=3 dur=77.086s seed=2
[EST DONE] 2026-04-20T22:31:50.764035 estimator=DANCo k=3 dur=101.100s seed=2
[EST DONE] 2026-04-20T22:33:06.294751 estimator=lPCA k=5 dur=89.411s seed=2
[EST DONE] 2026-04-20T22:33:54.141215 estimator=DANCo k=5 dur=123.377s seed=2
[EST DONE] 2026-04-20T22:34:29.999352 estimator=SMAE (no-k) dur=497.168s seed=2
[TASK END] 2026-04-20T22:34:29.999513 manifold=sphere d=12 sigma=1.0 seed=2 duration=14545.963s
[TASK START] 2026-04-20T22:34:30.000587 manifold=torus d=5 sigma=1.0 n=60000 seed=2
[EST DONE] 2026-04-20T22:34:48.977408 estimator=lPCA k=7 dur=102.682s seed=2
[EST DONE] 2026-04-20T22:34:50.612648 estimator=DANCo k=3 dur=127.038s seed=2
[EST DONE] 2026-04-20T22:35:14.012538 estimator=SMAE (no-k) dur=532.201s seed=2
[TASK END] 2026-04-20T22:35:14.012687 manifold=torus d=5 sigma=0.0 seed=2 duration=4170.016s
[TASK START] 2026-04-20T22:35:14.013896 manifold=torus d=7 sigma=0.0 n=60000 seed=2
[EST DONE] 2026-04-20T22:35:22.824196 estimator=Levina-Bickel k=3 dur=23.757s seed=2
[EST DONE] 2026-04-20T22:35:53.968821 estimator=Levina-Bickel k=5 dur=31.144s seed=2
[EST DONE] 2026-04-20T22:36:03.335304 estimator=DANCo k=7 dur=129.194s seed=2
[EST DONE] 2026-04-20T22:36:39.171046 estimator=Levina-Bickel k=7 dur=45.202s seed=2
[EST DONE] 2026-04-20T22:36:39.796802 estimator=lPCA k=10 dur=110.819s seed=2
[EST DONE] 2026-04-20T22:37:04.478826 estimator=DANCo k=5 dur=133.866s seed=2
[EST DONE] 2026-04-20T22:37:14.713967 estimator=Levina-Bickel k=3 dur=68.242s seed=2
[EST DONE] 2026-04-20T22:37:24.246417 estimator=Levina-Bickel k=10 dur=45.075s seed=2
[EST DONE] 2026-04-20T22:38:20.541205 estimator=DANCo k=10 dur=137.206s seed=2
[EST DONE] 2026-04-20T22:38:21.275700 estimator=Levina-Bickel k=15 dur=57.029s seed=2
[EST DONE] 2026-04-20T22:38:37.957253 estimator=lPCA k=15 dur=118.160s seed=2
[EST DONE] 2026-04-20T22:38:39.404651 estimator=Levina-Bickel k=5 dur=84.690s seed=2
[EST DONE] 2026-04-20T22:38:55.805817 estimator=TwoNN (no-k) dur=34.530s seed=2
[EST DONE] 2026-04-20T22:39:23.895204 estimator=DANCo k=7 dur=139.416s seed=2
[EST DONE] 2026-04-20T22:40:07.500235 estimator=Levina-Bickel k=7 dur=88.095s seed=2
[EST DONE] 2026-04-20T22:41:22.141507 estimator=DANCo k=15 dur=181.600s seed=2
[EST DONE] 2026-04-20T22:41:26.462388 estimator=SMAE (no-k) dur=619.527s seed=2
[TASK END] 2026-04-20T22:41:26.462538 manifold=sphere d=15 sigma=1.0 seed=2 duration=5310.153s
[TASK START] 2026-04-20T22:41:26.463579 manifold=torus d=7 sigma=0.25 n=60000 seed=2
[EST DONE] 2026-04-20T22:41:39.021082 estimator=MiND k=3 dur=10.838s seed=2
[EST DONE] 2026-04-20T22:41:54.216808 estimator=MiND k=5 dur=15.196s seed=2
[EST DONE] 2026-04-20T22:42:13.946148 estimator=MiND k=7 dur=19.729s seed=2
[EST DONE] 2026-04-20T22:42:20.665594 estimator=DANCo k=10 dur=176.770s seed=2
[EST DONE] 2026-04-20T22:42:22.241790 estimator=lPCA k=3 dur=118.866s seed=2
[EST DONE] 2026-04-20T22:42:26.675414 estimator=MiND k=10 dur=12.729s seed=2
[EST DONE] 2026-04-20T22:42:37.281179 estimator=Levina-Bickel k=10 dur=149.781s seed=2
[EST DONE] 2026-04-20T22:42:45.439405 estimator=MiND k=15 dur=18.764s seed=2
[EST DONE] 2026-04-20T22:43:35.954610 estimator=DANCo k=3 dur=142.428s seed=2
[EST DONE] 2026-04-20T22:43:49.991661 estimator=lPCA k=5 dur=87.750s seed=2
[EST DONE] 2026-04-20T22:44:22.531095 estimator=Levina-Bickel k=3 dur=86.487s seed=2
[EST DONE] 2026-04-20T22:45:19.424562 estimator=Levina-Bickel k=15 dur=162.143s seed=2
[EST DONE] 2026-04-20T22:45:22.796507 estimator=DANCo k=15 dur=182.131s seed=2
[EST DONE] 2026-04-20T22:45:47.324640 estimator=lPCA k=7 dur=117.333s seed=2
[EST DONE] 2026-04-20T22:46:04.242684 estimator=MiND k=3 dur=20.166s seed=2
[EST DONE] 2026-04-20T22:46:19.138342 estimator=TwoNN (no-k) dur=59.714s seed=2
[EST DONE] 2026-04-20T22:46:26.404939 estimator=DANCo k=5 dur=170.450s seed=2
[EST DONE] 2026-04-20T22:46:30.816852 estimator=MiND k=5 dur=26.574s seed=2
[EST DONE] 2026-04-20T22:46:31.427007 estimator=Levina-Bickel k=5 dur=128.896s seed=2
[EST DONE] 2026-04-20T22:46:55.787499 estimator=MiND k=7 dur=24.971s seed=2
[EST DONE] 2026-04-20T22:47:22.281384 estimator=MiND k=10 dur=26.494s seed=2
[EST DONE] 2026-04-20T22:47:29.105426 estimator=lPCA k=10 dur=101.781s seed=2
[EST DONE] 2026-04-20T22:47:53.911094 estimator=MiND k=15 dur=31.630s seed=2
[EST DONE] 2026-04-20T22:48:47.386270 estimator=DANCo k=7 dur=140.981s seed=2
[EST DONE] 2026-04-20T22:48:52.333643 estimator=Levina-Bickel k=7 dur=140.906s seed=2
[EST DONE] 2026-04-20T22:49:37.574949 estimator=lPCA k=15 dur=128.469s seed=2
[EST DONE] 2026-04-20T22:50:20.596088 estimator=FisherS (no-k) dur=455.156s seed=2
[EST DONE] 2026-04-20T22:50:23.794991 estimator=lPCA k=3 dur=108.797s seed=2
[EST DONE] 2026-04-20T22:51:11.133107 estimator=Levina-Bickel k=10 dur=138.799s seed=2
[EST DONE] 2026-04-20T22:51:39.900586 estimator=DANCo k=10 dur=172.514s seed=2
[EST DONE] 2026-04-20T22:52:47.268787 estimator=lPCA k=5 dur=143.474s seed=2
[EST DONE] 2026-04-20T22:53:41.809715 estimator=Levina-Bickel k=15 dur=150.676s seed=2
[EST DONE] 2026-04-20T22:54:34.726819 estimator=DANCo k=3 dur=147.902s seed=2
[EST DONE] 2026-04-20T22:55:03.855984 estimator=TwoNN (no-k) dur=82.046s seed=2
[EST DONE] 2026-04-20T22:55:10.581804 estimator=DANCo k=15 dur=210.681s seed=2
[EST DONE] 2026-04-20T22:55:22.771571 estimator=lPCA k=7 dur=155.503s seed=2
[EST DONE] 2026-04-20T22:55:32.244916 estimator=FisherS (no-k) dur=458.334s seed=2
[EST DONE] 2026-04-20T22:55:50.358576 estimator=MiND k=3 dur=17.812s seed=2
[EST DONE] 2026-04-20T22:56:14.190126 estimator=MiND k=5 dur=23.831s seed=2
[EST DONE] 2026-04-20T22:56:40.720587 estimator=MiND k=7 dur=26.530s seed=2
[EST DONE] 2026-04-20T22:57:04.780708 estimator=DANCo k=5 dur=150.054s seed=2
[EST DONE] 2026-04-20T22:57:12.198518 estimator=MiND k=10 dur=31.478s seed=2
[EST DONE] 2026-04-20T22:57:34.843309 estimator=lPCA k=10 dur=132.072s seed=2
[EST DONE] 2026-04-20T22:57:46.508606 estimator=MiND k=15 dur=34.310s seed=2
[EST DONE] 2026-04-20T22:59:00.186910 estimator=lPCA k=3 dur=112.896s seed=2
[EST DONE] 2026-04-20T22:59:07.170406 estimator=SMAE (no-k) dur=526.574s seed=2
[TASK END] 2026-04-20T22:59:07.170554 manifold=torus d=5 sigma=0.25 seed=2 duration=2488.294s
[TASK START] 2026-04-20T22:59:07.171743 manifold=torus d=7 sigma=0.5 n=60000 seed=2
[EST DONE] 2026-04-20T22:59:24.361762 estimator=DANCo k=7 dur=139.581s seed=2
[EST DONE] 2026-04-20T23:00:42.426481 estimator=lPCA k=15 dur=187.583s seed=2
[EST DONE] 2026-04-20T23:01:10.412613 estimator=lPCA k=5 dur=130.225s seed=2
[EST DONE] 2026-04-20T23:02:04.396066 estimator=DANCo k=10 dur=160.034s seed=2
[EST DONE] 2026-04-20T23:02:51.114641 estimator=Levina-Bickel k=3 dur=114.218s seed=2
[EST DONE] 2026-04-20T23:03:17.841725 estimator=SMAE (no-k) dur=465.597s seed=2
[TASK END] 2026-04-20T23:03:17.841851 manifold=torus d=5 sigma=0.5 seed=2 duration=2738.779s
[TASK START] 2026-04-20T23:03:17.843035 manifold=torus d=7 sigma=0.75 n=60000 seed=2
[EST DONE] 2026-04-20T23:04:52.050076 estimator=lPCA k=7 dur=221.637s seed=2
[EST DONE] 2026-04-20T23:05:57.560047 estimator=FisherS (no-k) dur=491.051s seed=2
[EST DONE] 2026-04-20T23:06:23.935489 estimator=DANCo k=15 dur=259.539s seed=2
[EST DONE] 2026-04-20T23:06:29.663551 estimator=Levina-Bickel k=5 dur=218.549s seed=2
[EST DONE] 2026-04-20T23:07:20.867084 estimator=MiND k=3 dur=29.548s seed=2
[EST DONE] 2026-04-20T23:07:55.052396 estimator=MiND k=5 dur=34.185s seed=2
[EST DONE] 2026-04-20T23:08:56.643611 estimator=MiND k=7 dur=61.591s seed=2
[EST DONE] 2026-04-20T23:09:19.774558 estimator=lPCA k=10 dur=267.724s seed=2
[EST DONE] 2026-04-20T23:10:10.355310 estimator=DANCo k=3 dur=286.670s seed=2
[EST DONE] 2026-04-20T23:10:15.434623 estimator=Levina-Bickel k=7 dur=225.771s seed=2
[EST DONE] 2026-04-20T23:10:24.627905 estimator=MiND k=10 dur=87.984s seed=2
[EST DONE] 2026-04-20T23:10:33.289306 estimator=Levina-Bickel k=3 dur=214.926s seed=2
[EST DONE] 2026-04-20T23:11:07.383835 estimator=MiND k=15 dur=42.756s seed=2
[EST DONE] 2026-04-20T23:13:32.696107 estimator=Levina-Bickel k=10 dur=197.261s seed=2
[EST DONE] 2026-04-20T23:14:09.348697 estimator=Levina-Bickel k=5 dur=216.059s seed=2
[EST DONE] 2026-04-20T23:14:41.464407 estimator=lPCA k=15 dur=321.690s seed=2
[EST DONE] 2026-04-20T23:15:25.329945 estimator=DANCo k=5 dur=314.974s seed=2
[EST DONE] 2026-04-20T23:15:30.380410 estimator=SMAE (no-k) dur=572.820s seed=2
[TASK END] 2026-04-20T23:15:30.380559 manifold=torus d=5 sigma=0.75 seed=2 duration=2977.104s
[TASK START] 2026-04-20T23:15:30.381797 manifold=torus d=7 sigma=1.0 n=60000 seed=2
[EST DONE] 2026-04-20T23:18:43.186934 estimator=Levina-Bickel k=7 dur=273.838s seed=2
[EST DONE] 2026-04-20T23:18:57.572390 estimator=FisherS (no-k) dur=470.188s seed=2
[EST DONE] 2026-04-20T23:19:12.108705 estimator=Levina-Bickel k=15 dur=339.412s seed=2
[EST DONE] 2026-04-20T23:22:15.324425 estimator=DANCo k=7 dur=409.994s seed=2
[EST DONE] 2026-04-20T23:23:14.465040 estimator=TwoNN (no-k) dur=242.356s seed=2
[EST DONE] 2026-04-20T23:24:27.725071 estimator=Levina-Bickel k=3 dur=288.372s seed=2
[EST DONE] 2026-04-20T23:25:22.535119 estimator=Levina-Bickel k=10 dur=399.348s seed=2
[EST DONE] 2026-04-20T23:27:45.780849 estimator=DANCo k=3 dur=368.939s seed=2
[EST DONE] 2026-04-20T23:30:33.859178 estimator=DANCo k=10 dur=498.535s seed=2
[EST DONE] 2026-04-20T23:31:20.383214 estimator=Levina-Bickel k=5 dur=412.658s seed=2
[EST DONE] 2026-04-20T23:32:03.295233 estimator=SMAE (no-k) dur=785.723s seed=2
[TASK END] 2026-04-20T23:32:03.295392 manifold=torus d=5 sigma=1.0 seed=2 duration=3453.295s
[TASK START] 2026-04-20T23:32:03.306609 manifold=torus d=9 sigma=0.0 n=60000 seed=2
[EST DONE] 2026-04-20T23:32:23.779731 estimator=Levina-Bickel k=3 dur=11.181s seed=2
[EST DONE] 2026-04-20T23:32:33.600954 estimator=Levina-Bickel k=5 dur=9.821s seed=2
[EST DONE] 2026-04-20T23:32:50.034210 estimator=Levina-Bickel k=7 dur=16.433s seed=2
[EST DONE] 2026-04-20T23:32:58.626832 estimator=Levina-Bickel k=10 dur=8.592s seed=2
[EST DONE] 2026-04-20T23:32:58.917168 estimator=Levina-Bickel k=15 dur=456.382s seed=2
[EST DONE] 2026-04-20T23:33:02.295808 estimator=lPCA k=3 dur=258.483s seed=2
[EST DONE] 2026-04-20T23:33:13.961341 estimator=Levina-Bickel k=15 dur=15.334s seed=2
[EST DONE] 2026-04-20T23:33:28.900439 estimator=TwoNN (no-k) dur=14.939s seed=2
[EST DONE] 2026-04-20T23:35:55.425277 estimator=DANCo k=5 dur=489.644s seed=2
[EST DONE] 2026-04-20T23:36:38.978819 estimator=lPCA k=3 dur=48.672s seed=2
[EST DONE] 2026-04-20T23:37:57.435718 estimator=TwoNN (no-k) dur=298.518s seed=2
[EST DONE] 2026-04-20T23:38:17.823987 estimator=lPCA k=5 dur=98.845s seed=2
[EST DONE] 2026-04-20T23:39:06.781809 estimator=Levina-Bickel k=7 dur=466.398s seed=2
[EST DONE] 2026-04-20T23:40:05.788517 estimator=DANCo k=15 dur=571.929s seed=2
[EST DONE] 2026-04-20T23:40:09.258444 estimator=lPCA k=5 dur=426.962s seed=2
[EST DONE] 2026-04-20T23:40:15.523444 estimator=lPCA k=7 dur=117.699s seed=2
[EST DONE] 2026-04-20T23:41:13.780469 estimator=lPCA k=10 dur=58.257s seed=2
[EST DONE] 2026-04-20T23:43:37.873742 estimator=lPCA k=15 dur=144.093s seed=2
[EST DONE] 2026-04-20T23:44:53.968289 estimator=DANCo k=7 dur=538.543s seed=2
[EST DONE] 2026-04-20T23:45:13.989536 estimator=MiND k=3 dur=175.311s seed=2
[EST DONE] 2026-04-20T23:46:32.879810 estimator=Levina-Bickel k=10 dur=446.098s seed=2
[EST DONE] 2026-04-20T23:47:03.457287 estimator=lPCA k=7 dur=414.199s seed=2
[EST DONE] 2026-04-20T23:48:31.538670 estimator=MiND k=5 dur=197.549s seed=2
[EST DONE] 2026-04-20T23:51:24.044917 estimator=MiND k=7 dur=172.506s seed=2
[EST DONE] 2026-04-20T23:51:33.795659 estimator=lPCA k=3 dur=378.529s seed=2
[EST DONE] 2026-04-20T23:56:55.085676 estimator=Levina-Bickel k=15 dur=622.206s seed=2
[EST DONE] 2026-04-20T23:57:04.234274 estimator=DANCo k=10 dur=730.266s seed=2
[EST DONE] 2026-04-20T23:57:19.027466 estimator=lPCA k=10 dur=615.570s seed=2
[EST DONE] 2026-04-20T23:57:25.533505 estimator=DANCo k=3 dur=434.303s seed=2
[EST DONE] 2026-04-20T23:57:42.064546 estimator=MiND k=10 dur=378.019s seed=2
[EST DONE] 2026-04-21T00:00:19.991999 estimator=lPCA k=5 dur=526.196s seed=2
[EST DONE] 2026-04-21T00:00:34.963969 estimator=TwoNN (no-k) dur=219.878s seed=2
[EST DONE] 2026-04-21T00:01:26.723372 estimator=MiND k=15 dur=224.659s seed=2
[EST DONE] 2026-04-21T00:02:58.623336 estimator=DANCo k=5 dur=333.090s seed=2
[EST DONE] 2026-04-21T00:03:53.681302 estimator=lPCA k=15 dur=394.654s seed=2
[EST DONE] 2026-04-21T00:09:37.780478 estimator=DANCo k=15 dur=753.546s seed=2
[EST DONE] 2026-04-21T00:11:03.817405 estimator=lPCA k=7 dur=643.825s seed=2
[EST DONE] 2026-04-21T00:11:26.034780 estimator=DANCo k=7 dur=507.411s seed=2
[EST DONE] 2026-04-21T00:14:47.997998 estimator=FisherS (no-k) dur=801.274s seed=2
[EST DONE] 2026-04-21T00:15:54.259215 estimator=MiND k=3 dur=231.638s seed=2
[EST DONE] 2026-04-21T00:18:00.391639 estimator=lPCA k=3 dur=498.667s seed=2
[EST DONE] 2026-04-21T00:19:07.140329 estimator=DANCo k=10 dur=461.105s seed=2
[EST DONE] 2026-04-21T00:19:28.850881 estimator=MiND k=5 dur=214.591s seed=2
[EST DONE] 2026-04-21T00:19:47.921092 estimator=lPCA k=10 dur=524.104s seed=2
[EST DONE] 2026-04-21T00:23:51.576904 estimator=DANCo k=3 dur=523.400s seed=2
[EST DONE] 2026-04-21T00:24:33.127772 estimator=MiND k=7 dur=304.277s seed=2
[EST DONE] 2026-04-21T00:26:49.249618 estimator=lPCA k=5 dur=528.858s seed=2
[EST DONE] 2026-04-21T00:27:42.063921 estimator=DANCo k=15 dur=514.923s seed=2
[EST DONE] 2026-04-21T00:27:58.594260 estimator=MiND k=3 dur=9.049s seed=2
[EST DONE] 2026-04-21T00:28:07.874117 estimator=MiND k=5 dur=9.280s seed=2
[EST DONE] 2026-04-21T00:28:16.564815 estimator=MiND k=7 dur=8.691s seed=2
[EST DONE] 2026-04-21T00:28:25.364903 estimator=MiND k=10 dur=8.800s seed=2
[EST DONE] 2026-04-21T00:28:33.853017 estimator=MiND k=15 dur=8.488s seed=2
[EST DONE] 2026-04-21T00:28:46.017121 estimator=SMAE (no-k) dur=838.019s seed=2
[TASK END] 2026-04-21T00:28:46.017284 manifold=torus d=7 sigma=0.0 seed=2 duration=6812.003s
[TASK START] 2026-04-21T00:28:46.018380 manifold=torus d=9 sigma=0.25 n=60000 seed=2
[EST DONE] 2026-04-21T00:29:05.195774 estimator=Levina-Bickel k=3 dur=8.547s seed=2
[EST DONE] 2026-04-21T00:29:13.809372 estimator=Levina-Bickel k=5 dur=8.613s seed=2
[EST DONE] 2026-04-21T00:29:22.560984 estimator=Levina-Bickel k=7 dur=8.751s seed=2
[EST DONE] 2026-04-21T00:29:32.113977 estimator=Levina-Bickel k=10 dur=9.553s seed=2
[EST DONE] 2026-04-21T00:29:32.767824 estimator=MiND k=10 dur=299.640s seed=2
[EST DONE] 2026-04-21T00:29:41.531512 estimator=Levina-Bickel k=15 dur=9.417s seed=2
[EST DONE] 2026-04-21T00:29:50.525711 estimator=TwoNN (no-k) dur=8.994s seed=2
[EST DONE] 2026-04-21T00:30:08.972821 estimator=lPCA k=15 dur=621.052s seed=2
[EST DONE] 2026-04-21T00:33:15.938419 estimator=DANCo k=5 dur=564.361s seed=2
[EST DONE] 2026-04-21T00:33:16.204084 estimator=lPCA k=3 dur=138.895s seed=2
[EST DONE] 2026-04-21T00:33:45.825137 estimator=lPCA k=7 dur=416.575s seed=2
[EST DONE] 2026-04-21T00:34:01.432573 estimator=MiND k=15 dur=268.665s seed=2
[EST DONE] 2026-04-21T00:34:15.305383 estimator=lPCA k=5 dur=59.101s seed=2
[EST DONE] 2026-04-21T00:35:18.285265 estimator=lPCA k=7 dur=62.980s seed=2
[EST DONE] 2026-04-21T00:37:08.300848 estimator=lPCA k=10 dur=110.015s seed=2
[EST DONE] 2026-04-21T00:38:59.925793 estimator=FisherS (no-k) dur=626.073s seed=2
[EST DONE] 2026-04-21T00:39:18.181558 estimator=lPCA k=15 dur=129.881s seed=2
[EST DONE] 2026-04-21T00:41:52.654450 estimator=lPCA k=10 dur=486.829s seed=2
[EST DONE] 2026-04-21T00:42:41.424417 estimator=DANCo k=7 dur=565.486s seed=2
[EST DONE] 2026-04-21T00:46:31.262810 estimator=FisherS (no-k) dur=749.830s seed=2
[EST DONE] 2026-04-21T00:50:46.327609 estimator=DANCo k=3 dur=711.833s seed=2
[EST DONE] 2026-04-21T00:54:29.768362 estimator=lPCA k=15 dur=757.114s seed=2
[EST DONE] 2026-04-21T00:55:46.702545 estimator=DANCo k=3 dur=525.716s seed=2
[EST DONE] 2026-04-21T00:56:38.934564 estimator=SMAE (no-k) dur=1059.009s seed=2
[TASK END] 2026-04-21T00:56:38.934733 manifold=torus d=9 sigma=0.0 seed=2 duration=5075.628s
[TASK START] 2026-04-21T00:56:38.935790 manifold=torus d=9 sigma=0.5 n=60000 seed=2
[EST DONE] 2026-04-21T00:56:41.917724 estimator=DANCo k=10 dur=840.493s seed=2
[EST DONE] 2026-04-21T00:56:56.187492 estimator=Levina-Bickel k=3 dur=8.491s seed=2
[EST DONE] 2026-04-21T00:57:04.556534 estimator=Levina-Bickel k=5 dur=8.369s seed=2
[EST DONE] 2026-04-21T00:57:12.762460 estimator=Levina-Bickel k=7 dur=8.206s seed=2
[EST DONE] 2026-04-21T00:57:22.510611 estimator=Levina-Bickel k=10 dur=9.748s seed=2
[EST DONE] 2026-04-21T00:57:32.509373 estimator=Levina-Bickel k=15 dur=9.999s seed=2
[EST DONE] 2026-04-21T00:57:41.254972 estimator=TwoNN (no-k) dur=8.745s seed=2
[EST DONE] 2026-04-21T01:02:01.577334 estimator=lPCA k=3 dur=163.826s seed=2
[EST DONE] 2026-04-21T01:03:17.917171 estimator=DANCo k=5 dur=451.214s seed=2
[EST DONE] 2026-04-21T01:04:30.201604 estimator=lPCA k=5 dur=148.624s seed=2
[EST DONE] 2026-04-21T01:05:10.917894 estimator=DANCo k=5 dur=864.590s seed=2
[EST DONE] 2026-04-21T01:05:15.835445 estimator=SMAE (no-k) dur=1124.572s seed=2
[TASK END] 2026-04-21T01:05:15.835620 manifold=torus d=7 sigma=0.25 seed=2 duration=8629.372s
[TASK START] 2026-04-21T01:05:15.844297 manifold=torus d=9 sigma=0.75 n=60000 seed=2
[EST DONE] 2026-04-21T01:05:47.459582 estimator=Levina-Bickel k=3 dur=15.209s seed=2
[EST DONE] 2026-04-21T01:06:03.824763 estimator=Levina-Bickel k=5 dur=16.365s seed=2
[EST DONE] 2026-04-21T01:06:26.409491 estimator=Levina-Bickel k=7 dur=22.585s seed=2
[EST DONE] 2026-04-21T01:06:48.285966 estimator=Levina-Bickel k=10 dur=21.876s seed=2
[EST DONE] 2026-04-21T01:07:00.223530 estimator=Levina-Bickel k=15 dur=11.937s seed=2
[EST DONE] 2026-04-21T01:07:22.237298 estimator=TwoNN (no-k) dur=22.013s seed=2
[EST DONE] 2026-04-21T01:07:54.338421 estimator=lPCA k=7 dur=204.137s seed=2
[EST DONE] 2026-04-21T01:11:07.780575 estimator=lPCA k=10 dur=193.442s seed=2
[EST DONE] 2026-04-21T01:13:31.851769 estimator=lPCA k=3 dur=210.838s seed=2
[EST DONE] 2026-04-21T01:13:40.169210 estimator=DANCo k=15 dur=1018.251s seed=2
[EST DONE] 2026-04-21T01:13:50.150591 estimator=DANCo k=7 dur=632.233s seed=2
[EST DONE] 2026-04-21T01:14:03.721952 estimator=lPCA k=15 dur=175.941s seed=2
[EST DONE] 2026-04-21T01:14:26.945923 estimator=lPCA k=5 dur=55.094s seed=2
[EST DONE] 2026-04-21T01:15:41.277961 estimator=lPCA k=7 dur=74.332s seed=2
[EST DONE] 2026-04-21T01:20:27.066848 estimator=lPCA k=10 dur=285.789s seed=2
[EST DONE] 2026-04-21T01:23:00.398119 estimator=DANCo k=7 dur=1069.480s seed=2
[EST DONE] 2026-04-21T01:25:03.753860 estimator=DANCo k=3 dur=1007.950s seed=2
[EST DONE] 2026-04-21T01:25:21.163489 estimator=lPCA k=15 dur=294.096s seed=2
[EST DONE] 2026-04-21T01:25:46.604445 estimator=MiND k=3 dur=571.935s seed=2
[EST DONE] 2026-04-21T01:25:49.791208 estimator=DANCo k=10 dur=719.640s seed=2
[EST DONE] 2026-04-21T01:33:53.772078 estimator=MiND k=5 dur=487.167s seed=2
[EST DONE] 2026-04-21T01:34:43.045583 estimator=DANCo k=3 dur=573.095s seed=2
[EST DONE] 2026-04-21T01:39:16.632628 estimator=DANCo k=15 dur=806.841s seed=2
[EST DONE] 2026-04-21T01:40:06.958315 estimator=MiND k=3 dur=30.040s seed=2
[EST DONE] 2026-04-21T01:40:46.945001 estimator=MiND k=5 dur=39.987s seed=2
[EST DONE] 2026-04-21T01:41:17.617470 estimator=MiND k=7 dur=30.672s seed=2
[EST DONE] 2026-04-21T01:41:52.191744 estimator=MiND k=10 dur=34.574s seed=2
[EST DONE] 2026-04-21T01:42:31.181486 estimator=MiND k=15 dur=38.990s seed=2
[EST DONE] 2026-04-21T01:42:59.307884 estimator=DANCo k=5 dur=1075.554s seed=2
[EST DONE] 2026-04-21T01:43:43.322923 estimator=DANCo k=10 dur=1242.925s seed=2
[EST DONE] 2026-04-21T01:46:43.313788 estimator=MiND k=7 dur=769.542s seed=2
[EST DONE] 2026-04-21T01:47:36.272880 estimator=DANCo k=3 dur=742.479s seed=2
[EST DONE] 2026-04-21T01:47:36.981559 estimator=DANCo k=5 dur=773.936s seed=2
[EST DONE] 2026-04-21T01:54:24.725693 estimator=MiND k=10 dur=461.412s seed=2
[EST DONE] 2026-04-21T01:56:35.975809 estimator=DANCo k=5 dur=539.703s seed=2
[EST DONE] 2026-04-21T01:56:46.482315 estimator=DANCo k=7 dur=549.501s seed=2
[EST DONE] 2026-04-21T02:00:23.847268 estimator=DANCo k=7 dur=1044.539s seed=2
[EST DONE] 2026-04-21T02:01:05.797607 estimator=FisherS (no-k) dur=1114.616s seed=2
[EST DONE] 2026-04-21T02:03:53.418644 estimator=DANCo k=15 dur=1210.096s seed=2
[EST DONE] 2026-04-21T02:05:34.839806 estimator=MiND k=15 dur=670.114s seed=2
[EST DONE] 2026-04-21T02:09:22.098241 estimator=DANCo k=7 dur=766.122s seed=2
[EST DONE] 2026-04-21T02:10:03.423291 estimator=DANCo k=10 dur=796.941s seed=2
[EST DONE] 2026-04-21T02:21:57.776561 estimator=MiND k=3 dur=670.565s seed=2
[EST DONE] 2026-04-21T02:21:58.670003 estimator=DANCo k=10 dur=1294.823s seed=2
[EST DONE] 2026-04-21T02:22:06.501843 estimator=DANCo k=10 dur=764.403s seed=2
[EST DONE] 2026-04-21T02:23:31.262595 estimator=DANCo k=15 dur=807.839s seed=2
[EST DONE] 2026-04-21T02:23:40.673881 estimator=FisherS (no-k) dur=1085.834s seed=2
[EST DONE] 2026-04-21T02:23:49.957287 estimator=MiND k=3 dur=8.219s seed=2
[EST DONE] 2026-04-21T02:24:01.575203 estimator=MiND k=5 dur=11.618s seed=2
[EST DONE] 2026-04-21T02:24:11.089090 estimator=MiND k=7 dur=9.514s seed=2
[EST DONE] 2026-04-21T02:24:24.324072 estimator=MiND k=10 dur=13.235s seed=2
[EST DONE] 2026-04-21T02:24:27.103272 estimator=SMAE (no-k) dur=1401.305s seed=2
[TASK END] 2026-04-21T02:24:27.103399 manifold=torus d=9 sigma=0.25 seed=2 duration=6941.085s
[TASK START] 2026-04-21T02:24:27.103991 manifold=torus d=9 sigma=1.0 n=60000 seed=2
[EST DONE] 2026-04-21T02:24:35.274655 estimator=MiND k=15 dur=10.950s seed=2
[EST DONE] 2026-04-21T02:24:54.115425 estimator=Levina-Bickel k=3 dur=16.230s seed=2
[EST DONE] 2026-04-21T02:25:03.863665 estimator=Levina-Bickel k=5 dur=9.748s seed=2
[EST DONE] 2026-04-21T02:25:18.899679 estimator=Levina-Bickel k=7 dur=15.036s seed=2
[EST DONE] 2026-04-21T02:25:33.160266 estimator=Levina-Bickel k=10 dur=14.260s seed=2
[EST DONE] 2026-04-21T02:25:43.189099 estimator=Levina-Bickel k=15 dur=10.029s seed=2
[EST DONE] 2026-04-21T02:26:07.909241 estimator=TwoNN (no-k) dur=24.720s seed=2
[EST DONE] 2026-04-21T02:27:19.653675 estimator=MiND k=5 dur=321.877s seed=2
[EST DONE] 2026-04-21T02:30:49.595768 estimator=lPCA k=3 dur=160.288s seed=2
[EST DONE] 2026-04-21T02:31:34.953489 estimator=DANCo k=15 dur=568.451s seed=2
[EST DONE] 2026-04-21T02:31:54.929733 estimator=lPCA k=5 dur=65.334s seed=2
[EST DONE] 2026-04-21T02:31:54.963781 estimator=MiND k=3 dur=10.996s seed=2
[EST DONE] 2026-04-21T02:32:09.868847 estimator=MiND k=5 dur=14.905s seed=2
[EST DONE] 2026-04-21T02:32:19.707671 estimator=MiND k=7 dur=9.839s seed=2
[EST DONE] 2026-04-21T02:32:32.005299 estimator=MiND k=10 dur=12.297s seed=2
[EST DONE] 2026-04-21T02:32:40.242296 estimator=MiND k=15 dur=8.237s seed=2
[EST DONE] 2026-04-21T02:32:41.128505 estimator=MiND k=7 dur=321.475s seed=2
[EST DONE] 2026-04-21T02:33:44.841757 estimator=lPCA k=7 dur=109.912s seed=2
[EST DONE] 2026-04-21T02:36:17.866665 estimator=lPCA k=10 dur=153.025s seed=2
[EST DONE] 2026-04-21T02:37:38.729021 estimator=DANCo k=15 dur=940.059s seed=2
[EST DONE] 2026-04-21T02:38:17.937929 estimator=lPCA k=15 dur=120.071s seed=2
[EST DONE] 2026-04-21T02:38:20.172659 estimator=FisherS (no-k) dur=824.898s seed=2
[EST DONE] 2026-04-21T02:38:32.398813 estimator=MiND k=10 dur=351.270s seed=2
[EST DONE] 2026-04-21T02:38:33.668681 estimator=SMAE (no-k) dur=892.995s seed=2
[TASK END] 2026-04-21T02:38:33.668854 manifold=torus d=7 sigma=0.5 seed=2 duration=13166.497s
[TASK START] 2026-04-21T02:38:33.669869 manifold=torus d=12 sigma=0.0 n=60000 seed=2
[EST DONE] 2026-04-21T02:38:51.970647 estimator=Levina-Bickel k=3 dur=9.390s seed=2
[EST DONE] 2026-04-21T02:39:01.468461 estimator=Levina-Bickel k=5 dur=9.498s seed=2
[EST DONE] 2026-04-21T02:39:12.346826 estimator=Levina-Bickel k=7 dur=10.878s seed=2
[EST DONE] 2026-04-21T02:39:22.389863 estimator=Levina-Bickel k=10 dur=10.043s seed=2
[EST DONE] 2026-04-21T02:39:33.959750 estimator=Levina-Bickel k=15 dur=11.570s seed=2
[EST DONE] 2026-04-21T02:39:43.481946 estimator=TwoNN (no-k) dur=9.522s seed=2
[EST DONE] 2026-04-21T02:44:09.278060 estimator=lPCA k=3 dur=170.179s seed=2
[EST DONE] 2026-04-21T02:45:20.675913 estimator=FisherS (no-k) dur=760.433s seed=2
[EST DONE] 2026-04-21T02:45:22.208676 estimator=lPCA k=5 dur=72.930s seed=2
[EST DONE] 2026-04-21T02:45:39.885510 estimator=MiND k=15 dur=427.486s seed=2
[EST DONE] 2026-04-21T02:46:26.961236 estimator=MiND k=3 dur=254.643s seed=2
[EST DONE] 2026-04-21T02:46:29.271428 estimator=lPCA k=7 dur=67.063s seed=2
[EST DONE] 2026-04-21T02:48:50.474878 estimator=lPCA k=10 dur=141.203s seed=2
[EST DONE] 2026-04-21T02:51:10.935834 estimator=lPCA k=15 dur=140.461s seed=2
[EST DONE] 2026-04-21T02:51:29.871252 estimator=DANCo k=3 dur=390.131s seed=2
[EST DONE] 2026-04-21T02:51:48.045842 estimator=SMAE (no-k) dur=807.873s seed=2
[TASK END] 2026-04-21T02:51:48.046079 manifold=torus d=9 sigma=0.5 seed=2 duration=6909.110s
[TASK START] 2026-04-21T02:51:48.047421 manifold=torus d=12 sigma=0.25 n=60000 seed=2
[EST DONE] 2026-04-21T02:51:48.405179 estimator=MiND k=5 dur=321.444s seed=2
[EST DONE] 2026-04-21T02:52:09.390024 estimator=Levina-Bickel k=3 dur=9.573s seed=2
[EST DONE] 2026-04-21T02:52:20.112283 estimator=Levina-Bickel k=5 dur=10.722s seed=2
[EST DONE] 2026-04-21T02:52:30.349007 estimator=Levina-Bickel k=7 dur=10.237s seed=2
[EST DONE] 2026-04-21T02:52:41.339225 estimator=Levina-Bickel k=10 dur=10.990s seed=2
[EST DONE] 2026-04-21T02:52:53.177990 estimator=Levina-Bickel k=15 dur=11.839s seed=2
[EST DONE] 2026-04-21T02:53:04.547918 estimator=TwoNN (no-k) dur=11.370s seed=2
[EST DONE] 2026-04-21T02:59:51.475073 estimator=lPCA k=3 dur=243.078s seed=2
[EST DONE] 2026-04-21T03:00:23.502231 estimator=FisherS (no-k) dur=883.617s seed=2
[EST DONE] 2026-04-21T03:00:35.196270 estimator=MiND k=7 dur=526.791s seed=2
[EST DONE] 2026-04-21T03:00:49.027936 estimator=DANCo k=5 dur=559.157s seed=2
[EST DONE] 2026-04-21T03:01:08.651751 estimator=lPCA k=5 dur=77.177s seed=2
[EST DONE] 2026-04-21T03:01:34.618492 estimator=SMAE (no-k) dur=973.942s seed=2
[TASK END] 2026-04-21T03:01:34.618655 manifold=torus d=9 sigma=0.75 seed=2 duration=6978.774s
[TASK START] 2026-04-21T03:01:34.619896 manifold=torus d=12 sigma=0.5 n=60000 seed=2
[EST DONE] 2026-04-21T03:01:55.417132 estimator=Levina-Bickel k=3 dur=9.769s seed=2
[EST DONE] 2026-04-21T03:02:07.672505 estimator=Levina-Bickel k=5 dur=12.255s seed=2
[EST DONE] 2026-04-21T03:02:17.066818 estimator=Levina-Bickel k=7 dur=9.394s seed=2
[EST DONE] 2026-04-21T03:02:30.074591 estimator=Levina-Bickel k=10 dur=13.008s seed=2
[EST DONE] 2026-04-21T03:02:42.208057 estimator=Levina-Bickel k=15 dur=12.133s seed=2
[EST DONE] 2026-04-21T03:02:52.958468 estimator=lPCA k=7 dur=104.307s seed=2
[EST DONE] 2026-04-21T03:02:58.217019 estimator=TwoNN (no-k) dur=16.009s seed=2
[EST DONE] 2026-04-21T03:05:24.480636 estimator=lPCA k=10 dur=151.522s seed=2
[EST DONE] 2026-04-21T03:08:08.218272 estimator=MiND k=10 dur=453.022s seed=2
[EST DONE] 2026-04-21T03:08:10.615212 estimator=lPCA k=3 dur=205.824s seed=2
[EST DONE] 2026-04-21T03:09:46.183792 estimator=lPCA k=15 dur=261.703s seed=2
[EST DONE] 2026-04-21T03:10:24.945568 estimator=DANCo k=7 dur=575.917s seed=2
[EST DONE] 2026-04-21T03:11:11.338212 estimator=lPCA k=5 dur=180.723s seed=2
[EST DONE] 2026-04-21T03:12:51.328643 estimator=lPCA k=7 dur=99.990s seed=2
[EST DONE] 2026-04-21T03:16:04.897385 estimator=DANCo k=3 dur=823.846s seed=2
[EST DONE] 2026-04-21T03:17:30.169741 estimator=lPCA k=10 dur=278.841s seed=2
[EST DONE] 2026-04-21T03:19:09.060020 estimator=MiND k=15 dur=660.842s seed=2
[EST DONE] 2026-04-21T03:19:38.743894 estimator=SMAE (no-k) dur=1155.241s seed=2
[TASK END] 2026-04-21T03:19:38.744063 manifold=torus d=7 sigma=0.75 seed=2 duration=15380.901s
[TASK START] 2026-04-21T03:19:38.745297 manifold=torus d=12 sigma=0.75 n=60000 seed=2
[EST DONE] 2026-04-21T03:20:30.291421 estimator=Levina-Bickel k=3 dur=14.954s seed=2
[EST DONE] 2026-04-21T03:20:41.676021 estimator=Levina-Bickel k=5 dur=11.384s seed=2
[EST DONE] 2026-04-21T03:20:58.231172 estimator=Levina-Bickel k=7 dur=16.555s seed=2
[EST DONE] 2026-04-21T03:21:15.594623 estimator=Levina-Bickel k=10 dur=17.363s seed=2
[EST DONE] 2026-04-21T03:21:27.895990 estimator=Levina-Bickel k=15 dur=12.301s seed=2
[EST DONE] 2026-04-21T03:21:31.400552 estimator=lPCA k=15 dur=241.231s seed=2
[EST DONE] 2026-04-21T03:21:41.916365 estimator=TwoNN (no-k) dur=14.020s seed=2
[EST DONE] 2026-04-21T03:22:50.722041 estimator=DANCo k=10 dur=745.776s seed=2
[EST DONE] 2026-04-21T03:28:22.737292 estimator=lPCA k=3 dur=205.600s seed=2
[EST DONE] 2026-04-21T03:33:52.177872 estimator=lPCA k=5 dur=329.440s seed=2
[EST DONE] 2026-04-21T03:35:15.428587 estimator=DANCo k=5 dur=1150.531s seed=2
[EST DONE] 2026-04-21T03:37:37.619755 estimator=lPCA k=7 dur=225.442s seed=2
[EST DONE] 2026-04-21T03:38:43.875657 estimator=DANCo k=15 dur=953.153s seed=2
[EST DONE] 2026-04-21T03:39:13.009849 estimator=MiND k=3 dur=19.453s seed=2
[EST DONE] 2026-04-21T03:39:24.398631 estimator=MiND k=5 dur=11.389s seed=2
[EST DONE] 2026-04-21T03:39:39.563813 estimator=MiND k=7 dur=15.165s seed=2
[EST DONE] 2026-04-21T03:39:53.028964 estimator=lPCA k=10 dur=135.409s seed=2
[EST DONE] 2026-04-21T03:40:02.005471 estimator=MiND k=10 dur=22.442s seed=2
[EST DONE] 2026-04-21T03:40:18.716299 estimator=MiND k=15 dur=16.711s seed=2
[EST DONE] 2026-04-21T03:40:27.945406 estimator=DANCo k=3 dur=996.121s seed=2
[EST DONE] 2026-04-21T03:42:05.425660 estimator=FisherS (no-k) dur=1376.365s seed=2
[EST DONE] 2026-04-21T03:43:08.175026 estimator=lPCA k=15 dur=195.146s seed=2
[EST DONE] 2026-04-21T03:53:01.433423 estimator=DANCo k=7 dur=1066.005s seed=2
[EST DONE] 2026-04-21T03:53:48.978677 estimator=DANCo k=3 dur=940.370s seed=2
[EST DONE] 2026-04-21T03:56:35.972596 estimator=DANCo k=5 dur=968.027s seed=2
[EST DONE] 2026-04-21T04:01:45.227422 estimator=FisherS (no-k) dur=1286.511s seed=2
[EST DONE] 2026-04-21T04:08:04.229539 estimator=SMAE (no-k) dur=1558.804s seed=2
[TASK END] 2026-04-21T04:08:04.229691 manifold=torus d=7 sigma=1.0 seed=2 duration=17553.848s
[TASK START] 2026-04-21T04:08:04.230820 manifold=torus d=12 sigma=1.0 n=60000 seed=2
[EST DONE] 2026-04-21T04:09:12.393036 estimator=Levina-Bickel k=3 dur=36.809s seed=2
[EST DONE] 2026-04-21T04:09:31.487808 estimator=Levina-Bickel k=5 dur=19.095s seed=2
[EST DONE] 2026-04-21T04:09:46.257302 estimator=Levina-Bickel k=7 dur=14.769s seed=2
[EST DONE] 2026-04-21T04:09:58.332262 estimator=Levina-Bickel k=10 dur=12.075s seed=2
[EST DONE] 2026-04-21T04:10:12.265325 estimator=Levina-Bickel k=15 dur=13.933s seed=2
[EST DONE] 2026-04-21T04:10:26.297874 estimator=TwoNN (no-k) dur=14.032s seed=2
[EST DONE] 2026-04-21T04:10:46.176435 estimator=DANCo k=10 dur=1064.743s seed=2
[EST DONE] 2026-04-21T04:10:56.973453 estimator=DANCo k=5 dur=1027.995s seed=2
[EST DONE] 2026-04-21T04:12:48.609814 estimator=DANCo k=3 dur=911.334s seed=2
[EST DONE] 2026-04-21T04:13:30.275961 estimator=DANCo k=7 dur=1014.303s seed=2
[EST DONE] 2026-04-21T04:13:47.707575 estimator=lPCA k=3 dur=113.304s seed=2
[EST DONE] 2026-04-21T04:17:45.517436 estimator=lPCA k=5 dur=237.810s seed=2
[EST DONE] 2026-04-21T04:24:02.180198 estimator=lPCA k=7 dur=376.663s seed=2
[EST DONE] 2026-04-21T04:27:53.286724 estimator=SMAE (no-k) dur=1568.059s seed=2
[TASK END] 2026-04-21T04:27:53.286919 manifold=torus d=9 sigma=1.0 seed=2 duration=7406.183s
[TASK START] 2026-04-21T04:27:53.287718 manifold=torus d=15 sigma=0.0 n=60000 seed=2
[EST DONE] 2026-04-21T04:28:10.592229 estimator=lPCA k=10 dur=248.412s seed=2
[EST DONE] 2026-04-21T04:28:26.056714 estimator=Levina-Bickel k=3 dur=15.412s seed=2
[EST DONE] 2026-04-21T04:28:45.908254 estimator=Levina-Bickel k=5 dur=19.851s seed=2
[EST DONE] 2026-04-21T04:28:56.068262 estimator=Levina-Bickel k=7 dur=10.160s seed=2
[EST DONE] 2026-04-21T04:29:01.357800 estimator=DANCo k=7 dur=1084.384s seed=2
[EST DONE] 2026-04-21T04:29:12.671420 estimator=Levina-Bickel k=10 dur=16.603s seed=2
[EST DONE] 2026-04-21T04:29:26.978699 estimator=Levina-Bickel k=15 dur=14.307s seed=2
[EST DONE] 2026-04-21T04:29:40.189160 estimator=TwoNN (no-k) dur=13.210s seed=2
[EST DONE] 2026-04-21T04:29:57.470789 estimator=DANCo k=5 dur=1028.861s seed=2
[EST DONE] 2026-04-21T04:30:25.821369 estimator=lPCA k=15 dur=135.229s seed=2
[EST DONE] 2026-04-21T04:30:31.457928 estimator=DANCo k=15 dur=1185.281s seed=2
[EST DONE] 2026-04-21T04:30:52.322518 estimator=MiND k=3 dur=9.175s seed=2
[EST DONE] 2026-04-21T04:31:06.095961 estimator=MiND k=5 dur=13.773s seed=2
[EST DONE] 2026-04-21T04:31:15.959346 estimator=MiND k=7 dur=9.863s seed=2
[EST DONE] 2026-04-21T04:31:29.894814 estimator=MiND k=10 dur=13.935s seed=2
[EST DONE] 2026-04-21T04:31:41.538457 estimator=MiND k=15 dur=11.644s seed=2
[EST DONE] 2026-04-21T04:32:18.714285 estimator=DANCo k=10 dur=1128.430s seed=2
[EST DONE] 2026-04-21T04:33:26.331367 estimator=lPCA k=3 dur=133.315s seed=2
[EST DONE] 2026-04-21T04:39:33.532463 estimator=lPCA k=5 dur=367.201s seed=2
[EST DONE] 2026-04-21T04:42:29.031112 estimator=lPCA k=7 dur=175.498s seed=2
[EST DONE] 2026-04-21T04:47:04.622252 estimator=lPCA k=10 dur=275.591s seed=2
[EST DONE] 2026-04-21T04:47:05.316242 estimator=DANCo k=7 dur=1027.845s seed=2
[EST DONE] 2026-04-21T04:47:11.682561 estimator=DANCo k=10 dur=1090.325s seed=2
[EST DONE] 2026-04-21T04:48:44.509011 estimator=lPCA k=15 dur=99.887s seed=2
[EST DONE] 2026-04-21T04:52:13.512564 estimator=FisherS (no-k) dur=1231.974s seed=2
[EST DONE] 2026-04-21T04:54:47.509165 estimator=DANCo k=15 dur=1348.795s seed=2
[EST DONE] 2026-04-21T04:55:33.637584 estimator=MiND k=3 dur=35.766s seed=2
[EST DONE] 2026-04-21T04:56:11.456418 estimator=MiND k=5 dur=37.819s seed=2
[EST DONE] 2026-04-21T04:56:38.643058 estimator=MiND k=7 dur=27.187s seed=2
[EST DONE] 2026-04-21T04:56:57.331541 estimator=MiND k=10 dur=18.688s seed=2
[EST DONE] 2026-04-21T04:57:28.142202 estimator=MiND k=15 dur=30.811s seed=2
[EST DONE] 2026-04-21T05:02:10.001314 estimator=DANCo k=3 dur=941.876s seed=2
[EST DONE] 2026-04-21T05:03:17.837240 estimator=DANCo k=10 dur=972.521s seed=2
[EST DONE] 2026-04-21T05:05:16.421349 estimator=DANCo k=15 dur=1084.739s seed=2
[EST DONE] 2026-04-21T05:05:48.755600 estimator=MiND k=3 dur=19.882s seed=2
[EST DONE] 2026-04-21T05:06:07.252274 estimator=MiND k=5 dur=18.497s seed=2
[EST DONE] 2026-04-21T05:06:22.448563 estimator=MiND k=7 dur=15.196s seed=2
[EST DONE] 2026-04-21T05:06:44.171992 estimator=MiND k=10 dur=21.723s seed=2
[EST DONE] 2026-04-21T05:07:09.396755 estimator=MiND k=15 dur=25.173s seed=2
[EST DONE] 2026-04-21T05:15:12.088949 estimator=DANCo k=5 dur=782.087s seed=2
[EST DONE] 2026-04-21T05:15:59.490971 estimator=SMAE (no-k) dur=1425.978s seed=2
[TASK END] 2026-04-21T05:15:59.491126 manifold=torus d=12 sigma=0.0 seed=2 duration=9445.821s
[TASK START] 2026-04-21T05:15:59.492126 manifold=torus d=15 sigma=0.25 n=60000 seed=2
[EST DONE] 2026-04-21T05:16:43.784627 estimator=Levina-Bickel k=3 dur=13.355s seed=2
[EST DONE] 2026-04-21T05:16:56.621599 estimator=FisherS (no-k) dur=1168.479s seed=2
[EST DONE] 2026-04-21T05:16:57.351352 estimator=Levina-Bickel k=5 dur=13.567s seed=2
[EST DONE] 2026-04-21T05:17:11.162387 estimator=Levina-Bickel k=7 dur=13.811s seed=2
[EST DONE] 2026-04-21T05:17:24.208641 estimator=Levina-Bickel k=10 dur=13.046s seed=2
[EST DONE] 2026-04-21T05:17:35.573568 estimator=Levina-Bickel k=15 dur=11.365s seed=2
[EST DONE] 2026-04-21T05:17:50.491773 estimator=TwoNN (no-k) dur=14.918s seed=2
[EST DONE] 2026-04-21T05:18:36.584631 estimator=DANCo k=15 dur=918.747s seed=2
[EST DONE] 2026-04-21T05:19:02.897684 estimator=MiND k=3 dur=14.975s seed=2
[EST DONE] 2026-04-21T05:19:17.001438 estimator=MiND k=5 dur=14.104s seed=2
[EST DONE] 2026-04-21T05:19:37.946223 estimator=MiND k=7 dur=20.945s seed=2
[EST DONE] 2026-04-21T05:19:56.895798 estimator=MiND k=10 dur=18.949s seed=2
[EST DONE] 2026-04-21T05:20:14.671177 estimator=MiND k=15 dur=17.775s seed=2
[EST DONE] 2026-04-21T05:23:02.790991 estimator=lPCA k=3 dur=178.002s seed=2
[EST DONE] 2026-04-21T05:24:20.622185 estimator=DANCo k=3 dur=976.447s seed=2
[EST DONE] 2026-04-21T05:24:48.075026 estimator=lPCA k=5 dur=105.284s seed=2
[EST DONE] 2026-04-21T05:25:01.663147 estimator=FisherS (no-k) dur=1072.266s seed=2
[EST DONE] 2026-04-21T05:26:11.115883 estimator=lPCA k=7 dur=83.041s seed=2
[EST DONE] 2026-04-21T05:27:06.339233 estimator=DANCo k=7 dur=714.250s seed=2
[EST DONE] 2026-04-21T05:28:37.945151 estimator=lPCA k=10 dur=146.829s seed=2
[EST DONE] 2026-04-21T05:31:38.014530 estimator=lPCA k=15 dur=180.069s seed=2
[EST DONE] 2026-04-21T05:33:51.907573 estimator=SMAE (no-k) dur=1015.286s seed=2
[TASK END] 2026-04-21T05:33:51.907725 manifold=torus d=12 sigma=0.25 seed=2 duration=9723.860s
[TASK START] 2026-04-21T05:33:51.908582 manifold=torus d=15 sigma=0.5 n=60000 seed=2
[EST DONE] 2026-04-21T05:34:30.308327 estimator=Levina-Bickel k=3 dur=24.719s seed=2
[EST DONE] 2026-04-21T05:35:08.376407 estimator=Levina-Bickel k=5 dur=38.068s seed=2
[EST DONE] 2026-04-21T05:35:23.425554 estimator=Levina-Bickel k=7 dur=15.049s seed=2
[EST DONE] 2026-04-21T05:35:56.194232 estimator=Levina-Bickel k=10 dur=32.768s seed=2
[EST DONE] 2026-04-21T05:36:34.690134 estimator=Levina-Bickel k=15 dur=38.496s seed=2
[EST DONE] 2026-04-21T05:37:00.837416 estimator=TwoNN (no-k) dur=26.147s seed=2
[EST DONE] 2026-04-21T05:37:12.190414 estimator=FisherS (no-k) dur=1017.519s seed=2
[EST DONE] 2026-04-21T05:41:28.528164 estimator=DANCo k=5 dur=1027.906s seed=2
[EST DONE] 2026-04-21T05:41:58.348676 estimator=lPCA k=3 dur=130.835s seed=2
[EST DONE] 2026-04-21T05:42:28.542651 estimator=DANCo k=10 dur=922.203s seed=2
[EST DONE] 2026-04-21T05:43:11.367270 estimator=SMAE (no-k) dur=1089.704s seed=2
[TASK END] 2026-04-21T05:43:11.367455 manifold=torus d=12 sigma=0.5 seed=2 duration=9696.748s
[TASK START] 2026-04-21T05:43:11.368727 manifold=torus d=15 sigma=0.75 n=60000 seed=2
[EST DONE] 2026-04-21T05:43:20.866578 estimator=lPCA k=5 dur=82.518s seed=2
[EST DONE] 2026-04-21T05:43:44.971171 estimator=Levina-Bickel k=3 dur=19.924s seed=2
[EST DONE] 2026-04-21T05:43:54.089533 estimator=Levina-Bickel k=5 dur=9.118s seed=2
[EST DONE] 2026-04-21T05:44:07.582615 estimator=Levina-Bickel k=7 dur=13.493s seed=2
[EST DONE] 2026-04-21T05:44:24.719184 estimator=Levina-Bickel k=10 dur=17.136s seed=2
[EST DONE] 2026-04-21T05:44:47.150698 estimator=Levina-Bickel k=15 dur=22.431s seed=2
[EST DONE] 2026-04-21T05:45:05.977133 estimator=TwoNN (no-k) dur=18.826s seed=2
[EST DONE] 2026-04-21T05:46:36.846366 estimator=lPCA k=7 dur=195.980s seed=2
[EST DONE] 2026-04-21T05:51:01.303393 estimator=lPCA k=10 dur=264.457s seed=2
[EST DONE] 2026-04-21T05:51:26.317843 estimator=lPCA k=3 dur=192.030s seed=2
[EST DONE] 2026-04-21T05:54:37.888073 estimator=lPCA k=5 dur=191.570s seed=2
[EST DONE] 2026-04-21T05:54:50.691263 estimator=lPCA k=15 dur=229.388s seed=2
[EST DONE] 2026-04-21T05:57:55.525957 estimator=lPCA k=7 dur=197.638s seed=2
[EST DONE] 2026-04-21T05:58:43.107809 estimator=SMAE (no-k) dur=1290.917s seed=2
[TASK END] 2026-04-21T05:58:43.107991 manifold=torus d=12 sigma=0.75 seed=2 duration=9544.363s
[TASK START] 2026-04-21T05:58:43.116366 manifold=torus d=15 sigma=1.0 n=60000 seed=2
[EST DONE] 2026-04-21T05:59:20.283293 estimator=Levina-Bickel k=3 dur=21.682s seed=2
[EST DONE] 2026-04-21T05:59:33.085678 estimator=Levina-Bickel k=5 dur=12.802s seed=2
[EST DONE] 2026-04-21T05:59:57.902205 estimator=Levina-Bickel k=7 dur=24.816s seed=2
[EST DONE] 2026-04-21T06:00:11.337914 estimator=Levina-Bickel k=10 dur=13.436s seed=2
[EST DONE] 2026-04-21T06:00:38.040013 estimator=Levina-Bickel k=15 dur=26.702s seed=2
[EST DONE] 2026-04-21T06:00:39.978216 estimator=DANCo k=7 dur=1151.450s seed=2
[EST DONE] 2026-04-21T06:00:52.365262 estimator=TwoNN (no-k) dur=14.322s seed=2
[EST DONE] 2026-04-21T06:01:36.373557 estimator=lPCA k=10 dur=220.847s seed=2
[EST DONE] 2026-04-21T06:01:52.775926 estimator=DANCo k=15 dur=1164.233s seed=2
[EST DONE] 2026-04-21T06:02:37.299792 estimator=MiND k=3 dur=13.297s seed=2
[EST DONE] 2026-04-21T06:02:52.589103 estimator=MiND k=5 dur=15.289s seed=2
[EST DONE] 2026-04-21T06:03:25.876752 estimator=MiND k=7 dur=33.287s seed=2
[EST DONE] 2026-04-21T06:03:53.909830 estimator=MiND k=10 dur=28.033s seed=2
[EST DONE] 2026-04-21T06:04:03.079152 estimator=MiND k=15 dur=9.169s seed=2
[EST DONE] 2026-04-21T06:04:55.255005 estimator=lPCA k=15 dur=198.881s seed=2
[EST DONE] 2026-04-21T06:06:22.157429 estimator=lPCA k=3 dur=123.966s seed=2
[EST DONE] 2026-04-21T06:08:13.133286 estimator=DANCo k=3 dur=1142.502s seed=2
[EST DONE] 2026-04-21T06:10:10.770587 estimator=lPCA k=5 dur=228.613s seed=2
[EST DONE] 2026-04-21T06:13:56.769530 estimator=lPCA k=7 dur=225.999s seed=2
[EST DONE] 2026-04-21T06:17:31.638588 estimator=lPCA k=10 dur=214.869s seed=2
[EST DONE] 2026-04-21T06:20:59.273449 estimator=lPCA k=15 dur=207.635s seed=2
[EST DONE] 2026-04-21T06:22:58.512486 estimator=DANCo k=10 dur=1338.534s seed=2
[EST DONE] 2026-04-21T06:24:30.877788 estimator=FisherS (no-k) dur=1227.798s seed=2
[EST DONE] 2026-04-21T06:29:43.357453 estimator=DANCo k=5 dur=1290.224s seed=2
[EST DONE] 2026-04-21T06:35:05.479978 estimator=DANCo k=3 dur=1243.482s seed=2
[EST DONE] 2026-04-21T06:45:52.314337 estimator=DANCo k=3 dur=1280.754s seed=2
[EST DONE] 2026-04-21T06:48:15.875187 estimator=SMAE (no-k) dur=1424.997s seed=2
[TASK END] 2026-04-21T06:48:15.875342 manifold=torus d=12 sigma=1.0 seed=2 duration=9611.645s
[EST DONE] 2026-04-21T06:49:14.030557 estimator=DANCo k=15 dur=1575.518s seed=2
[EST DONE] 2026-04-21T06:49:39.692036 estimator=MiND k=3 dur=9.285s seed=2
[EST DONE] 2026-04-21T06:49:59.694930 estimator=MiND k=5 dur=20.003s seed=2
[EST DONE] 2026-04-21T06:50:16.947755 estimator=MiND k=7 dur=17.253s seed=2
[EST DONE] 2026-04-21T06:50:31.030706 estimator=MiND k=10 dur=14.083s seed=2
[EST DONE] 2026-04-21T06:50:46.716242 estimator=MiND k=15 dur=15.685s seed=2
[EST DONE] 2026-04-21T06:51:09.239150 estimator=DANCo k=7 dur=1285.882s seed=2
[EST DONE] 2026-04-21T06:55:27.278332 estimator=DANCo k=5 dur=1221.758s seed=2
[EST DONE] 2026-04-21T06:58:01.426861 estimator=DANCo k=3 dur=1022.833s seed=2
[EST DONE] 2026-04-21T07:06:38.433731 estimator=DANCo k=5 dur=1246.119s seed=2
[EST DONE] 2026-04-21T07:10:38.653742 estimator=FisherS (no-k) dur=1191.937s seed=2
[EST DONE] 2026-04-21T07:13:11.471694 estimator=DANCo k=10 dur=1322.232s seed=2
[EST DONE] 2026-04-21T07:15:09.627304 estimator=DANCo k=7 dur=1182.349s seed=2
[EST DONE] 2026-04-21T07:17:18.172901 estimator=DANCo k=5 dur=1156.746s seed=2
[EST DONE] 2026-04-21T07:28:04.509147 estimator=DANCo k=7 dur=1286.075s seed=2
[EST DONE] 2026-04-21T07:33:23.587038 estimator=SMAE (no-k) dur=1364.933s seed=2
[TASK END] 2026-04-21T07:33:23.587273 manifold=torus d=15 sigma=0.0 seed=2 duration=11130.300s
[EST DONE] 2026-04-21T07:36:16.562235 estimator=DANCo k=15 dur=1385.090s seed=2
[EST DONE] 2026-04-21T07:36:48.435000 estimator=DANCo k=10 dur=1298.808s seed=2
[EST DONE] 2026-04-21T07:36:56.620049 estimator=MiND k=3 dur=11.365s seed=2
[EST DONE] 2026-04-21T07:37:06.665530 estimator=MiND k=5 dur=10.045s seed=2
[EST DONE] 2026-04-21T07:37:15.985363 estimator=MiND k=7 dur=9.320s seed=2
[EST DONE] 2026-04-21T07:37:25.823729 estimator=MiND k=10 dur=9.838s seed=2
[EST DONE] 2026-04-21T07:37:35.912211 estimator=MiND k=15 dur=10.088s seed=2
[EST DONE] 2026-04-21T07:37:36.160987 estimator=DANCo k=7 dur=1217.988s seed=2
[EST DONE] 2026-04-21T07:46:41.244072 estimator=DANCo k=10 dur=1116.735s seed=2
[EST DONE] 2026-04-21T07:54:05.271559 estimator=FisherS (no-k) dur=989.359s seed=2
[EST DONE] 2026-04-21T07:54:18.875656 estimator=DANCo k=10 dur=1002.715s seed=2
[EST DONE] 2026-04-21T07:54:56.257395 estimator=DANCo k=15 dur=1087.822s seed=2
[EST DONE] 2026-04-21T07:55:13.339631 estimator=MiND k=3 dur=8.046s seed=2
[EST DONE] 2026-04-21T07:55:19.978254 estimator=MiND k=5 dur=6.638s seed=2
[EST DONE] 2026-04-21T07:55:30.357239 estimator=MiND k=7 dur=10.379s seed=2
[EST DONE] 2026-04-21T07:55:37.649545 estimator=MiND k=10 dur=7.292s seed=2
[EST DONE] 2026-04-21T07:55:46.402524 estimator=MiND k=15 dur=8.753s seed=2
[EST DONE] 2026-04-21T08:02:47.478972 estimator=DANCo k=15 dur=966.235s seed=2
[EST DONE] 2026-04-21T08:03:04.577720 estimator=MiND k=3 dur=7.423s seed=2
[EST DONE] 2026-04-21T08:03:15.226928 estimator=MiND k=5 dur=10.649s seed=2
[EST DONE] 2026-04-21T08:03:23.032892 estimator=MiND k=7 dur=7.806s seed=2
[EST DONE] 2026-04-21T08:03:31.623125 estimator=MiND k=10 dur=8.590s seed=2
[EST DONE] 2026-04-21T08:03:41.332522 estimator=MiND k=15 dur=9.709s seed=2
[EST DONE] 2026-04-21T08:06:08.270537 estimator=FisherS (no-k) dur=621.868s seed=2
[EST DONE] 2026-04-21T08:06:23.199917 estimator=SMAE (no-k) dur=737.928s seed=2
[TASK END] 2026-04-21T08:06:23.200120 manifold=torus d=15 sigma=0.25 seed=2 duration=10223.708s
[EST DONE] 2026-04-21T08:06:40.302728 estimator=DANCo k=15 dur=741.427s seed=2
[EST DONE] 2026-04-21T08:06:54.066660 estimator=MiND k=3 dur=6.900s seed=2
[EST DONE] 2026-04-21T08:07:01.005328 estimator=MiND k=5 dur=6.939s seed=2
[EST DONE] 2026-04-21T08:07:07.398874 estimator=MiND k=7 dur=6.393s seed=2
[EST DONE] 2026-04-21T08:07:13.838815 estimator=MiND k=10 dur=6.440s seed=2
[EST DONE] 2026-04-21T08:07:20.686207 estimator=MiND k=15 dur=6.847s seed=2
[EST DONE] 2026-04-21T08:09:53.233817 estimator=FisherS (no-k) dur=371.901s seed=2
[EST DONE] 2026-04-21T08:12:25.870642 estimator=FisherS (no-k) dur=305.184s seed=2
[EST DONE] 2026-04-21T08:12:38.044361 estimator=SMAE (no-k) dur=389.774s seed=2
[TASK END] 2026-04-21T08:12:38.044508 manifold=torus d=15 sigma=0.5 seed=2 duration=9526.136s
[EST DONE] 2026-04-21T08:15:40.428559 estimator=SMAE (no-k) dur=347.195s seed=2
[TASK END] 2026-04-21T08:15:40.428711 manifold=torus d=15 sigma=0.75 seed=2 duration=9149.060s
[EST DONE] 2026-04-21T08:17:50.295189 estimator=SMAE (no-k) dur=324.424s seed=2
[TASK END] 2026-04-21T08:17:50.295336 manifold=torus d=15 sigma=1.0 seed=2 duration=8347.179s
Completed synthetic task manifold=sphere d=5 sigma=0.0 seed=2 in 1747.4s
Completed synthetic task manifold=sphere d=5 sigma=0.75 seed=2 in 1770.4s
Completed synthetic task manifold=sphere d=5 sigma=0.25 seed=2 in 1774.8s
Completed synthetic task manifold=sphere d=5 sigma=0.5 seed=2 in 1778.2s
Completed synthetic task manifold=sphere d=5 sigma=1.0 seed=2 in 1793.6s
Completed synthetic task manifold=sphere d=7 sigma=0.0 seed=2 in 1986.8s
Completed synthetic task manifold=sphere d=7 sigma=0.25 seed=2 in 4120.4s
Completed synthetic task manifold=sphere d=7 sigma=1.0 seed=2 in 4180.4s
Completed synthetic task manifold=sphere d=7 sigma=0.5 seed=2 in 4210.5s
Completed synthetic task manifold=sphere d=7 sigma=0.75 seed=2 in 4213.0s
Completed synthetic task manifold=sphere d=9 sigma=0.0 seed=2 in 4693.5s
Completed synthetic task manifold=sphere d=9 sigma=0.25 seed=2 in 4988.3s
Completed synthetic task manifold=sphere d=9 sigma=1.0 seed=2 in 7110.6s
Completed synthetic task manifold=sphere d=9 sigma=0.5 seed=2 in 7305.4s
Completed synthetic task manifold=sphere d=9 sigma=0.75 seed=2 in 7595.6s
Completed synthetic task manifold=sphere d=15 sigma=0.0 seed=2 in 12099.3s
Completed synthetic task manifold=sphere d=12 sigma=0.25 seed=2 in 14438.2s
Completed synthetic task manifold=sphere d=12 sigma=0.0 seed=2 in 15203.5s
Completed synthetic task manifold=sphere d=12 sigma=0.5 seed=2 in 16957.6s
Completed synthetic task manifold=sphere d=15 sigma=0.25 seed=2 in 17725.3s
Completed synthetic task manifold=sphere d=15 sigma=0.5 seed=2 in 20840.2s
Completed synthetic task manifold=sphere d=12 sigma=0.75 seed=2 in 20840.4s
Completed synthetic task manifold=sphere d=15 sigma=0.75 seed=2 in 21334.6s
Completed synthetic task manifold=sphere d=12 sigma=1.0 seed=2 in 21851.3s
Completed synthetic task manifold=torus d=5 sigma=0.0 seed=2 in 21895.3s
Completed synthetic task manifold=sphere d=15 sigma=1.0 seed=2 in 22267.8s
Completed synthetic task manifold=torus d=5 sigma=0.25 seed=2 in 23328.5s
Completed synthetic task manifold=torus d=5 sigma=0.5 seed=2 in 23579.2s
Completed synthetic task manifold=torus d=5 sigma=0.75 seed=2 in 24311.7s
Completed synthetic task manifold=torus d=5 sigma=1.0 seed=2 in 25304.6s
Completed synthetic task manifold=torus d=7 sigma=0.0 seed=2 in 28707.3s
Completed synthetic task manifold=torus d=9 sigma=0.0 seed=2 in 30380.3s
Completed synthetic task manifold=torus d=7 sigma=0.25 seed=2 in 30897.2s
Completed synthetic task manifold=torus d=9 sigma=0.25 seed=2 in 35648.4s
Completed synthetic task manifold=torus d=7 sigma=0.5 seed=2 in 36495.0s
Completed synthetic task manifold=torus d=9 sigma=0.5 seed=2 in 37289.4s
Completed synthetic task manifold=torus d=9 sigma=0.75 seed=2 in 37875.9s
Completed synthetic task manifold=torus d=7 sigma=0.75 seed=2 in 38960.1s
Completed synthetic task manifold=torus d=7 sigma=1.0 seed=2 in 41865.6s
Completed synthetic task manifold=torus d=9 sigma=1.0 seed=2 in 43054.6s
Completed synthetic task manifold=torus d=12 sigma=0.0 seed=2 in 45940.8s
Completed synthetic task manifold=torus d=12 sigma=0.25 seed=2 in 47013.2s
Completed synthetic task manifold=torus d=12 sigma=0.5 seed=2 in 47572.7s
Completed synthetic task manifold=torus d=12 sigma=0.75 seed=2 in 48504.4s
Completed synthetic task manifold=torus d=12 sigma=1.0 seed=2 in 51477.2s
Completed synthetic task manifold=torus d=15 sigma=0.0 seed=2 in 54184.9s
Completed synthetic task manifold=torus d=15 sigma=0.25 seed=2 in 56164.5s
Completed synthetic task manifold=torus d=15 sigma=0.5 seed=2 in 56539.4s
Completed synthetic task manifold=torus d=15 sigma=0.75 seed=2 in 56721.8s
Completed synthetic task manifold=torus d=15 sigma=1.0 seed=2 in 56851.6s
Wrote per-task synthetic results to results/synthetic_large.task2.csv
Saved results/synthetic_large.csv
Running MNIST autoencoder large experiments...
[MNIST TASK START] 2026-04-21T08:17:51.203392 bottleneck=5 replicate=0 seed=2
[AE START] seed=2 bottleneck=5 epochs=50 subset=0
[AE EPOCH] epoch=1/50 loss=0.094738 epoch_time=1.30s device=cuda
[AE EPOCH] epoch=2/50 loss=0.052082 epoch_time=1.05s device=cuda
[AE EPOCH] epoch=3/50 loss=0.043320 epoch_time=1.04s device=cuda
[AE EPOCH] epoch=4/50 loss=0.039899 epoch_time=1.06s device=cuda
[AE EPOCH] epoch=5/50 loss=0.037865 epoch_time=1.04s device=cuda
[AE EPOCH] epoch=6/50 loss=0.036532 epoch_time=1.13s device=cuda
[AE EPOCH] epoch=7/50 loss=0.035593 epoch_time=1.11s device=cuda
[AE EPOCH] epoch=8/50 loss=0.034856 epoch_time=1.03s device=cuda
[AE EPOCH] epoch=9/50 loss=0.034244 epoch_time=1.12s device=cuda
[AE EPOCH] epoch=10/50 loss=0.033710 epoch_time=1.10s device=cuda
[AE EPOCH] epoch=11/50 loss=0.033229 epoch_time=1.02s device=cuda
[AE EPOCH] epoch=12/50 loss=0.032791 epoch_time=1.05s device=cuda
[AE EPOCH] epoch=13/50 loss=0.032389 epoch_time=1.15s device=cuda
[AE EPOCH] epoch=14/50 loss=0.032024 epoch_time=1.13s device=cuda
[AE EPOCH] epoch=15/50 loss=0.031688 epoch_time=1.14s device=cuda
[AE EPOCH] epoch=16/50 loss=0.031379 epoch_time=1.07s device=cuda
[AE EPOCH] epoch=17/50 loss=0.031094 epoch_time=1.25s device=cuda
[AE EPOCH] epoch=18/50 loss=0.030829 epoch_time=1.15s device=cuda
[AE EPOCH] epoch=19/50 loss=0.030583 epoch_time=1.16s device=cuda
[AE EPOCH] epoch=20/50 loss=0.030356 epoch_time=0.95s device=cuda
[AE EPOCH] epoch=21/50 loss=0.030145 epoch_time=1.03s device=cuda
[AE EPOCH] epoch=22/50 loss=0.029947 epoch_time=1.21s device=cuda
[AE EPOCH] epoch=23/50 loss=0.029763 epoch_time=1.16s device=cuda
[AE EPOCH] epoch=24/50 loss=0.029591 epoch_time=1.15s device=cuda
[AE EPOCH] epoch=25/50 loss=0.029428 epoch_time=1.10s device=cuda
[AE EPOCH] epoch=26/50 loss=0.029275 epoch_time=1.03s device=cuda
[AE EPOCH] epoch=27/50 loss=0.029131 epoch_time=1.22s device=cuda
[AE EPOCH] epoch=28/50 loss=0.028998 epoch_time=1.02s device=cuda
[AE EPOCH] epoch=29/50 loss=0.028871 epoch_time=0.93s device=cuda
[AE EPOCH] epoch=30/50 loss=0.028750 epoch_time=0.89s device=cuda
[AE EPOCH] epoch=31/50 loss=0.028636 epoch_time=1.17s device=cuda
[AE EPOCH] epoch=32/50 loss=0.028524 epoch_time=1.05s device=cuda
[AE EPOCH] epoch=33/50 loss=0.028420 epoch_time=1.03s device=cuda
[AE EPOCH] epoch=34/50 loss=0.028319 epoch_time=0.94s device=cuda
[AE EPOCH] epoch=35/50 loss=0.028223 epoch_time=1.00s device=cuda
[AE EPOCH] epoch=36/50 loss=0.028130 epoch_time=1.13s device=cuda
[AE EPOCH] epoch=37/50 loss=0.028042 epoch_time=1.16s device=cuda
[AE EPOCH] epoch=38/50 loss=0.027959 epoch_time=1.17s device=cuda
[AE EPOCH] epoch=39/50 loss=0.027877 epoch_time=1.07s device=cuda
[AE EPOCH] epoch=40/50 loss=0.027798 epoch_time=1.14s device=cuda
[AE EPOCH] epoch=41/50 loss=0.027723 epoch_time=1.06s device=cuda
[AE EPOCH] epoch=42/50 loss=0.027652 epoch_time=0.96s device=cuda
[AE EPOCH] epoch=43/50 loss=0.027580 epoch_time=1.06s device=cuda
[AE EPOCH] epoch=44/50 loss=0.027511 epoch_time=1.08s device=cuda
[AE EPOCH] epoch=45/50 loss=0.027447 epoch_time=1.09s device=cuda
[AE EPOCH] epoch=46/50 loss=0.027387 epoch_time=1.08s device=cuda
[AE EPOCH] epoch=47/50 loss=0.027322 epoch_time=1.01s device=cuda
[AE EPOCH] epoch=48/50 loss=0.027261 epoch_time=1.09s device=cuda
[AE EPOCH] epoch=49/50 loss=0.027205 epoch_time=1.10s device=cuda
[AE EPOCH] epoch=50/50 loss=0.027146 epoch_time=1.07s device=cuda
[AE TRAIN COMPLETE] total_time=54.23s
[AE TRAIN COMPLETE] 2026-04-21T08:18:51.612281 bottleneck=5 replicate=0 dur=60.4s seed=2
[EST START] 2026-04-21T08:18:51.635359 bottleneck=5 replicate=0 seed=2 estimator=Levina-Bickel k=3 sigma=0.0
[EST DONE] 2026-04-21T08:18:52.925282 bottleneck=5 replicate=0 seed=2 estimator=Levina-Bickel k=3 dur=1.290s
[EST START] 2026-04-21T08:18:52.925406 bottleneck=5 replicate=0 seed=2 estimator=Levina-Bickel k=5 sigma=0.0
[EST DONE] 2026-04-21T08:18:54.373186 bottleneck=5 replicate=0 seed=2 estimator=Levina-Bickel k=5 dur=1.448s
[EST START] 2026-04-21T08:18:54.373290 bottleneck=5 replicate=0 seed=2 estimator=Levina-Bickel k=7 sigma=0.0
[EST DONE] 2026-04-21T08:18:55.996019 bottleneck=5 replicate=0 seed=2 estimator=Levina-Bickel k=7 dur=1.623s
[EST START] 2026-04-21T08:18:55.996133 bottleneck=5 replicate=0 seed=2 estimator=Levina-Bickel k=10 sigma=0.0
[EST DONE] 2026-04-21T08:18:57.770578 bottleneck=5 replicate=0 seed=2 estimator=Levina-Bickel k=10 dur=1.774s
[EST START] 2026-04-21T08:18:57.770714 bottleneck=5 replicate=0 seed=2 estimator=Levina-Bickel k=15 sigma=0.0
[EST DONE] 2026-04-21T08:18:59.841259 bottleneck=5 replicate=0 seed=2 estimator=Levina-Bickel k=15 dur=2.071s
[EST START] 2026-04-21T08:18:59.841433 bottleneck=5 replicate=0 seed=2 estimator=TwoNN k=ALL sigma=0.0
[EST DONE] 2026-04-21T08:19:00.814509 bottleneck=5 replicate=0 seed=2 estimator=TwoNN k=ALL dur=0.973s
[EST START] 2026-04-21T08:19:00.814639 bottleneck=5 replicate=0 seed=2 estimator=lPCA k=3 sigma=0.0
[EST DONE] 2026-04-21T08:19:33.818260 bottleneck=5 replicate=0 seed=2 estimator=lPCA k=3 dur=33.004s
[EST START] 2026-04-21T08:19:33.818387 bottleneck=5 replicate=0 seed=2 estimator=lPCA k=5 sigma=0.0
[EST DONE] 2026-04-21T08:20:03.662287 bottleneck=5 replicate=0 seed=2 estimator=lPCA k=5 dur=29.844s
[EST START] 2026-04-21T08:20:03.662413 bottleneck=5 replicate=0 seed=2 estimator=lPCA k=7 sigma=0.0
[EST DONE] 2026-04-21T08:20:37.656643 bottleneck=5 replicate=0 seed=2 estimator=lPCA k=7 dur=33.994s
[EST START] 2026-04-21T08:20:37.656788 bottleneck=5 replicate=0 seed=2 estimator=lPCA k=10 sigma=0.0
[EST DONE] 2026-04-21T08:21:13.352607 bottleneck=5 replicate=0 seed=2 estimator=lPCA k=10 dur=35.696s
[EST START] 2026-04-21T08:21:13.353187 bottleneck=5 replicate=0 seed=2 estimator=lPCA k=15 sigma=0.0
[EST DONE] 2026-04-21T08:21:48.824543 bottleneck=5 replicate=0 seed=2 estimator=lPCA k=15 dur=35.471s
[EST START] 2026-04-21T08:21:48.824688 bottleneck=5 replicate=0 seed=2 estimator=DANCo k=3 sigma=0.0
[EST DONE] 2026-04-21T08:22:20.964744 bottleneck=5 replicate=0 seed=2 estimator=DANCo k=3 dur=32.140s
[EST START] 2026-04-21T08:22:20.964868 bottleneck=5 replicate=0 seed=2 estimator=DANCo k=5 sigma=0.0
[EST DONE] 2026-04-21T08:22:50.213885 bottleneck=5 replicate=0 seed=2 estimator=DANCo k=5 dur=29.249s
[EST START] 2026-04-21T08:22:50.214012 bottleneck=5 replicate=0 seed=2 estimator=DANCo k=7 sigma=0.0
[EST DONE] 2026-04-21T08:23:19.055134 bottleneck=5 replicate=0 seed=2 estimator=DANCo k=7 dur=28.841s
[EST START] 2026-04-21T08:23:19.055247 bottleneck=5 replicate=0 seed=2 estimator=DANCo k=10 sigma=0.0
[EST DONE] 2026-04-21T08:23:51.947854 bottleneck=5 replicate=0 seed=2 estimator=DANCo k=10 dur=32.893s
[EST START] 2026-04-21T08:23:51.948047 bottleneck=5 replicate=0 seed=2 estimator=DANCo k=15 sigma=0.0
[EST DONE] 2026-04-21T08:24:30.160297 bottleneck=5 replicate=0 seed=2 estimator=DANCo k=15 dur=38.212s
[EST START] 2026-04-21T08:24:30.160437 bottleneck=5 replicate=0 seed=2 estimator=MiND k=3 sigma=0.0
[EST DONE] 2026-04-21T08:24:31.433393 bottleneck=5 replicate=0 seed=2 estimator=MiND k=3 dur=1.273s
[EST START] 2026-04-21T08:24:31.433513 bottleneck=5 replicate=0 seed=2 estimator=MiND k=5 sigma=0.0
[EST DONE] 2026-04-21T08:24:32.468776 bottleneck=5 replicate=0 seed=2 estimator=MiND k=5 dur=1.035s
[EST START] 2026-04-21T08:24:32.468879 bottleneck=5 replicate=0 seed=2 estimator=MiND k=7 sigma=0.0
[EST DONE] 2026-04-21T08:24:33.587632 bottleneck=5 replicate=0 seed=2 estimator=MiND k=7 dur=1.119s
[EST START] 2026-04-21T08:24:33.587727 bottleneck=5 replicate=0 seed=2 estimator=MiND k=10 sigma=0.0
[EST DONE] 2026-04-21T08:24:34.842728 bottleneck=5 replicate=0 seed=2 estimator=MiND k=10 dur=1.255s
[EST START] 2026-04-21T08:24:34.842930 bottleneck=5 replicate=0 seed=2 estimator=MiND k=15 sigma=0.0
[EST DONE] 2026-04-21T08:24:36.298643 bottleneck=5 replicate=0 seed=2 estimator=MiND k=15 dur=1.456s
[EST START] 2026-04-21T08:24:36.298734 bottleneck=5 replicate=0 seed=2 estimator=FisherS k=ALL sigma=0.0
[EST DONE] 2026-04-21T08:29:05.123447 bottleneck=5 replicate=0 seed=2 estimator=FisherS k=ALL dur=268.825s
[EST START] 2026-04-21T08:29:05.123633 bottleneck=5 replicate=0 seed=2 estimator=SMAE k=ALL sigma=0.0
[EST DONE] 2026-04-21T08:34:14.859683 bottleneck=5 replicate=0 seed=2 estimator=SMAE k=ALL dur=309.736s
[EST START] 2026-04-21T08:34:14.868451 bottleneck=5 replicate=0 seed=2 estimator=Levina-Bickel k=3 sigma=0.25
[EST DONE] 2026-04-21T08:34:15.804610 bottleneck=5 replicate=0 seed=2 estimator=Levina-Bickel k=3 dur=0.936s
[EST START] 2026-04-21T08:34:15.804711 bottleneck=5 replicate=0 seed=2 estimator=Levina-Bickel k=5 sigma=0.25
[EST DONE] 2026-04-21T08:34:17.252087 bottleneck=5 replicate=0 seed=2 estimator=Levina-Bickel k=5 dur=1.447s
[EST START] 2026-04-21T08:34:17.252273 bottleneck=5 replicate=0 seed=2 estimator=Levina-Bickel k=7 sigma=0.25
[EST DONE] 2026-04-21T08:34:18.815364 bottleneck=5 replicate=0 seed=2 estimator=Levina-Bickel k=7 dur=1.563s
[EST START] 2026-04-21T08:34:18.815513 bottleneck=5 replicate=0 seed=2 estimator=Levina-Bickel k=10 sigma=0.25
[EST DONE] 2026-04-21T08:34:20.663898 bottleneck=5 replicate=0 seed=2 estimator=Levina-Bickel k=10 dur=1.848s
[EST START] 2026-04-21T08:34:20.664022 bottleneck=5 replicate=0 seed=2 estimator=Levina-Bickel k=15 sigma=0.25
[EST DONE] 2026-04-21T08:34:22.834769 bottleneck=5 replicate=0 seed=2 estimator=Levina-Bickel k=15 dur=2.171s
[EST START] 2026-04-21T08:34:22.834897 bottleneck=5 replicate=0 seed=2 estimator=TwoNN k=ALL sigma=0.25
[EST DONE] 2026-04-21T08:34:23.839606 bottleneck=5 replicate=0 seed=2 estimator=TwoNN k=ALL dur=1.005s
[EST START] 2026-04-21T08:34:23.839762 bottleneck=5 replicate=0 seed=2 estimator=lPCA k=3 sigma=0.25
[EST DONE] 2026-04-21T08:34:52.250980 bottleneck=5 replicate=0 seed=2 estimator=lPCA k=3 dur=28.411s
[EST START] 2026-04-21T08:34:52.251167 bottleneck=5 replicate=0 seed=2 estimator=lPCA k=5 sigma=0.25
[EST DONE] 2026-04-21T08:35:24.766713 bottleneck=5 replicate=0 seed=2 estimator=lPCA k=5 dur=32.516s
[EST START] 2026-04-21T08:35:24.766867 bottleneck=5 replicate=0 seed=2 estimator=lPCA k=7 sigma=0.25
[EST DONE] 2026-04-21T08:35:58.259393 bottleneck=5 replicate=0 seed=2 estimator=lPCA k=7 dur=33.492s
[EST START] 2026-04-21T08:35:58.259632 bottleneck=5 replicate=0 seed=2 estimator=lPCA k=10 sigma=0.25
[EST DONE] 2026-04-21T08:36:34.644722 bottleneck=5 replicate=0 seed=2 estimator=lPCA k=10 dur=36.385s
[EST START] 2026-04-21T08:36:34.644872 bottleneck=5 replicate=0 seed=2 estimator=lPCA k=15 sigma=0.25
[EST DONE] 2026-04-21T08:37:11.682820 bottleneck=5 replicate=0 seed=2 estimator=lPCA k=15 dur=37.038s
[EST START] 2026-04-21T08:37:11.682959 bottleneck=5 replicate=0 seed=2 estimator=DANCo k=3 sigma=0.25
[EST DONE] 2026-04-21T08:37:38.542368 bottleneck=5 replicate=0 seed=2 estimator=DANCo k=3 dur=26.859s
[EST START] 2026-04-21T08:37:38.542538 bottleneck=5 replicate=0 seed=2 estimator=DANCo k=5 sigma=0.25
[EST DONE] 2026-04-21T08:38:05.874420 bottleneck=5 replicate=0 seed=2 estimator=DANCo k=5 dur=27.332s
[EST START] 2026-04-21T08:38:05.874564 bottleneck=5 replicate=0 seed=2 estimator=DANCo k=7 sigma=0.25
[EST DONE] 2026-04-21T08:38:36.794237 bottleneck=5 replicate=0 seed=2 estimator=DANCo k=7 dur=30.920s
[EST START] 2026-04-21T08:38:36.794401 bottleneck=5 replicate=0 seed=2 estimator=DANCo k=10 sigma=0.25
[EST DONE] 2026-04-21T08:39:07.051721 bottleneck=5 replicate=0 seed=2 estimator=DANCo k=10 dur=30.257s
[EST START] 2026-04-21T08:39:07.051840 bottleneck=5 replicate=0 seed=2 estimator=DANCo k=15 sigma=0.25
[EST DONE] 2026-04-21T08:39:43.113252 bottleneck=5 replicate=0 seed=2 estimator=DANCo k=15 dur=36.061s
[EST START] 2026-04-21T08:39:43.113410 bottleneck=5 replicate=0 seed=2 estimator=MiND k=3 sigma=0.25
[EST DONE] 2026-04-21T08:39:44.346411 bottleneck=5 replicate=0 seed=2 estimator=MiND k=3 dur=1.233s
[EST START] 2026-04-21T08:39:44.346601 bottleneck=5 replicate=0 seed=2 estimator=MiND k=5 sigma=0.25
[EST DONE] 2026-04-21T08:39:45.890091 bottleneck=5 replicate=0 seed=2 estimator=MiND k=5 dur=1.543s
[EST START] 2026-04-21T08:39:45.890197 bottleneck=5 replicate=0 seed=2 estimator=MiND k=7 sigma=0.25
[EST DONE] 2026-04-21T08:39:47.665733 bottleneck=5 replicate=0 seed=2 estimator=MiND k=7 dur=1.776s
[EST START] 2026-04-21T08:39:47.665841 bottleneck=5 replicate=0 seed=2 estimator=MiND k=10 sigma=0.25
[EST DONE] 2026-04-21T08:39:49.623239 bottleneck=5 replicate=0 seed=2 estimator=MiND k=10 dur=1.957s
[EST START] 2026-04-21T08:39:49.623369 bottleneck=5 replicate=0 seed=2 estimator=MiND k=15 sigma=0.25
[EST DONE] 2026-04-21T08:39:51.891920 bottleneck=5 replicate=0 seed=2 estimator=MiND k=15 dur=2.269s
[EST START] 2026-04-21T08:39:51.892021 bottleneck=5 replicate=0 seed=2 estimator=FisherS k=ALL sigma=0.25
[EST DONE] 2026-04-21T08:44:23.866258 bottleneck=5 replicate=0 seed=2 estimator=FisherS k=ALL dur=271.974s
[EST START] 2026-04-21T08:44:23.866547 bottleneck=5 replicate=0 seed=2 estimator=SMAE k=ALL sigma=0.25
[EST DONE] 2026-04-21T08:49:41.757453 bottleneck=5 replicate=0 seed=2 estimator=SMAE k=ALL dur=317.891s
[EST START] 2026-04-21T08:49:41.767841 bottleneck=5 replicate=0 seed=2 estimator=Levina-Bickel k=3 sigma=0.5
[EST DONE] 2026-04-21T08:49:42.972391 bottleneck=5 replicate=0 seed=2 estimator=Levina-Bickel k=3 dur=1.204s
[EST START] 2026-04-21T08:49:42.972509 bottleneck=5 replicate=0 seed=2 estimator=Levina-Bickel k=5 sigma=0.5
[EST DONE] 2026-04-21T08:49:44.390499 bottleneck=5 replicate=0 seed=2 estimator=Levina-Bickel k=5 dur=1.418s
[EST START] 2026-04-21T08:49:44.390614 bottleneck=5 replicate=0 seed=2 estimator=Levina-Bickel k=7 sigma=0.5
[EST DONE] 2026-04-21T08:49:45.944576 bottleneck=5 replicate=0 seed=2 estimator=Levina-Bickel k=7 dur=1.554s
[EST START] 2026-04-21T08:49:45.944707 bottleneck=5 replicate=0 seed=2 estimator=Levina-Bickel k=10 sigma=0.5
[EST DONE] 2026-04-21T08:49:47.714374 bottleneck=5 replicate=0 seed=2 estimator=Levina-Bickel k=10 dur=1.770s
[EST START] 2026-04-21T08:49:47.714493 bottleneck=5 replicate=0 seed=2 estimator=Levina-Bickel k=15 sigma=0.5
[EST DONE] 2026-04-21T08:49:49.848521 bottleneck=5 replicate=0 seed=2 estimator=Levina-Bickel k=15 dur=2.134s
[EST START] 2026-04-21T08:49:49.848692 bottleneck=5 replicate=0 seed=2 estimator=TwoNN k=ALL sigma=0.5
[EST DONE] 2026-04-21T08:49:50.836215 bottleneck=5 replicate=0 seed=2 estimator=TwoNN k=ALL dur=0.987s
[EST START] 2026-04-21T08:49:50.836427 bottleneck=5 replicate=0 seed=2 estimator=lPCA k=3 sigma=0.5
[EST DONE] 2026-04-21T08:50:23.762674 bottleneck=5 replicate=0 seed=2 estimator=lPCA k=3 dur=32.926s
[EST START] 2026-04-21T08:50:23.762822 bottleneck=5 replicate=0 seed=2 estimator=lPCA k=5 sigma=0.5
[EST DONE] 2026-04-21T08:50:57.931804 bottleneck=5 replicate=0 seed=2 estimator=lPCA k=5 dur=34.169s
[EST START] 2026-04-21T08:50:57.931971 bottleneck=5 replicate=0 seed=2 estimator=lPCA k=7 sigma=0.5
[EST DONE] 2026-04-21T08:51:32.840796 bottleneck=5 replicate=0 seed=2 estimator=lPCA k=7 dur=34.909s
[EST START] 2026-04-21T08:51:32.840917 bottleneck=5 replicate=0 seed=2 estimator=lPCA k=10 sigma=0.5
[EST DONE] 2026-04-21T08:52:08.502621 bottleneck=5 replicate=0 seed=2 estimator=lPCA k=10 dur=35.662s
[EST START] 2026-04-21T08:52:08.502786 bottleneck=5 replicate=0 seed=2 estimator=lPCA k=15 sigma=0.5
[EST DONE] 2026-04-21T08:52:44.194327 bottleneck=5 replicate=0 seed=2 estimator=lPCA k=15 dur=35.692s
[EST START] 2026-04-21T08:52:44.194595 bottleneck=5 replicate=0 seed=2 estimator=DANCo k=3 sigma=0.5
[EST DONE] 2026-04-21T08:53:11.490779 bottleneck=5 replicate=0 seed=2 estimator=DANCo k=3 dur=27.296s
[EST START] 2026-04-21T08:53:11.490942 bottleneck=5 replicate=0 seed=2 estimator=DANCo k=5 sigma=0.5
[EST DONE] 2026-04-21T08:53:41.562688 bottleneck=5 replicate=0 seed=2 estimator=DANCo k=5 dur=30.072s
[EST START] 2026-04-21T08:53:41.562832 bottleneck=5 replicate=0 seed=2 estimator=DANCo k=7 sigma=0.5
[EST DONE] 2026-04-21T08:54:13.322345 bottleneck=5 replicate=0 seed=2 estimator=DANCo k=7 dur=31.759s
[EST START] 2026-04-21T08:54:13.322503 bottleneck=5 replicate=0 seed=2 estimator=DANCo k=10 sigma=0.5
[EST DONE] 2026-04-21T08:54:47.232558 bottleneck=5 replicate=0 seed=2 estimator=DANCo k=10 dur=33.910s
[EST START] 2026-04-21T08:54:47.232697 bottleneck=5 replicate=0 seed=2 estimator=DANCo k=15 sigma=0.5
[EST DONE] 2026-04-21T08:55:25.861295 bottleneck=5 replicate=0 seed=2 estimator=DANCo k=15 dur=38.629s
[EST START] 2026-04-21T08:55:25.861515 bottleneck=5 replicate=0 seed=2 estimator=MiND k=3 sigma=0.5
[EST DONE] 2026-04-21T08:55:27.229642 bottleneck=5 replicate=0 seed=2 estimator=MiND k=3 dur=1.368s
[EST START] 2026-04-21T08:55:27.229746 bottleneck=5 replicate=0 seed=2 estimator=MiND k=5 sigma=0.5
[EST DONE] 2026-04-21T08:55:28.676640 bottleneck=5 replicate=0 seed=2 estimator=MiND k=5 dur=1.447s
[EST START] 2026-04-21T08:55:28.676768 bottleneck=5 replicate=0 seed=2 estimator=MiND k=7 sigma=0.5
[EST DONE] 2026-04-21T08:55:30.319752 bottleneck=5 replicate=0 seed=2 estimator=MiND k=7 dur=1.643s
[EST START] 2026-04-21T08:55:30.319867 bottleneck=5 replicate=0 seed=2 estimator=MiND k=10 sigma=0.5
[EST DONE] 2026-04-21T08:55:32.191529 bottleneck=5 replicate=0 seed=2 estimator=MiND k=10 dur=1.872s
[EST START] 2026-04-21T08:55:32.191629 bottleneck=5 replicate=0 seed=2 estimator=MiND k=15 sigma=0.5
[EST DONE] 2026-04-21T08:55:34.379884 bottleneck=5 replicate=0 seed=2 estimator=MiND k=15 dur=2.188s
[EST START] 2026-04-21T08:55:34.380091 bottleneck=5 replicate=0 seed=2 estimator=FisherS k=ALL sigma=0.5
[EST DONE] 2026-04-21T08:59:59.703018 bottleneck=5 replicate=0 seed=2 estimator=FisherS k=ALL dur=265.323s
[EST START] 2026-04-21T08:59:59.703237 bottleneck=5 replicate=0 seed=2 estimator=SMAE k=ALL sigma=0.5
[EST DONE] 2026-04-21T09:05:21.587704 bottleneck=5 replicate=0 seed=2 estimator=SMAE k=ALL dur=321.884s
[EST START] 2026-04-21T09:05:21.599715 bottleneck=5 replicate=0 seed=2 estimator=Levina-Bickel k=3 sigma=0.75
[EST DONE] 2026-04-21T09:05:22.815898 bottleneck=5 replicate=0 seed=2 estimator=Levina-Bickel k=3 dur=1.216s
[EST START] 2026-04-21T09:05:22.816025 bottleneck=5 replicate=0 seed=2 estimator=Levina-Bickel k=5 sigma=0.75
[EST DONE] 2026-04-21T09:05:24.204841 bottleneck=5 replicate=0 seed=2 estimator=Levina-Bickel k=5 dur=1.389s
[EST START] 2026-04-21T09:05:24.204945 bottleneck=5 replicate=0 seed=2 estimator=Levina-Bickel k=7 sigma=0.75
[EST DONE] 2026-04-21T09:05:25.812910 bottleneck=5 replicate=0 seed=2 estimator=Levina-Bickel k=7 dur=1.608s
[EST START] 2026-04-21T09:05:25.813090 bottleneck=5 replicate=0 seed=2 estimator=Levina-Bickel k=10 sigma=0.75
[EST DONE] 2026-04-21T09:05:27.647147 bottleneck=5 replicate=0 seed=2 estimator=Levina-Bickel k=10 dur=1.834s
[EST START] 2026-04-21T09:05:27.647283 bottleneck=5 replicate=0 seed=2 estimator=Levina-Bickel k=15 sigma=0.75
[EST DONE] 2026-04-21T09:05:29.800850 bottleneck=5 replicate=0 seed=2 estimator=Levina-Bickel k=15 dur=2.154s
[EST START] 2026-04-21T09:05:29.800960 bottleneck=5 replicate=0 seed=2 estimator=TwoNN k=ALL sigma=0.75
[EST DONE] 2026-04-21T09:05:30.809090 bottleneck=5 replicate=0 seed=2 estimator=TwoNN k=ALL dur=1.008s
[EST START] 2026-04-21T09:05:30.809214 bottleneck=5 replicate=0 seed=2 estimator=lPCA k=3 sigma=0.75
[EST DONE] 2026-04-21T09:06:03.118950 bottleneck=5 replicate=0 seed=2 estimator=lPCA k=3 dur=32.310s
[EST START] 2026-04-21T09:06:03.119077 bottleneck=5 replicate=0 seed=2 estimator=lPCA k=5 sigma=0.75
[EST DONE] 2026-04-21T09:06:36.117234 bottleneck=5 replicate=0 seed=2 estimator=lPCA k=5 dur=32.998s
[EST START] 2026-04-21T09:06:36.117459 bottleneck=5 replicate=0 seed=2 estimator=lPCA k=7 sigma=0.75
[EST DONE] 2026-04-21T09:07:09.713075 bottleneck=5 replicate=0 seed=2 estimator=lPCA k=7 dur=33.596s
[EST START] 2026-04-21T09:07:09.713226 bottleneck=5 replicate=0 seed=2 estimator=lPCA k=10 sigma=0.75
[EST DONE] 2026-04-21T09:07:44.897147 bottleneck=5 replicate=0 seed=2 estimator=lPCA k=10 dur=35.184s
[EST START] 2026-04-21T09:07:44.897278 bottleneck=5 replicate=0 seed=2 estimator=lPCA k=15 sigma=0.75
[EST DONE] 2026-04-21T09:08:20.025959 bottleneck=5 replicate=0 seed=2 estimator=lPCA k=15 dur=35.129s
[EST START] 2026-04-21T09:08:20.026112 bottleneck=5 replicate=0 seed=2 estimator=DANCo k=3 sigma=0.75
[EST DONE] 2026-04-21T09:08:46.799549 bottleneck=5 replicate=0 seed=2 estimator=DANCo k=3 dur=26.773s
[EST START] 2026-04-21T09:08:46.799690 bottleneck=5 replicate=0 seed=2 estimator=DANCo k=5 sigma=0.75
[EST DONE] 2026-04-21T09:09:15.846697 bottleneck=5 replicate=0 seed=2 estimator=DANCo k=5 dur=29.047s
[EST START] 2026-04-21T09:09:15.846920 bottleneck=5 replicate=0 seed=2 estimator=DANCo k=7 sigma=0.75
[EST DONE] 2026-04-21T09:09:46.719480 bottleneck=5 replicate=0 seed=2 estimator=DANCo k=7 dur=30.873s
[EST START] 2026-04-21T09:09:46.719648 bottleneck=5 replicate=0 seed=2 estimator=DANCo k=10 sigma=0.75
[EST DONE] 2026-04-21T09:10:19.613130 bottleneck=5 replicate=0 seed=2 estimator=DANCo k=10 dur=32.893s
[EST START] 2026-04-21T09:10:19.613286 bottleneck=5 replicate=0 seed=2 estimator=DANCo k=15 sigma=0.75
[EST DONE] 2026-04-21T09:10:57.125955 bottleneck=5 replicate=0 seed=2 estimator=DANCo k=15 dur=37.513s
[EST START] 2026-04-21T09:10:57.126115 bottleneck=5 replicate=0 seed=2 estimator=MiND k=3 sigma=0.75
[EST DONE] 2026-04-21T09:10:58.460595 bottleneck=5 replicate=0 seed=2 estimator=MiND k=3 dur=1.334s
[EST START] 2026-04-21T09:10:58.460693 bottleneck=5 replicate=0 seed=2 estimator=MiND k=5 sigma=0.75
[EST DONE] 2026-04-21T09:10:59.968029 bottleneck=5 replicate=0 seed=2 estimator=MiND k=5 dur=1.507s
[EST START] 2026-04-21T09:10:59.968248 bottleneck=5 replicate=0 seed=2 estimator=MiND k=7 sigma=0.75
[EST DONE] 2026-04-21T09:11:01.703611 bottleneck=5 replicate=0 seed=2 estimator=MiND k=7 dur=1.735s
[EST START] 2026-04-21T09:11:01.703713 bottleneck=5 replicate=0 seed=2 estimator=MiND k=10 sigma=0.75
[EST DONE] 2026-04-21T09:11:03.637302 bottleneck=5 replicate=0 seed=2 estimator=MiND k=10 dur=1.934s
[EST START] 2026-04-21T09:11:03.637405 bottleneck=5 replicate=0 seed=2 estimator=MiND k=15 sigma=0.75
[EST DONE] 2026-04-21T09:11:05.824253 bottleneck=5 replicate=0 seed=2 estimator=MiND k=15 dur=2.187s
[EST START] 2026-04-21T09:11:05.824375 bottleneck=5 replicate=0 seed=2 estimator=FisherS k=ALL sigma=0.75
[EST DONE] 2026-04-21T09:15:15.528073 bottleneck=5 replicate=0 seed=2 estimator=FisherS k=ALL dur=249.704s
[EST START] 2026-04-21T09:15:15.528339 bottleneck=5 replicate=0 seed=2 estimator=SMAE k=ALL sigma=0.75
[EST DONE] 2026-04-21T09:20:29.040891 bottleneck=5 replicate=0 seed=2 estimator=SMAE k=ALL dur=313.512s
[EST START] 2026-04-21T09:20:29.052334 bottleneck=5 replicate=0 seed=2 estimator=Levina-Bickel k=3 sigma=1.0
[EST DONE] 2026-04-21T09:20:30.256238 bottleneck=5 replicate=0 seed=2 estimator=Levina-Bickel k=3 dur=1.204s
[EST START] 2026-04-21T09:20:30.256341 bottleneck=5 replicate=0 seed=2 estimator=Levina-Bickel k=5 sigma=1.0
[EST DONE] 2026-04-21T09:20:31.615596 bottleneck=5 replicate=0 seed=2 estimator=Levina-Bickel k=5 dur=1.359s
[EST START] 2026-04-21T09:20:31.615781 bottleneck=5 replicate=0 seed=2 estimator=Levina-Bickel k=7 sigma=1.0
[EST DONE] 2026-04-21T09:20:33.164024 bottleneck=5 replicate=0 seed=2 estimator=Levina-Bickel k=7 dur=1.548s
[EST START] 2026-04-21T09:20:33.164155 bottleneck=5 replicate=0 seed=2 estimator=Levina-Bickel k=10 sigma=1.0
[EST DONE] 2026-04-21T09:20:34.965221 bottleneck=5 replicate=0 seed=2 estimator=Levina-Bickel k=10 dur=1.801s
[EST START] 2026-04-21T09:20:34.965324 bottleneck=5 replicate=0 seed=2 estimator=Levina-Bickel k=15 sigma=1.0
[EST DONE] 2026-04-21T09:20:37.066390 bottleneck=5 replicate=0 seed=2 estimator=Levina-Bickel k=15 dur=2.101s
[EST START] 2026-04-21T09:20:37.066500 bottleneck=5 replicate=0 seed=2 estimator=TwoNN k=ALL sigma=1.0
[EST DONE] 2026-04-21T09:20:38.115982 bottleneck=5 replicate=0 seed=2 estimator=TwoNN k=ALL dur=1.049s
[EST START] 2026-04-21T09:20:38.116129 bottleneck=5 replicate=0 seed=2 estimator=lPCA k=3 sigma=1.0
[EST DONE] 2026-04-21T09:21:10.272034 bottleneck=5 replicate=0 seed=2 estimator=lPCA k=3 dur=32.156s
[EST START] 2026-04-21T09:21:10.272274 bottleneck=5 replicate=0 seed=2 estimator=lPCA k=5 sigma=1.0
[EST DONE] 2026-04-21T09:21:42.914725 bottleneck=5 replicate=0 seed=2 estimator=lPCA k=5 dur=32.642s
[EST START] 2026-04-21T09:21:42.914879 bottleneck=5 replicate=0 seed=2 estimator=lPCA k=7 sigma=1.0
[EST DONE] 2026-04-21T09:22:15.955744 bottleneck=5 replicate=0 seed=2 estimator=lPCA k=7 dur=33.041s
[EST START] 2026-04-21T09:22:15.955870 bottleneck=5 replicate=0 seed=2 estimator=lPCA k=10 sigma=1.0
[EST DONE] 2026-04-21T09:22:50.576899 bottleneck=5 replicate=0 seed=2 estimator=lPCA k=10 dur=34.621s
[EST START] 2026-04-21T09:22:50.577042 bottleneck=5 replicate=0 seed=2 estimator=lPCA k=15 sigma=1.0
[EST DONE] 2026-04-21T09:23:25.890548 bottleneck=5 replicate=0 seed=2 estimator=lPCA k=15 dur=35.313s
[EST START] 2026-04-21T09:23:25.890694 bottleneck=5 replicate=0 seed=2 estimator=DANCo k=3 sigma=1.0
[EST DONE] 2026-04-21T09:23:53.641987 bottleneck=5 replicate=0 seed=2 estimator=DANCo k=3 dur=27.751s
[EST START] 2026-04-21T09:23:53.642174 bottleneck=5 replicate=0 seed=2 estimator=DANCo k=5 sigma=1.0
[EST DONE] 2026-04-21T09:24:24.446015 bottleneck=5 replicate=0 seed=2 estimator=DANCo k=5 dur=30.804s
[EST START] 2026-04-21T09:24:24.446183 bottleneck=5 replicate=0 seed=2 estimator=DANCo k=7 sigma=1.0
[EST DONE] 2026-04-21T09:24:56.342374 bottleneck=5 replicate=0 seed=2 estimator=DANCo k=7 dur=31.896s
[EST START] 2026-04-21T09:24:56.342508 bottleneck=5 replicate=0 seed=2 estimator=DANCo k=10 sigma=1.0
[EST DONE] 2026-04-21T09:25:30.279873 bottleneck=5 replicate=0 seed=2 estimator=DANCo k=10 dur=33.937s
[EST START] 2026-04-21T09:25:30.280023 bottleneck=5 replicate=0 seed=2 estimator=DANCo k=15 sigma=1.0
[EST DONE] 2026-04-21T09:26:09.177351 bottleneck=5 replicate=0 seed=2 estimator=DANCo k=15 dur=38.897s
[EST START] 2026-04-21T09:26:09.177499 bottleneck=5 replicate=0 seed=2 estimator=MiND k=3 sigma=1.0
[EST DONE] 2026-04-21T09:26:10.508850 bottleneck=5 replicate=0 seed=2 estimator=MiND k=3 dur=1.331s
[EST START] 2026-04-21T09:26:10.509014 bottleneck=5 replicate=0 seed=2 estimator=MiND k=5 sigma=1.0
[EST DONE] 2026-04-21T09:26:12.048075 bottleneck=5 replicate=0 seed=2 estimator=MiND k=5 dur=1.539s
[EST START] 2026-04-21T09:26:12.048208 bottleneck=5 replicate=0 seed=2 estimator=MiND k=7 sigma=1.0
[EST DONE] 2026-04-21T09:26:13.755865 bottleneck=5 replicate=0 seed=2 estimator=MiND k=7 dur=1.708s
[EST START] 2026-04-21T09:26:13.755969 bottleneck=5 replicate=0 seed=2 estimator=MiND k=10 sigma=1.0
[EST DONE] 2026-04-21T09:26:15.561850 bottleneck=5 replicate=0 seed=2 estimator=MiND k=10 dur=1.806s
[EST START] 2026-04-21T09:26:15.561957 bottleneck=5 replicate=0 seed=2 estimator=MiND k=15 sigma=1.0
[EST DONE] 2026-04-21T09:26:17.768893 bottleneck=5 replicate=0 seed=2 estimator=MiND k=15 dur=2.207s
[EST START] 2026-04-21T09:26:17.769073 bottleneck=5 replicate=0 seed=2 estimator=FisherS k=ALL sigma=1.0
[EST DONE] 2026-04-21T09:30:36.173722 bottleneck=5 replicate=0 seed=2 estimator=FisherS k=ALL dur=258.405s
[EST START] 2026-04-21T09:30:36.173939 bottleneck=5 replicate=0 seed=2 estimator=SMAE k=ALL sigma=1.0
[EST DONE] 2026-04-21T09:36:02.846956 bottleneck=5 replicate=0 seed=2 estimator=SMAE k=ALL dur=326.673s
[MNIST TASK START] 2026-04-21T09:36:02.847335 bottleneck=7 replicate=0 seed=2
[AE START] seed=2 bottleneck=7 epochs=50 subset=0
[AE EPOCH] epoch=1/50 loss=0.095379 epoch_time=1.41s device=cuda
[AE EPOCH] epoch=2/50 loss=0.054124 epoch_time=1.19s device=cuda
[AE EPOCH] epoch=3/50 loss=0.042017 epoch_time=1.20s device=cuda
[AE EPOCH] epoch=4/50 loss=0.035978 epoch_time=1.10s device=cuda
[AE EPOCH] epoch=5/50 loss=0.033244 epoch_time=1.22s device=cuda
[AE EPOCH] epoch=6/50 loss=0.031752 epoch_time=1.28s device=cuda
[AE EPOCH] epoch=7/50 loss=0.030714 epoch_time=1.34s device=cuda
[AE EPOCH] epoch=8/50 loss=0.029888 epoch_time=1.25s device=cuda
[AE EPOCH] epoch=9/50 loss=0.029205 epoch_time=1.17s device=cuda
[AE EPOCH] epoch=10/50 loss=0.028615 epoch_time=1.05s device=cuda
[AE EPOCH] epoch=11/50 loss=0.028098 epoch_time=1.08s device=cuda
[AE EPOCH] epoch=12/50 loss=0.027634 epoch_time=1.14s device=cuda
[AE EPOCH] epoch=13/50 loss=0.027212 epoch_time=1.31s device=cuda
[AE EPOCH] epoch=14/50 loss=0.026828 epoch_time=1.36s device=cuda
[AE EPOCH] epoch=15/50 loss=0.026469 epoch_time=1.14s device=cuda
[AE EPOCH] epoch=16/50 loss=0.026138 epoch_time=1.16s device=cuda
[AE EPOCH] epoch=17/50 loss=0.025836 epoch_time=1.26s device=cuda
[AE EPOCH] epoch=18/50 loss=0.025557 epoch_time=1.13s device=cuda
[AE EPOCH] epoch=19/50 loss=0.025300 epoch_time=1.26s device=cuda
[AE EPOCH] epoch=20/50 loss=0.025060 epoch_time=1.22s device=cuda
[AE EPOCH] epoch=21/50 loss=0.024837 epoch_time=1.43s device=cuda
[AE EPOCH] epoch=22/50 loss=0.024630 epoch_time=1.17s device=cuda
[AE EPOCH] epoch=23/50 loss=0.024437 epoch_time=1.15s device=cuda
[AE EPOCH] epoch=24/50 loss=0.024255 epoch_time=1.18s device=cuda
[AE EPOCH] epoch=25/50 loss=0.024084 epoch_time=1.30s device=cuda
[AE EPOCH] epoch=26/50 loss=0.023921 epoch_time=1.18s device=cuda
[AE EPOCH] epoch=27/50 loss=0.023768 epoch_time=1.18s device=cuda
[AE EPOCH] epoch=28/50 loss=0.023627 epoch_time=1.38s device=cuda
[AE EPOCH] epoch=29/50 loss=0.023488 epoch_time=1.41s device=cuda
[AE EPOCH] epoch=30/50 loss=0.023359 epoch_time=1.26s device=cuda
[AE EPOCH] epoch=31/50 loss=0.023236 epoch_time=1.26s device=cuda
[AE EPOCH] epoch=32/50 loss=0.023117 epoch_time=1.15s device=cuda
[AE EPOCH] epoch=33/50 loss=0.023005 epoch_time=1.11s device=cuda
[AE EPOCH] epoch=34/50 loss=0.022899 epoch_time=1.34s device=cuda
[AE EPOCH] epoch=35/50 loss=0.022796 epoch_time=1.25s device=cuda
[AE EPOCH] epoch=36/50 loss=0.022695 epoch_time=1.15s device=cuda
[AE EPOCH] epoch=37/50 loss=0.022602 epoch_time=1.02s device=cuda
[AE EPOCH] epoch=38/50 loss=0.022510 epoch_time=1.25s device=cuda
[AE EPOCH] epoch=39/50 loss=0.022421 epoch_time=1.34s device=cuda
[AE EPOCH] epoch=40/50 loss=0.022334 epoch_time=1.09s device=cuda
[AE EPOCH] epoch=41/50 loss=0.022253 epoch_time=1.10s device=cuda
[AE EPOCH] epoch=42/50 loss=0.022178 epoch_time=1.29s device=cuda
[AE EPOCH] epoch=43/50 loss=0.022099 epoch_time=1.17s device=cuda
[AE EPOCH] epoch=44/50 loss=0.022028 epoch_time=1.17s device=cuda
[AE EPOCH] epoch=45/50 loss=0.021955 epoch_time=1.19s device=cuda
[AE EPOCH] epoch=46/50 loss=0.021885 epoch_time=1.20s device=cuda
[AE EPOCH] epoch=47/50 loss=0.021819 epoch_time=1.27s device=cuda
[AE EPOCH] epoch=48/50 loss=0.021755 epoch_time=1.21s device=cuda
[AE EPOCH] epoch=49/50 loss=0.021692 epoch_time=1.25s device=cuda
[AE EPOCH] epoch=50/50 loss=0.021634 epoch_time=1.14s device=cuda
[AE TRAIN COMPLETE] total_time=60.88s
[AE TRAIN COMPLETE] 2026-04-21T09:37:13.852383 bottleneck=7 replicate=0 dur=71.0s seed=2
[EST START] 2026-04-21T09:37:13.873979 bottleneck=7 replicate=0 seed=2 estimator=Levina-Bickel k=3 sigma=0.0
[EST DONE] 2026-04-21T09:37:16.975060 bottleneck=7 replicate=0 seed=2 estimator=Levina-Bickel k=3 dur=3.101s
[EST START] 2026-04-21T09:37:16.975166 bottleneck=7 replicate=0 seed=2 estimator=Levina-Bickel k=5 sigma=0.0
[EST DONE] 2026-04-21T09:37:20.562824 bottleneck=7 replicate=0 seed=2 estimator=Levina-Bickel k=5 dur=3.588s
[EST START] 2026-04-21T09:37:20.562953 bottleneck=7 replicate=0 seed=2 estimator=Levina-Bickel k=7 sigma=0.0
[EST DONE] 2026-04-21T09:37:24.560276 bottleneck=7 replicate=0 seed=2 estimator=Levina-Bickel k=7 dur=3.997s
[EST START] 2026-04-21T09:37:24.560422 bottleneck=7 replicate=0 seed=2 estimator=Levina-Bickel k=10 sigma=0.0
[EST DONE] 2026-04-21T09:37:29.184528 bottleneck=7 replicate=0 seed=2 estimator=Levina-Bickel k=10 dur=4.624s
[EST START] 2026-04-21T09:37:29.184677 bottleneck=7 replicate=0 seed=2 estimator=Levina-Bickel k=15 sigma=0.0
[EST DONE] 2026-04-21T09:37:34.430544 bottleneck=7 replicate=0 seed=2 estimator=Levina-Bickel k=15 dur=5.246s
[EST START] 2026-04-21T09:37:34.430708 bottleneck=7 replicate=0 seed=2 estimator=TwoNN k=ALL sigma=0.0
[EST DONE] 2026-04-21T09:37:37.058150 bottleneck=7 replicate=0 seed=2 estimator=TwoNN k=ALL dur=2.627s
[EST START] 2026-04-21T09:37:37.058330 bottleneck=7 replicate=0 seed=2 estimator=lPCA k=3 sigma=0.0
[EST DONE] 2026-04-21T09:38:11.076047 bottleneck=7 replicate=0 seed=2 estimator=lPCA k=3 dur=34.018s
[EST START] 2026-04-21T09:38:11.076196 bottleneck=7 replicate=0 seed=2 estimator=lPCA k=5 sigma=0.0
[EST DONE] 2026-04-21T09:38:46.683801 bottleneck=7 replicate=0 seed=2 estimator=lPCA k=5 dur=35.608s
[EST START] 2026-04-21T09:38:46.684006 bottleneck=7 replicate=0 seed=2 estimator=lPCA k=7 sigma=0.0
[EST DONE] 2026-04-21T09:39:23.149192 bottleneck=7 replicate=0 seed=2 estimator=lPCA k=7 dur=36.465s
[EST START] 2026-04-21T09:39:23.149375 bottleneck=7 replicate=0 seed=2 estimator=lPCA k=10 sigma=0.0
[EST DONE] 2026-04-21T09:40:05.758943 bottleneck=7 replicate=0 seed=2 estimator=lPCA k=10 dur=42.610s
[EST START] 2026-04-21T09:40:05.759107 bottleneck=7 replicate=0 seed=2 estimator=lPCA k=15 sigma=0.0
[EST DONE] 2026-04-21T09:40:49.676932 bottleneck=7 replicate=0 seed=2 estimator=lPCA k=15 dur=43.918s
[EST START] 2026-04-21T09:40:49.677107 bottleneck=7 replicate=0 seed=2 estimator=DANCo k=3 sigma=0.0
[EST DONE] 2026-04-21T09:41:32.371323 bottleneck=7 replicate=0 seed=2 estimator=DANCo k=3 dur=42.694s
[EST START] 2026-04-21T09:41:32.371494 bottleneck=7 replicate=0 seed=2 estimator=DANCo k=5 sigma=0.0
[EST DONE] 2026-04-21T09:42:19.704579 bottleneck=7 replicate=0 seed=2 estimator=DANCo k=5 dur=47.333s
[EST START] 2026-04-21T09:42:19.704748 bottleneck=7 replicate=0 seed=2 estimator=DANCo k=7 sigma=0.0
[EST DONE] 2026-04-21T09:43:09.600189 bottleneck=7 replicate=0 seed=2 estimator=DANCo k=7 dur=49.895s
[EST START] 2026-04-21T09:43:09.600337 bottleneck=7 replicate=0 seed=2 estimator=DANCo k=10 sigma=0.0
[EST DONE] 2026-04-21T09:44:03.751703 bottleneck=7 replicate=0 seed=2 estimator=DANCo k=10 dur=54.151s
[EST START] 2026-04-21T09:44:03.751847 bottleneck=7 replicate=0 seed=2 estimator=DANCo k=15 sigma=0.0
[EST DONE] 2026-04-21T09:45:05.195892 bottleneck=7 replicate=0 seed=2 estimator=DANCo k=15 dur=61.444s
[EST START] 2026-04-21T09:45:05.196061 bottleneck=7 replicate=0 seed=2 estimator=MiND k=3 sigma=0.0
[EST DONE] 2026-04-21T09:45:08.593026 bottleneck=7 replicate=0 seed=2 estimator=MiND k=3 dur=3.397s
[EST START] 2026-04-21T09:45:08.593161 bottleneck=7 replicate=0 seed=2 estimator=MiND k=5 sigma=0.0
[EST DONE] 2026-04-21T09:45:12.364964 bottleneck=7 replicate=0 seed=2 estimator=MiND k=5 dur=3.772s
[EST START] 2026-04-21T09:45:12.365073 bottleneck=7 replicate=0 seed=2 estimator=MiND k=7 sigma=0.0
[EST DONE] 2026-04-21T09:45:16.459223 bottleneck=7 replicate=0 seed=2 estimator=MiND k=7 dur=4.094s
[EST START] 2026-04-21T09:45:16.459354 bottleneck=7 replicate=0 seed=2 estimator=MiND k=10 sigma=0.0
[EST DONE] 2026-04-21T09:45:21.107642 bottleneck=7 replicate=0 seed=2 estimator=MiND k=10 dur=4.648s
[EST START] 2026-04-21T09:45:21.107788 bottleneck=7 replicate=0 seed=2 estimator=MiND k=15 sigma=0.0
[EST DONE] 2026-04-21T09:45:26.620422 bottleneck=7 replicate=0 seed=2 estimator=MiND k=15 dur=5.513s
[EST START] 2026-04-21T09:45:26.620556 bottleneck=7 replicate=0 seed=2 estimator=FisherS k=ALL sigma=0.0
[EST DONE] 2026-04-21T09:49:50.298149 bottleneck=7 replicate=0 seed=2 estimator=FisherS k=ALL dur=263.678s
[EST START] 2026-04-21T09:49:50.298463 bottleneck=7 replicate=0 seed=2 estimator=SMAE k=ALL sigma=0.0
[EST DONE] 2026-04-21T09:55:11.549997 bottleneck=7 replicate=0 seed=2 estimator=SMAE k=ALL dur=321.251s
[EST START] 2026-04-21T09:55:11.566182 bottleneck=7 replicate=0 seed=2 estimator=Levina-Bickel k=3 sigma=0.25
[EST DONE] 2026-04-21T09:55:14.639958 bottleneck=7 replicate=0 seed=2 estimator=Levina-Bickel k=3 dur=3.074s
[EST START] 2026-04-21T09:55:14.640101 bottleneck=7 replicate=0 seed=2 estimator=Levina-Bickel k=5 sigma=0.25
[EST DONE] 2026-04-21T09:55:18.281125 bottleneck=7 replicate=0 seed=2 estimator=Levina-Bickel k=5 dur=3.641s
[EST START] 2026-04-21T09:55:18.281275 bottleneck=7 replicate=0 seed=2 estimator=Levina-Bickel k=7 sigma=0.25
[EST DONE] 2026-04-21T09:55:22.274346 bottleneck=7 replicate=0 seed=2 estimator=Levina-Bickel k=7 dur=3.993s
[EST START] 2026-04-21T09:55:22.274485 bottleneck=7 replicate=0 seed=2 estimator=Levina-Bickel k=10 sigma=0.25
[EST DONE] 2026-04-21T09:55:26.767137 bottleneck=7 replicate=0 seed=2 estimator=Levina-Bickel k=10 dur=4.493s
[EST START] 2026-04-21T09:55:26.767283 bottleneck=7 replicate=0 seed=2 estimator=Levina-Bickel k=15 sigma=0.25
[EST DONE] 2026-04-21T09:55:32.035141 bottleneck=7 replicate=0 seed=2 estimator=Levina-Bickel k=15 dur=5.268s
[EST START] 2026-04-21T09:55:32.035292 bottleneck=7 replicate=0 seed=2 estimator=TwoNN k=ALL sigma=0.25
[EST DONE] 2026-04-21T09:55:34.656778 bottleneck=7 replicate=0 seed=2 estimator=TwoNN k=ALL dur=2.621s
[EST START] 2026-04-21T09:55:34.656935 bottleneck=7 replicate=0 seed=2 estimator=lPCA k=3 sigma=0.25
[EST DONE] 2026-04-21T09:56:08.720951 bottleneck=7 replicate=0 seed=2 estimator=lPCA k=3 dur=34.064s
[EST START] 2026-04-21T09:56:08.721102 bottleneck=7 replicate=0 seed=2 estimator=lPCA k=5 sigma=0.25
[EST DONE] 2026-04-21T09:56:43.998958 bottleneck=7 replicate=0 seed=2 estimator=lPCA k=5 dur=35.278s
[EST START] 2026-04-21T09:56:43.999113 bottleneck=7 replicate=0 seed=2 estimator=lPCA k=7 sigma=0.25
[EST DONE] 2026-04-21T09:57:20.184166 bottleneck=7 replicate=0 seed=2 estimator=lPCA k=7 dur=36.185s
[EST START] 2026-04-21T09:57:20.184347 bottleneck=7 replicate=0 seed=2 estimator=lPCA k=10 sigma=0.25
[EST DONE] 2026-04-21T09:58:02.858243 bottleneck=7 replicate=0 seed=2 estimator=lPCA k=10 dur=42.674s
[EST START] 2026-04-21T09:58:02.858375 bottleneck=7 replicate=0 seed=2 estimator=lPCA k=15 sigma=0.25
[EST DONE] 2026-04-21T09:58:46.175728 bottleneck=7 replicate=0 seed=2 estimator=lPCA k=15 dur=43.317s
[EST START] 2026-04-21T09:58:46.175894 bottleneck=7 replicate=0 seed=2 estimator=DANCo k=3 sigma=0.25
[EST DONE] 2026-04-21T09:59:29.336040 bottleneck=7 replicate=0 seed=2 estimator=DANCo k=3 dur=43.160s
[EST START] 2026-04-21T09:59:29.336190 bottleneck=7 replicate=0 seed=2 estimator=DANCo k=5 sigma=0.25
[EST DONE] 2026-04-21T10:00:16.775011 bottleneck=7 replicate=0 seed=2 estimator=DANCo k=5 dur=47.439s
[EST START] 2026-04-21T10:00:16.775165 bottleneck=7 replicate=0 seed=2 estimator=DANCo k=7 sigma=0.25
[EST DONE] 2026-04-21T10:01:07.546332 bottleneck=7 replicate=0 seed=2 estimator=DANCo k=7 dur=50.771s
[EST START] 2026-04-21T10:01:07.546468 bottleneck=7 replicate=0 seed=2 estimator=DANCo k=10 sigma=0.25
[EST DONE] 2026-04-21T10:02:03.082505 bottleneck=7 replicate=0 seed=2 estimator=DANCo k=10 dur=55.536s
[EST START] 2026-04-21T10:02:03.082665 bottleneck=7 replicate=0 seed=2 estimator=DANCo k=15 sigma=0.25
[EST DONE] 2026-04-21T10:03:06.195687 bottleneck=7 replicate=0 seed=2 estimator=DANCo k=15 dur=63.113s
[EST START] 2026-04-21T10:03:06.195860 bottleneck=7 replicate=0 seed=2 estimator=MiND k=3 sigma=0.25
[EST DONE] 2026-04-21T10:03:09.526025 bottleneck=7 replicate=0 seed=2 estimator=MiND k=3 dur=3.330s
[EST START] 2026-04-21T10:03:09.526147 bottleneck=7 replicate=0 seed=2 estimator=MiND k=5 sigma=0.25
[EST DONE] 2026-04-21T10:03:13.364199 bottleneck=7 replicate=0 seed=2 estimator=MiND k=5 dur=3.838s
[EST START] 2026-04-21T10:03:13.364360 bottleneck=7 replicate=0 seed=2 estimator=MiND k=7 sigma=0.25
[EST DONE] 2026-04-21T10:03:17.547623 bottleneck=7 replicate=0 seed=2 estimator=MiND k=7 dur=4.183s
[EST START] 2026-04-21T10:03:17.547763 bottleneck=7 replicate=0 seed=2 estimator=MiND k=10 sigma=0.25
[EST DONE] 2026-04-21T10:03:22.330428 bottleneck=7 replicate=0 seed=2 estimator=MiND k=10 dur=4.783s
[EST START] 2026-04-21T10:03:22.330553 bottleneck=7 replicate=0 seed=2 estimator=MiND k=15 sigma=0.25
[EST DONE] 2026-04-21T10:03:27.775230 bottleneck=7 replicate=0 seed=2 estimator=MiND k=15 dur=5.445s
[EST START] 2026-04-21T10:03:27.775348 bottleneck=7 replicate=0 seed=2 estimator=FisherS k=ALL sigma=0.25
[EST DONE] 2026-04-21T10:07:57.627290 bottleneck=7 replicate=0 seed=2 estimator=FisherS k=ALL dur=269.852s
[EST START] 2026-04-21T10:07:57.627586 bottleneck=7 replicate=0 seed=2 estimator=SMAE k=ALL sigma=0.25
[EST DONE] 2026-04-21T10:13:16.167893 bottleneck=7 replicate=0 seed=2 estimator=SMAE k=ALL dur=318.540s
[EST START] 2026-04-21T10:13:16.183586 bottleneck=7 replicate=0 seed=2 estimator=Levina-Bickel k=3 sigma=0.5
[EST DONE] 2026-04-21T10:13:19.142695 bottleneck=7 replicate=0 seed=2 estimator=Levina-Bickel k=3 dur=2.959s
[EST START] 2026-04-21T10:13:19.142837 bottleneck=7 replicate=0 seed=2 estimator=Levina-Bickel k=5 sigma=0.5
[EST DONE] 2026-04-21T10:13:22.637194 bottleneck=7 replicate=0 seed=2 estimator=Levina-Bickel k=5 dur=3.494s
[EST START] 2026-04-21T10:13:22.637331 bottleneck=7 replicate=0 seed=2 estimator=Levina-Bickel k=7 sigma=0.5
[EST DONE] 2026-04-21T10:13:26.585229 bottleneck=7 replicate=0 seed=2 estimator=Levina-Bickel k=7 dur=3.948s
[EST START] 2026-04-21T10:13:26.585350 bottleneck=7 replicate=0 seed=2 estimator=Levina-Bickel k=10 sigma=0.5
[EST DONE] 2026-04-21T10:13:31.053862 bottleneck=7 replicate=0 seed=2 estimator=Levina-Bickel k=10 dur=4.468s
[EST START] 2026-04-21T10:13:31.054007 bottleneck=7 replicate=0 seed=2 estimator=Levina-Bickel k=15 sigma=0.5
[EST DONE] 2026-04-21T10:13:36.283678 bottleneck=7 replicate=0 seed=2 estimator=Levina-Bickel k=15 dur=5.230s
[EST START] 2026-04-21T10:13:36.283836 bottleneck=7 replicate=0 seed=2 estimator=TwoNN k=ALL sigma=0.5
[EST DONE] 2026-04-21T10:13:38.892716 bottleneck=7 replicate=0 seed=2 estimator=TwoNN k=ALL dur=2.609s
[EST START] 2026-04-21T10:13:38.892868 bottleneck=7 replicate=0 seed=2 estimator=lPCA k=3 sigma=0.5
[EST DONE] 2026-04-21T10:14:12.671443 bottleneck=7 replicate=0 seed=2 estimator=lPCA k=3 dur=33.779s
[EST START] 2026-04-21T10:14:12.671577 bottleneck=7 replicate=0 seed=2 estimator=lPCA k=5 sigma=0.5
[EST DONE] 2026-04-21T10:14:47.914341 bottleneck=7 replicate=0 seed=2 estimator=lPCA k=5 dur=35.243s
[EST START] 2026-04-21T10:14:47.914507 bottleneck=7 replicate=0 seed=2 estimator=lPCA k=7 sigma=0.5
[EST DONE] 2026-04-21T10:15:24.641252 bottleneck=7 replicate=0 seed=2 estimator=lPCA k=7 dur=36.727s
[EST START] 2026-04-21T10:15:24.641403 bottleneck=7 replicate=0 seed=2 estimator=lPCA k=10 sigma=0.5
[EST DONE] 2026-04-21T10:16:07.728974 bottleneck=7 replicate=0 seed=2 estimator=lPCA k=10 dur=43.088s
[EST START] 2026-04-21T10:16:07.729225 bottleneck=7 replicate=0 seed=2 estimator=lPCA k=15 sigma=0.5
[EST DONE] 2026-04-21T10:16:51.554509 bottleneck=7 replicate=0 seed=2 estimator=lPCA k=15 dur=43.825s
[EST START] 2026-04-21T10:16:51.554678 bottleneck=7 replicate=0 seed=2 estimator=DANCo k=3 sigma=0.5
[EST DONE] 2026-04-21T10:17:35.013896 bottleneck=7 replicate=0 seed=2 estimator=DANCo k=3 dur=43.459s
[EST START] 2026-04-21T10:17:35.014024 bottleneck=7 replicate=0 seed=2 estimator=DANCo k=5 sigma=0.5
[EST DONE] 2026-04-21T10:18:22.901720 bottleneck=7 replicate=0 seed=2 estimator=DANCo k=5 dur=47.888s
[EST START] 2026-04-21T10:18:22.901896 bottleneck=7 replicate=0 seed=2 estimator=DANCo k=7 sigma=0.5
[EST DONE] 2026-04-21T10:19:13.931292 bottleneck=7 replicate=0 seed=2 estimator=DANCo k=7 dur=51.029s
[EST START] 2026-04-21T10:19:13.931453 bottleneck=7 replicate=0 seed=2 estimator=DANCo k=10 sigma=0.5
[EST DONE] 2026-04-21T10:20:08.738498 bottleneck=7 replicate=0 seed=2 estimator=DANCo k=10 dur=54.807s
[EST START] 2026-04-21T10:20:08.738621 bottleneck=7 replicate=0 seed=2 estimator=DANCo k=15 sigma=0.5
[EST DONE] 2026-04-21T10:21:11.834075 bottleneck=7 replicate=0 seed=2 estimator=DANCo k=15 dur=63.095s
[EST START] 2026-04-21T10:21:11.834321 bottleneck=7 replicate=0 seed=2 estimator=MiND k=3 sigma=0.5
[EST DONE] 2026-04-21T10:21:15.259501 bottleneck=7 replicate=0 seed=2 estimator=MiND k=3 dur=3.425s
[EST START] 2026-04-21T10:21:15.259580 bottleneck=7 replicate=0 seed=2 estimator=MiND k=5 sigma=0.5
[EST DONE] 2026-04-21T10:21:19.055929 bottleneck=7 replicate=0 seed=2 estimator=MiND k=5 dur=3.796s
[EST START] 2026-04-21T10:21:19.056045 bottleneck=7 replicate=0 seed=2 estimator=MiND k=7 sigma=0.5
[EST DONE] 2026-04-21T10:21:23.389391 bottleneck=7 replicate=0 seed=2 estimator=MiND k=7 dur=4.333s
[EST START] 2026-04-21T10:21:23.389524 bottleneck=7 replicate=0 seed=2 estimator=MiND k=10 sigma=0.5
[EST DONE] 2026-04-21T10:21:28.089884 bottleneck=7 replicate=0 seed=2 estimator=MiND k=10 dur=4.700s
[EST START] 2026-04-21T10:21:28.090028 bottleneck=7 replicate=0 seed=2 estimator=MiND k=15 sigma=0.5
[EST DONE] 2026-04-21T10:21:33.378909 bottleneck=7 replicate=0 seed=2 estimator=MiND k=15 dur=5.289s
[EST START] 2026-04-21T10:21:33.379056 bottleneck=7 replicate=0 seed=2 estimator=FisherS k=ALL sigma=0.5
[EST DONE] 2026-04-21T10:25:57.412968 bottleneck=7 replicate=0 seed=2 estimator=FisherS k=ALL dur=264.034s
[EST START] 2026-04-21T10:25:57.413181 bottleneck=7 replicate=0 seed=2 estimator=SMAE k=ALL sigma=0.5
[EST DONE] 2026-04-21T10:31:29.511765 bottleneck=7 replicate=0 seed=2 estimator=SMAE k=ALL dur=332.099s
[EST START] 2026-04-21T10:31:29.527100 bottleneck=7 replicate=0 seed=2 estimator=Levina-Bickel k=3 sigma=0.75
[EST DONE] 2026-04-21T10:31:32.680915 bottleneck=7 replicate=0 seed=2 estimator=Levina-Bickel k=3 dur=3.154s
[EST START] 2026-04-21T10:31:32.681033 bottleneck=7 replicate=0 seed=2 estimator=Levina-Bickel k=5 sigma=0.75
[EST DONE] 2026-04-21T10:31:36.350485 bottleneck=7 replicate=0 seed=2 estimator=Levina-Bickel k=5 dur=3.669s
[EST START] 2026-04-21T10:31:36.350619 bottleneck=7 replicate=0 seed=2 estimator=Levina-Bickel k=7 sigma=0.75
[EST DONE] 2026-04-21T10:31:40.463485 bottleneck=7 replicate=0 seed=2 estimator=Levina-Bickel k=7 dur=4.113s
[EST START] 2026-04-21T10:31:40.463611 bottleneck=7 replicate=0 seed=2 estimator=Levina-Bickel k=10 sigma=0.75
[EST DONE] 2026-04-21T10:31:45.185601 bottleneck=7 replicate=0 seed=2 estimator=Levina-Bickel k=10 dur=4.722s
[EST START] 2026-04-21T10:31:45.185754 bottleneck=7 replicate=0 seed=2 estimator=Levina-Bickel k=15 sigma=0.75
[EST DONE] 2026-04-21T10:31:50.748455 bottleneck=7 replicate=0 seed=2 estimator=Levina-Bickel k=15 dur=5.563s
[EST START] 2026-04-21T10:31:50.748606 bottleneck=7 replicate=0 seed=2 estimator=TwoNN k=ALL sigma=0.75
[EST DONE] 2026-04-21T10:31:53.531750 bottleneck=7 replicate=0 seed=2 estimator=TwoNN k=ALL dur=2.783s
[EST START] 2026-04-21T10:31:53.531904 bottleneck=7 replicate=0 seed=2 estimator=lPCA k=3 sigma=0.75
[EST DONE] 2026-04-21T10:32:28.211180 bottleneck=7 replicate=0 seed=2 estimator=lPCA k=3 dur=34.679s
[EST START] 2026-04-21T10:32:28.211334 bottleneck=7 replicate=0 seed=2 estimator=lPCA k=5 sigma=0.75
[EST DONE] 2026-04-21T10:33:04.062839 bottleneck=7 replicate=0 seed=2 estimator=lPCA k=5 dur=35.851s
[EST START] 2026-04-21T10:33:04.062999 bottleneck=7 replicate=0 seed=2 estimator=lPCA k=7 sigma=0.75
[EST DONE] 2026-04-21T10:33:40.575921 bottleneck=7 replicate=0 seed=2 estimator=lPCA k=7 dur=36.513s
[EST START] 2026-04-21T10:33:40.576108 bottleneck=7 replicate=0 seed=2 estimator=lPCA k=10 sigma=0.75
[EST DONE] 2026-04-21T10:34:23.535936 bottleneck=7 replicate=0 seed=2 estimator=lPCA k=10 dur=42.960s
[EST START] 2026-04-21T10:34:23.536081 bottleneck=7 replicate=0 seed=2 estimator=lPCA k=15 sigma=0.75
[EST DONE] 2026-04-21T10:35:07.399933 bottleneck=7 replicate=0 seed=2 estimator=lPCA k=15 dur=43.864s
[EST START] 2026-04-21T10:35:07.400104 bottleneck=7 replicate=0 seed=2 estimator=DANCo k=3 sigma=0.75
[EST DONE] 2026-04-21T10:35:49.808140 bottleneck=7 replicate=0 seed=2 estimator=DANCo k=3 dur=42.408s
[EST START] 2026-04-21T10:35:49.808287 bottleneck=7 replicate=0 seed=2 estimator=DANCo k=5 sigma=0.75
[EST DONE] 2026-04-21T10:36:36.915449 bottleneck=7 replicate=0 seed=2 estimator=DANCo k=5 dur=47.107s
[EST START] 2026-04-21T10:36:36.915571 bottleneck=7 replicate=0 seed=2 estimator=DANCo k=7 sigma=0.75
[EST DONE] 2026-04-21T10:37:27.069120 bottleneck=7 replicate=0 seed=2 estimator=DANCo k=7 dur=50.154s
[EST START] 2026-04-21T10:37:27.069311 bottleneck=7 replicate=0 seed=2 estimator=DANCo k=10 sigma=0.75
[EST DONE] 2026-04-21T10:38:20.456485 bottleneck=7 replicate=0 seed=2 estimator=DANCo k=10 dur=53.387s
[EST START] 2026-04-21T10:38:20.456646 bottleneck=7 replicate=0 seed=2 estimator=DANCo k=15 sigma=0.75
[EST DONE] 2026-04-21T10:39:21.658898 bottleneck=7 replicate=0 seed=2 estimator=DANCo k=15 dur=61.202s
[EST START] 2026-04-21T10:39:21.659062 bottleneck=7 replicate=0 seed=2 estimator=MiND k=3 sigma=0.75
[EST DONE] 2026-04-21T10:39:25.036422 bottleneck=7 replicate=0 seed=2 estimator=MiND k=3 dur=3.377s
[EST START] 2026-04-21T10:39:25.036553 bottleneck=7 replicate=0 seed=2 estimator=MiND k=5 sigma=0.75
[EST DONE] 2026-04-21T10:39:28.960514 bottleneck=7 replicate=0 seed=2 estimator=MiND k=5 dur=3.924s
[EST START] 2026-04-21T10:39:28.960648 bottleneck=7 replicate=0 seed=2 estimator=MiND k=7 sigma=0.75
[EST DONE] 2026-04-21T10:39:33.215181 bottleneck=7 replicate=0 seed=2 estimator=MiND k=7 dur=4.255s
[EST START] 2026-04-21T10:39:33.215309 bottleneck=7 replicate=0 seed=2 estimator=MiND k=10 sigma=0.75
[EST DONE] 2026-04-21T10:39:38.053774 bottleneck=7 replicate=0 seed=2 estimator=MiND k=10 dur=4.838s
[EST START] 2026-04-21T10:39:38.053902 bottleneck=7 replicate=0 seed=2 estimator=MiND k=15 sigma=0.75
[EST DONE] 2026-04-21T10:39:43.642360 bottleneck=7 replicate=0 seed=2 estimator=MiND k=15 dur=5.588s
[EST START] 2026-04-21T10:39:43.642506 bottleneck=7 replicate=0 seed=2 estimator=FisherS k=ALL sigma=0.75
[EST DONE] 2026-04-21T10:44:12.580856 bottleneck=7 replicate=0 seed=2 estimator=FisherS k=ALL dur=268.938s
[EST START] 2026-04-21T10:44:12.581051 bottleneck=7 replicate=0 seed=2 estimator=SMAE k=ALL sigma=0.75
[EST DONE] 2026-04-21T10:49:31.933949 bottleneck=7 replicate=0 seed=2 estimator=SMAE k=ALL dur=319.353s
[EST START] 2026-04-21T10:49:31.949858 bottleneck=7 replicate=0 seed=2 estimator=Levina-Bickel k=3 sigma=1.0
[EST DONE] 2026-04-21T10:49:35.048022 bottleneck=7 replicate=0 seed=2 estimator=Levina-Bickel k=3 dur=3.098s
[EST START] 2026-04-21T10:49:35.048144 bottleneck=7 replicate=0 seed=2 estimator=Levina-Bickel k=5 sigma=1.0
[EST DONE] 2026-04-21T10:49:38.829340 bottleneck=7 replicate=0 seed=2 estimator=Levina-Bickel k=5 dur=3.781s
[EST START] 2026-04-21T10:49:38.829476 bottleneck=7 replicate=0 seed=2 estimator=Levina-Bickel k=7 sigma=1.0
[EST DONE] 2026-04-21T10:49:42.989118 bottleneck=7 replicate=0 seed=2 estimator=Levina-Bickel k=7 dur=4.160s
[EST START] 2026-04-21T10:49:42.989273 bottleneck=7 replicate=0 seed=2 estimator=Levina-Bickel k=10 sigma=1.0
[EST DONE] 2026-04-21T10:49:47.674978 bottleneck=7 replicate=0 seed=2 estimator=Levina-Bickel k=10 dur=4.686s
[EST START] 2026-04-21T10:49:47.675114 bottleneck=7 replicate=0 seed=2 estimator=Levina-Bickel k=15 sigma=1.0
[EST DONE] 2026-04-21T10:49:53.305109 bottleneck=7 replicate=0 seed=2 estimator=Levina-Bickel k=15 dur=5.630s
[EST START] 2026-04-21T10:49:53.305262 bottleneck=7 replicate=0 seed=2 estimator=TwoNN k=ALL sigma=1.0
[EST DONE] 2026-04-21T10:49:56.073242 bottleneck=7 replicate=0 seed=2 estimator=TwoNN k=ALL dur=2.768s
[EST START] 2026-04-21T10:49:56.073387 bottleneck=7 replicate=0 seed=2 estimator=lPCA k=3 sigma=1.0
[EST DONE] 2026-04-21T10:50:30.154027 bottleneck=7 replicate=0 seed=2 estimator=lPCA k=3 dur=34.081s
[EST START] 2026-04-21T10:50:30.154165 bottleneck=7 replicate=0 seed=2 estimator=lPCA k=5 sigma=1.0
[EST DONE] 2026-04-21T10:51:06.492840 bottleneck=7 replicate=0 seed=2 estimator=lPCA k=5 dur=36.339s
[EST START] 2026-04-21T10:51:06.492999 bottleneck=7 replicate=0 seed=2 estimator=lPCA k=7 sigma=1.0
[EST DONE] 2026-04-21T10:51:43.349488 bottleneck=7 replicate=0 seed=2 estimator=lPCA k=7 dur=36.856s
[EST START] 2026-04-21T10:51:43.349641 bottleneck=7 replicate=0 seed=2 estimator=lPCA k=10 sigma=1.0
[EST DONE] 2026-04-21T10:52:26.514396 bottleneck=7 replicate=0 seed=2 estimator=lPCA k=10 dur=43.165s
[EST START] 2026-04-21T10:52:26.514551 bottleneck=7 replicate=0 seed=2 estimator=lPCA k=15 sigma=1.0
[EST DONE] 2026-04-21T10:53:10.150228 bottleneck=7 replicate=0 seed=2 estimator=lPCA k=15 dur=43.636s
[EST START] 2026-04-21T10:53:10.150394 bottleneck=7 replicate=0 seed=2 estimator=DANCo k=3 sigma=1.0
[EST DONE] 2026-04-21T10:53:52.886251 bottleneck=7 replicate=0 seed=2 estimator=DANCo k=3 dur=42.736s
[EST START] 2026-04-21T10:53:52.886385 bottleneck=7 replicate=0 seed=2 estimator=DANCo k=5 sigma=1.0
[EST DONE] 2026-04-21T10:54:40.594792 bottleneck=7 replicate=0 seed=2 estimator=DANCo k=5 dur=47.708s
[EST START] 2026-04-21T10:54:40.594972 bottleneck=7 replicate=0 seed=2 estimator=DANCo k=7 sigma=1.0
[EST DONE] 2026-04-21T10:55:30.605000 bottleneck=7 replicate=0 seed=2 estimator=DANCo k=7 dur=50.010s
[EST START] 2026-04-21T10:55:30.605122 bottleneck=7 replicate=0 seed=2 estimator=DANCo k=10 sigma=1.0
[EST DONE] 2026-04-21T10:56:24.290474 bottleneck=7 replicate=0 seed=2 estimator=DANCo k=10 dur=53.685s
[EST START] 2026-04-21T10:56:24.290633 bottleneck=7 replicate=0 seed=2 estimator=DANCo k=15 sigma=1.0
[EST DONE] 2026-04-21T10:57:26.207169 bottleneck=7 replicate=0 seed=2 estimator=DANCo k=15 dur=61.917s
[EST START] 2026-04-21T10:57:26.207334 bottleneck=7 replicate=0 seed=2 estimator=MiND k=3 sigma=1.0
[EST DONE] 2026-04-21T10:57:29.863486 bottleneck=7 replicate=0 seed=2 estimator=MiND k=3 dur=3.656s
[EST START] 2026-04-21T10:57:29.863606 bottleneck=7 replicate=0 seed=2 estimator=MiND k=5 sigma=1.0
[EST DONE] 2026-04-21T10:57:34.084008 bottleneck=7 replicate=0 seed=2 estimator=MiND k=5 dur=4.220s
[EST START] 2026-04-21T10:57:34.084142 bottleneck=7 replicate=0 seed=2 estimator=MiND k=7 sigma=1.0
[EST DONE] 2026-04-21T10:57:38.541033 bottleneck=7 replicate=0 seed=2 estimator=MiND k=7 dur=4.457s
[EST START] 2026-04-21T10:57:38.541168 bottleneck=7 replicate=0 seed=2 estimator=MiND k=10 sigma=1.0
[EST DONE] 2026-04-21T10:57:43.522904 bottleneck=7 replicate=0 seed=2 estimator=MiND k=10 dur=4.982s
[EST START] 2026-04-21T10:57:43.523054 bottleneck=7 replicate=0 seed=2 estimator=MiND k=15 sigma=1.0
[EST DONE] 2026-04-21T10:57:49.256248 bottleneck=7 replicate=0 seed=2 estimator=MiND k=15 dur=5.733s
[EST START] 2026-04-21T10:57:49.256376 bottleneck=7 replicate=0 seed=2 estimator=FisherS k=ALL sigma=1.0
[EST DONE] 2026-04-21T11:02:10.414264 bottleneck=7 replicate=0 seed=2 estimator=FisherS k=ALL dur=261.158s
[EST START] 2026-04-21T11:02:10.414463 bottleneck=7 replicate=0 seed=2 estimator=SMAE k=ALL sigma=1.0
[EST DONE] 2026-04-21T11:07:31.006208 bottleneck=7 replicate=0 seed=2 estimator=SMAE k=ALL dur=320.592s
[MNIST TASK START] 2026-04-21T11:07:31.006526 bottleneck=9 replicate=0 seed=2
[AE START] seed=2 bottleneck=9 epochs=50 subset=0
[AE EPOCH] epoch=1/50 loss=0.094416 epoch_time=1.44s device=cuda
[AE EPOCH] epoch=2/50 loss=0.052682 epoch_time=1.22s device=cuda
[AE EPOCH] epoch=3/50 loss=0.040159 epoch_time=1.25s device=cuda
[AE EPOCH] epoch=4/50 loss=0.034715 epoch_time=1.08s device=cuda
[AE EPOCH] epoch=5/50 loss=0.031687 epoch_time=1.25s device=cuda
[AE EPOCH] epoch=6/50 loss=0.029834 epoch_time=1.37s device=cuda
[AE EPOCH] epoch=7/50 loss=0.028546 epoch_time=1.30s device=cuda
[AE EPOCH] epoch=8/50 loss=0.027535 epoch_time=1.03s device=cuda
[AE EPOCH] epoch=9/50 loss=0.026682 epoch_time=1.29s device=cuda
[AE EPOCH] epoch=10/50 loss=0.025961 epoch_time=1.31s device=cuda
[AE EPOCH] epoch=11/50 loss=0.025343 epoch_time=1.16s device=cuda
[AE EPOCH] epoch=12/50 loss=0.024808 epoch_time=1.15s device=cuda
[AE EPOCH] epoch=13/50 loss=0.024338 epoch_time=1.19s device=cuda
[AE EPOCH] epoch=14/50 loss=0.023922 epoch_time=1.11s device=cuda
[AE EPOCH] epoch=15/50 loss=0.023544 epoch_time=1.10s device=cuda
[AE EPOCH] epoch=16/50 loss=0.023207 epoch_time=1.22s device=cuda
[AE EPOCH] epoch=17/50 loss=0.022901 epoch_time=1.08s device=cuda
[AE EPOCH] epoch=18/50 loss=0.022622 epoch_time=1.27s device=cuda
[AE EPOCH] epoch=19/50 loss=0.022360 epoch_time=1.08s device=cuda
[AE EPOCH] epoch=20/50 loss=0.022119 epoch_time=1.04s device=cuda
[AE EPOCH] epoch=21/50 loss=0.021893 epoch_time=1.34s device=cuda
[AE EPOCH] epoch=22/50 loss=0.021681 epoch_time=1.05s device=cuda
[AE EPOCH] epoch=23/50 loss=0.021479 epoch_time=1.08s device=cuda
[AE EPOCH] epoch=24/50 loss=0.021291 epoch_time=1.16s device=cuda
[AE EPOCH] epoch=25/50 loss=0.021115 epoch_time=1.29s device=cuda
[AE EPOCH] epoch=26/50 loss=0.020944 epoch_time=1.21s device=cuda
[AE EPOCH] epoch=27/50 loss=0.020787 epoch_time=1.09s device=cuda
[AE EPOCH] epoch=28/50 loss=0.020633 epoch_time=1.21s device=cuda
[AE EPOCH] epoch=29/50 loss=0.020489 epoch_time=1.16s device=cuda
[AE EPOCH] epoch=30/50 loss=0.020352 epoch_time=1.05s device=cuda
[AE EPOCH] epoch=31/50 loss=0.020222 epoch_time=1.22s device=cuda
[AE EPOCH] epoch=32/50 loss=0.020095 epoch_time=1.05s device=cuda
[AE EPOCH] epoch=33/50 loss=0.019976 epoch_time=1.10s device=cuda
[AE EPOCH] epoch=34/50 loss=0.019862 epoch_time=1.10s device=cuda
[AE EPOCH] epoch=35/50 loss=0.019751 epoch_time=1.20s device=cuda
[AE EPOCH] epoch=36/50 loss=0.019647 epoch_time=1.09s device=cuda
[AE EPOCH] epoch=37/50 loss=0.019548 epoch_time=1.15s device=cuda
[AE EPOCH] epoch=38/50 loss=0.019450 epoch_time=1.21s device=cuda
[AE EPOCH] epoch=39/50 loss=0.019359 epoch_time=1.16s device=cuda
[AE EPOCH] epoch=40/50 loss=0.019271 epoch_time=1.14s device=cuda
[AE EPOCH] epoch=41/50 loss=0.019183 epoch_time=1.18s device=cuda
[AE EPOCH] epoch=42/50 loss=0.019101 epoch_time=1.18s device=cuda
[AE EPOCH] epoch=43/50 loss=0.019021 epoch_time=1.28s device=cuda
[AE EPOCH] epoch=44/50 loss=0.018945 epoch_time=1.12s device=cuda
[AE EPOCH] epoch=45/50 loss=0.018869 epoch_time=1.04s device=cuda
[AE EPOCH] epoch=46/50 loss=0.018799 epoch_time=1.23s device=cuda
[AE EPOCH] epoch=47/50 loss=0.018726 epoch_time=1.07s device=cuda
[AE EPOCH] epoch=48/50 loss=0.018660 epoch_time=1.19s device=cuda
[AE EPOCH] epoch=49/50 loss=0.018594 epoch_time=1.18s device=cuda
[AE EPOCH] epoch=50/50 loss=0.018530 epoch_time=1.33s device=cuda
[AE TRAIN COMPLETE] total_time=58.81s
[AE TRAIN COMPLETE] 2026-04-21T11:08:36.644493 bottleneck=9 replicate=0 dur=65.6s seed=2
[EST START] 2026-04-21T11:08:36.671172 bottleneck=9 replicate=0 seed=2 estimator=Levina-Bickel k=3 sigma=0.0
[EST DONE] 2026-04-21T11:08:42.417979 bottleneck=9 replicate=0 seed=2 estimator=Levina-Bickel k=3 dur=5.747s
[EST START] 2026-04-21T11:08:42.418098 bottleneck=9 replicate=0 seed=2 estimator=Levina-Bickel k=5 sigma=0.0
[EST DONE] 2026-04-21T11:08:49.152932 bottleneck=9 replicate=0 seed=2 estimator=Levina-Bickel k=5 dur=6.735s
[EST START] 2026-04-21T11:08:49.153081 bottleneck=9 replicate=0 seed=2 estimator=Levina-Bickel k=7 sigma=0.0
[EST DONE] 2026-04-21T11:08:56.518775 bottleneck=9 replicate=0 seed=2 estimator=Levina-Bickel k=7 dur=7.366s
[EST START] 2026-04-21T11:08:56.518911 bottleneck=9 replicate=0 seed=2 estimator=Levina-Bickel k=10 sigma=0.0
[EST DONE] 2026-04-21T11:09:04.882454 bottleneck=9 replicate=0 seed=2 estimator=Levina-Bickel k=10 dur=8.364s
[EST START] 2026-04-21T11:09:04.882619 bottleneck=9 replicate=0 seed=2 estimator=Levina-Bickel k=15 sigma=0.0
[EST DONE] 2026-04-21T11:09:14.279430 bottleneck=9 replicate=0 seed=2 estimator=Levina-Bickel k=15 dur=9.397s
[EST START] 2026-04-21T11:09:14.279615 bottleneck=9 replicate=0 seed=2 estimator=TwoNN k=ALL sigma=0.0
[EST DONE] 2026-04-21T11:09:19.197331 bottleneck=9 replicate=0 seed=2 estimator=TwoNN k=ALL dur=4.918s
[EST START] 2026-04-21T11:09:19.197448 bottleneck=9 replicate=0 seed=2 estimator=lPCA k=3 sigma=0.0
[EST DONE] 2026-04-21T11:09:55.789464 bottleneck=9 replicate=0 seed=2 estimator=lPCA k=3 dur=36.592s
[EST START] 2026-04-21T11:09:55.789616 bottleneck=9 replicate=0 seed=2 estimator=lPCA k=5 sigma=0.0
[EST DONE] 2026-04-21T11:10:33.572765 bottleneck=9 replicate=0 seed=2 estimator=lPCA k=5 dur=37.783s
[EST START] 2026-04-21T11:10:33.572920 bottleneck=9 replicate=0 seed=2 estimator=lPCA k=7 sigma=0.0
[EST DONE] 2026-04-21T11:11:13.130326 bottleneck=9 replicate=0 seed=2 estimator=lPCA k=7 dur=39.557s
[EST START] 2026-04-21T11:11:13.130486 bottleneck=9 replicate=0 seed=2 estimator=lPCA k=10 sigma=0.0
[EST DONE] 2026-04-21T11:11:54.132827 bottleneck=9 replicate=0 seed=2 estimator=lPCA k=10 dur=41.002s
[EST START] 2026-04-21T11:11:54.133000 bottleneck=9 replicate=0 seed=2 estimator=lPCA k=15 sigma=0.0
[EST DONE] 2026-04-21T11:12:39.274116 bottleneck=9 replicate=0 seed=2 estimator=lPCA k=15 dur=45.141s
[EST START] 2026-04-21T11:12:39.274269 bottleneck=9 replicate=0 seed=2 estimator=DANCo k=3 sigma=0.0
[EST DONE] 2026-04-21T11:13:44.861328 bottleneck=9 replicate=0 seed=2 estimator=DANCo k=3 dur=65.587s
[EST START] 2026-04-21T11:13:44.861477 bottleneck=9 replicate=0 seed=2 estimator=DANCo k=5 sigma=0.0
[EST DONE] 2026-04-21T11:14:58.157441 bottleneck=9 replicate=0 seed=2 estimator=DANCo k=5 dur=73.296s
[EST START] 2026-04-21T11:14:58.157607 bottleneck=9 replicate=0 seed=2 estimator=DANCo k=7 sigma=0.0
[EST DONE] 2026-04-21T11:16:16.175328 bottleneck=9 replicate=0 seed=2 estimator=DANCo k=7 dur=78.018s
[EST START] 2026-04-21T11:16:16.175512 bottleneck=9 replicate=0 seed=2 estimator=DANCo k=10 sigma=0.0
[EST DONE] 2026-04-21T11:17:40.245693 bottleneck=9 replicate=0 seed=2 estimator=DANCo k=10 dur=84.070s
[EST START] 2026-04-21T11:17:40.245830 bottleneck=9 replicate=0 seed=2 estimator=DANCo k=15 sigma=0.0
[EST DONE] 2026-04-21T11:19:16.594720 bottleneck=9 replicate=0 seed=2 estimator=DANCo k=15 dur=96.349s
[EST START] 2026-04-21T11:19:16.594892 bottleneck=9 replicate=0 seed=2 estimator=MiND k=3 sigma=0.0
[EST DONE] 2026-04-21T11:19:22.669449 bottleneck=9 replicate=0 seed=2 estimator=MiND k=3 dur=6.075s
[EST START] 2026-04-21T11:19:22.669620 bottleneck=9 replicate=0 seed=2 estimator=MiND k=5 sigma=0.0
[EST DONE] 2026-04-21T11:19:29.631043 bottleneck=9 replicate=0 seed=2 estimator=MiND k=5 dur=6.961s
[EST START] 2026-04-21T11:19:29.631173 bottleneck=9 replicate=0 seed=2 estimator=MiND k=7 sigma=0.0
[EST DONE] 2026-04-21T11:19:37.276732 bottleneck=9 replicate=0 seed=2 estimator=MiND k=7 dur=7.646s
[EST START] 2026-04-21T11:19:37.276878 bottleneck=9 replicate=0 seed=2 estimator=MiND k=10 sigma=0.0
[EST DONE] 2026-04-21T11:19:45.708187 bottleneck=9 replicate=0 seed=2 estimator=MiND k=10 dur=8.431s
[EST START] 2026-04-21T11:19:45.708328 bottleneck=9 replicate=0 seed=2 estimator=MiND k=15 sigma=0.0
[EST DONE] 2026-04-21T11:19:55.301715 bottleneck=9 replicate=0 seed=2 estimator=MiND k=15 dur=9.593s
[EST START] 2026-04-21T11:19:55.301859 bottleneck=9 replicate=0 seed=2 estimator=FisherS k=ALL sigma=0.0
[EST DONE] 2026-04-21T11:24:07.859695 bottleneck=9 replicate=0 seed=2 estimator=FisherS k=ALL dur=252.558s
[EST START] 2026-04-21T11:24:07.859914 bottleneck=9 replicate=0 seed=2 estimator=SMAE k=ALL sigma=0.0
[EST DONE] 2026-04-21T11:29:27.447445 bottleneck=9 replicate=0 seed=2 estimator=SMAE k=ALL dur=319.587s
[EST START] 2026-04-21T11:29:27.467801 bottleneck=9 replicate=0 seed=2 estimator=Levina-Bickel k=3 sigma=0.25
[EST DONE] 2026-04-21T11:29:33.172119 bottleneck=9 replicate=0 seed=2 estimator=Levina-Bickel k=3 dur=5.704s
[EST START] 2026-04-21T11:29:33.172259 bottleneck=9 replicate=0 seed=2 estimator=Levina-Bickel k=5 sigma=0.25
[EST DONE] 2026-04-21T11:29:39.972577 bottleneck=9 replicate=0 seed=2 estimator=Levina-Bickel k=5 dur=6.800s
[EST START] 2026-04-21T11:29:39.972717 bottleneck=9 replicate=0 seed=2 estimator=Levina-Bickel k=7 sigma=0.25
[EST DONE] 2026-04-21T11:29:47.506376 bottleneck=9 replicate=0 seed=2 estimator=Levina-Bickel k=7 dur=7.534s
[EST START] 2026-04-21T11:29:47.506538 bottleneck=9 replicate=0 seed=2 estimator=Levina-Bickel k=10 sigma=0.25
[EST DONE] 2026-04-21T11:29:55.686809 bottleneck=9 replicate=0 seed=2 estimator=Levina-Bickel k=10 dur=8.180s
[EST START] 2026-04-21T11:29:55.686956 bottleneck=9 replicate=0 seed=2 estimator=Levina-Bickel k=15 sigma=0.25
[EST DONE] 2026-04-21T11:30:05.281898 bottleneck=9 replicate=0 seed=2 estimator=Levina-Bickel k=15 dur=9.595s
[EST START] 2026-04-21T11:30:05.282079 bottleneck=9 replicate=0 seed=2 estimator=TwoNN k=ALL sigma=0.25
[EST DONE] 2026-04-21T11:30:10.227890 bottleneck=9 replicate=0 seed=2 estimator=TwoNN k=ALL dur=4.946s
[EST START] 2026-04-21T11:30:10.228042 bottleneck=9 replicate=0 seed=2 estimator=lPCA k=3 sigma=0.25
[EST DONE] 2026-04-21T11:30:47.014828 bottleneck=9 replicate=0 seed=2 estimator=lPCA k=3 dur=36.787s
[EST START] 2026-04-21T11:30:47.014968 bottleneck=9 replicate=0 seed=2 estimator=lPCA k=5 sigma=0.25
[EST DONE] 2026-04-21T11:31:25.070971 bottleneck=9 replicate=0 seed=2 estimator=lPCA k=5 dur=38.056s
[EST START] 2026-04-21T11:31:25.071138 bottleneck=9 replicate=0 seed=2 estimator=lPCA k=7 sigma=0.25
[EST DONE] 2026-04-21T11:32:04.830988 bottleneck=9 replicate=0 seed=2 estimator=lPCA k=7 dur=39.760s
[EST START] 2026-04-21T11:32:04.831144 bottleneck=9 replicate=0 seed=2 estimator=lPCA k=10 sigma=0.25
[EST DONE] 2026-04-21T11:32:46.201819 bottleneck=9 replicate=0 seed=2 estimator=lPCA k=10 dur=41.371s
[EST START] 2026-04-21T11:32:46.201999 bottleneck=9 replicate=0 seed=2 estimator=lPCA k=15 sigma=0.25
[EST DONE] 2026-04-21T11:33:30.838119 bottleneck=9 replicate=0 seed=2 estimator=lPCA k=15 dur=44.636s
[EST START] 2026-04-21T11:33:30.838287 bottleneck=9 replicate=0 seed=2 estimator=DANCo k=3 sigma=0.25
[EST DONE] 2026-04-21T11:34:34.569663 bottleneck=9 replicate=0 seed=2 estimator=DANCo k=3 dur=63.731s
[EST START] 2026-04-21T11:34:34.569800 bottleneck=9 replicate=0 seed=2 estimator=DANCo k=5 sigma=0.25
[EST DONE] 2026-04-21T11:35:47.997745 bottleneck=9 replicate=0 seed=2 estimator=DANCo k=5 dur=73.428s
[EST START] 2026-04-21T11:35:47.997901 bottleneck=9 replicate=0 seed=2 estimator=DANCo k=7 sigma=0.25
[EST DONE] 2026-04-21T11:37:05.814504 bottleneck=9 replicate=0 seed=2 estimator=DANCo k=7 dur=77.817s
[EST START] 2026-04-21T11:37:05.814663 bottleneck=9 replicate=0 seed=2 estimator=DANCo k=10 sigma=0.25
[EST DONE] 2026-04-21T11:38:31.608795 bottleneck=9 replicate=0 seed=2 estimator=DANCo k=10 dur=85.794s
[EST START] 2026-04-21T11:38:31.608975 bottleneck=9 replicate=0 seed=2 estimator=DANCo k=15 sigma=0.25
[EST DONE] 2026-04-21T11:40:09.908365 bottleneck=9 replicate=0 seed=2 estimator=DANCo k=15 dur=98.299s
[EST START] 2026-04-21T11:40:09.908543 bottleneck=9 replicate=0 seed=2 estimator=MiND k=3 sigma=0.25
[EST DONE] 2026-04-21T11:40:16.178767 bottleneck=9 replicate=0 seed=2 estimator=MiND k=3 dur=6.270s
[EST START] 2026-04-21T11:40:16.178909 bottleneck=9 replicate=0 seed=2 estimator=MiND k=5 sigma=0.25
[EST DONE] 2026-04-21T11:40:23.431538 bottleneck=9 replicate=0 seed=2 estimator=MiND k=5 dur=7.253s
[EST START] 2026-04-21T11:40:23.431682 bottleneck=9 replicate=0 seed=2 estimator=MiND k=7 sigma=0.25
[EST DONE] 2026-04-21T11:40:31.219366 bottleneck=9 replicate=0 seed=2 estimator=MiND k=7 dur=7.788s
[EST START] 2026-04-21T11:40:31.219496 bottleneck=9 replicate=0 seed=2 estimator=MiND k=10 sigma=0.25
[EST DONE] 2026-04-21T11:40:39.773840 bottleneck=9 replicate=0 seed=2 estimator=MiND k=10 dur=8.554s
[EST START] 2026-04-21T11:40:39.773974 bottleneck=9 replicate=0 seed=2 estimator=MiND k=15 sigma=0.25
[EST DONE] 2026-04-21T11:40:49.613461 bottleneck=9 replicate=0 seed=2 estimator=MiND k=15 dur=9.839s
[EST START] 2026-04-21T11:40:49.613627 bottleneck=9 replicate=0 seed=2 estimator=FisherS k=ALL sigma=0.25
[EST DONE] 2026-04-21T11:45:12.602708 bottleneck=9 replicate=0 seed=2 estimator=FisherS k=ALL dur=262.989s
[EST START] 2026-04-21T11:45:12.602925 bottleneck=9 replicate=0 seed=2 estimator=SMAE k=ALL sigma=0.25
[EST DONE] 2026-04-21T11:50:34.742786 bottleneck=9 replicate=0 seed=2 estimator=SMAE k=ALL dur=322.140s
[EST START] 2026-04-21T11:50:34.760231 bottleneck=9 replicate=0 seed=2 estimator=Levina-Bickel k=3 sigma=0.5
[EST DONE] 2026-04-21T11:50:40.434262 bottleneck=9 replicate=0 seed=2 estimator=Levina-Bickel k=3 dur=5.674s
[EST START] 2026-04-21T11:50:40.434398 bottleneck=9 replicate=0 seed=2 estimator=Levina-Bickel k=5 sigma=0.5
[EST DONE] 2026-04-21T11:50:47.198147 bottleneck=9 replicate=0 seed=2 estimator=Levina-Bickel k=5 dur=6.764s
[EST START] 2026-04-21T11:50:47.198296 bottleneck=9 replicate=0 seed=2 estimator=Levina-Bickel k=7 sigma=0.5
[EST DONE] 2026-04-21T11:50:54.727207 bottleneck=9 replicate=0 seed=2 estimator=Levina-Bickel k=7 dur=7.529s
[EST START] 2026-04-21T11:50:54.727355 bottleneck=9 replicate=0 seed=2 estimator=Levina-Bickel k=10 sigma=0.5
[EST DONE] 2026-04-21T11:51:03.291537 bottleneck=9 replicate=0 seed=2 estimator=Levina-Bickel k=10 dur=8.564s
[EST START] 2026-04-21T11:51:03.291707 bottleneck=9 replicate=0 seed=2 estimator=Levina-Bickel k=15 sigma=0.5
[EST DONE] 2026-04-21T11:51:12.795455 bottleneck=9 replicate=0 seed=2 estimator=Levina-Bickel k=15 dur=9.504s
[EST START] 2026-04-21T11:51:12.795616 bottleneck=9 replicate=0 seed=2 estimator=TwoNN k=ALL sigma=0.5
[EST DONE] 2026-04-21T11:51:17.774215 bottleneck=9 replicate=0 seed=2 estimator=TwoNN k=ALL dur=4.979s
[EST START] 2026-04-21T11:51:17.774393 bottleneck=9 replicate=0 seed=2 estimator=lPCA k=3 sigma=0.5
[EST DONE] 2026-04-21T11:51:54.767566 bottleneck=9 replicate=0 seed=2 estimator=lPCA k=3 dur=36.993s
[EST START] 2026-04-21T11:51:54.767699 bottleneck=9 replicate=0 seed=2 estimator=lPCA k=5 sigma=0.5
[EST DONE] 2026-04-21T11:52:33.202805 bottleneck=9 replicate=0 seed=2 estimator=lPCA k=5 dur=38.435s
[EST START] 2026-04-21T11:52:33.202965 bottleneck=9 replicate=0 seed=2 estimator=lPCA k=7 sigma=0.5
[EST DONE] 2026-04-21T11:53:12.893785 bottleneck=9 replicate=0 seed=2 estimator=lPCA k=7 dur=39.691s
[EST START] 2026-04-21T11:53:12.893933 bottleneck=9 replicate=0 seed=2 estimator=lPCA k=10 sigma=0.5
[EST DONE] 2026-04-21T11:53:54.171966 bottleneck=9 replicate=0 seed=2 estimator=lPCA k=10 dur=41.278s
[EST START] 2026-04-21T11:53:54.172132 bottleneck=9 replicate=0 seed=2 estimator=lPCA k=15 sigma=0.5
[EST DONE] 2026-04-21T11:54:38.949895 bottleneck=9 replicate=0 seed=2 estimator=lPCA k=15 dur=44.778s
[EST START] 2026-04-21T11:54:38.950068 bottleneck=9 replicate=0 seed=2 estimator=DANCo k=3 sigma=0.5
[EST DONE] 2026-04-21T11:55:36.757437 bottleneck=9 replicate=0 seed=2 estimator=DANCo k=3 dur=57.807s
[EST START] 2026-04-21T11:55:36.757593 bottleneck=9 replicate=0 seed=2 estimator=DANCo k=5 sigma=0.5
[EST DONE] 2026-04-21T11:56:41.339972 bottleneck=9 replicate=0 seed=2 estimator=DANCo k=5 dur=64.582s
[EST START] 2026-04-21T11:56:41.340189 bottleneck=9 replicate=0 seed=2 estimator=DANCo k=7 sigma=0.5
[EST DONE] 2026-04-21T11:57:49.842378 bottleneck=9 replicate=0 seed=2 estimator=DANCo k=7 dur=68.502s
[EST START] 2026-04-21T11:57:49.842514 bottleneck=9 replicate=0 seed=2 estimator=DANCo k=10 sigma=0.5
[EST DONE] 2026-04-21T11:59:04.260395 bottleneck=9 replicate=0 seed=2 estimator=DANCo k=10 dur=74.418s
[EST START] 2026-04-21T11:59:04.260567 bottleneck=9 replicate=0 seed=2 estimator=DANCo k=15 sigma=0.5
[EST DONE] 2026-04-21T12:00:29.135826 bottleneck=9 replicate=0 seed=2 estimator=DANCo k=15 dur=84.875s
[EST START] 2026-04-21T12:00:29.136001 bottleneck=9 replicate=0 seed=2 estimator=MiND k=3 sigma=0.5
[EST DONE] 2026-04-21T12:00:35.240046 bottleneck=9 replicate=0 seed=2 estimator=MiND k=3 dur=6.104s
[EST START] 2026-04-21T12:00:35.240199 bottleneck=9 replicate=0 seed=2 estimator=MiND k=5 sigma=0.5
[EST DONE] 2026-04-21T12:00:42.355776 bottleneck=9 replicate=0 seed=2 estimator=MiND k=5 dur=7.116s
[EST START] 2026-04-21T12:00:42.355925 bottleneck=9 replicate=0 seed=2 estimator=MiND k=7 sigma=0.5
[EST DONE] 2026-04-21T12:00:50.203845 bottleneck=9 replicate=0 seed=2 estimator=MiND k=7 dur=7.848s
[EST START] 2026-04-21T12:00:50.203980 bottleneck=9 replicate=0 seed=2 estimator=MiND k=10 sigma=0.5
[EST DONE] 2026-04-21T12:00:58.939720 bottleneck=9 replicate=0 seed=2 estimator=MiND k=10 dur=8.736s
[EST START] 2026-04-21T12:00:58.939868 bottleneck=9 replicate=0 seed=2 estimator=MiND k=15 sigma=0.5
[EST DONE] 2026-04-21T12:01:08.747204 bottleneck=9 replicate=0 seed=2 estimator=MiND k=15 dur=9.807s
[EST START] 2026-04-21T12:01:08.747330 bottleneck=9 replicate=0 seed=2 estimator=FisherS k=ALL sigma=0.5
[EST DONE] 2026-04-21T12:05:32.433550 bottleneck=9 replicate=0 seed=2 estimator=FisherS k=ALL dur=263.686s
[EST START] 2026-04-21T12:05:32.433799 bottleneck=9 replicate=0 seed=2 estimator=SMAE k=ALL sigma=0.5
[EST DONE] 2026-04-21T12:10:51.998435 bottleneck=9 replicate=0 seed=2 estimator=SMAE k=ALL dur=319.565s
[EST START] 2026-04-21T12:10:52.018759 bottleneck=9 replicate=0 seed=2 estimator=Levina-Bickel k=3 sigma=0.75
[EST DONE] 2026-04-21T12:10:58.211791 bottleneck=9 replicate=0 seed=2 estimator=Levina-Bickel k=3 dur=6.193s
[EST START] 2026-04-21T12:10:58.211940 bottleneck=9 replicate=0 seed=2 estimator=Levina-Bickel k=5 sigma=0.75
[EST DONE] 2026-04-21T12:11:05.269873 bottleneck=9 replicate=0 seed=2 estimator=Levina-Bickel k=5 dur=7.058s
[EST START] 2026-04-21T12:11:05.270010 bottleneck=9 replicate=0 seed=2 estimator=Levina-Bickel k=7 sigma=0.75
[EST DONE] 2026-04-21T12:11:13.227862 bottleneck=9 replicate=0 seed=2 estimator=Levina-Bickel k=7 dur=7.958s
[EST START] 2026-04-21T12:11:13.228022 bottleneck=9 replicate=0 seed=2 estimator=Levina-Bickel k=10 sigma=0.75
[EST DONE] 2026-04-21T12:11:22.143324 bottleneck=9 replicate=0 seed=2 estimator=Levina-Bickel k=10 dur=8.915s
[EST START] 2026-04-21T12:11:22.143490 bottleneck=9 replicate=0 seed=2 estimator=Levina-Bickel k=15 sigma=0.75
[EST DONE] 2026-04-21T12:11:32.309425 bottleneck=9 replicate=0 seed=2 estimator=Levina-Bickel k=15 dur=10.166s
[EST START] 2026-04-21T12:11:32.309611 bottleneck=9 replicate=0 seed=2 estimator=TwoNN k=ALL sigma=0.75
[EST DONE] 2026-04-21T12:11:37.778102 bottleneck=9 replicate=0 seed=2 estimator=TwoNN k=ALL dur=5.468s
[EST START] 2026-04-21T12:11:37.778262 bottleneck=9 replicate=0 seed=2 estimator=lPCA k=3 sigma=0.75
[EST DONE] 2026-04-21T12:12:15.215315 bottleneck=9 replicate=0 seed=2 estimator=lPCA k=3 dur=37.437s
[EST START] 2026-04-21T12:12:15.215468 bottleneck=9 replicate=0 seed=2 estimator=lPCA k=5 sigma=0.75
[EST DONE] 2026-04-21T12:12:54.337667 bottleneck=9 replicate=0 seed=2 estimator=lPCA k=5 dur=39.122s
[EST START] 2026-04-21T12:12:54.337826 bottleneck=9 replicate=0 seed=2 estimator=lPCA k=7 sigma=0.75
[EST DONE] 2026-04-21T12:13:35.196981 bottleneck=9 replicate=0 seed=2 estimator=lPCA k=7 dur=40.859s
[EST START] 2026-04-21T12:13:35.197135 bottleneck=9 replicate=0 seed=2 estimator=lPCA k=10 sigma=0.75
[EST DONE] 2026-04-21T12:14:17.798445 bottleneck=9 replicate=0 seed=2 estimator=lPCA k=10 dur=42.601s
[EST START] 2026-04-21T12:14:17.798610 bottleneck=9 replicate=0 seed=2 estimator=lPCA k=15 sigma=0.75
[EST DONE] 2026-04-21T12:15:02.694838 bottleneck=9 replicate=0 seed=2 estimator=lPCA k=15 dur=44.896s
[EST START] 2026-04-21T12:15:02.695020 bottleneck=9 replicate=0 seed=2 estimator=DANCo k=3 sigma=0.75
[EST DONE] 2026-04-21T12:16:07.912305 bottleneck=9 replicate=0 seed=2 estimator=DANCo k=3 dur=65.217s
[EST START] 2026-04-21T12:16:07.912473 bottleneck=9 replicate=0 seed=2 estimator=DANCo k=5 sigma=0.75
[EST DONE] 2026-04-21T12:17:20.765904 bottleneck=9 replicate=0 seed=2 estimator=DANCo k=5 dur=72.853s
[EST START] 2026-04-21T12:17:20.766069 bottleneck=9 replicate=0 seed=2 estimator=DANCo k=7 sigma=0.75
[EST DONE] 2026-04-21T12:18:39.400372 bottleneck=9 replicate=0 seed=2 estimator=DANCo k=7 dur=78.634s
[EST START] 2026-04-21T12:18:39.400551 bottleneck=9 replicate=0 seed=2 estimator=DANCo k=10 sigma=0.75
[EST DONE] 2026-04-21T12:20:02.562178 bottleneck=9 replicate=0 seed=2 estimator=DANCo k=10 dur=83.162s
[EST START] 2026-04-21T12:20:02.562340 bottleneck=9 replicate=0 seed=2 estimator=DANCo k=15 sigma=0.75
[EST DONE] 2026-04-21T12:21:39.822952 bottleneck=9 replicate=0 seed=2 estimator=DANCo k=15 dur=97.261s
[EST START] 2026-04-21T12:21:39.823128 bottleneck=9 replicate=0 seed=2 estimator=MiND k=3 sigma=0.75
[EST DONE] 2026-04-21T12:21:46.517488 bottleneck=9 replicate=0 seed=2 estimator=MiND k=3 dur=6.694s
[EST START] 2026-04-21T12:21:46.517632 bottleneck=9 replicate=0 seed=2 estimator=MiND k=5 sigma=0.75
[EST DONE] 2026-04-21T12:21:54.138572 bottleneck=9 replicate=0 seed=2 estimator=MiND k=5 dur=7.621s
[EST START] 2026-04-21T12:21:54.138686 bottleneck=9 replicate=0 seed=2 estimator=MiND k=7 sigma=0.75
[EST DONE] 2026-04-21T12:22:02.300152 bottleneck=9 replicate=0 seed=2 estimator=MiND k=7 dur=8.161s
[EST START] 2026-04-21T12:22:02.300282 bottleneck=9 replicate=0 seed=2 estimator=MiND k=10 sigma=0.75
[EST DONE] 2026-04-21T12:22:11.303252 bottleneck=9 replicate=0 seed=2 estimator=MiND k=10 dur=9.003s
[EST START] 2026-04-21T12:22:11.303383 bottleneck=9 replicate=0 seed=2 estimator=MiND k=15 sigma=0.75
[EST DONE] 2026-04-21T12:22:21.632231 bottleneck=9 replicate=0 seed=2 estimator=MiND k=15 dur=10.329s
[EST START] 2026-04-21T12:22:21.632397 bottleneck=9 replicate=0 seed=2 estimator=FisherS k=ALL sigma=0.75
[EST DONE] 2026-04-21T12:26:45.382062 bottleneck=9 replicate=0 seed=2 estimator=FisherS k=ALL dur=263.750s
[EST START] 2026-04-21T12:26:45.382276 bottleneck=9 replicate=0 seed=2 estimator=SMAE k=ALL sigma=0.75
[EST DONE] 2026-04-21T12:32:05.406229 bottleneck=9 replicate=0 seed=2 estimator=SMAE k=ALL dur=320.024s
[EST START] 2026-04-21T12:32:05.428565 bottleneck=9 replicate=0 seed=2 estimator=Levina-Bickel k=3 sigma=1.0
[EST DONE] 2026-04-21T12:32:11.872550 bottleneck=9 replicate=0 seed=2 estimator=Levina-Bickel k=3 dur=6.444s
[EST START] 2026-04-21T12:32:11.872686 bottleneck=9 replicate=0 seed=2 estimator=Levina-Bickel k=5 sigma=1.0
[EST DONE] 2026-04-21T12:32:19.518485 bottleneck=9 replicate=0 seed=2 estimator=Levina-Bickel k=5 dur=7.646s
[EST START] 2026-04-21T12:32:19.518629 bottleneck=9 replicate=0 seed=2 estimator=Levina-Bickel k=7 sigma=1.0
[EST DONE] 2026-04-21T12:32:27.711209 bottleneck=9 replicate=0 seed=2 estimator=Levina-Bickel k=7 dur=8.193s
[EST START] 2026-04-21T12:32:27.711361 bottleneck=9 replicate=0 seed=2 estimator=Levina-Bickel k=10 sigma=1.0
[EST DONE] 2026-04-21T12:32:36.801708 bottleneck=9 replicate=0 seed=2 estimator=Levina-Bickel k=10 dur=9.090s
[EST START] 2026-04-21T12:32:36.801848 bottleneck=9 replicate=0 seed=2 estimator=Levina-Bickel k=15 sigma=1.0
[EST DONE] 2026-04-21T12:32:47.239578 bottleneck=9 replicate=0 seed=2 estimator=Levina-Bickel k=15 dur=10.438s
[EST START] 2026-04-21T12:32:47.239775 bottleneck=9 replicate=0 seed=2 estimator=TwoNN k=ALL sigma=1.0
[EST DONE] 2026-04-21T12:32:52.896281 bottleneck=9 replicate=0 seed=2 estimator=TwoNN k=ALL dur=5.656s
[EST START] 2026-04-21T12:32:52.896447 bottleneck=9 replicate=0 seed=2 estimator=lPCA k=3 sigma=1.0
[EST DONE] 2026-04-21T12:33:30.236480 bottleneck=9 replicate=0 seed=2 estimator=lPCA k=3 dur=37.340s
[EST START] 2026-04-21T12:33:30.236639 bottleneck=9 replicate=0 seed=2 estimator=lPCA k=5 sigma=1.0
[EST DONE] 2026-04-21T12:34:09.519023 bottleneck=9 replicate=0 seed=2 estimator=lPCA k=5 dur=39.282s
[EST START] 2026-04-21T12:34:09.519171 bottleneck=9 replicate=0 seed=2 estimator=lPCA k=7 sigma=1.0
[EST DONE] 2026-04-21T12:34:50.047892 bottleneck=9 replicate=0 seed=2 estimator=lPCA k=7 dur=40.529s
[EST START] 2026-04-21T12:34:50.048065 bottleneck=9 replicate=0 seed=2 estimator=lPCA k=10 sigma=1.0
[EST DONE] 2026-04-21T12:35:32.582806 bottleneck=9 replicate=0 seed=2 estimator=lPCA k=10 dur=42.535s
[EST START] 2026-04-21T12:35:32.582959 bottleneck=9 replicate=0 seed=2 estimator=lPCA k=15 sigma=1.0
[EST DONE] 2026-04-21T12:36:18.186146 bottleneck=9 replicate=0 seed=2 estimator=lPCA k=15 dur=45.603s
[EST START] 2026-04-21T12:36:18.186317 bottleneck=9 replicate=0 seed=2 estimator=DANCo k=3 sigma=1.0
[EST DONE] 2026-04-21T12:37:25.287537 bottleneck=9 replicate=0 seed=2 estimator=DANCo k=3 dur=67.101s
[EST START] 2026-04-21T12:37:25.287720 bottleneck=9 replicate=0 seed=2 estimator=DANCo k=5 sigma=1.0
[EST DONE] 2026-04-21T12:38:39.972029 bottleneck=9 replicate=0 seed=2 estimator=DANCo k=5 dur=74.684s
[EST START] 2026-04-21T12:38:39.972210 bottleneck=9 replicate=0 seed=2 estimator=DANCo k=7 sigma=1.0
[EST DONE] 2026-04-21T12:39:59.062882 bottleneck=9 replicate=0 seed=2 estimator=DANCo k=7 dur=79.091s
[EST START] 2026-04-21T12:39:59.063020 bottleneck=9 replicate=0 seed=2 estimator=DANCo k=10 sigma=1.0
[EST DONE] 2026-04-21T12:41:20.031689 bottleneck=9 replicate=0 seed=2 estimator=DANCo k=10 dur=80.969s
[EST START] 2026-04-21T12:41:20.031859 bottleneck=9 replicate=0 seed=2 estimator=DANCo k=15 sigma=1.0
[EST DONE] 2026-04-21T12:42:48.423106 bottleneck=9 replicate=0 seed=2 estimator=DANCo k=15 dur=88.391s
[EST START] 2026-04-21T12:42:48.423286 bottleneck=9 replicate=0 seed=2 estimator=MiND k=3 sigma=1.0
[EST DONE] 2026-04-21T12:42:55.204798 bottleneck=9 replicate=0 seed=2 estimator=MiND k=3 dur=6.781s
[EST START] 2026-04-21T12:42:55.204914 bottleneck=9 replicate=0 seed=2 estimator=MiND k=5 sigma=1.0
[EST DONE] 2026-04-21T12:43:02.970266 bottleneck=9 replicate=0 seed=2 estimator=MiND k=5 dur=7.765s
[EST START] 2026-04-21T12:43:02.970412 bottleneck=9 replicate=0 seed=2 estimator=MiND k=7 sigma=1.0
[EST DONE] 2026-04-21T12:43:11.385472 bottleneck=9 replicate=0 seed=2 estimator=MiND k=7 dur=8.415s
[EST START] 2026-04-21T12:43:11.385602 bottleneck=9 replicate=0 seed=2 estimator=MiND k=10 sigma=1.0
[EST DONE] 2026-04-21T12:43:20.757693 bottleneck=9 replicate=0 seed=2 estimator=MiND k=10 dur=9.372s
[EST START] 2026-04-21T12:43:20.757838 bottleneck=9 replicate=0 seed=2 estimator=MiND k=15 sigma=1.0
[EST DONE] 2026-04-21T12:43:31.297198 bottleneck=9 replicate=0 seed=2 estimator=MiND k=15 dur=10.539s
[EST START] 2026-04-21T12:43:31.297348 bottleneck=9 replicate=0 seed=2 estimator=FisherS k=ALL sigma=1.0
[EST DONE] 2026-04-21T12:47:47.031306 bottleneck=9 replicate=0 seed=2 estimator=FisherS k=ALL dur=255.734s
[EST START] 2026-04-21T12:47:47.031529 bottleneck=9 replicate=0 seed=2 estimator=SMAE k=ALL sigma=1.0
[EST DONE] 2026-04-21T12:53:05.245347 bottleneck=9 replicate=0 seed=2 estimator=SMAE k=ALL dur=318.214s
[MNIST TASK START] 2026-04-21T12:53:05.245744 bottleneck=12 replicate=0 seed=2
[AE START] seed=2 bottleneck=12 epochs=50 subset=0
[AE EPOCH] epoch=1/50 loss=0.095119 epoch_time=1.52s device=cuda
[AE EPOCH] epoch=2/50 loss=0.052749 epoch_time=1.17s device=cuda
[AE EPOCH] epoch=3/50 loss=0.040263 epoch_time=1.17s device=cuda
[AE EPOCH] epoch=4/50 loss=0.034148 epoch_time=1.05s device=cuda
[AE EPOCH] epoch=5/50 loss=0.030115 epoch_time=1.11s device=cuda
[AE EPOCH] epoch=6/50 loss=0.027462 epoch_time=1.17s device=cuda
[AE EPOCH] epoch=7/50 loss=0.025568 epoch_time=1.19s device=cuda
[AE EPOCH] epoch=8/50 loss=0.024264 epoch_time=0.98s device=cuda
[AE EPOCH] epoch=9/50 loss=0.023303 epoch_time=1.22s device=cuda
[AE EPOCH] epoch=10/50 loss=0.022540 epoch_time=1.11s device=cuda
[AE EPOCH] epoch=11/50 loss=0.021918 epoch_time=1.20s device=cuda
[AE EPOCH] epoch=12/50 loss=0.021397 epoch_time=1.21s device=cuda
[AE EPOCH] epoch=13/50 loss=0.020944 epoch_time=0.99s device=cuda
[AE EPOCH] epoch=14/50 loss=0.020542 epoch_time=1.21s device=cuda
[AE EPOCH] epoch=15/50 loss=0.020180 epoch_time=1.14s device=cuda
[AE EPOCH] epoch=16/50 loss=0.019846 epoch_time=1.25s device=cuda
[AE EPOCH] epoch=17/50 loss=0.019537 epoch_time=1.16s device=cuda
[AE EPOCH] epoch=18/50 loss=0.019256 epoch_time=1.12s device=cuda
[AE EPOCH] epoch=19/50 loss=0.018997 epoch_time=1.02s device=cuda
[AE EPOCH] epoch=20/50 loss=0.018755 epoch_time=1.17s device=cuda
[AE EPOCH] epoch=21/50 loss=0.018528 epoch_time=1.22s device=cuda
[AE EPOCH] epoch=22/50 loss=0.018317 epoch_time=1.19s device=cuda
[AE EPOCH] epoch=23/50 loss=0.018120 epoch_time=1.14s device=cuda
[AE EPOCH] epoch=24/50 loss=0.017931 epoch_time=1.32s device=cuda
[AE EPOCH] epoch=25/50 loss=0.017753 epoch_time=1.14s device=cuda
[AE EPOCH] epoch=26/50 loss=0.017585 epoch_time=1.25s device=cuda
[AE EPOCH] epoch=27/50 loss=0.017427 epoch_time=1.04s device=cuda
[AE EPOCH] epoch=28/50 loss=0.017276 epoch_time=1.33s device=cuda
[AE EPOCH] epoch=29/50 loss=0.017132 epoch_time=1.10s device=cuda
[AE EPOCH] epoch=30/50 loss=0.016995 epoch_time=1.09s device=cuda
[AE EPOCH] epoch=31/50 loss=0.016862 epoch_time=1.02s device=cuda
[AE EPOCH] epoch=32/50 loss=0.016737 epoch_time=1.28s device=cuda
[AE EPOCH] epoch=33/50 loss=0.016617 epoch_time=1.17s device=cuda
[AE EPOCH] epoch=34/50 loss=0.016501 epoch_time=1.21s device=cuda
[AE EPOCH] epoch=35/50 loss=0.016392 epoch_time=1.05s device=cuda
[AE EPOCH] epoch=36/50 loss=0.016288 epoch_time=1.21s device=cuda
[AE EPOCH] epoch=37/50 loss=0.016185 epoch_time=1.09s device=cuda
[AE EPOCH] epoch=38/50 loss=0.016087 epoch_time=1.22s device=cuda
[AE EPOCH] epoch=39/50 loss=0.015995 epoch_time=1.04s device=cuda
[AE EPOCH] epoch=40/50 loss=0.015905 epoch_time=1.18s device=cuda
[AE EPOCH] epoch=41/50 loss=0.015817 epoch_time=1.14s device=cuda
[AE EPOCH] epoch=42/50 loss=0.015734 epoch_time=1.14s device=cuda
[AE EPOCH] epoch=43/50 loss=0.015650 epoch_time=1.11s device=cuda
[AE EPOCH] epoch=44/50 loss=0.015573 epoch_time=1.05s device=cuda
[AE EPOCH] epoch=45/50 loss=0.015496 epoch_time=1.31s device=cuda
[AE EPOCH] epoch=46/50 loss=0.015423 epoch_time=1.11s device=cuda
[AE EPOCH] epoch=47/50 loss=0.015350 epoch_time=1.03s device=cuda
[AE EPOCH] epoch=48/50 loss=0.015283 epoch_time=1.12s device=cuda
[AE EPOCH] epoch=49/50 loss=0.015216 epoch_time=1.10s device=cuda
[AE EPOCH] epoch=50/50 loss=0.015150 epoch_time=1.12s device=cuda
[AE TRAIN COMPLETE] total_time=57.70s
[AE TRAIN COMPLETE] 2026-04-21T12:54:09.512341 bottleneck=12 replicate=0 dur=64.3s seed=2
[EST START] 2026-04-21T12:54:09.546538 bottleneck=12 replicate=0 seed=2 estimator=Levina-Bickel k=3 sigma=0.0
[EST DONE] 2026-04-21T12:54:22.240969 bottleneck=12 replicate=0 seed=2 estimator=Levina-Bickel k=3 dur=12.694s
[EST START] 2026-04-21T12:54:22.241100 bottleneck=12 replicate=0 seed=2 estimator=Levina-Bickel k=5 sigma=0.0
[EST DONE] 2026-04-21T12:54:37.116965 bottleneck=12 replicate=0 seed=2 estimator=Levina-Bickel k=5 dur=14.876s
[EST START] 2026-04-21T12:54:37.117130 bottleneck=12 replicate=0 seed=2 estimator=Levina-Bickel k=7 sigma=0.0
[EST DONE] 2026-04-21T12:54:53.542123 bottleneck=12 replicate=0 seed=2 estimator=Levina-Bickel k=7 dur=16.425s
[EST START] 2026-04-21T12:54:53.542258 bottleneck=12 replicate=0 seed=2 estimator=Levina-Bickel k=10 sigma=0.0
[EST DONE] 2026-04-21T12:55:11.877089 bottleneck=12 replicate=0 seed=2 estimator=Levina-Bickel k=10 dur=18.335s
[EST START] 2026-04-21T12:55:11.877225 bottleneck=12 replicate=0 seed=2 estimator=Levina-Bickel k=15 sigma=0.0
[EST DONE] 2026-04-21T12:55:32.817193 bottleneck=12 replicate=0 seed=2 estimator=Levina-Bickel k=15 dur=20.940s
[EST START] 2026-04-21T12:55:32.817396 bottleneck=12 replicate=0 seed=2 estimator=TwoNN k=ALL sigma=0.0
[EST DONE] 2026-04-21T12:55:44.079656 bottleneck=12 replicate=0 seed=2 estimator=TwoNN k=ALL dur=11.262s
[EST START] 2026-04-21T12:55:44.079802 bottleneck=12 replicate=0 seed=2 estimator=lPCA k=3 sigma=0.0
[EST DONE] 2026-04-21T12:56:27.718168 bottleneck=12 replicate=0 seed=2 estimator=lPCA k=3 dur=43.638s
[EST START] 2026-04-21T12:56:27.718298 bottleneck=12 replicate=0 seed=2 estimator=lPCA k=5 sigma=0.0
[EST DONE] 2026-04-21T12:57:14.826908 bottleneck=12 replicate=0 seed=2 estimator=lPCA k=5 dur=47.109s
[EST START] 2026-04-21T12:57:14.827061 bottleneck=12 replicate=0 seed=2 estimator=lPCA k=7 sigma=0.0
[EST DONE] 2026-04-21T12:58:04.666973 bottleneck=12 replicate=0 seed=2 estimator=lPCA k=7 dur=49.840s
[EST START] 2026-04-21T12:58:04.667134 bottleneck=12 replicate=0 seed=2 estimator=lPCA k=10 sigma=0.0
[EST DONE] 2026-04-21T12:58:57.804192 bottleneck=12 replicate=0 seed=2 estimator=lPCA k=10 dur=53.137s
[EST START] 2026-04-21T12:58:57.804332 bottleneck=12 replicate=0 seed=2 estimator=lPCA k=15 sigma=0.0
[EST DONE] 2026-04-21T12:59:54.325968 bottleneck=12 replicate=0 seed=2 estimator=lPCA k=15 dur=56.522s
[EST START] 2026-04-21T12:59:54.326159 bottleneck=12 replicate=0 seed=2 estimator=DANCo k=3 sigma=0.0
[EST DONE] 2026-04-21T13:01:57.127067 bottleneck=12 replicate=0 seed=2 estimator=DANCo k=3 dur=122.801s
[EST START] 2026-04-21T13:01:57.127214 bottleneck=12 replicate=0 seed=2 estimator=DANCo k=5 sigma=0.0
[EST DONE] 2026-04-21T13:04:26.268710 bottleneck=12 replicate=0 seed=2 estimator=DANCo k=5 dur=149.141s
[EST START] 2026-04-21T13:04:26.268870 bottleneck=12 replicate=0 seed=2 estimator=DANCo k=7 sigma=0.0
[EST DONE] 2026-04-21T13:07:10.124417 bottleneck=12 replicate=0 seed=2 estimator=DANCo k=7 dur=163.856s
[EST START] 2026-04-21T13:07:10.124588 bottleneck=12 replicate=0 seed=2 estimator=DANCo k=10 sigma=0.0
[EST DONE] 2026-04-21T13:10:08.583626 bottleneck=12 replicate=0 seed=2 estimator=DANCo k=10 dur=178.459s
[EST START] 2026-04-21T13:10:08.583784 bottleneck=12 replicate=0 seed=2 estimator=DANCo k=15 sigma=0.0
[EST DONE] 2026-04-21T13:13:30.561985 bottleneck=12 replicate=0 seed=2 estimator=DANCo k=15 dur=201.978s
[EST START] 2026-04-21T13:13:30.562164 bottleneck=12 replicate=0 seed=2 estimator=MiND k=3 sigma=0.0
[EST DONE] 2026-04-21T13:13:44.449075 bottleneck=12 replicate=0 seed=2 estimator=MiND k=3 dur=13.887s
[EST START] 2026-04-21T13:13:44.449230 bottleneck=12 replicate=0 seed=2 estimator=MiND k=5 sigma=0.0
[EST DONE] 2026-04-21T13:13:59.921211 bottleneck=12 replicate=0 seed=2 estimator=MiND k=5 dur=15.472s
[EST START] 2026-04-21T13:13:59.921348 bottleneck=12 replicate=0 seed=2 estimator=MiND k=7 sigma=0.0
[EST DONE] 2026-04-21T13:14:17.026036 bottleneck=12 replicate=0 seed=2 estimator=MiND k=7 dur=17.105s
[EST START] 2026-04-21T13:14:17.026188 bottleneck=12 replicate=0 seed=2 estimator=MiND k=10 sigma=0.0
[EST DONE] 2026-04-21T13:14:35.613307 bottleneck=12 replicate=0 seed=2 estimator=MiND k=10 dur=18.587s
[EST START] 2026-04-21T13:14:35.613459 bottleneck=12 replicate=0 seed=2 estimator=MiND k=15 sigma=0.0
[EST DONE] 2026-04-21T13:14:56.541210 bottleneck=12 replicate=0 seed=2 estimator=MiND k=15 dur=20.928s
[EST START] 2026-04-21T13:14:56.541368 bottleneck=12 replicate=0 seed=2 estimator=FisherS k=ALL sigma=0.0
[EST DONE] 2026-04-21T13:19:16.417273 bottleneck=12 replicate=0 seed=2 estimator=FisherS k=ALL dur=259.876s
[EST START] 2026-04-21T13:19:16.417496 bottleneck=12 replicate=0 seed=2 estimator=SMAE k=ALL sigma=0.0
[EST DONE] 2026-04-21T13:24:33.347333 bottleneck=12 replicate=0 seed=2 estimator=SMAE k=ALL dur=316.930s
[EST START] 2026-04-21T13:24:33.370193 bottleneck=12 replicate=0 seed=2 estimator=Levina-Bickel k=3 sigma=0.25
[EST DONE] 2026-04-21T13:24:46.711810 bottleneck=12 replicate=0 seed=2 estimator=Levina-Bickel k=3 dur=13.342s
[EST START] 2026-04-21T13:24:46.711958 bottleneck=12 replicate=0 seed=2 estimator=Levina-Bickel k=5 sigma=0.25
[EST DONE] 2026-04-21T13:25:02.258327 bottleneck=12 replicate=0 seed=2 estimator=Levina-Bickel k=5 dur=15.546s
[EST START] 2026-04-21T13:25:02.258488 bottleneck=12 replicate=0 seed=2 estimator=Levina-Bickel k=7 sigma=0.25
[EST DONE] 2026-04-21T13:25:19.592854 bottleneck=12 replicate=0 seed=2 estimator=Levina-Bickel k=7 dur=17.334s
[EST START] 2026-04-21T13:25:19.593019 bottleneck=12 replicate=0 seed=2 estimator=Levina-Bickel k=10 sigma=0.25
[EST DONE] 2026-04-21T13:25:38.518347 bottleneck=12 replicate=0 seed=2 estimator=Levina-Bickel k=10 dur=18.925s
[EST START] 2026-04-21T13:25:38.518493 bottleneck=12 replicate=0 seed=2 estimator=Levina-Bickel k=15 sigma=0.25
[EST DONE] 2026-04-21T13:26:00.185392 bottleneck=12 replicate=0 seed=2 estimator=Levina-Bickel k=15 dur=21.667s
[EST START] 2026-04-21T13:26:00.185614 bottleneck=12 replicate=0 seed=2 estimator=TwoNN k=ALL sigma=0.25
[EST DONE] 2026-04-21T13:26:11.669676 bottleneck=12 replicate=0 seed=2 estimator=TwoNN k=ALL dur=11.484s
[EST START] 2026-04-21T13:26:11.669836 bottleneck=12 replicate=0 seed=2 estimator=lPCA k=3 sigma=0.25
[EST DONE] 2026-04-21T13:26:56.695909 bottleneck=12 replicate=0 seed=2 estimator=lPCA k=3 dur=45.026s
[EST START] 2026-04-21T13:26:56.696125 bottleneck=12 replicate=0 seed=2 estimator=lPCA k=5 sigma=0.25
[EST DONE] 2026-04-21T13:27:44.156103 bottleneck=12 replicate=0 seed=2 estimator=lPCA k=5 dur=47.460s
[EST START] 2026-04-21T13:27:44.156267 bottleneck=12 replicate=0 seed=2 estimator=lPCA k=7 sigma=0.25
[EST DONE] 2026-04-21T13:28:33.849739 bottleneck=12 replicate=0 seed=2 estimator=lPCA k=7 dur=49.693s
[EST START] 2026-04-21T13:28:33.849906 bottleneck=12 replicate=0 seed=2 estimator=lPCA k=10 sigma=0.25
[EST DONE] 2026-04-21T13:29:26.707648 bottleneck=12 replicate=0 seed=2 estimator=lPCA k=10 dur=52.858s
[EST START] 2026-04-21T13:29:26.707806 bottleneck=12 replicate=0 seed=2 estimator=lPCA k=15 sigma=0.25
[EST DONE] 2026-04-21T13:30:23.242448 bottleneck=12 replicate=0 seed=2 estimator=lPCA k=15 dur=56.535s
[EST START] 2026-04-21T13:30:23.242616 bottleneck=12 replicate=0 seed=2 estimator=DANCo k=3 sigma=0.25
[EST DONE] 2026-04-21T13:32:41.485614 bottleneck=12 replicate=0 seed=2 estimator=DANCo k=3 dur=138.243s
[EST START] 2026-04-21T13:32:41.485775 bottleneck=12 replicate=0 seed=2 estimator=DANCo k=5 sigma=0.25
[EST DONE] 2026-04-21T13:35:19.632936 bottleneck=12 replicate=0 seed=2 estimator=DANCo k=5 dur=158.147s
[EST START] 2026-04-21T13:35:19.633061 bottleneck=12 replicate=0 seed=2 estimator=DANCo k=7 sigma=0.25
[EST DONE] 2026-04-21T13:38:09.320839 bottleneck=12 replicate=0 seed=2 estimator=DANCo k=7 dur=169.688s
[EST START] 2026-04-21T13:38:09.321032 bottleneck=12 replicate=0 seed=2 estimator=DANCo k=10 sigma=0.25
[EST DONE] 2026-04-21T13:41:13.888393 bottleneck=12 replicate=0 seed=2 estimator=DANCo k=10 dur=184.567s
[EST START] 2026-04-21T13:41:13.888529 bottleneck=12 replicate=0 seed=2 estimator=DANCo k=15 sigma=0.25
[EST DONE] 2026-04-21T13:44:42.862537 bottleneck=12 replicate=0 seed=2 estimator=DANCo k=15 dur=208.974s
[EST START] 2026-04-21T13:44:42.862700 bottleneck=12 replicate=0 seed=2 estimator=MiND k=3 sigma=0.25
[EST DONE] 2026-04-21T13:44:58.221950 bottleneck=12 replicate=0 seed=2 estimator=MiND k=3 dur=15.359s
[EST START] 2026-04-21T13:44:58.222053 bottleneck=12 replicate=0 seed=2 estimator=MiND k=5 sigma=0.25
[EST DONE] 2026-04-21T13:45:16.141613 bottleneck=12 replicate=0 seed=2 estimator=MiND k=5 dur=17.920s
[EST START] 2026-04-21T13:45:16.141768 bottleneck=12 replicate=0 seed=2 estimator=MiND k=7 sigma=0.25
[EST DONE] 2026-04-21T13:45:35.198975 bottleneck=12 replicate=0 seed=2 estimator=MiND k=7 dur=19.057s
[EST START] 2026-04-21T13:45:35.199144 bottleneck=12 replicate=0 seed=2 estimator=MiND k=10 sigma=0.25
[EST DONE] 2026-04-21T13:45:57.106142 bottleneck=12 replicate=0 seed=2 estimator=MiND k=10 dur=21.907s
[EST START] 2026-04-21T13:45:57.106249 bottleneck=12 replicate=0 seed=2 estimator=MiND k=15 sigma=0.25
[EST DONE] 2026-04-21T13:46:21.036840 bottleneck=12 replicate=0 seed=2 estimator=MiND k=15 dur=23.931s
[EST START] 2026-04-21T13:46:21.037016 bottleneck=12 replicate=0 seed=2 estimator=FisherS k=ALL sigma=0.25
[EST DONE] 2026-04-21T13:50:34.154865 bottleneck=12 replicate=0 seed=2 estimator=FisherS k=ALL dur=253.118s
[EST START] 2026-04-21T13:50:34.155090 bottleneck=12 replicate=0 seed=2 estimator=SMAE k=ALL sigma=0.25
[EST DONE] 2026-04-21T13:55:56.843056 bottleneck=12 replicate=0 seed=2 estimator=SMAE k=ALL dur=322.688s
[EST START] 2026-04-21T13:55:56.870107 bottleneck=12 replicate=0 seed=2 estimator=Levina-Bickel k=3 sigma=0.5
[EST DONE] 2026-04-21T13:56:11.814160 bottleneck=12 replicate=0 seed=2 estimator=Levina-Bickel k=3 dur=14.944s
[EST START] 2026-04-21T13:56:11.814281 bottleneck=12 replicate=0 seed=2 estimator=Levina-Bickel k=5 sigma=0.5
[EST DONE] 2026-04-21T13:56:29.328581 bottleneck=12 replicate=0 seed=2 estimator=Levina-Bickel k=5 dur=17.514s
[EST START] 2026-04-21T13:56:29.328758 bottleneck=12 replicate=0 seed=2 estimator=Levina-Bickel k=7 sigma=0.5
[EST DONE] 2026-04-21T13:56:48.322522 bottleneck=12 replicate=0 seed=2 estimator=Levina-Bickel k=7 dur=18.994s
[EST START] 2026-04-21T13:56:48.322678 bottleneck=12 replicate=0 seed=2 estimator=Levina-Bickel k=10 sigma=0.5
[EST DONE] 2026-04-21T13:57:09.404803 bottleneck=12 replicate=0 seed=2 estimator=Levina-Bickel k=10 dur=21.082s
[EST START] 2026-04-21T13:57:09.404962 bottleneck=12 replicate=0 seed=2 estimator=Levina-Bickel k=15 sigma=0.5
[EST DONE] 2026-04-21T13:57:32.810533 bottleneck=12 replicate=0 seed=2 estimator=Levina-Bickel k=15 dur=23.406s
[EST START] 2026-04-21T13:57:32.810744 bottleneck=12 replicate=0 seed=2 estimator=TwoNN k=ALL sigma=0.5
[EST DONE] 2026-04-21T13:57:44.618683 bottleneck=12 replicate=0 seed=2 estimator=TwoNN k=ALL dur=11.808s
[EST START] 2026-04-21T13:57:44.618870 bottleneck=12 replicate=0 seed=2 estimator=lPCA k=3 sigma=0.5
[EST DONE] 2026-04-21T13:58:29.839069 bottleneck=12 replicate=0 seed=2 estimator=lPCA k=3 dur=45.220s
[EST START] 2026-04-21T13:58:29.839206 bottleneck=12 replicate=0 seed=2 estimator=lPCA k=5 sigma=0.5
[EST DONE] 2026-04-21T13:59:18.989447 bottleneck=12 replicate=0 seed=2 estimator=lPCA k=5 dur=49.150s
[EST START] 2026-04-21T13:59:18.989588 bottleneck=12 replicate=0 seed=2 estimator=lPCA k=7 sigma=0.5
[EST DONE] 2026-04-21T14:00:10.442403 bottleneck=12 replicate=0 seed=2 estimator=lPCA k=7 dur=51.453s
[EST START] 2026-04-21T14:00:10.442571 bottleneck=12 replicate=0 seed=2 estimator=lPCA k=10 sigma=0.5
[EST DONE] 2026-04-21T14:01:04.382773 bottleneck=12 replicate=0 seed=2 estimator=lPCA k=10 dur=53.940s
[EST START] 2026-04-21T14:01:04.382950 bottleneck=12 replicate=0 seed=2 estimator=lPCA k=15 sigma=0.5
[EST DONE] 2026-04-21T14:02:03.620295 bottleneck=12 replicate=0 seed=2 estimator=lPCA k=15 dur=59.237s
[EST START] 2026-04-21T14:02:03.620478 bottleneck=12 replicate=0 seed=2 estimator=DANCo k=3 sigma=0.5
[EST DONE] 2026-04-21T14:04:24.982515 bottleneck=12 replicate=0 seed=2 estimator=DANCo k=3 dur=141.362s
[EST START] 2026-04-21T14:04:24.982674 bottleneck=12 replicate=0 seed=2 estimator=DANCo k=5 sigma=0.5
[EST DONE] 2026-04-21T14:07:03.796458 bottleneck=12 replicate=0 seed=2 estimator=DANCo k=5 dur=158.814s
[EST START] 2026-04-21T14:07:03.796589 bottleneck=12 replicate=0 seed=2 estimator=DANCo k=7 sigma=0.5
[EST DONE] 2026-04-21T14:09:51.081870 bottleneck=12 replicate=0 seed=2 estimator=DANCo k=7 dur=167.285s
[EST START] 2026-04-21T14:09:51.082024 bottleneck=12 replicate=0 seed=2 estimator=DANCo k=10 sigma=0.5
[EST DONE] 2026-04-21T14:12:48.287692 bottleneck=12 replicate=0 seed=2 estimator=DANCo k=10 dur=177.206s
[EST START] 2026-04-21T14:12:48.287837 bottleneck=12 replicate=0 seed=2 estimator=DANCo k=15 sigma=0.5
[EST DONE] 2026-04-21T14:16:08.239607 bottleneck=12 replicate=0 seed=2 estimator=DANCo k=15 dur=199.952s
[EST START] 2026-04-21T14:16:08.239751 bottleneck=12 replicate=0 seed=2 estimator=MiND k=3 sigma=0.5
[EST DONE] 2026-04-21T14:16:22.660994 bottleneck=12 replicate=0 seed=2 estimator=MiND k=3 dur=14.421s
[EST START] 2026-04-21T14:16:22.661088 bottleneck=12 replicate=0 seed=2 estimator=MiND k=5 sigma=0.5
[EST DONE] 2026-04-21T14:16:40.951543 bottleneck=12 replicate=0 seed=2 estimator=MiND k=5 dur=18.290s
[EST START] 2026-04-21T14:16:40.951649 bottleneck=12 replicate=0 seed=2 estimator=MiND k=7 sigma=0.5
[EST DONE] 2026-04-21T14:17:00.727419 bottleneck=12 replicate=0 seed=2 estimator=MiND k=7 dur=19.776s
[EST START] 2026-04-21T14:17:00.727571 bottleneck=12 replicate=0 seed=2 estimator=MiND k=10 sigma=0.5
[EST DONE] 2026-04-21T14:17:22.116266 bottleneck=12 replicate=0 seed=2 estimator=MiND k=10 dur=21.389s
[EST START] 2026-04-21T14:17:22.116399 bottleneck=12 replicate=0 seed=2 estimator=MiND k=15 sigma=0.5
[EST DONE] 2026-04-21T14:17:46.985993 bottleneck=12 replicate=0 seed=2 estimator=MiND k=15 dur=24.870s
[EST START] 2026-04-21T14:17:46.986130 bottleneck=12 replicate=0 seed=2 estimator=FisherS k=ALL sigma=0.5
[EST DONE] 2026-04-21T14:22:07.067191 bottleneck=12 replicate=0 seed=2 estimator=FisherS k=ALL dur=260.081s
[EST START] 2026-04-21T14:22:07.067392 bottleneck=12 replicate=0 seed=2 estimator=SMAE k=ALL sigma=0.5
[EST DONE] 2026-04-21T14:27:34.019801 bottleneck=12 replicate=0 seed=2 estimator=SMAE k=ALL dur=326.952s
[EST START] 2026-04-21T14:27:34.046528 bottleneck=12 replicate=0 seed=2 estimator=Levina-Bickel k=3 sigma=0.75
[EST DONE] 2026-04-21T14:27:48.621737 bottleneck=12 replicate=0 seed=2 estimator=Levina-Bickel k=3 dur=14.575s
[EST START] 2026-04-21T14:27:48.621873 bottleneck=12 replicate=0 seed=2 estimator=Levina-Bickel k=5 sigma=0.75
[EST DONE] 2026-04-21T14:28:06.250301 bottleneck=12 replicate=0 seed=2 estimator=Levina-Bickel k=5 dur=17.628s
[EST START] 2026-04-21T14:28:06.250465 bottleneck=12 replicate=0 seed=2 estimator=Levina-Bickel k=7 sigma=0.75
[EST DONE] 2026-04-21T14:28:25.316066 bottleneck=12 replicate=0 seed=2 estimator=Levina-Bickel k=7 dur=19.066s
[EST START] 2026-04-21T14:28:25.316235 bottleneck=12 replicate=0 seed=2 estimator=Levina-Bickel k=10 sigma=0.75
[EST DONE] 2026-04-21T14:28:46.676680 bottleneck=12 replicate=0 seed=2 estimator=Levina-Bickel k=10 dur=21.360s
[EST START] 2026-04-21T14:28:46.676833 bottleneck=12 replicate=0 seed=2 estimator=Levina-Bickel k=15 sigma=0.75
[EST DONE] 2026-04-21T14:29:10.533827 bottleneck=12 replicate=0 seed=2 estimator=Levina-Bickel k=15 dur=23.857s
[EST START] 2026-04-21T14:29:10.533999 bottleneck=12 replicate=0 seed=2 estimator=TwoNN k=ALL sigma=0.75
[EST DONE] 2026-04-21T14:29:23.920156 bottleneck=12 replicate=0 seed=2 estimator=TwoNN k=ALL dur=13.386s
[EST START] 2026-04-21T14:29:23.920323 bottleneck=12 replicate=0 seed=2 estimator=lPCA k=3 sigma=0.75
[EST DONE] 2026-04-21T14:30:10.248211 bottleneck=12 replicate=0 seed=2 estimator=lPCA k=3 dur=46.328s
[EST START] 2026-04-21T14:30:10.248343 bottleneck=12 replicate=0 seed=2 estimator=lPCA k=5 sigma=0.75
[EST DONE] 2026-04-21T14:30:59.712586 bottleneck=12 replicate=0 seed=2 estimator=lPCA k=5 dur=49.464s
[EST START] 2026-04-21T14:30:59.712723 bottleneck=12 replicate=0 seed=2 estimator=lPCA k=7 sigma=0.75
[EST DONE] 2026-04-21T14:31:51.631035 bottleneck=12 replicate=0 seed=2 estimator=lPCA k=7 dur=51.918s
[EST START] 2026-04-21T14:31:51.631207 bottleneck=12 replicate=0 seed=2 estimator=lPCA k=10 sigma=0.75
[EST DONE] 2026-04-21T14:32:46.096772 bottleneck=12 replicate=0 seed=2 estimator=lPCA k=10 dur=54.466s
[EST START] 2026-04-21T14:32:46.096900 bottleneck=12 replicate=0 seed=2 estimator=lPCA k=15 sigma=0.75
[EST DONE] 2026-04-21T14:33:44.341680 bottleneck=12 replicate=0 seed=2 estimator=lPCA k=15 dur=58.245s
[EST START] 2026-04-21T14:33:44.341869 bottleneck=12 replicate=0 seed=2 estimator=DANCo k=3 sigma=0.75
[EST DONE] 2026-04-21T14:36:02.040222 bottleneck=12 replicate=0 seed=2 estimator=DANCo k=3 dur=137.698s
[EST START] 2026-04-21T14:36:02.040382 bottleneck=12 replicate=0 seed=2 estimator=DANCo k=5 sigma=0.75
[EST DONE] 2026-04-21T14:38:35.552633 bottleneck=12 replicate=0 seed=2 estimator=DANCo k=5 dur=153.512s
[EST START] 2026-04-21T14:38:35.552794 bottleneck=12 replicate=0 seed=2 estimator=DANCo k=7 sigma=0.75
[EST DONE] 2026-04-21T14:41:19.931382 bottleneck=12 replicate=0 seed=2 estimator=DANCo k=7 dur=164.379s
[EST START] 2026-04-21T14:41:19.931550 bottleneck=12 replicate=0 seed=2 estimator=DANCo k=10 sigma=0.75
[EST DONE] 2026-04-21T14:44:17.563116 bottleneck=12 replicate=0 seed=2 estimator=DANCo k=10 dur=177.632s
[EST START] 2026-04-21T14:44:17.563297 bottleneck=12 replicate=0 seed=2 estimator=DANCo k=15 sigma=0.75
[EST DONE] 2026-04-21T14:47:36.814574 bottleneck=12 replicate=0 seed=2 estimator=DANCo k=15 dur=199.251s
[EST START] 2026-04-21T14:47:36.814722 bottleneck=12 replicate=0 seed=2 estimator=MiND k=3 sigma=0.75
[EST DONE] 2026-04-21T14:47:48.595281 bottleneck=12 replicate=0 seed=2 estimator=MiND k=3 dur=11.781s
[EST START] 2026-04-21T14:47:48.595412 bottleneck=12 replicate=0 seed=2 estimator=MiND k=5 sigma=0.75
[EST DONE] 2026-04-21T14:48:06.023002 bottleneck=12 replicate=0 seed=2 estimator=MiND k=5 dur=17.428s
[EST START] 2026-04-21T14:48:06.023151 bottleneck=12 replicate=0 seed=2 estimator=MiND k=7 sigma=0.75
[EST DONE] 2026-04-21T14:48:24.900802 bottleneck=12 replicate=0 seed=2 estimator=MiND k=7 dur=18.878s
[EST START] 2026-04-21T14:48:24.900931 bottleneck=12 replicate=0 seed=2 estimator=MiND k=10 sigma=0.75
[EST DONE] 2026-04-21T14:48:45.433492 bottleneck=12 replicate=0 seed=2 estimator=MiND k=10 dur=20.533s
[EST START] 2026-04-21T14:48:45.433613 bottleneck=12 replicate=0 seed=2 estimator=MiND k=15 sigma=0.75
[EST DONE] 2026-04-21T14:49:08.993836 bottleneck=12 replicate=0 seed=2 estimator=MiND k=15 dur=23.560s
[EST START] 2026-04-21T14:49:08.993988 bottleneck=12 replicate=0 seed=2 estimator=FisherS k=ALL sigma=0.75
[EST DONE] 2026-04-21T14:53:38.216477 bottleneck=12 replicate=0 seed=2 estimator=FisherS k=ALL dur=269.222s
[EST START] 2026-04-21T14:53:38.216676 bottleneck=12 replicate=0 seed=2 estimator=SMAE k=ALL sigma=0.75
[EST DONE] 2026-04-21T14:59:00.800351 bottleneck=12 replicate=0 seed=2 estimator=SMAE k=ALL dur=322.584s
[EST START] 2026-04-21T14:59:00.826140 bottleneck=12 replicate=0 seed=2 estimator=Levina-Bickel k=3 sigma=1.0
[EST DONE] 2026-04-21T14:59:14.905384 bottleneck=12 replicate=0 seed=2 estimator=Levina-Bickel k=3 dur=14.079s
[EST START] 2026-04-21T14:59:14.905530 bottleneck=12 replicate=0 seed=2 estimator=Levina-Bickel k=5 sigma=1.0
[EST DONE] 2026-04-21T14:59:31.516338 bottleneck=12 replicate=0 seed=2 estimator=Levina-Bickel k=5 dur=16.611s
[EST START] 2026-04-21T14:59:31.516502 bottleneck=12 replicate=0 seed=2 estimator=Levina-Bickel k=7 sigma=1.0
[EST DONE] 2026-04-21T14:59:49.565332 bottleneck=12 replicate=0 seed=2 estimator=Levina-Bickel k=7 dur=18.049s
[EST START] 2026-04-21T14:59:49.565475 bottleneck=12 replicate=0 seed=2 estimator=Levina-Bickel k=10 sigma=1.0
[EST DONE] 2026-04-21T15:00:10.000307 bottleneck=12 replicate=0 seed=2 estimator=Levina-Bickel k=10 dur=20.435s
[EST START] 2026-04-21T15:00:10.000458 bottleneck=12 replicate=0 seed=2 estimator=Levina-Bickel k=15 sigma=1.0
[EST DONE] 2026-04-21T15:00:32.896610 bottleneck=12 replicate=0 seed=2 estimator=Levina-Bickel k=15 dur=22.896s
[EST START] 2026-04-21T15:00:32.896807 bottleneck=12 replicate=0 seed=2 estimator=TwoNN k=ALL sigma=1.0
[EST DONE] 2026-04-21T15:00:46.069004 bottleneck=12 replicate=0 seed=2 estimator=TwoNN k=ALL dur=13.172s
[EST START] 2026-04-21T15:00:46.069195 bottleneck=12 replicate=0 seed=2 estimator=lPCA k=3 sigma=1.0
[EST DONE] 2026-04-21T15:01:31.977560 bottleneck=12 replicate=0 seed=2 estimator=lPCA k=3 dur=45.908s
[EST START] 2026-04-21T15:01:31.977695 bottleneck=12 replicate=0 seed=2 estimator=lPCA k=5 sigma=1.0
[EST DONE] 2026-04-21T15:02:20.823268 bottleneck=12 replicate=0 seed=2 estimator=lPCA k=5 dur=48.846s
[EST START] 2026-04-21T15:02:20.823418 bottleneck=12 replicate=0 seed=2 estimator=lPCA k=7 sigma=1.0
[EST DONE] 2026-04-21T15:03:12.046299 bottleneck=12 replicate=0 seed=2 estimator=lPCA k=7 dur=51.223s
[EST START] 2026-04-21T15:03:12.046471 bottleneck=12 replicate=0 seed=2 estimator=lPCA k=10 sigma=1.0
[EST DONE] 2026-04-21T15:04:07.061732 bottleneck=12 replicate=0 seed=2 estimator=lPCA k=10 dur=55.015s
[EST START] 2026-04-21T15:04:07.061890 bottleneck=12 replicate=0 seed=2 estimator=lPCA k=15 sigma=1.0
[EST DONE] 2026-04-21T15:05:05.239933 bottleneck=12 replicate=0 seed=2 estimator=lPCA k=15 dur=58.178s
[EST START] 2026-04-21T15:05:05.240100 bottleneck=12 replicate=0 seed=2 estimator=DANCo k=3 sigma=1.0
[EST DONE] 2026-04-21T15:07:25.546227 bottleneck=12 replicate=0 seed=2 estimator=DANCo k=3 dur=140.306s
[EST START] 2026-04-21T15:07:25.546383 bottleneck=12 replicate=0 seed=2 estimator=DANCo k=5 sigma=1.0
[EST DONE] 2026-04-21T15:10:01.006652 bottleneck=12 replicate=0 seed=2 estimator=DANCo k=5 dur=155.460s
[EST START] 2026-04-21T15:10:01.006787 bottleneck=12 replicate=0 seed=2 estimator=DANCo k=7 sigma=1.0
[EST DONE] 2026-04-21T15:12:48.373137 bottleneck=12 replicate=0 seed=2 estimator=DANCo k=7 dur=167.366s
[EST START] 2026-04-21T15:12:48.373294 bottleneck=12 replicate=0 seed=2 estimator=DANCo k=10 sigma=1.0
[EST DONE] 2026-04-21T15:15:50.212744 bottleneck=12 replicate=0 seed=2 estimator=DANCo k=10 dur=181.839s
[EST START] 2026-04-21T15:15:50.212898 bottleneck=12 replicate=0 seed=2 estimator=DANCo k=15 sigma=1.0
[EST DONE] 2026-04-21T15:19:13.319503 bottleneck=12 replicate=0 seed=2 estimator=DANCo k=15 dur=203.107s
[EST START] 2026-04-21T15:19:13.319678 bottleneck=12 replicate=0 seed=2 estimator=MiND k=3 sigma=1.0
[EST DONE] 2026-04-21T15:19:28.829178 bottleneck=12 replicate=0 seed=2 estimator=MiND k=3 dur=15.509s
[EST START] 2026-04-21T15:19:28.829312 bottleneck=12 replicate=0 seed=2 estimator=MiND k=5 sigma=1.0
[EST DONE] 2026-04-21T15:19:46.336488 bottleneck=12 replicate=0 seed=2 estimator=MiND k=5 dur=17.507s
[EST START] 2026-04-21T15:19:46.336642 bottleneck=12 replicate=0 seed=2 estimator=MiND k=7 sigma=1.0
[EST DONE] 2026-04-21T15:20:05.895565 bottleneck=12 replicate=0 seed=2 estimator=MiND k=7 dur=19.559s
[EST START] 2026-04-21T15:20:05.895713 bottleneck=12 replicate=0 seed=2 estimator=MiND k=10 sigma=1.0
[EST DONE] 2026-04-21T15:20:27.298982 bottleneck=12 replicate=0 seed=2 estimator=MiND k=10 dur=21.403s
[EST START] 2026-04-21T15:20:27.299109 bottleneck=12 replicate=0 seed=2 estimator=MiND k=15 sigma=1.0
[EST DONE] 2026-04-21T15:20:51.174666 bottleneck=12 replicate=0 seed=2 estimator=MiND k=15 dur=23.876s
[EST START] 2026-04-21T15:20:51.174821 bottleneck=12 replicate=0 seed=2 estimator=FisherS k=ALL sigma=1.0
[EST DONE] 2026-04-21T15:25:03.112112 bottleneck=12 replicate=0 seed=2 estimator=FisherS k=ALL dur=251.937s
[EST START] 2026-04-21T15:25:03.112335 bottleneck=12 replicate=0 seed=2 estimator=SMAE k=ALL sigma=1.0
[EST DONE] 2026-04-21T15:30:26.187067 bottleneck=12 replicate=0 seed=2 estimator=SMAE k=ALL dur=323.075s
[MNIST TASK START] 2026-04-21T15:30:26.187385 bottleneck=15 replicate=0 seed=2
[AE START] seed=2 bottleneck=15 epochs=50 subset=0
[AE EPOCH] epoch=1/50 loss=0.096906 epoch_time=1.39s device=cuda
[AE EPOCH] epoch=2/50 loss=0.052724 epoch_time=1.23s device=cuda
[AE EPOCH] epoch=3/50 loss=0.040440 epoch_time=1.03s device=cuda
[AE EPOCH] epoch=4/50 loss=0.033399 epoch_time=1.15s device=cuda
[AE EPOCH] epoch=5/50 loss=0.029292 epoch_time=1.20s device=cuda
[AE EPOCH] epoch=6/50 loss=0.026281 epoch_time=1.06s device=cuda
[AE EPOCH] epoch=7/50 loss=0.024208 epoch_time=1.22s device=cuda
[AE EPOCH] epoch=8/50 loss=0.022697 epoch_time=1.34s device=cuda
[AE EPOCH] epoch=9/50 loss=0.021448 epoch_time=1.27s device=cuda
[AE EPOCH] epoch=10/50 loss=0.020477 epoch_time=1.41s device=cuda
[AE EPOCH] epoch=11/50 loss=0.019745 epoch_time=1.03s device=cuda
[AE EPOCH] epoch=12/50 loss=0.019167 epoch_time=1.18s device=cuda
[AE EPOCH] epoch=13/50 loss=0.018689 epoch_time=1.12s device=cuda
[AE EPOCH] epoch=14/50 loss=0.018273 epoch_time=1.05s device=cuda
[AE EPOCH] epoch=15/50 loss=0.017902 epoch_time=1.11s device=cuda
[AE EPOCH] epoch=16/50 loss=0.017568 epoch_time=0.99s device=cuda
[AE EPOCH] epoch=17/50 loss=0.017265 epoch_time=1.10s device=cuda
[AE EPOCH] epoch=18/50 loss=0.016988 epoch_time=1.23s device=cuda
[AE EPOCH] epoch=19/50 loss=0.016731 epoch_time=1.10s device=cuda
[AE EPOCH] epoch=20/50 loss=0.016493 epoch_time=1.12s device=cuda
[AE EPOCH] epoch=21/50 loss=0.016273 epoch_time=1.24s device=cuda
[AE EPOCH] epoch=22/50 loss=0.016066 epoch_time=1.20s device=cuda
[AE EPOCH] epoch=23/50 loss=0.015873 epoch_time=1.18s device=cuda
[AE EPOCH] epoch=24/50 loss=0.015692 epoch_time=1.19s device=cuda
[AE EPOCH] epoch=25/50 loss=0.015521 epoch_time=1.18s device=cuda
[AE EPOCH] epoch=26/50 loss=0.015362 epoch_time=1.22s device=cuda
[AE EPOCH] epoch=27/50 loss=0.015212 epoch_time=1.07s device=cuda
[AE EPOCH] epoch=28/50 loss=0.015069 epoch_time=1.09s device=cuda
[AE EPOCH] epoch=29/50 loss=0.014937 epoch_time=1.06s device=cuda
[AE EPOCH] epoch=30/50 loss=0.014808 epoch_time=1.11s device=cuda
[AE EPOCH] epoch=31/50 loss=0.014687 epoch_time=1.28s device=cuda
[AE EPOCH] epoch=32/50 loss=0.014572 epoch_time=1.16s device=cuda
[AE EPOCH] epoch=33/50 loss=0.014461 epoch_time=1.07s device=cuda
[AE EPOCH] epoch=34/50 loss=0.014354 epoch_time=1.11s device=cuda
[AE EPOCH] epoch=35/50 loss=0.014252 epoch_time=1.16s device=cuda
[AE EPOCH] epoch=36/50 loss=0.014155 epoch_time=1.30s device=cuda
[AE EPOCH] epoch=37/50 loss=0.014062 epoch_time=1.10s device=cuda
[AE EPOCH] epoch=38/50 loss=0.013974 epoch_time=1.08s device=cuda
[AE EPOCH] epoch=39/50 loss=0.013887 epoch_time=1.12s device=cuda
[AE EPOCH] epoch=40/50 loss=0.013802 epoch_time=1.18s device=cuda
[AE EPOCH] epoch=41/50 loss=0.013719 epoch_time=1.24s device=cuda
[AE EPOCH] epoch=42/50 loss=0.013641 epoch_time=1.03s device=cuda
[AE EPOCH] epoch=43/50 loss=0.013565 epoch_time=1.05s device=cuda
[AE EPOCH] epoch=44/50 loss=0.013491 epoch_time=1.15s device=cuda
[AE EPOCH] epoch=45/50 loss=0.013421 epoch_time=1.18s device=cuda
[AE EPOCH] epoch=46/50 loss=0.013352 epoch_time=1.18s device=cuda
[AE EPOCH] epoch=47/50 loss=0.013286 epoch_time=1.21s device=cuda
[AE EPOCH] epoch=48/50 loss=0.013221 epoch_time=1.15s device=cuda
[AE EPOCH] epoch=49/50 loss=0.013158 epoch_time=1.13s device=cuda
[AE EPOCH] epoch=50/50 loss=0.013098 epoch_time=1.22s device=cuda
[AE TRAIN COMPLETE] total_time=58.00s
[AE TRAIN COMPLETE] 2026-04-21T15:31:30.684389 bottleneck=15 replicate=0 dur=64.5s seed=2
[EST START] 2026-04-21T15:31:30.719424 bottleneck=15 replicate=0 seed=2 estimator=Levina-Bickel k=3 sigma=0.0
[EST DONE] 2026-04-21T15:31:53.484747 bottleneck=15 replicate=0 seed=2 estimator=Levina-Bickel k=3 dur=22.765s
[EST START] 2026-04-21T15:31:53.484884 bottleneck=15 replicate=0 seed=2 estimator=Levina-Bickel k=5 sigma=0.0
[EST DONE] 2026-04-21T15:32:19.348469 bottleneck=15 replicate=0 seed=2 estimator=Levina-Bickel k=5 dur=25.864s
[EST START] 2026-04-21T15:32:19.348644 bottleneck=15 replicate=0 seed=2 estimator=Levina-Bickel k=7 sigma=0.0
[EST DONE] 2026-04-21T15:32:48.000424 bottleneck=15 replicate=0 seed=2 estimator=Levina-Bickel k=7 dur=28.652s
[EST START] 2026-04-21T15:32:48.000629 bottleneck=15 replicate=0 seed=2 estimator=Levina-Bickel k=10 sigma=0.0
[EST DONE] 2026-04-21T15:33:19.855804 bottleneck=15 replicate=0 seed=2 estimator=Levina-Bickel k=10 dur=31.855s
[EST START] 2026-04-21T15:33:19.856005 bottleneck=15 replicate=0 seed=2 estimator=Levina-Bickel k=15 sigma=0.0
[EST DONE] 2026-04-21T15:33:56.060181 bottleneck=15 replicate=0 seed=2 estimator=Levina-Bickel k=15 dur=36.204s
[EST START] 2026-04-21T15:33:56.060370 bottleneck=15 replicate=0 seed=2 estimator=TwoNN k=ALL sigma=0.0
[EST DONE] 2026-04-21T15:34:15.895111 bottleneck=15 replicate=0 seed=2 estimator=TwoNN k=ALL dur=19.835s
[EST START] 2026-04-21T15:34:15.895277 bottleneck=15 replicate=0 seed=2 estimator=lPCA k=3 sigma=0.0
[EST DONE] 2026-04-21T15:35:08.903323 bottleneck=15 replicate=0 seed=2 estimator=lPCA k=3 dur=53.008s
[EST START] 2026-04-21T15:35:08.903481 bottleneck=15 replicate=0 seed=2 estimator=lPCA k=5 sigma=0.0
[EST DONE] 2026-04-21T15:36:06.900329 bottleneck=15 replicate=0 seed=2 estimator=lPCA k=5 dur=57.997s
[EST START] 2026-04-21T15:36:06.900492 bottleneck=15 replicate=0 seed=2 estimator=lPCA k=7 sigma=0.0
[EST DONE] 2026-04-21T15:37:08.207852 bottleneck=15 replicate=0 seed=2 estimator=lPCA k=7 dur=61.307s
[EST START] 2026-04-21T15:37:08.208002 bottleneck=15 replicate=0 seed=2 estimator=lPCA k=10 sigma=0.0
[EST DONE] 2026-04-21T15:38:14.419784 bottleneck=15 replicate=0 seed=2 estimator=lPCA k=10 dur=66.212s
[EST START] 2026-04-21T15:38:14.419948 bottleneck=15 replicate=0 seed=2 estimator=lPCA k=15 sigma=0.0
[EST DONE] 2026-04-21T15:39:27.356997 bottleneck=15 replicate=0 seed=2 estimator=lPCA k=15 dur=72.937s
[EST START] 2026-04-21T15:39:27.357164 bottleneck=15 replicate=0 seed=2 estimator=DANCo k=3 sigma=0.0
[EST DONE] 2026-04-21T15:44:30.232958 bottleneck=15 replicate=0 seed=2 estimator=DANCo k=3 dur=302.876s
[EST START] 2026-04-21T15:44:30.233110 bottleneck=15 replicate=0 seed=2 estimator=DANCo k=5 sigma=0.0
[EST DONE] 2026-04-21T15:49:51.831535 bottleneck=15 replicate=0 seed=2 estimator=DANCo k=5 dur=321.598s
[EST START] 2026-04-21T15:49:51.831685 bottleneck=15 replicate=0 seed=2 estimator=DANCo k=7 sigma=0.0
[EST DONE] 2026-04-21T15:55:35.522434 bottleneck=15 replicate=0 seed=2 estimator=DANCo k=7 dur=343.691s
[EST START] 2026-04-21T15:55:35.522599 bottleneck=15 replicate=0 seed=2 estimator=DANCo k=10 sigma=0.0
[EST DONE] 2026-04-21T16:01:46.235672 bottleneck=15 replicate=0 seed=2 estimator=DANCo k=10 dur=370.713s
[EST START] 2026-04-21T16:01:46.235802 bottleneck=15 replicate=0 seed=2 estimator=DANCo k=15 sigma=0.0
[EST DONE] 2026-04-21T16:08:32.175052 bottleneck=15 replicate=0 seed=2 estimator=DANCo k=15 dur=405.939s
[EST START] 2026-04-21T16:08:32.175254 bottleneck=15 replicate=0 seed=2 estimator=MiND k=3 sigma=0.0
[EST DONE] 2026-04-21T16:08:56.503931 bottleneck=15 replicate=0 seed=2 estimator=MiND k=3 dur=24.329s
[EST START] 2026-04-21T16:08:56.504078 bottleneck=15 replicate=0 seed=2 estimator=MiND k=5 sigma=0.0
[EST DONE] 2026-04-21T16:09:23.582147 bottleneck=15 replicate=0 seed=2 estimator=MiND k=5 dur=27.078s
[EST START] 2026-04-21T16:09:23.582278 bottleneck=15 replicate=0 seed=2 estimator=MiND k=7 sigma=0.0
[EST DONE] 2026-04-21T16:09:53.335989 bottleneck=15 replicate=0 seed=2 estimator=MiND k=7 dur=29.754s
[EST START] 2026-04-21T16:09:53.336165 bottleneck=15 replicate=0 seed=2 estimator=MiND k=10 sigma=0.0
[EST DONE] 2026-04-21T16:10:26.705731 bottleneck=15 replicate=0 seed=2 estimator=MiND k=10 dur=33.370s
[EST START] 2026-04-21T16:10:26.705901 bottleneck=15 replicate=0 seed=2 estimator=MiND k=15 sigma=0.0
[EST DONE] 2026-04-21T16:11:03.795150 bottleneck=15 replicate=0 seed=2 estimator=MiND k=15 dur=37.089s
[EST START] 2026-04-21T16:11:03.795340 bottleneck=15 replicate=0 seed=2 estimator=FisherS k=ALL sigma=0.0
[EST DONE] 2026-04-21T16:15:14.069165 bottleneck=15 replicate=0 seed=2 estimator=FisherS k=ALL dur=250.274s
[EST START] 2026-04-21T16:15:14.069428 bottleneck=15 replicate=0 seed=2 estimator=SMAE k=ALL sigma=0.0
[EST DONE] 2026-04-21T16:20:22.823416 bottleneck=15 replicate=0 seed=2 estimator=SMAE k=ALL dur=308.754s
[EST START] 2026-04-21T16:20:22.859023 bottleneck=15 replicate=0 seed=2 estimator=Levina-Bickel k=3 sigma=0.25
[EST DONE] 2026-04-21T16:20:46.072655 bottleneck=15 replicate=0 seed=2 estimator=Levina-Bickel k=3 dur=23.214s
[EST START] 2026-04-21T16:20:46.072783 bottleneck=15 replicate=0 seed=2 estimator=Levina-Bickel k=5 sigma=0.25
[EST DONE] 2026-04-21T16:21:10.957310 bottleneck=15 replicate=0 seed=2 estimator=Levina-Bickel k=5 dur=24.884s
[EST START] 2026-04-21T16:21:10.957464 bottleneck=15 replicate=0 seed=2 estimator=Levina-Bickel k=7 sigma=0.25
[EST DONE] 2026-04-21T16:21:38.169238 bottleneck=15 replicate=0 seed=2 estimator=Levina-Bickel k=7 dur=27.212s
[EST START] 2026-04-21T16:21:38.169460 bottleneck=15 replicate=0 seed=2 estimator=Levina-Bickel k=10 sigma=0.25
[EST DONE] 2026-04-21T16:22:11.033156 bottleneck=15 replicate=0 seed=2 estimator=Levina-Bickel k=10 dur=32.864s
[EST START] 2026-04-21T16:22:11.033370 bottleneck=15 replicate=0 seed=2 estimator=Levina-Bickel k=15 sigma=0.25
[EST DONE] 2026-04-21T16:22:46.305800 bottleneck=15 replicate=0 seed=2 estimator=Levina-Bickel k=15 dur=35.272s
[EST START] 2026-04-21T16:22:46.305997 bottleneck=15 replicate=0 seed=2 estimator=TwoNN k=ALL sigma=0.25
[EST DONE] 2026-04-21T16:23:06.820477 bottleneck=15 replicate=0 seed=2 estimator=TwoNN k=ALL dur=20.514s
[EST START] 2026-04-21T16:23:06.820674 bottleneck=15 replicate=0 seed=2 estimator=lPCA k=3 sigma=0.25
[EST DONE] 2026-04-21T16:24:01.045278 bottleneck=15 replicate=0 seed=2 estimator=lPCA k=3 dur=54.225s
[EST START] 2026-04-21T16:24:01.045417 bottleneck=15 replicate=0 seed=2 estimator=lPCA k=5 sigma=0.25
[EST DONE] 2026-04-21T16:24:58.418556 bottleneck=15 replicate=0 seed=2 estimator=lPCA k=5 dur=57.373s
[EST START] 2026-04-21T16:24:58.418709 bottleneck=15 replicate=0 seed=2 estimator=lPCA k=7 sigma=0.25
[EST DONE] 2026-04-21T16:26:00.641489 bottleneck=15 replicate=0 seed=2 estimator=lPCA k=7 dur=62.223s
[EST START] 2026-04-21T16:26:00.641655 bottleneck=15 replicate=0 seed=2 estimator=lPCA k=10 sigma=0.25
[EST DONE] 2026-04-21T16:27:07.050572 bottleneck=15 replicate=0 seed=2 estimator=lPCA k=10 dur=66.409s
[EST START] 2026-04-21T16:27:07.050738 bottleneck=15 replicate=0 seed=2 estimator=lPCA k=15 sigma=0.25
[EST DONE] 2026-04-21T16:28:19.587059 bottleneck=15 replicate=0 seed=2 estimator=lPCA k=15 dur=72.536s
[EST START] 2026-04-21T16:28:19.587238 bottleneck=15 replicate=0 seed=2 estimator=DANCo k=3 sigma=0.25
[EST DONE] 2026-04-21T16:33:11.011197 bottleneck=15 replicate=0 seed=2 estimator=DANCo k=3 dur=291.424s
[EST START] 2026-04-21T16:33:11.011376 bottleneck=15 replicate=0 seed=2 estimator=DANCo k=5 sigma=0.25
[EST DONE] 2026-04-21T16:38:33.413361 bottleneck=15 replicate=0 seed=2 estimator=DANCo k=5 dur=322.402s
[EST START] 2026-04-21T16:38:33.413496 bottleneck=15 replicate=0 seed=2 estimator=DANCo k=7 sigma=0.25
[EST DONE] 2026-04-21T16:44:10.347695 bottleneck=15 replicate=0 seed=2 estimator=DANCo k=7 dur=336.934s
[EST START] 2026-04-21T16:44:10.347871 bottleneck=15 replicate=0 seed=2 estimator=DANCo k=10 sigma=0.25
[EST DONE] 2026-04-21T16:50:09.973600 bottleneck=15 replicate=0 seed=2 estimator=DANCo k=10 dur=359.626s
[EST START] 2026-04-21T16:50:09.973789 bottleneck=15 replicate=0 seed=2 estimator=DANCo k=15 sigma=0.25
[EST DONE] 2026-04-21T16:56:44.527827 bottleneck=15 replicate=0 seed=2 estimator=DANCo k=15 dur=394.554s
[EST START] 2026-04-21T16:56:44.528016 bottleneck=15 replicate=0 seed=2 estimator=MiND k=3 sigma=0.25
[EST DONE] 2026-04-21T16:57:10.171445 bottleneck=15 replicate=0 seed=2 estimator=MiND k=3 dur=25.643s
[EST START] 2026-04-21T16:57:10.171595 bottleneck=15 replicate=0 seed=2 estimator=MiND k=5 sigma=0.25
[EST DONE] 2026-04-21T16:57:38.275943 bottleneck=15 replicate=0 seed=2 estimator=MiND k=5 dur=28.104s
[EST START] 2026-04-21T16:57:38.276114 bottleneck=15 replicate=0 seed=2 estimator=MiND k=7 sigma=0.25
[EST DONE] 2026-04-21T16:58:08.775366 bottleneck=15 replicate=0 seed=2 estimator=MiND k=7 dur=30.499s
[EST START] 2026-04-21T16:58:08.775512 bottleneck=15 replicate=0 seed=2 estimator=MiND k=10 sigma=0.25
[EST DONE] 2026-04-21T16:58:41.906251 bottleneck=15 replicate=0 seed=2 estimator=MiND k=10 dur=33.131s
[EST START] 2026-04-21T16:58:41.906429 bottleneck=15 replicate=0 seed=2 estimator=MiND k=15 sigma=0.25
[EST DONE] 2026-04-21T16:59:19.151319 bottleneck=15 replicate=0 seed=2 estimator=MiND k=15 dur=37.245s
[EST START] 2026-04-21T16:59:19.151467 bottleneck=15 replicate=0 seed=2 estimator=FisherS k=ALL sigma=0.25
[EST DONE] 2026-04-21T17:03:35.269572 bottleneck=15 replicate=0 seed=2 estimator=FisherS k=ALL dur=256.118s
[EST START] 2026-04-21T17:03:35.269752 bottleneck=15 replicate=0 seed=2 estimator=SMAE k=ALL sigma=0.25
[EST DONE] 2026-04-21T17:08:39.686195 bottleneck=15 replicate=0 seed=2 estimator=SMAE k=ALL dur=304.416s
[EST START] 2026-04-21T17:08:39.720827 bottleneck=15 replicate=0 seed=2 estimator=Levina-Bickel k=3 sigma=0.5
[EST DONE] 2026-04-21T17:09:03.992203 bottleneck=15 replicate=0 seed=2 estimator=Levina-Bickel k=3 dur=24.271s
[EST START] 2026-04-21T17:09:03.992387 bottleneck=15 replicate=0 seed=2 estimator=Levina-Bickel k=5 sigma=0.5
[EST DONE] 2026-04-21T17:09:31.593503 bottleneck=15 replicate=0 seed=2 estimator=Levina-Bickel k=5 dur=27.601s
[EST START] 2026-04-21T17:09:31.593674 bottleneck=15 replicate=0 seed=2 estimator=Levina-Bickel k=7 sigma=0.5
[EST DONE] 2026-04-21T17:10:00.452347 bottleneck=15 replicate=0 seed=2 estimator=Levina-Bickel k=7 dur=28.859s
[EST START] 2026-04-21T17:10:00.452572 bottleneck=15 replicate=0 seed=2 estimator=Levina-Bickel k=10 sigma=0.5
[EST DONE] 2026-04-21T17:10:28.720238 bottleneck=15 replicate=0 seed=2 estimator=Levina-Bickel k=10 dur=28.268s
[EST START] 2026-04-21T17:10:28.720402 bottleneck=15 replicate=0 seed=2 estimator=Levina-Bickel k=15 sigma=0.5
[EST DONE] 2026-04-21T17:11:01.357633 bottleneck=15 replicate=0 seed=2 estimator=Levina-Bickel k=15 dur=32.637s
[EST START] 2026-04-21T17:11:01.357802 bottleneck=15 replicate=0 seed=2 estimator=TwoNN k=ALL sigma=0.5
[EST DONE] 2026-04-21T17:11:18.386868 bottleneck=15 replicate=0 seed=2 estimator=TwoNN k=ALL dur=17.029s
[EST START] 2026-04-21T17:11:18.387064 bottleneck=15 replicate=0 seed=2 estimator=lPCA k=3 sigma=0.5
[EST DONE] 2026-04-21T17:12:12.050653 bottleneck=15 replicate=0 seed=2 estimator=lPCA k=3 dur=53.664s
[EST START] 2026-04-21T17:12:12.050784 bottleneck=15 replicate=0 seed=2 estimator=lPCA k=5 sigma=0.5
[EST DONE] 2026-04-21T17:13:07.641785 bottleneck=15 replicate=0 seed=2 estimator=lPCA k=5 dur=55.591s
[EST START] 2026-04-21T17:13:07.641941 bottleneck=15 replicate=0 seed=2 estimator=lPCA k=7 sigma=0.5
[EST DONE] 2026-04-21T17:14:08.400900 bottleneck=15 replicate=0 seed=2 estimator=lPCA k=7 dur=60.759s
[EST START] 2026-04-21T17:14:08.401074 bottleneck=15 replicate=0 seed=2 estimator=lPCA k=10 sigma=0.5
[EST DONE] 2026-04-21T17:15:14.277260 bottleneck=15 replicate=0 seed=2 estimator=lPCA k=10 dur=65.876s
[EST START] 2026-04-21T17:15:14.277423 bottleneck=15 replicate=0 seed=2 estimator=lPCA k=15 sigma=0.5
[EST DONE] 2026-04-21T17:16:28.091860 bottleneck=15 replicate=0 seed=2 estimator=lPCA k=15 dur=73.814s
[EST START] 2026-04-21T17:16:28.092054 bottleneck=15 replicate=0 seed=2 estimator=DANCo k=3 sigma=0.5
[EST DONE] 2026-04-21T17:21:07.092194 bottleneck=15 replicate=0 seed=2 estimator=DANCo k=3 dur=279.000s
[EST START] 2026-04-21T17:21:07.092365 bottleneck=15 replicate=0 seed=2 estimator=DANCo k=5 sigma=0.5
[EST DONE] 2026-04-21T17:26:15.316455 bottleneck=15 replicate=0 seed=2 estimator=DANCo k=5 dur=308.224s
[EST START] 2026-04-21T17:26:15.316638 bottleneck=15 replicate=0 seed=2 estimator=DANCo k=7 sigma=0.5
[EST DONE] 2026-04-21T17:31:42.012364 bottleneck=15 replicate=0 seed=2 estimator=DANCo k=7 dur=326.696s
[EST START] 2026-04-21T17:31:42.012550 bottleneck=15 replicate=0 seed=2 estimator=DANCo k=10 sigma=0.5
[EST DONE] 2026-04-21T17:37:34.924547 bottleneck=15 replicate=0 seed=2 estimator=DANCo k=10 dur=352.912s
[EST START] 2026-04-21T17:37:34.924723 bottleneck=15 replicate=0 seed=2 estimator=DANCo k=15 sigma=0.5
[EST DONE] 2026-04-21T17:43:51.477544 bottleneck=15 replicate=0 seed=2 estimator=DANCo k=15 dur=376.553s
[EST START] 2026-04-21T17:43:51.477738 bottleneck=15 replicate=0 seed=2 estimator=MiND k=3 sigma=0.5
[EST DONE] 2026-04-21T17:44:16.185873 bottleneck=15 replicate=0 seed=2 estimator=MiND k=3 dur=24.708s
[EST START] 2026-04-21T17:44:16.186051 bottleneck=15 replicate=0 seed=2 estimator=MiND k=5 sigma=0.5
[EST DONE] 2026-04-21T17:44:43.039283 bottleneck=15 replicate=0 seed=2 estimator=MiND k=5 dur=26.853s
[EST START] 2026-04-21T17:44:43.039428 bottleneck=15 replicate=0 seed=2 estimator=MiND k=7 sigma=0.5
[EST DONE] 2026-04-21T17:45:11.725433 bottleneck=15 replicate=0 seed=2 estimator=MiND k=7 dur=28.686s
[EST START] 2026-04-21T17:45:11.725621 bottleneck=15 replicate=0 seed=2 estimator=MiND k=10 sigma=0.5
[EST DONE] 2026-04-21T17:45:48.336349 bottleneck=15 replicate=0 seed=2 estimator=MiND k=10 dur=36.611s
[EST START] 2026-04-21T17:45:48.336500 bottleneck=15 replicate=0 seed=2 estimator=MiND k=15 sigma=0.5
[EST DONE] 2026-04-21T17:46:27.441717 bottleneck=15 replicate=0 seed=2 estimator=MiND k=15 dur=39.105s
[EST START] 2026-04-21T17:46:27.441891 bottleneck=15 replicate=0 seed=2 estimator=FisherS k=ALL sigma=0.5
[EST DONE] 2026-04-21T17:50:49.752324 bottleneck=15 replicate=0 seed=2 estimator=FisherS k=ALL dur=262.310s
[EST START] 2026-04-21T17:50:49.752531 bottleneck=15 replicate=0 seed=2 estimator=SMAE k=ALL sigma=0.5
[EST DONE] 2026-04-21T17:55:51.802428 bottleneck=15 replicate=0 seed=2 estimator=SMAE k=ALL dur=302.050s
[EST START] 2026-04-21T17:55:51.825894 bottleneck=15 replicate=0 seed=2 estimator=Levina-Bickel k=3 sigma=0.75
[EST DONE] 2026-04-21T17:56:19.590034 bottleneck=15 replicate=0 seed=2 estimator=Levina-Bickel k=3 dur=27.764s
[EST START] 2026-04-21T17:56:19.590250 bottleneck=15 replicate=0 seed=2 estimator=Levina-Bickel k=5 sigma=0.75
[EST DONE] 2026-04-21T17:56:48.538940 bottleneck=15 replicate=0 seed=2 estimator=Levina-Bickel k=5 dur=28.949s
[EST START] 2026-04-21T17:56:48.539078 bottleneck=15 replicate=0 seed=2 estimator=Levina-Bickel k=7 sigma=0.75
[EST DONE] 2026-04-21T17:57:17.740159 bottleneck=15 replicate=0 seed=2 estimator=Levina-Bickel k=7 dur=29.201s
[EST START] 2026-04-21T17:57:17.740336 bottleneck=15 replicate=0 seed=2 estimator=Levina-Bickel k=10 sigma=0.75
[EST DONE] 2026-04-21T17:57:50.631334 bottleneck=15 replicate=0 seed=2 estimator=Levina-Bickel k=10 dur=32.891s
[EST START] 2026-04-21T17:57:50.631545 bottleneck=15 replicate=0 seed=2 estimator=Levina-Bickel k=15 sigma=0.75
[EST DONE] 2026-04-21T17:58:30.963108 bottleneck=15 replicate=0 seed=2 estimator=Levina-Bickel k=15 dur=40.332s
[EST START] 2026-04-21T17:58:30.963306 bottleneck=15 replicate=0 seed=2 estimator=TwoNN k=ALL sigma=0.75
[EST DONE] 2026-04-21T17:58:50.749611 bottleneck=15 replicate=0 seed=2 estimator=TwoNN k=ALL dur=19.786s
[EST START] 2026-04-21T17:58:50.749785 bottleneck=15 replicate=0 seed=2 estimator=lPCA k=3 sigma=0.75
[EST DONE] 2026-04-21T17:59:47.690944 bottleneck=15 replicate=0 seed=2 estimator=lPCA k=3 dur=56.941s
[EST START] 2026-04-21T17:59:47.691115 bottleneck=15 replicate=0 seed=2 estimator=lPCA k=5 sigma=0.75
[EST DONE] 2026-04-21T18:00:48.087047 bottleneck=15 replicate=0 seed=2 estimator=lPCA k=5 dur=60.396s
[EST START] 2026-04-21T18:00:48.087206 bottleneck=15 replicate=0 seed=2 estimator=lPCA k=7 sigma=0.75
[EST DONE] 2026-04-21T18:01:45.731372 bottleneck=15 replicate=0 seed=2 estimator=lPCA k=7 dur=57.644s
[EST START] 2026-04-21T18:01:45.731532 bottleneck=15 replicate=0 seed=2 estimator=lPCA k=10 sigma=0.75
[EST DONE] 2026-04-21T18:02:53.234372 bottleneck=15 replicate=0 seed=2 estimator=lPCA k=10 dur=67.503s
[EST START] 2026-04-21T18:02:53.234541 bottleneck=15 replicate=0 seed=2 estimator=lPCA k=15 sigma=0.75
[EST DONE] 2026-04-21T18:04:05.825087 bottleneck=15 replicate=0 seed=2 estimator=lPCA k=15 dur=72.591s
[EST START] 2026-04-21T18:04:05.825254 bottleneck=15 replicate=0 seed=2 estimator=DANCo k=3 sigma=0.75
[EST DONE] 2026-04-21T18:08:23.285709 bottleneck=15 replicate=0 seed=2 estimator=DANCo k=3 dur=257.460s
[EST START] 2026-04-21T18:08:23.285892 bottleneck=15 replicate=0 seed=2 estimator=DANCo k=5 sigma=0.75
[EST DONE] 2026-04-21T18:13:15.563932 bottleneck=15 replicate=0 seed=2 estimator=DANCo k=5 dur=292.278s
[EST START] 2026-04-21T18:13:15.564083 bottleneck=15 replicate=0 seed=2 estimator=DANCo k=7 sigma=0.75
[EST DONE] 2026-04-21T18:17:28.998987 bottleneck=15 replicate=0 seed=2 estimator=DANCo k=7 dur=253.435s
[EST START] 2026-04-21T18:17:28.999171 bottleneck=15 replicate=0 seed=2 estimator=DANCo k=10 sigma=0.75
[EST DONE] 2026-04-21T18:22:24.777888 bottleneck=15 replicate=0 seed=2 estimator=DANCo k=10 dur=295.779s
[EST START] 2026-04-21T18:22:24.778066 bottleneck=15 replicate=0 seed=2 estimator=DANCo k=15 sigma=0.75
[EST DONE] 2026-04-21T18:28:00.083799 bottleneck=15 replicate=0 seed=2 estimator=DANCo k=15 dur=335.306s
[EST START] 2026-04-21T18:28:00.084000 bottleneck=15 replicate=0 seed=2 estimator=MiND k=3 sigma=0.75
[EST DONE] 2026-04-21T18:28:24.193041 bottleneck=15 replicate=0 seed=2 estimator=MiND k=3 dur=24.109s
[EST START] 2026-04-21T18:28:24.193185 bottleneck=15 replicate=0 seed=2 estimator=MiND k=5 sigma=0.75
[EST DONE] 2026-04-21T18:28:52.743202 bottleneck=15 replicate=0 seed=2 estimator=MiND k=5 dur=28.550s
[EST START] 2026-04-21T18:28:52.743328 bottleneck=15 replicate=0 seed=2 estimator=MiND k=7 sigma=0.75
[EST DONE] 2026-04-21T18:29:25.747154 bottleneck=15 replicate=0 seed=2 estimator=MiND k=7 dur=33.004s
[EST START] 2026-04-21T18:29:25.747330 bottleneck=15 replicate=0 seed=2 estimator=MiND k=10 sigma=0.75
[EST DONE] 2026-04-21T18:30:03.454470 bottleneck=15 replicate=0 seed=2 estimator=MiND k=10 dur=37.707s
[EST START] 2026-04-21T18:30:03.454682 bottleneck=15 replicate=0 seed=2 estimator=MiND k=15 sigma=0.75
[EST DONE] 2026-04-21T18:30:37.162964 bottleneck=15 replicate=0 seed=2 estimator=MiND k=15 dur=33.708s
[EST START] 2026-04-21T18:30:37.163143 bottleneck=15 replicate=0 seed=2 estimator=FisherS k=ALL sigma=0.75
[EST DONE] 2026-04-21T18:35:08.530867 bottleneck=15 replicate=0 seed=2 estimator=FisherS k=ALL dur=271.368s
[EST START] 2026-04-21T18:35:08.531080 bottleneck=15 replicate=0 seed=2 estimator=SMAE k=ALL sigma=0.75
[EST DONE] 2026-04-21T18:40:13.204061 bottleneck=15 replicate=0 seed=2 estimator=SMAE k=ALL dur=304.673s
[EST START] 2026-04-21T18:40:13.236916 bottleneck=15 replicate=0 seed=2 estimator=Levina-Bickel k=3 sigma=1.0
[EST DONE] 2026-04-21T18:40:41.807961 bottleneck=15 replicate=0 seed=2 estimator=Levina-Bickel k=3 dur=28.571s
[EST START] 2026-04-21T18:40:41.808146 bottleneck=15 replicate=0 seed=2 estimator=Levina-Bickel k=5 sigma=1.0
[EST DONE] 2026-04-21T18:41:12.925363 bottleneck=15 replicate=0 seed=2 estimator=Levina-Bickel k=5 dur=31.117s
[EST START] 2026-04-21T18:41:12.925537 bottleneck=15 replicate=0 seed=2 estimator=Levina-Bickel k=7 sigma=1.0
[EST DONE] 2026-04-21T18:41:42.965171 bottleneck=15 replicate=0 seed=2 estimator=Levina-Bickel k=7 dur=30.040s
[EST START] 2026-04-21T18:41:42.965354 bottleneck=15 replicate=0 seed=2 estimator=Levina-Bickel k=10 sigma=1.0
[EST DONE] 2026-04-21T18:42:21.255792 bottleneck=15 replicate=0 seed=2 estimator=Levina-Bickel k=10 dur=38.290s
[EST START] 2026-04-21T18:42:21.255974 bottleneck=15 replicate=0 seed=2 estimator=Levina-Bickel k=15 sigma=1.0
[EST DONE] 2026-04-21T18:42:54.691796 bottleneck=15 replicate=0 seed=2 estimator=Levina-Bickel k=15 dur=33.436s
[EST START] 2026-04-21T18:42:54.691968 bottleneck=15 replicate=0 seed=2 estimator=TwoNN k=ALL sigma=1.0
[EST DONE] 2026-04-21T18:43:18.779845 bottleneck=15 replicate=0 seed=2 estimator=TwoNN k=ALL dur=24.088s
[EST START] 2026-04-21T18:43:18.780073 bottleneck=15 replicate=0 seed=2 estimator=lPCA k=3 sigma=1.0
[EST DONE] 2026-04-21T18:44:18.868872 bottleneck=15 replicate=0 seed=2 estimator=lPCA k=3 dur=60.089s
[EST START] 2026-04-21T18:44:18.869029 bottleneck=15 replicate=0 seed=2 estimator=lPCA k=5 sigma=1.0
[EST DONE] 2026-04-21T18:45:24.103856 bottleneck=15 replicate=0 seed=2 estimator=lPCA k=5 dur=65.235s
[EST START] 2026-04-21T18:45:24.104021 bottleneck=15 replicate=0 seed=2 estimator=lPCA k=7 sigma=1.0
[EST DONE] 2026-04-21T18:46:33.184963 bottleneck=15 replicate=0 seed=2 estimator=lPCA k=7 dur=69.081s
[EST START] 2026-04-21T18:46:33.185120 bottleneck=15 replicate=0 seed=2 estimator=lPCA k=10 sigma=1.0
[EST DONE] 2026-04-21T18:47:47.461926 bottleneck=15 replicate=0 seed=2 estimator=lPCA k=10 dur=74.277s
[EST START] 2026-04-21T18:47:47.462102 bottleneck=15 replicate=0 seed=2 estimator=lPCA k=15 sigma=1.0
[EST DONE] 2026-04-21T18:49:07.192137 bottleneck=15 replicate=0 seed=2 estimator=lPCA k=15 dur=79.730s
[EST START] 2026-04-21T18:49:07.192314 bottleneck=15 replicate=0 seed=2 estimator=DANCo k=3 sigma=1.0
[EST DONE] 2026-04-21T18:53:50.752753 bottleneck=15 replicate=0 seed=2 estimator=DANCo k=3 dur=283.560s
[EST START] 2026-04-21T18:53:50.752913 bottleneck=15 replicate=0 seed=2 estimator=DANCo k=5 sigma=1.0
[EST DONE] 2026-04-21T18:59:03.492421 bottleneck=15 replicate=0 seed=2 estimator=DANCo k=5 dur=312.739s
[EST START] 2026-04-21T18:59:03.492606 bottleneck=15 replicate=0 seed=2 estimator=DANCo k=7 sigma=1.0
[EST DONE] 2026-04-21T19:04:52.079618 bottleneck=15 replicate=0 seed=2 estimator=DANCo k=7 dur=348.587s
[EST START] 2026-04-21T19:04:52.079795 bottleneck=15 replicate=0 seed=2 estimator=DANCo k=10 sigma=1.0
[EST DONE] 2026-04-21T19:10:10.765484 bottleneck=15 replicate=0 seed=2 estimator=DANCo k=10 dur=318.686s
[EST START] 2026-04-21T19:10:10.765669 bottleneck=15 replicate=0 seed=2 estimator=DANCo k=15 sigma=1.0
[EST DONE] 2026-04-21T19:16:27.931378 bottleneck=15 replicate=0 seed=2 estimator=DANCo k=15 dur=377.166s
[EST START] 2026-04-21T19:16:27.931577 bottleneck=15 replicate=0 seed=2 estimator=MiND k=3 sigma=1.0
[EST DONE] 2026-04-21T19:16:56.842413 bottleneck=15 replicate=0 seed=2 estimator=MiND k=3 dur=28.911s
[EST START] 2026-04-21T19:16:56.842574 bottleneck=15 replicate=0 seed=2 estimator=MiND k=5 sigma=1.0
[EST DONE] 2026-04-21T19:17:29.367431 bottleneck=15 replicate=0 seed=2 estimator=MiND k=5 dur=32.525s
[EST START] 2026-04-21T19:17:29.367604 bottleneck=15 replicate=0 seed=2 estimator=MiND k=7 sigma=1.0
[EST DONE] 2026-04-21T19:18:04.621835 bottleneck=15 replicate=0 seed=2 estimator=MiND k=7 dur=35.254s
[EST START] 2026-04-21T19:18:04.621990 bottleneck=15 replicate=0 seed=2 estimator=MiND k=10 sigma=1.0
[EST DONE] 2026-04-21T19:18:42.754772 bottleneck=15 replicate=0 seed=2 estimator=MiND k=10 dur=38.133s
[EST START] 2026-04-21T19:18:42.754943 bottleneck=15 replicate=0 seed=2 estimator=MiND k=15 sigma=1.0
[EST DONE] 2026-04-21T19:19:24.666224 bottleneck=15 replicate=0 seed=2 estimator=MiND k=15 dur=41.911s
[EST START] 2026-04-21T19:19:24.666416 bottleneck=15 replicate=0 seed=2 estimator=FisherS k=ALL sigma=1.0
[EST DONE] 2026-04-21T19:23:49.803274 bottleneck=15 replicate=0 seed=2 estimator=FisherS k=ALL dur=265.137s
[EST START] 2026-04-21T19:23:49.803526 bottleneck=15 replicate=0 seed=2 estimator=SMAE k=ALL sigma=1.0
[EST DONE] 2026-04-21T19:29:06.461551 bottleneck=15 replicate=0 seed=2 estimator=SMAE k=ALL dur=316.658s
Wrote per-task mnist results to results/mnist_large.task2.csv
Saved results/mnist_large.csv
Making reduced plots...
Saved plots under results/figs_large
