Starting large worker on zuber at Sat May  2 08:01:41 AM EDT 2026; workdir=/local/scratch/cfikes/CS_534_ML_project; user=cfikes; task=3
large
Running synthetic large experiments...
[TASK START] 2026-05-02T08:01:45.038847 manifold=sphere d=5 sigma=0.0 n=5000 seed=3
[TASK START] 2026-05-02T08:01:45.039524 manifold=sphere d=5 sigma=0.25 n=5000 seed=3
[TASK START] 2026-05-02T08:01:45.039578 manifold=sphere d=5 sigma=0.5 n=5000 seed=3
[TASK START] 2026-05-02T08:01:45.039747 manifold=sphere d=5 sigma=0.75 n=5000 seed=3
[TASK START] 2026-05-02T08:01:45.039797 manifold=sphere d=5 sigma=1.0 n=5000 seed=3
[TASK START] 2026-05-02T08:01:45.046937 manifold=sphere d=7 sigma=0.0 n=5000 seed=3
[EST DONE] 2026-05-02T08:01:45.297324 estimator=Levina-Bickel k=3 dur=0.092s seed=3
[EST DONE] 2026-05-02T08:01:45.374394 estimator=Levina-Bickel k=3 dur=0.103s seed=3
[EST DONE] 2026-05-02T08:01:45.386965 estimator=Levina-Bickel k=3 dur=0.083s seed=3
[EST DONE] 2026-05-02T08:01:45.405636 estimator=Levina-Bickel k=5 dur=0.108s seed=3
[EST DONE] 2026-05-02T08:01:45.409672 estimator=Levina-Bickel k=3 dur=0.097s seed=3
[EST DONE] 2026-05-02T08:01:45.409967 estimator=Levina-Bickel k=3 dur=0.102s seed=3
[EST DONE] 2026-05-02T08:01:45.485413 estimator=Levina-Bickel k=5 dur=0.098s seed=3
[EST DONE] 2026-05-02T08:01:45.495079 estimator=Levina-Bickel k=5 dur=0.121s seed=3
[EST DONE] 2026-05-02T08:01:45.522822 estimator=Levina-Bickel k=5 dur=0.113s seed=3
[EST DONE] 2026-05-02T08:01:45.525974 estimator=Levina-Bickel k=7 dur=0.120s seed=3
[EST DONE] 2026-05-02T08:01:45.529369 estimator=Levina-Bickel k=5 dur=0.119s seed=3
[EST DONE] 2026-05-02T08:01:45.596737 estimator=Levina-Bickel k=7 dur=0.111s seed=3
[EST DONE] 2026-05-02T08:01:45.621745 estimator=Levina-Bickel k=3 dur=0.215s seed=3
[EST DONE] 2026-05-02T08:01:45.628460 estimator=Levina-Bickel k=7 dur=0.133s seed=3
[EST DONE] 2026-05-02T08:01:45.648490 estimator=Levina-Bickel k=7 dur=0.126s seed=3
[EST DONE] 2026-05-02T08:01:45.661430 estimator=Levina-Bickel k=10 dur=0.135s seed=3
[EST DONE] 2026-05-02T08:01:45.661511 estimator=Levina-Bickel k=7 dur=0.132s seed=3
[EST DONE] 2026-05-02T08:01:45.723368 estimator=Levina-Bickel k=10 dur=0.127s seed=3
[EST DONE] 2026-05-02T08:01:45.780012 estimator=Levina-Bickel k=10 dur=0.151s seed=3
[EST DONE] 2026-05-02T08:01:45.791712 estimator=Levina-Bickel k=10 dur=0.143s seed=3
[EST DONE] 2026-05-02T08:01:45.812008 estimator=Levina-Bickel k=10 dur=0.150s seed=3
[EST DONE] 2026-05-02T08:01:45.820789 estimator=Levina-Bickel k=15 dur=0.159s seed=3
[EST DONE] 2026-05-02T08:01:45.872947 estimator=Levina-Bickel k=15 dur=0.149s seed=3
[EST DONE] 2026-05-02T08:01:45.874769 estimator=Levina-Bickel k=5 dur=0.253s seed=3
[EST DONE] 2026-05-02T08:01:45.903280 estimator=TwoNN (no-k) dur=0.082s seed=3
[EST DONE] 2026-05-02T08:01:45.947066 estimator=TwoNN (no-k) dur=0.074s seed=3
[EST DONE] 2026-05-02T08:01:45.955601 estimator=Levina-Bickel k=15 dur=0.175s seed=3
[EST DONE] 2026-05-02T08:01:45.957486 estimator=Levina-Bickel k=15 dur=0.166s seed=3
[EST DONE] 2026-05-02T08:01:45.985516 estimator=Levina-Bickel k=15 dur=0.173s seed=3
[EST DONE] 2026-05-02T08:01:46.043723 estimator=TwoNN (no-k) dur=0.086s seed=3
[EST DONE] 2026-05-02T08:01:46.046591 estimator=TwoNN (no-k) dur=0.091s seed=3
[EST DONE] 2026-05-02T08:01:46.076551 estimator=TwoNN (no-k) dur=0.091s seed=3
[EST DONE] 2026-05-02T08:01:46.130217 estimator=Levina-Bickel k=7 dur=0.255s seed=3
[EST DONE] 2026-05-02T08:01:46.498028 estimator=Levina-Bickel k=10 dur=0.368s seed=3
[EST DONE] 2026-05-02T08:01:46.936290 estimator=Levina-Bickel k=15 dur=0.438s seed=3
[EST DONE] 2026-05-02T08:01:47.170245 estimator=TwoNN (no-k) dur=0.234s seed=3
[EST DONE] 2026-05-02T08:01:53.236428 estimator=lPCA k=3 dur=3.669s seed=3
[EST DONE] 2026-05-02T08:01:53.608459 estimator=lPCA k=3 dur=3.761s seed=3
[EST DONE] 2026-05-02T08:01:53.627818 estimator=lPCA k=3 dur=3.762s seed=3
[EST DONE] 2026-05-02T08:01:53.847772 estimator=lPCA k=3 dur=3.941s seed=3
[EST DONE] 2026-05-02T08:01:54.012461 estimator=lPCA k=3 dur=3.975s seed=3
[EST DONE] 2026-05-02T08:01:55.227487 estimator=lPCA k=3 dur=4.026s seed=3
[EST DONE] 2026-05-02T08:01:56.960647 estimator=lPCA k=5 dur=3.724s seed=3
[EST DONE] 2026-05-02T08:01:57.417469 estimator=lPCA k=5 dur=3.809s seed=3
[EST DONE] 2026-05-02T08:01:57.439363 estimator=lPCA k=5 dur=3.811s seed=3
[EST DONE] 2026-05-02T08:01:57.833699 estimator=lPCA k=5 dur=3.986s seed=3
[EST DONE] 2026-05-02T08:01:58.035183 estimator=lPCA k=5 dur=4.023s seed=3
[EST DONE] 2026-05-02T08:01:59.348557 estimator=lPCA k=5 dur=4.121s seed=3
[EST DONE] 2026-05-02T08:02:00.758036 estimator=lPCA k=7 dur=3.797s seed=3
[EST DONE] 2026-05-02T08:02:01.299552 estimator=lPCA k=7 dur=3.882s seed=3
[EST DONE] 2026-05-02T08:02:01.323202 estimator=lPCA k=7 dur=3.884s seed=3
[EST DONE] 2026-05-02T08:02:01.892472 estimator=lPCA k=7 dur=4.059s seed=3
[EST DONE] 2026-05-02T08:02:02.136252 estimator=lPCA k=7 dur=4.101s seed=3
[EST DONE] 2026-05-02T08:02:03.894587 estimator=lPCA k=7 dur=4.546s seed=3
[EST DONE] 2026-05-02T08:02:05.086543 estimator=lPCA k=10 dur=4.328s seed=3
[EST DONE] 2026-05-02T08:02:05.808477 estimator=lPCA k=10 dur=4.509s seed=3
[EST DONE] 2026-05-02T08:02:05.837944 estimator=lPCA k=10 dur=4.515s seed=3
[EST DONE] 2026-05-02T08:02:06.582193 estimator=lPCA k=10 dur=4.690s seed=3
[EST DONE] 2026-05-02T08:02:06.898208 estimator=lPCA k=10 dur=4.762s seed=3
[EST DONE] 2026-05-02T08:02:08.751723 estimator=lPCA k=10 dur=4.857s seed=3
[EST DONE] 2026-05-02T08:02:09.525037 estimator=lPCA k=15 dur=4.438s seed=3
[EST DONE] 2026-05-02T08:02:10.490175 estimator=lPCA k=15 dur=4.682s seed=3
[EST DONE] 2026-05-02T08:02:10.522898 estimator=lPCA k=15 dur=4.685s seed=3
[EST DONE] 2026-05-02T08:02:11.442175 estimator=lPCA k=15 dur=4.860s seed=3
[EST DONE] 2026-05-02T08:02:11.812768 estimator=lPCA k=15 dur=4.914s seed=3
[EST DONE] 2026-05-02T08:02:13.447769 estimator=lPCA k=15 dur=4.696s seed=3
[EST DONE] 2026-05-02T08:06:55.259695 estimator=DANCo k=3 dur=142.446s seed=3
[EST DONE] 2026-05-02T08:07:00.642311 estimator=DANCo k=3 dur=142.230s seed=3
[EST DONE] 2026-05-02T08:07:01.804250 estimator=DANCo k=3 dur=143.801s seed=3
[EST DONE] 2026-05-02T08:07:03.454802 estimator=DANCo k=3 dur=145.789s seed=3
[EST DONE] 2026-05-02T08:07:03.594076 estimator=DANCo k=3 dur=144.075s seed=3
[EST DONE] 2026-05-02T08:07:09.868632 estimator=DANCo k=3 dur=145.091s seed=3
[EST DONE] 2026-05-02T08:09:19.101856 estimator=DANCo k=5 dur=143.833s seed=3
[EST DONE] 2026-05-02T08:09:25.674700 estimator=DANCo k=5 dur=145.032s seed=3
[EST DONE] 2026-05-02T08:09:25.799265 estimator=DANCo k=5 dur=143.995s seed=3
[EST DONE] 2026-05-02T08:09:28.834789 estimator=DANCo k=5 dur=145.380s seed=3
[EST DONE] 2026-05-02T08:09:33.151815 estimator=DANCo k=5 dur=149.558s seed=3
[EST DONE] 2026-05-02T08:09:41.458293 estimator=DANCo k=5 dur=151.589s seed=3
[EST DONE] 2026-05-02T08:11:45.907927 estimator=DANCo k=7 dur=146.806s seed=3
[EST DONE] 2026-05-02T08:11:57.752175 estimator=DANCo k=7 dur=151.953s seed=3
[EST DONE] 2026-05-02T08:11:59.196142 estimator=DANCo k=7 dur=153.521s seed=3
[EST DONE] 2026-05-02T08:11:59.980257 estimator=DANCo k=7 dur=146.828s seed=3
[EST DONE] 2026-05-02T08:12:01.529017 estimator=DANCo k=7 dur=152.694s seed=3
[EST DONE] 2026-05-02T08:12:13.221512 estimator=DANCo k=7 dur=151.763s seed=3
[EST DONE] 2026-05-02T08:14:20.194231 estimator=DANCo k=10 dur=154.286s seed=3
[EST DONE] 2026-05-02T08:14:31.290978 estimator=DANCo k=10 dur=152.095s seed=3
[EST DONE] 2026-05-02T08:14:33.841273 estimator=DANCo k=10 dur=153.861s seed=3
[EST DONE] 2026-05-02T08:14:34.710502 estimator=DANCo k=10 dur=156.958s seed=3
[EST DONE] 2026-05-02T08:14:35.575435 estimator=DANCo k=10 dur=154.046s seed=3
[EST DONE] 2026-05-02T08:14:49.466297 estimator=DANCo k=10 dur=156.245s seed=3
[EST DONE] 2026-05-02T08:16:56.710840 estimator=DANCo k=15 dur=156.516s seed=3
[EST DONE] 2026-05-02T08:17:12.896274 estimator=DANCo k=15 dur=161.605s seed=3
[EST DONE] 2026-05-02T08:17:18.411453 estimator=DANCo k=15 dur=162.836s seed=3
[EST DONE] 2026-05-02T08:17:18.518627 estimator=DANCo k=15 dur=163.808s seed=3
[EST DONE] 2026-05-02T08:17:23.845356 estimator=DANCo k=15 dur=170.004s seed=3
[EST DONE] 2026-05-02T08:17:42.617005 estimator=DANCo k=15 dur=173.151s seed=3
[EST DONE] 2026-05-02T08:55:33.269785 estimator=MiND k=3 dur=1159.462s seed=3
[EST DONE] 2026-05-02T08:55:37.958688 estimator=MiND k=3 dur=1152.584s seed=3
[EST DONE] 2026-05-02T08:55:52.035929 estimator=MiND k=3 dur=1161.350s seed=3
[EST DONE] 2026-05-02T08:55:55.390635 estimator=MiND k=3 dur=1156.732s seed=3
[EST DONE] 2026-05-02T08:56:10.660697 estimator=MiND k=3 dur=1163.060s seed=3
[EST DONE] 2026-05-02T08:56:21.391266 estimator=MiND k=3 dur=1160.362s seed=3
[EST DONE] 2026-05-02T09:14:47.942674 estimator=MiND k=5 dur=1154.673s seed=3
[EST DONE] 2026-05-02T09:15:04.580677 estimator=MiND k=5 dur=1166.622s seed=3
[EST DONE] 2026-05-02T09:15:12.805099 estimator=MiND k=5 dur=1160.769s seed=3
[EST DONE] 2026-05-02T09:15:18.070016 estimator=MiND k=5 dur=1162.679s seed=3
[EST DONE] 2026-05-02T09:15:35.219317 estimator=MiND k=5 dur=1153.828s seed=3
[EST DONE] 2026-05-02T09:15:36.054192 estimator=MiND k=5 dur=1165.393s seed=3
[EST DONE] 2026-05-02T09:34:04.326514 estimator=MiND k=7 dur=1156.384s seed=3
[EST DONE] 2026-05-02T09:34:23.459332 estimator=MiND k=7 dur=1150.654s seed=3
[EST DONE] 2026-05-02T09:34:30.846167 estimator=MiND k=7 dur=1166.265s seed=3
[EST DONE] 2026-05-02T09:34:42.813222 estimator=MiND k=7 dur=1164.743s seed=3
[EST DONE] 2026-05-02T09:34:55.308390 estimator=MiND k=7 dur=1159.254s seed=3
[EST DONE] 2026-05-02T09:35:04.381585 estimator=MiND k=7 dur=1169.162s seed=3
[EST DONE] 2026-05-02T09:53:23.107661 estimator=MiND k=10 dur=1158.781s seed=3
[EST DONE] 2026-05-02T09:53:42.821196 estimator=MiND k=10 dur=1159.362s seed=3
[EST DONE] 2026-05-02T09:54:00.248905 estimator=MiND k=10 dur=1157.436s seed=3
[EST DONE] 2026-05-02T09:54:02.347019 estimator=MiND k=10 dur=1171.501s seed=3
[EST DONE] 2026-05-02T09:54:19.463566 estimator=MiND k=10 dur=1164.155s seed=3
[EST DONE] 2026-05-02T09:54:22.419237 estimator=MiND k=10 dur=1158.038s seed=3
[EST DONE] 2026-05-02T10:12:41.569046 estimator=MiND k=15 dur=1158.461s seed=3
[EST DONE] 2026-05-02T10:12:59.826254 estimator=MiND k=15 dur=1157.005s seed=3
[EST DONE] 2026-05-02T10:13:20.772892 estimator=MiND k=15 dur=1160.524s seed=3
[EST DONE] 2026-05-02T10:13:26.742816 estimator=MiND k=15 dur=1164.396s seed=3
[EST DONE] 2026-05-02T10:13:35.981392 estimator=MiND k=15 dur=1153.562s seed=3
[EST DONE] 2026-05-02T10:13:37.111904 estimator=MiND k=15 dur=1157.648s seed=3
[EST DONE] 2026-05-02T10:14:23.096288 estimator=FisherS (no-k) dur=101.527s seed=3
[TASK END] 2026-05-02T10:14:23.096427 manifold=sphere d=5 sigma=0.25 seed=3 duration=7958.057s
[TASK START] 2026-05-02T10:14:23.097507 manifold=sphere d=7 sigma=0.25 n=5000 seed=3
[EST DONE] 2026-05-02T10:14:23.512811 estimator=Levina-Bickel k=3 dur=0.208s seed=3
[EST DONE] 2026-05-02T10:14:23.755921 estimator=Levina-Bickel k=5 dur=0.243s seed=3
[EST DONE] 2026-05-02T10:14:24.025089 estimator=Levina-Bickel k=7 dur=0.269s seed=3
[EST DONE] 2026-05-02T10:14:24.326065 estimator=Levina-Bickel k=10 dur=0.301s seed=3
[EST DONE] 2026-05-02T10:14:24.645209 estimator=Levina-Bickel k=15 dur=0.319s seed=3
[EST DONE] 2026-05-02T10:14:24.875961 estimator=TwoNN (no-k) dur=0.231s seed=3
[EST DONE] 2026-05-02T10:14:32.366481 estimator=lPCA k=3 dur=3.826s seed=3
[EST DONE] 2026-05-02T10:14:35.399226 estimator=FisherS (no-k) dur=95.573s seed=3
[TASK END] 2026-05-02T10:14:35.399358 manifold=sphere d=5 sigma=0.75 seed=3 duration=7970.360s
[TASK START] 2026-05-02T10:14:35.400405 manifold=sphere d=7 sigma=0.5 n=5000 seed=3
[EST DONE] 2026-05-02T10:14:35.843966 estimator=Levina-Bickel k=3 dur=0.222s seed=3
[EST DONE] 2026-05-02T10:14:36.095837 estimator=Levina-Bickel k=5 dur=0.252s seed=3
[EST DONE] 2026-05-02T10:14:36.380351 estimator=Levina-Bickel k=7 dur=0.284s seed=3
[EST DONE] 2026-05-02T10:14:36.616253 estimator=lPCA k=5 dur=4.250s seed=3
[EST DONE] 2026-05-02T10:14:36.767677 estimator=Levina-Bickel k=10 dur=0.387s seed=3
[EST DONE] 2026-05-02T10:14:37.255166 estimator=Levina-Bickel k=15 dur=0.487s seed=3
[EST DONE] 2026-05-02T10:14:37.531170 estimator=TwoNN (no-k) dur=0.276s seed=3
[EST DONE] 2026-05-02T10:14:37.663696 estimator=FisherS (no-k) dur=60.552s seed=3
[TASK END] 2026-05-02T10:14:37.663799 manifold=sphere d=5 sigma=0.5 seed=3 duration=7972.624s
[TASK START] 2026-05-02T10:14:37.664737 manifold=sphere d=7 sigma=0.75 n=5000 seed=3
[EST DONE] 2026-05-02T10:14:38.238154 estimator=Levina-Bickel k=3 dur=0.253s seed=3
[EST DONE] 2026-05-02T10:14:38.644406 estimator=Levina-Bickel k=5 dur=0.406s seed=3
[EST DONE] 2026-05-02T10:14:38.942410 estimator=Levina-Bickel k=7 dur=0.298s seed=3
[EST DONE] 2026-05-02T10:14:39.341504 estimator=Levina-Bickel k=10 dur=0.399s seed=3
[EST DONE] 2026-05-02T10:14:39.947299 estimator=Levina-Bickel k=15 dur=0.606s seed=3
[EST DONE] 2026-05-02T10:14:40.143231 estimator=FisherS (no-k) dur=64.162s seed=3
[TASK END] 2026-05-02T10:14:40.143390 manifold=sphere d=7 sigma=0.0 seed=3 duration=7975.096s
[TASK START] 2026-05-02T10:14:40.144492 manifold=sphere d=7 sigma=1.0 n=5000 seed=3
[EST DONE] 2026-05-02T10:14:40.218539 estimator=TwoNN (no-k) dur=0.271s seed=3
[EST DONE] 2026-05-02T10:14:40.714016 estimator=Levina-Bickel k=3 dur=0.284s seed=3
[EST DONE] 2026-05-02T10:14:41.109451 estimator=Levina-Bickel k=5 dur=0.395s seed=3
[EST DONE] 2026-05-02T10:14:41.506049 estimator=lPCA k=7 dur=4.890s seed=3
[EST DONE] 2026-05-02T10:14:41.581004 estimator=Levina-Bickel k=7 dur=0.471s seed=3
[EST DONE] 2026-05-02T10:14:41.941911 estimator=Levina-Bickel k=10 dur=0.361s seed=3
[EST DONE] 2026-05-02T10:14:42.450255 estimator=Levina-Bickel k=15 dur=0.508s seed=3
[EST DONE] 2026-05-02T10:14:42.836899 estimator=TwoNN (no-k) dur=0.386s seed=3
[EST DONE] 2026-05-02T10:14:43.329513 estimator=FisherS (no-k) dur=76.587s seed=3
[TASK END] 2026-05-02T10:14:43.329632 manifold=sphere d=5 sigma=1.0 seed=3 duration=7978.290s
[TASK START] 2026-05-02T10:14:43.330517 manifold=sphere d=9 sigma=0.0 n=5000 seed=3
[EST DONE] 2026-05-02T10:14:43.718614 estimator=FisherS (no-k) dur=82.946s seed=3
[TASK END] 2026-05-02T10:14:43.718728 manifold=sphere d=5 sigma=0.0 seed=3 duration=7978.680s
[TASK START] 2026-05-02T10:14:43.719864 manifold=sphere d=9 sigma=0.25 n=5000 seed=3
[EST DONE] 2026-05-02T10:14:44.428617 estimator=Levina-Bickel k=3 dur=0.517s seed=3
[EST DONE] 2026-05-02T10:14:44.792694 estimator=Levina-Bickel k=3 dur=0.532s seed=3
[EST DONE] 2026-05-02T10:14:44.962039 estimator=Levina-Bickel k=5 dur=0.533s seed=3
[EST DONE] 2026-05-02T10:14:45.392389 estimator=Levina-Bickel k=5 dur=0.600s seed=3
[EST DONE] 2026-05-02T10:14:45.541383 estimator=Levina-Bickel k=7 dur=0.579s seed=3
[EST DONE] 2026-05-02T10:14:46.032470 estimator=Levina-Bickel k=7 dur=0.640s seed=3
[EST DONE] 2026-05-02T10:14:46.212615 estimator=Levina-Bickel k=10 dur=0.671s seed=3
[EST DONE] 2026-05-02T10:14:46.516225 estimator=lPCA k=3 dur=4.292s seed=3
[EST DONE] 2026-05-02T10:14:46.619356 estimator=lPCA k=10 dur=5.113s seed=3
[EST DONE] 2026-05-02T10:14:46.683495 estimator=Levina-Bickel k=10 dur=0.651s seed=3
[EST DONE] 2026-05-02T10:14:46.941939 estimator=Levina-Bickel k=15 dur=0.729s seed=3
[EST DONE] 2026-05-02T10:14:47.351963 estimator=Levina-Bickel k=15 dur=0.668s seed=3
[EST DONE] 2026-05-02T10:14:47.409757 estimator=TwoNN (no-k) dur=0.468s seed=3
[EST DONE] 2026-05-02T10:14:47.836535 estimator=TwoNN (no-k) dur=0.484s seed=3
[EST DONE] 2026-05-02T10:14:48.522795 estimator=lPCA k=3 dur=3.794s seed=3
[EST DONE] 2026-05-02T10:14:50.506485 estimator=lPCA k=5 dur=3.990s seed=3
[EST DONE] 2026-05-02T10:14:51.352038 estimator=lPCA k=15 dur=4.733s seed=3
[EST DONE] 2026-05-02T10:14:51.785786 estimator=lPCA k=3 dur=4.445s seed=3
[EST DONE] 2026-05-02T10:14:52.677469 estimator=lPCA k=5 dur=4.155s seed=3
[EST DONE] 2026-05-02T10:14:54.731260 estimator=lPCA k=7 dur=4.225s seed=3
[EST DONE] 2026-05-02T10:14:55.927971 estimator=lPCA k=5 dur=4.142s seed=3
[EST DONE] 2026-05-02T10:14:56.404856 estimator=lPCA k=3 dur=4.477s seed=3
[EST DONE] 2026-05-02T10:14:56.866514 estimator=lPCA k=7 dur=4.189s seed=3
[EST DONE] 2026-05-02T10:14:56.978534 estimator=lPCA k=3 dur=4.571s seed=3
[EST DONE] 2026-05-02T10:14:59.098348 estimator=lPCA k=10 dur=4.367s seed=3
[EST DONE] 2026-05-02T10:15:01.084803 estimator=lPCA k=5 dur=4.680s seed=3
[EST DONE] 2026-05-02T10:15:01.162027 estimator=lPCA k=10 dur=4.295s seed=3
[EST DONE] 2026-05-02T10:15:01.176800 estimator=lPCA k=7 dur=5.249s seed=3
[EST DONE] 2026-05-02T10:15:01.936013 estimator=lPCA k=5 dur=4.957s seed=3
[EST DONE] 2026-05-02T10:15:04.907083 estimator=lPCA k=15 dur=5.809s seed=3
[EST DONE] 2026-05-02T10:15:05.965456 estimator=lPCA k=15 dur=4.803s seed=3
[EST DONE] 2026-05-02T10:15:06.130085 estimator=lPCA k=10 dur=4.953s seed=3
[EST DONE] 2026-05-02T10:15:06.180279 estimator=lPCA k=7 dur=5.095s seed=3
[EST DONE] 2026-05-02T10:15:07.198970 estimator=lPCA k=7 dur=5.263s seed=3
[EST DONE] 2026-05-02T10:15:10.506873 estimator=lPCA k=15 dur=4.377s seed=3
[EST DONE] 2026-05-02T10:15:11.373186 estimator=lPCA k=10 dur=5.193s seed=3
[EST DONE] 2026-05-02T10:15:13.241347 estimator=lPCA k=10 dur=6.042s seed=3
[EST DONE] 2026-05-02T10:15:17.811203 estimator=lPCA k=15 dur=6.438s seed=3
[EST DONE] 2026-05-02T10:15:22.175548 estimator=lPCA k=15 dur=8.934s seed=3
[EST DONE] 2026-05-02T10:19:18.680609 estimator=DANCo k=3 dur=138.175s seed=3
[EST DONE] 2026-05-02T10:19:46.032147 estimator=DANCo k=3 dur=140.778s seed=3
[EST DONE] 2026-05-02T10:19:48.401022 estimator=DANCo k=3 dur=143.319s seed=3
[EST DONE] 2026-05-02T10:19:54.413641 estimator=DANCo k=3 dur=141.024s seed=3
[EST DONE] 2026-05-02T10:20:05.724868 estimator=DANCo k=3 dur=142.265s seed=3
[EST DONE] 2026-05-02T10:20:08.535230 estimator=DANCo k=3 dur=146.559s seed=3
[EST DONE] 2026-05-02T10:21:43.539723 estimator=DANCo k=5 dur=144.859s seed=3
[EST DONE] 2026-05-02T10:22:06.604703 estimator=DANCo k=5 dur=140.572s seed=3
[EST DONE] 2026-05-02T10:22:15.341978 estimator=DANCo k=5 dur=146.941s seed=3
[EST DONE] 2026-05-02T10:22:17.785930 estimator=DANCo k=5 dur=143.372s seed=3
[EST DONE] 2026-05-02T10:22:30.289142 estimator=DANCo k=5 dur=144.564s seed=3
[EST DONE] 2026-05-02T10:22:43.134004 estimator=DANCo k=5 dur=154.599s seed=3
[EST DONE] 2026-05-02T10:24:09.962914 estimator=DANCo k=7 dur=146.423s seed=3
[EST DONE] 2026-05-02T10:24:38.179732 estimator=DANCo k=7 dur=151.575s seed=3
[EST DONE] 2026-05-02T10:24:44.979490 estimator=DANCo k=7 dur=149.637s seed=3
[EST DONE] 2026-05-02T10:24:45.450906 estimator=DANCo k=7 dur=147.665s seed=3
[EST DONE] 2026-05-02T10:24:59.642921 estimator=DANCo k=7 dur=149.354s seed=3
[EST DONE] 2026-05-02T10:25:17.088225 estimator=DANCo k=7 dur=153.954s seed=3
[EST DONE] 2026-05-02T10:26:41.308731 estimator=DANCo k=10 dur=151.346s seed=3
[EST DONE] 2026-05-02T10:27:03.727656 estimator=DANCo k=10 dur=145.548s seed=3
[EST DONE] 2026-05-02T10:27:18.257437 estimator=DANCo k=10 dur=153.278s seed=3
[EST DONE] 2026-05-02T10:27:22.255785 estimator=DANCo k=10 dur=156.805s seed=3
[EST DONE] 2026-05-02T10:27:37.606454 estimator=DANCo k=10 dur=157.963s seed=3
[EST DONE] 2026-05-02T10:27:52.909502 estimator=DANCo k=10 dur=155.821s seed=3
[EST DONE] 2026-05-02T10:29:24.261972 estimator=DANCo k=15 dur=162.953s seed=3
[EST DONE] 2026-05-02T10:29:44.612827 estimator=DANCo k=15 dur=160.885s seed=3
[EST DONE] 2026-05-02T10:30:01.337142 estimator=DANCo k=15 dur=163.080s seed=3
[EST DONE] 2026-05-02T10:30:06.370232 estimator=DANCo k=15 dur=164.114s seed=3
[EST DONE] 2026-05-02T10:30:30.929590 estimator=DANCo k=15 dur=173.323s seed=3
[EST DONE] 2026-05-02T10:30:47.303744 estimator=DANCo k=15 dur=174.394s seed=3
[EST DONE] 2026-05-02T11:07:58.389422 estimator=MiND k=3 dur=1162.790s seed=3
[EST DONE] 2026-05-02T11:08:11.947801 estimator=MiND k=3 dur=1157.912s seed=3
[EST DONE] 2026-05-02T11:08:22.429079 estimator=MiND k=3 dur=1152.964s seed=3
[EST DONE] 2026-05-02T11:08:24.994245 estimator=MiND k=3 dur=1150.653s seed=3
[EST DONE] 2026-05-02T11:09:11.675595 estimator=MiND k=3 dur=1155.883s seed=3
[EST DONE] 2026-05-02T11:09:38.467920 estimator=MiND k=3 dur=1165.430s seed=3
[EST DONE] 2026-05-02T11:27:23.330802 estimator=MiND k=5 dur=1164.941s seed=3
[EST DONE] 2026-05-02T11:27:32.797588 estimator=MiND k=5 dur=1160.850s seed=3
[EST DONE] 2026-05-02T11:27:37.216396 estimator=MiND k=5 dur=1154.787s seed=3
[EST DONE] 2026-05-02T11:27:42.785138 estimator=MiND k=5 dur=1157.791s seed=3
[EST DONE] 2026-05-02T11:28:37.016044 estimator=MiND k=5 dur=1165.340s seed=3
[EST DONE] 2026-05-02T11:29:01.678314 estimator=MiND k=5 dur=1163.210s seed=3
[EST DONE] 2026-05-02T11:46:38.854158 estimator=MiND k=7 dur=1155.523s seed=3
[EST DONE] 2026-05-02T11:46:56.126661 estimator=MiND k=7 dur=1163.329s seed=3
[EST DONE] 2026-05-02T11:47:01.359620 estimator=MiND k=7 dur=1164.143s seed=3
[EST DONE] 2026-05-02T11:47:13.629064 estimator=MiND k=7 dur=1170.844s seed=3
[EST DONE] 2026-05-02T11:48:05.211256 estimator=MiND k=7 dur=1168.195s seed=3
[EST DONE] 2026-05-02T11:48:17.100902 estimator=MiND k=7 dur=1155.422s seed=3
[EST DONE] 2026-05-02T12:06:04.918841 estimator=MiND k=10 dur=1166.065s seed=3
[EST DONE] 2026-05-02T12:06:14.544244 estimator=MiND k=10 dur=1158.417s seed=3
[EST DONE] 2026-05-02T12:06:26.773531 estimator=MiND k=10 dur=1165.414s seed=3
[EST DONE] 2026-05-02T12:06:37.518921 estimator=MiND k=10 dur=1163.890s seed=3
[EST DONE] 2026-05-02T12:07:18.070225 estimator=MiND k=10 dur=1152.859s seed=3
[EST DONE] 2026-05-02T12:07:33.063055 estimator=MiND k=10 dur=1155.962s seed=3
[EST DONE] 2026-05-02T12:25:30.935316 estimator=MiND k=15 dur=1166.016s seed=3
[EST DONE] 2026-05-02T12:25:38.363953 estimator=MiND k=15 dur=1163.820s seed=3
[EST DONE] 2026-05-02T12:25:49.209101 estimator=MiND k=15 dur=1151.690s seed=3
[EST DONE] 2026-05-02T12:25:54.144567 estimator=MiND k=15 dur=1167.371s seed=3
[EST DONE] 2026-05-02T12:26:12.032983 estimator=MiND k=15 dur=1133.963s seed=3
[EST DONE] 2026-05-02T12:26:18.011506 estimator=MiND k=15 dur=1124.948s seed=3
[EST DONE] 2026-05-02T12:27:10.414905 estimator=FisherS (no-k) dur=99.479s seed=3
[TASK END] 2026-05-02T12:27:10.415084 manifold=sphere d=7 sigma=0.25 seed=3 duration=7967.318s
[TASK START] 2026-05-02T12:27:10.416543 manifold=sphere d=9 sigma=0.5 n=5000 seed=3
[EST DONE] 2026-05-02T12:27:11.570358 estimator=Levina-Bickel k=3 dur=0.761s seed=3
[EST DONE] 2026-05-02T12:27:12.113408 estimator=Levina-Bickel k=5 dur=0.543s seed=3
[EST DONE] 2026-05-02T12:27:12.893718 estimator=Levina-Bickel k=7 dur=0.780s seed=3
[EST DONE] 2026-05-02T12:27:13.662759 estimator=Levina-Bickel k=10 dur=0.769s seed=3
[EST DONE] 2026-05-02T12:27:14.959630 estimator=Levina-Bickel k=15 dur=1.297s seed=3
[EST DONE] 2026-05-02T12:27:15.776673 estimator=TwoNN (no-k) dur=0.817s seed=3
[EST DONE] 2026-05-02T12:27:20.568112 estimator=FisherS (no-k) dur=102.204s seed=3
[TASK END] 2026-05-02T12:27:20.568305 manifold=sphere d=7 sigma=0.5 seed=3 duration=7965.168s
[TASK START] 2026-05-02T12:27:20.569398 manifold=sphere d=9 sigma=0.75 n=5000 seed=3
[EST DONE] 2026-05-02T12:27:21.703176 estimator=Levina-Bickel k=3 dur=0.560s seed=3
[EST DONE] 2026-05-02T12:27:22.232551 estimator=Levina-Bickel k=5 dur=0.529s seed=3
[EST DONE] 2026-05-02T12:27:22.733829 estimator=Levina-Bickel k=7 dur=0.501s seed=3
[EST DONE] 2026-05-02T12:27:23.246450 estimator=Levina-Bickel k=10 dur=0.513s seed=3
[EST DONE] 2026-05-02T12:27:24.005737 estimator=Levina-Bickel k=15 dur=0.759s seed=3
[EST DONE] 2026-05-02T12:27:24.050841 estimator=FisherS (no-k) dur=94.842s seed=3
[TASK END] 2026-05-02T12:27:24.051024 manifold=sphere d=7 sigma=0.75 seed=3 duration=7966.386s
[TASK START] 2026-05-02T12:27:24.052313 manifold=sphere d=9 sigma=1.0 n=5000 seed=3
[EST DONE] 2026-05-02T12:27:24.396158 estimator=TwoNN (no-k) dur=0.390s seed=3
[EST DONE] 2026-05-02T12:27:25.165234 estimator=Levina-Bickel k=3 dur=0.552s seed=3
[EST DONE] 2026-05-02T12:27:25.785622 estimator=Levina-Bickel k=5 dur=0.620s seed=3
[EST DONE] 2026-05-02T12:27:26.443847 estimator=Levina-Bickel k=7 dur=0.658s seed=3
[EST DONE] 2026-05-02T12:27:26.589011 estimator=lPCA k=3 dur=4.185s seed=3
[EST DONE] 2026-05-02T12:27:27.068424 estimator=Levina-Bickel k=10 dur=0.624s seed=3
[EST DONE] 2026-05-02T12:27:27.735093 estimator=Levina-Bickel k=15 dur=0.667s seed=3
[EST DONE] 2026-05-02T12:27:28.258555 estimator=TwoNN (no-k) dur=0.523s seed=3
[EST DONE] 2026-05-02T12:27:31.186110 estimator=lPCA k=5 dur=4.597s seed=3
[EST DONE] 2026-05-02T12:27:32.499330 estimator=lPCA k=3 dur=4.148s seed=3
[EST DONE] 2026-05-02T12:27:36.275332 estimator=lPCA k=7 dur=5.089s seed=3
[EST DONE] 2026-05-02T12:27:37.036400 estimator=lPCA k=5 dur=4.537s seed=3
[EST DONE] 2026-05-02T12:27:37.802110 estimator=lPCA k=3 dur=4.807s seed=3
[EST DONE] 2026-05-02T12:27:37.944964 estimator=FisherS (no-k) dur=85.912s seed=3
[TASK END] 2026-05-02T12:27:37.945127 manifold=sphere d=9 sigma=0.25 seed=3 duration=7974.225s
[TASK START] 2026-05-02T12:27:37.946516 manifold=sphere d=12 sigma=0.0 n=5000 seed=3
[EST DONE] 2026-05-02T12:27:39.089120 estimator=FisherS (no-k) dur=81.077s seed=3
[TASK END] 2026-05-02T12:27:39.089279 manifold=sphere d=9 sigma=0.0 seed=3 duration=7975.759s
[TASK START] 2026-05-02T12:27:39.090443 manifold=sphere d=12 sigma=0.25 n=5000 seed=3
[EST DONE] 2026-05-02T12:27:40.011608 estimator=Levina-Bickel k=3 dur=0.997s seed=3
[EST DONE] 2026-05-02T12:27:40.606423 estimator=Levina-Bickel k=3 dur=0.754s seed=3
[EST DONE] 2026-05-02T12:27:41.061281 estimator=Levina-Bickel k=5 dur=1.050s seed=3
[EST DONE] 2026-05-02T12:27:41.403145 estimator=Levina-Bickel k=5 dur=0.797s seed=3
[EST DONE] 2026-05-02T12:27:41.592110 estimator=lPCA k=10 dur=5.317s seed=3
[EST DONE] 2026-05-02T12:27:42.152074 estimator=Levina-Bickel k=7 dur=1.091s seed=3
[EST DONE] 2026-05-02T12:27:42.221705 estimator=Levina-Bickel k=7 dur=0.818s seed=3
[EST DONE] 2026-05-02T12:27:42.553820 estimator=lPCA k=7 dur=5.517s seed=3
[EST DONE] 2026-05-02T12:27:42.748534 estimator=lPCA k=5 dur=4.946s seed=3
[EST DONE] 2026-05-02T12:27:43.063477 estimator=Levina-Bickel k=10 dur=0.842s seed=3
[EST DONE] 2026-05-02T12:27:43.170256 estimator=Levina-Bickel k=10 dur=1.018s seed=3
[EST DONE] 2026-05-02T12:27:43.922015 estimator=Levina-Bickel k=15 dur=0.858s seed=3
[EST DONE] 2026-05-02T12:27:44.264743 estimator=Levina-Bickel k=15 dur=1.094s seed=3
[EST DONE] 2026-05-02T12:27:44.635405 estimator=TwoNN (no-k) dur=0.713s seed=3
[EST DONE] 2026-05-02T12:27:45.278294 estimator=TwoNN (no-k) dur=1.013s seed=3
[EST DONE] 2026-05-02T12:27:46.940793 estimator=lPCA k=15 dur=5.349s seed=3
[EST DONE] 2026-05-02T12:27:47.881275 estimator=lPCA k=7 dur=5.133s seed=3
[EST DONE] 2026-05-02T12:27:48.063715 estimator=lPCA k=10 dur=5.510s seed=3
[EST DONE] 2026-05-02T12:27:48.533806 estimator=FisherS (no-k) dur=114.389s seed=3
[TASK END] 2026-05-02T12:27:48.533964 manifold=sphere d=7 sigma=1.0 seed=3 duration=7988.389s
[TASK START] 2026-05-02T12:27:48.535180 manifold=sphere d=12 sigma=0.5 n=5000 seed=3
[EST DONE] 2026-05-02T12:27:50.415152 estimator=Levina-Bickel k=3 dur=0.870s seed=3
[EST DONE] 2026-05-02T12:27:51.322692 estimator=Levina-Bickel k=5 dur=0.907s seed=3
[EST DONE] 2026-05-02T12:27:52.405114 estimator=Levina-Bickel k=7 dur=1.082s seed=3
[EST DONE] 2026-05-02T12:27:53.092487 estimator=lPCA k=10 dur=5.211s seed=3
[EST DONE] 2026-05-02T12:27:53.525144 estimator=Levina-Bickel k=10 dur=1.120s seed=3
[EST DONE] 2026-05-02T12:27:53.929322 estimator=lPCA k=15 dur=5.866s seed=3
[EST DONE] 2026-05-02T12:27:54.668084 estimator=Levina-Bickel k=15 dur=1.143s seed=3
[EST DONE] 2026-05-02T12:27:54.677758 estimator=lPCA k=3 dur=5.072s seed=3
[EST DONE] 2026-05-02T12:27:55.491156 estimator=TwoNN (no-k) dur=0.823s seed=3
[EST DONE] 2026-05-02T12:27:57.428989 estimator=lPCA k=3 dur=5.947s seed=3
[EST DONE] 2026-05-02T12:28:00.530860 estimator=lPCA k=15 dur=7.438s seed=3
[EST DONE] 2026-05-02T12:28:00.689874 estimator=lPCA k=5 dur=6.012s seed=3
[EST DONE] 2026-05-02T12:28:03.812648 estimator=lPCA k=5 dur=6.384s seed=3
[EST DONE] 2026-05-02T12:28:07.894111 estimator=lPCA k=7 dur=7.204s seed=3
[EST DONE] 2026-05-02T12:28:08.414709 estimator=lPCA k=3 dur=6.507s seed=3
[EST DONE] 2026-05-02T12:28:11.471864 estimator=lPCA k=7 dur=7.659s seed=3
[EST DONE] 2026-05-02T12:28:16.136676 estimator=lPCA k=5 dur=7.722s seed=3
[EST DONE] 2026-05-02T12:28:16.240867 estimator=lPCA k=10 dur=8.347s seed=3
[EST DONE] 2026-05-02T12:28:19.548716 estimator=lPCA k=10 dur=8.077s seed=3
[EST DONE] 2026-05-02T12:28:23.730845 estimator=lPCA k=7 dur=7.594s seed=3
[EST DONE] 2026-05-02T12:28:24.431551 estimator=lPCA k=15 dur=8.191s seed=3
[EST DONE] 2026-05-02T12:28:26.982837 estimator=lPCA k=15 dur=7.434s seed=3
[EST DONE] 2026-05-02T12:28:31.812407 estimator=lPCA k=10 dur=8.081s seed=3
[EST DONE] 2026-05-02T12:28:40.256634 estimator=lPCA k=15 dur=8.444s seed=3
[EST DONE] 2026-05-02T12:32:12.097488 estimator=DANCo k=3 dur=141.894s seed=3
[EST DONE] 2026-05-02T12:32:19.284742 estimator=DANCo k=3 dur=136.005s seed=3
[EST DONE] 2026-05-02T12:32:34.221874 estimator=DANCo k=3 dur=138.478s seed=3
[EST DONE] 2026-05-02T12:33:03.202176 estimator=DANCo k=3 dur=140.192s seed=3
[EST DONE] 2026-05-02T12:33:08.398324 estimator=DANCo k=3 dur=140.131s seed=3
[EST DONE] 2026-05-02T12:33:29.351641 estimator=DANCo k=3 dur=146.233s seed=3
[EST DONE] 2026-05-02T12:34:37.641030 estimator=DANCo k=5 dur=145.543s seed=3
[EST DONE] 2026-05-02T12:34:46.345761 estimator=DANCo k=5 dur=147.061s seed=3
[EST DONE] 2026-05-02T12:34:59.777751 estimator=DANCo k=5 dur=145.556s seed=3
[EST DONE] 2026-05-02T12:35:33.053356 estimator=DANCo k=5 dur=149.851s seed=3
[EST DONE] 2026-05-02T12:35:33.821766 estimator=DANCo k=5 dur=145.423s seed=3
[EST DONE] 2026-05-02T12:35:56.885981 estimator=DANCo k=5 dur=147.534s seed=3
[EST DONE] 2026-05-02T12:37:06.935922 estimator=DANCo k=7 dur=149.295s seed=3
[EST DONE] 2026-05-02T12:37:18.605832 estimator=DANCo k=7 dur=152.260s seed=3
[EST DONE] 2026-05-02T12:37:24.995676 estimator=DANCo k=7 dur=145.218s seed=3
[EST DONE] 2026-05-02T12:38:05.577195 estimator=DANCo k=7 dur=152.524s seed=3
[EST DONE] 2026-05-02T12:38:08.450989 estimator=DANCo k=7 dur=154.629s seed=3
[EST DONE] 2026-05-02T12:38:23.093948 estimator=DANCo k=7 dur=146.208s seed=3
[EST DONE] 2026-05-02T12:39:42.796293 estimator=DANCo k=10 dur=155.860s seed=3
[EST DONE] 2026-05-02T12:39:55.309448 estimator=DANCo k=10 dur=156.703s seed=3
[EST DONE] 2026-05-02T12:40:01.248185 estimator=DANCo k=10 dur=156.252s seed=3
[EST DONE] 2026-05-02T12:40:39.457089 estimator=DANCo k=10 dur=153.880s seed=3
[EST DONE] 2026-05-02T12:40:40.021773 estimator=DANCo k=10 dur=151.571s seed=3
[EST DONE] 2026-05-02T12:40:58.336987 estimator=DANCo k=10 dur=155.243s seed=3
[EST DONE] 2026-05-02T12:42:20.727680 estimator=DANCo k=15 dur=157.931s seed=3
[EST DONE] 2026-05-02T12:42:39.541284 estimator=DANCo k=15 dur=164.232s seed=3
[EST DONE] 2026-05-02T12:42:45.554220 estimator=DANCo k=15 dur=164.306s seed=3
[EST DONE] 2026-05-02T12:43:26.024767 estimator=DANCo k=15 dur=166.567s seed=3
[EST DONE] 2026-05-02T12:43:34.891721 estimator=DANCo k=15 dur=174.870s seed=3
[EST DONE] 2026-05-02T12:43:53.128030 estimator=DANCo k=15 dur=174.791s seed=3
[EST DONE] 2026-05-02T13:20:42.506455 estimator=MiND k=3 dur=1147.540s seed=3
[EST DONE] 2026-05-02T13:21:11.798412 estimator=MiND k=3 dur=1154.800s seed=3
[EST DONE] 2026-05-02T13:21:19.104939 estimator=MiND k=3 dur=1163.790s seed=3
[EST DONE] 2026-05-02T13:22:10.032285 estimator=MiND k=3 dur=1158.505s seed=3
[EST DONE] 2026-05-02T13:22:15.886730 estimator=MiND k=3 dur=1165.970s seed=3
[EST DONE] 2026-05-02T13:22:23.698595 estimator=MiND k=3 dur=1157.432s seed=3
[EST DONE] 2026-05-02T13:39:57.967527 estimator=MiND k=5 dur=1155.461s seed=3
[EST DONE] 2026-05-02T13:40:40.977733 estimator=MiND k=5 dur=1169.179s seed=3
[EST DONE] 2026-05-02T13:40:43.894386 estimator=MiND k=5 dur=1164.789s seed=3
[EST DONE] 2026-05-02T13:41:33.863711 estimator=MiND k=5 dur=1163.831s seed=3
[EST DONE] 2026-05-02T13:41:37.038329 estimator=MiND k=5 dur=1161.151s seed=3
[EST DONE] 2026-05-02T13:41:38.740697 estimator=MiND k=5 dur=1155.042s seed=3
[EST DONE] 2026-05-02T13:59:19.314392 estimator=MiND k=7 dur=1161.347s seed=3
[EST DONE] 2026-05-02T14:00:01.223978 estimator=MiND k=7 dur=1160.246s seed=3
[EST DONE] 2026-05-02T14:00:11.264392 estimator=MiND k=7 dur=1167.370s seed=3
[EST DONE] 2026-05-02T14:00:53.738178 estimator=MiND k=7 dur=1156.700s seed=3
[EST DONE] 2026-05-02T14:00:58.331135 estimator=MiND k=7 dur=1159.590s seed=3
[EST DONE] 2026-05-02T14:01:05.963056 estimator=MiND k=7 dur=1172.099s seed=3
[EST DONE] 2026-05-02T14:18:41.177945 estimator=MiND k=10 dur=1161.863s seed=3
[EST DONE] 2026-05-02T14:19:28.084119 estimator=MiND k=10 dur=1166.860s seed=3
[EST DONE] 2026-05-02T14:19:31.106118 estimator=MiND k=10 dur=1159.842s seed=3
[EST DONE] 2026-05-02T14:20:14.595770 estimator=MiND k=10 dur=1156.264s seed=3
[EST DONE] 2026-05-02T14:20:17.607249 estimator=MiND k=10 dur=1163.869s seed=3
[EST DONE] 2026-05-02T14:20:39.188730 estimator=MiND k=10 dur=1173.225s seed=3
[EST DONE] 2026-05-02T14:38:03.637857 estimator=MiND k=15 dur=1162.460s seed=3
[EST DONE] 2026-05-02T14:38:58.310720 estimator=MiND k=15 dur=1170.226s seed=3
[EST DONE] 2026-05-02T14:39:06.585931 estimator=MiND k=15 dur=1175.480s seed=3
[EST DONE] 2026-05-02T14:39:23.630370 estimator=MiND k=15 dur=1149.034s seed=3
[EST DONE] 2026-05-02T14:39:37.139028 estimator=MiND k=15 dur=1159.532s seed=3
[EST DONE] 2026-05-02T14:40:03.255331 estimator=MiND k=15 dur=1164.066s seed=3
[EST DONE] 2026-05-02T14:41:45.123670 estimator=FisherS (no-k) dur=221.486s seed=3
[TASK END] 2026-05-02T14:41:45.123881 manifold=sphere d=9 sigma=0.5 seed=3 duration=8074.707s
[TASK START] 2026-05-02T14:41:45.140402 manifold=sphere d=12 sigma=0.75 n=5000 seed=3
[EST DONE] 2026-05-02T14:41:48.217511 estimator=Levina-Bickel k=3 dur=1.704s seed=3
[EST DONE] 2026-05-02T14:41:49.387286 estimator=Levina-Bickel k=5 dur=1.170s seed=3
[EST DONE] 2026-05-02T14:41:50.144308 estimator=Levina-Bickel k=7 dur=0.757s seed=3
[EST DONE] 2026-05-02T14:41:51.159897 estimator=Levina-Bickel k=10 dur=1.015s seed=3
[EST DONE] 2026-05-02T14:41:52.257734 estimator=Levina-Bickel k=15 dur=1.098s seed=3
[EST DONE] 2026-05-02T14:41:53.125135 estimator=TwoNN (no-k) dur=0.867s seed=3
[EST DONE] 2026-05-02T14:42:02.917647 estimator=FisherS (no-k) dur=176.332s seed=3
[TASK END] 2026-05-02T14:42:02.917801 manifold=sphere d=9 sigma=1.0 seed=3 duration=8078.865s
[TASK START] 2026-05-02T14:42:02.919063 manifold=sphere d=12 sigma=1.0 n=5000 seed=3
[EST DONE] 2026-05-02T14:42:03.107672 estimator=lPCA k=3 dur=4.883s seed=3
[EST DONE] 2026-05-02T14:42:04.465294 estimator=Levina-Bickel k=3 dur=0.727s seed=3
[EST DONE] 2026-05-02T14:42:05.276243 estimator=Levina-Bickel k=5 dur=0.811s seed=3
[EST DONE] 2026-05-02T14:42:05.833433 estimator=FisherS (no-k) dur=162.203s seed=3
[TASK END] 2026-05-02T14:42:05.833574 manifold=sphere d=12 sigma=0.5 seed=3 duration=8057.298s
[TASK START] 2026-05-02T14:42:05.834695 manifold=sphere d=15 sigma=0.0 n=5000 seed=3
[EST DONE] 2026-05-02T14:42:06.352296 estimator=Levina-Bickel k=7 dur=1.076s seed=3
[EST DONE] 2026-05-02T14:42:07.131957 estimator=FisherS (no-k) dur=149.993s seed=3
[TASK END] 2026-05-02T14:42:07.132121 manifold=sphere d=12 sigma=0.0 seed=3 duration=8069.186s
[TASK START] 2026-05-02T14:42:07.133106 manifold=sphere d=15 sigma=0.25 n=5000 seed=3
[EST DONE] 2026-05-02T14:42:07.385903 estimator=Levina-Bickel k=10 dur=1.033s seed=3
[EST DONE] 2026-05-02T14:42:08.543386 estimator=Levina-Bickel k=15 dur=1.157s seed=3
[EST DONE] 2026-05-02T14:42:09.228934 estimator=FisherS (no-k) dur=190.918s seed=3
[TASK END] 2026-05-02T14:42:09.229138 manifold=sphere d=9 sigma=0.75 seed=3 duration=8088.660s
[TASK START] 2026-05-02T14:42:09.230397 manifold=sphere d=15 sigma=0.5 n=5000 seed=3
[EST DONE] 2026-05-02T14:42:09.456603 estimator=TwoNN (no-k) dur=0.913s seed=3
[EST DONE] 2026-05-02T14:42:09.743470 estimator=lPCA k=5 dur=6.636s seed=3
[EST DONE] 2026-05-02T14:42:09.802693 estimator=Levina-Bickel k=3 dur=2.052s seed=3
[EST DONE] 2026-05-02T14:42:10.618548 estimator=Levina-Bickel k=3 dur=1.616s seed=3
[EST DONE] 2026-05-02T14:42:12.208973 estimator=Levina-Bickel k=5 dur=2.406s seed=3
[EST DONE] 2026-05-02T14:42:12.225382 estimator=Levina-Bickel k=5 dur=1.607s seed=3
[EST DONE] 2026-05-02T14:42:13.499994 estimator=Levina-Bickel k=7 dur=1.291s seed=3
[EST DONE] 2026-05-02T14:42:14.611877 estimator=Levina-Bickel k=3 dur=2.807s seed=3
[EST DONE] 2026-05-02T14:42:14.970345 estimator=Levina-Bickel k=10 dur=1.470s seed=3
[EST DONE] 2026-05-02T14:42:14.994484 estimator=FisherS (no-k) dur=131.739s seed=3
[TASK END] 2026-05-02T14:42:14.994705 manifold=sphere d=12 sigma=0.25 seed=3 duration=8075.904s
[TASK START] 2026-05-02T14:42:14.996239 manifold=sphere d=15 sigma=0.75 n=5000 seed=3
[EST DONE] 2026-05-02T14:42:15.114406 estimator=Levina-Bickel k=7 dur=2.889s seed=3
[EST DONE] 2026-05-02T14:42:16.490312 estimator=Levina-Bickel k=10 dur=1.376s seed=3
[EST DONE] 2026-05-02T14:42:17.556778 estimator=Levina-Bickel k=5 dur=2.945s seed=3
[EST DONE] 2026-05-02T14:42:17.902320 estimator=Levina-Bickel k=15 dur=2.932s seed=3
[EST DONE] 2026-05-02T14:42:18.092753 estimator=Levina-Bickel k=15 dur=1.602s seed=3
[EST DONE] 2026-05-02T14:42:19.491193 estimator=Levina-Bickel k=3 dur=2.272s seed=3
[EST DONE] 2026-05-02T14:42:19.528821 estimator=lPCA k=7 dur=9.785s seed=3
[EST DONE] 2026-05-02T14:42:19.853574 estimator=TwoNN (no-k) dur=1.951s seed=3
[EST DONE] 2026-05-02T14:42:20.548946 estimator=TwoNN (no-k) dur=2.456s seed=3
[EST DONE] 2026-05-02T14:42:20.693616 estimator=Levina-Bickel k=7 dur=3.137s seed=3
[EST DONE] 2026-05-02T14:42:21.595090 estimator=Levina-Bickel k=5 dur=2.104s seed=3
[EST DONE] 2026-05-02T14:42:23.687703 estimator=Levina-Bickel k=7 dur=2.092s seed=3
[EST DONE] 2026-05-02T14:42:23.784944 estimator=Levina-Bickel k=10 dur=3.091s seed=3
[EST DONE] 2026-05-02T14:42:25.975841 estimator=Levina-Bickel k=10 dur=2.288s seed=3
[EST DONE] 2026-05-02T14:42:26.433328 estimator=Levina-Bickel k=15 dur=2.648s seed=3
[EST DONE] 2026-05-02T14:42:27.394520 estimator=lPCA k=3 dur=8.354s seed=3
[EST DONE] 2026-05-02T14:42:28.054777 estimator=Levina-Bickel k=15 dur=2.079s seed=3
[EST DONE] 2026-05-02T14:42:28.186915 estimator=lPCA k=10 dur=8.658s seed=3
[EST DONE] 2026-05-02T14:42:28.503375 estimator=TwoNN (no-k) dur=2.070s seed=3
[EST DONE] 2026-05-02T14:42:30.154239 estimator=TwoNN (no-k) dur=2.099s seed=3
[EST DONE] 2026-05-02T14:42:33.891865 estimator=lPCA k=5 dur=6.497s seed=3
[EST DONE] 2026-05-02T14:42:36.009564 estimator=lPCA k=15 dur=7.823s seed=3
[EST DONE] 2026-05-02T14:42:36.665675 estimator=lPCA k=3 dur=7.946s seed=3
[EST DONE] 2026-05-02T14:42:39.535940 estimator=lPCA k=3 dur=9.193s seed=3
[EST DONE] 2026-05-02T14:42:41.490081 estimator=lPCA k=7 dur=7.598s seed=3
[EST DONE] 2026-05-02T14:42:45.130978 estimator=lPCA k=5 dur=8.465s seed=3
[EST DONE] 2026-05-02T14:42:45.695767 estimator=lPCA k=3 dur=7.541s seed=3
[EST DONE] 2026-05-02T14:42:46.581331 estimator=lPCA k=3 dur=8.812s seed=3
[EST DONE] 2026-05-02T14:42:48.473136 estimator=lPCA k=10 dur=6.983s seed=3
[EST DONE] 2026-05-02T14:42:49.648718 estimator=lPCA k=5 dur=10.113s seed=3
[EST DONE] 2026-05-02T14:42:54.245000 estimator=lPCA k=5 dur=8.549s seed=3
[EST DONE] 2026-05-02T14:42:54.475477 estimator=lPCA k=7 dur=9.344s seed=3
[EST DONE] 2026-05-02T14:42:55.712841 estimator=lPCA k=5 dur=9.131s seed=3
[EST DONE] 2026-05-02T14:42:57.411368 estimator=lPCA k=7 dur=7.763s seed=3
[EST DONE] 2026-05-02T14:42:59.602827 estimator=lPCA k=15 dur=11.130s seed=3
[EST DONE] 2026-05-02T14:43:03.764747 estimator=lPCA k=7 dur=9.520s seed=3
[EST DONE] 2026-05-02T14:43:04.648074 estimator=lPCA k=10 dur=10.173s seed=3
[EST DONE] 2026-05-02T14:43:04.918914 estimator=lPCA k=7 dur=9.206s seed=3
[EST DONE] 2026-05-02T14:43:06.702542 estimator=lPCA k=10 dur=9.291s seed=3
[EST DONE] 2026-05-02T14:43:13.458899 estimator=lPCA k=10 dur=8.540s seed=3
[EST DONE] 2026-05-02T14:43:13.950781 estimator=lPCA k=10 dur=10.186s seed=3
[EST DONE] 2026-05-02T14:43:14.790377 estimator=lPCA k=15 dur=10.142s seed=3
[EST DONE] 2026-05-02T14:43:15.302840 estimator=lPCA k=15 dur=8.600s seed=3
[EST DONE] 2026-05-02T14:43:24.081171 estimator=lPCA k=15 dur=10.130s seed=3
[EST DONE] 2026-05-02T14:43:25.002769 estimator=lPCA k=15 dur=11.544s seed=3
[EST DONE] 2026-05-02T14:47:15.402401 estimator=DANCo k=3 dur=144.294s seed=3
[EST DONE] 2026-05-02T14:47:43.574769 estimator=DANCo k=3 dur=145.064s seed=3
[EST DONE] 2026-05-02T14:48:11.211059 estimator=DANCo k=3 dur=144.540s seed=3
[EST DONE] 2026-05-02T14:48:18.143922 estimator=DANCo k=3 dur=147.382s seed=3
[EST DONE] 2026-05-02T14:48:20.472715 estimator=DANCo k=3 dur=151.687s seed=3
[EST DONE] 2026-05-02T14:48:22.053527 estimator=DANCo k=3 dur=147.958s seed=3
[EST DONE] 2026-05-02T14:49:44.795289 estimator=DANCo k=5 dur=149.393s seed=3
[EST DONE] 2026-05-02T14:50:10.291228 estimator=DANCo k=5 dur=146.716s seed=3
[EST DONE] 2026-05-02T14:50:47.593960 estimator=DANCo k=5 dur=149.450s seed=3
[EST DONE] 2026-05-02T14:50:47.720539 estimator=DANCo k=5 dur=147.248s seed=3
[EST DONE] 2026-05-02T14:50:48.692024 estimator=DANCo k=5 dur=157.481s seed=3
[EST DONE] 2026-05-02T14:50:56.738329 estimator=DANCo k=5 dur=154.685s seed=3
[EST DONE] 2026-05-02T14:52:23.631501 estimator=DANCo k=7 dur=158.836s seed=3
[EST DONE] 2026-05-02T14:52:41.512404 estimator=DANCo k=7 dur=151.221s seed=3
[EST DONE] 2026-05-02T14:53:22.876578 estimator=DANCo k=7 dur=155.156s seed=3
[EST DONE] 2026-05-02T14:53:24.154977 estimator=DANCo k=7 dur=156.561s seed=3
[EST DONE] 2026-05-02T14:53:26.987883 estimator=DANCo k=7 dur=158.296s seed=3
[EST DONE] 2026-05-02T14:53:34.433669 estimator=DANCo k=7 dur=157.695s seed=3
[EST DONE] 2026-05-02T14:55:01.390399 estimator=DANCo k=10 dur=157.759s seed=3
[EST DONE] 2026-05-02T14:55:19.030663 estimator=DANCo k=10 dur=157.518s seed=3
[EST DONE] 2026-05-02T14:56:00.823647 estimator=DANCo k=10 dur=157.947s seed=3
[EST DONE] 2026-05-02T14:56:04.671753 estimator=DANCo k=10 dur=160.517s seed=3
[EST DONE] 2026-05-02T14:56:06.770241 estimator=DANCo k=10 dur=159.782s seed=3
[EST DONE] 2026-05-02T14:56:10.864812 estimator=DANCo k=10 dur=156.431s seed=3
[EST DONE] 2026-05-02T14:57:50.988006 estimator=DANCo k=15 dur=169.597s seed=3
[EST DONE] 2026-05-02T14:58:10.929871 estimator=DANCo k=15 dur=171.899s seed=3
[EST DONE] 2026-05-02T14:58:55.473221 estimator=DANCo k=15 dur=174.649s seed=3
[EST DONE] 2026-05-02T14:58:57.507911 estimator=DANCo k=15 dur=172.836s seed=3
[EST DONE] 2026-05-02T14:58:58.994515 estimator=DANCo k=15 dur=172.224s seed=3
[EST DONE] 2026-05-02T14:58:59.978851 estimator=DANCo k=15 dur=169.114s seed=3
[EST DONE] 2026-05-02T15:36:23.760474 estimator=MiND k=3 dur=1154.740s seed=3
[EST DONE] 2026-05-02T15:36:55.390504 estimator=MiND k=3 dur=1161.806s seed=3
[EST DONE] 2026-05-02T15:37:39.468903 estimator=MiND k=3 dur=1162.080s seed=3
[EST DONE] 2026-05-02T15:37:43.365625 estimator=MiND k=3 dur=1162.993s seed=3
[EST DONE] 2026-05-02T15:37:44.883201 estimator=MiND k=3 dur=1162.432s seed=3
[EST DONE] 2026-05-02T15:37:53.016308 estimator=MiND k=3 dur=1169.108s seed=3
[EST DONE] 2026-05-02T15:55:56.437775 estimator=MiND k=5 dur=1172.677s seed=3
[EST DONE] 2026-05-02T15:56:22.346901 estimator=MiND k=5 dur=1166.956s seed=3
[EST DONE] 2026-05-02T15:57:02.534437 estimator=MiND k=5 dur=1157.651s seed=3
[EST DONE] 2026-05-02T15:57:06.591104 estimator=MiND k=5 dur=1167.122s seed=3
[EST DONE] 2026-05-02T15:57:07.667769 estimator=MiND k=5 dur=1164.302s seed=3
[EST DONE] 2026-05-02T15:57:15.222022 estimator=MiND k=5 dur=1162.206s seed=3
[EST DONE] 2026-05-02T16:15:24.695047 estimator=MiND k=7 dur=1168.257s seed=3
[EST DONE] 2026-05-02T16:15:36.573063 estimator=MiND k=7 dur=1154.226s seed=3
[EST DONE] 2026-05-02T16:16:33.654135 estimator=MiND k=7 dur=1165.986s seed=3
[EST DONE] 2026-05-02T16:16:35.964586 estimator=MiND k=7 dur=1169.373s seed=3
[EST DONE] 2026-05-02T16:16:37.401453 estimator=MiND k=7 dur=1162.179s seed=3
[EST DONE] 2026-05-02T16:16:37.814805 estimator=MiND k=7 dur=1175.280s seed=3
[EST DONE] 2026-05-02T16:34:45.057060 estimator=MiND k=10 dur=1160.362s seed=3
[EST DONE] 2026-05-02T16:35:01.595817 estimator=MiND k=10 dur=1165.023s seed=3
[EST DONE] 2026-05-02T16:36:01.384526 estimator=MiND k=10 dur=1163.570s seed=3
[EST DONE] 2026-05-02T16:36:01.685595 estimator=MiND k=10 dur=1168.031s seed=3
[EST DONE] 2026-05-02T16:36:02.181618 estimator=MiND k=10 dur=1164.780s seed=3
[EST DONE] 2026-05-02T16:36:09.180705 estimator=MiND k=10 dur=1173.216s seed=3
[EST DONE] 2026-05-02T16:54:05.188990 estimator=MiND k=15 dur=1160.132s seed=3
[EST DONE] 2026-05-02T16:54:24.465430 estimator=MiND k=15 dur=1162.869s seed=3
[EST DONE] 2026-05-02T16:55:14.667381 estimator=MiND k=15 dur=1153.283s seed=3
[EST DONE] 2026-05-02T16:55:20.323642 estimator=MiND k=15 dur=1158.638s seed=3
[EST DONE] 2026-05-02T16:55:27.355626 estimator=MiND k=15 dur=1165.174s seed=3
[EST DONE] 2026-05-02T16:55:31.935970 estimator=MiND k=15 dur=1162.755s seed=3
[EST DONE] 2026-05-02T16:55:46.704453 estimator=FisherS (no-k) dur=101.515s seed=3
[TASK END] 2026-05-02T16:55:46.704581 manifold=sphere d=12 sigma=0.75 seed=3 duration=8041.564s
[TASK START] 2026-05-02T16:55:46.705867 manifold=sphere d=15 sigma=1.0 n=5000 seed=3
[EST DONE] 2026-05-02T16:55:49.438073 estimator=Levina-Bickel k=3 dur=1.162s seed=3
[EST DONE] 2026-05-02T16:55:51.188422 estimator=Levina-Bickel k=5 dur=1.750s seed=3
[EST DONE] 2026-05-02T16:55:53.391518 estimator=Levina-Bickel k=7 dur=2.203s seed=3
[EST DONE] 2026-05-02T16:55:54.534598 estimator=FisherS (no-k) dur=90.069s seed=3
[TASK END] 2026-05-02T16:55:54.534735 manifold=sphere d=12 sigma=1.0 seed=3 duration=8031.616s
[TASK START] 2026-05-02T16:55:54.544384 manifold=torus d=5 sigma=0.0 n=5000 seed=3
[EST DONE] 2026-05-02T16:55:55.327914 estimator=Levina-Bickel k=10 dur=1.936s seed=3
[EST DONE] 2026-05-02T16:55:55.584998 estimator=Levina-Bickel k=3 dur=0.608s seed=3
[EST DONE] 2026-05-02T16:55:56.109999 estimator=Levina-Bickel k=5 dur=0.525s seed=3
[EST DONE] 2026-05-02T16:55:56.635651 estimator=Levina-Bickel k=7 dur=0.526s seed=3
[EST DONE] 2026-05-02T16:55:57.443118 estimator=Levina-Bickel k=10 dur=0.807s seed=3
[EST DONE] 2026-05-02T16:55:57.532039 estimator=Levina-Bickel k=15 dur=2.204s seed=3
[EST DONE] 2026-05-02T16:55:58.209852 estimator=Levina-Bickel k=15 dur=0.767s seed=3
[EST DONE] 2026-05-02T16:55:58.510709 estimator=TwoNN (no-k) dur=0.301s seed=3
[EST DONE] 2026-05-02T16:55:59.500763 estimator=TwoNN (no-k) dur=1.969s seed=3
[EST DONE] 2026-05-02T16:56:13.018165 estimator=lPCA k=3 dur=7.610s seed=3
[EST DONE] 2026-05-02T16:56:17.872601 estimator=lPCA k=5 dur=4.854s seed=3
[EST DONE] 2026-05-02T16:56:19.155291 estimator=lPCA k=3 dur=9.400s seed=3
[EST DONE] 2026-05-02T16:56:24.634490 estimator=lPCA k=7 dur=6.762s seed=3
[EST DONE] 2026-05-02T16:56:31.532429 estimator=lPCA k=5 dur=12.377s seed=3
[EST DONE] 2026-05-02T16:56:32.329601 estimator=lPCA k=10 dur=7.695s seed=3
[EST DONE] 2026-05-02T16:56:37.048649 estimator=lPCA k=15 dur=4.719s seed=3
[EST DONE] 2026-05-02T16:56:38.238374 estimator=lPCA k=7 dur=6.706s seed=3
[EST DONE] 2026-05-02T16:56:41.334165 estimator=FisherS (no-k) dur=81.010s seed=3
[TASK END] 2026-05-02T16:56:41.334282 manifold=sphere d=15 sigma=0.0 seed=3 duration=8075.500s
[TASK START] 2026-05-02T16:56:41.335584 manifold=torus d=5 sigma=0.25 n=5000 seed=3
[EST DONE] 2026-05-02T16:56:42.124969 estimator=FisherS (no-k) dur=87.457s seed=3
[TASK END] 2026-05-02T16:56:42.125120 manifold=sphere d=15 sigma=0.75 seed=3 duration=8067.129s
[TASK START] 2026-05-02T16:56:42.125828 manifold=torus d=5 sigma=0.5 n=5000 seed=3
[EST DONE] 2026-05-02T16:56:42.338100 estimator=Levina-Bickel k=3 dur=0.464s seed=3
[EST DONE] 2026-05-02T16:56:42.712157 estimator=Levina-Bickel k=5 dur=0.374s seed=3
[EST DONE] 2026-05-02T16:56:42.842409 estimator=Levina-Bickel k=3 dur=0.407s seed=3
[EST DONE] 2026-05-02T16:56:43.130046 estimator=Levina-Bickel k=7 dur=0.418s seed=3
[EST DONE] 2026-05-02T16:56:43.296536 estimator=Levina-Bickel k=5 dur=0.454s seed=3
[EST DONE] 2026-05-02T16:56:43.666728 estimator=Levina-Bickel k=10 dur=0.537s seed=3
[EST DONE] 2026-05-02T16:56:43.788708 estimator=Levina-Bickel k=7 dur=0.492s seed=3
[EST DONE] 2026-05-02T16:56:44.192037 estimator=FisherS (no-k) dur=76.836s seed=3
[TASK END] 2026-05-02T16:56:44.192205 manifold=sphere d=15 sigma=0.5 seed=3 duration=8074.962s
[TASK START] 2026-05-02T16:56:44.193379 manifold=torus d=5 sigma=0.75 n=5000 seed=3
[EST DONE] 2026-05-02T16:56:44.470017 estimator=FisherS (no-k) dur=72.534s seed=3
[TASK END] 2026-05-02T16:56:44.470115 manifold=sphere d=15 sigma=0.25 seed=3 duration=8077.337s
[TASK START] 2026-05-02T16:56:44.471161 manifold=torus d=5 sigma=1.0 n=5000 seed=3
[EST DONE] 2026-05-02T16:56:44.502182 estimator=Levina-Bickel k=15 dur=0.835s seed=3
[EST DONE] 2026-05-02T16:56:44.526610 estimator=Levina-Bickel k=10 dur=0.738s seed=3
[EST DONE] 2026-05-02T16:56:44.945457 estimator=TwoNN (no-k) dur=0.443s seed=3
[EST DONE] 2026-05-02T16:56:45.153615 estimator=Levina-Bickel k=15 dur=0.627s seed=3
[EST DONE] 2026-05-02T16:56:45.251180 estimator=Levina-Bickel k=3 dur=0.594s seed=3
[EST DONE] 2026-05-02T16:56:45.417157 estimator=Levina-Bickel k=3 dur=0.470s seed=3
[EST DONE] 2026-05-02T16:56:45.497653 estimator=lPCA k=10 dur=7.259s seed=3
[EST DONE] 2026-05-02T16:56:45.549095 estimator=TwoNN (no-k) dur=0.395s seed=3
[EST DONE] 2026-05-02T16:56:45.936848 estimator=Levina-Bickel k=5 dur=0.520s seed=3
[EST DONE] 2026-05-02T16:56:46.056520 estimator=Levina-Bickel k=5 dur=0.805s seed=3
[EST DONE] 2026-05-02T16:56:46.683291 estimator=Levina-Bickel k=7 dur=0.746s seed=3
[EST DONE] 2026-05-02T16:56:46.874335 estimator=Levina-Bickel k=7 dur=0.818s seed=3
[EST DONE] 2026-05-02T16:56:47.399259 estimator=Levina-Bickel k=10 dur=0.716s seed=3
[EST DONE] 2026-05-02T16:56:47.834574 estimator=Levina-Bickel k=10 dur=0.960s seed=3
[EST DONE] 2026-05-02T16:56:48.602061 estimator=Levina-Bickel k=15 dur=1.203s seed=3
[EST DONE] 2026-05-02T16:56:48.686441 estimator=Levina-Bickel k=15 dur=0.852s seed=3
[EST DONE] 2026-05-02T16:56:49.374396 estimator=TwoNN (no-k) dur=0.772s seed=3
[EST DONE] 2026-05-02T16:56:49.640129 estimator=TwoNN (no-k) dur=0.954s seed=3
[EST DONE] 2026-05-02T16:56:53.710425 estimator=lPCA k=15 dur=8.213s seed=3
[EST DONE] 2026-05-02T16:56:55.857660 estimator=lPCA k=3 dur=5.158s seed=3
[EST DONE] 2026-05-02T16:56:57.270794 estimator=lPCA k=3 dur=6.513s seed=3
[EST DONE] 2026-05-02T16:56:59.967634 estimator=lPCA k=3 dur=5.531s seed=3
[EST DONE] 2026-05-02T16:57:00.132400 estimator=lPCA k=3 dur=5.473s seed=3
[EST DONE] 2026-05-02T16:57:01.239750 estimator=lPCA k=5 dur=5.382s seed=3
[EST DONE] 2026-05-02T16:57:02.419558 estimator=lPCA k=5 dur=5.149s seed=3
[EST DONE] 2026-05-02T16:57:05.425263 estimator=lPCA k=5 dur=5.458s seed=3
[EST DONE] 2026-05-02T16:57:05.790981 estimator=lPCA k=5 dur=5.658s seed=3
[EST DONE] 2026-05-02T16:57:06.887554 estimator=lPCA k=7 dur=5.648s seed=3
[EST DONE] 2026-05-02T16:57:07.945234 estimator=lPCA k=7 dur=5.526s seed=3
[EST DONE] 2026-05-02T16:57:11.358181 estimator=lPCA k=7 dur=5.933s seed=3
[EST DONE] 2026-05-02T16:57:11.650233 estimator=lPCA k=7 dur=5.859s seed=3
[EST DONE] 2026-05-02T16:57:13.511202 estimator=lPCA k=10 dur=6.624s seed=3
[EST DONE] 2026-05-02T16:57:14.902323 estimator=lPCA k=10 dur=6.957s seed=3
[EST DONE] 2026-05-02T16:57:17.989718 estimator=lPCA k=10 dur=6.631s seed=3
[EST DONE] 2026-05-02T16:57:18.403546 estimator=lPCA k=10 dur=6.753s seed=3
[EST DONE] 2026-05-02T16:57:20.041968 estimator=lPCA k=15 dur=6.531s seed=3
[EST DONE] 2026-05-02T16:57:21.777201 estimator=lPCA k=15 dur=6.875s seed=3
[EST DONE] 2026-05-02T16:57:24.501657 estimator=lPCA k=15 dur=6.512s seed=3
[EST DONE] 2026-05-02T16:57:25.547211 estimator=lPCA k=15 dur=7.144s seed=3
[EST DONE] 2026-05-02T17:00:53.330648 estimator=DANCo k=3 dur=135.403s seed=3
[EST DONE] 2026-05-02T17:01:30.401811 estimator=DANCo k=3 dur=140.256s seed=3
[EST DONE] 2026-05-02T17:02:03.375222 estimator=DANCo k=3 dur=144.910s seed=3
[EST DONE] 2026-05-02T17:02:05.136214 estimator=DANCo k=3 dur=140.936s seed=3
[EST DONE] 2026-05-02T17:02:12.188369 estimator=DANCo k=3 dur=142.263s seed=3
[EST DONE] 2026-05-02T17:02:15.309324 estimator=DANCo k=3 dur=146.402s seed=3
[EST DONE] 2026-05-02T17:03:21.513870 estimator=DANCo k=5 dur=148.183s seed=3
[EST DONE] 2026-05-02T17:03:55.669946 estimator=DANCo k=5 dur=145.268s seed=3
[EST DONE] 2026-05-02T17:04:28.292296 estimator=DANCo k=5 dur=144.917s seed=3
[EST DONE] 2026-05-02T17:04:33.079070 estimator=DANCo k=5 dur=147.943s seed=3
[EST DONE] 2026-05-02T17:04:43.115302 estimator=DANCo k=5 dur=150.927s seed=3
[EST DONE] 2026-05-02T17:04:44.936358 estimator=DANCo k=5 dur=149.627s seed=3
[EST DONE] 2026-05-02T17:05:49.328124 estimator=DANCo k=7 dur=147.814s seed=3
[EST DONE] 2026-05-02T17:06:22.669326 estimator=DANCo k=7 dur=146.999s seed=3
[EST DONE] 2026-05-02T17:06:57.287430 estimator=DANCo k=7 dur=148.995s seed=3
[EST DONE] 2026-05-02T17:07:07.587121 estimator=DANCo k=7 dur=154.508s seed=3
[EST DONE] 2026-05-02T17:07:16.767204 estimator=DANCo k=7 dur=153.652s seed=3
[EST DONE] 2026-05-02T17:07:17.625746 estimator=DANCo k=7 dur=152.689s seed=3
[EST DONE] 2026-05-02T17:08:26.703664 estimator=DANCo k=10 dur=157.375s seed=3
[EST DONE] 2026-05-02T17:08:58.856756 estimator=DANCo k=10 dur=156.187s seed=3
[EST DONE] 2026-05-02T17:09:31.944199 estimator=DANCo k=10 dur=154.657s seed=3
[EST DONE] 2026-05-02T17:09:42.566022 estimator=DANCo k=10 dur=154.979s seed=3
[EST DONE] 2026-05-02T17:09:50.279824 estimator=DANCo k=10 dur=153.512s seed=3
[EST DONE] 2026-05-02T17:09:53.067173 estimator=DANCo k=10 dur=155.441s seed=3
[EST DONE] 2026-05-02T17:11:08.916921 estimator=DANCo k=15 dur=162.213s seed=3
[EST DONE] 2026-05-02T17:11:53.852273 estimator=DANCo k=15 dur=174.995s seed=3
[EST DONE] 2026-05-02T17:12:19.758466 estimator=DANCo k=15 dur=167.814s seed=3
[EST DONE] 2026-05-02T17:12:27.409567 estimator=DANCo k=15 dur=164.843s seed=3
[EST DONE] 2026-05-02T17:12:42.879801 estimator=DANCo k=15 dur=169.813s seed=3
[EST DONE] 2026-05-02T17:12:44.701415 estimator=DANCo k=15 dur=174.421s seed=3
[EST DONE] 2026-05-02T17:49:38.723226 estimator=MiND k=3 dur=1160.447s seed=3
[EST DONE] 2026-05-02T17:50:24.531309 estimator=MiND k=3 dur=1161.854s seed=3
[EST DONE] 2026-05-02T17:50:58.791475 estimator=MiND k=3 dur=1156.779s seed=3
[EST DONE] 2026-05-02T17:51:12.864818 estimator=MiND k=3 dur=1163.580s seed=3
[EST DONE] 2026-05-02T17:51:25.132017 estimator=MiND k=3 dur=1165.349s seed=3
[EST DONE] 2026-05-02T17:51:31.687593 estimator=MiND k=3 dur=1164.050s seed=3
[EST DONE] 2026-05-02T18:09:05.188556 estimator=MiND k=5 dur=1166.465s seed=3
[EST DONE] 2026-05-02T18:09:48.412102 estimator=MiND k=5 dur=1163.881s seed=3
[EST DONE] 2026-05-02T18:10:23.233146 estimator=MiND k=5 dur=1164.442s seed=3
[EST DONE] 2026-05-02T18:10:27.323924 estimator=MiND k=5 dur=1154.459s seed=3
[EST DONE] 2026-05-02T18:10:39.346986 estimator=MiND k=5 dur=1154.215s seed=3
[EST DONE] 2026-05-02T18:10:56.204157 estimator=MiND k=5 dur=1164.516s seed=3
[EST DONE] 2026-05-02T18:28:32.358954 estimator=MiND k=7 dur=1167.170s seed=3
[EST DONE] 2026-05-02T18:29:12.433212 estimator=MiND k=7 dur=1164.021s seed=3
[EST DONE] 2026-05-02T18:29:43.344376 estimator=MiND k=7 dur=1160.111s seed=3
[EST DONE] 2026-05-02T18:29:52.844802 estimator=MiND k=7 dur=1165.521s seed=3
[EST DONE] 2026-05-02T18:30:00.070642 estimator=MiND k=7 dur=1160.723s seed=3
[EST DONE] 2026-05-02T18:30:25.558059 estimator=MiND k=7 dur=1169.354s seed=3
[EST DONE] 2026-05-02T18:47:57.158299 estimator=MiND k=10 dur=1164.799s seed=3
[EST DONE] 2026-05-02T18:48:33.849081 estimator=MiND k=10 dur=1161.416s seed=3
[EST DONE] 2026-05-02T18:49:08.524684 estimator=MiND k=10 dur=1165.180s seed=3
[EST DONE] 2026-05-02T18:49:19.274774 estimator=MiND k=10 dur=1166.430s seed=3
[EST DONE] 2026-05-02T18:49:22.234768 estimator=MiND k=10 dur=1162.164s seed=3
[EST DONE] 2026-05-02T18:49:42.680369 estimator=MiND k=10 dur=1157.122s seed=3
[EST DONE] 2026-05-02T19:07:16.384211 estimator=MiND k=15 dur=1159.226s seed=3
[EST DONE] 2026-05-02T19:07:57.058018 estimator=MiND k=15 dur=1163.209s seed=3
[EST DONE] 2026-05-02T19:08:21.248854 estimator=MiND k=15 dur=1152.724s seed=3
[EST DONE] 2026-05-02T19:08:28.931557 estimator=FisherS (no-k) dur=72.547s seed=3
[TASK END] 2026-05-02T19:08:28.931702 manifold=torus d=5 sigma=0.0 seed=3 duration=7954.387s
[TASK START] 2026-05-02T19:08:28.957064 manifold=torus d=7 sigma=0.0 n=5000 seed=3
[EST DONE] 2026-05-02T19:08:31.668396 estimator=Levina-Bickel k=3 dur=1.024s seed=3
[EST DONE] 2026-05-02T19:08:33.831452 estimator=Levina-Bickel k=5 dur=2.163s seed=3
[EST DONE] 2026-05-02T19:08:34.937527 estimator=MiND k=15 dur=1155.663s seed=3
[EST DONE] 2026-05-02T19:08:35.323846 estimator=Levina-Bickel k=7 dur=1.492s seed=3
[EST DONE] 2026-05-02T19:08:36.738332 estimator=Levina-Bickel k=10 dur=1.414s seed=3
[EST DONE] 2026-05-02T19:08:39.371554 estimator=Levina-Bickel k=15 dur=2.633s seed=3
[EST DONE] 2026-05-02T19:08:42.377304 estimator=TwoNN (no-k) dur=3.006s seed=3
[EST DONE] 2026-05-02T19:08:44.506240 estimator=MiND k=15 dur=1162.271s seed=3
[EST DONE] 2026-05-02T19:08:52.466187 estimator=MiND k=15 dur=1149.786s seed=3
[EST DONE] 2026-05-02T19:09:01.789644 estimator=lPCA k=3 dur=6.180s seed=3
[EST DONE] 2026-05-02T19:09:02.645784 estimator=FisherS (no-k) dur=65.588s seed=3
[TASK END] 2026-05-02T19:09:02.645897 manifold=sphere d=15 sigma=1.0 seed=3 duration=7995.940s
[TASK START] 2026-05-02T19:09:02.646436 manifold=torus d=7 sigma=0.25 n=5000 seed=3
[EST DONE] 2026-05-02T19:09:04.170005 estimator=Levina-Bickel k=3 dur=0.813s seed=3
[EST DONE] 2026-05-02T19:09:05.015363 estimator=Levina-Bickel k=5 dur=0.845s seed=3
[EST DONE] 2026-05-02T19:09:06.206469 estimator=Levina-Bickel k=7 dur=1.191s seed=3
[EST DONE] 2026-05-02T19:09:07.602975 estimator=Levina-Bickel k=10 dur=1.396s seed=3
[EST DONE] 2026-05-02T19:09:07.686837 estimator=lPCA k=5 dur=5.897s seed=3
[EST DONE] 2026-05-02T19:09:07.859338 estimator=FisherS (no-k) dur=46.610s seed=3
[TASK END] 2026-05-02T19:09:07.859490 manifold=torus d=5 sigma=0.25 seed=3 duration=7946.524s
[TASK START] 2026-05-02T19:09:07.860671 manifold=torus d=7 sigma=0.5 n=5000 seed=3
[EST DONE] 2026-05-02T19:09:08.910636 estimator=Levina-Bickel k=15 dur=1.308s seed=3
[EST DONE] 2026-05-02T19:09:09.815139 estimator=TwoNN (no-k) dur=0.904s seed=3
[EST DONE] 2026-05-02T19:09:09.871273 estimator=Levina-Bickel k=3 dur=0.986s seed=3
[EST DONE] 2026-05-02T19:09:10.899759 estimator=Levina-Bickel k=5 dur=1.028s seed=3
[EST DONE] 2026-05-02T19:09:12.221026 estimator=Levina-Bickel k=7 dur=1.321s seed=3
[EST DONE] 2026-05-02T19:09:13.440384 estimator=Levina-Bickel k=10 dur=1.219s seed=3
[EST DONE] 2026-05-02T19:09:14.121164 estimator=lPCA k=7 dur=6.434s seed=3
[EST DONE] 2026-05-02T19:09:14.779411 estimator=Levina-Bickel k=15 dur=1.339s seed=3
[EST DONE] 2026-05-02T19:09:15.839123 estimator=TwoNN (no-k) dur=1.060s seed=3
[EST DONE] 2026-05-02T19:09:20.773770 estimator=lPCA k=10 dur=6.652s seed=3
[EST DONE] 2026-05-02T19:09:23.024878 estimator=lPCA k=3 dur=7.348s seed=3
[EST DONE] 2026-05-02T19:09:28.717423 estimator=lPCA k=15 dur=7.943s seed=3
[EST DONE] 2026-05-02T19:09:29.528463 estimator=lPCA k=5 dur=6.503s seed=3
[EST DONE] 2026-05-02T19:09:30.880544 estimator=lPCA k=3 dur=8.208s seed=3
[EST DONE] 2026-05-02T19:09:35.575338 estimator=lPCA k=7 dur=6.047s seed=3
[EST DONE] 2026-05-02T19:09:40.948114 estimator=lPCA k=5 dur=10.067s seed=3
[EST DONE] 2026-05-02T19:09:44.962262 estimator=lPCA k=10 dur=9.387s seed=3
[EST DONE] 2026-05-02T19:09:50.325948 estimator=lPCA k=7 dur=9.378s seed=3
[EST DONE] 2026-05-02T19:09:55.761810 estimator=lPCA k=15 dur=10.799s seed=3
[EST DONE] 2026-05-02T19:09:57.708716 estimator=lPCA k=10 dur=7.383s seed=3
[EST DONE] 2026-05-02T19:10:03.759504 estimator=lPCA k=15 dur=6.051s seed=3
[EST DONE] 2026-05-02T19:10:06.255195 estimator=FisherS (no-k) dur=91.317s seed=3
[TASK END] 2026-05-02T19:10:06.255362 manifold=torus d=5 sigma=0.5 seed=3 duration=8004.130s
[TASK START] 2026-05-02T19:10:06.257020 manifold=torus d=7 sigma=0.75 n=5000 seed=3
[EST DONE] 2026-05-02T19:10:08.041274 estimator=FisherS (no-k) dur=75.575s seed=3
[TASK END] 2026-05-02T19:10:08.041394 manifold=torus d=5 sigma=0.75 seed=3 duration=8003.848s
[TASK START] 2026-05-02T19:10:08.041954 manifold=torus d=7 sigma=1.0 n=5000 seed=3
[EST DONE] 2026-05-02T19:10:09.267476 estimator=Levina-Bickel k=3 dur=1.609s seed=3
[EST DONE] 2026-05-02T19:10:10.408030 estimator=Levina-Bickel k=3 dur=1.048s seed=3
[EST DONE] 2026-05-02T19:10:10.490071 estimator=Levina-Bickel k=5 dur=1.222s seed=3
[EST DONE] 2026-05-02T19:10:11.977680 estimator=Levina-Bickel k=5 dur=1.565s seed=3
[EST DONE] 2026-05-02T19:10:11.979170 estimator=FisherS (no-k) dur=87.473s seed=3
[TASK END] 2026-05-02T19:10:11.979285 manifold=torus d=5 sigma=1.0 seed=3 duration=8007.508s
[TASK START] 2026-05-02T19:10:11.980421 manifold=torus d=9 sigma=0.0 n=5000 seed=3
[EST DONE] 2026-05-02T19:10:12.043848 estimator=Levina-Bickel k=7 dur=1.554s seed=3
[EST DONE] 2026-05-02T19:10:14.032002 estimator=Levina-Bickel k=7 dur=2.054s seed=3
[EST DONE] 2026-05-02T19:10:14.368508 estimator=Levina-Bickel k=10 dur=2.325s seed=3
[EST DONE] 2026-05-02T19:10:15.095565 estimator=Levina-Bickel k=3 dur=1.373s seed=3
[EST DONE] 2026-05-02T19:10:15.473476 estimator=Levina-Bickel k=10 dur=1.441s seed=3
[EST DONE] 2026-05-02T19:10:15.994091 estimator=Levina-Bickel k=15 dur=1.625s seed=3
[EST DONE] 2026-05-02T19:10:16.431734 estimator=Levina-Bickel k=5 dur=1.336s seed=3
[EST DONE] 2026-05-02T19:10:17.305046 estimator=Levina-Bickel k=15 dur=1.831s seed=3
[EST DONE] 2026-05-02T19:10:17.491652 estimator=TwoNN (no-k) dur=1.497s seed=3
[EST DONE] 2026-05-02T19:10:17.877340 estimator=Levina-Bickel k=7 dur=1.445s seed=3
[EST DONE] 2026-05-02T19:10:18.809722 estimator=TwoNN (no-k) dur=1.504s seed=3
[EST DONE] 2026-05-02T19:10:19.588825 estimator=Levina-Bickel k=10 dur=1.711s seed=3
[EST DONE] 2026-05-02T19:10:21.142411 estimator=Levina-Bickel k=15 dur=1.553s seed=3
[EST DONE] 2026-05-02T19:10:22.409418 estimator=TwoNN (no-k) dur=1.267s seed=3
[EST DONE] 2026-05-02T19:10:33.017924 estimator=lPCA k=3 dur=7.299s seed=3
[EST DONE] 2026-05-02T19:10:35.711034 estimator=lPCA k=3 dur=8.065s seed=3
[EST DONE] 2026-05-02T19:10:40.325773 estimator=lPCA k=3 dur=8.728s seed=3
[EST DONE] 2026-05-02T19:10:40.830970 estimator=lPCA k=5 dur=7.813s seed=3
[EST DONE] 2026-05-02T19:10:42.943496 estimator=lPCA k=5 dur=7.232s seed=3
[EST DONE] 2026-05-02T19:10:48.211091 estimator=lPCA k=7 dur=7.380s seed=3
[EST DONE] 2026-05-02T19:10:49.940417 estimator=lPCA k=5 dur=9.615s seed=3
[EST DONE] 2026-05-02T19:10:50.162216 estimator=lPCA k=7 dur=7.219s seed=3
[EST DONE] 2026-05-02T19:10:56.845092 estimator=lPCA k=10 dur=8.634s seed=3
[EST DONE] 2026-05-02T19:10:57.822564 estimator=lPCA k=10 dur=7.660s seed=3
[EST DONE] 2026-05-02T19:10:59.009540 estimator=lPCA k=7 dur=9.069s seed=3
[EST DONE] 2026-05-02T19:11:05.641097 estimator=lPCA k=15 dur=8.796s seed=3
[EST DONE] 2026-05-02T19:11:07.351784 estimator=lPCA k=15 dur=9.529s seed=3
[EST DONE] 2026-05-02T19:11:09.303313 estimator=lPCA k=10 dur=10.294s seed=3
[EST DONE] 2026-05-02T19:11:18.726438 estimator=lPCA k=15 dur=9.423s seed=3
[EST DONE] 2026-05-02T19:13:57.705486 estimator=DANCo k=3 dur=143.303s seed=3
[EST DONE] 2026-05-02T19:14:22.590382 estimator=DANCo k=3 dur=138.994s seed=3
[EST DONE] 2026-05-02T19:14:43.658205 estimator=DANCo k=3 dur=144.017s seed=3
[EST DONE] 2026-05-02T19:15:48.782848 estimator=DANCo k=3 dur=139.542s seed=3
[EST DONE] 2026-05-02T19:15:50.581688 estimator=DANCo k=3 dur=143.045s seed=3
[EST DONE] 2026-05-02T19:16:01.712401 estimator=DANCo k=3 dur=139.542s seed=3
[EST DONE] 2026-05-02T19:16:32.645317 estimator=DANCo k=5 dur=154.940s seed=3
[EST DONE] 2026-05-02T19:16:53.633879 estimator=DANCo k=5 dur=151.043s seed=3
[EST DONE] 2026-05-02T19:17:12.158333 estimator=DANCo k=5 dur=148.500s seed=3
[EST DONE] 2026-05-02T19:18:14.905979 estimator=DANCo k=5 dur=144.324s seed=3
[EST DONE] 2026-05-02T19:18:17.289669 estimator=DANCo k=5 dur=148.507s seed=3
[EST DONE] 2026-05-02T19:18:30.665978 estimator=DANCo k=5 dur=148.953s seed=3
[EST DONE] 2026-05-02T19:19:05.023575 estimator=DANCo k=7 dur=152.378s seed=3
[EST DONE] 2026-05-02T19:19:33.971491 estimator=DANCo k=7 dur=160.337s seed=3
[EST DONE] 2026-05-02T19:19:44.017833 estimator=DANCo k=7 dur=151.859s seed=3
[EST DONE] 2026-05-02T19:20:44.785157 estimator=DANCo k=7 dur=149.879s seed=3
[EST DONE] 2026-05-02T19:20:50.566450 estimator=DANCo k=7 dur=153.277s seed=3
[EST DONE] 2026-05-02T19:20:57.273395 estimator=DANCo k=7 dur=146.607s seed=3
[EST DONE] 2026-05-02T19:21:44.712346 estimator=DANCo k=10 dur=159.689s seed=3
[EST DONE] 2026-05-02T19:22:09.369853 estimator=DANCo k=10 dur=155.398s seed=3
[EST DONE] 2026-05-02T19:22:22.360173 estimator=DANCo k=10 dur=158.342s seed=3
[EST DONE] 2026-05-02T19:23:21.070807 estimator=DANCo k=10 dur=156.285s seed=3
[EST DONE] 2026-05-02T19:23:26.685544 estimator=DANCo k=10 dur=156.119s seed=3
[EST DONE] 2026-05-02T19:23:35.569331 estimator=DANCo k=10 dur=158.296s seed=3
[EST DONE] 2026-05-02T19:24:22.577521 estimator=DANCo k=15 dur=157.865s seed=3
[EST DONE] 2026-05-02T19:24:58.775957 estimator=DANCo k=15 dur=169.406s seed=3
[EST DONE] 2026-05-02T19:25:08.864688 estimator=DANCo k=15 dur=166.504s seed=3
[EST DONE] 2026-05-02T19:26:10.831218 estimator=DANCo k=15 dur=169.760s seed=3
[EST DONE] 2026-05-02T19:26:19.740025 estimator=DANCo k=15 dur=173.054s seed=3
[EST DONE] 2026-05-02T19:26:37.698055 estimator=DANCo k=15 dur=182.129s seed=3
[EST DONE] 2026-05-02T20:02:35.808953 estimator=MiND k=3 dur=1156.475s seed=3
[EST DONE] 2026-05-02T20:03:37.797679 estimator=MiND k=3 dur=1161.014s seed=3
[EST DONE] 2026-05-02T20:03:48.151845 estimator=MiND k=3 dur=1155.746s seed=3
[EST DONE] 2026-05-02T20:04:52.103623 estimator=MiND k=3 dur=1162.641s seed=3
[EST DONE] 2026-05-02T20:04:58.731831 estimator=MiND k=3 dur=1160.903s seed=3
[EST DONE] 2026-05-02T20:05:09.525954 estimator=MiND k=3 dur=1155.330s seed=3
[EST DONE] 2026-05-02T20:21:59.110419 estimator=MiND k=5 dur=1163.301s seed=3
[EST DONE] 2026-05-02T20:23:01.646346 estimator=MiND k=5 dur=1163.849s seed=3
[EST DONE] 2026-05-02T20:23:11.796570 estimator=MiND k=5 dur=1163.645s seed=3
[EST DONE] 2026-05-02T20:24:16.564825 estimator=MiND k=5 dur=1157.833s seed=3
[EST DONE] 2026-05-02T20:24:16.774872 estimator=MiND k=5 dur=1164.671s seed=3
[EST DONE] 2026-05-02T20:24:29.664836 estimator=MiND k=5 dur=1160.139s seed=3
[EST DONE] 2026-05-02T20:41:17.378540 estimator=MiND k=7 dur=1158.268s seed=3
[EST DONE] 2026-05-02T20:42:21.876960 estimator=MiND k=7 dur=1160.230s seed=3
[EST DONE] 2026-05-02T20:42:27.933895 estimator=MiND k=7 dur=1156.137s seed=3
[EST DONE] 2026-05-02T20:43:42.534566 estimator=MiND k=7 dur=1165.760s seed=3
[EST DONE] 2026-05-02T20:43:45.200162 estimator=MiND k=7 dur=1168.635s seed=3
[EST DONE] 2026-05-02T20:44:00.068981 estimator=MiND k=7 dur=1170.404s seed=3
[EST DONE] 2026-05-02T21:00:29.062601 estimator=MiND k=10 dur=1151.684s seed=3
[EST DONE] 2026-05-02T21:01:41.633988 estimator=MiND k=10 dur=1159.757s seed=3
[EST DONE] 2026-05-02T21:01:43.240369 estimator=MiND k=10 dur=1155.306s seed=3
[EST DONE] 2026-05-02T21:03:06.657508 estimator=MiND k=10 dur=1164.123s seed=3
[EST DONE] 2026-05-02T21:03:08.753410 estimator=MiND k=10 dur=1163.553s seed=3
[EST DONE] 2026-05-02T21:03:17.536653 estimator=MiND k=10 dur=1157.468s seed=3
[EST DONE] 2026-05-02T21:19:55.466415 estimator=MiND k=15 dur=1166.404s seed=3
[EST DONE] 2026-05-02T21:20:56.830706 estimator=MiND k=15 dur=1153.590s seed=3
[EST DONE] 2026-05-02T21:21:12.307186 estimator=MiND k=15 dur=1170.673s seed=3
[EST DONE] 2026-05-02T21:21:18.475735 estimator=FisherS (no-k) dur=83.009s seed=3
[TASK END] 2026-05-02T21:21:18.475870 manifold=torus d=7 sigma=0.0 seed=3 duration=7969.519s
[TASK START] 2026-05-02T21:21:18.476933 manifold=torus d=9 sigma=0.25 n=5000 seed=3
[EST DONE] 2026-05-02T21:21:24.029355 estimator=Levina-Bickel k=3 dur=2.907s seed=3
[EST DONE] 2026-05-02T21:21:26.312512 estimator=Levina-Bickel k=5 dur=2.283s seed=3
[EST DONE] 2026-05-02T21:21:29.594833 estimator=Levina-Bickel k=7 dur=3.282s seed=3
[EST DONE] 2026-05-02T21:21:32.993007 estimator=Levina-Bickel k=10 dur=3.398s seed=3
[EST DONE] 2026-05-02T21:21:36.209112 estimator=Levina-Bickel k=15 dur=3.216s seed=3
[EST DONE] 2026-05-02T21:21:39.137639 estimator=TwoNN (no-k) dur=2.928s seed=3
[EST DONE] 2026-05-02T21:21:44.269432 estimator=FisherS (no-k) dur=47.439s seed=3
[TASK END] 2026-05-02T21:21:44.269567 manifold=torus d=7 sigma=0.5 seed=3 duration=7956.409s
[TASK START] 2026-05-02T21:21:44.270627 manifold=torus d=9 sigma=0.5 n=5000 seed=3
[EST DONE] 2026-05-02T21:21:49.824354 estimator=Levina-Bickel k=3 dur=2.517s seed=3
[EST DONE] 2026-05-02T21:21:51.938138 estimator=Levina-Bickel k=5 dur=2.114s seed=3
[EST DONE] 2026-05-02T21:21:54.198157 estimator=FisherS (no-k) dur=41.891s seed=3
[TASK END] 2026-05-02T21:21:54.198267 manifold=torus d=7 sigma=0.25 seed=3 duration=7971.552s
[TASK START] 2026-05-02T21:21:54.199378 manifold=torus d=9 sigma=0.75 n=5000 seed=3
[EST DONE] 2026-05-02T21:21:55.098952 estimator=Levina-Bickel k=7 dur=3.161s seed=3
[EST DONE] 2026-05-02T21:21:58.490444 estimator=Levina-Bickel k=10 dur=3.391s seed=3
[EST DONE] 2026-05-02T21:21:58.659584 estimator=Levina-Bickel k=3 dur=2.323s seed=3
[EST DONE] 2026-05-02T21:22:00.497890 estimator=lPCA k=3 dur=10.807s seed=3
[EST DONE] 2026-05-02T21:22:01.552883 estimator=Levina-Bickel k=15 dur=3.062s seed=3
[EST DONE] 2026-05-02T21:22:01.764796 estimator=Levina-Bickel k=5 dur=3.105s seed=3
[EST DONE] 2026-05-02T21:22:04.412621 estimator=TwoNN (no-k) dur=2.860s seed=3
[EST DONE] 2026-05-02T21:22:04.880023 estimator=Levina-Bickel k=7 dur=3.115s seed=3
[EST DONE] 2026-05-02T21:22:07.965369 estimator=Levina-Bickel k=10 dur=3.085s seed=3
[EST DONE] 2026-05-02T21:22:09.734258 estimator=MiND k=15 dur=1143.077s seed=3
[EST DONE] 2026-05-02T21:22:11.093243 estimator=Levina-Bickel k=15 dur=3.128s seed=3
[EST DONE] 2026-05-02T21:22:12.063676 estimator=lPCA k=5 dur=11.566s seed=3
[EST DONE] 2026-05-02T21:22:13.745754 estimator=TwoNN (no-k) dur=2.652s seed=3
[EST DONE] 2026-05-02T21:22:14.093334 estimator=MiND k=15 dur=1136.557s seed=3
[EST DONE] 2026-05-02T21:22:17.198505 estimator=MiND k=15 dur=1148.445s seed=3
[EST DONE] 2026-05-02T21:22:26.650995 estimator=lPCA k=7 dur=14.587s seed=3
[EST DONE] 2026-05-02T21:22:29.989130 estimator=lPCA k=3 dur=10.728s seed=3
[EST DONE] 2026-05-02T21:22:33.387478 estimator=lPCA k=3 dur=6.762s seed=3
[EST DONE] 2026-05-02T21:22:34.127992 estimator=lPCA k=10 dur=7.477s seed=3
[EST DONE] 2026-05-02T21:22:35.924515 estimator=lPCA k=5 dur=5.935s seed=3
[EST DONE] 2026-05-02T21:22:40.357162 estimator=lPCA k=5 dur=6.970s seed=3
[EST DONE] 2026-05-02T21:22:41.983689 estimator=lPCA k=15 dur=7.856s seed=3
[EST DONE] 2026-05-02T21:22:42.888571 estimator=lPCA k=7 dur=6.964s seed=3
[EST DONE] 2026-05-02T21:22:49.768687 estimator=lPCA k=7 dur=9.411s seed=3
[EST DONE] 2026-05-02T21:22:51.442725 estimator=lPCA k=10 dur=8.554s seed=3
[EST DONE] 2026-05-02T21:23:02.687503 estimator=lPCA k=15 dur=11.245s seed=3
[EST DONE] 2026-05-02T21:23:03.149237 estimator=lPCA k=10 dur=13.380s seed=3
[EST DONE] 2026-05-02T21:23:16.559328 estimator=lPCA k=15 dur=13.410s seed=3
[EST DONE] 2026-05-02T21:23:22.653761 estimator=FisherS (no-k) dur=65.455s seed=3
[TASK END] 2026-05-02T21:23:22.653900 manifold=torus d=7 sigma=0.75 seed=3 duration=7996.397s
[TASK START] 2026-05-02T21:23:22.654927 manifold=torus d=9 sigma=1.0 n=5000 seed=3
[EST DONE] 2026-05-02T21:23:26.500799 estimator=Levina-Bickel k=3 dur=1.447s seed=3
[EST DONE] 2026-05-02T21:23:28.440709 estimator=Levina-Bickel k=5 dur=1.940s seed=3
[EST DONE] 2026-05-02T21:23:29.981649 estimator=Levina-Bickel k=7 dur=1.541s seed=3
[EST DONE] 2026-05-02T21:23:31.384784 estimator=Levina-Bickel k=10 dur=1.403s seed=3
[EST DONE] 2026-05-02T21:23:32.969779 estimator=FisherS (no-k) dur=83.235s seed=3
[TASK END] 2026-05-02T21:23:32.969868 manifold=torus d=7 sigma=1.0 seed=3 duration=8004.928s
[TASK START] 2026-05-02T21:23:32.975174 manifold=torus d=12 sigma=0.0 n=5000 seed=3
[EST DONE] 2026-05-02T21:23:33.264505 estimator=Levina-Bickel k=15 dur=1.880s seed=3
[EST DONE] 2026-05-02T21:23:34.710629 estimator=TwoNN (no-k) dur=1.446s seed=3
[EST DONE] 2026-05-02T21:23:36.718534 estimator=FisherS (no-k) dur=82.625s seed=3
[TASK END] 2026-05-02T21:23:36.718696 manifold=torus d=9 sigma=0.0 seed=3 duration=8004.738s
[TASK START] 2026-05-02T21:23:36.719869 manifold=torus d=12 sigma=0.25 n=5000 seed=3
[EST DONE] 2026-05-02T21:23:38.754854 estimator=Levina-Bickel k=3 dur=3.286s seed=3
[EST DONE] 2026-05-02T21:23:41.829644 estimator=Levina-Bickel k=5 dur=3.075s seed=3
[EST DONE] 2026-05-02T21:23:42.746449 estimator=Levina-Bickel k=3 dur=3.028s seed=3
[EST DONE] 2026-05-02T21:23:44.800927 estimator=Levina-Bickel k=7 dur=2.971s seed=3
[EST DONE] 2026-05-02T21:23:45.863949 estimator=Levina-Bickel k=5 dur=3.117s seed=3
[EST DONE] 2026-05-02T21:23:47.985808 estimator=Levina-Bickel k=10 dur=3.185s seed=3
[EST DONE] 2026-05-02T21:23:48.975783 estimator=Levina-Bickel k=7 dur=3.112s seed=3
[EST DONE] 2026-05-02T21:23:50.824160 estimator=Levina-Bickel k=15 dur=2.838s seed=3
[EST DONE] 2026-05-02T21:23:52.355173 estimator=Levina-Bickel k=10 dur=3.379s seed=3
[EST DONE] 2026-05-02T21:23:53.210992 estimator=TwoNN (no-k) dur=2.387s seed=3
[EST DONE] 2026-05-02T21:23:55.382629 estimator=Levina-Bickel k=15 dur=3.027s seed=3
[EST DONE] 2026-05-02T21:23:55.727993 estimator=lPCA k=3 dur=11.125s seed=3
[EST DONE] 2026-05-02T21:23:58.147609 estimator=TwoNN (no-k) dur=2.765s seed=3
[EST DONE] 2026-05-02T21:24:05.623082 estimator=lPCA k=5 dur=9.895s seed=3
[EST DONE] 2026-05-02T21:24:13.502271 estimator=lPCA k=3 dur=10.390s seed=3
[EST DONE] 2026-05-02T21:24:15.535263 estimator=lPCA k=7 dur=9.912s seed=3
[EST DONE] 2026-05-02T21:24:18.373885 estimator=lPCA k=3 dur=9.685s seed=3
[EST DONE] 2026-05-02T21:24:24.128072 estimator=lPCA k=5 dur=10.626s seed=3
[EST DONE] 2026-05-02T21:24:26.892230 estimator=lPCA k=10 dur=11.357s seed=3
[EST DONE] 2026-05-02T21:24:28.806680 estimator=lPCA k=5 dur=10.433s seed=3
[EST DONE] 2026-05-02T21:24:35.294404 estimator=lPCA k=7 dur=11.166s seed=3
[EST DONE] 2026-05-02T21:24:38.198274 estimator=lPCA k=15 dur=11.306s seed=3
[EST DONE] 2026-05-02T21:24:38.652876 estimator=lPCA k=7 dur=9.846s seed=3
[EST DONE] 2026-05-02T21:24:45.765813 estimator=lPCA k=10 dur=10.471s seed=3
[EST DONE] 2026-05-02T21:24:50.084357 estimator=lPCA k=10 dur=11.431s seed=3
[EST DONE] 2026-05-02T21:24:54.694428 estimator=lPCA k=15 dur=8.929s seed=3
[EST DONE] 2026-05-02T21:24:59.689646 estimator=lPCA k=15 dur=9.605s seed=3
[EST DONE] 2026-05-02T21:27:34.859237 estimator=DANCo k=3 dur=149.732s seed=3
[EST DONE] 2026-05-02T21:27:55.399997 estimator=DANCo k=3 dur=153.658s seed=3
[EST DONE] 2026-05-02T21:28:02.802749 estimator=DANCo k=3 dur=149.036s seed=3
[EST DONE] 2026-05-02T21:29:34.429673 estimator=DANCo k=3 dur=149.775s seed=3
[EST DONE] 2026-05-02T21:29:51.825822 estimator=DANCo k=3 dur=148.476s seed=3
[EST DONE] 2026-05-02T21:29:54.336519 estimator=DANCo k=3 dur=150.490s seed=3
[EST DONE] 2026-05-02T21:30:06.281979 estimator=DANCo k=5 dur=151.423s seed=3
[EST DONE] 2026-05-02T21:30:33.686147 estimator=DANCo k=5 dur=158.286s seed=3
[EST DONE] 2026-05-02T21:30:36.215193 estimator=DANCo k=5 dur=153.412s seed=3
[EST DONE] 2026-05-02T21:32:11.212898 estimator=DANCo k=5 dur=156.783s seed=3
[EST DONE] 2026-05-02T21:32:20.676804 estimator=DANCo k=5 dur=148.851s seed=3
[EST DONE] 2026-05-02T21:32:31.167988 estimator=DANCo k=5 dur=156.831s seed=3
[EST DONE] 2026-05-02T21:32:42.314324 estimator=DANCo k=7 dur=156.032s seed=3
[EST DONE] 2026-05-02T21:33:05.540615 estimator=DANCo k=7 dur=149.325s seed=3
[EST DONE] 2026-05-02T21:33:06.766248 estimator=DANCo k=7 dur=153.080s seed=3
[EST DONE] 2026-05-02T21:34:49.929384 estimator=DANCo k=7 dur=158.716s seed=3
[EST DONE] 2026-05-02T21:35:00.305771 estimator=DANCo k=7 dur=159.629s seed=3
[EST DONE] 2026-05-02T21:35:02.581451 estimator=DANCo k=7 dur=151.409s seed=3
[EST DONE] 2026-05-02T21:35:23.998360 estimator=DANCo k=10 dur=161.684s seed=3
[EST DONE] 2026-05-02T21:35:43.445670 estimator=DANCo k=10 dur=157.905s seed=3
[EST DONE] 2026-05-02T21:35:47.048184 estimator=DANCo k=10 dur=160.282s seed=3
[EST DONE] 2026-05-02T21:37:26.930751 estimator=DANCo k=10 dur=157.001s seed=3
[EST DONE] 2026-05-02T21:37:38.647119 estimator=DANCo k=10 dur=158.341s seed=3
[EST DONE] 2026-05-02T21:37:44.178115 estimator=DANCo k=10 dur=161.597s seed=3
[EST DONE] 2026-05-02T21:38:15.846913 estimator=DANCo k=15 dur=171.848s seed=3
[EST DONE] 2026-05-02T21:38:37.022768 estimator=DANCo k=15 dur=173.577s seed=3
[EST DONE] 2026-05-02T21:38:37.276077 estimator=DANCo k=15 dur=170.228s seed=3
[EST DONE] 2026-05-02T21:40:25.482054 estimator=DANCo k=15 dur=178.551s seed=3
[EST DONE] 2026-05-02T21:40:35.767001 estimator=DANCo k=15 dur=171.589s seed=3
[EST DONE] 2026-05-02T21:40:37.462811 estimator=DANCo k=15 dur=178.816s seed=3
[EST DONE] 2026-05-02T22:16:45.293335 estimator=MiND k=3 dur=1161.455s seed=3
[EST DONE] 2026-05-02T22:17:04.273836 estimator=MiND k=3 dur=1153.043s seed=3
[EST DONE] 2026-05-02T22:17:14.419071 estimator=MiND k=3 dur=1162.995s seed=3
[EST DONE] 2026-05-02T22:19:04.180551 estimator=MiND k=3 dur=1156.025s seed=3
[EST DONE] 2026-05-02T22:19:22.542776 estimator=MiND k=3 dur=1161.493s seed=3
[EST DONE] 2026-05-02T22:19:25.747368 estimator=MiND k=3 dur=1165.909s seed=3
[EST DONE] 2026-05-02T22:36:07.747164 estimator=MiND k=5 dur=1162.454s seed=3
[EST DONE] 2026-05-02T22:36:32.113902 estimator=MiND k=5 dur=1167.840s seed=3
[EST DONE] 2026-05-02T22:36:36.898938 estimator=MiND k=5 dur=1162.480s seed=3
[EST DONE] 2026-05-02T22:38:20.782736 estimator=MiND k=5 dur=1156.602s seed=3
[EST DONE] 2026-05-02T22:38:42.756406 estimator=MiND k=5 dur=1160.214s seed=3
[EST DONE] 2026-05-02T22:38:42.898753 estimator=MiND k=5 dur=1157.151s seed=3
[EST DONE] 2026-05-02T22:55:33.162445 estimator=MiND k=7 dur=1165.415s seed=3
[EST DONE] 2026-05-02T22:55:54.693822 estimator=MiND k=7 dur=1162.580s seed=3
[EST DONE] 2026-05-02T22:56:06.503485 estimator=MiND k=7 dur=1169.604s seed=3
[EST DONE] 2026-05-02T22:57:38.727637 estimator=MiND k=7 dur=1157.945s seed=3
[EST DONE] 2026-05-02T22:57:54.864998 estimator=MiND k=7 dur=1151.966s seed=3
[EST DONE] 2026-05-02T22:58:02.138019 estimator=MiND k=7 dur=1159.381s seed=3
[EST DONE] 2026-05-02T23:15:01.123387 estimator=MiND k=10 dur=1167.961s seed=3
[EST DONE] 2026-05-02T23:15:20.547305 estimator=MiND k=10 dur=1165.853s seed=3
[EST DONE] 2026-05-02T23:15:23.124662 estimator=MiND k=10 dur=1156.621s seed=3
[EST DONE] 2026-05-02T23:16:55.523806 estimator=MiND k=10 dur=1156.796s seed=3
[EST DONE] 2026-05-02T23:17:15.481007 estimator=MiND k=10 dur=1160.616s seed=3
[EST DONE] 2026-05-02T23:17:25.924538 estimator=MiND k=10 dur=1163.786s seed=3
[EST DONE] 2026-05-02T23:34:06.437938 estimator=MiND k=15 dur=1145.314s seed=3
[EST DONE] 2026-05-02T23:34:45.873569 estimator=MiND k=15 dur=1165.326s seed=3
[EST DONE] 2026-05-02T23:34:46.295810 estimator=MiND k=15 dur=1163.171s seed=3
[EST DONE] 2026-05-02T23:36:22.443228 estimator=MiND k=15 dur=1166.919s seed=3
[EST DONE] 2026-05-02T23:36:57.790020 estimator=MiND k=15 dur=1182.309s seed=3
[EST DONE] 2026-05-02T23:36:59.767283 estimator=MiND k=15 dur=1173.843s seed=3
[EST DONE] 2026-05-02T23:37:01.427872 estimator=FisherS (no-k) dur=135.132s seed=3
[TASK END] 2026-05-02T23:37:01.428019 manifold=torus d=9 sigma=0.75 seed=3 duration=8107.229s
[TASK START] 2026-05-02T23:37:01.453467 manifold=torus d=12 sigma=0.5 n=5000 seed=3
[EST DONE] 2026-05-02T23:37:07.240693 estimator=Levina-Bickel k=3 dur=2.860s seed=3
[EST DONE] 2026-05-02T23:37:09.601229 estimator=Levina-Bickel k=5 dur=2.360s seed=3
[EST DONE] 2026-05-02T23:37:11.204685 estimator=FisherS (no-k) dur=13.414s seed=3
[TASK END] 2026-05-02T23:37:11.204837 manifold=torus d=12 sigma=0.25 seed=3 duration=8014.485s
[TASK START] 2026-05-02T23:37:11.205486 manifold=torus d=12 sigma=0.75 n=5000 seed=3
[EST DONE] 2026-05-02T23:37:12.529011 estimator=Levina-Bickel k=7 dur=2.928s seed=3
[EST DONE] 2026-05-02T23:37:13.210880 estimator=FisherS (no-k) dur=13.443s seed=3
[TASK END] 2026-05-02T23:37:13.210973 manifold=torus d=12 sigma=0.0 seed=3 duration=8020.236s
[TASK START] 2026-05-02T23:37:13.211641 manifold=torus d=12 sigma=1.0 n=5000 seed=3
[EST DONE] 2026-05-02T23:37:16.901029 estimator=Levina-Bickel k=10 dur=4.372s seed=3
[EST DONE] 2026-05-02T23:37:19.746209 estimator=Levina-Bickel k=3 dur=4.557s seed=3
[EST DONE] 2026-05-02T23:37:21.446455 estimator=Levina-Bickel k=15 dur=4.545s seed=3
[EST DONE] 2026-05-02T23:37:22.316768 estimator=Levina-Bickel k=3 dur=4.404s seed=3
[EST DONE] 2026-05-02T23:37:23.624856 estimator=Levina-Bickel k=5 dur=3.879s seed=3
[EST DONE] 2026-05-02T23:37:24.808428 estimator=TwoNN (no-k) dur=3.362s seed=3
[EST DONE] 2026-05-02T23:37:25.776515 estimator=Levina-Bickel k=5 dur=3.460s seed=3
[EST DONE] 2026-05-02T23:37:26.941591 estimator=Levina-Bickel k=7 dur=3.317s seed=3
[EST DONE] 2026-05-02T23:37:28.599555 estimator=Levina-Bickel k=7 dur=2.823s seed=3
[EST DONE] 2026-05-02T23:37:30.322731 estimator=Levina-Bickel k=10 dur=3.381s seed=3
[EST DONE] 2026-05-02T23:37:31.824047 estimator=Levina-Bickel k=10 dur=3.224s seed=3
[EST DONE] 2026-05-02T23:37:33.637165 estimator=Levina-Bickel k=15 dur=3.314s seed=3
[EST DONE] 2026-05-02T23:37:34.677033 estimator=Levina-Bickel k=15 dur=2.853s seed=3
[EST DONE] 2026-05-02T23:37:36.846517 estimator=TwoNN (no-k) dur=3.209s seed=3
[EST DONE] 2026-05-02T23:37:37.722487 estimator=TwoNN (no-k) dur=3.045s seed=3
[EST DONE] 2026-05-02T23:37:54.038491 estimator=lPCA k=3 dur=12.054s seed=3
[EST DONE] 2026-05-02T23:37:57.714225 estimator=lPCA k=3 dur=8.536s seed=3
[EST DONE] 2026-05-02T23:37:59.078819 estimator=lPCA k=3 dur=10.524s seed=3
[EST DONE] 2026-05-02T23:38:02.086040 estimator=FisherS (no-k) dur=235.648s seed=3
[TASK END] 2026-05-02T23:38:02.086286 manifold=torus d=9 sigma=0.25 seed=3 duration=8203.609s
[TASK START] 2026-05-02T23:38:02.087445 manifold=torus d=15 sigma=0.0 n=5000 seed=3
[EST DONE] 2026-05-02T23:38:05.792062 estimator=lPCA k=5 dur=11.753s seed=3
[EST DONE] 2026-05-02T23:38:06.784759 estimator=Levina-Bickel k=3 dur=2.389s seed=3
[EST DONE] 2026-05-02T23:38:09.863923 estimator=lPCA k=5 dur=12.150s seed=3
[EST DONE] 2026-05-02T23:38:10.045159 estimator=Levina-Bickel k=5 dur=3.260s seed=3
[EST DONE] 2026-05-02T23:38:10.115252 estimator=lPCA k=5 dur=11.036s seed=3
[EST DONE] 2026-05-02T23:38:12.966331 estimator=Levina-Bickel k=7 dur=2.921s seed=3
[EST DONE] 2026-05-02T23:38:15.438160 estimator=Levina-Bickel k=10 dur=2.472s seed=3
[EST DONE] 2026-05-02T23:38:17.529677 estimator=Levina-Bickel k=15 dur=2.091s seed=3
[EST DONE] 2026-05-02T23:38:18.546636 estimator=lPCA k=7 dur=12.754s seed=3
[EST DONE] 2026-05-02T23:38:20.549735 estimator=TwoNN (no-k) dur=3.020s seed=3
[EST DONE] 2026-05-02T23:38:21.974570 estimator=lPCA k=7 dur=12.111s seed=3
[EST DONE] 2026-05-02T23:38:22.758042 estimator=lPCA k=7 dur=12.643s seed=3
[EST DONE] 2026-05-02T23:38:33.385468 estimator=lPCA k=10 dur=14.839s seed=3
[EST DONE] 2026-05-02T23:38:33.849560 estimator=lPCA k=10 dur=11.875s seed=3
[EST DONE] 2026-05-02T23:38:39.251458 estimator=lPCA k=10 dur=16.493s seed=3
[EST DONE] 2026-05-02T23:38:45.459713 estimator=lPCA k=15 dur=12.074s seed=3
[EST DONE] 2026-05-02T23:38:46.725182 estimator=lPCA k=3 dur=11.103s seed=3
[EST DONE] 2026-05-02T23:38:46.947260 estimator=lPCA k=15 dur=13.098s seed=3
[EST DONE] 2026-05-02T23:38:48.712804 estimator=lPCA k=15 dur=9.461s seed=3
[EST DONE] 2026-05-02T23:38:55.170425 estimator=lPCA k=5 dur=8.445s seed=3
[EST DONE] 2026-05-02T23:39:02.988247 estimator=lPCA k=7 dur=7.818s seed=3
[EST DONE] 2026-05-02T23:39:13.629570 estimator=lPCA k=10 dur=10.641s seed=3
[EST DONE] 2026-05-02T23:39:23.195194 estimator=lPCA k=15 dur=9.566s seed=3
[EST DONE] 2026-05-02T23:39:37.396989 estimator=FisherS (no-k) dur=291.523s seed=3
[TASK END] 2026-05-02T23:39:37.397162 manifold=torus d=9 sigma=0.5 seed=3 duration=8273.127s
[TASK START] 2026-05-02T23:39:37.398325 manifold=torus d=15 sigma=0.25 n=5000 seed=3
[EST DONE] 2026-05-02T23:39:41.912402 estimator=Levina-Bickel k=3 dur=2.194s seed=3
[EST DONE] 2026-05-02T23:39:44.348746 estimator=Levina-Bickel k=5 dur=2.436s seed=3
[EST DONE] 2026-05-02T23:39:46.056575 estimator=Levina-Bickel k=7 dur=1.708s seed=3
[EST DONE] 2026-05-02T23:39:47.814090 estimator=Levina-Bickel k=10 dur=1.757s seed=3
[EST DONE] 2026-05-02T23:39:49.846398 estimator=Levina-Bickel k=15 dur=2.032s seed=3
[EST DONE] 2026-05-02T23:39:52.096412 estimator=TwoNN (no-k) dur=2.250s seed=3
[EST DONE] 2026-05-02T23:40:11.234057 estimator=lPCA k=3 dur=8.515s seed=3
[EST DONE] 2026-05-02T23:40:17.326033 estimator=FisherS (no-k) dur=234.883s seed=3
[TASK END] 2026-05-02T23:40:17.326210 manifold=torus d=9 sigma=1.0 seed=3 duration=8214.671s
[TASK START] 2026-05-02T23:40:17.327529 manifold=torus d=15 sigma=0.5 n=5000 seed=3
[EST DONE] 2026-05-02T23:40:19.414220 estimator=lPCA k=5 dur=8.180s seed=3
[EST DONE] 2026-05-02T23:40:21.948672 estimator=Levina-Bickel k=3 dur=2.367s seed=3
[EST DONE] 2026-05-02T23:40:24.843522 estimator=Levina-Bickel k=5 dur=2.895s seed=3
[EST DONE] 2026-05-02T23:40:26.261541 estimator=Levina-Bickel k=7 dur=1.418s seed=3
[EST DONE] 2026-05-02T23:40:29.465747 estimator=Levina-Bickel k=10 dur=3.204s seed=3
[EST DONE] 2026-05-02T23:40:30.677539 estimator=lPCA k=7 dur=11.263s seed=3
[EST DONE] 2026-05-02T23:40:32.497821 estimator=Levina-Bickel k=15 dur=3.032s seed=3
[EST DONE] 2026-05-02T23:40:35.390218 estimator=TwoNN (no-k) dur=2.892s seed=3
[EST DONE] 2026-05-02T23:40:43.220328 estimator=lPCA k=10 dur=12.543s seed=3
[EST DONE] 2026-05-02T23:40:54.317665 estimator=lPCA k=15 dur=11.097s seed=3
[EST DONE] 2026-05-02T23:40:56.124712 estimator=lPCA k=3 dur=10.474s seed=3
[EST DONE] 2026-05-02T23:41:07.726734 estimator=lPCA k=5 dur=11.602s seed=3
[EST DONE] 2026-05-02T23:41:14.932960 estimator=lPCA k=7 dur=7.206s seed=3
[EST DONE] 2026-05-02T23:41:26.647857 estimator=lPCA k=10 dur=11.715s seed=3
[EST DONE] 2026-05-02T23:41:39.564945 estimator=lPCA k=15 dur=12.917s seed=3
[EST DONE] 2026-05-02T23:43:29.190544 estimator=DANCo k=3 dur=147.105s seed=3
[EST DONE] 2026-05-02T23:43:30.612864 estimator=DANCo k=3 dur=152.043s seed=3
[EST DONE] 2026-05-02T23:43:38.402992 estimator=DANCo k=3 dur=153.994s seed=3
[EST DONE] 2026-05-02T23:44:21.004157 estimator=DANCo k=3 dur=149.046s seed=3
[EST DONE] 2026-05-02T23:45:50.506546 estimator=DANCo k=3 dur=149.704s seed=3
[EST DONE] 2026-05-02T23:46:01.790774 estimator=DANCo k=5 dur=152.600s seed=3
[EST DONE] 2026-05-02T23:46:07.899977 estimator=DANCo k=5 dur=157.287s seed=3
[EST DONE] 2026-05-02T23:46:12.084364 estimator=DANCo k=5 dur=153.681s seed=3
[EST DONE] 2026-05-02T23:46:33.112322 estimator=DANCo k=3 dur=140.292s seed=3
[EST DONE] 2026-05-02T23:46:55.881484 estimator=DANCo k=5 dur=154.877s seed=3
[EST DONE] 2026-05-02T23:48:20.388061 estimator=DANCo k=5 dur=149.881s seed=3
[EST DONE] 2026-05-02T23:48:38.166707 estimator=DANCo k=7 dur=156.376s seed=3
[EST DONE] 2026-05-02T23:48:43.181006 estimator=DANCo k=7 dur=155.281s seed=3
[EST DONE] 2026-05-02T23:48:53.273489 estimator=DANCo k=7 dur=161.189s seed=3
[EST DONE] 2026-05-02T23:49:02.854086 estimator=DANCo k=5 dur=149.742s seed=3
[EST DONE] 2026-05-02T23:49:27.460456 estimator=DANCo k=7 dur=151.579s seed=3
[EST DONE] 2026-05-02T23:51:01.942785 estimator=DANCo k=7 dur=161.555s seed=3
[EST DONE] 2026-05-02T23:51:17.556508 estimator=DANCo k=10 dur=159.390s seed=3
[EST DONE] 2026-05-02T23:51:26.458831 estimator=DANCo k=10 dur=163.278s seed=3
[EST DONE] 2026-05-02T23:51:30.914599 estimator=DANCo k=10 dur=157.641s seed=3
[EST DONE] 2026-05-02T23:51:39.807100 estimator=DANCo k=7 dur=156.953s seed=3
[EST DONE] 2026-05-02T23:52:07.151253 estimator=DANCo k=10 dur=159.691s seed=3
[EST DONE] 2026-05-02T23:53:48.355603 estimator=DANCo k=10 dur=166.413s seed=3
[EST DONE] 2026-05-02T23:54:06.915644 estimator=DANCo k=15 dur=169.359s seed=3
[EST DONE] 2026-05-02T23:54:18.408680 estimator=DANCo k=15 dur=171.950s seed=3
[EST DONE] 2026-05-02T23:54:19.377433 estimator=DANCo k=10 dur=159.570s seed=3
[EST DONE] 2026-05-02T23:54:26.948850 estimator=DANCo k=15 dur=176.034s seed=3
[EST DONE] 2026-05-02T23:54:55.974357 estimator=DANCo k=15 dur=168.823s seed=3
[EST DONE] 2026-05-02T23:56:51.361542 estimator=DANCo k=15 dur=183.006s seed=3
[EST DONE] 2026-05-02T23:57:18.603858 estimator=DANCo k=15 dur=179.226s seed=3
[EST DONE] 2026-05-03T00:32:32.764936 estimator=MiND k=3 dur=1148.880s seed=3
[EST DONE] 2026-05-03T00:32:41.203562 estimator=MiND k=3 dur=1154.838s seed=3
[EST DONE] 2026-05-03T00:33:25.599859 estimator=MiND k=3 dur=1180.238s seed=3
[EST DONE] 2026-05-03T00:33:35.225033 estimator=MiND k=3 dur=1174.791s seed=3
[EST DONE] 2026-05-03T00:35:26.266698 estimator=MiND k=3 dur=1151.679s seed=3
[EST DONE] 2026-05-03T00:36:03.089612 estimator=MiND k=3 dur=1170.142s seed=3
[EST DONE] 2026-05-03T00:52:01.427083 estimator=MiND k=5 dur=1160.223s seed=3
[EST DONE] 2026-05-03T00:52:03.785764 estimator=MiND k=5 dur=1171.021s seed=3
[EST DONE] 2026-05-03T00:52:36.571439 estimator=MiND k=5 dur=1150.971s seed=3
[EST DONE] 2026-05-03T00:53:01.822899 estimator=MiND k=5 dur=1166.598s seed=3
[EST DONE] 2026-05-03T00:54:53.219978 estimator=MiND k=5 dur=1166.953s seed=3
[EST DONE] 2026-05-03T00:55:45.720524 estimator=MiND k=5 dur=1182.631s seed=3
[EST DONE] 2026-05-03T01:11:37.294507 estimator=MiND k=7 dur=1173.509s seed=3
[EST DONE] 2026-05-03T01:11:39.269848 estimator=MiND k=7 dur=1177.843s seed=3
[EST DONE] 2026-05-03T01:11:56.344009 estimator=MiND k=7 dur=1159.772s seed=3
[EST DONE] 2026-05-03T01:12:29.097520 estimator=MiND k=7 dur=1167.274s seed=3
[EST DONE] 2026-05-03T01:14:27.458710 estimator=MiND k=7 dur=1174.239s seed=3
[EST DONE] 2026-05-03T01:15:07.208938 estimator=MiND k=7 dur=1161.488s seed=3
[EST DONE] 2026-05-03T01:31:05.652197 estimator=MiND k=10 dur=1166.382s seed=3
[EST DONE] 2026-05-03T01:31:13.611176 estimator=MiND k=10 dur=1176.316s seed=3
[EST DONE] 2026-05-03T01:31:30.912913 estimator=MiND k=10 dur=1174.569s seed=3
[EST DONE] 2026-05-03T01:31:46.642587 estimator=MiND k=10 dur=1157.545s seed=3
[EST DONE] 2026-05-03T01:34:04.711649 estimator=MiND k=10 dur=1177.253s seed=3
[EST DONE] 2026-05-03T01:34:44.018331 estimator=MiND k=10 dur=1176.809s seed=3
[EST DONE] 2026-05-03T01:50:44.108449 estimator=MiND k=15 dur=1170.497s seed=3
[EST DONE] 2026-05-03T01:50:44.476765 estimator=MiND k=15 dur=1178.824s seed=3
[EST DONE] 2026-05-03T01:50:50.441761 estimator=FisherS (no-k) dur=6.333s seed=3
[TASK END] 2026-05-03T01:50:50.441900 manifold=torus d=12 sigma=0.75 seed=3 duration=8019.236s
[TASK START] 2026-05-03T01:50:50.443012 manifold=torus d=15 sigma=0.75 n=5000 seed=3
[EST DONE] 2026-05-03T01:50:51.468160 estimator=FisherS (no-k) dur=6.991s seed=3
[TASK END] 2026-05-03T01:50:51.468245 manifold=torus d=12 sigma=0.5 seed=3 duration=8030.015s
[TASK START] 2026-05-03T01:50:51.469239 manifold=torus d=15 sigma=1.0 n=5000 seed=3
[EST DONE] 2026-05-03T01:50:56.536613 estimator=Levina-Bickel k=3 dur=2.954s seed=3
[EST DONE] 2026-05-03T01:50:57.699128 estimator=Levina-Bickel k=3 dur=3.103s seed=3
[EST DONE] 2026-05-03T01:50:59.540789 estimator=Levina-Bickel k=5 dur=3.004s seed=3
[EST DONE] 2026-05-03T01:51:00.799445 estimator=Levina-Bickel k=5 dur=3.100s seed=3
[EST DONE] 2026-05-03T01:51:02.683613 estimator=Levina-Bickel k=7 dur=3.143s seed=3
[EST DONE] 2026-05-03T01:51:03.869636 estimator=Levina-Bickel k=7 dur=3.070s seed=3
[EST DONE] 2026-05-03T01:51:05.551722 estimator=Levina-Bickel k=10 dur=1.682s seed=3
[EST DONE] 2026-05-03T01:51:05.821444 estimator=Levina-Bickel k=10 dur=3.138s seed=3
[EST DONE] 2026-05-03T01:51:08.161785 estimator=Levina-Bickel k=15 dur=2.610s seed=3
[EST DONE] 2026-05-03T01:51:08.939178 estimator=Levina-Bickel k=15 dur=3.118s seed=3
[EST DONE] 2026-05-03T01:51:11.039637 estimator=MiND k=15 dur=1180.127s seed=3
[EST DONE] 2026-05-03T01:51:11.244754 estimator=TwoNN (no-k) dur=3.083s seed=3
[EST DONE] 2026-05-03T01:51:11.781314 estimator=TwoNN (no-k) dur=2.842s seed=3
[EST DONE] 2026-05-03T01:51:18.316786 estimator=FisherS (no-k) dur=7.277s seed=3
[TASK END] 2026-05-03T01:51:18.316909 manifold=torus d=12 sigma=1.0 seed=3 duration=8045.105s
[EST DONE] 2026-05-03T01:51:20.312265 estimator=MiND k=15 dur=1173.670s seed=3
[EST DONE] 2026-05-03T01:51:26.685294 estimator=FisherS (no-k) dur=6.373s seed=3
[TASK END] 2026-05-03T01:51:26.685412 manifold=torus d=15 sigma=0.0 seed=3 duration=8004.598s
[EST DONE] 2026-05-03T01:51:29.197791 estimator=lPCA k=3 dur=6.674s seed=3
[EST DONE] 2026-05-03T01:51:30.186370 estimator=lPCA k=3 dur=8.256s seed=3
[EST DONE] 2026-05-03T01:51:37.664356 estimator=lPCA k=5 dur=8.466s seed=3
[EST DONE] 2026-05-03T01:51:39.397887 estimator=lPCA k=5 dur=9.211s seed=3
[EST DONE] 2026-05-03T01:51:45.854411 estimator=lPCA k=7 dur=8.190s seed=3
[EST DONE] 2026-05-03T01:51:47.849999 estimator=lPCA k=7 dur=8.452s seed=3
[EST DONE] 2026-05-03T01:51:53.418777 estimator=lPCA k=10 dur=7.564s seed=3
[EST DONE] 2026-05-03T01:51:54.958526 estimator=lPCA k=10 dur=7.108s seed=3
[EST DONE] 2026-05-03T01:52:01.435516 estimator=lPCA k=15 dur=8.017s seed=3
[EST DONE] 2026-05-03T01:52:04.839624 estimator=lPCA k=15 dur=9.881s seed=3
[EST DONE] 2026-05-03T01:52:29.969914 estimator=MiND k=15 dur=1105.258s seed=3
[EST DONE] 2026-05-03T01:52:33.576317 estimator=FisherS (no-k) dur=3.606s seed=3
[TASK END] 2026-05-03T01:52:33.576434 manifold=torus d=15 sigma=0.25 seed=3 duration=7976.178s
[EST DONE] 2026-05-03T01:52:48.563204 estimator=MiND k=15 dur=1084.545s seed=3
[EST DONE] 2026-05-03T01:52:51.232623 estimator=FisherS (no-k) dur=2.669s seed=3
[TASK END] 2026-05-03T01:52:51.232739 manifold=torus d=15 sigma=0.5 seed=3 duration=7953.905s
[EST DONE] 2026-05-03T01:53:56.081094 estimator=DANCo k=3 dur=45.363s seed=3
[EST DONE] 2026-05-03T01:53:58.623529 estimator=DANCo k=3 dur=46.537s seed=3
[EST DONE] 2026-05-03T01:54:47.767918 estimator=DANCo k=5 dur=51.687s seed=3
[EST DONE] 2026-05-03T01:54:47.922763 estimator=DANCo k=5 dur=49.299s seed=3
[EST DONE] 2026-05-03T01:55:42.375691 estimator=DANCo k=7 dur=54.608s seed=3
[EST DONE] 2026-05-03T01:55:43.166174 estimator=DANCo k=7 dur=55.243s seed=3
[EST DONE] 2026-05-03T01:56:38.385052 estimator=DANCo k=10 dur=56.009s seed=3
[EST DONE] 2026-05-03T01:56:39.358456 estimator=DANCo k=10 dur=56.192s seed=3
[EST DONE] 2026-05-03T01:57:38.079386 estimator=DANCo k=15 dur=59.694s seed=3
[EST DONE] 2026-05-03T01:57:42.076272 estimator=DANCo k=15 dur=62.718s seed=3
[EST DONE] 2026-05-03T02:07:09.517197 estimator=MiND k=3 dur=285.743s seed=3
[EST DONE] 2026-05-03T02:07:18.727400 estimator=MiND k=3 dur=286.429s seed=3
[EST DONE] 2026-05-03T02:11:55.325193 estimator=MiND k=5 dur=285.808s seed=3
[EST DONE] 2026-05-03T02:12:03.305301 estimator=MiND k=5 dur=284.578s seed=3
[EST DONE] 2026-05-03T02:16:40.750066 estimator=MiND k=7 dur=285.425s seed=3
[EST DONE] 2026-05-03T02:16:48.333925 estimator=MiND k=7 dur=285.029s seed=3
[EST DONE] 2026-05-03T02:21:27.160399 estimator=MiND k=10 dur=286.410s seed=3
[EST DONE] 2026-05-03T02:21:37.664434 estimator=MiND k=10 dur=289.330s seed=3
[EST DONE] 2026-05-03T02:26:21.031224 estimator=MiND k=15 dur=293.871s seed=3
[EST DONE] 2026-05-03T02:26:34.832641 estimator=MiND k=15 dur=297.168s seed=3
[EST DONE] 2026-05-03T02:26:43.231942 estimator=FisherS (no-k) dur=22.201s seed=3
[TASK END] 2026-05-03T02:26:43.232073 manifold=torus d=15 sigma=1.0 seed=3 duration=2151.763s
[EST DONE] 2026-05-03T02:26:43.859293 estimator=FisherS (no-k) dur=9.027s seed=3
[TASK END] 2026-05-03T02:26:43.859397 manifold=torus d=15 sigma=0.75 seed=3 duration=2153.416s
Completed synthetic task manifold=sphere d=5 sigma=0.25 seed=3 in 7958.1s
Completed synthetic task manifold=sphere d=5 sigma=0.75 seed=3 in 7970.4s
Completed synthetic task manifold=sphere d=5 sigma=0.5 seed=3 in 7972.6s
Completed synthetic task manifold=sphere d=7 sigma=0.0 seed=3 in 7975.1s
Completed synthetic task manifold=sphere d=5 sigma=1.0 seed=3 in 7978.3s
Completed synthetic task manifold=sphere d=5 sigma=0.0 seed=3 in 7978.7s
Completed synthetic task manifold=sphere d=7 sigma=0.25 seed=3 in 15925.4s
Completed synthetic task manifold=sphere d=7 sigma=0.5 seed=3 in 15935.5s
Completed synthetic task manifold=sphere d=7 sigma=0.75 seed=3 in 15939.0s
Completed synthetic task manifold=sphere d=9 sigma=0.25 seed=3 in 15952.9s
Completed synthetic task manifold=sphere d=9 sigma=0.0 seed=3 in 15954.1s
Completed synthetic task manifold=sphere d=7 sigma=1.0 seed=3 in 15963.5s
Completed synthetic task manifold=sphere d=9 sigma=0.5 seed=3 in 24000.1s
Completed synthetic task manifold=sphere d=9 sigma=1.0 seed=3 in 24017.9s
Completed synthetic task manifold=sphere d=12 sigma=0.5 seed=3 in 24020.8s
Completed synthetic task manifold=sphere d=12 sigma=0.0 seed=3 in 24022.1s
Completed synthetic task manifold=sphere d=9 sigma=0.75 seed=3 in 24024.2s
Completed synthetic task manifold=sphere d=12 sigma=0.25 seed=3 in 24030.0s
Completed synthetic task manifold=sphere d=12 sigma=0.75 seed=3 in 32041.7s
Completed synthetic task manifold=sphere d=12 sigma=1.0 seed=3 in 32049.5s
Completed synthetic task manifold=sphere d=15 sigma=0.0 seed=3 in 32096.3s
Completed synthetic task manifold=sphere d=15 sigma=0.75 seed=3 in 32097.1s
Completed synthetic task manifold=sphere d=15 sigma=0.5 seed=3 in 32099.2s
Completed synthetic task manifold=sphere d=15 sigma=0.25 seed=3 in 32099.4s
Completed synthetic task manifold=torus d=5 sigma=0.0 seed=3 in 40003.9s
Completed synthetic task manifold=sphere d=15 sigma=1.0 seed=3 in 40037.6s
Completed synthetic task manifold=torus d=5 sigma=0.25 seed=3 in 40042.8s
Completed synthetic task manifold=torus d=5 sigma=0.5 seed=3 in 40101.2s
Completed synthetic task manifold=torus d=5 sigma=0.75 seed=3 in 40103.0s
Completed synthetic task manifold=torus d=5 sigma=1.0 seed=3 in 40106.9s
Completed synthetic task manifold=torus d=7 sigma=0.0 seed=3 in 47973.4s
Completed synthetic task manifold=torus d=7 sigma=0.5 seed=3 in 47999.2s
Completed synthetic task manifold=torus d=7 sigma=0.25 seed=3 in 48009.2s
Completed synthetic task manifold=torus d=7 sigma=0.75 seed=3 in 48097.6s
Completed synthetic task manifold=torus d=7 sigma=1.0 seed=3 in 48107.9s
Completed synthetic task manifold=torus d=9 sigma=0.0 seed=3 in 48111.7s
Completed synthetic task manifold=torus d=9 sigma=0.75 seed=3 in 56116.4s
Completed synthetic task manifold=torus d=12 sigma=0.25 seed=3 in 56126.2s
Completed synthetic task manifold=torus d=12 sigma=0.0 seed=3 in 56128.2s
Completed synthetic task manifold=torus d=9 sigma=0.25 seed=3 in 56177.1s
Completed synthetic task manifold=torus d=9 sigma=0.5 seed=3 in 56272.4s
Completed synthetic task manifold=torus d=9 sigma=1.0 seed=3 in 56312.3s
Completed synthetic task manifold=torus d=12 sigma=0.75 seed=3 in 64145.4s
Completed synthetic task manifold=torus d=12 sigma=0.5 seed=3 in 64146.4s
Completed synthetic task manifold=torus d=12 sigma=1.0 seed=3 in 64173.3s
Completed synthetic task manifold=torus d=15 sigma=0.0 seed=3 in 64181.7s
Completed synthetic task manifold=torus d=15 sigma=0.25 seed=3 in 64248.5s
Completed synthetic task manifold=torus d=15 sigma=0.5 seed=3 in 64266.2s
Completed synthetic task manifold=torus d=15 sigma=1.0 seed=3 in 66298.2s
Completed synthetic task manifold=torus d=15 sigma=0.75 seed=3 in 66298.8s
Wrote per-task synthetic results to results/synthetic_large.task3.csv
Saved results/synthetic_large.csv
Running MNIST autoencoder large experiments...
[MNIST TASK START] 2026-05-03T02:26:43.998826 bottleneck=5 replicate=0 seed=3
[AE START] seed=3 bottleneck=5 epochs=50 subset=5000
[AE EPOCH] epoch=1/50 loss=0.221084 epoch_time=0.34s device=cuda
[AE EPOCH] epoch=2/50 loss=0.172834 epoch_time=0.09s device=cuda
[AE EPOCH] epoch=3/50 loss=0.105528 epoch_time=0.09s device=cuda
[AE EPOCH] epoch=4/50 loss=0.079154 epoch_time=0.09s device=cuda
[AE EPOCH] epoch=5/50 loss=0.073316 epoch_time=0.11s device=cuda
[AE EPOCH] epoch=6/50 loss=0.071280 epoch_time=0.13s device=cuda
[AE EPOCH] epoch=7/50 loss=0.070040 epoch_time=0.16s device=cuda
[AE EPOCH] epoch=8/50 loss=0.068826 epoch_time=0.12s device=cuda
[AE EPOCH] epoch=9/50 loss=0.067316 epoch_time=0.12s device=cuda
[AE EPOCH] epoch=10/50 loss=0.065426 epoch_time=0.17s device=cuda
[AE EPOCH] epoch=11/50 loss=0.063210 epoch_time=0.11s device=cuda
[AE EPOCH] epoch=12/50 loss=0.060863 epoch_time=0.11s device=cuda
[AE EPOCH] epoch=13/50 loss=0.058656 epoch_time=0.12s device=cuda
[AE EPOCH] epoch=14/50 loss=0.056708 epoch_time=0.14s device=cuda
[AE EPOCH] epoch=15/50 loss=0.055017 epoch_time=0.13s device=cuda
[AE EPOCH] epoch=16/50 loss=0.053562 epoch_time=0.13s device=cuda
[AE EPOCH] epoch=17/50 loss=0.052292 epoch_time=0.18s device=cuda
[AE EPOCH] epoch=18/50 loss=0.051159 epoch_time=0.15s device=cuda
[AE EPOCH] epoch=19/50 loss=0.050131 epoch_time=0.16s device=cuda
[AE EPOCH] epoch=20/50 loss=0.049104 epoch_time=0.11s device=cuda
[AE EPOCH] epoch=21/50 loss=0.048128 epoch_time=0.09s device=cuda
[AE EPOCH] epoch=22/50 loss=0.047197 epoch_time=0.09s device=cuda
[AE EPOCH] epoch=23/50 loss=0.046397 epoch_time=0.09s device=cuda
[AE EPOCH] epoch=24/50 loss=0.045696 epoch_time=0.08s device=cuda
[AE EPOCH] epoch=25/50 loss=0.045074 epoch_time=0.09s device=cuda
[AE EPOCH] epoch=26/50 loss=0.044503 epoch_time=0.10s device=cuda
[AE EPOCH] epoch=27/50 loss=0.043975 epoch_time=0.08s device=cuda
[AE EPOCH] epoch=28/50 loss=0.043487 epoch_time=0.09s device=cuda
[AE EPOCH] epoch=29/50 loss=0.043010 epoch_time=0.11s device=cuda
[AE EPOCH] epoch=30/50 loss=0.042569 epoch_time=0.08s device=cuda
[AE EPOCH] epoch=31/50 loss=0.042146 epoch_time=0.08s device=cuda
[AE EPOCH] epoch=32/50 loss=0.041761 epoch_time=0.09s device=cuda
[AE EPOCH] epoch=33/50 loss=0.041378 epoch_time=0.09s device=cuda
[AE EPOCH] epoch=34/50 loss=0.041018 epoch_time=0.10s device=cuda
[AE EPOCH] epoch=35/50 loss=0.040687 epoch_time=0.10s device=cuda
[AE EPOCH] epoch=36/50 loss=0.040372 epoch_time=0.11s device=cuda
[AE EPOCH] epoch=37/50 loss=0.040068 epoch_time=0.10s device=cuda
[AE EPOCH] epoch=38/50 loss=0.039782 epoch_time=0.09s device=cuda
[AE EPOCH] epoch=39/50 loss=0.039491 epoch_time=0.08s device=cuda
[AE EPOCH] epoch=40/50 loss=0.039228 epoch_time=0.08s device=cuda
[AE EPOCH] epoch=41/50 loss=0.038957 epoch_time=0.08s device=cuda
[AE EPOCH] epoch=42/50 loss=0.038709 epoch_time=0.08s device=cuda
[AE EPOCH] epoch=43/50 loss=0.038465 epoch_time=0.09s device=cuda
[AE EPOCH] epoch=44/50 loss=0.038247 epoch_time=0.08s device=cuda
[AE EPOCH] epoch=45/50 loss=0.038017 epoch_time=0.08s device=cuda
[AE EPOCH] epoch=46/50 loss=0.037810 epoch_time=0.08s device=cuda
[AE EPOCH] epoch=47/50 loss=0.037606 epoch_time=0.10s device=cuda
[AE EPOCH] epoch=48/50 loss=0.037400 epoch_time=0.09s device=cuda
[AE EPOCH] epoch=49/50 loss=0.037238 epoch_time=0.08s device=cuda
[AE EPOCH] epoch=50/50 loss=0.037050 epoch_time=0.08s device=cuda
[AE TRAIN COMPLETE] total_time=5.45s
[AE TRAIN COMPLETE] 2026-05-03T02:26:57.236253 bottleneck=5 replicate=0 dur=13.2s seed=3
[EST START] 2026-05-03T02:26:57.388399 bottleneck=5 replicate=0 seed=3 estimator=Levina-Bickel k=3 sigma=0.0
[EST DONE] 2026-05-03T02:26:58.081028 bottleneck=5 replicate=0 seed=3 estimator=Levina-Bickel k=3 dur=0.693s
[EST START] 2026-05-03T02:26:58.081247 bottleneck=5 replicate=0 seed=3 estimator=Levina-Bickel k=5 sigma=0.0
[EST DONE] 2026-05-03T02:26:58.456713 bottleneck=5 replicate=0 seed=3 estimator=Levina-Bickel k=5 dur=0.375s
[EST START] 2026-05-03T02:26:58.456798 bottleneck=5 replicate=0 seed=3 estimator=Levina-Bickel k=7 sigma=0.0
[EST DONE] 2026-05-03T02:26:58.762544 bottleneck=5 replicate=0 seed=3 estimator=Levina-Bickel k=7 dur=0.306s
[EST START] 2026-05-03T02:26:58.762634 bottleneck=5 replicate=0 seed=3 estimator=Levina-Bickel k=10 sigma=0.0
[EST DONE] 2026-05-03T02:26:59.082210 bottleneck=5 replicate=0 seed=3 estimator=Levina-Bickel k=10 dur=0.319s
[EST START] 2026-05-03T02:26:59.082347 bottleneck=5 replicate=0 seed=3 estimator=Levina-Bickel k=15 sigma=0.0
[EST DONE] 2026-05-03T02:26:59.393309 bottleneck=5 replicate=0 seed=3 estimator=Levina-Bickel k=15 dur=0.311s
[EST START] 2026-05-03T02:26:59.393429 bottleneck=5 replicate=0 seed=3 estimator=TwoNN k=ALL sigma=0.0
[EST DONE] 2026-05-03T02:26:59.680974 bottleneck=5 replicate=0 seed=3 estimator=TwoNN k=ALL dur=0.288s
[EST START] 2026-05-03T02:26:59.681130 bottleneck=5 replicate=0 seed=3 estimator=lPCA k=3 sigma=0.0
[EST DONE] 2026-05-03T02:27:03.954078 bottleneck=5 replicate=0 seed=3 estimator=lPCA k=3 dur=4.273s
[EST START] 2026-05-03T02:27:03.954182 bottleneck=5 replicate=0 seed=3 estimator=lPCA k=5 sigma=0.0
[EST DONE] 2026-05-03T02:27:08.802882 bottleneck=5 replicate=0 seed=3 estimator=lPCA k=5 dur=4.849s
[EST START] 2026-05-03T02:27:08.803017 bottleneck=5 replicate=0 seed=3 estimator=lPCA k=7 sigma=0.0
[EST DONE] 2026-05-03T02:27:13.858838 bottleneck=5 replicate=0 seed=3 estimator=lPCA k=7 dur=5.056s
[EST START] 2026-05-03T02:27:13.858983 bottleneck=5 replicate=0 seed=3 estimator=lPCA k=10 sigma=0.0
[EST DONE] 2026-05-03T02:27:19.614416 bottleneck=5 replicate=0 seed=3 estimator=lPCA k=10 dur=5.755s
[EST START] 2026-05-03T02:27:19.614557 bottleneck=5 replicate=0 seed=3 estimator=lPCA k=15 sigma=0.0
[EST DONE] 2026-05-03T02:27:26.434121 bottleneck=5 replicate=0 seed=3 estimator=lPCA k=15 dur=6.820s
[EST START] 2026-05-03T02:27:26.434320 bottleneck=5 replicate=0 seed=3 estimator=DANCo k=3 sigma=0.0
[EST DONE] 2026-05-03T02:27:59.265330 bottleneck=5 replicate=0 seed=3 estimator=DANCo k=3 dur=32.831s
[EST START] 2026-05-03T02:27:59.265454 bottleneck=5 replicate=0 seed=3 estimator=DANCo k=5 sigma=0.0
[EST DONE] 2026-05-03T02:28:28.812184 bottleneck=5 replicate=0 seed=3 estimator=DANCo k=5 dur=29.547s
[EST START] 2026-05-03T02:28:28.812315 bottleneck=5 replicate=0 seed=3 estimator=DANCo k=7 sigma=0.0
[EST DONE] 2026-05-03T02:29:00.064302 bottleneck=5 replicate=0 seed=3 estimator=DANCo k=7 dur=31.252s
[EST START] 2026-05-03T02:29:00.064437 bottleneck=5 replicate=0 seed=3 estimator=DANCo k=10 sigma=0.0
[EST DONE] 2026-05-03T02:29:33.771824 bottleneck=5 replicate=0 seed=3 estimator=DANCo k=10 dur=33.707s
[EST START] 2026-05-03T02:29:33.771958 bottleneck=5 replicate=0 seed=3 estimator=DANCo k=15 sigma=0.0
[EST DONE] 2026-05-03T02:30:12.591001 bottleneck=5 replicate=0 seed=3 estimator=DANCo k=15 dur=38.819s
[EST START] 2026-05-03T02:30:12.591196 bottleneck=5 replicate=0 seed=3 estimator=MiND k=3 sigma=0.0
[EST DONE] 2026-05-03T02:30:23.565823 bottleneck=5 replicate=0 seed=3 estimator=MiND k=3 dur=10.975s
[EST START] 2026-05-03T02:30:23.565951 bottleneck=5 replicate=0 seed=3 estimator=MiND k=5 sigma=0.0
[EST DONE] 2026-05-03T02:30:34.027627 bottleneck=5 replicate=0 seed=3 estimator=MiND k=5 dur=10.462s
[EST START] 2026-05-03T02:30:34.027763 bottleneck=5 replicate=0 seed=3 estimator=MiND k=7 sigma=0.0
[EST DONE] 2026-05-03T02:30:44.777014 bottleneck=5 replicate=0 seed=3 estimator=MiND k=7 dur=10.749s
[EST START] 2026-05-03T02:30:44.777108 bottleneck=5 replicate=0 seed=3 estimator=MiND k=10 sigma=0.0
[EST DONE] 2026-05-03T02:30:57.463125 bottleneck=5 replicate=0 seed=3 estimator=MiND k=10 dur=12.686s
[EST START] 2026-05-03T02:30:57.463270 bottleneck=5 replicate=0 seed=3 estimator=MiND k=15 sigma=0.0
[EST DONE] 2026-05-03T02:31:10.209089 bottleneck=5 replicate=0 seed=3 estimator=MiND k=15 dur=12.746s
[EST START] 2026-05-03T02:31:10.209262 bottleneck=5 replicate=0 seed=3 estimator=FisherS k=ALL sigma=0.0
[EST DONE] 2026-05-03T02:31:29.100057 bottleneck=5 replicate=0 seed=3 estimator=FisherS k=ALL dur=18.891s
[EST START] 2026-05-03T02:31:29.236534 bottleneck=5 replicate=0 seed=3 estimator=Levina-Bickel k=3 sigma=0.25
[EST DONE] 2026-05-03T02:31:29.640121 bottleneck=5 replicate=0 seed=3 estimator=Levina-Bickel k=3 dur=0.403s
[EST START] 2026-05-03T02:31:29.640208 bottleneck=5 replicate=0 seed=3 estimator=Levina-Bickel k=5 sigma=0.25
[EST DONE] 2026-05-03T02:31:29.948591 bottleneck=5 replicate=0 seed=3 estimator=Levina-Bickel k=5 dur=0.308s
[EST START] 2026-05-03T02:31:29.948698 bottleneck=5 replicate=0 seed=3 estimator=Levina-Bickel k=7 sigma=0.25
[EST DONE] 2026-05-03T02:31:30.296411 bottleneck=5 replicate=0 seed=3 estimator=Levina-Bickel k=7 dur=0.348s
[EST START] 2026-05-03T02:31:30.296523 bottleneck=5 replicate=0 seed=3 estimator=Levina-Bickel k=10 sigma=0.25
[EST DONE] 2026-05-03T02:31:30.611071 bottleneck=5 replicate=0 seed=3 estimator=Levina-Bickel k=10 dur=0.314s
[EST START] 2026-05-03T02:31:30.611189 bottleneck=5 replicate=0 seed=3 estimator=Levina-Bickel k=15 sigma=0.25
[EST DONE] 2026-05-03T02:31:30.939700 bottleneck=5 replicate=0 seed=3 estimator=Levina-Bickel k=15 dur=0.328s
[EST START] 2026-05-03T02:31:30.939793 bottleneck=5 replicate=0 seed=3 estimator=TwoNN k=ALL sigma=0.25
[EST DONE] 2026-05-03T02:31:31.239445 bottleneck=5 replicate=0 seed=3 estimator=TwoNN k=ALL dur=0.300s
[EST START] 2026-05-03T02:31:31.239587 bottleneck=5 replicate=0 seed=3 estimator=lPCA k=3 sigma=0.25
[EST DONE] 2026-05-03T02:31:35.521124 bottleneck=5 replicate=0 seed=3 estimator=lPCA k=3 dur=4.282s
[EST START] 2026-05-03T02:31:35.521228 bottleneck=5 replicate=0 seed=3 estimator=lPCA k=5 sigma=0.25
[EST DONE] 2026-05-03T02:31:40.504705 bottleneck=5 replicate=0 seed=3 estimator=lPCA k=5 dur=4.983s
[EST START] 2026-05-03T02:31:40.504804 bottleneck=5 replicate=0 seed=3 estimator=lPCA k=7 sigma=0.25
[EST DONE] 2026-05-03T02:31:45.704321 bottleneck=5 replicate=0 seed=3 estimator=lPCA k=7 dur=5.199s
[EST START] 2026-05-03T02:31:45.704414 bottleneck=5 replicate=0 seed=3 estimator=lPCA k=10 sigma=0.25
[EST DONE] 2026-05-03T02:31:51.649033 bottleneck=5 replicate=0 seed=3 estimator=lPCA k=10 dur=5.945s
[EST START] 2026-05-03T02:31:51.649120 bottleneck=5 replicate=0 seed=3 estimator=lPCA k=15 sigma=0.25
[EST DONE] 2026-05-03T02:31:59.002247 bottleneck=5 replicate=0 seed=3 estimator=lPCA k=15 dur=7.353s
[EST START] 2026-05-03T02:31:59.002418 bottleneck=5 replicate=0 seed=3 estimator=DANCo k=3 sigma=0.25
[EST DONE] 2026-05-03T02:32:27.843713 bottleneck=5 replicate=0 seed=3 estimator=DANCo k=3 dur=28.841s
[EST START] 2026-05-03T02:32:27.843827 bottleneck=5 replicate=0 seed=3 estimator=DANCo k=5 sigma=0.25
[EST DONE] 2026-05-03T02:32:57.996563 bottleneck=5 replicate=0 seed=3 estimator=DANCo k=5 dur=30.153s
[EST START] 2026-05-03T02:32:57.996821 bottleneck=5 replicate=0 seed=3 estimator=DANCo k=7 sigma=0.25
[EST DONE] 2026-05-03T02:33:30.797992 bottleneck=5 replicate=0 seed=3 estimator=DANCo k=7 dur=32.801s
[EST START] 2026-05-03T02:33:30.798110 bottleneck=5 replicate=0 seed=3 estimator=DANCo k=10 sigma=0.25
[EST DONE] 2026-05-03T02:34:04.295366 bottleneck=5 replicate=0 seed=3 estimator=DANCo k=10 dur=33.497s
[EST START] 2026-05-03T02:34:04.295468 bottleneck=5 replicate=0 seed=3 estimator=DANCo k=15 sigma=0.25
[EST DONE] 2026-05-03T02:34:42.635738 bottleneck=5 replicate=0 seed=3 estimator=DANCo k=15 dur=38.340s
[EST START] 2026-05-03T02:34:42.635958 bottleneck=5 replicate=0 seed=3 estimator=MiND k=3 sigma=0.25
[EST DONE] 2026-05-03T02:34:51.694130 bottleneck=5 replicate=0 seed=3 estimator=MiND k=3 dur=9.058s
[EST START] 2026-05-03T02:34:51.694235 bottleneck=5 replicate=0 seed=3 estimator=MiND k=5 sigma=0.25
[EST DONE] 2026-05-03T02:34:59.899786 bottleneck=5 replicate=0 seed=3 estimator=MiND k=5 dur=8.206s
[EST START] 2026-05-03T02:34:59.899959 bottleneck=5 replicate=0 seed=3 estimator=MiND k=7 sigma=0.25
[EST DONE] 2026-05-03T02:35:08.528613 bottleneck=5 replicate=0 seed=3 estimator=MiND k=7 dur=8.629s
[EST START] 2026-05-03T02:35:08.528703 bottleneck=5 replicate=0 seed=3 estimator=MiND k=10 sigma=0.25
[EST DONE] 2026-05-03T02:35:17.708251 bottleneck=5 replicate=0 seed=3 estimator=MiND k=10 dur=9.180s
[EST START] 2026-05-03T02:35:17.708375 bottleneck=5 replicate=0 seed=3 estimator=MiND k=15 sigma=0.25
[EST DONE] 2026-05-03T02:35:27.919937 bottleneck=5 replicate=0 seed=3 estimator=MiND k=15 dur=10.212s
[EST START] 2026-05-03T02:35:27.920150 bottleneck=5 replicate=0 seed=3 estimator=FisherS k=ALL sigma=0.25
[EST DONE] 2026-05-03T02:35:31.496258 bottleneck=5 replicate=0 seed=3 estimator=FisherS k=ALL dur=3.576s
[EST START] 2026-05-03T02:35:31.838471 bottleneck=5 replicate=0 seed=3 estimator=Levina-Bickel k=3 sigma=0.5
[EST DONE] 2026-05-03T02:35:32.234894 bottleneck=5 replicate=0 seed=3 estimator=Levina-Bickel k=3 dur=0.396s
[EST START] 2026-05-03T02:35:32.234992 bottleneck=5 replicate=0 seed=3 estimator=Levina-Bickel k=5 sigma=0.5
[EST DONE] 2026-05-03T02:35:32.611176 bottleneck=5 replicate=0 seed=3 estimator=Levina-Bickel k=5 dur=0.376s
[EST START] 2026-05-03T02:35:32.611273 bottleneck=5 replicate=0 seed=3 estimator=Levina-Bickel k=7 sigma=0.5
[EST DONE] 2026-05-03T02:35:33.044021 bottleneck=5 replicate=0 seed=3 estimator=Levina-Bickel k=7 dur=0.433s
[EST START] 2026-05-03T02:35:33.044140 bottleneck=5 replicate=0 seed=3 estimator=Levina-Bickel k=10 sigma=0.5
[EST DONE] 2026-05-03T02:35:33.336678 bottleneck=5 replicate=0 seed=3 estimator=Levina-Bickel k=10 dur=0.293s
[EST START] 2026-05-03T02:35:33.336868 bottleneck=5 replicate=0 seed=3 estimator=Levina-Bickel k=15 sigma=0.5
[EST DONE] 2026-05-03T02:35:33.682500 bottleneck=5 replicate=0 seed=3 estimator=Levina-Bickel k=15 dur=0.346s
[EST START] 2026-05-03T02:35:33.682627 bottleneck=5 replicate=0 seed=3 estimator=TwoNN k=ALL sigma=0.5
[EST DONE] 2026-05-03T02:35:33.976340 bottleneck=5 replicate=0 seed=3 estimator=TwoNN k=ALL dur=0.294s
[EST START] 2026-05-03T02:35:33.976461 bottleneck=5 replicate=0 seed=3 estimator=lPCA k=3 sigma=0.5
[EST DONE] 2026-05-03T02:35:38.232263 bottleneck=5 replicate=0 seed=3 estimator=lPCA k=3 dur=4.256s
[EST START] 2026-05-03T02:35:38.232384 bottleneck=5 replicate=0 seed=3 estimator=lPCA k=5 sigma=0.5
[EST DONE] 2026-05-03T02:35:43.009585 bottleneck=5 replicate=0 seed=3 estimator=lPCA k=5 dur=4.777s
[EST START] 2026-05-03T02:35:43.009692 bottleneck=5 replicate=0 seed=3 estimator=lPCA k=7 sigma=0.5
[EST DONE] 2026-05-03T02:35:48.135826 bottleneck=5 replicate=0 seed=3 estimator=lPCA k=7 dur=5.126s
[EST START] 2026-05-03T02:35:48.136007 bottleneck=5 replicate=0 seed=3 estimator=lPCA k=10 sigma=0.5
[EST DONE] 2026-05-03T02:35:53.874307 bottleneck=5 replicate=0 seed=3 estimator=lPCA k=10 dur=5.738s
[EST START] 2026-05-03T02:35:53.874388 bottleneck=5 replicate=0 seed=3 estimator=lPCA k=15 sigma=0.5
[EST DONE] 2026-05-03T02:36:01.374239 bottleneck=5 replicate=0 seed=3 estimator=lPCA k=15 dur=7.500s
[EST START] 2026-05-03T02:36:01.374386 bottleneck=5 replicate=0 seed=3 estimator=DANCo k=3 sigma=0.5
[EST DONE] 2026-05-03T02:36:30.635033 bottleneck=5 replicate=0 seed=3 estimator=DANCo k=3 dur=29.261s
[EST START] 2026-05-03T02:36:30.635166 bottleneck=5 replicate=0 seed=3 estimator=DANCo k=5 sigma=0.5
[EST DONE] 2026-05-03T02:37:01.344984 bottleneck=5 replicate=0 seed=3 estimator=DANCo k=5 dur=30.710s
[EST START] 2026-05-03T02:37:01.345101 bottleneck=5 replicate=0 seed=3 estimator=DANCo k=7 sigma=0.5
[EST DONE] 2026-05-03T02:37:34.783680 bottleneck=5 replicate=0 seed=3 estimator=DANCo k=7 dur=33.439s
[EST START] 2026-05-03T02:37:34.783905 bottleneck=5 replicate=0 seed=3 estimator=DANCo k=10 sigma=0.5
[EST DONE] 2026-05-03T02:38:11.349322 bottleneck=5 replicate=0 seed=3 estimator=DANCo k=10 dur=36.565s
[EST START] 2026-05-03T02:38:11.349442 bottleneck=5 replicate=0 seed=3 estimator=DANCo k=15 sigma=0.5
[EST DONE] 2026-05-03T02:38:50.816361 bottleneck=5 replicate=0 seed=3 estimator=DANCo k=15 dur=39.467s
[EST START] 2026-05-03T02:38:50.816512 bottleneck=5 replicate=0 seed=3 estimator=MiND k=3 sigma=0.5
[EST DONE] 2026-05-03T02:39:00.469334 bottleneck=5 replicate=0 seed=3 estimator=MiND k=3 dur=9.653s
[EST START] 2026-05-03T02:39:00.469425 bottleneck=5 replicate=0 seed=3 estimator=MiND k=5 sigma=0.5
[EST DONE] 2026-05-03T02:39:10.064909 bottleneck=5 replicate=0 seed=3 estimator=MiND k=5 dur=9.595s
[EST START] 2026-05-03T02:39:10.065035 bottleneck=5 replicate=0 seed=3 estimator=MiND k=7 sigma=0.5
[EST DONE] 2026-05-03T02:39:18.538973 bottleneck=5 replicate=0 seed=3 estimator=MiND k=7 dur=8.474s
[EST START] 2026-05-03T02:39:18.539135 bottleneck=5 replicate=0 seed=3 estimator=MiND k=10 sigma=0.5
[EST DONE] 2026-05-03T02:39:27.397288 bottleneck=5 replicate=0 seed=3 estimator=MiND k=10 dur=8.858s
[EST START] 2026-05-03T02:39:27.397404 bottleneck=5 replicate=0 seed=3 estimator=MiND k=15 sigma=0.5
[EST DONE] 2026-05-03T02:39:36.089770 bottleneck=5 replicate=0 seed=3 estimator=MiND k=15 dur=8.692s
[EST START] 2026-05-03T02:39:36.089875 bottleneck=5 replicate=0 seed=3 estimator=FisherS k=ALL sigma=0.5
[EST DONE] 2026-05-03T02:39:39.299888 bottleneck=5 replicate=0 seed=3 estimator=FisherS k=ALL dur=3.210s
[EST START] 2026-05-03T02:39:39.427521 bottleneck=5 replicate=0 seed=3 estimator=Levina-Bickel k=3 sigma=0.75
[EST DONE] 2026-05-03T02:39:39.827085 bottleneck=5 replicate=0 seed=3 estimator=Levina-Bickel k=3 dur=0.399s
[EST START] 2026-05-03T02:39:39.827183 bottleneck=5 replicate=0 seed=3 estimator=Levina-Bickel k=5 sigma=0.75
[EST DONE] 2026-05-03T02:39:40.158844 bottleneck=5 replicate=0 seed=3 estimator=Levina-Bickel k=5 dur=0.332s
[EST START] 2026-05-03T02:39:40.158977 bottleneck=5 replicate=0 seed=3 estimator=Levina-Bickel k=7 sigma=0.75
[EST DONE] 2026-05-03T02:39:40.450893 bottleneck=5 replicate=0 seed=3 estimator=Levina-Bickel k=7 dur=0.292s
[EST START] 2026-05-03T02:39:40.450995 bottleneck=5 replicate=0 seed=3 estimator=Levina-Bickel k=10 sigma=0.75
[EST DONE] 2026-05-03T02:39:40.754664 bottleneck=5 replicate=0 seed=3 estimator=Levina-Bickel k=10 dur=0.304s
[EST START] 2026-05-03T02:39:40.754837 bottleneck=5 replicate=0 seed=3 estimator=Levina-Bickel k=15 sigma=0.75
[EST DONE] 2026-05-03T02:39:41.209448 bottleneck=5 replicate=0 seed=3 estimator=Levina-Bickel k=15 dur=0.455s
[EST START] 2026-05-03T02:39:41.209544 bottleneck=5 replicate=0 seed=3 estimator=TwoNN k=ALL sigma=0.75
[EST DONE] 2026-05-03T02:39:41.509049 bottleneck=5 replicate=0 seed=3 estimator=TwoNN k=ALL dur=0.299s
[EST START] 2026-05-03T02:39:41.509140 bottleneck=5 replicate=0 seed=3 estimator=lPCA k=3 sigma=0.75
[EST DONE] 2026-05-03T02:39:45.690273 bottleneck=5 replicate=0 seed=3 estimator=lPCA k=3 dur=4.181s
[EST START] 2026-05-03T02:39:45.690368 bottleneck=5 replicate=0 seed=3 estimator=lPCA k=5 sigma=0.75
[EST DONE] 2026-05-03T02:39:50.639012 bottleneck=5 replicate=0 seed=3 estimator=lPCA k=5 dur=4.949s
[EST START] 2026-05-03T02:39:50.639089 bottleneck=5 replicate=0 seed=3 estimator=lPCA k=7 sigma=0.75
[EST DONE] 2026-05-03T02:39:55.786069 bottleneck=5 replicate=0 seed=3 estimator=lPCA k=7 dur=5.147s
[EST START] 2026-05-03T02:39:55.786223 bottleneck=5 replicate=0 seed=3 estimator=lPCA k=10 sigma=0.75
[EST DONE] 2026-05-03T02:40:01.491637 bottleneck=5 replicate=0 seed=3 estimator=lPCA k=10 dur=5.705s
[EST START] 2026-05-03T02:40:01.491730 bottleneck=5 replicate=0 seed=3 estimator=lPCA k=15 sigma=0.75
[EST DONE] 2026-05-03T02:40:08.527611 bottleneck=5 replicate=0 seed=3 estimator=lPCA k=15 dur=7.036s
[EST START] 2026-05-03T02:40:08.527727 bottleneck=5 replicate=0 seed=3 estimator=DANCo k=3 sigma=0.75
[EST DONE] 2026-05-03T02:40:34.640243 bottleneck=5 replicate=0 seed=3 estimator=DANCo k=3 dur=26.112s
[EST START] 2026-05-03T02:40:34.640376 bottleneck=5 replicate=0 seed=3 estimator=DANCo k=5 sigma=0.75
[EST DONE] 2026-05-03T02:41:06.090357 bottleneck=5 replicate=0 seed=3 estimator=DANCo k=5 dur=31.450s
[EST START] 2026-05-03T02:41:06.090479 bottleneck=5 replicate=0 seed=3 estimator=DANCo k=7 sigma=0.75
[EST DONE] 2026-05-03T02:41:39.371889 bottleneck=5 replicate=0 seed=3 estimator=DANCo k=7 dur=33.281s
[EST START] 2026-05-03T02:41:39.372072 bottleneck=5 replicate=0 seed=3 estimator=DANCo k=10 sigma=0.75
[EST DONE] 2026-05-03T02:42:13.464385 bottleneck=5 replicate=0 seed=3 estimator=DANCo k=10 dur=34.092s
[EST START] 2026-05-03T02:42:13.464505 bottleneck=5 replicate=0 seed=3 estimator=DANCo k=15 sigma=0.75
[EST DONE] 2026-05-03T02:42:51.101994 bottleneck=5 replicate=0 seed=3 estimator=DANCo k=15 dur=37.637s
[EST START] 2026-05-03T02:42:51.102151 bottleneck=5 replicate=0 seed=3 estimator=MiND k=3 sigma=0.75
[EST DONE] 2026-05-03T02:42:59.606734 bottleneck=5 replicate=0 seed=3 estimator=MiND k=3 dur=8.504s
[EST START] 2026-05-03T02:42:59.606860 bottleneck=5 replicate=0 seed=3 estimator=MiND k=5 sigma=0.75
[EST DONE] 2026-05-03T02:43:08.752253 bottleneck=5 replicate=0 seed=3 estimator=MiND k=5 dur=9.145s
[EST START] 2026-05-03T02:43:08.752395 bottleneck=5 replicate=0 seed=3 estimator=MiND k=7 sigma=0.75
[EST DONE] 2026-05-03T02:43:18.209440 bottleneck=5 replicate=0 seed=3 estimator=MiND k=7 dur=9.457s
[EST START] 2026-05-03T02:43:18.209550 bottleneck=5 replicate=0 seed=3 estimator=MiND k=10 sigma=0.75
[EST DONE] 2026-05-03T02:43:27.828950 bottleneck=5 replicate=0 seed=3 estimator=MiND k=10 dur=9.619s
[EST START] 2026-05-03T02:43:27.829097 bottleneck=5 replicate=0 seed=3 estimator=MiND k=15 sigma=0.75
[EST DONE] 2026-05-03T02:43:36.822992 bottleneck=5 replicate=0 seed=3 estimator=MiND k=15 dur=8.994s
[EST START] 2026-05-03T02:43:36.823132 bottleneck=5 replicate=0 seed=3 estimator=FisherS k=ALL sigma=0.75
[EST DONE] 2026-05-03T02:43:40.548195 bottleneck=5 replicate=0 seed=3 estimator=FisherS k=ALL dur=3.725s
[EST START] 2026-05-03T02:43:40.782715 bottleneck=5 replicate=0 seed=3 estimator=Levina-Bickel k=3 sigma=1.0
[EST DONE] 2026-05-03T02:43:41.087196 bottleneck=5 replicate=0 seed=3 estimator=Levina-Bickel k=3 dur=0.304s
[EST START] 2026-05-03T02:43:41.087276 bottleneck=5 replicate=0 seed=3 estimator=Levina-Bickel k=5 sigma=1.0
[EST DONE] 2026-05-03T02:43:41.450227 bottleneck=5 replicate=0 seed=3 estimator=Levina-Bickel k=5 dur=0.363s
[EST START] 2026-05-03T02:43:41.450434 bottleneck=5 replicate=0 seed=3 estimator=Levina-Bickel k=7 sigma=1.0
[EST DONE] 2026-05-03T02:43:41.766832 bottleneck=5 replicate=0 seed=3 estimator=Levina-Bickel k=7 dur=0.316s
[EST START] 2026-05-03T02:43:41.766916 bottleneck=5 replicate=0 seed=3 estimator=Levina-Bickel k=10 sigma=1.0
[EST DONE] 2026-05-03T02:43:42.081928 bottleneck=5 replicate=0 seed=3 estimator=Levina-Bickel k=10 dur=0.315s
[EST START] 2026-05-03T02:43:42.082028 bottleneck=5 replicate=0 seed=3 estimator=Levina-Bickel k=15 sigma=1.0
[EST DONE] 2026-05-03T02:43:42.540073 bottleneck=5 replicate=0 seed=3 estimator=Levina-Bickel k=15 dur=0.458s
[EST START] 2026-05-03T02:43:42.540174 bottleneck=5 replicate=0 seed=3 estimator=TwoNN k=ALL sigma=1.0
[EST DONE] 2026-05-03T02:43:42.855760 bottleneck=5 replicate=0 seed=3 estimator=TwoNN k=ALL dur=0.316s
[EST START] 2026-05-03T02:43:42.855861 bottleneck=5 replicate=0 seed=3 estimator=lPCA k=3 sigma=1.0
[EST DONE] 2026-05-03T02:43:46.973692 bottleneck=5 replicate=0 seed=3 estimator=lPCA k=3 dur=4.118s
[EST START] 2026-05-03T02:43:46.973875 bottleneck=5 replicate=0 seed=3 estimator=lPCA k=5 sigma=1.0
[EST DONE] 2026-05-03T02:43:51.681667 bottleneck=5 replicate=0 seed=3 estimator=lPCA k=5 dur=4.708s
[EST START] 2026-05-03T02:43:51.681778 bottleneck=5 replicate=0 seed=3 estimator=lPCA k=7 sigma=1.0
[EST DONE] 2026-05-03T02:43:56.770689 bottleneck=5 replicate=0 seed=3 estimator=lPCA k=7 dur=5.089s
[EST START] 2026-05-03T02:43:56.770784 bottleneck=5 replicate=0 seed=3 estimator=lPCA k=10 sigma=1.0
[EST DONE] 2026-05-03T02:44:02.383212 bottleneck=5 replicate=0 seed=3 estimator=lPCA k=10 dur=5.612s
[EST START] 2026-05-03T02:44:02.383328 bottleneck=5 replicate=0 seed=3 estimator=lPCA k=15 sigma=1.0
[EST DONE] 2026-05-03T02:44:09.419876 bottleneck=5 replicate=0 seed=3 estimator=lPCA k=15 dur=7.037s
[EST START] 2026-05-03T02:44:09.419974 bottleneck=5 replicate=0 seed=3 estimator=DANCo k=3 sigma=1.0
[EST DONE] 2026-05-03T02:44:38.437499 bottleneck=5 replicate=0 seed=3 estimator=DANCo k=3 dur=29.018s
[EST START] 2026-05-03T02:44:38.437688 bottleneck=5 replicate=0 seed=3 estimator=DANCo k=5 sigma=1.0
[EST DONE] 2026-05-03T02:45:08.324235 bottleneck=5 replicate=0 seed=3 estimator=DANCo k=5 dur=29.887s
[EST START] 2026-05-03T02:45:08.324367 bottleneck=5 replicate=0 seed=3 estimator=DANCo k=7 sigma=1.0
[EST DONE] 2026-05-03T02:45:40.786030 bottleneck=5 replicate=0 seed=3 estimator=DANCo k=7 dur=32.462s
[EST START] 2026-05-03T02:45:40.786163 bottleneck=5 replicate=0 seed=3 estimator=DANCo k=10 sigma=1.0
[EST DONE] 2026-05-03T02:46:15.494883 bottleneck=5 replicate=0 seed=3 estimator=DANCo k=10 dur=34.709s
[EST START] 2026-05-03T02:46:15.495026 bottleneck=5 replicate=0 seed=3 estimator=DANCo k=15 sigma=1.0
[EST DONE] 2026-05-03T02:46:56.318905 bottleneck=5 replicate=0 seed=3 estimator=DANCo k=15 dur=40.824s
[EST START] 2026-05-03T02:46:56.319107 bottleneck=5 replicate=0 seed=3 estimator=MiND k=3 sigma=1.0
[EST DONE] 2026-05-03T02:47:05.807393 bottleneck=5 replicate=0 seed=3 estimator=MiND k=3 dur=9.488s
[EST START] 2026-05-03T02:47:05.807596 bottleneck=5 replicate=0 seed=3 estimator=MiND k=5 sigma=1.0
[EST DONE] 2026-05-03T02:47:15.043009 bottleneck=5 replicate=0 seed=3 estimator=MiND k=5 dur=9.235s
[EST START] 2026-05-03T02:47:15.043119 bottleneck=5 replicate=0 seed=3 estimator=MiND k=7 sigma=1.0
[EST DONE] 2026-05-03T02:47:24.389583 bottleneck=5 replicate=0 seed=3 estimator=MiND k=7 dur=9.346s
[EST START] 2026-05-03T02:47:24.389686 bottleneck=5 replicate=0 seed=3 estimator=MiND k=10 sigma=1.0
[EST DONE] 2026-05-03T02:47:33.603616 bottleneck=5 replicate=0 seed=3 estimator=MiND k=10 dur=9.214s
[EST START] 2026-05-03T02:47:33.603709 bottleneck=5 replicate=0 seed=3 estimator=MiND k=15 sigma=1.0
[EST DONE] 2026-05-03T02:47:42.621133 bottleneck=5 replicate=0 seed=3 estimator=MiND k=15 dur=9.017s
[EST START] 2026-05-03T02:47:42.621248 bottleneck=5 replicate=0 seed=3 estimator=FisherS k=ALL sigma=1.0
[EST DONE] 2026-05-03T02:47:45.477677 bottleneck=5 replicate=0 seed=3 estimator=FisherS k=ALL dur=2.856s
[MNIST TASK START] 2026-05-03T02:47:45.477990 bottleneck=7 replicate=0 seed=3
[AE START] seed=3 bottleneck=7 epochs=50 subset=5000
[AE EPOCH] epoch=1/50 loss=0.223700 epoch_time=0.36s device=cuda
[AE EPOCH] epoch=2/50 loss=0.181845 epoch_time=0.18s device=cuda
[AE EPOCH] epoch=3/50 loss=0.111102 epoch_time=0.12s device=cuda
[AE EPOCH] epoch=4/50 loss=0.079723 epoch_time=0.11s device=cuda
[AE EPOCH] epoch=5/50 loss=0.073401 epoch_time=0.09s device=cuda
[AE EPOCH] epoch=6/50 loss=0.071399 epoch_time=0.13s device=cuda
[AE EPOCH] epoch=7/50 loss=0.070217 epoch_time=0.13s device=cuda
[AE EPOCH] epoch=8/50 loss=0.069172 epoch_time=0.15s device=cuda
[AE EPOCH] epoch=9/50 loss=0.067948 epoch_time=0.09s device=cuda
[AE EPOCH] epoch=10/50 loss=0.066405 epoch_time=0.09s device=cuda
[AE EPOCH] epoch=11/50 loss=0.064537 epoch_time=0.09s device=cuda
[AE EPOCH] epoch=12/50 loss=0.062566 epoch_time=0.09s device=cuda
[AE EPOCH] epoch=13/50 loss=0.060716 epoch_time=0.08s device=cuda
[AE EPOCH] epoch=14/50 loss=0.058889 epoch_time=0.10s device=cuda
[AE EPOCH] epoch=15/50 loss=0.056997 epoch_time=0.09s device=cuda
[AE EPOCH] epoch=16/50 loss=0.055139 epoch_time=0.09s device=cuda
[AE EPOCH] epoch=17/50 loss=0.053495 epoch_time=0.08s device=cuda
[AE EPOCH] epoch=18/50 loss=0.052111 epoch_time=0.09s device=cuda
[AE EPOCH] epoch=19/50 loss=0.050952 epoch_time=0.09s device=cuda
[AE EPOCH] epoch=20/50 loss=0.049920 epoch_time=0.09s device=cuda
[AE EPOCH] epoch=21/50 loss=0.048927 epoch_time=0.08s device=cuda
[AE EPOCH] epoch=22/50 loss=0.047892 epoch_time=0.11s device=cuda
[AE EPOCH] epoch=23/50 loss=0.046811 epoch_time=0.09s device=cuda
[AE EPOCH] epoch=24/50 loss=0.045667 epoch_time=0.10s device=cuda
[AE EPOCH] epoch=25/50 loss=0.044566 epoch_time=0.08s device=cuda
[AE EPOCH] epoch=26/50 loss=0.043601 epoch_time=0.08s device=cuda
[AE EPOCH] epoch=27/50 loss=0.042758 epoch_time=0.08s device=cuda
[AE EPOCH] epoch=28/50 loss=0.041984 epoch_time=0.13s device=cuda
[AE EPOCH] epoch=29/50 loss=0.041270 epoch_time=0.08s device=cuda
[AE EPOCH] epoch=30/50 loss=0.040622 epoch_time=0.14s device=cuda
[AE EPOCH] epoch=31/50 loss=0.040002 epoch_time=0.12s device=cuda
[AE EPOCH] epoch=32/50 loss=0.039382 epoch_time=0.11s device=cuda
[AE EPOCH] epoch=33/50 loss=0.038797 epoch_time=0.11s device=cuda
[AE EPOCH] epoch=34/50 loss=0.038239 epoch_time=0.11s device=cuda
[AE EPOCH] epoch=35/50 loss=0.037722 epoch_time=0.11s device=cuda
[AE EPOCH] epoch=36/50 loss=0.037229 epoch_time=0.11s device=cuda
[AE EPOCH] epoch=37/50 loss=0.036771 epoch_time=0.11s device=cuda
[AE EPOCH] epoch=38/50 loss=0.036348 epoch_time=0.11s device=cuda
[AE EPOCH] epoch=39/50 loss=0.035961 epoch_time=0.11s device=cuda
[AE EPOCH] epoch=40/50 loss=0.035611 epoch_time=0.08s device=cuda
[AE EPOCH] epoch=41/50 loss=0.035299 epoch_time=0.08s device=cuda
[AE EPOCH] epoch=42/50 loss=0.035013 epoch_time=0.08s device=cuda
[AE EPOCH] epoch=43/50 loss=0.034742 epoch_time=0.08s device=cuda
[AE EPOCH] epoch=44/50 loss=0.034491 epoch_time=0.08s device=cuda
[AE EPOCH] epoch=45/50 loss=0.034266 epoch_time=0.08s device=cuda
[AE EPOCH] epoch=46/50 loss=0.034043 epoch_time=0.08s device=cuda
[AE EPOCH] epoch=47/50 loss=0.033831 epoch_time=0.08s device=cuda
[AE EPOCH] epoch=48/50 loss=0.033635 epoch_time=0.08s device=cuda
[AE EPOCH] epoch=49/50 loss=0.033452 epoch_time=0.08s device=cuda
[AE EPOCH] epoch=50/50 loss=0.033268 epoch_time=0.10s device=cuda
[AE TRAIN COMPLETE] total_time=5.27s
[AE TRAIN COMPLETE] 2026-05-03T02:48:00.288327 bottleneck=7 replicate=0 dur=14.8s seed=3
[EST START] 2026-05-03T02:48:00.532574 bottleneck=7 replicate=0 seed=3 estimator=Levina-Bickel k=3 sigma=0.0
[EST DONE] 2026-05-03T02:48:01.048837 bottleneck=7 replicate=0 seed=3 estimator=Levina-Bickel k=3 dur=0.516s
[EST START] 2026-05-03T02:48:01.048938 bottleneck=7 replicate=0 seed=3 estimator=Levina-Bickel k=5 sigma=0.0
[EST DONE] 2026-05-03T02:48:01.495015 bottleneck=7 replicate=0 seed=3 estimator=Levina-Bickel k=5 dur=0.446s
[EST START] 2026-05-03T02:48:01.495104 bottleneck=7 replicate=0 seed=3 estimator=Levina-Bickel k=7 sigma=0.0
[EST DONE] 2026-05-03T02:48:01.805419 bottleneck=7 replicate=0 seed=3 estimator=Levina-Bickel k=7 dur=0.310s
[EST START] 2026-05-03T02:48:01.805557 bottleneck=7 replicate=0 seed=3 estimator=Levina-Bickel k=10 sigma=0.0
[EST DONE] 2026-05-03T02:48:02.107052 bottleneck=7 replicate=0 seed=3 estimator=Levina-Bickel k=10 dur=0.301s
[EST START] 2026-05-03T02:48:02.107140 bottleneck=7 replicate=0 seed=3 estimator=Levina-Bickel k=15 sigma=0.0
[EST DONE] 2026-05-03T02:48:02.605122 bottleneck=7 replicate=0 seed=3 estimator=Levina-Bickel k=15 dur=0.498s
[EST START] 2026-05-03T02:48:02.605327 bottleneck=7 replicate=0 seed=3 estimator=TwoNN k=ALL sigma=0.0
[EST DONE] 2026-05-03T02:48:02.904378 bottleneck=7 replicate=0 seed=3 estimator=TwoNN k=ALL dur=0.299s
[EST START] 2026-05-03T02:48:02.904489 bottleneck=7 replicate=0 seed=3 estimator=lPCA k=3 sigma=0.0
[EST DONE] 2026-05-03T02:48:07.198234 bottleneck=7 replicate=0 seed=3 estimator=lPCA k=3 dur=4.294s
[EST START] 2026-05-03T02:48:07.198342 bottleneck=7 replicate=0 seed=3 estimator=lPCA k=5 sigma=0.0
[EST DONE] 2026-05-03T02:48:11.929802 bottleneck=7 replicate=0 seed=3 estimator=lPCA k=5 dur=4.731s
[EST START] 2026-05-03T02:48:11.929898 bottleneck=7 replicate=0 seed=3 estimator=lPCA k=7 sigma=0.0
[EST DONE] 2026-05-03T02:48:16.986942 bottleneck=7 replicate=0 seed=3 estimator=lPCA k=7 dur=5.057s
[EST START] 2026-05-03T02:48:16.987032 bottleneck=7 replicate=0 seed=3 estimator=lPCA k=10 sigma=0.0
[EST DONE] 2026-05-03T02:48:22.657512 bottleneck=7 replicate=0 seed=3 estimator=lPCA k=10 dur=5.670s
[EST START] 2026-05-03T02:48:22.657641 bottleneck=7 replicate=0 seed=3 estimator=lPCA k=15 sigma=0.0
[EST DONE] 2026-05-03T02:48:29.546869 bottleneck=7 replicate=0 seed=3 estimator=lPCA k=15 dur=6.889s
[EST START] 2026-05-03T02:48:29.546966 bottleneck=7 replicate=0 seed=3 estimator=DANCo k=3 sigma=0.0
[EST DONE] 2026-05-03T02:48:58.085799 bottleneck=7 replicate=0 seed=3 estimator=DANCo k=3 dur=28.539s
[EST START] 2026-05-03T02:48:58.085925 bottleneck=7 replicate=0 seed=3 estimator=DANCo k=5 sigma=0.0
[EST DONE] 2026-05-03T02:49:28.841327 bottleneck=7 replicate=0 seed=3 estimator=DANCo k=5 dur=30.755s
[EST START] 2026-05-03T02:49:28.841459 bottleneck=7 replicate=0 seed=3 estimator=DANCo k=7 sigma=0.0
[EST DONE] 2026-05-03T02:50:01.181680 bottleneck=7 replicate=0 seed=3 estimator=DANCo k=7 dur=32.340s
[EST START] 2026-05-03T02:50:01.181806 bottleneck=7 replicate=0 seed=3 estimator=DANCo k=10 sigma=0.0
[EST DONE] 2026-05-03T02:50:36.117511 bottleneck=7 replicate=0 seed=3 estimator=DANCo k=10 dur=34.936s
[EST START] 2026-05-03T02:50:36.117630 bottleneck=7 replicate=0 seed=3 estimator=DANCo k=15 sigma=0.0
[EST DONE] 2026-05-03T02:51:15.070664 bottleneck=7 replicate=0 seed=3 estimator=DANCo k=15 dur=38.953s
[EST START] 2026-05-03T02:51:15.070829 bottleneck=7 replicate=0 seed=3 estimator=MiND k=3 sigma=0.0
[EST DONE] 2026-05-03T02:51:26.145175 bottleneck=7 replicate=0 seed=3 estimator=MiND k=3 dur=11.074s
[EST START] 2026-05-03T02:51:26.145309 bottleneck=7 replicate=0 seed=3 estimator=MiND k=5 sigma=0.0
[EST DONE] 2026-05-03T02:51:37.886014 bottleneck=7 replicate=0 seed=3 estimator=MiND k=5 dur=11.741s
[EST START] 2026-05-03T02:51:37.886141 bottleneck=7 replicate=0 seed=3 estimator=MiND k=7 sigma=0.0
[EST DONE] 2026-05-03T02:51:49.359890 bottleneck=7 replicate=0 seed=3 estimator=MiND k=7 dur=11.474s
[EST START] 2026-05-03T02:51:49.360039 bottleneck=7 replicate=0 seed=3 estimator=MiND k=10 sigma=0.0
[EST DONE] 2026-05-03T02:52:00.147738 bottleneck=7 replicate=0 seed=3 estimator=MiND k=10 dur=10.788s
[EST START] 2026-05-03T02:52:00.147852 bottleneck=7 replicate=0 seed=3 estimator=MiND k=15 sigma=0.0
[EST DONE] 2026-05-03T02:52:12.711793 bottleneck=7 replicate=0 seed=3 estimator=MiND k=15 dur=12.564s
[EST START] 2026-05-03T02:52:12.711962 bottleneck=7 replicate=0 seed=3 estimator=FisherS k=ALL sigma=0.0
[EST DONE] 2026-05-03T02:52:17.074814 bottleneck=7 replicate=0 seed=3 estimator=FisherS k=ALL dur=4.363s
[EST START] 2026-05-03T02:52:17.207373 bottleneck=7 replicate=0 seed=3 estimator=Levina-Bickel k=3 sigma=0.25
[EST DONE] 2026-05-03T02:52:17.580428 bottleneck=7 replicate=0 seed=3 estimator=Levina-Bickel k=3 dur=0.373s
[EST START] 2026-05-03T02:52:17.580531 bottleneck=7 replicate=0 seed=3 estimator=Levina-Bickel k=5 sigma=0.25
[EST DONE] 2026-05-03T02:52:17.884481 bottleneck=7 replicate=0 seed=3 estimator=Levina-Bickel k=5 dur=0.304s
[EST START] 2026-05-03T02:52:17.884570 bottleneck=7 replicate=0 seed=3 estimator=Levina-Bickel k=7 sigma=0.25
[EST DONE] 2026-05-03T02:52:18.275647 bottleneck=7 replicate=0 seed=3 estimator=Levina-Bickel k=7 dur=0.391s
[EST START] 2026-05-03T02:52:18.275780 bottleneck=7 replicate=0 seed=3 estimator=Levina-Bickel k=10 sigma=0.25
[EST DONE] 2026-05-03T02:52:18.576796 bottleneck=7 replicate=0 seed=3 estimator=Levina-Bickel k=10 dur=0.301s
[EST START] 2026-05-03T02:52:18.576906 bottleneck=7 replicate=0 seed=3 estimator=Levina-Bickel k=15 sigma=0.25
[EST DONE] 2026-05-03T02:52:18.966527 bottleneck=7 replicate=0 seed=3 estimator=Levina-Bickel k=15 dur=0.390s
[EST START] 2026-05-03T02:52:18.966627 bottleneck=7 replicate=0 seed=3 estimator=TwoNN k=ALL sigma=0.25
[EST DONE] 2026-05-03T02:52:19.252169 bottleneck=7 replicate=0 seed=3 estimator=TwoNN k=ALL dur=0.286s
[EST START] 2026-05-03T02:52:19.252309 bottleneck=7 replicate=0 seed=3 estimator=lPCA k=3 sigma=0.25
[EST DONE] 2026-05-03T02:52:23.373396 bottleneck=7 replicate=0 seed=3 estimator=lPCA k=3 dur=4.121s
[EST START] 2026-05-03T02:52:23.373487 bottleneck=7 replicate=0 seed=3 estimator=lPCA k=5 sigma=0.25
[EST DONE] 2026-05-03T02:52:28.470168 bottleneck=7 replicate=0 seed=3 estimator=lPCA k=5 dur=5.097s
[EST START] 2026-05-03T02:52:28.470316 bottleneck=7 replicate=0 seed=3 estimator=lPCA k=7 sigma=0.25
[EST DONE] 2026-05-03T02:52:33.665051 bottleneck=7 replicate=0 seed=3 estimator=lPCA k=7 dur=5.195s
[EST START] 2026-05-03T02:52:33.665135 bottleneck=7 replicate=0 seed=3 estimator=lPCA k=10 sigma=0.25
[EST DONE] 2026-05-03T02:52:39.416652 bottleneck=7 replicate=0 seed=3 estimator=lPCA k=10 dur=5.751s
[EST START] 2026-05-03T02:52:39.416775 bottleneck=7 replicate=0 seed=3 estimator=lPCA k=15 sigma=0.25
[EST DONE] 2026-05-03T02:52:46.385577 bottleneck=7 replicate=0 seed=3 estimator=lPCA k=15 dur=6.969s
[EST START] 2026-05-03T02:52:46.385708 bottleneck=7 replicate=0 seed=3 estimator=DANCo k=3 sigma=0.25
[EST DONE] 2026-05-03T02:53:15.377994 bottleneck=7 replicate=0 seed=3 estimator=DANCo k=3 dur=28.992s
[EST START] 2026-05-03T02:53:15.378115 bottleneck=7 replicate=0 seed=3 estimator=DANCo k=5 sigma=0.25
[EST DONE] 2026-05-03T02:53:47.009051 bottleneck=7 replicate=0 seed=3 estimator=DANCo k=5 dur=31.631s
[EST START] 2026-05-03T02:53:47.009191 bottleneck=7 replicate=0 seed=3 estimator=DANCo k=7 sigma=0.25
[EST DONE] 2026-05-03T02:54:20.369493 bottleneck=7 replicate=0 seed=3 estimator=DANCo k=7 dur=33.360s
[EST START] 2026-05-03T02:54:20.369660 bottleneck=7 replicate=0 seed=3 estimator=DANCo k=10 sigma=0.25
[EST DONE] 2026-05-03T02:54:53.672195 bottleneck=7 replicate=0 seed=3 estimator=DANCo k=10 dur=33.303s
[EST START] 2026-05-03T02:54:53.672317 bottleneck=7 replicate=0 seed=3 estimator=DANCo k=15 sigma=0.25
[EST DONE] 2026-05-03T02:55:33.939660 bottleneck=7 replicate=0 seed=3 estimator=DANCo k=15 dur=40.267s
[EST START] 2026-05-03T02:55:33.939777 bottleneck=7 replicate=0 seed=3 estimator=MiND k=3 sigma=0.25
[EST DONE] 2026-05-03T02:55:42.326996 bottleneck=7 replicate=0 seed=3 estimator=MiND k=3 dur=8.387s
[EST START] 2026-05-03T02:55:42.327134 bottleneck=7 replicate=0 seed=3 estimator=MiND k=5 sigma=0.25
[EST DONE] 2026-05-03T02:55:51.829955 bottleneck=7 replicate=0 seed=3 estimator=MiND k=5 dur=9.503s
[EST START] 2026-05-03T02:55:51.830062 bottleneck=7 replicate=0 seed=3 estimator=MiND k=7 sigma=0.25
[EST DONE] 2026-05-03T02:56:02.161193 bottleneck=7 replicate=0 seed=3 estimator=MiND k=7 dur=10.331s
[EST START] 2026-05-03T02:56:02.161322 bottleneck=7 replicate=0 seed=3 estimator=MiND k=10 sigma=0.25
[EST DONE] 2026-05-03T02:56:10.049338 bottleneck=7 replicate=0 seed=3 estimator=MiND k=10 dur=7.888s
[EST START] 2026-05-03T02:56:10.049471 bottleneck=7 replicate=0 seed=3 estimator=MiND k=15 sigma=0.25
[EST DONE] 2026-05-03T02:56:19.003102 bottleneck=7 replicate=0 seed=3 estimator=MiND k=15 dur=8.954s
[EST START] 2026-05-03T02:56:19.003228 bottleneck=7 replicate=0 seed=3 estimator=FisherS k=ALL sigma=0.25
[EST DONE] 2026-05-03T02:56:25.541243 bottleneck=7 replicate=0 seed=3 estimator=FisherS k=ALL dur=6.538s
[EST START] 2026-05-03T02:56:25.642805 bottleneck=7 replicate=0 seed=3 estimator=Levina-Bickel k=3 sigma=0.5
[EST DONE] 2026-05-03T02:56:25.921050 bottleneck=7 replicate=0 seed=3 estimator=Levina-Bickel k=3 dur=0.278s
[EST START] 2026-05-03T02:56:25.921193 bottleneck=7 replicate=0 seed=3 estimator=Levina-Bickel k=5 sigma=0.5
[EST DONE] 2026-05-03T02:56:26.216041 bottleneck=7 replicate=0 seed=3 estimator=Levina-Bickel k=5 dur=0.295s
[EST START] 2026-05-03T02:56:26.216186 bottleneck=7 replicate=0 seed=3 estimator=Levina-Bickel k=7 sigma=0.5
[EST DONE] 2026-05-03T02:56:26.522856 bottleneck=7 replicate=0 seed=3 estimator=Levina-Bickel k=7 dur=0.307s
[EST START] 2026-05-03T02:56:26.522974 bottleneck=7 replicate=0 seed=3 estimator=Levina-Bickel k=10 sigma=0.5
[EST DONE] 2026-05-03T02:56:26.821254 bottleneck=7 replicate=0 seed=3 estimator=Levina-Bickel k=10 dur=0.298s
[EST START] 2026-05-03T02:56:26.821353 bottleneck=7 replicate=0 seed=3 estimator=Levina-Bickel k=15 sigma=0.5
[EST DONE] 2026-05-03T02:56:27.120936 bottleneck=7 replicate=0 seed=3 estimator=Levina-Bickel k=15 dur=0.300s
[EST START] 2026-05-03T02:56:27.121073 bottleneck=7 replicate=0 seed=3 estimator=TwoNN k=ALL sigma=0.5
[EST DONE] 2026-05-03T02:56:27.413476 bottleneck=7 replicate=0 seed=3 estimator=TwoNN k=ALL dur=0.292s
[EST START] 2026-05-03T02:56:27.413590 bottleneck=7 replicate=0 seed=3 estimator=lPCA k=3 sigma=0.5
[EST DONE] 2026-05-03T02:56:32.045361 bottleneck=7 replicate=0 seed=3 estimator=lPCA k=3 dur=4.632s
[EST START] 2026-05-03T02:56:32.045487 bottleneck=7 replicate=0 seed=3 estimator=lPCA k=5 sigma=0.5
[EST DONE] 2026-05-03T02:56:37.060123 bottleneck=7 replicate=0 seed=3 estimator=lPCA k=5 dur=5.015s
[EST START] 2026-05-03T02:56:37.060252 bottleneck=7 replicate=0 seed=3 estimator=lPCA k=7 sigma=0.5
[EST DONE] 2026-05-03T02:56:42.697795 bottleneck=7 replicate=0 seed=3 estimator=lPCA k=7 dur=5.638s
[EST START] 2026-05-03T02:56:42.697908 bottleneck=7 replicate=0 seed=3 estimator=lPCA k=10 sigma=0.5
[EST DONE] 2026-05-03T02:56:48.754919 bottleneck=7 replicate=0 seed=3 estimator=lPCA k=10 dur=6.057s
[EST START] 2026-05-03T02:56:48.755052 bottleneck=7 replicate=0 seed=3 estimator=lPCA k=15 sigma=0.5
[EST DONE] 2026-05-03T02:56:55.924011 bottleneck=7 replicate=0 seed=3 estimator=lPCA k=15 dur=7.169s
[EST START] 2026-05-03T02:56:55.924147 bottleneck=7 replicate=0 seed=3 estimator=DANCo k=3 sigma=0.5
[EST DONE] 2026-05-03T02:57:23.841747 bottleneck=7 replicate=0 seed=3 estimator=DANCo k=3 dur=27.918s
[EST START] 2026-05-03T02:57:23.841895 bottleneck=7 replicate=0 seed=3 estimator=DANCo k=5 sigma=0.5
[EST DONE] 2026-05-03T02:57:53.959863 bottleneck=7 replicate=0 seed=3 estimator=DANCo k=5 dur=30.118s
[EST START] 2026-05-03T02:57:53.959982 bottleneck=7 replicate=0 seed=3 estimator=DANCo k=7 sigma=0.5
[EST DONE] 2026-05-03T02:58:25.710020 bottleneck=7 replicate=0 seed=3 estimator=DANCo k=7 dur=31.750s
[EST START] 2026-05-03T02:58:25.710184 bottleneck=7 replicate=0 seed=3 estimator=DANCo k=10 sigma=0.5
[EST DONE] 2026-05-03T02:58:58.847709 bottleneck=7 replicate=0 seed=3 estimator=DANCo k=10 dur=33.137s
[EST START] 2026-05-03T02:58:58.847822 bottleneck=7 replicate=0 seed=3 estimator=DANCo k=15 sigma=0.5
[EST DONE] 2026-05-03T02:59:35.929647 bottleneck=7 replicate=0 seed=3 estimator=DANCo k=15 dur=37.082s
[EST START] 2026-05-03T02:59:35.929794 bottleneck=7 replicate=0 seed=3 estimator=MiND k=3 sigma=0.5
[EST DONE] 2026-05-03T02:59:44.495877 bottleneck=7 replicate=0 seed=3 estimator=MiND k=3 dur=8.566s
[EST START] 2026-05-03T02:59:44.495984 bottleneck=7 replicate=0 seed=3 estimator=MiND k=5 sigma=0.5
[EST DONE] 2026-05-03T02:59:53.595336 bottleneck=7 replicate=0 seed=3 estimator=MiND k=5 dur=9.099s
[EST START] 2026-05-03T02:59:53.595429 bottleneck=7 replicate=0 seed=3 estimator=MiND k=7 sigma=0.5
[EST DONE] 2026-05-03T03:00:03.405833 bottleneck=7 replicate=0 seed=3 estimator=MiND k=7 dur=9.810s
[EST START] 2026-05-03T03:00:03.405998 bottleneck=7 replicate=0 seed=3 estimator=MiND k=10 sigma=0.5
[EST DONE] 2026-05-03T03:00:11.664593 bottleneck=7 replicate=0 seed=3 estimator=MiND k=10 dur=8.259s
[EST START] 2026-05-03T03:00:11.664701 bottleneck=7 replicate=0 seed=3 estimator=MiND k=15 sigma=0.5
[EST DONE] 2026-05-03T03:00:20.976596 bottleneck=7 replicate=0 seed=3 estimator=MiND k=15 dur=9.312s
[EST START] 2026-05-03T03:00:20.976714 bottleneck=7 replicate=0 seed=3 estimator=FisherS k=ALL sigma=0.5
[EST DONE] 2026-05-03T03:00:24.994137 bottleneck=7 replicate=0 seed=3 estimator=FisherS k=ALL dur=4.017s
[EST START] 2026-05-03T03:00:25.119605 bottleneck=7 replicate=0 seed=3 estimator=Levina-Bickel k=3 sigma=0.75
[EST DONE] 2026-05-03T03:00:25.488876 bottleneck=7 replicate=0 seed=3 estimator=Levina-Bickel k=3 dur=0.369s
[EST START] 2026-05-03T03:00:25.488975 bottleneck=7 replicate=0 seed=3 estimator=Levina-Bickel k=5 sigma=0.75
[EST DONE] 2026-05-03T03:00:25.883823 bottleneck=7 replicate=0 seed=3 estimator=Levina-Bickel k=5 dur=0.395s
[EST START] 2026-05-03T03:00:25.883942 bottleneck=7 replicate=0 seed=3 estimator=Levina-Bickel k=7 sigma=0.75
[EST DONE] 2026-05-03T03:00:26.169991 bottleneck=7 replicate=0 seed=3 estimator=Levina-Bickel k=7 dur=0.286s
[EST START] 2026-05-03T03:00:26.170121 bottleneck=7 replicate=0 seed=3 estimator=Levina-Bickel k=10 sigma=0.75
[EST DONE] 2026-05-03T03:00:26.565360 bottleneck=7 replicate=0 seed=3 estimator=Levina-Bickel k=10 dur=0.395s
[EST START] 2026-05-03T03:00:26.565481 bottleneck=7 replicate=0 seed=3 estimator=Levina-Bickel k=15 sigma=0.75
[EST DONE] 2026-05-03T03:00:26.871928 bottleneck=7 replicate=0 seed=3 estimator=Levina-Bickel k=15 dur=0.306s
[EST START] 2026-05-03T03:00:26.872039 bottleneck=7 replicate=0 seed=3 estimator=TwoNN k=ALL sigma=0.75
[EST DONE] 2026-05-03T03:00:27.165311 bottleneck=7 replicate=0 seed=3 estimator=TwoNN k=ALL dur=0.293s
[EST START] 2026-05-03T03:00:27.165448 bottleneck=7 replicate=0 seed=3 estimator=lPCA k=3 sigma=0.75
[EST DONE] 2026-05-03T03:00:32.121597 bottleneck=7 replicate=0 seed=3 estimator=lPCA k=3 dur=4.956s
[EST START] 2026-05-03T03:00:32.121730 bottleneck=7 replicate=0 seed=3 estimator=lPCA k=5 sigma=0.75
[EST DONE] 2026-05-03T03:00:37.118110 bottleneck=7 replicate=0 seed=3 estimator=lPCA k=5 dur=4.996s
[EST START] 2026-05-03T03:00:37.118250 bottleneck=7 replicate=0 seed=3 estimator=lPCA k=7 sigma=0.75
[EST DONE] 2026-05-03T03:00:42.625321 bottleneck=7 replicate=0 seed=3 estimator=lPCA k=7 dur=5.507s
[EST START] 2026-05-03T03:00:42.625437 bottleneck=7 replicate=0 seed=3 estimator=lPCA k=10 sigma=0.75
[EST DONE] 2026-05-03T03:00:48.254333 bottleneck=7 replicate=0 seed=3 estimator=lPCA k=10 dur=5.629s
[EST START] 2026-05-03T03:00:48.254444 bottleneck=7 replicate=0 seed=3 estimator=lPCA k=15 sigma=0.75
[EST DONE] 2026-05-03T03:00:55.378106 bottleneck=7 replicate=0 seed=3 estimator=lPCA k=15 dur=7.124s
[EST START] 2026-05-03T03:00:55.378213 bottleneck=7 replicate=0 seed=3 estimator=DANCo k=3 sigma=0.75
[EST DONE] 2026-05-03T03:01:27.344814 bottleneck=7 replicate=0 seed=3 estimator=DANCo k=3 dur=31.967s
[EST START] 2026-05-03T03:01:27.344932 bottleneck=7 replicate=0 seed=3 estimator=DANCo k=5 sigma=0.75
[EST DONE] 2026-05-03T03:01:58.680132 bottleneck=7 replicate=0 seed=3 estimator=DANCo k=5 dur=31.335s
[EST START] 2026-05-03T03:01:58.680260 bottleneck=7 replicate=0 seed=3 estimator=DANCo k=7 sigma=0.75
[EST DONE] 2026-05-03T03:02:31.397973 bottleneck=7 replicate=0 seed=3 estimator=DANCo k=7 dur=32.718s
[EST START] 2026-05-03T03:02:31.398096 bottleneck=7 replicate=0 seed=3 estimator=DANCo k=10 sigma=0.75
[EST DONE] 2026-05-03T03:03:04.569109 bottleneck=7 replicate=0 seed=3 estimator=DANCo k=10 dur=33.171s
[EST START] 2026-05-03T03:03:04.569243 bottleneck=7 replicate=0 seed=3 estimator=DANCo k=15 sigma=0.75
[EST DONE] 2026-05-03T03:03:44.160242 bottleneck=7 replicate=0 seed=3 estimator=DANCo k=15 dur=39.591s
[EST START] 2026-05-03T03:03:44.160393 bottleneck=7 replicate=0 seed=3 estimator=MiND k=3 sigma=0.75
[EST DONE] 2026-05-03T03:03:52.613970 bottleneck=7 replicate=0 seed=3 estimator=MiND k=3 dur=8.454s
[EST START] 2026-05-03T03:03:52.614095 bottleneck=7 replicate=0 seed=3 estimator=MiND k=5 sigma=0.75
[EST DONE] 2026-05-03T03:04:01.590902 bottleneck=7 replicate=0 seed=3 estimator=MiND k=5 dur=8.977s
[EST START] 2026-05-03T03:04:01.591043 bottleneck=7 replicate=0 seed=3 estimator=MiND k=7 sigma=0.75
[EST DONE] 2026-05-03T03:04:11.103218 bottleneck=7 replicate=0 seed=3 estimator=MiND k=7 dur=9.512s
[EST START] 2026-05-03T03:04:11.103368 bottleneck=7 replicate=0 seed=3 estimator=MiND k=10 sigma=0.75
[EST DONE] 2026-05-03T03:04:19.531724 bottleneck=7 replicate=0 seed=3 estimator=MiND k=10 dur=8.428s
[EST START] 2026-05-03T03:04:19.531838 bottleneck=7 replicate=0 seed=3 estimator=MiND k=15 sigma=0.75
[EST DONE] 2026-05-03T03:04:27.829156 bottleneck=7 replicate=0 seed=3 estimator=MiND k=15 dur=8.297s
[EST START] 2026-05-03T03:04:27.829304 bottleneck=7 replicate=0 seed=3 estimator=FisherS k=ALL sigma=0.75
[EST DONE] 2026-05-03T03:04:31.920432 bottleneck=7 replicate=0 seed=3 estimator=FisherS k=ALL dur=4.091s
[EST START] 2026-05-03T03:04:32.067649 bottleneck=7 replicate=0 seed=3 estimator=Levina-Bickel k=3 sigma=1.0
[EST DONE] 2026-05-03T03:04:32.373217 bottleneck=7 replicate=0 seed=3 estimator=Levina-Bickel k=3 dur=0.305s
[EST START] 2026-05-03T03:04:32.373354 bottleneck=7 replicate=0 seed=3 estimator=Levina-Bickel k=5 sigma=1.0
[EST DONE] 2026-05-03T03:04:32.652030 bottleneck=7 replicate=0 seed=3 estimator=Levina-Bickel k=5 dur=0.279s
[EST START] 2026-05-03T03:04:32.652148 bottleneck=7 replicate=0 seed=3 estimator=Levina-Bickel k=7 sigma=1.0
[EST DONE] 2026-05-03T03:04:33.072000 bottleneck=7 replicate=0 seed=3 estimator=Levina-Bickel k=7 dur=0.420s
[EST START] 2026-05-03T03:04:33.072105 bottleneck=7 replicate=0 seed=3 estimator=Levina-Bickel k=10 sigma=1.0
[EST DONE] 2026-05-03T03:04:33.365286 bottleneck=7 replicate=0 seed=3 estimator=Levina-Bickel k=10 dur=0.293s
[EST START] 2026-05-03T03:04:33.365393 bottleneck=7 replicate=0 seed=3 estimator=Levina-Bickel k=15 sigma=1.0
[EST DONE] 2026-05-03T03:04:33.664688 bottleneck=7 replicate=0 seed=3 estimator=Levina-Bickel k=15 dur=0.299s
[EST START] 2026-05-03T03:04:33.664820 bottleneck=7 replicate=0 seed=3 estimator=TwoNN k=ALL sigma=1.0
[EST DONE] 2026-05-03T03:04:33.992447 bottleneck=7 replicate=0 seed=3 estimator=TwoNN k=ALL dur=0.328s
[EST START] 2026-05-03T03:04:33.992556 bottleneck=7 replicate=0 seed=3 estimator=lPCA k=3 sigma=1.0
[EST DONE] 2026-05-03T03:04:38.153395 bottleneck=7 replicate=0 seed=3 estimator=lPCA k=3 dur=4.161s
[EST START] 2026-05-03T03:04:38.153503 bottleneck=7 replicate=0 seed=3 estimator=lPCA k=5 sigma=1.0
[EST DONE] 2026-05-03T03:04:42.894723 bottleneck=7 replicate=0 seed=3 estimator=lPCA k=5 dur=4.741s
[EST START] 2026-05-03T03:04:42.894838 bottleneck=7 replicate=0 seed=3 estimator=lPCA k=7 sigma=1.0
[EST DONE] 2026-05-03T03:04:47.983973 bottleneck=7 replicate=0 seed=3 estimator=lPCA k=7 dur=5.089s
[EST START] 2026-05-03T03:04:47.984067 bottleneck=7 replicate=0 seed=3 estimator=lPCA k=10 sigma=1.0
[EST DONE] 2026-05-03T03:04:53.696380 bottleneck=7 replicate=0 seed=3 estimator=lPCA k=10 dur=5.712s
[EST START] 2026-05-03T03:04:53.696504 bottleneck=7 replicate=0 seed=3 estimator=lPCA k=15 sigma=1.0
[EST DONE] 2026-05-03T03:05:00.575263 bottleneck=7 replicate=0 seed=3 estimator=lPCA k=15 dur=6.879s
[EST START] 2026-05-03T03:05:00.575390 bottleneck=7 replicate=0 seed=3 estimator=DANCo k=3 sigma=1.0
[EST DONE] 2026-05-03T03:05:26.649964 bottleneck=7 replicate=0 seed=3 estimator=DANCo k=3 dur=26.075s
[EST START] 2026-05-03T03:05:26.650068 bottleneck=7 replicate=0 seed=3 estimator=DANCo k=5 sigma=1.0
[EST DONE] 2026-05-03T03:05:58.041777 bottleneck=7 replicate=0 seed=3 estimator=DANCo k=5 dur=31.392s
[EST START] 2026-05-03T03:05:58.041931 bottleneck=7 replicate=0 seed=3 estimator=DANCo k=7 sigma=1.0
[EST DONE] 2026-05-03T03:06:29.359677 bottleneck=7 replicate=0 seed=3 estimator=DANCo k=7 dur=31.318s
[EST START] 2026-05-03T03:06:29.359793 bottleneck=7 replicate=0 seed=3 estimator=DANCo k=10 sigma=1.0
[EST DONE] 2026-05-03T03:07:03.348732 bottleneck=7 replicate=0 seed=3 estimator=DANCo k=10 dur=33.989s
[EST START] 2026-05-03T03:07:03.348851 bottleneck=7 replicate=0 seed=3 estimator=DANCo k=15 sigma=1.0
[EST DONE] 2026-05-03T03:07:42.716766 bottleneck=7 replicate=0 seed=3 estimator=DANCo k=15 dur=39.368s
[EST START] 2026-05-03T03:07:42.716912 bottleneck=7 replicate=0 seed=3 estimator=MiND k=3 sigma=1.0
[EST DONE] 2026-05-03T03:07:51.749793 bottleneck=7 replicate=0 seed=3 estimator=MiND k=3 dur=9.033s
[EST START] 2026-05-03T03:07:51.749909 bottleneck=7 replicate=0 seed=3 estimator=MiND k=5 sigma=1.0
[EST DONE] 2026-05-03T03:08:01.397389 bottleneck=7 replicate=0 seed=3 estimator=MiND k=5 dur=9.647s
[EST START] 2026-05-03T03:08:01.397548 bottleneck=7 replicate=0 seed=3 estimator=MiND k=7 sigma=1.0
[EST DONE] 2026-05-03T03:08:10.097665 bottleneck=7 replicate=0 seed=3 estimator=MiND k=7 dur=8.700s
[EST START] 2026-05-03T03:08:10.097813 bottleneck=7 replicate=0 seed=3 estimator=MiND k=10 sigma=1.0
[EST DONE] 2026-05-03T03:08:19.117915 bottleneck=7 replicate=0 seed=3 estimator=MiND k=10 dur=9.020s
[EST START] 2026-05-03T03:08:19.118062 bottleneck=7 replicate=0 seed=3 estimator=MiND k=15 sigma=1.0
[EST DONE] 2026-05-03T03:08:28.240441 bottleneck=7 replicate=0 seed=3 estimator=MiND k=15 dur=9.122s
[EST START] 2026-05-03T03:08:28.240550 bottleneck=7 replicate=0 seed=3 estimator=FisherS k=ALL sigma=1.0
[EST DONE] 2026-05-03T03:08:32.758885 bottleneck=7 replicate=0 seed=3 estimator=FisherS k=ALL dur=4.518s
[MNIST TASK START] 2026-05-03T03:08:32.759211 bottleneck=9 replicate=0 seed=3
[AE START] seed=3 bottleneck=9 epochs=50 subset=5000
[AE EPOCH] epoch=1/50 loss=0.222926 epoch_time=0.32s device=cuda
[AE EPOCH] epoch=2/50 loss=0.179545 epoch_time=0.11s device=cuda
[AE EPOCH] epoch=3/50 loss=0.108440 epoch_time=0.14s device=cuda
[AE EPOCH] epoch=4/50 loss=0.079057 epoch_time=0.12s device=cuda
[AE EPOCH] epoch=5/50 loss=0.073370 epoch_time=0.13s device=cuda
[AE EPOCH] epoch=6/50 loss=0.071594 epoch_time=0.11s device=cuda
[AE EPOCH] epoch=7/50 loss=0.070584 epoch_time=0.11s device=cuda
[AE EPOCH] epoch=8/50 loss=0.069698 epoch_time=0.10s device=cuda
[AE EPOCH] epoch=9/50 loss=0.068649 epoch_time=0.09s device=cuda
[AE EPOCH] epoch=10/50 loss=0.067314 epoch_time=0.12s device=cuda
[AE EPOCH] epoch=11/50 loss=0.065478 epoch_time=0.09s device=cuda
[AE EPOCH] epoch=12/50 loss=0.063201 epoch_time=0.09s device=cuda
[AE EPOCH] epoch=13/50 loss=0.060532 epoch_time=0.08s device=cuda
[AE EPOCH] epoch=14/50 loss=0.058046 epoch_time=0.09s device=cuda
[AE EPOCH] epoch=15/50 loss=0.055869 epoch_time=0.11s device=cuda
[AE EPOCH] epoch=16/50 loss=0.053816 epoch_time=0.14s device=cuda
[AE EPOCH] epoch=17/50 loss=0.051898 epoch_time=0.11s device=cuda
[AE EPOCH] epoch=18/50 loss=0.050007 epoch_time=0.13s device=cuda
[AE EPOCH] epoch=19/50 loss=0.048373 epoch_time=0.19s device=cuda
[AE EPOCH] epoch=20/50 loss=0.047046 epoch_time=0.11s device=cuda
[AE EPOCH] epoch=21/50 loss=0.045934 epoch_time=0.09s device=cuda
[AE EPOCH] epoch=22/50 loss=0.044956 epoch_time=0.10s device=cuda
[AE EPOCH] epoch=23/50 loss=0.043992 epoch_time=0.08s device=cuda
[AE EPOCH] epoch=24/50 loss=0.043047 epoch_time=0.10s device=cuda
[AE EPOCH] epoch=25/50 loss=0.042073 epoch_time=0.08s device=cuda
[AE EPOCH] epoch=26/50 loss=0.041130 epoch_time=0.09s device=cuda
[AE EPOCH] epoch=27/50 loss=0.040277 epoch_time=0.09s device=cuda
[AE EPOCH] epoch=28/50 loss=0.039527 epoch_time=0.12s device=cuda
[AE EPOCH] epoch=29/50 loss=0.038886 epoch_time=0.14s device=cuda
[AE EPOCH] epoch=30/50 loss=0.038324 epoch_time=0.10s device=cuda
[AE EPOCH] epoch=31/50 loss=0.037779 epoch_time=0.09s device=cuda
[AE EPOCH] epoch=32/50 loss=0.037281 epoch_time=0.09s device=cuda
[AE EPOCH] epoch=33/50 loss=0.036792 epoch_time=0.09s device=cuda
[AE EPOCH] epoch=34/50 loss=0.036319 epoch_time=0.09s device=cuda
[AE EPOCH] epoch=35/50 loss=0.035869 epoch_time=0.08s device=cuda
[AE EPOCH] epoch=36/50 loss=0.035431 epoch_time=0.08s device=cuda
[AE EPOCH] epoch=37/50 loss=0.035015 epoch_time=0.08s device=cuda
[AE EPOCH] epoch=38/50 loss=0.034626 epoch_time=0.09s device=cuda
[AE EPOCH] epoch=39/50 loss=0.034267 epoch_time=0.08s device=cuda
[AE EPOCH] epoch=40/50 loss=0.033934 epoch_time=0.09s device=cuda
[AE EPOCH] epoch=41/50 loss=0.033603 epoch_time=0.09s device=cuda
[AE EPOCH] epoch=42/50 loss=0.033289 epoch_time=0.09s device=cuda
[AE EPOCH] epoch=43/50 loss=0.033000 epoch_time=0.09s device=cuda
[AE EPOCH] epoch=44/50 loss=0.032711 epoch_time=0.09s device=cuda
[AE EPOCH] epoch=45/50 loss=0.032457 epoch_time=0.09s device=cuda
[AE EPOCH] epoch=46/50 loss=0.032193 epoch_time=0.08s device=cuda
[AE EPOCH] epoch=47/50 loss=0.031944 epoch_time=0.08s device=cuda
[AE EPOCH] epoch=48/50 loss=0.031722 epoch_time=0.08s device=cuda
[AE EPOCH] epoch=49/50 loss=0.031474 epoch_time=0.09s device=cuda
[AE EPOCH] epoch=50/50 loss=0.031248 epoch_time=0.08s device=cuda
[AE TRAIN COMPLETE] total_time=5.21s
[AE TRAIN COMPLETE] 2026-05-03T03:08:44.422438 bottleneck=9 replicate=0 dur=11.7s seed=3
[EST START] 2026-05-03T03:08:44.560040 bottleneck=9 replicate=0 seed=3 estimator=Levina-Bickel k=3 sigma=0.0
[EST DONE] 2026-05-03T03:08:44.953122 bottleneck=9 replicate=0 seed=3 estimator=Levina-Bickel k=3 dur=0.393s
[EST START] 2026-05-03T03:08:44.953231 bottleneck=9 replicate=0 seed=3 estimator=Levina-Bickel k=5 sigma=0.0
[EST DONE] 2026-05-03T03:08:45.264268 bottleneck=9 replicate=0 seed=3 estimator=Levina-Bickel k=5 dur=0.311s
[EST START] 2026-05-03T03:08:45.264366 bottleneck=9 replicate=0 seed=3 estimator=Levina-Bickel k=7 sigma=0.0
[EST DONE] 2026-05-03T03:08:45.550739 bottleneck=9 replicate=0 seed=3 estimator=Levina-Bickel k=7 dur=0.286s
[EST START] 2026-05-03T03:08:45.550867 bottleneck=9 replicate=0 seed=3 estimator=Levina-Bickel k=10 sigma=0.0
[EST DONE] 2026-05-03T03:08:45.850088 bottleneck=9 replicate=0 seed=3 estimator=Levina-Bickel k=10 dur=0.299s
[EST START] 2026-05-03T03:08:45.850219 bottleneck=9 replicate=0 seed=3 estimator=Levina-Bickel k=15 sigma=0.0
[EST DONE] 2026-05-03T03:08:46.159601 bottleneck=9 replicate=0 seed=3 estimator=Levina-Bickel k=15 dur=0.309s
[EST START] 2026-05-03T03:08:46.159759 bottleneck=9 replicate=0 seed=3 estimator=TwoNN k=ALL sigma=0.0
[EST DONE] 2026-05-03T03:08:46.446619 bottleneck=9 replicate=0 seed=3 estimator=TwoNN k=ALL dur=0.287s
[EST START] 2026-05-03T03:08:46.446808 bottleneck=9 replicate=0 seed=3 estimator=lPCA k=3 sigma=0.0
[EST DONE] 2026-05-03T03:08:51.096741 bottleneck=9 replicate=0 seed=3 estimator=lPCA k=3 dur=4.650s
[EST START] 2026-05-03T03:08:51.096848 bottleneck=9 replicate=0 seed=3 estimator=lPCA k=5 sigma=0.0
[EST DONE] 2026-05-03T03:08:56.239528 bottleneck=9 replicate=0 seed=3 estimator=lPCA k=5 dur=5.143s
[EST START] 2026-05-03T03:08:56.239640 bottleneck=9 replicate=0 seed=3 estimator=lPCA k=7 sigma=0.0
[EST DONE] 2026-05-03T03:09:01.655198 bottleneck=9 replicate=0 seed=3 estimator=lPCA k=7 dur=5.416s
[EST START] 2026-05-03T03:09:01.655310 bottleneck=9 replicate=0 seed=3 estimator=lPCA k=10 sigma=0.0
[EST DONE] 2026-05-03T03:09:07.603422 bottleneck=9 replicate=0 seed=3 estimator=lPCA k=10 dur=5.948s
[EST START] 2026-05-03T03:09:07.603532 bottleneck=9 replicate=0 seed=3 estimator=lPCA k=15 sigma=0.0
[EST DONE] 2026-05-03T03:09:14.588734 bottleneck=9 replicate=0 seed=3 estimator=lPCA k=15 dur=6.985s
[EST START] 2026-05-03T03:09:14.588860 bottleneck=9 replicate=0 seed=3 estimator=DANCo k=3 sigma=0.0
[EST DONE] 2026-05-03T03:09:42.220539 bottleneck=9 replicate=0 seed=3 estimator=DANCo k=3 dur=27.632s
[EST START] 2026-05-03T03:09:42.220661 bottleneck=9 replicate=0 seed=3 estimator=DANCo k=5 sigma=0.0
[EST DONE] 2026-05-03T03:10:13.001591 bottleneck=9 replicate=0 seed=3 estimator=DANCo k=5 dur=30.781s
[EST START] 2026-05-03T03:10:13.001696 bottleneck=9 replicate=0 seed=3 estimator=DANCo k=7 sigma=0.0
[EST DONE] 2026-05-03T03:10:44.928937 bottleneck=9 replicate=0 seed=3 estimator=DANCo k=7 dur=31.927s
[EST START] 2026-05-03T03:10:44.929048 bottleneck=9 replicate=0 seed=3 estimator=DANCo k=10 sigma=0.0
[EST DONE] 2026-05-03T03:11:17.953477 bottleneck=9 replicate=0 seed=3 estimator=DANCo k=10 dur=33.024s
[EST START] 2026-05-03T03:11:17.953640 bottleneck=9 replicate=0 seed=3 estimator=DANCo k=15 sigma=0.0
[EST DONE] 2026-05-03T03:11:57.521134 bottleneck=9 replicate=0 seed=3 estimator=DANCo k=15 dur=39.567s
[EST START] 2026-05-03T03:11:57.521265 bottleneck=9 replicate=0 seed=3 estimator=MiND k=3 sigma=0.0
[EST DONE] 2026-05-03T03:12:08.100253 bottleneck=9 replicate=0 seed=3 estimator=MiND k=3 dur=10.579s
[EST START] 2026-05-03T03:12:08.100384 bottleneck=9 replicate=0 seed=3 estimator=MiND k=5 sigma=0.0
[EST DONE] 2026-05-03T03:12:18.455746 bottleneck=9 replicate=0 seed=3 estimator=MiND k=5 dur=10.355s
[EST START] 2026-05-03T03:12:18.455872 bottleneck=9 replicate=0 seed=3 estimator=MiND k=7 sigma=0.0
[EST DONE] 2026-05-03T03:12:29.282946 bottleneck=9 replicate=0 seed=3 estimator=MiND k=7 dur=10.827s
[EST START] 2026-05-03T03:12:29.283075 bottleneck=9 replicate=0 seed=3 estimator=MiND k=10 sigma=0.0
[EST DONE] 2026-05-03T03:12:41.916616 bottleneck=9 replicate=0 seed=3 estimator=MiND k=10 dur=12.634s
[EST START] 2026-05-03T03:12:41.916744 bottleneck=9 replicate=0 seed=3 estimator=MiND k=15 sigma=0.0
[EST DONE] 2026-05-03T03:12:53.215303 bottleneck=9 replicate=0 seed=3 estimator=MiND k=15 dur=11.299s
[EST START] 2026-05-03T03:12:53.215429 bottleneck=9 replicate=0 seed=3 estimator=FisherS k=ALL sigma=0.0
[EST DONE] 2026-05-03T03:12:56.780116 bottleneck=9 replicate=0 seed=3 estimator=FisherS k=ALL dur=3.565s
[EST START] 2026-05-03T03:12:56.912251 bottleneck=9 replicate=0 seed=3 estimator=Levina-Bickel k=3 sigma=0.25
[EST DONE] 2026-05-03T03:12:57.324555 bottleneck=9 replicate=0 seed=3 estimator=Levina-Bickel k=3 dur=0.412s
[EST START] 2026-05-03T03:12:57.324676 bottleneck=9 replicate=0 seed=3 estimator=Levina-Bickel k=5 sigma=0.25
[EST DONE] 2026-05-03T03:12:57.684304 bottleneck=9 replicate=0 seed=3 estimator=Levina-Bickel k=5 dur=0.360s
[EST START] 2026-05-03T03:12:57.684417 bottleneck=9 replicate=0 seed=3 estimator=Levina-Bickel k=7 sigma=0.25
[EST DONE] 2026-05-03T03:12:58.017992 bottleneck=9 replicate=0 seed=3 estimator=Levina-Bickel k=7 dur=0.334s
[EST START] 2026-05-03T03:12:58.018134 bottleneck=9 replicate=0 seed=3 estimator=Levina-Bickel k=10 sigma=0.25
[EST DONE] 2026-05-03T03:12:58.414849 bottleneck=9 replicate=0 seed=3 estimator=Levina-Bickel k=10 dur=0.397s
[EST START] 2026-05-03T03:12:58.414980 bottleneck=9 replicate=0 seed=3 estimator=Levina-Bickel k=15 sigma=0.25
[EST DONE] 2026-05-03T03:12:58.723605 bottleneck=9 replicate=0 seed=3 estimator=Levina-Bickel k=15 dur=0.309s
[EST START] 2026-05-03T03:12:58.723747 bottleneck=9 replicate=0 seed=3 estimator=TwoNN k=ALL sigma=0.25
[EST DONE] 2026-05-03T03:12:59.012921 bottleneck=9 replicate=0 seed=3 estimator=TwoNN k=ALL dur=0.289s
[EST START] 2026-05-03T03:12:59.013070 bottleneck=9 replicate=0 seed=3 estimator=lPCA k=3 sigma=0.25
[EST DONE] 2026-05-03T03:13:03.234256 bottleneck=9 replicate=0 seed=3 estimator=lPCA k=3 dur=4.221s
[EST START] 2026-05-03T03:13:03.234358 bottleneck=9 replicate=0 seed=3 estimator=lPCA k=5 sigma=0.25
[EST DONE] 2026-05-03T03:13:08.357917 bottleneck=9 replicate=0 seed=3 estimator=lPCA k=5 dur=5.124s
[EST START] 2026-05-03T03:13:08.358032 bottleneck=9 replicate=0 seed=3 estimator=lPCA k=7 sigma=0.25
[EST DONE] 2026-05-03T03:13:13.495627 bottleneck=9 replicate=0 seed=3 estimator=lPCA k=7 dur=5.138s
[EST START] 2026-05-03T03:13:13.495721 bottleneck=9 replicate=0 seed=3 estimator=lPCA k=10 sigma=0.25
[EST DONE] 2026-05-03T03:13:19.226283 bottleneck=9 replicate=0 seed=3 estimator=lPCA k=10 dur=5.731s
[EST START] 2026-05-03T03:13:19.226402 bottleneck=9 replicate=0 seed=3 estimator=lPCA k=15 sigma=0.25
[EST DONE] 2026-05-03T03:13:26.117512 bottleneck=9 replicate=0 seed=3 estimator=lPCA k=15 dur=6.891s
[EST START] 2026-05-03T03:13:26.117631 bottleneck=9 replicate=0 seed=3 estimator=DANCo k=3 sigma=0.25
[EST DONE] 2026-05-03T03:13:54.654966 bottleneck=9 replicate=0 seed=3 estimator=DANCo k=3 dur=28.537s
[EST START] 2026-05-03T03:13:54.655122 bottleneck=9 replicate=0 seed=3 estimator=DANCo k=5 sigma=0.25
[EST DONE] 2026-05-03T03:14:24.660392 bottleneck=9 replicate=0 seed=3 estimator=DANCo k=5 dur=30.005s
[EST START] 2026-05-03T03:14:24.660534 bottleneck=9 replicate=0 seed=3 estimator=DANCo k=7 sigma=0.25
[EST DONE] 2026-05-03T03:14:55.324812 bottleneck=9 replicate=0 seed=3 estimator=DANCo k=7 dur=30.664s
[EST START] 2026-05-03T03:14:55.324946 bottleneck=9 replicate=0 seed=3 estimator=DANCo k=10 sigma=0.25
[EST DONE] 2026-05-03T03:15:28.660490 bottleneck=9 replicate=0 seed=3 estimator=DANCo k=10 dur=33.336s
[EST START] 2026-05-03T03:15:28.660646 bottleneck=9 replicate=0 seed=3 estimator=DANCo k=15 sigma=0.25
[EST DONE] 2026-05-03T03:16:06.445869 bottleneck=9 replicate=0 seed=3 estimator=DANCo k=15 dur=37.785s
[EST START] 2026-05-03T03:16:06.446047 bottleneck=9 replicate=0 seed=3 estimator=MiND k=3 sigma=0.25
[EST DONE] 2026-05-03T03:16:16.589532 bottleneck=9 replicate=0 seed=3 estimator=MiND k=3 dur=10.143s
[EST START] 2026-05-03T03:16:16.589662 bottleneck=9 replicate=0 seed=3 estimator=MiND k=5 sigma=0.25
[EST DONE] 2026-05-03T03:16:25.287295 bottleneck=9 replicate=0 seed=3 estimator=MiND k=5 dur=8.698s
[EST START] 2026-05-03T03:16:25.287429 bottleneck=9 replicate=0 seed=3 estimator=MiND k=7 sigma=0.25
[EST DONE] 2026-05-03T03:16:34.570833 bottleneck=9 replicate=0 seed=3 estimator=MiND k=7 dur=9.283s
[EST START] 2026-05-03T03:16:34.570970 bottleneck=9 replicate=0 seed=3 estimator=MiND k=10 sigma=0.25
[EST DONE] 2026-05-03T03:16:44.161600 bottleneck=9 replicate=0 seed=3 estimator=MiND k=10 dur=9.591s
[EST START] 2026-05-03T03:16:44.161701 bottleneck=9 replicate=0 seed=3 estimator=MiND k=15 sigma=0.25
[EST DONE] 2026-05-03T03:16:53.758540 bottleneck=9 replicate=0 seed=3 estimator=MiND k=15 dur=9.597s
[EST START] 2026-05-03T03:16:53.758667 bottleneck=9 replicate=0 seed=3 estimator=FisherS k=ALL sigma=0.25
[EST DONE] 2026-05-03T03:17:01.981545 bottleneck=9 replicate=0 seed=3 estimator=FisherS k=ALL dur=8.223s
[EST START] 2026-05-03T03:17:02.126631 bottleneck=9 replicate=0 seed=3 estimator=Levina-Bickel k=3 sigma=0.5
[EST DONE] 2026-05-03T03:17:02.433479 bottleneck=9 replicate=0 seed=3 estimator=Levina-Bickel k=3 dur=0.307s
[EST START] 2026-05-03T03:17:02.433579 bottleneck=9 replicate=0 seed=3 estimator=Levina-Bickel k=5 sigma=0.5
[EST DONE] 2026-05-03T03:17:02.758392 bottleneck=9 replicate=0 seed=3 estimator=Levina-Bickel k=5 dur=0.325s
[EST START] 2026-05-03T03:17:02.758526 bottleneck=9 replicate=0 seed=3 estimator=Levina-Bickel k=7 sigma=0.5
[EST DONE] 2026-05-03T03:17:03.079644 bottleneck=9 replicate=0 seed=3 estimator=Levina-Bickel k=7 dur=0.321s
[EST START] 2026-05-03T03:17:03.079822 bottleneck=9 replicate=0 seed=3 estimator=Levina-Bickel k=10 sigma=0.5
[EST DONE] 2026-05-03T03:17:03.508980 bottleneck=9 replicate=0 seed=3 estimator=Levina-Bickel k=10 dur=0.429s
[EST START] 2026-05-03T03:17:03.509096 bottleneck=9 replicate=0 seed=3 estimator=Levina-Bickel k=15 sigma=0.5
[EST DONE] 2026-05-03T03:17:03.807867 bottleneck=9 replicate=0 seed=3 estimator=Levina-Bickel k=15 dur=0.299s
[EST START] 2026-05-03T03:17:03.808005 bottleneck=9 replicate=0 seed=3 estimator=TwoNN k=ALL sigma=0.5
[EST DONE] 2026-05-03T03:17:04.098231 bottleneck=9 replicate=0 seed=3 estimator=TwoNN k=ALL dur=0.290s
[EST START] 2026-05-03T03:17:04.098347 bottleneck=9 replicate=0 seed=3 estimator=lPCA k=3 sigma=0.5
[EST DONE] 2026-05-03T03:17:08.259239 bottleneck=9 replicate=0 seed=3 estimator=lPCA k=3 dur=4.161s
[EST START] 2026-05-03T03:17:08.259343 bottleneck=9 replicate=0 seed=3 estimator=lPCA k=5 sigma=0.5
[EST DONE] 2026-05-03T03:17:13.313237 bottleneck=9 replicate=0 seed=3 estimator=lPCA k=5 dur=5.054s
[EST START] 2026-05-03T03:17:13.313343 bottleneck=9 replicate=0 seed=3 estimator=lPCA k=7 sigma=0.5
[EST DONE] 2026-05-03T03:17:18.747054 bottleneck=9 replicate=0 seed=3 estimator=lPCA k=7 dur=5.434s
[EST START] 2026-05-03T03:17:18.747160 bottleneck=9 replicate=0 seed=3 estimator=lPCA k=10 sigma=0.5
[EST DONE] 2026-05-03T03:17:24.746905 bottleneck=9 replicate=0 seed=3 estimator=lPCA k=10 dur=6.000s
[EST START] 2026-05-03T03:17:24.747021 bottleneck=9 replicate=0 seed=3 estimator=lPCA k=15 sigma=0.5
[EST DONE] 2026-05-03T03:17:31.704331 bottleneck=9 replicate=0 seed=3 estimator=lPCA k=15 dur=6.957s
[EST START] 2026-05-03T03:17:31.704467 bottleneck=9 replicate=0 seed=3 estimator=DANCo k=3 sigma=0.5
[EST DONE] 2026-05-03T03:17:58.958714 bottleneck=9 replicate=0 seed=3 estimator=DANCo k=3 dur=27.254s
[EST START] 2026-05-03T03:17:58.958842 bottleneck=9 replicate=0 seed=3 estimator=DANCo k=5 sigma=0.5
[EST DONE] 2026-05-03T03:18:30.719126 bottleneck=9 replicate=0 seed=3 estimator=DANCo k=5 dur=31.760s
[EST START] 2026-05-03T03:18:30.719244 bottleneck=9 replicate=0 seed=3 estimator=DANCo k=7 sigma=0.5
[EST DONE] 2026-05-03T03:19:03.003593 bottleneck=9 replicate=0 seed=3 estimator=DANCo k=7 dur=32.284s
[EST START] 2026-05-03T03:19:03.003721 bottleneck=9 replicate=0 seed=3 estimator=DANCo k=10 sigma=0.5
[EST DONE] 2026-05-03T03:19:36.431112 bottleneck=9 replicate=0 seed=3 estimator=DANCo k=10 dur=33.427s
[EST START] 2026-05-03T03:19:36.431241 bottleneck=9 replicate=0 seed=3 estimator=DANCo k=15 sigma=0.5
[EST DONE] 2026-05-03T03:20:16.473503 bottleneck=9 replicate=0 seed=3 estimator=DANCo k=15 dur=40.042s
[EST START] 2026-05-03T03:20:16.473624 bottleneck=9 replicate=0 seed=3 estimator=MiND k=3 sigma=0.5
[EST DONE] 2026-05-03T03:20:24.586545 bottleneck=9 replicate=0 seed=3 estimator=MiND k=3 dur=8.113s
[EST START] 2026-05-03T03:20:24.586657 bottleneck=9 replicate=0 seed=3 estimator=MiND k=5 sigma=0.5
[EST DONE] 2026-05-03T03:20:32.801580 bottleneck=9 replicate=0 seed=3 estimator=MiND k=5 dur=8.215s
[EST START] 2026-05-03T03:20:32.801678 bottleneck=9 replicate=0 seed=3 estimator=MiND k=7 sigma=0.5
[EST DONE] 2026-05-03T03:20:41.274487 bottleneck=9 replicate=0 seed=3 estimator=MiND k=7 dur=8.473s
[EST START] 2026-05-03T03:20:41.274624 bottleneck=9 replicate=0 seed=3 estimator=MiND k=10 sigma=0.5
[EST DONE] 2026-05-03T03:20:49.662151 bottleneck=9 replicate=0 seed=3 estimator=MiND k=10 dur=8.387s
[EST START] 2026-05-03T03:20:49.662268 bottleneck=9 replicate=0 seed=3 estimator=MiND k=15 sigma=0.5
[EST DONE] 2026-05-03T03:20:57.977402 bottleneck=9 replicate=0 seed=3 estimator=MiND k=15 dur=8.315s
[EST START] 2026-05-03T03:20:57.977541 bottleneck=9 replicate=0 seed=3 estimator=FisherS k=ALL sigma=0.5
[EST DONE] 2026-05-03T03:21:02.224146 bottleneck=9 replicate=0 seed=3 estimator=FisherS k=ALL dur=4.247s
[EST START] 2026-05-03T03:21:02.353992 bottleneck=9 replicate=0 seed=3 estimator=Levina-Bickel k=3 sigma=0.75
[EST DONE] 2026-05-03T03:21:02.737455 bottleneck=9 replicate=0 seed=3 estimator=Levina-Bickel k=3 dur=0.383s
[EST START] 2026-05-03T03:21:02.737557 bottleneck=9 replicate=0 seed=3 estimator=Levina-Bickel k=5 sigma=0.75
[EST DONE] 2026-05-03T03:21:03.091054 bottleneck=9 replicate=0 seed=3 estimator=Levina-Bickel k=5 dur=0.353s
[EST START] 2026-05-03T03:21:03.091171 bottleneck=9 replicate=0 seed=3 estimator=Levina-Bickel k=7 sigma=0.75
[EST DONE] 2026-05-03T03:21:03.400489 bottleneck=9 replicate=0 seed=3 estimator=Levina-Bickel k=7 dur=0.309s
[EST START] 2026-05-03T03:21:03.400622 bottleneck=9 replicate=0 seed=3 estimator=Levina-Bickel k=10 sigma=0.75
[EST DONE] 2026-05-03T03:21:03.715386 bottleneck=9 replicate=0 seed=3 estimator=Levina-Bickel k=10 dur=0.315s
[EST START] 2026-05-03T03:21:03.715556 bottleneck=9 replicate=0 seed=3 estimator=Levina-Bickel k=15 sigma=0.75
[EST DONE] 2026-05-03T03:21:04.095564 bottleneck=9 replicate=0 seed=3 estimator=Levina-Bickel k=15 dur=0.380s
[EST START] 2026-05-03T03:21:04.095689 bottleneck=9 replicate=0 seed=3 estimator=TwoNN k=ALL sigma=0.75
[EST DONE] 2026-05-03T03:21:04.403603 bottleneck=9 replicate=0 seed=3 estimator=TwoNN k=ALL dur=0.308s
[EST START] 2026-05-03T03:21:04.403735 bottleneck=9 replicate=0 seed=3 estimator=lPCA k=3 sigma=0.75
[EST DONE] 2026-05-03T03:21:08.587806 bottleneck=9 replicate=0 seed=3 estimator=lPCA k=3 dur=4.184s
[EST START] 2026-05-03T03:21:08.587907 bottleneck=9 replicate=0 seed=3 estimator=lPCA k=5 sigma=0.75
[EST DONE] 2026-05-03T03:21:13.425664 bottleneck=9 replicate=0 seed=3 estimator=lPCA k=5 dur=4.838s
[EST START] 2026-05-03T03:21:13.425762 bottleneck=9 replicate=0 seed=3 estimator=lPCA k=7 sigma=0.75
[EST DONE] 2026-05-03T03:21:18.496366 bottleneck=9 replicate=0 seed=3 estimator=lPCA k=7 dur=5.071s
[EST START] 2026-05-03T03:21:18.496489 bottleneck=9 replicate=0 seed=3 estimator=lPCA k=10 sigma=0.75
[EST DONE] 2026-05-03T03:21:24.138602 bottleneck=9 replicate=0 seed=3 estimator=lPCA k=10 dur=5.642s
[EST START] 2026-05-03T03:21:24.138698 bottleneck=9 replicate=0 seed=3 estimator=lPCA k=15 sigma=0.75
[EST DONE] 2026-05-03T03:21:31.060248 bottleneck=9 replicate=0 seed=3 estimator=lPCA k=15 dur=6.922s
[EST START] 2026-05-03T03:21:31.060359 bottleneck=9 replicate=0 seed=3 estimator=DANCo k=3 sigma=0.75
[EST DONE] 2026-05-03T03:21:58.258493 bottleneck=9 replicate=0 seed=3 estimator=DANCo k=3 dur=27.198s
[EST START] 2026-05-03T03:21:58.258596 bottleneck=9 replicate=0 seed=3 estimator=DANCo k=5 sigma=0.75
[EST DONE] 2026-05-03T03:22:28.334302 bottleneck=9 replicate=0 seed=3 estimator=DANCo k=5 dur=30.076s
[EST START] 2026-05-03T03:22:28.334468 bottleneck=9 replicate=0 seed=3 estimator=DANCo k=7 sigma=0.75
[EST DONE] 2026-05-03T03:23:00.918445 bottleneck=9 replicate=0 seed=3 estimator=DANCo k=7 dur=32.584s
[EST START] 2026-05-03T03:23:00.918605 bottleneck=9 replicate=0 seed=3 estimator=DANCo k=10 sigma=0.75
[EST DONE] 2026-05-03T03:23:35.228899 bottleneck=9 replicate=0 seed=3 estimator=DANCo k=10 dur=34.310s
[EST START] 2026-05-03T03:23:35.229055 bottleneck=9 replicate=0 seed=3 estimator=DANCo k=15 sigma=0.75
[EST DONE] 2026-05-03T03:24:12.632213 bottleneck=9 replicate=0 seed=3 estimator=DANCo k=15 dur=37.403s
[EST START] 2026-05-03T03:24:12.632370 bottleneck=9 replicate=0 seed=3 estimator=MiND k=3 sigma=0.75
[EST DONE] 2026-05-03T03:24:21.241638 bottleneck=9 replicate=0 seed=3 estimator=MiND k=3 dur=8.609s
[EST START] 2026-05-03T03:24:21.241766 bottleneck=9 replicate=0 seed=3 estimator=MiND k=5 sigma=0.75
[EST DONE] 2026-05-03T03:24:30.421680 bottleneck=9 replicate=0 seed=3 estimator=MiND k=5 dur=9.180s
[EST START] 2026-05-03T03:24:30.421798 bottleneck=9 replicate=0 seed=3 estimator=MiND k=7 sigma=0.75
[EST DONE] 2026-05-03T03:24:38.789395 bottleneck=9 replicate=0 seed=3 estimator=MiND k=7 dur=8.368s
[EST START] 2026-05-03T03:24:38.789516 bottleneck=9 replicate=0 seed=3 estimator=MiND k=10 sigma=0.75
[EST DONE] 2026-05-03T03:24:48.147033 bottleneck=9 replicate=0 seed=3 estimator=MiND k=10 dur=9.357s
[EST START] 2026-05-03T03:24:48.147181 bottleneck=9 replicate=0 seed=3 estimator=MiND k=15 sigma=0.75
[EST DONE] 2026-05-03T03:24:56.678291 bottleneck=9 replicate=0 seed=3 estimator=MiND k=15 dur=8.531s
[EST START] 2026-05-03T03:24:56.678430 bottleneck=9 replicate=0 seed=3 estimator=FisherS k=ALL sigma=0.75
[EST DONE] 2026-05-03T03:25:00.106849 bottleneck=9 replicate=0 seed=3 estimator=FisherS k=ALL dur=3.428s
[EST START] 2026-05-03T03:25:00.227786 bottleneck=9 replicate=0 seed=3 estimator=Levina-Bickel k=3 sigma=1.0
[EST DONE] 2026-05-03T03:25:00.604770 bottleneck=9 replicate=0 seed=3 estimator=Levina-Bickel k=3 dur=0.377s
[EST START] 2026-05-03T03:25:00.604864 bottleneck=9 replicate=0 seed=3 estimator=Levina-Bickel k=5 sigma=1.0
[EST DONE] 2026-05-03T03:25:00.893792 bottleneck=9 replicate=0 seed=3 estimator=Levina-Bickel k=5 dur=0.289s
[EST START] 2026-05-03T03:25:00.893887 bottleneck=9 replicate=0 seed=3 estimator=Levina-Bickel k=7 sigma=1.0
[EST DONE] 2026-05-03T03:25:01.241465 bottleneck=9 replicate=0 seed=3 estimator=Levina-Bickel k=7 dur=0.348s
[EST START] 2026-05-03T03:25:01.241612 bottleneck=9 replicate=0 seed=3 estimator=Levina-Bickel k=10 sigma=1.0
[EST DONE] 2026-05-03T03:25:01.558379 bottleneck=9 replicate=0 seed=3 estimator=Levina-Bickel k=10 dur=0.317s
[EST START] 2026-05-03T03:25:01.558502 bottleneck=9 replicate=0 seed=3 estimator=Levina-Bickel k=15 sigma=1.0
[EST DONE] 2026-05-03T03:25:01.923199 bottleneck=9 replicate=0 seed=3 estimator=Levina-Bickel k=15 dur=0.365s
[EST START] 2026-05-03T03:25:01.923333 bottleneck=9 replicate=0 seed=3 estimator=TwoNN k=ALL sigma=1.0
[EST DONE] 2026-05-03T03:25:02.207255 bottleneck=9 replicate=0 seed=3 estimator=TwoNN k=ALL dur=0.284s
[EST START] 2026-05-03T03:25:02.207368 bottleneck=9 replicate=0 seed=3 estimator=lPCA k=3 sigma=1.0
[EST DONE] 2026-05-03T03:25:06.677809 bottleneck=9 replicate=0 seed=3 estimator=lPCA k=3 dur=4.470s
[EST START] 2026-05-03T03:25:06.677933 bottleneck=9 replicate=0 seed=3 estimator=lPCA k=5 sigma=1.0
[EST DONE] 2026-05-03T03:25:11.516265 bottleneck=9 replicate=0 seed=3 estimator=lPCA k=5 dur=4.838s
[EST START] 2026-05-03T03:25:11.516369 bottleneck=9 replicate=0 seed=3 estimator=lPCA k=7 sigma=1.0
[EST DONE] 2026-05-03T03:25:16.640065 bottleneck=9 replicate=0 seed=3 estimator=lPCA k=7 dur=5.124s
[EST START] 2026-05-03T03:25:16.640177 bottleneck=9 replicate=0 seed=3 estimator=lPCA k=10 sigma=1.0
[EST DONE] 2026-05-03T03:25:22.591139 bottleneck=9 replicate=0 seed=3 estimator=lPCA k=10 dur=5.951s
[EST START] 2026-05-03T03:25:22.591251 bottleneck=9 replicate=0 seed=3 estimator=lPCA k=15 sigma=1.0
[EST DONE] 2026-05-03T03:25:29.639950 bottleneck=9 replicate=0 seed=3 estimator=lPCA k=15 dur=7.049s
[EST START] 2026-05-03T03:25:29.640062 bottleneck=9 replicate=0 seed=3 estimator=DANCo k=3 sigma=1.0
[EST DONE] 2026-05-03T03:25:56.820056 bottleneck=9 replicate=0 seed=3 estimator=DANCo k=3 dur=27.180s
[EST START] 2026-05-03T03:25:56.820213 bottleneck=9 replicate=0 seed=3 estimator=DANCo k=5 sigma=1.0
[EST DONE] 2026-05-03T03:26:28.140225 bottleneck=9 replicate=0 seed=3 estimator=DANCo k=5 dur=31.320s
[EST START] 2026-05-03T03:26:28.140359 bottleneck=9 replicate=0 seed=3 estimator=DANCo k=7 sigma=1.0
[EST DONE] 2026-05-03T03:27:01.586862 bottleneck=9 replicate=0 seed=3 estimator=DANCo k=7 dur=33.446s
[EST START] 2026-05-03T03:27:01.586991 bottleneck=9 replicate=0 seed=3 estimator=DANCo k=10 sigma=1.0
[EST DONE] 2026-05-03T03:27:36.022344 bottleneck=9 replicate=0 seed=3 estimator=DANCo k=10 dur=34.435s
[EST START] 2026-05-03T03:27:36.022524 bottleneck=9 replicate=0 seed=3 estimator=DANCo k=15 sigma=1.0
[EST DONE] 2026-05-03T03:28:14.543235 bottleneck=9 replicate=0 seed=3 estimator=DANCo k=15 dur=38.521s
[EST START] 2026-05-03T03:28:14.543388 bottleneck=9 replicate=0 seed=3 estimator=MiND k=3 sigma=1.0
[EST DONE] 2026-05-03T03:28:23.934468 bottleneck=9 replicate=0 seed=3 estimator=MiND k=3 dur=9.391s
[EST START] 2026-05-03T03:28:23.934610 bottleneck=9 replicate=0 seed=3 estimator=MiND k=5 sigma=1.0
[EST DONE] 2026-05-03T03:28:33.671540 bottleneck=9 replicate=0 seed=3 estimator=MiND k=5 dur=9.737s
[EST START] 2026-05-03T03:28:33.671658 bottleneck=9 replicate=0 seed=3 estimator=MiND k=7 sigma=1.0
[EST DONE] 2026-05-03T03:28:42.751725 bottleneck=9 replicate=0 seed=3 estimator=MiND k=7 dur=9.080s
[EST START] 2026-05-03T03:28:42.751863 bottleneck=9 replicate=0 seed=3 estimator=MiND k=10 sigma=1.0
[EST DONE] 2026-05-03T03:28:51.290158 bottleneck=9 replicate=0 seed=3 estimator=MiND k=10 dur=8.538s
[EST START] 2026-05-03T03:28:51.290310 bottleneck=9 replicate=0 seed=3 estimator=MiND k=15 sigma=1.0
[EST DONE] 2026-05-03T03:29:01.921108 bottleneck=9 replicate=0 seed=3 estimator=MiND k=15 dur=10.631s
[EST START] 2026-05-03T03:29:01.921245 bottleneck=9 replicate=0 seed=3 estimator=FisherS k=ALL sigma=1.0
[EST DONE] 2026-05-03T03:29:17.826548 bottleneck=9 replicate=0 seed=3 estimator=FisherS k=ALL dur=15.905s
[MNIST TASK START] 2026-05-03T03:29:17.826848 bottleneck=12 replicate=0 seed=3
[AE START] seed=3 bottleneck=12 epochs=50 subset=5000
[AE EPOCH] epoch=1/50 loss=0.224544 epoch_time=0.39s device=cuda
[AE EPOCH] epoch=2/50 loss=0.181196 epoch_time=0.13s device=cuda
[AE EPOCH] epoch=3/50 loss=0.105967 epoch_time=0.16s device=cuda
[AE EPOCH] epoch=4/50 loss=0.077894 epoch_time=0.17s device=cuda
[AE EPOCH] epoch=5/50 loss=0.072932 epoch_time=0.13s device=cuda
[AE EPOCH] epoch=6/50 loss=0.071322 epoch_time=0.13s device=cuda
[AE EPOCH] epoch=7/50 loss=0.070303 epoch_time=0.12s device=cuda
[AE EPOCH] epoch=8/50 loss=0.069414 epoch_time=0.11s device=cuda
[AE EPOCH] epoch=9/50 loss=0.068390 epoch_time=0.16s device=cuda
[AE EPOCH] epoch=10/50 loss=0.067075 epoch_time=0.09s device=cuda
[AE EPOCH] epoch=11/50 loss=0.065330 epoch_time=0.11s device=cuda
[AE EPOCH] epoch=12/50 loss=0.063154 epoch_time=0.14s device=cuda
[AE EPOCH] epoch=13/50 loss=0.060796 epoch_time=0.11s device=cuda
[AE EPOCH] epoch=14/50 loss=0.058401 epoch_time=0.09s device=cuda
[AE EPOCH] epoch=15/50 loss=0.055996 epoch_time=0.10s device=cuda
[AE EPOCH] epoch=16/50 loss=0.053817 epoch_time=0.10s device=cuda
[AE EPOCH] epoch=17/50 loss=0.051904 epoch_time=0.11s device=cuda
[AE EPOCH] epoch=18/50 loss=0.050254 epoch_time=0.13s device=cuda
[AE EPOCH] epoch=19/50 loss=0.048738 epoch_time=0.12s device=cuda
[AE EPOCH] epoch=20/50 loss=0.047297 epoch_time=0.12s device=cuda
[AE EPOCH] epoch=21/50 loss=0.045864 epoch_time=0.08s device=cuda
[AE EPOCH] epoch=22/50 loss=0.044493 epoch_time=0.08s device=cuda
[AE EPOCH] epoch=23/50 loss=0.043208 epoch_time=0.09s device=cuda
[AE EPOCH] epoch=24/50 loss=0.042102 epoch_time=0.11s device=cuda
[AE EPOCH] epoch=25/50 loss=0.041176 epoch_time=0.13s device=cuda
[AE EPOCH] epoch=26/50 loss=0.040391 epoch_time=0.11s device=cuda
[AE EPOCH] epoch=27/50 loss=0.039737 epoch_time=0.12s device=cuda
[AE EPOCH] epoch=28/50 loss=0.039136 epoch_time=0.11s device=cuda
[AE EPOCH] epoch=29/50 loss=0.038601 epoch_time=0.10s device=cuda
[AE EPOCH] epoch=30/50 loss=0.038092 epoch_time=0.09s device=cuda
[AE EPOCH] epoch=31/50 loss=0.037621 epoch_time=0.09s device=cuda
[AE EPOCH] epoch=32/50 loss=0.037149 epoch_time=0.09s device=cuda
[AE EPOCH] epoch=33/50 loss=0.036688 epoch_time=0.09s device=cuda
[AE EPOCH] epoch=34/50 loss=0.036246 epoch_time=0.09s device=cuda
[AE EPOCH] epoch=35/50 loss=0.035804 epoch_time=0.11s device=cuda
[AE EPOCH] epoch=36/50 loss=0.035378 epoch_time=0.13s device=cuda
[AE EPOCH] epoch=37/50 loss=0.034945 epoch_time=0.12s device=cuda
[AE EPOCH] epoch=38/50 loss=0.034508 epoch_time=0.12s device=cuda
[AE EPOCH] epoch=39/50 loss=0.034075 epoch_time=0.15s device=cuda
[AE EPOCH] epoch=40/50 loss=0.033636 epoch_time=0.09s device=cuda
[AE EPOCH] epoch=41/50 loss=0.033206 epoch_time=0.13s device=cuda
[AE EPOCH] epoch=42/50 loss=0.032793 epoch_time=0.11s device=cuda
[AE EPOCH] epoch=43/50 loss=0.032378 epoch_time=0.09s device=cuda
[AE EPOCH] epoch=44/50 loss=0.031988 epoch_time=0.09s device=cuda
[AE EPOCH] epoch=45/50 loss=0.031620 epoch_time=0.08s device=cuda
[AE EPOCH] epoch=46/50 loss=0.031263 epoch_time=0.11s device=cuda
[AE EPOCH] epoch=47/50 loss=0.030917 epoch_time=0.11s device=cuda
[AE EPOCH] epoch=48/50 loss=0.030561 epoch_time=0.09s device=cuda
[AE EPOCH] epoch=49/50 loss=0.030251 epoch_time=0.09s device=cuda
[AE EPOCH] epoch=50/50 loss=0.029935 epoch_time=0.08s device=cuda
[AE TRAIN COMPLETE] total_time=5.80s
[AE TRAIN COMPLETE] 2026-05-03T03:29:29.176550 bottleneck=12 replicate=0 dur=11.3s seed=3
[EST START] 2026-05-03T03:29:29.571108 bottleneck=12 replicate=0 seed=3 estimator=Levina-Bickel k=3 sigma=0.0
[EST DONE] 2026-05-03T03:29:29.970761 bottleneck=12 replicate=0 seed=3 estimator=Levina-Bickel k=3 dur=0.400s
[EST START] 2026-05-03T03:29:29.970908 bottleneck=12 replicate=0 seed=3 estimator=Levina-Bickel k=5 sigma=0.0
[EST DONE] 2026-05-03T03:29:30.272833 bottleneck=12 replicate=0 seed=3 estimator=Levina-Bickel k=5 dur=0.302s
[EST START] 2026-05-03T03:29:30.272935 bottleneck=12 replicate=0 seed=3 estimator=Levina-Bickel k=7 sigma=0.0
[EST DONE] 2026-05-03T03:29:30.569337 bottleneck=12 replicate=0 seed=3 estimator=Levina-Bickel k=7 dur=0.296s
[EST START] 2026-05-03T03:29:30.569452 bottleneck=12 replicate=0 seed=3 estimator=Levina-Bickel k=10 sigma=0.0
[EST DONE] 2026-05-03T03:29:30.873412 bottleneck=12 replicate=0 seed=3 estimator=Levina-Bickel k=10 dur=0.304s
[EST START] 2026-05-03T03:29:30.873517 bottleneck=12 replicate=0 seed=3 estimator=Levina-Bickel k=15 sigma=0.0
[EST DONE] 2026-05-03T03:29:31.204533 bottleneck=12 replicate=0 seed=3 estimator=Levina-Bickel k=15 dur=0.331s
[EST START] 2026-05-03T03:29:31.204632 bottleneck=12 replicate=0 seed=3 estimator=TwoNN k=ALL sigma=0.0
[EST DONE] 2026-05-03T03:29:31.600479 bottleneck=12 replicate=0 seed=3 estimator=TwoNN k=ALL dur=0.396s
[EST START] 2026-05-03T03:29:31.600638 bottleneck=12 replicate=0 seed=3 estimator=lPCA k=3 sigma=0.0
[EST DONE] 2026-05-03T03:29:35.774631 bottleneck=12 replicate=0 seed=3 estimator=lPCA k=3 dur=4.174s
[EST START] 2026-05-03T03:29:35.774731 bottleneck=12 replicate=0 seed=3 estimator=lPCA k=5 sigma=0.0
[EST DONE] 2026-05-03T03:29:40.657927 bottleneck=12 replicate=0 seed=3 estimator=lPCA k=5 dur=4.883s
[EST START] 2026-05-03T03:29:40.658031 bottleneck=12 replicate=0 seed=3 estimator=lPCA k=7 sigma=0.0
[EST DONE] 2026-05-03T03:29:46.280013 bottleneck=12 replicate=0 seed=3 estimator=lPCA k=7 dur=5.622s
[EST START] 2026-05-03T03:29:46.280145 bottleneck=12 replicate=0 seed=3 estimator=lPCA k=10 sigma=0.0
[EST DONE] 2026-05-03T03:29:52.339231 bottleneck=12 replicate=0 seed=3 estimator=lPCA k=10 dur=6.059s
[EST START] 2026-05-03T03:29:52.339332 bottleneck=12 replicate=0 seed=3 estimator=lPCA k=15 sigma=0.0
[EST DONE] 2026-05-03T03:29:59.696303 bottleneck=12 replicate=0 seed=3 estimator=lPCA k=15 dur=7.357s
[EST START] 2026-05-03T03:29:59.696428 bottleneck=12 replicate=0 seed=3 estimator=DANCo k=3 sigma=0.0
[EST DONE] 2026-05-03T03:30:28.857237 bottleneck=12 replicate=0 seed=3 estimator=DANCo k=3 dur=29.161s
[EST START] 2026-05-03T03:30:28.857375 bottleneck=12 replicate=0 seed=3 estimator=DANCo k=5 sigma=0.0
[EST DONE] 2026-05-03T03:31:00.759628 bottleneck=12 replicate=0 seed=3 estimator=DANCo k=5 dur=31.902s
[EST START] 2026-05-03T03:31:00.759740 bottleneck=12 replicate=0 seed=3 estimator=DANCo k=7 sigma=0.0
[EST DONE] 2026-05-03T03:31:33.027133 bottleneck=12 replicate=0 seed=3 estimator=DANCo k=7 dur=32.267s
[EST START] 2026-05-03T03:31:33.027271 bottleneck=12 replicate=0 seed=3 estimator=DANCo k=10 sigma=0.0
[EST DONE] 2026-05-03T03:32:07.936279 bottleneck=12 replicate=0 seed=3 estimator=DANCo k=10 dur=34.909s
[EST START] 2026-05-03T03:32:07.936417 bottleneck=12 replicate=0 seed=3 estimator=DANCo k=15 sigma=0.0
[EST DONE] 2026-05-03T03:32:47.423304 bottleneck=12 replicate=0 seed=3 estimator=DANCo k=15 dur=39.487s
[EST START] 2026-05-03T03:32:47.423457 bottleneck=12 replicate=0 seed=3 estimator=MiND k=3 sigma=0.0
[EST DONE] 2026-05-03T03:32:57.393675 bottleneck=12 replicate=0 seed=3 estimator=MiND k=3 dur=9.970s
[EST START] 2026-05-03T03:32:57.393816 bottleneck=12 replicate=0 seed=3 estimator=MiND k=5 sigma=0.0
[EST DONE] 2026-05-03T03:33:07.626714 bottleneck=12 replicate=0 seed=3 estimator=MiND k=5 dur=10.233s
[EST START] 2026-05-03T03:33:07.626820 bottleneck=12 replicate=0 seed=3 estimator=MiND k=7 sigma=0.0
[EST DONE] 2026-05-03T03:33:18.593729 bottleneck=12 replicate=0 seed=3 estimator=MiND k=7 dur=10.967s
[EST START] 2026-05-03T03:33:18.593878 bottleneck=12 replicate=0 seed=3 estimator=MiND k=10 sigma=0.0
[EST DONE] 2026-05-03T03:33:29.427231 bottleneck=12 replicate=0 seed=3 estimator=MiND k=10 dur=10.833s
[EST START] 2026-05-03T03:33:29.427355 bottleneck=12 replicate=0 seed=3 estimator=MiND k=15 sigma=0.0
[EST DONE] 2026-05-03T03:33:41.140008 bottleneck=12 replicate=0 seed=3 estimator=MiND k=15 dur=11.713s
[EST START] 2026-05-03T03:33:41.140137 bottleneck=12 replicate=0 seed=3 estimator=FisherS k=ALL sigma=0.0
[EST DONE] 2026-05-03T03:33:45.319503 bottleneck=12 replicate=0 seed=3 estimator=FisherS k=ALL dur=4.179s
[EST START] 2026-05-03T03:33:45.416609 bottleneck=12 replicate=0 seed=3 estimator=Levina-Bickel k=3 sigma=0.25
[EST DONE] 2026-05-03T03:33:45.730940 bottleneck=12 replicate=0 seed=3 estimator=Levina-Bickel k=3 dur=0.314s
[EST START] 2026-05-03T03:33:45.731026 bottleneck=12 replicate=0 seed=3 estimator=Levina-Bickel k=5 sigma=0.25
[EST DONE] 2026-05-03T03:33:46.052277 bottleneck=12 replicate=0 seed=3 estimator=Levina-Bickel k=5 dur=0.321s
[EST START] 2026-05-03T03:33:46.052387 bottleneck=12 replicate=0 seed=3 estimator=Levina-Bickel k=7 sigma=0.25
[EST DONE] 2026-05-03T03:33:46.370760 bottleneck=12 replicate=0 seed=3 estimator=Levina-Bickel k=7 dur=0.318s
[EST START] 2026-05-03T03:33:46.370893 bottleneck=12 replicate=0 seed=3 estimator=Levina-Bickel k=10 sigma=0.25
[EST DONE] 2026-05-03T03:33:46.687854 bottleneck=12 replicate=0 seed=3 estimator=Levina-Bickel k=10 dur=0.317s
[EST START] 2026-05-03T03:33:46.687988 bottleneck=12 replicate=0 seed=3 estimator=Levina-Bickel k=15 sigma=0.25
[EST DONE] 2026-05-03T03:33:47.152438 bottleneck=12 replicate=0 seed=3 estimator=Levina-Bickel k=15 dur=0.464s
[EST START] 2026-05-03T03:33:47.152580 bottleneck=12 replicate=0 seed=3 estimator=TwoNN k=ALL sigma=0.25
[EST DONE] 2026-05-03T03:33:47.440352 bottleneck=12 replicate=0 seed=3 estimator=TwoNN k=ALL dur=0.288s
[EST START] 2026-05-03T03:33:47.440492 bottleneck=12 replicate=0 seed=3 estimator=lPCA k=3 sigma=0.25
[EST DONE] 2026-05-03T03:33:51.657999 bottleneck=12 replicate=0 seed=3 estimator=lPCA k=3 dur=4.217s
[EST START] 2026-05-03T03:33:51.658074 bottleneck=12 replicate=0 seed=3 estimator=lPCA k=5 sigma=0.25
[EST DONE] 2026-05-03T03:33:56.419885 bottleneck=12 replicate=0 seed=3 estimator=lPCA k=5 dur=4.762s
[EST START] 2026-05-03T03:33:56.419980 bottleneck=12 replicate=0 seed=3 estimator=lPCA k=7 sigma=0.25
[EST DONE] 2026-05-03T03:34:01.551898 bottleneck=12 replicate=0 seed=3 estimator=lPCA k=7 dur=5.132s
[EST START] 2026-05-03T03:34:01.551993 bottleneck=12 replicate=0 seed=3 estimator=lPCA k=10 sigma=0.25
[EST DONE] 2026-05-03T03:34:07.231569 bottleneck=12 replicate=0 seed=3 estimator=lPCA k=10 dur=5.680s
[EST START] 2026-05-03T03:34:07.231681 bottleneck=12 replicate=0 seed=3 estimator=lPCA k=15 sigma=0.25
[EST DONE] 2026-05-03T03:34:14.195023 bottleneck=12 replicate=0 seed=3 estimator=lPCA k=15 dur=6.963s
[EST START] 2026-05-03T03:34:14.195172 bottleneck=12 replicate=0 seed=3 estimator=DANCo k=3 sigma=0.25
[EST DONE] 2026-05-03T03:34:43.067474 bottleneck=12 replicate=0 seed=3 estimator=DANCo k=3 dur=28.872s
[EST START] 2026-05-03T03:34:43.067599 bottleneck=12 replicate=0 seed=3 estimator=DANCo k=5 sigma=0.25
[EST DONE] 2026-05-03T03:35:15.524754 bottleneck=12 replicate=0 seed=3 estimator=DANCo k=5 dur=32.457s
[EST START] 2026-05-03T03:35:15.524894 bottleneck=12 replicate=0 seed=3 estimator=DANCo k=7 sigma=0.25
[EST DONE] 2026-05-03T03:35:47.575140 bottleneck=12 replicate=0 seed=3 estimator=DANCo k=7 dur=32.050s
[EST START] 2026-05-03T03:35:47.575281 bottleneck=12 replicate=0 seed=3 estimator=DANCo k=10 sigma=0.25
[EST DONE] 2026-05-03T03:36:22.180619 bottleneck=12 replicate=0 seed=3 estimator=DANCo k=10 dur=34.605s
[EST START] 2026-05-03T03:36:22.180777 bottleneck=12 replicate=0 seed=3 estimator=DANCo k=15 sigma=0.25
[EST DONE] 2026-05-03T03:37:02.617704 bottleneck=12 replicate=0 seed=3 estimator=DANCo k=15 dur=40.437s
[EST START] 2026-05-03T03:37:02.617870 bottleneck=12 replicate=0 seed=3 estimator=MiND k=3 sigma=0.25
[EST DONE] 2026-05-03T03:37:10.843543 bottleneck=12 replicate=0 seed=3 estimator=MiND k=3 dur=8.226s
[EST START] 2026-05-03T03:37:10.843661 bottleneck=12 replicate=0 seed=3 estimator=MiND k=5 sigma=0.25
[EST DONE] 2026-05-03T03:37:20.098597 bottleneck=12 replicate=0 seed=3 estimator=MiND k=5 dur=9.255s
[EST START] 2026-05-03T03:37:20.098730 bottleneck=12 replicate=0 seed=3 estimator=MiND k=7 sigma=0.25
[EST DONE] 2026-05-03T03:37:28.765464 bottleneck=12 replicate=0 seed=3 estimator=MiND k=7 dur=8.667s
[EST START] 2026-05-03T03:37:28.765581 bottleneck=12 replicate=0 seed=3 estimator=MiND k=10 sigma=0.25
[EST DONE] 2026-05-03T03:37:39.206164 bottleneck=12 replicate=0 seed=3 estimator=MiND k=10 dur=10.441s
[EST START] 2026-05-03T03:37:39.206289 bottleneck=12 replicate=0 seed=3 estimator=MiND k=15 sigma=0.25
[EST DONE] 2026-05-03T03:37:47.939109 bottleneck=12 replicate=0 seed=3 estimator=MiND k=15 dur=8.733s
[EST START] 2026-05-03T03:37:47.939264 bottleneck=12 replicate=0 seed=3 estimator=FisherS k=ALL sigma=0.25
[EST DONE] 2026-05-03T03:37:51.739112 bottleneck=12 replicate=0 seed=3 estimator=FisherS k=ALL dur=3.800s
[EST START] 2026-05-03T03:37:51.875546 bottleneck=12 replicate=0 seed=3 estimator=Levina-Bickel k=3 sigma=0.5
[EST DONE] 2026-05-03T03:37:52.172817 bottleneck=12 replicate=0 seed=3 estimator=Levina-Bickel k=3 dur=0.297s
[EST START] 2026-05-03T03:37:52.172916 bottleneck=12 replicate=0 seed=3 estimator=Levina-Bickel k=5 sigma=0.5
[EST DONE] 2026-05-03T03:37:52.533326 bottleneck=12 replicate=0 seed=3 estimator=Levina-Bickel k=5 dur=0.360s
[EST START] 2026-05-03T03:37:52.533459 bottleneck=12 replicate=0 seed=3 estimator=Levina-Bickel k=7 sigma=0.5
[EST DONE] 2026-05-03T03:37:52.869276 bottleneck=12 replicate=0 seed=3 estimator=Levina-Bickel k=7 dur=0.336s
[EST START] 2026-05-03T03:37:52.869415 bottleneck=12 replicate=0 seed=3 estimator=Levina-Bickel k=10 sigma=0.5
[EST DONE] 2026-05-03T03:37:53.176899 bottleneck=12 replicate=0 seed=3 estimator=Levina-Bickel k=10 dur=0.307s
[EST START] 2026-05-03T03:37:53.177012 bottleneck=12 replicate=0 seed=3 estimator=Levina-Bickel k=15 sigma=0.5
[EST DONE] 2026-05-03T03:37:53.597479 bottleneck=12 replicate=0 seed=3 estimator=Levina-Bickel k=15 dur=0.420s
[EST START] 2026-05-03T03:37:53.597627 bottleneck=12 replicate=0 seed=3 estimator=TwoNN k=ALL sigma=0.5
[EST DONE] 2026-05-03T03:37:53.927155 bottleneck=12 replicate=0 seed=3 estimator=TwoNN k=ALL dur=0.329s
[EST START] 2026-05-03T03:37:53.927289 bottleneck=12 replicate=0 seed=3 estimator=lPCA k=3 sigma=0.5
[EST DONE] 2026-05-03T03:37:58.127908 bottleneck=12 replicate=0 seed=3 estimator=lPCA k=3 dur=4.201s
[EST START] 2026-05-03T03:37:58.128033 bottleneck=12 replicate=0 seed=3 estimator=lPCA k=5 sigma=0.5
[EST DONE] 2026-05-03T03:38:03.211908 bottleneck=12 replicate=0 seed=3 estimator=lPCA k=5 dur=5.084s
[EST START] 2026-05-03T03:38:03.212045 bottleneck=12 replicate=0 seed=3 estimator=lPCA k=7 sigma=0.5
[EST DONE] 2026-05-03T03:38:08.396503 bottleneck=12 replicate=0 seed=3 estimator=lPCA k=7 dur=5.184s
[EST START] 2026-05-03T03:38:08.396626 bottleneck=12 replicate=0 seed=3 estimator=lPCA k=10 sigma=0.5
[EST DONE] 2026-05-03T03:38:14.095740 bottleneck=12 replicate=0 seed=3 estimator=lPCA k=10 dur=5.699s
[EST START] 2026-05-03T03:38:14.095853 bottleneck=12 replicate=0 seed=3 estimator=lPCA k=15 sigma=0.5
[EST DONE] 2026-05-03T03:38:21.071285 bottleneck=12 replicate=0 seed=3 estimator=lPCA k=15 dur=6.975s
[EST START] 2026-05-03T03:38:21.071402 bottleneck=12 replicate=0 seed=3 estimator=DANCo k=3 sigma=0.5
[EST DONE] 2026-05-03T03:38:48.211626 bottleneck=12 replicate=0 seed=3 estimator=DANCo k=3 dur=27.140s
[EST START] 2026-05-03T03:38:48.211733 bottleneck=12 replicate=0 seed=3 estimator=DANCo k=5 sigma=0.5
[EST DONE] 2026-05-03T03:39:18.347072 bottleneck=12 replicate=0 seed=3 estimator=DANCo k=5 dur=30.135s
[EST START] 2026-05-03T03:39:18.347227 bottleneck=12 replicate=0 seed=3 estimator=DANCo k=7 sigma=0.5
[EST DONE] 2026-05-03T03:39:49.310190 bottleneck=12 replicate=0 seed=3 estimator=DANCo k=7 dur=30.963s
[EST START] 2026-05-03T03:39:49.310348 bottleneck=12 replicate=0 seed=3 estimator=DANCo k=10 sigma=0.5
[EST DONE] 2026-05-03T03:40:23.278303 bottleneck=12 replicate=0 seed=3 estimator=DANCo k=10 dur=33.968s
[EST START] 2026-05-03T03:40:23.278422 bottleneck=12 replicate=0 seed=3 estimator=DANCo k=15 sigma=0.5
[EST DONE] 2026-05-03T03:41:03.373248 bottleneck=12 replicate=0 seed=3 estimator=DANCo k=15 dur=40.095s
[EST START] 2026-05-03T03:41:03.373410 bottleneck=12 replicate=0 seed=3 estimator=MiND k=3 sigma=0.5
[EST DONE] 2026-05-03T03:41:12.377165 bottleneck=12 replicate=0 seed=3 estimator=MiND k=3 dur=9.004s
[EST START] 2026-05-03T03:41:12.377300 bottleneck=12 replicate=0 seed=3 estimator=MiND k=5 sigma=0.5
[EST DONE] 2026-05-03T03:41:20.850804 bottleneck=12 replicate=0 seed=3 estimator=MiND k=5 dur=8.473s
[EST START] 2026-05-03T03:41:20.850899 bottleneck=12 replicate=0 seed=3 estimator=MiND k=7 sigma=0.5
[EST DONE] 2026-05-03T03:41:30.859022 bottleneck=12 replicate=0 seed=3 estimator=MiND k=7 dur=10.008s
[EST START] 2026-05-03T03:41:30.859150 bottleneck=12 replicate=0 seed=3 estimator=MiND k=10 sigma=0.5
[EST DONE] 2026-05-03T03:41:41.392462 bottleneck=12 replicate=0 seed=3 estimator=MiND k=10 dur=10.533s
[EST START] 2026-05-03T03:41:41.392551 bottleneck=12 replicate=0 seed=3 estimator=MiND k=15 sigma=0.5
[EST DONE] 2026-05-03T03:41:50.355917 bottleneck=12 replicate=0 seed=3 estimator=MiND k=15 dur=8.963s
[EST START] 2026-05-03T03:41:50.356039 bottleneck=12 replicate=0 seed=3 estimator=FisherS k=ALL sigma=0.5
[EST DONE] 2026-05-03T03:41:54.720049 bottleneck=12 replicate=0 seed=3 estimator=FisherS k=ALL dur=4.364s
[EST START] 2026-05-03T03:41:54.873474 bottleneck=12 replicate=0 seed=3 estimator=Levina-Bickel k=3 sigma=0.75
[EST DONE] 2026-05-03T03:41:55.323449 bottleneck=12 replicate=0 seed=3 estimator=Levina-Bickel k=3 dur=0.450s
[EST START] 2026-05-03T03:41:55.323562 bottleneck=12 replicate=0 seed=3 estimator=Levina-Bickel k=5 sigma=0.75
[EST DONE] 2026-05-03T03:41:55.700830 bottleneck=12 replicate=0 seed=3 estimator=Levina-Bickel k=5 dur=0.377s
[EST START] 2026-05-03T03:41:55.700935 bottleneck=12 replicate=0 seed=3 estimator=Levina-Bickel k=7 sigma=0.75
[EST DONE] 2026-05-03T03:41:56.107719 bottleneck=12 replicate=0 seed=3 estimator=Levina-Bickel k=7 dur=0.407s
[EST START] 2026-05-03T03:41:56.107813 bottleneck=12 replicate=0 seed=3 estimator=Levina-Bickel k=10 sigma=0.75
[EST DONE] 2026-05-03T03:41:56.425593 bottleneck=12 replicate=0 seed=3 estimator=Levina-Bickel k=10 dur=0.318s
[EST START] 2026-05-03T03:41:56.425696 bottleneck=12 replicate=0 seed=3 estimator=Levina-Bickel k=15 sigma=0.75
[EST DONE] 2026-05-03T03:41:56.773118 bottleneck=12 replicate=0 seed=3 estimator=Levina-Bickel k=15 dur=0.347s
[EST START] 2026-05-03T03:41:56.773225 bottleneck=12 replicate=0 seed=3 estimator=TwoNN k=ALL sigma=0.75
[EST DONE] 2026-05-03T03:41:57.087301 bottleneck=12 replicate=0 seed=3 estimator=TwoNN k=ALL dur=0.314s
[EST START] 2026-05-03T03:41:57.087443 bottleneck=12 replicate=0 seed=3 estimator=lPCA k=3 sigma=0.75
[EST DONE] 2026-05-03T03:42:01.690900 bottleneck=12 replicate=0 seed=3 estimator=lPCA k=3 dur=4.603s
[EST START] 2026-05-03T03:42:01.691031 bottleneck=12 replicate=0 seed=3 estimator=lPCA k=5 sigma=0.75
[EST DONE] 2026-05-03T03:42:06.757979 bottleneck=12 replicate=0 seed=3 estimator=lPCA k=5 dur=5.067s
[EST START] 2026-05-03T03:42:06.758086 bottleneck=12 replicate=0 seed=3 estimator=lPCA k=7 sigma=0.75
[EST DONE] 2026-05-03T03:42:12.251279 bottleneck=12 replicate=0 seed=3 estimator=lPCA k=7 dur=5.493s
[EST START] 2026-05-03T03:42:12.251404 bottleneck=12 replicate=0 seed=3 estimator=lPCA k=10 sigma=0.75
[EST DONE] 2026-05-03T03:42:18.069440 bottleneck=12 replicate=0 seed=3 estimator=lPCA k=10 dur=5.818s
[EST START] 2026-05-03T03:42:18.069625 bottleneck=12 replicate=0 seed=3 estimator=lPCA k=15 sigma=0.75
[EST DONE] 2026-05-03T03:42:25.038582 bottleneck=12 replicate=0 seed=3 estimator=lPCA k=15 dur=6.969s
[EST START] 2026-05-03T03:42:25.038739 bottleneck=12 replicate=0 seed=3 estimator=DANCo k=3 sigma=0.75
[EST DONE] 2026-05-03T03:42:53.662062 bottleneck=12 replicate=0 seed=3 estimator=DANCo k=3 dur=28.623s
[EST START] 2026-05-03T03:42:53.662218 bottleneck=12 replicate=0 seed=3 estimator=DANCo k=5 sigma=0.75
[EST DONE] 2026-05-03T03:43:24.008984 bottleneck=12 replicate=0 seed=3 estimator=DANCo k=5 dur=30.347s
[EST START] 2026-05-03T03:43:24.009114 bottleneck=12 replicate=0 seed=3 estimator=DANCo k=7 sigma=0.75
[EST DONE] 2026-05-03T03:43:56.378973 bottleneck=12 replicate=0 seed=3 estimator=DANCo k=7 dur=32.370s
[EST START] 2026-05-03T03:43:56.379165 bottleneck=12 replicate=0 seed=3 estimator=DANCo k=10 sigma=0.75
[EST DONE] 2026-05-03T03:44:31.632047 bottleneck=12 replicate=0 seed=3 estimator=DANCo k=10 dur=35.253s
[EST START] 2026-05-03T03:44:31.632226 bottleneck=12 replicate=0 seed=3 estimator=DANCo k=15 sigma=0.75
[EST DONE] 2026-05-03T03:45:10.993662 bottleneck=12 replicate=0 seed=3 estimator=DANCo k=15 dur=39.361s
[EST START] 2026-05-03T03:45:10.993788 bottleneck=12 replicate=0 seed=3 estimator=MiND k=3 sigma=0.75
[EST DONE] 2026-05-03T03:45:19.754694 bottleneck=12 replicate=0 seed=3 estimator=MiND k=3 dur=8.761s
[EST START] 2026-05-03T03:45:19.754820 bottleneck=12 replicate=0 seed=3 estimator=MiND k=5 sigma=0.75
[EST DONE] 2026-05-03T03:45:29.232624 bottleneck=12 replicate=0 seed=3 estimator=MiND k=5 dur=9.478s
[EST START] 2026-05-03T03:45:29.232741 bottleneck=12 replicate=0 seed=3 estimator=MiND k=7 sigma=0.75
[EST DONE] 2026-05-03T03:45:37.418766 bottleneck=12 replicate=0 seed=3 estimator=MiND k=7 dur=8.186s
[EST START] 2026-05-03T03:45:37.418858 bottleneck=12 replicate=0 seed=3 estimator=MiND k=10 sigma=0.75
[EST DONE] 2026-05-03T03:45:48.876721 bottleneck=12 replicate=0 seed=3 estimator=MiND k=10 dur=11.458s
[EST START] 2026-05-03T03:45:48.876841 bottleneck=12 replicate=0 seed=3 estimator=MiND k=15 sigma=0.75
[EST DONE] 2026-05-03T03:45:57.748247 bottleneck=12 replicate=0 seed=3 estimator=MiND k=15 dur=8.871s
[EST START] 2026-05-03T03:45:57.748416 bottleneck=12 replicate=0 seed=3 estimator=FisherS k=ALL sigma=0.75
[EST DONE] 2026-05-03T03:46:01.682909 bottleneck=12 replicate=0 seed=3 estimator=FisherS k=ALL dur=3.934s
[EST START] 2026-05-03T03:46:01.821179 bottleneck=12 replicate=0 seed=3 estimator=Levina-Bickel k=3 sigma=1.0
[EST DONE] 2026-05-03T03:46:02.121068 bottleneck=12 replicate=0 seed=3 estimator=Levina-Bickel k=3 dur=0.300s
[EST START] 2026-05-03T03:46:02.121167 bottleneck=12 replicate=0 seed=3 estimator=Levina-Bickel k=5 sigma=1.0
[EST DONE] 2026-05-03T03:46:02.460752 bottleneck=12 replicate=0 seed=3 estimator=Levina-Bickel k=5 dur=0.340s
[EST START] 2026-05-03T03:46:02.460848 bottleneck=12 replicate=0 seed=3 estimator=Levina-Bickel k=7 sigma=1.0
[EST DONE] 2026-05-03T03:46:02.758737 bottleneck=12 replicate=0 seed=3 estimator=Levina-Bickel k=7 dur=0.298s
[EST START] 2026-05-03T03:46:02.758865 bottleneck=12 replicate=0 seed=3 estimator=Levina-Bickel k=10 sigma=1.0
[EST DONE] 2026-05-03T03:46:03.103895 bottleneck=12 replicate=0 seed=3 estimator=Levina-Bickel k=10 dur=0.345s
[EST START] 2026-05-03T03:46:03.103998 bottleneck=12 replicate=0 seed=3 estimator=Levina-Bickel k=15 sigma=1.0
[EST DONE] 2026-05-03T03:46:03.480910 bottleneck=12 replicate=0 seed=3 estimator=Levina-Bickel k=15 dur=0.377s
[EST START] 2026-05-03T03:46:03.481046 bottleneck=12 replicate=0 seed=3 estimator=TwoNN k=ALL sigma=1.0
[EST DONE] 2026-05-03T03:46:03.800360 bottleneck=12 replicate=0 seed=3 estimator=TwoNN k=ALL dur=0.319s
[EST START] 2026-05-03T03:46:03.800455 bottleneck=12 replicate=0 seed=3 estimator=lPCA k=3 sigma=1.0
[EST DONE] 2026-05-03T03:46:08.194767 bottleneck=12 replicate=0 seed=3 estimator=lPCA k=3 dur=4.394s
[EST START] 2026-05-03T03:46:08.194877 bottleneck=12 replicate=0 seed=3 estimator=lPCA k=5 sigma=1.0
[EST DONE] 2026-05-03T03:46:12.981429 bottleneck=12 replicate=0 seed=3 estimator=lPCA k=5 dur=4.787s
[EST START] 2026-05-03T03:46:12.981565 bottleneck=12 replicate=0 seed=3 estimator=lPCA k=7 sigma=1.0
[EST DONE] 2026-05-03T03:46:18.155617 bottleneck=12 replicate=0 seed=3 estimator=lPCA k=7 dur=5.174s
[EST START] 2026-05-03T03:46:18.155726 bottleneck=12 replicate=0 seed=3 estimator=lPCA k=10 sigma=1.0
[EST DONE] 2026-05-03T03:46:24.299481 bottleneck=12 replicate=0 seed=3 estimator=lPCA k=10 dur=6.144s
[EST START] 2026-05-03T03:46:24.299612 bottleneck=12 replicate=0 seed=3 estimator=lPCA k=15 sigma=1.0
[EST DONE] 2026-05-03T03:46:31.537331 bottleneck=12 replicate=0 seed=3 estimator=lPCA k=15 dur=7.238s
[EST START] 2026-05-03T03:46:31.537438 bottleneck=12 replicate=0 seed=3 estimator=DANCo k=3 sigma=1.0
[EST DONE] 2026-05-03T03:46:59.166435 bottleneck=12 replicate=0 seed=3 estimator=DANCo k=3 dur=27.629s
[EST START] 2026-05-03T03:46:59.166546 bottleneck=12 replicate=0 seed=3 estimator=DANCo k=5 sigma=1.0
[EST DONE] 2026-05-03T03:47:30.610199 bottleneck=12 replicate=0 seed=3 estimator=DANCo k=5 dur=31.444s
[EST START] 2026-05-03T03:47:30.610341 bottleneck=12 replicate=0 seed=3 estimator=DANCo k=7 sigma=1.0
[EST DONE] 2026-05-03T03:48:01.655177 bottleneck=12 replicate=0 seed=3 estimator=DANCo k=7 dur=31.045s
[EST START] 2026-05-03T03:48:01.655295 bottleneck=12 replicate=0 seed=3 estimator=DANCo k=10 sigma=1.0
[EST DONE] 2026-05-03T03:48:37.237829 bottleneck=12 replicate=0 seed=3 estimator=DANCo k=10 dur=35.583s
[EST START] 2026-05-03T03:48:37.237953 bottleneck=12 replicate=0 seed=3 estimator=DANCo k=15 sigma=1.0
[EST DONE] 2026-05-03T03:49:17.182496 bottleneck=12 replicate=0 seed=3 estimator=DANCo k=15 dur=39.945s
[EST START] 2026-05-03T03:49:17.182669 bottleneck=12 replicate=0 seed=3 estimator=MiND k=3 sigma=1.0
[EST DONE] 2026-05-03T03:49:49.518564 bottleneck=12 replicate=0 seed=3 estimator=MiND k=3 dur=32.336s
[EST START] 2026-05-03T03:49:49.518707 bottleneck=12 replicate=0 seed=3 estimator=MiND k=5 sigma=1.0
[EST DONE] 2026-05-03T03:50:16.695661 bottleneck=12 replicate=0 seed=3 estimator=MiND k=5 dur=27.177s
[EST START] 2026-05-03T03:50:16.695778 bottleneck=12 replicate=0 seed=3 estimator=MiND k=7 sigma=1.0
[EST DONE] 2026-05-03T03:50:25.204772 bottleneck=12 replicate=0 seed=3 estimator=MiND k=7 dur=8.509s
[EST START] 2026-05-03T03:50:25.204919 bottleneck=12 replicate=0 seed=3 estimator=MiND k=10 sigma=1.0
[EST DONE] 2026-05-03T03:50:33.213997 bottleneck=12 replicate=0 seed=3 estimator=MiND k=10 dur=8.009s
[EST START] 2026-05-03T03:50:33.214116 bottleneck=12 replicate=0 seed=3 estimator=MiND k=15 sigma=1.0
[EST DONE] 2026-05-03T03:50:42.616738 bottleneck=12 replicate=0 seed=3 estimator=MiND k=15 dur=9.403s
[EST START] 2026-05-03T03:50:42.616907 bottleneck=12 replicate=0 seed=3 estimator=FisherS k=ALL sigma=1.0
[EST DONE] 2026-05-03T03:50:55.072049 bottleneck=12 replicate=0 seed=3 estimator=FisherS k=ALL dur=12.455s
[MNIST TASK START] 2026-05-03T03:50:55.072375 bottleneck=15 replicate=0 seed=3
[AE START] seed=3 bottleneck=15 epochs=50 subset=5000
[AE EPOCH] epoch=1/50 loss=0.224956 epoch_time=0.31s device=cuda
[AE EPOCH] epoch=2/50 loss=0.180045 epoch_time=0.09s device=cuda
[AE EPOCH] epoch=3/50 loss=0.103742 epoch_time=0.08s device=cuda
[AE EPOCH] epoch=4/50 loss=0.077240 epoch_time=0.08s device=cuda
[AE EPOCH] epoch=5/50 loss=0.072708 epoch_time=0.08s device=cuda
[AE EPOCH] epoch=6/50 loss=0.071144 epoch_time=0.08s device=cuda
[AE EPOCH] epoch=7/50 loss=0.070107 epoch_time=0.09s device=cuda
[AE EPOCH] epoch=8/50 loss=0.069071 epoch_time=0.12s device=cuda
[AE EPOCH] epoch=9/50 loss=0.067804 epoch_time=0.12s device=cuda
[AE EPOCH] epoch=10/50 loss=0.066196 epoch_time=0.08s device=cuda
[AE EPOCH] epoch=11/50 loss=0.064368 epoch_time=0.08s device=cuda
[AE EPOCH] epoch=12/50 loss=0.062618 epoch_time=0.08s device=cuda
[AE EPOCH] epoch=13/50 loss=0.061039 epoch_time=0.08s device=cuda
[AE EPOCH] epoch=14/50 loss=0.059472 epoch_time=0.08s device=cuda
[AE EPOCH] epoch=15/50 loss=0.057896 epoch_time=0.08s device=cuda
[AE EPOCH] epoch=16/50 loss=0.056296 epoch_time=0.08s device=cuda
[AE EPOCH] epoch=17/50 loss=0.054622 epoch_time=0.08s device=cuda
[AE EPOCH] epoch=18/50 loss=0.052901 epoch_time=0.09s device=cuda
[AE EPOCH] epoch=19/50 loss=0.051170 epoch_time=0.09s device=cuda
[AE EPOCH] epoch=20/50 loss=0.049525 epoch_time=0.09s device=cuda
[AE EPOCH] epoch=21/50 loss=0.048069 epoch_time=0.10s device=cuda
[AE EPOCH] epoch=22/50 loss=0.046702 epoch_time=0.10s device=cuda
[AE EPOCH] epoch=23/50 loss=0.045456 epoch_time=0.10s device=cuda
[AE EPOCH] epoch=24/50 loss=0.044307 epoch_time=0.10s device=cuda
[AE EPOCH] epoch=25/50 loss=0.043232 epoch_time=0.10s device=cuda
[AE EPOCH] epoch=26/50 loss=0.042274 epoch_time=0.10s device=cuda
[AE EPOCH] epoch=27/50 loss=0.041419 epoch_time=0.08s device=cuda
[AE EPOCH] epoch=28/50 loss=0.040675 epoch_time=0.08s device=cuda
[AE EPOCH] epoch=29/50 loss=0.040027 epoch_time=0.08s device=cuda
[AE EPOCH] epoch=30/50 loss=0.039464 epoch_time=0.09s device=cuda
[AE EPOCH] epoch=31/50 loss=0.038934 epoch_time=0.09s device=cuda
[AE EPOCH] epoch=32/50 loss=0.038456 epoch_time=0.09s device=cuda
[AE EPOCH] epoch=33/50 loss=0.037977 epoch_time=0.10s device=cuda
[AE EPOCH] epoch=34/50 loss=0.037520 epoch_time=0.09s device=cuda
[AE EPOCH] epoch=35/50 loss=0.037065 epoch_time=0.10s device=cuda
[AE EPOCH] epoch=36/50 loss=0.036625 epoch_time=0.10s device=cuda
[AE EPOCH] epoch=37/50 loss=0.036169 epoch_time=0.09s device=cuda
[AE EPOCH] epoch=38/50 loss=0.035714 epoch_time=0.09s device=cuda
[AE EPOCH] epoch=39/50 loss=0.035246 epoch_time=0.09s device=cuda
[AE EPOCH] epoch=40/50 loss=0.034804 epoch_time=0.09s device=cuda
[AE EPOCH] epoch=41/50 loss=0.034338 epoch_time=0.08s device=cuda
[AE EPOCH] epoch=42/50 loss=0.033867 epoch_time=0.08s device=cuda
[AE EPOCH] epoch=43/50 loss=0.033392 epoch_time=0.08s device=cuda
[AE EPOCH] epoch=44/50 loss=0.032939 epoch_time=0.08s device=cuda
[AE EPOCH] epoch=45/50 loss=0.032463 epoch_time=0.09s device=cuda
[AE EPOCH] epoch=46/50 loss=0.032037 epoch_time=0.09s device=cuda
[AE EPOCH] epoch=47/50 loss=0.031638 epoch_time=0.08s device=cuda
[AE EPOCH] epoch=48/50 loss=0.031260 epoch_time=0.08s device=cuda
[AE EPOCH] epoch=49/50 loss=0.030899 epoch_time=0.08s device=cuda
[AE EPOCH] epoch=50/50 loss=0.030567 epoch_time=0.08s device=cuda
[AE TRAIN COMPLETE] total_time=4.68s
[AE TRAIN COMPLETE] 2026-05-03T03:51:14.420938 bottleneck=15 replicate=0 dur=19.3s seed=3
[EST START] 2026-05-03T03:51:14.566663 bottleneck=15 replicate=0 seed=3 estimator=Levina-Bickel k=3 sigma=0.0
[EST DONE] 2026-05-03T03:51:15.121255 bottleneck=15 replicate=0 seed=3 estimator=Levina-Bickel k=3 dur=0.554s
[EST START] 2026-05-03T03:51:15.121406 bottleneck=15 replicate=0 seed=3 estimator=Levina-Bickel k=5 sigma=0.0
[EST DONE] 2026-05-03T03:51:15.615964 bottleneck=15 replicate=0 seed=3 estimator=Levina-Bickel k=5 dur=0.495s
[EST START] 2026-05-03T03:51:15.616073 bottleneck=15 replicate=0 seed=3 estimator=Levina-Bickel k=7 sigma=0.0
[EST DONE] 2026-05-03T03:51:16.077618 bottleneck=15 replicate=0 seed=3 estimator=Levina-Bickel k=7 dur=0.462s
[EST START] 2026-05-03T03:51:16.077753 bottleneck=15 replicate=0 seed=3 estimator=Levina-Bickel k=10 sigma=0.0
[EST DONE] 2026-05-03T03:51:16.861924 bottleneck=15 replicate=0 seed=3 estimator=Levina-Bickel k=10 dur=0.784s
[EST START] 2026-05-03T03:51:16.862041 bottleneck=15 replicate=0 seed=3 estimator=Levina-Bickel k=15 sigma=0.0
[EST DONE] 2026-05-03T03:51:17.251878 bottleneck=15 replicate=0 seed=3 estimator=Levina-Bickel k=15 dur=0.390s
[EST START] 2026-05-03T03:51:17.252005 bottleneck=15 replicate=0 seed=3 estimator=TwoNN k=ALL sigma=0.0
[EST DONE] 2026-05-03T03:51:17.748357 bottleneck=15 replicate=0 seed=3 estimator=TwoNN k=ALL dur=0.496s
[EST START] 2026-05-03T03:51:17.748484 bottleneck=15 replicate=0 seed=3 estimator=lPCA k=3 sigma=0.0
[EST DONE] 2026-05-03T03:51:22.916362 bottleneck=15 replicate=0 seed=3 estimator=lPCA k=3 dur=5.168s
[EST START] 2026-05-03T03:51:22.916478 bottleneck=15 replicate=0 seed=3 estimator=lPCA k=5 sigma=0.0
[EST DONE] 2026-05-03T03:51:27.718308 bottleneck=15 replicate=0 seed=3 estimator=lPCA k=5 dur=4.802s
[EST START] 2026-05-03T03:51:27.718402 bottleneck=15 replicate=0 seed=3 estimator=lPCA k=7 sigma=0.0
[EST DONE] 2026-05-03T03:51:32.858531 bottleneck=15 replicate=0 seed=3 estimator=lPCA k=7 dur=5.140s
[EST START] 2026-05-03T03:51:32.858635 bottleneck=15 replicate=0 seed=3 estimator=lPCA k=10 sigma=0.0
[EST DONE] 2026-05-03T03:51:38.867066 bottleneck=15 replicate=0 seed=3 estimator=lPCA k=10 dur=6.008s
[EST START] 2026-05-03T03:51:38.867171 bottleneck=15 replicate=0 seed=3 estimator=lPCA k=15 sigma=0.0
[EST DONE] 2026-05-03T03:51:46.009331 bottleneck=15 replicate=0 seed=3 estimator=lPCA k=15 dur=7.142s
[EST START] 2026-05-03T03:51:46.009457 bottleneck=15 replicate=0 seed=3 estimator=DANCo k=3 sigma=0.0
[EST DONE] 2026-05-03T03:52:13.517487 bottleneck=15 replicate=0 seed=3 estimator=DANCo k=3 dur=27.508s
[EST START] 2026-05-03T03:52:13.517630 bottleneck=15 replicate=0 seed=3 estimator=DANCo k=5 sigma=0.0
[EST DONE] 2026-05-03T03:52:43.346960 bottleneck=15 replicate=0 seed=3 estimator=DANCo k=5 dur=29.829s
[EST START] 2026-05-03T03:52:43.347082 bottleneck=15 replicate=0 seed=3 estimator=DANCo k=7 sigma=0.0
[EST DONE] 2026-05-03T03:53:16.759902 bottleneck=15 replicate=0 seed=3 estimator=DANCo k=7 dur=33.413s
[EST START] 2026-05-03T03:53:16.760063 bottleneck=15 replicate=0 seed=3 estimator=DANCo k=10 sigma=0.0
[EST DONE] 2026-05-03T03:53:51.402102 bottleneck=15 replicate=0 seed=3 estimator=DANCo k=10 dur=34.642s
[EST START] 2026-05-03T03:53:51.402252 bottleneck=15 replicate=0 seed=3 estimator=DANCo k=15 sigma=0.0
[EST DONE] 2026-05-03T03:54:29.949284 bottleneck=15 replicate=0 seed=3 estimator=DANCo k=15 dur=38.547s
[EST START] 2026-05-03T03:54:29.949452 bottleneck=15 replicate=0 seed=3 estimator=MiND k=3 sigma=0.0
[EST DONE] 2026-05-03T03:54:40.106731 bottleneck=15 replicate=0 seed=3 estimator=MiND k=3 dur=10.157s
[EST START] 2026-05-03T03:54:40.106830 bottleneck=15 replicate=0 seed=3 estimator=MiND k=5 sigma=0.0
[EST DONE] 2026-05-03T03:54:52.729583 bottleneck=15 replicate=0 seed=3 estimator=MiND k=5 dur=12.623s
[EST START] 2026-05-03T03:54:52.729723 bottleneck=15 replicate=0 seed=3 estimator=MiND k=7 sigma=0.0
[EST DONE] 2026-05-03T03:55:04.595936 bottleneck=15 replicate=0 seed=3 estimator=MiND k=7 dur=11.866s
[EST START] 2026-05-03T03:55:04.596051 bottleneck=15 replicate=0 seed=3 estimator=MiND k=10 sigma=0.0
[EST DONE] 2026-05-03T03:55:15.401232 bottleneck=15 replicate=0 seed=3 estimator=MiND k=10 dur=10.805s
[EST START] 2026-05-03T03:55:15.401351 bottleneck=15 replicate=0 seed=3 estimator=MiND k=15 sigma=0.0
[EST DONE] 2026-05-03T03:55:27.315898 bottleneck=15 replicate=0 seed=3 estimator=MiND k=15 dur=11.915s
[EST START] 2026-05-03T03:55:27.316040 bottleneck=15 replicate=0 seed=3 estimator=FisherS k=ALL sigma=0.0
[EST DONE] 2026-05-03T03:55:30.147874 bottleneck=15 replicate=0 seed=3 estimator=FisherS k=ALL dur=2.832s
[EST START] 2026-05-03T03:55:30.283154 bottleneck=15 replicate=0 seed=3 estimator=Levina-Bickel k=3 sigma=0.25
[EST DONE] 2026-05-03T03:55:30.588842 bottleneck=15 replicate=0 seed=3 estimator=Levina-Bickel k=3 dur=0.306s
[EST START] 2026-05-03T03:55:30.588957 bottleneck=15 replicate=0 seed=3 estimator=Levina-Bickel k=5 sigma=0.25
[EST DONE] 2026-05-03T03:55:30.890380 bottleneck=15 replicate=0 seed=3 estimator=Levina-Bickel k=5 dur=0.301s
[EST START] 2026-05-03T03:55:30.890482 bottleneck=15 replicate=0 seed=3 estimator=Levina-Bickel k=7 sigma=0.25
[EST DONE] 2026-05-03T03:55:31.182523 bottleneck=15 replicate=0 seed=3 estimator=Levina-Bickel k=7 dur=0.292s
[EST START] 2026-05-03T03:55:31.182664 bottleneck=15 replicate=0 seed=3 estimator=Levina-Bickel k=10 sigma=0.25
[EST DONE] 2026-05-03T03:55:31.484649 bottleneck=15 replicate=0 seed=3 estimator=Levina-Bickel k=10 dur=0.302s
[EST START] 2026-05-03T03:55:31.484738 bottleneck=15 replicate=0 seed=3 estimator=Levina-Bickel k=15 sigma=0.25
[EST DONE] 2026-05-03T03:55:31.795261 bottleneck=15 replicate=0 seed=3 estimator=Levina-Bickel k=15 dur=0.310s
[EST START] 2026-05-03T03:55:31.795358 bottleneck=15 replicate=0 seed=3 estimator=TwoNN k=ALL sigma=0.25
[EST DONE] 2026-05-03T03:55:32.076530 bottleneck=15 replicate=0 seed=3 estimator=TwoNN k=ALL dur=0.281s
[EST START] 2026-05-03T03:55:32.076671 bottleneck=15 replicate=0 seed=3 estimator=lPCA k=3 sigma=0.25
[EST DONE] 2026-05-03T03:55:36.148143 bottleneck=15 replicate=0 seed=3 estimator=lPCA k=3 dur=4.071s
[EST START] 2026-05-03T03:55:36.148265 bottleneck=15 replicate=0 seed=3 estimator=lPCA k=5 sigma=0.25
[EST DONE] 2026-05-03T03:55:40.809568 bottleneck=15 replicate=0 seed=3 estimator=lPCA k=5 dur=4.661s
[EST START] 2026-05-03T03:55:40.809688 bottleneck=15 replicate=0 seed=3 estimator=lPCA k=7 sigma=0.25
[EST DONE] 2026-05-03T03:55:45.865464 bottleneck=15 replicate=0 seed=3 estimator=lPCA k=7 dur=5.056s
[EST START] 2026-05-03T03:55:45.865572 bottleneck=15 replicate=0 seed=3 estimator=lPCA k=10 sigma=0.25
[EST DONE] 2026-05-03T03:55:51.524141 bottleneck=15 replicate=0 seed=3 estimator=lPCA k=10 dur=5.659s
[EST START] 2026-05-03T03:55:51.524258 bottleneck=15 replicate=0 seed=3 estimator=lPCA k=15 sigma=0.25
[EST DONE] 2026-05-03T03:55:58.809485 bottleneck=15 replicate=0 seed=3 estimator=lPCA k=15 dur=7.285s
[EST START] 2026-05-03T03:55:58.809628 bottleneck=15 replicate=0 seed=3 estimator=DANCo k=3 sigma=0.25
[EST DONE] 2026-05-03T03:56:26.629822 bottleneck=15 replicate=0 seed=3 estimator=DANCo k=3 dur=27.820s
[EST START] 2026-05-03T03:56:26.630031 bottleneck=15 replicate=0 seed=3 estimator=DANCo k=5 sigma=0.25
[EST DONE] 2026-05-03T03:56:58.245881 bottleneck=15 replicate=0 seed=3 estimator=DANCo k=5 dur=31.616s
[EST START] 2026-05-03T03:56:58.246014 bottleneck=15 replicate=0 seed=3 estimator=DANCo k=7 sigma=0.25
[EST DONE] 2026-05-03T03:57:30.834838 bottleneck=15 replicate=0 seed=3 estimator=DANCo k=7 dur=32.589s
[EST START] 2026-05-03T03:57:30.835001 bottleneck=15 replicate=0 seed=3 estimator=DANCo k=10 sigma=0.25
[EST DONE] 2026-05-03T03:58:05.179027 bottleneck=15 replicate=0 seed=3 estimator=DANCo k=10 dur=34.344s
[EST START] 2026-05-03T03:58:05.179146 bottleneck=15 replicate=0 seed=3 estimator=DANCo k=15 sigma=0.25
[EST DONE] 2026-05-03T03:58:42.506090 bottleneck=15 replicate=0 seed=3 estimator=DANCo k=15 dur=37.327s
[EST START] 2026-05-03T03:58:42.506243 bottleneck=15 replicate=0 seed=3 estimator=MiND k=3 sigma=0.25
[EST DONE] 2026-05-03T03:58:53.161828 bottleneck=15 replicate=0 seed=3 estimator=MiND k=3 dur=10.656s
[EST START] 2026-05-03T03:58:53.161942 bottleneck=15 replicate=0 seed=3 estimator=MiND k=5 sigma=0.25
[EST DONE] 2026-05-03T03:59:04.242260 bottleneck=15 replicate=0 seed=3 estimator=MiND k=5 dur=11.080s
[EST START] 2026-05-03T03:59:04.242353 bottleneck=15 replicate=0 seed=3 estimator=MiND k=7 sigma=0.25
[EST DONE] 2026-05-03T03:59:13.473402 bottleneck=15 replicate=0 seed=3 estimator=MiND k=7 dur=9.231s
[EST START] 2026-05-03T03:59:13.473522 bottleneck=15 replicate=0 seed=3 estimator=MiND k=10 sigma=0.25
[EST DONE] 2026-05-03T03:59:24.429131 bottleneck=15 replicate=0 seed=3 estimator=MiND k=10 dur=10.956s
[EST START] 2026-05-03T03:59:24.429266 bottleneck=15 replicate=0 seed=3 estimator=MiND k=15 sigma=0.25
[EST DONE] 2026-05-03T03:59:33.306564 bottleneck=15 replicate=0 seed=3 estimator=MiND k=15 dur=8.877s
[EST START] 2026-05-03T03:59:33.306703 bottleneck=15 replicate=0 seed=3 estimator=FisherS k=ALL sigma=0.25
[EST DONE] 2026-05-03T03:59:39.109282 bottleneck=15 replicate=0 seed=3 estimator=FisherS k=ALL dur=5.803s
[EST START] 2026-05-03T03:59:39.246043 bottleneck=15 replicate=0 seed=3 estimator=Levina-Bickel k=3 sigma=0.5
[EST DONE] 2026-05-03T03:59:39.663230 bottleneck=15 replicate=0 seed=3 estimator=Levina-Bickel k=3 dur=0.417s
[EST START] 2026-05-03T03:59:39.663352 bottleneck=15 replicate=0 seed=3 estimator=Levina-Bickel k=5 sigma=0.5
[EST DONE] 2026-05-03T03:59:39.956804 bottleneck=15 replicate=0 seed=3 estimator=Levina-Bickel k=5 dur=0.293s
[EST START] 2026-05-03T03:59:39.956899 bottleneck=15 replicate=0 seed=3 estimator=Levina-Bickel k=7 sigma=0.5
[EST DONE] 2026-05-03T03:59:40.250624 bottleneck=15 replicate=0 seed=3 estimator=Levina-Bickel k=7 dur=0.294s
[EST START] 2026-05-03T03:59:40.250728 bottleneck=15 replicate=0 seed=3 estimator=Levina-Bickel k=10 sigma=0.5
[EST DONE] 2026-05-03T03:59:40.556961 bottleneck=15 replicate=0 seed=3 estimator=Levina-Bickel k=10 dur=0.306s
[EST START] 2026-05-03T03:59:40.557069 bottleneck=15 replicate=0 seed=3 estimator=Levina-Bickel k=15 sigma=0.5
[EST DONE] 2026-05-03T03:59:40.877990 bottleneck=15 replicate=0 seed=3 estimator=Levina-Bickel k=15 dur=0.321s
[EST START] 2026-05-03T03:59:40.878115 bottleneck=15 replicate=0 seed=3 estimator=TwoNN k=ALL sigma=0.5
[EST DONE] 2026-05-03T03:59:41.310938 bottleneck=15 replicate=0 seed=3 estimator=TwoNN k=ALL dur=0.433s
[EST START] 2026-05-03T03:59:41.311100 bottleneck=15 replicate=0 seed=3 estimator=lPCA k=3 sigma=0.5
[EST DONE] 2026-05-03T03:59:45.832433 bottleneck=15 replicate=0 seed=3 estimator=lPCA k=3 dur=4.521s
[EST START] 2026-05-03T03:59:45.832540 bottleneck=15 replicate=0 seed=3 estimator=lPCA k=5 sigma=0.5
[EST DONE] 2026-05-03T03:59:50.516728 bottleneck=15 replicate=0 seed=3 estimator=lPCA k=5 dur=4.684s
[EST START] 2026-05-03T03:59:50.516828 bottleneck=15 replicate=0 seed=3 estimator=lPCA k=7 sigma=0.5
[EST DONE] 2026-05-03T03:59:56.252749 bottleneck=15 replicate=0 seed=3 estimator=lPCA k=7 dur=5.736s
[EST START] 2026-05-03T03:59:56.252872 bottleneck=15 replicate=0 seed=3 estimator=lPCA k=10 sigma=0.5
[EST DONE] 2026-05-03T04:00:02.253451 bottleneck=15 replicate=0 seed=3 estimator=lPCA k=10 dur=6.001s
[EST START] 2026-05-03T04:00:02.253554 bottleneck=15 replicate=0 seed=3 estimator=lPCA k=15 sigma=0.5
[EST DONE] 2026-05-03T04:00:09.154939 bottleneck=15 replicate=0 seed=3 estimator=lPCA k=15 dur=6.901s
[EST START] 2026-05-03T04:00:09.155039 bottleneck=15 replicate=0 seed=3 estimator=DANCo k=3 sigma=0.5
[EST DONE] 2026-05-03T04:00:35.926171 bottleneck=15 replicate=0 seed=3 estimator=DANCo k=3 dur=26.771s
[EST START] 2026-05-03T04:00:35.926289 bottleneck=15 replicate=0 seed=3 estimator=DANCo k=5 sigma=0.5
[EST DONE] 2026-05-03T04:01:06.210545 bottleneck=15 replicate=0 seed=3 estimator=DANCo k=5 dur=30.284s
[EST START] 2026-05-03T04:01:06.210684 bottleneck=15 replicate=0 seed=3 estimator=DANCo k=7 sigma=0.5
[EST DONE] 2026-05-03T04:01:47.094657 bottleneck=15 replicate=0 seed=3 estimator=DANCo k=7 dur=40.884s
[EST START] 2026-05-03T04:01:47.094795 bottleneck=15 replicate=0 seed=3 estimator=DANCo k=10 sigma=0.5
[EST DONE] 2026-05-03T04:02:20.625235 bottleneck=15 replicate=0 seed=3 estimator=DANCo k=10 dur=33.530s
[EST START] 2026-05-03T04:02:20.625413 bottleneck=15 replicate=0 seed=3 estimator=DANCo k=15 sigma=0.5
[EST DONE] 2026-05-03T04:02:58.648861 bottleneck=15 replicate=0 seed=3 estimator=DANCo k=15 dur=38.023s
[EST START] 2026-05-03T04:02:58.648991 bottleneck=15 replicate=0 seed=3 estimator=MiND k=3 sigma=0.5
[EST DONE] 2026-05-03T04:03:07.275397 bottleneck=15 replicate=0 seed=3 estimator=MiND k=3 dur=8.626s
[EST START] 2026-05-03T04:03:07.275555 bottleneck=15 replicate=0 seed=3 estimator=MiND k=5 sigma=0.5
[EST DONE] 2026-05-03T04:03:15.663748 bottleneck=15 replicate=0 seed=3 estimator=MiND k=5 dur=8.388s
[EST START] 2026-05-03T04:03:15.663856 bottleneck=15 replicate=0 seed=3 estimator=MiND k=7 sigma=0.5
[EST DONE] 2026-05-03T04:03:25.406596 bottleneck=15 replicate=0 seed=3 estimator=MiND k=7 dur=9.743s
[EST START] 2026-05-03T04:03:25.406735 bottleneck=15 replicate=0 seed=3 estimator=MiND k=10 sigma=0.5
[EST DONE] 2026-05-03T04:03:35.517933 bottleneck=15 replicate=0 seed=3 estimator=MiND k=10 dur=10.111s
[EST START] 2026-05-03T04:03:35.518066 bottleneck=15 replicate=0 seed=3 estimator=MiND k=15 sigma=0.5
[EST DONE] 2026-05-03T04:03:45.182371 bottleneck=15 replicate=0 seed=3 estimator=MiND k=15 dur=9.664s
[EST START] 2026-05-03T04:03:45.182512 bottleneck=15 replicate=0 seed=3 estimator=FisherS k=ALL sigma=0.5
[EST DONE] 2026-05-03T04:03:48.582348 bottleneck=15 replicate=0 seed=3 estimator=FisherS k=ALL dur=3.400s
[EST START] 2026-05-03T04:03:48.717243 bottleneck=15 replicate=0 seed=3 estimator=Levina-Bickel k=3 sigma=0.75
[EST DONE] 2026-05-03T04:03:49.033879 bottleneck=15 replicate=0 seed=3 estimator=Levina-Bickel k=3 dur=0.317s
[EST START] 2026-05-03T04:03:49.034008 bottleneck=15 replicate=0 seed=3 estimator=Levina-Bickel k=5 sigma=0.75
[EST DONE] 2026-05-03T04:03:49.384820 bottleneck=15 replicate=0 seed=3 estimator=Levina-Bickel k=5 dur=0.351s
[EST START] 2026-05-03T04:03:49.384916 bottleneck=15 replicate=0 seed=3 estimator=Levina-Bickel k=7 sigma=0.75
[EST DONE] 2026-05-03T04:03:49.686160 bottleneck=15 replicate=0 seed=3 estimator=Levina-Bickel k=7 dur=0.301s
[EST START] 2026-05-03T04:03:49.686293 bottleneck=15 replicate=0 seed=3 estimator=Levina-Bickel k=10 sigma=0.75
[EST DONE] 2026-05-03T04:03:49.983388 bottleneck=15 replicate=0 seed=3 estimator=Levina-Bickel k=10 dur=0.297s
[EST START] 2026-05-03T04:03:49.983481 bottleneck=15 replicate=0 seed=3 estimator=Levina-Bickel k=15 sigma=0.75
[EST DONE] 2026-05-03T04:03:50.297714 bottleneck=15 replicate=0 seed=3 estimator=Levina-Bickel k=15 dur=0.314s
[EST START] 2026-05-03T04:03:50.297812 bottleneck=15 replicate=0 seed=3 estimator=TwoNN k=ALL sigma=0.75
[EST DONE] 2026-05-03T04:03:50.611209 bottleneck=15 replicate=0 seed=3 estimator=TwoNN k=ALL dur=0.313s
[EST START] 2026-05-03T04:03:50.611332 bottleneck=15 replicate=0 seed=3 estimator=lPCA k=3 sigma=0.75
[EST DONE] 2026-05-03T04:03:54.860795 bottleneck=15 replicate=0 seed=3 estimator=lPCA k=3 dur=4.249s
[EST START] 2026-05-03T04:03:54.860891 bottleneck=15 replicate=0 seed=3 estimator=lPCA k=5 sigma=0.75
[EST DONE] 2026-05-03T04:03:59.526766 bottleneck=15 replicate=0 seed=3 estimator=lPCA k=5 dur=4.666s
[EST START] 2026-05-03T04:03:59.526889 bottleneck=15 replicate=0 seed=3 estimator=lPCA k=7 sigma=0.75
[EST DONE] 2026-05-03T04:04:04.648536 bottleneck=15 replicate=0 seed=3 estimator=lPCA k=7 dur=5.122s
[EST START] 2026-05-03T04:04:04.648640 bottleneck=15 replicate=0 seed=3 estimator=lPCA k=10 sigma=0.75
[EST DONE] 2026-05-03T04:04:10.319653 bottleneck=15 replicate=0 seed=3 estimator=lPCA k=10 dur=5.671s
[EST START] 2026-05-03T04:04:10.319769 bottleneck=15 replicate=0 seed=3 estimator=lPCA k=15 sigma=0.75
[EST DONE] 2026-05-03T04:04:17.735863 bottleneck=15 replicate=0 seed=3 estimator=lPCA k=15 dur=7.416s
[EST START] 2026-05-03T04:04:17.735973 bottleneck=15 replicate=0 seed=3 estimator=DANCo k=3 sigma=0.75
[EST DONE] 2026-05-03T04:04:44.719868 bottleneck=15 replicate=0 seed=3 estimator=DANCo k=3 dur=26.984s
[EST START] 2026-05-03T04:04:44.720009 bottleneck=15 replicate=0 seed=3 estimator=DANCo k=5 sigma=0.75
[EST DONE] 2026-05-03T04:05:15.283573 bottleneck=15 replicate=0 seed=3 estimator=DANCo k=5 dur=30.564s
[EST START] 2026-05-03T04:05:15.283715 bottleneck=15 replicate=0 seed=3 estimator=DANCo k=7 sigma=0.75
[EST DONE] 2026-05-03T04:05:46.995634 bottleneck=15 replicate=0 seed=3 estimator=DANCo k=7 dur=31.712s
[EST START] 2026-05-03T04:05:46.995802 bottleneck=15 replicate=0 seed=3 estimator=DANCo k=10 sigma=0.75
[EST DONE] 2026-05-03T04:06:20.288676 bottleneck=15 replicate=0 seed=3 estimator=DANCo k=10 dur=33.293s
[EST START] 2026-05-03T04:06:20.288827 bottleneck=15 replicate=0 seed=3 estimator=DANCo k=15 sigma=0.75
[EST DONE] 2026-05-03T04:06:59.276854 bottleneck=15 replicate=0 seed=3 estimator=DANCo k=15 dur=38.988s
[EST START] 2026-05-03T04:06:59.277026 bottleneck=15 replicate=0 seed=3 estimator=MiND k=3 sigma=0.75
[EST DONE] 2026-05-03T04:07:09.308239 bottleneck=15 replicate=0 seed=3 estimator=MiND k=3 dur=10.031s
[EST START] 2026-05-03T04:07:09.308378 bottleneck=15 replicate=0 seed=3 estimator=MiND k=5 sigma=0.75
[EST DONE] 2026-05-03T04:07:18.536159 bottleneck=15 replicate=0 seed=3 estimator=MiND k=5 dur=9.228s
[EST START] 2026-05-03T04:07:18.536287 bottleneck=15 replicate=0 seed=3 estimator=MiND k=7 sigma=0.75
[EST DONE] 2026-05-03T04:07:27.384815 bottleneck=15 replicate=0 seed=3 estimator=MiND k=7 dur=8.849s
[EST START] 2026-05-03T04:07:27.384936 bottleneck=15 replicate=0 seed=3 estimator=MiND k=10 sigma=0.75
[EST DONE] 2026-05-03T04:07:37.083123 bottleneck=15 replicate=0 seed=3 estimator=MiND k=10 dur=9.698s
[EST START] 2026-05-03T04:07:37.083273 bottleneck=15 replicate=0 seed=3 estimator=MiND k=15 sigma=0.75
[EST DONE] 2026-05-03T04:07:47.080653 bottleneck=15 replicate=0 seed=3 estimator=MiND k=15 dur=9.997s
[EST START] 2026-05-03T04:07:47.080796 bottleneck=15 replicate=0 seed=3 estimator=FisherS k=ALL sigma=0.75
[EST DONE] 2026-05-03T04:07:51.339282 bottleneck=15 replicate=0 seed=3 estimator=FisherS k=ALL dur=4.258s
[EST START] 2026-05-03T04:07:51.433817 bottleneck=15 replicate=0 seed=3 estimator=Levina-Bickel k=3 sigma=1.0
[EST DONE] 2026-05-03T04:07:51.738683 bottleneck=15 replicate=0 seed=3 estimator=Levina-Bickel k=3 dur=0.305s
[EST START] 2026-05-03T04:07:51.738790 bottleneck=15 replicate=0 seed=3 estimator=Levina-Bickel k=5 sigma=1.0
[EST DONE] 2026-05-03T04:07:52.040866 bottleneck=15 replicate=0 seed=3 estimator=Levina-Bickel k=5 dur=0.302s
[EST START] 2026-05-03T04:07:52.040969 bottleneck=15 replicate=0 seed=3 estimator=Levina-Bickel k=7 sigma=1.0
[EST DONE] 2026-05-03T04:07:52.410000 bottleneck=15 replicate=0 seed=3 estimator=Levina-Bickel k=7 dur=0.369s
[EST START] 2026-05-03T04:07:52.410110 bottleneck=15 replicate=0 seed=3 estimator=Levina-Bickel k=10 sigma=1.0
[EST DONE] 2026-05-03T04:07:52.715205 bottleneck=15 replicate=0 seed=3 estimator=Levina-Bickel k=10 dur=0.305s
[EST START] 2026-05-03T04:07:52.715309 bottleneck=15 replicate=0 seed=3 estimator=Levina-Bickel k=15 sigma=1.0
[EST DONE] 2026-05-03T04:07:53.104176 bottleneck=15 replicate=0 seed=3 estimator=Levina-Bickel k=15 dur=0.389s
[EST START] 2026-05-03T04:07:53.104288 bottleneck=15 replicate=0 seed=3 estimator=TwoNN k=ALL sigma=1.0
[EST DONE] 2026-05-03T04:07:53.393272 bottleneck=15 replicate=0 seed=3 estimator=TwoNN k=ALL dur=0.289s
[EST START] 2026-05-03T04:07:53.393427 bottleneck=15 replicate=0 seed=3 estimator=lPCA k=3 sigma=1.0
[EST DONE] 2026-05-03T04:07:57.939060 bottleneck=15 replicate=0 seed=3 estimator=lPCA k=3 dur=4.546s
[EST START] 2026-05-03T04:07:57.939168 bottleneck=15 replicate=0 seed=3 estimator=lPCA k=5 sigma=1.0
[EST DONE] 2026-05-03T04:08:02.983252 bottleneck=15 replicate=0 seed=3 estimator=lPCA k=5 dur=5.044s
[EST START] 2026-05-03T04:08:02.983357 bottleneck=15 replicate=0 seed=3 estimator=lPCA k=7 sigma=1.0
[EST DONE] 2026-05-03T04:08:08.120780 bottleneck=15 replicate=0 seed=3 estimator=lPCA k=7 dur=5.137s
[EST START] 2026-05-03T04:08:08.120911 bottleneck=15 replicate=0 seed=3 estimator=lPCA k=10 sigma=1.0
[EST DONE] 2026-05-03T04:08:14.078361 bottleneck=15 replicate=0 seed=3 estimator=lPCA k=10 dur=5.957s
[EST START] 2026-05-03T04:08:14.078463 bottleneck=15 replicate=0 seed=3 estimator=lPCA k=15 sigma=1.0
[EST DONE] 2026-05-03T04:08:21.051844 bottleneck=15 replicate=0 seed=3 estimator=lPCA k=15 dur=6.973s
[EST START] 2026-05-03T04:08:21.051961 bottleneck=15 replicate=0 seed=3 estimator=DANCo k=3 sigma=1.0
[EST DONE] 2026-05-03T04:08:49.563269 bottleneck=15 replicate=0 seed=3 estimator=DANCo k=3 dur=28.511s
[EST START] 2026-05-03T04:08:49.563389 bottleneck=15 replicate=0 seed=3 estimator=DANCo k=5 sigma=1.0
[EST DONE] 2026-05-03T04:09:20.095160 bottleneck=15 replicate=0 seed=3 estimator=DANCo k=5 dur=30.532s
[EST START] 2026-05-03T04:09:20.095285 bottleneck=15 replicate=0 seed=3 estimator=DANCo k=7 sigma=1.0
[EST DONE] 2026-05-03T04:09:52.530783 bottleneck=15 replicate=0 seed=3 estimator=DANCo k=7 dur=32.435s
[EST START] 2026-05-03T04:09:52.530940 bottleneck=15 replicate=0 seed=3 estimator=DANCo k=10 sigma=1.0
[EST DONE] 2026-05-03T04:10:26.699309 bottleneck=15 replicate=0 seed=3 estimator=DANCo k=10 dur=34.168s
[EST START] 2026-05-03T04:10:26.699452 bottleneck=15 replicate=0 seed=3 estimator=DANCo k=15 sigma=1.0
[EST DONE] 2026-05-03T04:11:05.191451 bottleneck=15 replicate=0 seed=3 estimator=DANCo k=15 dur=38.492s
[EST START] 2026-05-03T04:11:05.191603 bottleneck=15 replicate=0 seed=3 estimator=MiND k=3 sigma=1.0
[EST DONE] 2026-05-03T04:11:14.955324 bottleneck=15 replicate=0 seed=3 estimator=MiND k=3 dur=9.764s
[EST START] 2026-05-03T04:11:14.955463 bottleneck=15 replicate=0 seed=3 estimator=MiND k=5 sigma=1.0
[EST DONE] 2026-05-03T04:11:24.151390 bottleneck=15 replicate=0 seed=3 estimator=MiND k=5 dur=9.196s
[EST START] 2026-05-03T04:11:24.151520 bottleneck=15 replicate=0 seed=3 estimator=MiND k=7 sigma=1.0
[EST DONE] 2026-05-03T04:11:34.449159 bottleneck=15 replicate=0 seed=3 estimator=MiND k=7 dur=10.298s
[EST START] 2026-05-03T04:11:34.449259 bottleneck=15 replicate=0 seed=3 estimator=MiND k=10 sigma=1.0
[EST DONE] 2026-05-03T04:11:44.502798 bottleneck=15 replicate=0 seed=3 estimator=MiND k=10 dur=10.054s
[EST START] 2026-05-03T04:11:44.502936 bottleneck=15 replicate=0 seed=3 estimator=MiND k=15 sigma=1.0
[EST DONE] 2026-05-03T04:11:53.622947 bottleneck=15 replicate=0 seed=3 estimator=MiND k=15 dur=9.120s
[EST START] 2026-05-03T04:11:53.623115 bottleneck=15 replicate=0 seed=3 estimator=FisherS k=ALL sigma=1.0
[EST DONE] 2026-05-03T04:11:57.630037 bottleneck=15 replicate=0 seed=3 estimator=FisherS k=ALL dur=4.007s
Wrote per-task mnist results to results/mnist_large.task3.csv
Saved results/mnist_large.csv
Making reduced plots...
Saved plots under results/figs_large
