INFO:repair_masked_ae:torch_available=True cuda_available=True
INFO:repair_masked_ae:Processing group key=('mnist', 5, 0.0, 0) with 5 rows; example row 30
INFO:src.estimators.masked_ae:[masked-ae] pretrain epoch 1/10 time=0.24s device=cuda
INFO:src.estimators.masked_ae:[masked-ae] pretrain epoch 2/10 time=0.03s device=cuda
INFO:src.estimators.masked_ae:[masked-ae] pretrain epoch 3/10 time=0.04s device=cuda
INFO:src.estimators.masked_ae:[masked-ae] pretrain epoch 4/10 time=0.03s device=cuda
INFO:src.estimators.masked_ae:[masked-ae] pretrain epoch 5/10 time=0.03s device=cuda
INFO:src.estimators.masked_ae:[masked-ae] pretrain epoch 6/10 time=0.03s device=cuda
INFO:src.estimators.masked_ae:[masked-ae] pretrain epoch 7/10 time=0.05s device=cuda
INFO:src.estimators.masked_ae:[masked-ae] pretrain epoch 8/10 time=0.05s device=cuda
INFO:src.estimators.masked_ae:[masked-ae] pretrain epoch 9/10 time=0.04s device=cuda
INFO:src.estimators.masked_ae:[masked-ae] pretrain epoch 10/10 time=0.04s device=cuda
INFO:src.estimators.masked_ae:[masked-ae] sweep lam=0.1 epoch 1/25 time=0.08s device=cuda
INFO:src.estimators.masked_ae:[masked-ae] sweep lam=0.1 epoch 2/25 time=0.05s device=cuda
INFO:src.estimators.masked_ae:[masked-ae] sweep lam=0.1 epoch 3/25 time=0.05s device=cuda
INFO:src.estimators.masked_ae:[masked-ae] sweep lam=0.1 epoch 4/25 time=0.06s device=cuda
INFO:src.estimators.masked_ae:[masked-ae] sweep lam=0.1 epoch 5/25 time=0.06s device=cuda
INFO:src.estimators.masked_ae:[masked-ae] sweep lam=0.1 epoch 6/25 time=0.05s device=cuda
INFO:src.estimators.masked_ae:[masked-ae] sweep lam=0.1 epoch 7/25 time=0.06s device=cuda
INFO:src.estimators.masked_ae:[masked-ae] sweep lam=0.1 epoch 8/25 time=0.05s device=cuda
INFO:src.estimators.masked_ae:[masked-ae] sweep lam=0.1 epoch 9/25 time=0.05s device=cuda
INFO:src.estimators.masked_ae:[masked-ae] sweep lam=0.1 epoch 10/25 time=0.05s device=cuda
INFO:src.estimators.masked_ae:[masked-ae] sweep lam=0.1 epoch 11/25 time=0.06s device=cuda
INFO:src.estimators.masked_ae:[masked-ae] sweep lam=0.1 epoch 12/25 time=0.05s device=cuda
INFO:src.estimators.masked_ae:[masked-ae] sweep lam=0.1 epoch 13/25 time=0.05s device=cuda
INFO:src.estimators.masked_ae:[masked-ae] sweep lam=0.1 epoch 14/25 time=0.04s device=cuda
INFO:src.estimators.masked_ae:[masked-ae] sweep lam=0.1 epoch 15/25 time=0.05s device=cuda
INFO:src.estimators.masked_ae:[masked-ae] sweep lam=0.1 epoch 16/25 time=0.05s device=cuda
INFO:src.estimators.masked_ae:[masked-ae] sweep lam=0.1 epoch 17/25 time=0.05s device=cuda
INFO:src.estimators.masked_ae:[masked-ae] sweep lam=0.1 epoch 18/25 time=0.05s device=cuda
INFO:src.estimators.masked_ae:[masked-ae] sweep lam=0.1 epoch 19/25 time=0.05s device=cuda
INFO:src.estimators.masked_ae:[masked-ae] sweep lam=0.1 epoch 20/25 time=0.05s device=cuda
INFO:src.estimators.masked_ae:[masked-ae] sweep lam=0.1 epoch 21/25 time=0.05s device=cuda
INFO:src.estimators.masked_ae:[masked-ae] sweep lam=0.1 epoch 22/25 time=0.05s device=cuda
INFO:src.estimators.masked_ae:[masked-ae] sweep lam=0.1 epoch 23/25 time=0.05s device=cuda
INFO:src.estimators.masked_ae:[masked-ae] sweep lam=0.1 epoch 24/25 time=0.05s device=cuda
INFO:src.estimators.masked_ae:[masked-ae] sweep lam=0.1 epoch 25/25 time=0.05s device=cuda
INFO:src.estimators.masked_ae:[masked-ae] sweep lam=0.16681005372000587 epoch 1/25 time=0.07s device=cuda
INFO:src.estimators.masked_ae:[masked-ae] sweep lam=0.16681005372000587 epoch 2/25 time=0.05s device=cuda
INFO:src.estimators.masked_ae:[masked-ae] sweep lam=0.16681005372000587 epoch 3/25 time=0.05s device=cuda
INFO:src.estimators.masked_ae:[masked-ae] sweep lam=0.16681005372000587 epoch 4/25 time=0.05s device=cuda
INFO:src.estimators.masked_ae:[masked-ae] sweep lam=0.16681005372000587 epoch 5/25 time=0.05s device=cuda
INFO:src.estimators.masked_ae:[masked-ae] sweep lam=0.16681005372000587 epoch 6/25 time=0.05s device=cuda
INFO:src.estimators.masked_ae:[masked-ae] sweep lam=0.16681005372000587 epoch 7/25 time=0.05s device=cuda
INFO:src.estimators.masked_ae:[masked-ae] sweep lam=0.16681005372000587 epoch 8/25 time=0.05s device=cuda
INFO:src.estimators.masked_ae:[masked-ae] sweep lam=0.16681005372000587 epoch 9/25 time=0.05s device=cuda
INFO:src.estimators.masked_ae:[masked-ae] sweep lam=0.16681005372000587 epoch 10/25 time=0.04s device=cuda
INFO:src.estimators.masked_ae:[masked-ae] sweep lam=0.16681005372000587 epoch 11/25 time=0.05s device=cuda
INFO:src.estimators.masked_ae:[masked-ae] sweep lam=0.16681005372000587 epoch 12/25 time=0.05s device=cuda
INFO:src.estimators.masked_ae:[masked-ae] sweep lam=0.16681005372000587 epoch 13/25 time=0.06s device=cuda
INFO:src.estimators.masked_ae:[masked-ae] sweep lam=0.16681005372000587 epoch 14/25 time=0.04s device=cuda
INFO:src.estimators.masked_ae:[masked-ae] sweep lam=0.16681005372000587 epoch 15/25 time=0.09s device=cuda
INFO:src.estimators.masked_ae:[masked-ae] sweep lam=0.16681005372000587 epoch 16/25 time=0.07s device=cuda
INFO:src.estimators.masked_ae:[masked-ae] sweep lam=0.16681005372000587 epoch 17/25 time=0.05s device=cuda
INFO:src.estimators.masked_ae:[masked-ae] sweep lam=0.16681005372000587 epoch 18/25 time=0.05s device=cuda
INFO:src.estimators.masked_ae:[masked-ae] sweep lam=0.16681005372000587 epoch 19/25 time=0.05s device=cuda
INFO:src.estimators.masked_ae:[masked-ae] sweep lam=0.16681005372000587 epoch 20/25 time=0.04s device=cuda
INFO:src.estimators.masked_ae:[masked-ae] sweep lam=0.16681005372000587 epoch 21/25 time=0.03s device=cuda
INFO:src.estimators.masked_ae:[masked-ae] sweep lam=0.16681005372000587 epoch 22/25 time=0.07s device=cuda
INFO:src.estimators.masked_ae:[masked-ae] sweep lam=0.16681005372000587 epoch 23/25 time=0.06s device=cuda
INFO:src.estimators.masked_ae:[masked-ae] sweep lam=0.16681005372000587 epoch 24/25 time=0.04s device=cuda
INFO:src.estimators.masked_ae:[masked-ae] sweep lam=0.16681005372000587 epoch 25/25 time=0.05s device=cuda
INFO:src.estimators.masked_ae:[masked-ae] sweep lam=0.2782559402207124 epoch 1/25 time=0.03s device=cuda
INFO:src.estimators.masked_ae:[masked-ae] sweep lam=0.2782559402207124 epoch 2/25 time=0.03s device=cuda
INFO:src.estimators.masked_ae:[masked-ae] sweep lam=0.2782559402207124 epoch 3/25 time=0.05s device=cuda
INFO:src.estimators.masked_ae:[masked-ae] sweep lam=0.2782559402207124 epoch 4/25 time=0.04s device=cuda
INFO:src.estimators.masked_ae:[masked-ae] sweep lam=0.2782559402207124 epoch 5/25 time=0.04s device=cuda
INFO:src.estimators.masked_ae:[masked-ae] sweep lam=0.2782559402207124 epoch 6/25 time=0.05s device=cuda
INFO:src.estimators.masked_ae:[masked-ae] sweep lam=0.2782559402207124 epoch 7/25 time=0.04s device=cuda
INFO:src.estimators.masked_ae:[masked-ae] sweep lam=0.2782559402207124 epoch 8/25 time=0.04s device=cuda
INFO:src.estimators.masked_ae:[masked-ae] sweep lam=0.2782559402207124 epoch 9/25 time=0.04s device=cuda
INFO:src.estimators.masked_ae:[masked-ae] sweep lam=0.2782559402207124 epoch 10/25 time=0.04s device=cuda
INFO:src.estimators.masked_ae:[masked-ae] sweep lam=0.2782559402207124 epoch 11/25 time=0.03s device=cuda
INFO:src.estimators.masked_ae:[masked-ae] sweep lam=0.2782559402207124 epoch 12/25 time=0.03s device=cuda
INFO:src.estimators.masked_ae:[masked-ae] sweep lam=0.2782559402207124 epoch 13/25 time=0.03s device=cuda
INFO:src.estimators.masked_ae:[masked-ae] sweep lam=0.2782559402207124 epoch 14/25 time=0.03s device=cuda
INFO:src.estimators.masked_ae:[masked-ae] sweep lam=0.2782559402207124 epoch 15/25 time=0.03s device=cuda
INFO:src.estimators.masked_ae:[masked-ae] sweep lam=0.2782559402207124 epoch 16/25 time=0.03s device=cuda
INFO:src.estimators.masked_ae:[masked-ae] sweep lam=0.2782559402207124 epoch 17/25 time=0.04s device=cuda
INFO:src.estimators.masked_ae:[masked-ae] sweep lam=0.2782559402207124 epoch 18/25 time=0.03s device=cuda
INFO:src.estimators.masked_ae:[masked-ae] sweep lam=0.2782559402207124 epoch 19/25 time=0.03s device=cuda
INFO:src.estimators.masked_ae:[masked-ae] sweep lam=0.2782559402207124 epoch 20/25 time=0.04s device=cuda
INFO:src.estimators.masked_ae:[masked-ae] sweep lam=0.2782559402207124 epoch 21/25 time=0.05s device=cuda
INFO:src.estimators.masked_ae:[masked-ae] sweep lam=0.2782559402207124 epoch 22/25 time=0.05s device=cuda
INFO:src.estimators.masked_ae:[masked-ae] sweep lam=0.2782559402207124 epoch 23/25 time=0.05s device=cuda
INFO:src.estimators.masked_ae:[masked-ae] sweep lam=0.2782559402207124 epoch 24/25 time=0.05s device=cuda
INFO:src.estimators.masked_ae:[masked-ae] sweep lam=0.2782559402207124 epoch 25/25 time=0.04s device=cuda
INFO:src.estimators.masked_ae:[masked-ae] sweep lam=0.46415888336127786 epoch 1/25 time=0.03s device=cuda
INFO:src.estimators.masked_ae:[masked-ae] sweep lam=0.46415888336127786 epoch 2/25 time=0.03s device=cuda
INFO:src.estimators.masked_ae:[masked-ae] sweep lam=0.46415888336127786 epoch 3/25 time=0.06s device=cuda
INFO:src.estimators.masked_ae:[masked-ae] sweep lam=0.46415888336127786 epoch 4/25 time=0.04s device=cuda
INFO:src.estimators.masked_ae:[masked-ae] sweep lam=0.46415888336127786 epoch 5/25 time=0.03s device=cuda
INFO:src.estimators.masked_ae:[masked-ae] sweep lam=0.46415888336127786 epoch 6/25 time=0.04s device=cuda
INFO:src.estimators.masked_ae:[masked-ae] sweep lam=0.46415888336127786 epoch 7/25 time=0.03s device=cuda
INFO:src.estimators.masked_ae:[masked-ae] sweep lam=0.46415888336127786 epoch 8/25 time=0.03s device=cuda
INFO:src.estimators.masked_ae:[masked-ae] sweep lam=0.46415888336127786 epoch 9/25 time=0.04s device=cuda
INFO:src.estimators.masked_ae:[masked-ae] sweep lam=0.46415888336127786 epoch 10/25 time=0.04s device=cuda
INFO:src.estimators.masked_ae:[masked-ae] sweep lam=0.46415888336127786 epoch 11/25 time=0.04s device=cuda
INFO:src.estimators.masked_ae:[masked-ae] sweep lam=0.46415888336127786 epoch 12/25 time=0.05s device=cuda
INFO:src.estimators.masked_ae:[masked-ae] sweep lam=0.46415888336127786 epoch 13/25 time=0.05s device=cuda
INFO:src.estimators.masked_ae:[masked-ae] sweep lam=0.46415888336127786 epoch 14/25 time=0.05s device=cuda
INFO:src.estimators.masked_ae:[masked-ae] sweep lam=0.46415888336127786 epoch 15/25 time=0.05s device=cuda
INFO:src.estimators.masked_ae:[masked-ae] sweep lam=0.46415888336127786 epoch 16/25 time=0.07s device=cuda
INFO:src.estimators.masked_ae:[masked-ae] sweep lam=0.46415888336127786 epoch 17/25 time=0.05s device=cuda
INFO:src.estimators.masked_ae:[masked-ae] sweep lam=0.46415888336127786 epoch 18/25 time=0.05s device=cuda
INFO:src.estimators.masked_ae:[masked-ae] sweep lam=0.46415888336127786 epoch 19/25 time=0.06s device=cuda
INFO:src.estimators.masked_ae:[masked-ae] sweep lam=0.46415888336127786 epoch 20/25 time=0.05s device=cuda
INFO:src.estimators.masked_ae:[masked-ae] sweep lam=0.46415888336127786 epoch 21/25 time=0.06s device=cuda
INFO:src.estimators.masked_ae:[masked-ae] sweep lam=0.46415888336127786 epoch 22/25 time=0.05s device=cuda
INFO:src.estimators.masked_ae:[masked-ae] sweep lam=0.46415888336127786 epoch 23/25 time=0.05s device=cuda
INFO:src.estimators.masked_ae:[masked-ae] sweep lam=0.46415888336127786 epoch 24/25 time=0.05s device=cuda
INFO:src.estimators.masked_ae:[masked-ae] sweep lam=0.46415888336127786 epoch 25/25 time=0.03s device=cuda
INFO:src.estimators.masked_ae:[masked-ae] sweep lam=0.774263682681127 epoch 1/25 time=0.05s device=cuda
INFO:src.estimators.masked_ae:[masked-ae] sweep lam=0.774263682681127 epoch 2/25 time=0.05s device=cuda
INFO:src.estimators.masked_ae:[masked-ae] sweep lam=0.774263682681127 epoch 3/25 time=0.05s device=cuda
INFO:src.estimators.masked_ae:[masked-ae] sweep lam=0.774263682681127 epoch 4/25 time=0.05s device=cuda
INFO:src.estimators.masked_ae:[masked-ae] sweep lam=0.774263682681127 epoch 5/25 time=0.05s device=cuda
INFO:src.estimators.masked_ae:[masked-ae] sweep lam=0.774263682681127 epoch 6/25 time=0.05s device=cuda
INFO:src.estimators.masked_ae:[masked-ae] sweep lam=0.774263682681127 epoch 7/25 time=0.03s device=cuda
INFO:src.estimators.masked_ae:[masked-ae] sweep lam=0.774263682681127 epoch 8/25 time=0.03s device=cuda
INFO:src.estimators.masked_ae:[masked-ae] sweep lam=0.774263682681127 epoch 9/25 time=0.03s device=cuda
INFO:src.estimators.masked_ae:[masked-ae] sweep lam=0.774263682681127 epoch 10/25 time=0.04s device=cuda
INFO:src.estimators.masked_ae:[masked-ae] sweep lam=0.774263682681127 epoch 11/25 time=0.06s device=cuda
INFO:src.estimators.masked_ae:[masked-ae] sweep lam=0.774263682681127 epoch 12/25 time=0.05s device=cuda
INFO:src.estimators.masked_ae:[masked-ae] sweep lam=0.774263682681127 epoch 13/25 time=0.05s device=cuda
INFO:src.estimators.masked_ae:[masked-ae] sweep lam=0.774263682681127 epoch 14/25 time=0.05s device=cuda
INFO:src.estimators.masked_ae:[masked-ae] sweep lam=0.774263682681127 epoch 15/25 time=0.05s device=cuda
INFO:src.estimators.masked_ae:[masked-ae] sweep lam=0.774263682681127 epoch 16/25 time=0.05s device=cuda
INFO:src.estimators.masked_ae:[masked-ae] sweep lam=0.774263682681127 epoch 17/25 time=0.05s device=cuda
INFO:src.estimators.masked_ae:[masked-ae] sweep lam=0.774263682681127 epoch 18/25 time=0.05s device=cuda
INFO:src.estimators.masked_ae:[masked-ae] sweep lam=0.774263682681127 epoch 19/25 time=0.08s device=cuda
INFO:src.estimators.masked_ae:[masked-ae] sweep lam=0.774263682681127 epoch 20/25 time=0.06s device=cuda
INFO:src.estimators.masked_ae:[masked-ae] sweep lam=0.774263682681127 epoch 21/25 time=0.04s device=cuda
INFO:src.estimators.masked_ae:[masked-ae] sweep lam=0.774263682681127 epoch 22/25 time=0.04s device=cuda
INFO:src.estimators.masked_ae:[masked-ae] sweep lam=0.774263682681127 epoch 23/25 time=0.04s device=cuda
INFO:src.estimators.masked_ae:[masked-ae] sweep lam=0.774263682681127 epoch 24/25 time=0.03s device=cuda
INFO:src.estimators.masked_ae:[masked-ae] sweep lam=0.774263682681127 epoch 25/25 time=0.04s device=cuda
INFO:src.estimators.masked_ae:[masked-ae] sweep lam=1.291549665014884 epoch 1/25 time=0.04s device=cuda
INFO:src.estimators.masked_ae:[masked-ae] sweep lam=1.291549665014884 epoch 2/25 time=0.04s device=cuda
INFO:src.estimators.masked_ae:[masked-ae] sweep lam=1.291549665014884 epoch 3/25 time=0.03s device=cuda
INFO:src.estimators.masked_ae:[masked-ae] sweep lam=1.291549665014884 epoch 4/25 time=0.03s device=cuda
INFO:src.estimators.masked_ae:[masked-ae] sweep lam=1.291549665014884 epoch 5/25 time=0.04s device=cuda
INFO:src.estimators.masked_ae:[masked-ae] sweep lam=1.291549665014884 epoch 6/25 time=0.04s device=cuda
INFO:src.estimators.masked_ae:[masked-ae] sweep lam=1.291549665014884 epoch 7/25 time=0.04s device=cuda
INFO:src.estimators.masked_ae:[masked-ae] sweep lam=1.291549665014884 epoch 8/25 time=0.05s device=cuda
INFO:src.estimators.masked_ae:[masked-ae] sweep lam=1.291549665014884 epoch 9/25 time=0.06s device=cuda
INFO:src.estimators.masked_ae:[masked-ae] sweep lam=1.291549665014884 epoch 10/25 time=0.07s device=cuda
INFO:src.estimators.masked_ae:[masked-ae] sweep lam=1.291549665014884 epoch 11/25 time=0.07s device=cuda
INFO:src.estimators.masked_ae:[masked-ae] sweep lam=1.291549665014884 epoch 12/25 time=0.06s device=cuda
INFO:src.estimators.masked_ae:[masked-ae] sweep lam=1.291549665014884 epoch 13/25 time=0.04s device=cuda
INFO:src.estimators.masked_ae:[masked-ae] sweep lam=1.291549665014884 epoch 14/25 time=0.04s device=cuda
INFO:src.estimators.masked_ae:[masked-ae] sweep lam=1.291549665014884 epoch 15/25 time=0.03s device=cuda
INFO:src.estimators.masked_ae:[masked-ae] sweep lam=1.291549665014884 epoch 16/25 time=0.04s device=cuda
INFO:src.estimators.masked_ae:[masked-ae] sweep lam=1.291549665014884 epoch 17/25 time=0.04s device=cuda
INFO:src.estimators.masked_ae:[masked-ae] sweep lam=1.291549665014884 epoch 18/25 time=0.05s device=cuda
INFO:src.estimators.masked_ae:[masked-ae] sweep lam=1.291549665014884 epoch 19/25 time=0.03s device=cuda
INFO:src.estimators.masked_ae:[masked-ae] sweep lam=1.291549665014884 epoch 20/25 time=0.04s device=cuda
INFO:src.estimators.masked_ae:[masked-ae] sweep lam=1.291549665014884 epoch 21/25 time=0.04s device=cuda
INFO:src.estimators.masked_ae:[masked-ae] sweep lam=1.291549665014884 epoch 22/25 time=0.04s device=cuda
INFO:src.estimators.masked_ae:[masked-ae] sweep lam=1.291549665014884 epoch 23/25 time=0.05s device=cuda
INFO:src.estimators.masked_ae:[masked-ae] sweep lam=1.291549665014884 epoch 24/25 time=0.05s device=cuda
INFO:src.estimators.masked_ae:[masked-ae] sweep lam=1.291549665014884 epoch 25/25 time=0.05s device=cuda
INFO:src.estimators.masked_ae:[masked-ae] sweep lam=2.1544346900318834 epoch 1/25 time=0.07s device=cuda
INFO:src.estimators.masked_ae:[masked-ae] sweep lam=2.1544346900318834 epoch 2/25 time=0.03s device=cuda
INFO:src.estimators.masked_ae:[masked-ae] sweep lam=2.1544346900318834 epoch 3/25 time=0.03s device=cuda
INFO:src.estimators.masked_ae:[masked-ae] sweep lam=2.1544346900318834 epoch 4/25 time=0.03s device=cuda
INFO:src.estimators.masked_ae:[masked-ae] sweep lam=2.1544346900318834 epoch 5/25 time=0.03s device=cuda
INFO:src.estimators.masked_ae:[masked-ae] sweep lam=2.1544346900318834 epoch 6/25 time=0.03s device=cuda
INFO:src.estimators.masked_ae:[masked-ae] sweep lam=2.1544346900318834 epoch 7/25 time=0.03s device=cuda
INFO:src.estimators.masked_ae:[masked-ae] sweep lam=2.1544346900318834 epoch 8/25 time=0.03s device=cuda
INFO:src.estimators.masked_ae:[masked-ae] sweep lam=2.1544346900318834 epoch 9/25 time=0.04s device=cuda
INFO:src.estimators.masked_ae:[masked-ae] sweep lam=2.1544346900318834 epoch 10/25 time=0.04s device=cuda
INFO:src.estimators.masked_ae:[masked-ae] sweep lam=2.1544346900318834 epoch 11/25 time=0.04s device=cuda
INFO:src.estimators.masked_ae:[masked-ae] sweep lam=2.1544346900318834 epoch 12/25 time=0.04s device=cuda
INFO:src.estimators.masked_ae:[masked-ae] sweep lam=2.1544346900318834 epoch 13/25 time=0.04s device=cuda
INFO:src.estimators.masked_ae:[masked-ae] sweep lam=2.1544346900318834 epoch 14/25 time=0.04s device=cuda
INFO:src.estimators.masked_ae:[masked-ae] sweep lam=2.1544346900318834 epoch 15/25 time=0.03s device=cuda
INFO:src.estimators.masked_ae:[masked-ae] sweep lam=2.1544346900318834 epoch 16/25 time=0.03s device=cuda
INFO:src.estimators.masked_ae:[masked-ae] sweep lam=2.1544346900318834 epoch 17/25 time=0.05s device=cuda
INFO:src.estimators.masked_ae:[masked-ae] sweep lam=2.1544346900318834 epoch 18/25 time=0.05s device=cuda
INFO:src.estimators.masked_ae:[masked-ae] sweep lam=2.1544346900318834 epoch 19/25 time=0.05s device=cuda
INFO:src.estimators.masked_ae:[masked-ae] sweep lam=2.1544346900318834 epoch 20/25 time=0.05s device=cuda
INFO:src.estimators.masked_ae:[masked-ae] sweep lam=2.1544346900318834 epoch 21/25 time=0.05s device=cuda
INFO:src.estimators.masked_ae:[masked-ae] sweep lam=2.1544346900318834 epoch 22/25 time=0.05s device=cuda
INFO:src.estimators.masked_ae:[masked-ae] sweep lam=2.1544346900318834 epoch 23/25 time=0.05s device=cuda
INFO:src.estimators.masked_ae:[masked-ae] sweep lam=2.1544346900318834 epoch 24/25 time=0.05s device=cuda
INFO:src.estimators.masked_ae:[masked-ae] sweep lam=2.1544346900318834 epoch 25/25 time=0.05s device=cuda
INFO:src.estimators.masked_ae:[masked-ae] sweep lam=3.593813663804626 epoch 1/25 time=0.05s device=cuda
INFO:src.estimators.masked_ae:[masked-ae] sweep lam=3.593813663804626 epoch 2/25 time=0.05s device=cuda
INFO:src.estimators.masked_ae:[masked-ae] sweep lam=3.593813663804626 epoch 3/25 time=0.05s device=cuda
INFO:src.estimators.masked_ae:[masked-ae] sweep lam=3.593813663804626 epoch 4/25 time=0.06s device=cuda
INFO:src.estimators.masked_ae:[masked-ae] sweep lam=3.593813663804626 epoch 5/25 time=0.05s device=cuda
INFO:src.estimators.masked_ae:[masked-ae] sweep lam=3.593813663804626 epoch 6/25 time=0.06s device=cuda
INFO:src.estimators.masked_ae:[masked-ae] sweep lam=3.593813663804626 epoch 7/25 time=0.05s device=cuda
INFO:src.estimators.masked_ae:[masked-ae] sweep lam=3.593813663804626 epoch 8/25 time=0.05s device=cuda
INFO:src.estimators.masked_ae:[masked-ae] sweep lam=3.593813663804626 epoch 9/25 time=0.05s device=cuda
INFO:src.estimators.masked_ae:[masked-ae] sweep lam=3.593813663804626 epoch 10/25 time=0.05s device=cuda
INFO:src.estimators.masked_ae:[masked-ae] sweep lam=3.593813663804626 epoch 11/25 time=0.05s device=cuda
INFO:src.estimators.masked_ae:[masked-ae] sweep lam=3.593813663804626 epoch 12/25 time=0.04s device=cuda
INFO:src.estimators.masked_ae:[masked-ae] sweep lam=3.593813663804626 epoch 13/25 time=0.05s device=cuda
INFO:src.estimators.masked_ae:[masked-ae] sweep lam=3.593813663804626 epoch 14/25 time=0.05s device=cuda
INFO:src.estimators.masked_ae:[masked-ae] sweep lam=3.593813663804626 epoch 15/25 time=0.05s device=cuda
INFO:src.estimators.masked_ae:[masked-ae] sweep lam=3.593813663804626 epoch 16/25 time=0.05s device=cuda
INFO:src.estimators.masked_ae:[masked-ae] sweep lam=3.593813663804626 epoch 17/25 time=0.05s device=cuda
INFO:src.estimators.masked_ae:[masked-ae] sweep lam=3.593813663804626 epoch 18/25 time=0.05s device=cuda
INFO:src.estimators.masked_ae:[masked-ae] sweep lam=3.593813663804626 epoch 19/25 time=0.06s device=cuda
INFO:src.estimators.masked_ae:[masked-ae] sweep lam=3.593813663804626 epoch 20/25 time=0.05s device=cuda
INFO:src.estimators.masked_ae:[masked-ae] sweep lam=3.593813663804626 epoch 21/25 time=0.05s device=cuda
INFO:src.estimators.masked_ae:[masked-ae] sweep lam=3.593813663804626 epoch 22/25 time=0.05s device=cuda
INFO:src.estimators.masked_ae:[masked-ae] sweep lam=3.593813663804626 epoch 23/25 time=0.04s device=cuda
INFO:src.estimators.masked_ae:[masked-ae] sweep lam=3.593813663804626 epoch 24/25 time=0.07s device=cuda
INFO:src.estimators.masked_ae:[masked-ae] sweep lam=3.593813663804626 epoch 25/25 time=0.05s device=cuda
INFO:src.estimators.masked_ae:[masked-ae] sweep lam=5.994842503189409 epoch 1/25 time=0.05s device=cuda
INFO:src.estimators.masked_ae:[masked-ae] sweep lam=5.994842503189409 epoch 2/25 time=0.05s device=cuda
INFO:src.estimators.masked_ae:[masked-ae] sweep lam=5.994842503189409 epoch 3/25 time=0.05s device=cuda
INFO:src.estimators.masked_ae:[masked-ae] sweep lam=5.994842503189409 epoch 4/25 time=0.05s device=cuda
INFO:src.estimators.masked_ae:[masked-ae] sweep lam=5.994842503189409 epoch 5/25 time=0.05s device=cuda
INFO:src.estimators.masked_ae:[masked-ae] sweep lam=5.994842503189409 epoch 6/25 time=0.05s device=cuda
INFO:src.estimators.masked_ae:[masked-ae] sweep lam=5.994842503189409 epoch 7/25 time=0.05s device=cuda
INFO:src.estimators.masked_ae:[masked-ae] sweep lam=5.994842503189409 epoch 8/25 time=0.05s device=cuda
INFO:src.estimators.masked_ae:[masked-ae] sweep lam=5.994842503189409 epoch 9/25 time=0.05s device=cuda
INFO:src.estimators.masked_ae:[masked-ae] sweep lam=5.994842503189409 epoch 10/25 time=0.06s device=cuda
INFO:src.estimators.masked_ae:[masked-ae] sweep lam=5.994842503189409 epoch 11/25 time=0.03s device=cuda
INFO:src.estimators.masked_ae:[masked-ae] sweep lam=5.994842503189409 epoch 12/25 time=0.03s device=cuda
INFO:src.estimators.masked_ae:[masked-ae] sweep lam=5.994842503189409 epoch 13/25 time=0.04s device=cuda
INFO:src.estimators.masked_ae:[masked-ae] sweep lam=5.994842503189409 epoch 14/25 time=0.04s device=cuda
INFO:src.estimators.masked_ae:[masked-ae] sweep lam=5.994842503189409 epoch 15/25 time=0.04s device=cuda
INFO:src.estimators.masked_ae:[masked-ae] sweep lam=5.994842503189409 epoch 16/25 time=0.11s device=cuda
INFO:src.estimators.masked_ae:[masked-ae] sweep lam=5.994842503189409 epoch 17/25 time=0.08s device=cuda
INFO:src.estimators.masked_ae:[masked-ae] sweep lam=5.994842503189409 epoch 18/25 time=0.03s device=cuda
INFO:src.estimators.masked_ae:[masked-ae] sweep lam=5.994842503189409 epoch 19/25 time=0.04s device=cuda
INFO:src.estimators.masked_ae:[masked-ae] sweep lam=5.994842503189409 epoch 20/25 time=0.04s device=cuda
INFO:src.estimators.masked_ae:[masked-ae] sweep lam=5.994842503189409 epoch 21/25 time=0.03s device=cuda
INFO:src.estimators.masked_ae:[masked-ae] sweep lam=5.994842503189409 epoch 22/25 time=0.03s device=cuda
INFO:src.estimators.masked_ae:[masked-ae] sweep lam=5.994842503189409 epoch 23/25 time=0.03s device=cuda
INFO:src.estimators.masked_ae:[masked-ae] sweep lam=5.994842503189409 epoch 24/25 time=0.03s device=cuda
INFO:src.estimators.masked_ae:[masked-ae] sweep lam=5.994842503189409 epoch 25/25 time=0.03s device=cuda
INFO:src.estimators.masked_ae:[masked-ae] sweep lam=10.0 epoch 1/25 time=0.03s device=cuda
INFO:src.estimators.masked_ae:[masked-ae] sweep lam=10.0 epoch 2/25 time=0.03s device=cuda
INFO:src.estimators.masked_ae:[masked-ae] sweep lam=10.0 epoch 3/25 time=0.04s device=cuda
INFO:src.estimators.masked_ae:[masked-ae] sweep lam=10.0 epoch 4/25 time=0.04s device=cuda
INFO:src.estimators.masked_ae:[masked-ae] sweep lam=10.0 epoch 5/25 time=0.04s device=cuda
INFO:src.estimators.masked_ae:[masked-ae] sweep lam=10.0 epoch 6/25 time=0.04s device=cuda
INFO:src.estimators.masked_ae:[masked-ae] sweep lam=10.0 epoch 7/25 time=0.04s device=cuda
INFO:src.estimators.masked_ae:[masked-ae] sweep lam=10.0 epoch 8/25 time=0.04s device=cuda
INFO:src.estimators.masked_ae:[masked-ae] sweep lam=10.0 epoch 9/25 time=0.04s device=cuda
INFO:src.estimators.masked_ae:[masked-ae] sweep lam=10.0 epoch 10/25 time=0.04s device=cuda
INFO:src.estimators.masked_ae:[masked-ae] sweep lam=10.0 epoch 11/25 time=0.06s device=cuda
INFO:src.estimators.masked_ae:[masked-ae] sweep lam=10.0 epoch 12/25 time=0.03s device=cuda
INFO:src.estimators.masked_ae:[masked-ae] sweep lam=10.0 epoch 13/25 time=0.04s device=cuda
INFO:src.estimators.masked_ae:[masked-ae] sweep lam=10.0 epoch 14/25 time=0.05s device=cuda
INFO:src.estimators.masked_ae:[masked-ae] sweep lam=10.0 epoch 15/25 time=0.04s device=cuda
INFO:src.estimators.masked_ae:[masked-ae] sweep lam=10.0 epoch 16/25 time=0.04s device=cuda
INFO:src.estimators.masked_ae:[masked-ae] sweep lam=10.0 epoch 17/25 time=0.05s device=cuda
INFO:src.estimators.masked_ae:[masked-ae] sweep lam=10.0 epoch 18/25 time=0.05s device=cuda
INFO:src.estimators.masked_ae:[masked-ae] sweep lam=10.0 epoch 19/25 time=0.05s device=cuda
INFO:src.estimators.masked_ae:[masked-ae] sweep lam=10.0 epoch 20/25 time=0.04s device=cuda
INFO:src.estimators.masked_ae:[masked-ae] sweep lam=10.0 epoch 21/25 time=0.05s device=cuda
INFO:src.estimators.masked_ae:[masked-ae] sweep lam=10.0 epoch 22/25 time=0.05s device=cuda
INFO:src.estimators.masked_ae:[masked-ae] sweep lam=10.0 epoch 23/25 time=0.03s device=cuda
INFO:src.estimators.masked_ae:[masked-ae] sweep lam=10.0 epoch 24/25 time=0.03s device=cuda
INFO:src.estimators.masked_ae:[masked-ae] sweep lam=10.0 epoch 25/25 time=0.04s device=cuda
INFO:src.estimators.masked_ae:[masked-ae] retrain epoch 1/10 time=0.04s device=cuda
INFO:src.estimators.masked_ae:[masked-ae] retrain epoch 2/10 time=0.04s device=cuda
INFO:src.estimators.masked_ae:[masked-ae] retrain epoch 3/10 time=0.04s device=cuda
INFO:src.estimators.masked_ae:[masked-ae] retrain epoch 4/10 time=0.04s device=cuda
INFO:src.estimators.masked_ae:[masked-ae] retrain epoch 5/10 time=0.04s device=cuda
INFO:src.estimators.masked_ae:[masked-ae] retrain epoch 6/10 time=0.04s device=cuda
INFO:src.estimators.masked_ae:[masked-ae] retrain epoch 7/10 time=0.05s device=cuda
INFO:src.estimators.masked_ae:[masked-ae] retrain epoch 8/10 time=0.05s device=cuda
INFO:src.estimators.masked_ae:[masked-ae] retrain epoch 9/10 time=0.05s device=cuda
INFO:src.estimators.masked_ae:[masked-ae] retrain epoch 10/10 time=0.05s device=cuda
INFO:repair_masked_ae:Group ('mnist', 5, 0.0, 0) repaired: estimate=9.0 elapsed_s=13.91 device=cuda samples=2000 rows=5
INFO:repair_masked_ae:Processing group key=('mnist', 5, 0.25, 0) with 5 rows; example row 65
INFO:src.estimators.masked_ae:[masked-ae] pretrain epoch 1/10 time=0.05s device=cuda
INFO:src.estimators.masked_ae:[masked-ae] pretrain epoch 2/10 time=0.04s device=cuda
INFO:src.estimators.masked_ae:[masked-ae] pretrain epoch 3/10 time=0.04s device=cuda
INFO:src.estimators.masked_ae:[masked-ae] pretrain epoch 4/10 time=0.04s device=cuda
INFO:src.estimators.masked_ae:[masked-ae] pretrain epoch 5/10 time=0.05s device=cuda
INFO:src.estimators.masked_ae:[masked-ae] pretrain epoch 6/10 time=0.05s device=cuda
INFO:src.estimators.masked_ae:[masked-ae] pretrain epoch 7/10 time=0.05s device=cuda
INFO:src.estimators.masked_ae:[masked-ae] pretrain epoch 8/10 time=0.05s device=cuda
INFO:src.estimators.masked_ae:[masked-ae] pretrain epoch 9/10 time=0.05s device=cuda
INFO:src.estimators.masked_ae:[masked-ae] pretrain epoch 10/10 time=0.06s device=cuda
INFO:src.estimators.masked_ae:[masked-ae] sweep lam=0.1 epoch 1/25 time=0.06s device=cuda
INFO:src.estimators.masked_ae:[masked-ae] sweep lam=0.1 epoch 2/25 time=0.05s device=cuda
INFO:src.estimators.masked_ae:[masked-ae] sweep lam=0.1 epoch 3/25 time=0.03s device=cuda
INFO:src.estimators.masked_ae:[masked-ae] sweep lam=0.1 epoch 4/25 time=0.03s device=cuda
INFO:src.estimators.masked_ae:[masked-ae] sweep lam=0.1 epoch 5/25 time=0.03s device=cuda
INFO:src.estimators.masked_ae:[masked-ae] sweep lam=0.1 epoch 6/25 time=0.04s device=cuda
INFO:src.estimators.masked_ae:[masked-ae] sweep lam=0.1 epoch 7/25 time=0.04s device=cuda
INFO:src.estimators.masked_ae:[masked-ae] sweep lam=0.1 epoch 8/25 time=0.04s device=cuda
INFO:src.estimators.masked_ae:[masked-ae] sweep lam=0.1 epoch 9/25 time=0.04s device=cuda
INFO:src.estimators.masked_ae:[masked-ae] sweep lam=0.1 epoch 10/25 time=0.04s device=cuda
INFO:src.estimators.masked_ae:[masked-ae] sweep lam=0.1 epoch 11/25 time=0.04s device=cuda
INFO:src.estimators.masked_ae:[masked-ae] sweep lam=0.1 epoch 12/25 time=0.04s device=cuda
INFO:src.estimators.masked_ae:[masked-ae] sweep lam=0.1 epoch 13/25 time=0.05s device=cuda
INFO:src.estimators.masked_ae:[masked-ae] sweep lam=0.1 epoch 14/25 time=0.05s device=cuda
INFO:src.estimators.masked_ae:[masked-ae] sweep lam=0.1 epoch 15/25 time=0.05s device=cuda
INFO:src.estimators.masked_ae:[masked-ae] sweep lam=0.1 epoch 16/25 time=0.05s device=cuda
INFO:src.estimators.masked_ae:[masked-ae] sweep lam=0.1 epoch 17/25 time=0.04s device=cuda
INFO:src.estimators.masked_ae:[masked-ae] sweep lam=0.1 epoch 18/25 time=0.04s device=cuda
INFO:src.estimators.masked_ae:[masked-ae] sweep lam=0.1 epoch 19/25 time=0.04s device=cuda
INFO:src.estimators.masked_ae:[masked-ae] sweep lam=0.1 epoch 20/25 time=0.06s device=cuda
INFO:src.estimators.masked_ae:[masked-ae] sweep lam=0.1 epoch 21/25 time=0.05s device=cuda
INFO:src.estimators.masked_ae:[masked-ae] sweep lam=0.1 epoch 22/25 time=0.03s device=cuda
INFO:src.estimators.masked_ae:[masked-ae] sweep lam=0.1 epoch 23/25 time=0.03s device=cuda
INFO:src.estimators.masked_ae:[masked-ae] sweep lam=0.1 epoch 24/25 time=0.09s device=cuda
INFO:src.estimators.masked_ae:[masked-ae] sweep lam=0.1 epoch 25/25 time=0.05s device=cuda
INFO:src.estimators.masked_ae:[masked-ae] sweep lam=0.16681005372000587 epoch 1/25 time=0.04s device=cuda
INFO:src.estimators.masked_ae:[masked-ae] sweep lam=0.16681005372000587 epoch 2/25 time=0.06s device=cuda
INFO:src.estimators.masked_ae:[masked-ae] sweep lam=0.16681005372000587 epoch 3/25 time=0.05s device=cuda
INFO:src.estimators.masked_ae:[masked-ae] sweep lam=0.16681005372000587 epoch 4/25 time=0.03s device=cuda
INFO:src.estimators.masked_ae:[masked-ae] sweep lam=0.16681005372000587 epoch 5/25 time=0.03s device=cuda
INFO:src.estimators.masked_ae:[masked-ae] sweep lam=0.16681005372000587 epoch 6/25 time=0.04s device=cuda
INFO:src.estimators.masked_ae:[masked-ae] sweep lam=0.16681005372000587 epoch 7/25 time=0.05s device=cuda
INFO:src.estimators.masked_ae:[masked-ae] sweep lam=0.16681005372000587 epoch 8/25 time=0.05s device=cuda
INFO:src.estimators.masked_ae:[masked-ae] sweep lam=0.16681005372000587 epoch 9/25 time=0.06s device=cuda
INFO:src.estimators.masked_ae:[masked-ae] sweep lam=0.16681005372000587 epoch 10/25 time=0.05s device=cuda
INFO:src.estimators.masked_ae:[masked-ae] sweep lam=0.16681005372000587 epoch 11/25 time=0.05s device=cuda
INFO:src.estimators.masked_ae:[masked-ae] sweep lam=0.16681005372000587 epoch 12/25 time=0.05s device=cuda
INFO:src.estimators.masked_ae:[masked-ae] sweep lam=0.16681005372000587 epoch 13/25 time=0.03s device=cuda
INFO:src.estimators.masked_ae:[masked-ae] sweep lam=0.16681005372000587 epoch 14/25 time=0.04s device=cuda
INFO:src.estimators.masked_ae:[masked-ae] sweep lam=0.16681005372000587 epoch 15/25 time=0.04s device=cuda
INFO:src.estimators.masked_ae:[masked-ae] sweep lam=0.16681005372000587 epoch 16/25 time=0.04s device=cuda
INFO:src.estimators.masked_ae:[masked-ae] sweep lam=0.16681005372000587 epoch 17/25 time=0.03s device=cuda
INFO:src.estimators.masked_ae:[masked-ae] sweep lam=0.16681005372000587 epoch 18/25 time=0.03s device=cuda
INFO:src.estimators.masked_ae:[masked-ae] sweep lam=0.16681005372000587 epoch 19/25 time=0.04s device=cuda
INFO:src.estimators.masked_ae:[masked-ae] sweep lam=0.16681005372000587 epoch 20/25 time=0.05s device=cuda
INFO:src.estimators.masked_ae:[masked-ae] sweep lam=0.16681005372000587 epoch 21/25 time=0.05s device=cuda
INFO:src.estimators.masked_ae:[masked-ae] sweep lam=0.16681005372000587 epoch 22/25 time=0.05s device=cuda
INFO:src.estimators.masked_ae:[masked-ae] sweep lam=0.16681005372000587 epoch 23/25 time=0.04s device=cuda
INFO:src.estimators.masked_ae:[masked-ae] sweep lam=0.16681005372000587 epoch 24/25 time=0.05s device=cuda
INFO:src.estimators.masked_ae:[masked-ae] sweep lam=0.16681005372000587 epoch 25/25 time=0.04s device=cuda
INFO:src.estimators.masked_ae:[masked-ae] sweep lam=0.2782559402207124 epoch 1/25 time=0.05s device=cuda
INFO:src.estimators.masked_ae:[masked-ae] sweep lam=0.2782559402207124 epoch 2/25 time=0.05s device=cuda
INFO:src.estimators.masked_ae:[masked-ae] sweep lam=0.2782559402207124 epoch 3/25 time=0.04s device=cuda
INFO:src.estimators.masked_ae:[masked-ae] sweep lam=0.2782559402207124 epoch 4/25 time=0.05s device=cuda
INFO:src.estimators.masked_ae:[masked-ae] sweep lam=0.2782559402207124 epoch 5/25 time=0.05s device=cuda
INFO:src.estimators.masked_ae:[masked-ae] sweep lam=0.2782559402207124 epoch 6/25 time=0.04s device=cuda
INFO:src.estimators.masked_ae:[masked-ae] sweep lam=0.2782559402207124 epoch 7/25 time=0.04s device=cuda
INFO:src.estimators.masked_ae:[masked-ae] sweep lam=0.2782559402207124 epoch 8/25 time=0.06s device=cuda
INFO:src.estimators.masked_ae:[masked-ae] sweep lam=0.2782559402207124 epoch 9/25 time=0.05s device=cuda
INFO:src.estimators.masked_ae:[masked-ae] sweep lam=0.2782559402207124 epoch 10/25 time=0.06s device=cuda
INFO:src.estimators.masked_ae:[masked-ae] sweep lam=0.2782559402207124 epoch 11/25 time=0.05s device=cuda
INFO:src.estimators.masked_ae:[masked-ae] sweep lam=0.2782559402207124 epoch 12/25 time=0.05s device=cuda
INFO:src.estimators.masked_ae:[masked-ae] sweep lam=0.2782559402207124 epoch 13/25 time=0.05s device=cuda
INFO:src.estimators.masked_ae:[masked-ae] sweep lam=0.2782559402207124 epoch 14/25 time=0.04s device=cuda
INFO:src.estimators.masked_ae:[masked-ae] sweep lam=0.2782559402207124 epoch 15/25 time=0.04s device=cuda
INFO:src.estimators.masked_ae:[masked-ae] sweep lam=0.2782559402207124 epoch 16/25 time=0.04s device=cuda
INFO:src.estimators.masked_ae:[masked-ae] sweep lam=0.2782559402207124 epoch 17/25 time=0.06s device=cuda
INFO:src.estimators.masked_ae:[masked-ae] sweep lam=0.2782559402207124 epoch 18/25 time=0.04s device=cuda
INFO:src.estimators.masked_ae:[masked-ae] sweep lam=0.2782559402207124 epoch 19/25 time=0.04s device=cuda
INFO:src.estimators.masked_ae:[masked-ae] sweep lam=0.2782559402207124 epoch 20/25 time=0.04s device=cuda
INFO:src.estimators.masked_ae:[masked-ae] sweep lam=0.2782559402207124 epoch 21/25 time=0.05s device=cuda
INFO:src.estimators.masked_ae:[masked-ae] sweep lam=0.2782559402207124 epoch 22/25 time=0.05s device=cuda
INFO:src.estimators.masked_ae:[masked-ae] sweep lam=0.2782559402207124 epoch 23/25 time=0.05s device=cuda
INFO:src.estimators.masked_ae:[masked-ae] sweep lam=0.2782559402207124 epoch 24/25 time=0.05s device=cuda
INFO:src.estimators.masked_ae:[masked-ae] sweep lam=0.2782559402207124 epoch 25/25 time=0.05s device=cuda
INFO:src.estimators.masked_ae:[masked-ae] sweep lam=0.46415888336127786 epoch 1/25 time=0.05s device=cuda
INFO:src.estimators.masked_ae:[masked-ae] sweep lam=0.46415888336127786 epoch 2/25 time=0.05s device=cuda
INFO:src.estimators.masked_ae:[masked-ae] sweep lam=0.46415888336127786 epoch 3/25 time=0.07s device=cuda
INFO:src.estimators.masked_ae:[masked-ae] sweep lam=0.46415888336127786 epoch 4/25 time=0.07s device=cuda
INFO:src.estimators.masked_ae:[masked-ae] sweep lam=0.46415888336127786 epoch 5/25 time=0.06s device=cuda
INFO:src.estimators.masked_ae:[masked-ae] sweep lam=0.46415888336127786 epoch 6/25 time=0.05s device=cuda
INFO:src.estimators.masked_ae:[masked-ae] sweep lam=0.46415888336127786 epoch 7/25 time=0.05s device=cuda
INFO:src.estimators.masked_ae:[masked-ae] sweep lam=0.46415888336127786 epoch 8/25 time=0.05s device=cuda
INFO:src.estimators.masked_ae:[masked-ae] sweep lam=0.46415888336127786 epoch 9/25 time=0.05s device=cuda
INFO:src.estimators.masked_ae:[masked-ae] sweep lam=0.46415888336127786 epoch 10/25 time=0.06s device=cuda
INFO:src.estimators.masked_ae:[masked-ae] sweep lam=0.46415888336127786 epoch 11/25 time=0.06s device=cuda
INFO:src.estimators.masked_ae:[masked-ae] sweep lam=0.46415888336127786 epoch 12/25 time=0.04s device=cuda
INFO:src.estimators.masked_ae:[masked-ae] sweep lam=0.46415888336127786 epoch 13/25 time=0.04s device=cuda
INFO:src.estimators.masked_ae:[masked-ae] sweep lam=0.46415888336127786 epoch 14/25 time=0.04s device=cuda
INFO:src.estimators.masked_ae:[masked-ae] sweep lam=0.46415888336127786 epoch 15/25 time=0.03s device=cuda
INFO:src.estimators.masked_ae:[masked-ae] sweep lam=0.46415888336127786 epoch 16/25 time=0.05s device=cuda
INFO:src.estimators.masked_ae:[masked-ae] sweep lam=0.46415888336127786 epoch 17/25 time=0.06s device=cuda
INFO:src.estimators.masked_ae:[masked-ae] sweep lam=0.46415888336127786 epoch 18/25 time=0.05s device=cuda
INFO:src.estimators.masked_ae:[masked-ae] sweep lam=0.46415888336127786 epoch 19/25 time=0.05s device=cuda
INFO:src.estimators.masked_ae:[masked-ae] sweep lam=0.46415888336127786 epoch 20/25 time=0.06s device=cuda
INFO:src.estimators.masked_ae:[masked-ae] sweep lam=0.46415888336127786 epoch 21/25 time=0.07s device=cuda
INFO:src.estimators.masked_ae:[masked-ae] sweep lam=0.46415888336127786 epoch 22/25 time=0.05s device=cuda
INFO:src.estimators.masked_ae:[masked-ae] sweep lam=0.46415888336127786 epoch 23/25 time=0.06s device=cuda
INFO:src.estimators.masked_ae:[masked-ae] sweep lam=0.46415888336127786 epoch 24/25 time=0.05s device=cuda
INFO:src.estimators.masked_ae:[masked-ae] sweep lam=0.46415888336127786 epoch 25/25 time=0.05s device=cuda
INFO:src.estimators.masked_ae:[masked-ae] sweep lam=0.774263682681127 epoch 1/25 time=0.07s device=cuda
INFO:src.estimators.masked_ae:[masked-ae] sweep lam=0.774263682681127 epoch 2/25 time=0.05s device=cuda
INFO:src.estimators.masked_ae:[masked-ae] sweep lam=0.774263682681127 epoch 3/25 time=0.05s device=cuda
INFO:src.estimators.masked_ae:[masked-ae] sweep lam=0.774263682681127 epoch 4/25 time=0.05s device=cuda
INFO:src.estimators.masked_ae:[masked-ae] sweep lam=0.774263682681127 epoch 5/25 time=0.05s device=cuda
INFO:src.estimators.masked_ae:[masked-ae] sweep lam=0.774263682681127 epoch 6/25 time=0.05s device=cuda
INFO:src.estimators.masked_ae:[masked-ae] sweep lam=0.774263682681127 epoch 7/25 time=0.05s device=cuda
INFO:src.estimators.masked_ae:[masked-ae] sweep lam=0.774263682681127 epoch 8/25 time=0.05s device=cuda
INFO:src.estimators.masked_ae:[masked-ae] sweep lam=0.774263682681127 epoch 9/25 time=0.05s device=cuda
INFO:src.estimators.masked_ae:[masked-ae] sweep lam=0.774263682681127 epoch 10/25 time=0.04s device=cuda
INFO:src.estimators.masked_ae:[masked-ae] sweep lam=0.774263682681127 epoch 11/25 time=0.04s device=cuda
INFO:src.estimators.masked_ae:[masked-ae] sweep lam=0.774263682681127 epoch 12/25 time=0.04s device=cuda
INFO:src.estimators.masked_ae:[masked-ae] sweep lam=0.774263682681127 epoch 13/25 time=0.04s device=cuda
INFO:src.estimators.masked_ae:[masked-ae] sweep lam=0.774263682681127 epoch 14/25 time=0.04s device=cuda
INFO:src.estimators.masked_ae:[masked-ae] sweep lam=0.774263682681127 epoch 15/25 time=0.04s device=cuda
INFO:src.estimators.masked_ae:[masked-ae] sweep lam=0.774263682681127 epoch 16/25 time=0.11s device=cuda
INFO:src.estimators.masked_ae:[masked-ae] sweep lam=0.774263682681127 epoch 17/25 time=0.05s device=cuda
INFO:src.estimators.masked_ae:[masked-ae] sweep lam=0.774263682681127 epoch 18/25 time=0.05s device=cuda
INFO:src.estimators.masked_ae:[masked-ae] sweep lam=0.774263682681127 epoch 19/25 time=0.05s device=cuda
INFO:src.estimators.masked_ae:[masked-ae] sweep lam=0.774263682681127 epoch 20/25 time=0.05s device=cuda
INFO:src.estimators.masked_ae:[masked-ae] sweep lam=0.774263682681127 epoch 21/25 time=0.05s device=cuda
INFO:src.estimators.masked_ae:[masked-ae] sweep lam=0.774263682681127 epoch 22/25 time=0.05s device=cuda
INFO:src.estimators.masked_ae:[masked-ae] sweep lam=0.774263682681127 epoch 23/25 time=0.05s device=cuda
INFO:src.estimators.masked_ae:[masked-ae] sweep lam=0.774263682681127 epoch 24/25 time=0.05s device=cuda
INFO:src.estimators.masked_ae:[masked-ae] sweep lam=0.774263682681127 epoch 25/25 time=0.05s device=cuda
INFO:src.estimators.masked_ae:[masked-ae] sweep lam=1.291549665014884 epoch 1/25 time=0.06s device=cuda
INFO:src.estimators.masked_ae:[masked-ae] sweep lam=1.291549665014884 epoch 2/25 time=0.05s device=cuda
INFO:src.estimators.masked_ae:[masked-ae] sweep lam=1.291549665014884 epoch 3/25 time=0.05s device=cuda
INFO:src.estimators.masked_ae:[masked-ae] sweep lam=1.291549665014884 epoch 4/25 time=0.05s device=cuda
INFO:src.estimators.masked_ae:[masked-ae] sweep lam=1.291549665014884 epoch 5/25 time=0.03s device=cuda
INFO:src.estimators.masked_ae:[masked-ae] sweep lam=1.291549665014884 epoch 6/25 time=0.07s device=cuda
INFO:src.estimators.masked_ae:[masked-ae] sweep lam=1.291549665014884 epoch 7/25 time=0.04s device=cuda
INFO:src.estimators.masked_ae:[masked-ae] sweep lam=1.291549665014884 epoch 8/25 time=0.04s device=cuda
INFO:src.estimators.masked_ae:[masked-ae] sweep lam=1.291549665014884 epoch 9/25 time=0.04s device=cuda
INFO:src.estimators.masked_ae:[masked-ae] sweep lam=1.291549665014884 epoch 10/25 time=0.03s device=cuda
INFO:src.estimators.masked_ae:[masked-ae] sweep lam=1.291549665014884 epoch 11/25 time=0.03s device=cuda
INFO:src.estimators.masked_ae:[masked-ae] sweep lam=1.291549665014884 epoch 12/25 time=0.03s device=cuda
INFO:src.estimators.masked_ae:[masked-ae] sweep lam=1.291549665014884 epoch 13/25 time=0.03s device=cuda
INFO:src.estimators.masked_ae:[masked-ae] sweep lam=1.291549665014884 epoch 14/25 time=0.03s device=cuda
INFO:src.estimators.masked_ae:[masked-ae] sweep lam=1.291549665014884 epoch 15/25 time=0.03s device=cuda
INFO:src.estimators.masked_ae:[masked-ae] sweep lam=1.291549665014884 epoch 16/25 time=0.03s device=cuda
INFO:src.estimators.masked_ae:[masked-ae] sweep lam=1.291549665014884 epoch 17/25 time=0.03s device=cuda
INFO:src.estimators.masked_ae:[masked-ae] sweep lam=1.291549665014884 epoch 18/25 time=0.03s device=cuda
INFO:src.estimators.masked_ae:[masked-ae] sweep lam=1.291549665014884 epoch 19/25 time=0.03s device=cuda
INFO:src.estimators.masked_ae:[masked-ae] sweep lam=1.291549665014884 epoch 20/25 time=0.03s device=cuda
INFO:src.estimators.masked_ae:[masked-ae] sweep lam=1.291549665014884 epoch 21/25 time=0.04s device=cuda
INFO:src.estimators.masked_ae:[masked-ae] sweep lam=1.291549665014884 epoch 22/25 time=0.04s device=cuda
INFO:src.estimators.masked_ae:[masked-ae] sweep lam=1.291549665014884 epoch 23/25 time=0.04s device=cuda
INFO:src.estimators.masked_ae:[masked-ae] sweep lam=1.291549665014884 epoch 24/25 time=0.04s device=cuda
INFO:src.estimators.masked_ae:[masked-ae] sweep lam=1.291549665014884 epoch 25/25 time=0.03s device=cuda
INFO:src.estimators.masked_ae:[masked-ae] sweep lam=2.1544346900318834 epoch 1/25 time=0.03s device=cuda
INFO:src.estimators.masked_ae:[masked-ae] sweep lam=2.1544346900318834 epoch 2/25 time=0.04s device=cuda
INFO:src.estimators.masked_ae:[masked-ae] sweep lam=2.1544346900318834 epoch 3/25 time=0.03s device=cuda
INFO:src.estimators.masked_ae:[masked-ae] sweep lam=2.1544346900318834 epoch 4/25 time=0.04s device=cuda
INFO:src.estimators.masked_ae:[masked-ae] sweep lam=2.1544346900318834 epoch 5/25 time=0.04s device=cuda
INFO:src.estimators.masked_ae:[masked-ae] sweep lam=2.1544346900318834 epoch 6/25 time=0.04s device=cuda
INFO:src.estimators.masked_ae:[masked-ae] sweep lam=2.1544346900318834 epoch 7/25 time=0.04s device=cuda
INFO:src.estimators.masked_ae:[masked-ae] sweep lam=2.1544346900318834 epoch 8/25 time=0.04s device=cuda
INFO:src.estimators.masked_ae:[masked-ae] sweep lam=2.1544346900318834 epoch 9/25 time=0.05s device=cuda
INFO:src.estimators.masked_ae:[masked-ae] sweep lam=2.1544346900318834 epoch 10/25 time=0.05s device=cuda
INFO:src.estimators.masked_ae:[masked-ae] sweep lam=2.1544346900318834 epoch 11/25 time=0.06s device=cuda
INFO:src.estimators.masked_ae:[masked-ae] sweep lam=2.1544346900318834 epoch 12/25 time=0.05s device=cuda
INFO:src.estimators.masked_ae:[masked-ae] sweep lam=2.1544346900318834 epoch 13/25 time=0.05s device=cuda
INFO:src.estimators.masked_ae:[masked-ae] sweep lam=2.1544346900318834 epoch 14/25 time=0.05s device=cuda
INFO:src.estimators.masked_ae:[masked-ae] sweep lam=2.1544346900318834 epoch 15/25 time=0.05s device=cuda
INFO:src.estimators.masked_ae:[masked-ae] sweep lam=2.1544346900318834 epoch 16/25 time=0.04s device=cuda
INFO:src.estimators.masked_ae:[masked-ae] sweep lam=2.1544346900318834 epoch 17/25 time=0.04s device=cuda
INFO:src.estimators.masked_ae:[masked-ae] sweep lam=2.1544346900318834 epoch 18/25 time=0.04s device=cuda
INFO:src.estimators.masked_ae:[masked-ae] sweep lam=2.1544346900318834 epoch 19/25 time=0.06s device=cuda
INFO:src.estimators.masked_ae:[masked-ae] sweep lam=2.1544346900318834 epoch 20/25 time=0.05s device=cuda
INFO:src.estimators.masked_ae:[masked-ae] sweep lam=2.1544346900318834 epoch 21/25 time=0.05s device=cuda
INFO:src.estimators.masked_ae:[masked-ae] sweep lam=2.1544346900318834 epoch 22/25 time=0.05s device=cuda
INFO:src.estimators.masked_ae:[masked-ae] sweep lam=2.1544346900318834 epoch 23/25 time=0.05s device=cuda
INFO:src.estimators.masked_ae:[masked-ae] sweep lam=2.1544346900318834 epoch 24/25 time=0.05s device=cuda
INFO:src.estimators.masked_ae:[masked-ae] sweep lam=2.1544346900318834 epoch 25/25 time=0.05s device=cuda
INFO:src.estimators.masked_ae:[masked-ae] sweep lam=3.593813663804626 epoch 1/25 time=0.05s device=cuda
INFO:src.estimators.masked_ae:[masked-ae] sweep lam=3.593813663804626 epoch 2/25 time=0.05s device=cuda
INFO:src.estimators.masked_ae:[masked-ae] sweep lam=3.593813663804626 epoch 3/25 time=0.06s device=cuda
INFO:src.estimators.masked_ae:[masked-ae] sweep lam=3.593813663804626 epoch 4/25 time=0.06s device=cuda
INFO:src.estimators.masked_ae:[masked-ae] sweep lam=3.593813663804626 epoch 5/25 time=0.08s device=cuda
INFO:src.estimators.masked_ae:[masked-ae] sweep lam=3.593813663804626 epoch 6/25 time=0.04s device=cuda
INFO:src.estimators.masked_ae:[masked-ae] sweep lam=3.593813663804626 epoch 7/25 time=0.05s device=cuda
INFO:src.estimators.masked_ae:[masked-ae] sweep lam=3.593813663804626 epoch 8/25 time=0.05s device=cuda
INFO:src.estimators.masked_ae:[masked-ae] sweep lam=3.593813663804626 epoch 9/25 time=0.04s device=cuda
INFO:src.estimators.masked_ae:[masked-ae] sweep lam=3.593813663804626 epoch 10/25 time=0.05s device=cuda
INFO:src.estimators.masked_ae:[masked-ae] sweep lam=3.593813663804626 epoch 11/25 time=0.05s device=cuda
INFO:src.estimators.masked_ae:[masked-ae] sweep lam=3.593813663804626 epoch 12/25 time=0.05s device=cuda
INFO:src.estimators.masked_ae:[masked-ae] sweep lam=3.593813663804626 epoch 13/25 time=0.05s device=cuda
INFO:src.estimators.masked_ae:[masked-ae] sweep lam=3.593813663804626 epoch 14/25 time=0.05s device=cuda
INFO:src.estimators.masked_ae:[masked-ae] sweep lam=3.593813663804626 epoch 15/25 time=0.08s device=cuda
INFO:src.estimators.masked_ae:[masked-ae] sweep lam=3.593813663804626 epoch 16/25 time=0.05s device=cuda
INFO:src.estimators.masked_ae:[masked-ae] sweep lam=3.593813663804626 epoch 17/25 time=0.05s device=cuda
INFO:src.estimators.masked_ae:[masked-ae] sweep lam=3.593813663804626 epoch 18/25 time=0.05s device=cuda
INFO:src.estimators.masked_ae:[masked-ae] sweep lam=3.593813663804626 epoch 19/25 time=0.05s device=cuda
INFO:src.estimators.masked_ae:[masked-ae] sweep lam=3.593813663804626 epoch 20/25 time=0.05s device=cuda
INFO:src.estimators.masked_ae:[masked-ae] sweep lam=3.593813663804626 epoch 21/25 time=0.05s device=cuda
INFO:src.estimators.masked_ae:[masked-ae] sweep lam=3.593813663804626 epoch 22/25 time=0.05s device=cuda
INFO:src.estimators.masked_ae:[masked-ae] sweep lam=3.593813663804626 epoch 23/25 time=0.05s device=cuda
INFO:src.estimators.masked_ae:[masked-ae] sweep lam=3.593813663804626 epoch 24/25 time=0.05s device=cuda
INFO:src.estimators.masked_ae:[masked-ae] sweep lam=3.593813663804626 epoch 25/25 time=0.05s device=cuda
INFO:src.estimators.masked_ae:[masked-ae] sweep lam=5.994842503189409 epoch 1/25 time=0.05s device=cuda
INFO:src.estimators.masked_ae:[masked-ae] sweep lam=5.994842503189409 epoch 2/25 time=0.05s device=cuda
INFO:src.estimators.masked_ae:[masked-ae] sweep lam=5.994842503189409 epoch 3/25 time=0.05s device=cuda
INFO:src.estimators.masked_ae:[masked-ae] sweep lam=5.994842503189409 epoch 4/25 time=0.05s device=cuda
INFO:src.estimators.masked_ae:[masked-ae] sweep lam=5.994842503189409 epoch 5/25 time=0.05s device=cuda
INFO:src.estimators.masked_ae:[masked-ae] sweep lam=5.994842503189409 epoch 6/25 time=0.05s device=cuda
INFO:src.estimators.masked_ae:[masked-ae] sweep lam=5.994842503189409 epoch 7/25 time=0.05s device=cuda
INFO:src.estimators.masked_ae:[masked-ae] sweep lam=5.994842503189409 epoch 8/25 time=0.05s device=cuda
INFO:src.estimators.masked_ae:[masked-ae] sweep lam=5.994842503189409 epoch 9/25 time=0.05s device=cuda
INFO:src.estimators.masked_ae:[masked-ae] sweep lam=5.994842503189409 epoch 10/25 time=0.04s device=cuda
INFO:src.estimators.masked_ae:[masked-ae] sweep lam=5.994842503189409 epoch 11/25 time=0.04s device=cuda
INFO:src.estimators.masked_ae:[masked-ae] sweep lam=5.994842503189409 epoch 12/25 time=0.04s device=cuda
INFO:src.estimators.masked_ae:[masked-ae] sweep lam=5.994842503189409 epoch 13/25 time=0.05s device=cuda
INFO:src.estimators.masked_ae:[masked-ae] sweep lam=5.994842503189409 epoch 14/25 time=0.08s device=cuda
INFO:src.estimators.masked_ae:[masked-ae] sweep lam=5.994842503189409 epoch 15/25 time=0.08s device=cuda
INFO:src.estimators.masked_ae:[masked-ae] sweep lam=5.994842503189409 epoch 16/25 time=0.07s device=cuda
INFO:src.estimators.masked_ae:[masked-ae] sweep lam=5.994842503189409 epoch 17/25 time=0.05s device=cuda
INFO:src.estimators.masked_ae:[masked-ae] sweep lam=5.994842503189409 epoch 18/25 time=0.04s device=cuda
INFO:src.estimators.masked_ae:[masked-ae] sweep lam=5.994842503189409 epoch 19/25 time=0.05s device=cuda
INFO:src.estimators.masked_ae:[masked-ae] sweep lam=5.994842503189409 epoch 20/25 time=0.05s device=cuda
INFO:src.estimators.masked_ae:[masked-ae] sweep lam=5.994842503189409 epoch 21/25 time=0.06s device=cuda
INFO:src.estimators.masked_ae:[masked-ae] sweep lam=5.994842503189409 epoch 22/25 time=0.05s device=cuda
INFO:src.estimators.masked_ae:[masked-ae] sweep lam=5.994842503189409 epoch 23/25 time=0.05s device=cuda
INFO:src.estimators.masked_ae:[masked-ae] sweep lam=5.994842503189409 epoch 24/25 time=0.05s device=cuda
INFO:src.estimators.masked_ae:[masked-ae] sweep lam=5.994842503189409 epoch 25/25 time=0.04s device=cuda
INFO:src.estimators.masked_ae:[masked-ae] sweep lam=10.0 epoch 1/25 time=0.04s device=cuda
INFO:src.estimators.masked_ae:[masked-ae] sweep lam=10.0 epoch 2/25 time=0.03s device=cuda
INFO:src.estimators.masked_ae:[masked-ae] sweep lam=10.0 epoch 3/25 time=0.04s device=cuda
INFO:src.estimators.masked_ae:[masked-ae] sweep lam=10.0 epoch 4/25 time=0.05s device=cuda
INFO:src.estimators.masked_ae:[masked-ae] sweep lam=10.0 epoch 5/25 time=0.04s device=cuda
INFO:src.estimators.masked_ae:[masked-ae] sweep lam=10.0 epoch 6/25 time=0.04s device=cuda
INFO:src.estimators.masked_ae:[masked-ae] sweep lam=10.0 epoch 7/25 time=0.04s device=cuda
INFO:src.estimators.masked_ae:[masked-ae] sweep lam=10.0 epoch 8/25 time=0.04s device=cuda
INFO:src.estimators.masked_ae:[masked-ae] sweep lam=10.0 epoch 9/25 time=0.04s device=cuda
INFO:src.estimators.masked_ae:[masked-ae] sweep lam=10.0 epoch 10/25 time=0.04s device=cuda
INFO:src.estimators.masked_ae:[masked-ae] sweep lam=10.0 epoch 11/25 time=0.04s device=cuda
INFO:src.estimators.masked_ae:[masked-ae] sweep lam=10.0 epoch 12/25 time=0.04s device=cuda
INFO:src.estimators.masked_ae:[masked-ae] sweep lam=10.0 epoch 13/25 time=0.04s device=cuda
INFO:src.estimators.masked_ae:[masked-ae] sweep lam=10.0 epoch 14/25 time=0.05s device=cuda
INFO:src.estimators.masked_ae:[masked-ae] sweep lam=10.0 epoch 15/25 time=0.04s device=cuda
INFO:src.estimators.masked_ae:[masked-ae] sweep lam=10.0 epoch 16/25 time=0.04s device=cuda
INFO:src.estimators.masked_ae:[masked-ae] sweep lam=10.0 epoch 17/25 time=0.04s device=cuda
INFO:src.estimators.masked_ae:[masked-ae] sweep lam=10.0 epoch 18/25 time=0.05s device=cuda
INFO:src.estimators.masked_ae:[masked-ae] sweep lam=10.0 epoch 19/25 time=0.04s device=cuda
INFO:src.estimators.masked_ae:[masked-ae] sweep lam=10.0 epoch 20/25 time=0.04s device=cuda
INFO:src.estimators.masked_ae:[masked-ae] sweep lam=10.0 epoch 21/25 time=0.04s device=cuda
INFO:src.estimators.masked_ae:[masked-ae] sweep lam=10.0 epoch 22/25 time=0.04s device=cuda
INFO:src.estimators.masked_ae:[masked-ae] sweep lam=10.0 epoch 23/25 time=0.04s device=cuda
INFO:src.estimators.masked_ae:[masked-ae] sweep lam=10.0 epoch 24/25 time=0.04s device=cuda
INFO:src.estimators.masked_ae:[masked-ae] sweep lam=10.0 epoch 25/25 time=0.05s device=cuda
INFO:src.estimators.masked_ae:[masked-ae] retrain epoch 1/10 time=0.05s device=cuda
INFO:src.estimators.masked_ae:[masked-ae] retrain epoch 2/10 time=0.05s device=cuda
INFO:src.estimators.masked_ae:[masked-ae] retrain epoch 3/10 time=0.05s device=cuda
INFO:src.estimators.masked_ae:[masked-ae] retrain epoch 4/10 time=0.05s device=cuda
INFO:src.estimators.masked_ae:[masked-ae] retrain epoch 5/10 time=0.03s device=cuda
INFO:src.estimators.masked_ae:[masked-ae] retrain epoch 6/10 time=0.03s device=cuda
INFO:src.estimators.masked_ae:[masked-ae] retrain epoch 7/10 time=0.06s device=cuda
INFO:src.estimators.masked_ae:[masked-ae] retrain epoch 8/10 time=0.04s device=cuda
INFO:src.estimators.masked_ae:[masked-ae] retrain epoch 9/10 time=0.05s device=cuda
INFO:src.estimators.masked_ae:[masked-ae] retrain epoch 10/10 time=0.05s device=cuda
INFO:repair_masked_ae:Group ('mnist', 5, 0.25, 0) repaired: estimate=8.0 elapsed_s=12.85 device=cuda samples=2000 rows=5
INFO:repair_masked_ae:Processing group key=('mnist', 5, 0.5, 0) with 5 rows; example row 100
INFO:src.estimators.masked_ae:[masked-ae] pretrain epoch 1/10 time=0.04s device=cuda
INFO:src.estimators.masked_ae:[masked-ae] pretrain epoch 2/10 time=0.04s device=cuda
INFO:src.estimators.masked_ae:[masked-ae] pretrain epoch 3/10 time=0.05s device=cuda
INFO:src.estimators.masked_ae:[masked-ae] pretrain epoch 4/10 time=0.05s device=cuda
INFO:src.estimators.masked_ae:[masked-ae] pretrain epoch 5/10 time=0.05s device=cuda
INFO:src.estimators.masked_ae:[masked-ae] pretrain epoch 6/10 time=0.04s device=cuda
INFO:src.estimators.masked_ae:[masked-ae] pretrain epoch 7/10 time=0.05s device=cuda
INFO:src.estimators.masked_ae:[masked-ae] pretrain epoch 8/10 time=0.05s device=cuda
INFO:src.estimators.masked_ae:[masked-ae] pretrain epoch 9/10 time=0.04s device=cuda
INFO:src.estimators.masked_ae:[masked-ae] pretrain epoch 10/10 time=0.04s device=cuda
INFO:src.estimators.masked_ae:[masked-ae] sweep lam=0.1 epoch 1/25 time=0.04s device=cuda
INFO:src.estimators.masked_ae:[masked-ae] sweep lam=0.1 epoch 2/25 time=0.03s device=cuda
INFO:src.estimators.masked_ae:[masked-ae] sweep lam=0.1 epoch 3/25 time=0.03s device=cuda
INFO:src.estimators.masked_ae:[masked-ae] sweep lam=0.1 epoch 4/25 time=0.03s device=cuda
INFO:src.estimators.masked_ae:[masked-ae] sweep lam=0.1 epoch 5/25 time=0.04s device=cuda
INFO:src.estimators.masked_ae:[masked-ae] sweep lam=0.1 epoch 6/25 time=0.04s device=cuda
INFO:src.estimators.masked_ae:[masked-ae] sweep lam=0.1 epoch 7/25 time=0.04s device=cuda
INFO:src.estimators.masked_ae:[masked-ae] sweep lam=0.1 epoch 8/25 time=0.13s device=cuda
INFO:src.estimators.masked_ae:[masked-ae] sweep lam=0.1 epoch 9/25 time=0.06s device=cuda
INFO:src.estimators.masked_ae:[masked-ae] sweep lam=0.1 epoch 10/25 time=0.04s device=cuda
INFO:src.estimators.masked_ae:[masked-ae] sweep lam=0.1 epoch 11/25 time=0.07s device=cuda
INFO:src.estimators.masked_ae:[masked-ae] sweep lam=0.1 epoch 12/25 time=0.03s device=cuda
INFO:src.estimators.masked_ae:[masked-ae] sweep lam=0.1 epoch 13/25 time=0.06s device=cuda
INFO:src.estimators.masked_ae:[masked-ae] sweep lam=0.1 epoch 14/25 time=0.05s device=cuda
INFO:src.estimators.masked_ae:[masked-ae] sweep lam=0.1 epoch 15/25 time=0.05s device=cuda
INFO:src.estimators.masked_ae:[masked-ae] sweep lam=0.1 epoch 16/25 time=0.04s device=cuda
INFO:src.estimators.masked_ae:[masked-ae] sweep lam=0.1 epoch 17/25 time=0.04s device=cuda
INFO:src.estimators.masked_ae:[masked-ae] sweep lam=0.1 epoch 18/25 time=0.06s device=cuda
INFO:src.estimators.masked_ae:[masked-ae] sweep lam=0.1 epoch 19/25 time=0.05s device=cuda
INFO:src.estimators.masked_ae:[masked-ae] sweep lam=0.1 epoch 20/25 time=0.04s device=cuda
INFO:src.estimators.masked_ae:[masked-ae] sweep lam=0.1 epoch 21/25 time=0.06s device=cuda
INFO:src.estimators.masked_ae:[masked-ae] sweep lam=0.1 epoch 22/25 time=0.07s device=cuda
INFO:src.estimators.masked_ae:[masked-ae] sweep lam=0.1 epoch 23/25 time=0.03s device=cuda
INFO:src.estimators.masked_ae:[masked-ae] sweep lam=0.1 epoch 24/25 time=0.04s device=cuda
INFO:src.estimators.masked_ae:[masked-ae] sweep lam=0.1 epoch 25/25 time=0.04s device=cuda
INFO:src.estimators.masked_ae:[masked-ae] sweep lam=0.16681005372000587 epoch 1/25 time=0.04s device=cuda
INFO:src.estimators.masked_ae:[masked-ae] sweep lam=0.16681005372000587 epoch 2/25 time=0.05s device=cuda
INFO:src.estimators.masked_ae:[masked-ae] sweep lam=0.16681005372000587 epoch 3/25 time=0.05s device=cuda
INFO:src.estimators.masked_ae:[masked-ae] sweep lam=0.16681005372000587 epoch 4/25 time=0.05s device=cuda
INFO:src.estimators.masked_ae:[masked-ae] sweep lam=0.16681005372000587 epoch 5/25 time=0.05s device=cuda
INFO:src.estimators.masked_ae:[masked-ae] sweep lam=0.16681005372000587 epoch 6/25 time=0.05s device=cuda
INFO:src.estimators.masked_ae:[masked-ae] sweep lam=0.16681005372000587 epoch 7/25 time=0.05s device=cuda
INFO:src.estimators.masked_ae:[masked-ae] sweep lam=0.16681005372000587 epoch 8/25 time=0.05s device=cuda
INFO:src.estimators.masked_ae:[masked-ae] sweep lam=0.16681005372000587 epoch 9/25 time=0.05s device=cuda
INFO:src.estimators.masked_ae:[masked-ae] sweep lam=0.16681005372000587 epoch 10/25 time=0.05s device=cuda
INFO:src.estimators.masked_ae:[masked-ae] sweep lam=0.16681005372000587 epoch 11/25 time=0.05s device=cuda
INFO:src.estimators.masked_ae:[masked-ae] sweep lam=0.16681005372000587 epoch 12/25 time=0.05s device=cuda
INFO:src.estimators.masked_ae:[masked-ae] sweep lam=0.16681005372000587 epoch 13/25 time=0.05s device=cuda
INFO:src.estimators.masked_ae:[masked-ae] sweep lam=0.16681005372000587 epoch 14/25 time=0.05s device=cuda
INFO:src.estimators.masked_ae:[masked-ae] sweep lam=0.16681005372000587 epoch 15/25 time=0.05s device=cuda
INFO:src.estimators.masked_ae:[masked-ae] sweep lam=0.16681005372000587 epoch 16/25 time=0.05s device=cuda
INFO:src.estimators.masked_ae:[masked-ae] sweep lam=0.16681005372000587 epoch 17/25 time=0.05s device=cuda
INFO:src.estimators.masked_ae:[masked-ae] sweep lam=0.16681005372000587 epoch 18/25 time=0.05s device=cuda
INFO:src.estimators.masked_ae:[masked-ae] sweep lam=0.16681005372000587 epoch 19/25 time=0.05s device=cuda
INFO:src.estimators.masked_ae:[masked-ae] sweep lam=0.16681005372000587 epoch 20/25 time=0.05s device=cuda
INFO:src.estimators.masked_ae:[masked-ae] sweep lam=0.16681005372000587 epoch 21/25 time=0.05s device=cuda
INFO:src.estimators.masked_ae:[masked-ae] sweep lam=0.16681005372000587 epoch 22/25 time=0.04s device=cuda
INFO:src.estimators.masked_ae:[masked-ae] sweep lam=0.16681005372000587 epoch 23/25 time=0.04s device=cuda
INFO:src.estimators.masked_ae:[masked-ae] sweep lam=0.16681005372000587 epoch 24/25 time=0.05s device=cuda
INFO:src.estimators.masked_ae:[masked-ae] sweep lam=0.16681005372000587 epoch 25/25 time=0.05s device=cuda
INFO:src.estimators.masked_ae:[masked-ae] sweep lam=0.2782559402207124 epoch 1/25 time=0.05s device=cuda
INFO:src.estimators.masked_ae:[masked-ae] sweep lam=0.2782559402207124 epoch 2/25 time=0.05s device=cuda
INFO:src.estimators.masked_ae:[masked-ae] sweep lam=0.2782559402207124 epoch 3/25 time=0.05s device=cuda
INFO:src.estimators.masked_ae:[masked-ae] sweep lam=0.2782559402207124 epoch 4/25 time=0.06s device=cuda
INFO:src.estimators.masked_ae:[masked-ae] sweep lam=0.2782559402207124 epoch 5/25 time=0.05s device=cuda
INFO:src.estimators.masked_ae:[masked-ae] sweep lam=0.2782559402207124 epoch 6/25 time=0.04s device=cuda
INFO:src.estimators.masked_ae:[masked-ae] sweep lam=0.2782559402207124 epoch 7/25 time=0.04s device=cuda
INFO:src.estimators.masked_ae:[masked-ae] sweep lam=0.2782559402207124 epoch 8/25 time=0.04s device=cuda
INFO:src.estimators.masked_ae:[masked-ae] sweep lam=0.2782559402207124 epoch 9/25 time=0.05s device=cuda
INFO:src.estimators.masked_ae:[masked-ae] sweep lam=0.2782559402207124 epoch 10/25 time=0.04s device=cuda
INFO:src.estimators.masked_ae:[masked-ae] sweep lam=0.2782559402207124 epoch 11/25 time=0.08s device=cuda
INFO:src.estimators.masked_ae:[masked-ae] sweep lam=0.2782559402207124 epoch 12/25 time=0.07s device=cuda
INFO:src.estimators.masked_ae:[masked-ae] sweep lam=0.2782559402207124 epoch 13/25 time=0.03s device=cuda
INFO:src.estimators.masked_ae:[masked-ae] sweep lam=0.2782559402207124 epoch 14/25 time=0.05s device=cuda
INFO:src.estimators.masked_ae:[masked-ae] sweep lam=0.2782559402207124 epoch 15/25 time=0.07s device=cuda
INFO:src.estimators.masked_ae:[masked-ae] sweep lam=0.2782559402207124 epoch 16/25 time=0.11s device=cuda
INFO:src.estimators.masked_ae:[masked-ae] sweep lam=0.2782559402207124 epoch 17/25 time=0.04s device=cuda
INFO:src.estimators.masked_ae:[masked-ae] sweep lam=0.2782559402207124 epoch 18/25 time=0.03s device=cuda
INFO:src.estimators.masked_ae:[masked-ae] sweep lam=0.2782559402207124 epoch 19/25 time=0.04s device=cuda
INFO:src.estimators.masked_ae:[masked-ae] sweep lam=0.2782559402207124 epoch 20/25 time=0.04s device=cuda
INFO:src.estimators.masked_ae:[masked-ae] sweep lam=0.2782559402207124 epoch 21/25 time=0.06s device=cuda
INFO:src.estimators.masked_ae:[masked-ae] sweep lam=0.2782559402207124 epoch 22/25 time=0.04s device=cuda
INFO:src.estimators.masked_ae:[masked-ae] sweep lam=0.2782559402207124 epoch 23/25 time=0.07s device=cuda
INFO:src.estimators.masked_ae:[masked-ae] sweep lam=0.2782559402207124 epoch 24/25 time=0.09s device=cuda
INFO:src.estimators.masked_ae:[masked-ae] sweep lam=0.2782559402207124 epoch 25/25 time=0.05s device=cuda
INFO:src.estimators.masked_ae:[masked-ae] sweep lam=0.46415888336127786 epoch 1/25 time=0.05s device=cuda
INFO:src.estimators.masked_ae:[masked-ae] sweep lam=0.46415888336127786 epoch 2/25 time=0.05s device=cuda
INFO:src.estimators.masked_ae:[masked-ae] sweep lam=0.46415888336127786 epoch 3/25 time=0.05s device=cuda
INFO:src.estimators.masked_ae:[masked-ae] sweep lam=0.46415888336127786 epoch 4/25 time=0.05s device=cuda
INFO:src.estimators.masked_ae:[masked-ae] sweep lam=0.46415888336127786 epoch 5/25 time=0.05s device=cuda
INFO:src.estimators.masked_ae:[masked-ae] sweep lam=0.46415888336127786 epoch 6/25 time=0.05s device=cuda
INFO:src.estimators.masked_ae:[masked-ae] sweep lam=0.46415888336127786 epoch 7/25 time=0.05s device=cuda
INFO:src.estimators.masked_ae:[masked-ae] sweep lam=0.46415888336127786 epoch 8/25 time=0.05s device=cuda
INFO:src.estimators.masked_ae:[masked-ae] sweep lam=0.46415888336127786 epoch 9/25 time=0.05s device=cuda
INFO:src.estimators.masked_ae:[masked-ae] sweep lam=0.46415888336127786 epoch 10/25 time=0.05s device=cuda
INFO:src.estimators.masked_ae:[masked-ae] sweep lam=0.46415888336127786 epoch 11/25 time=0.05s device=cuda
INFO:src.estimators.masked_ae:[masked-ae] sweep lam=0.46415888336127786 epoch 12/25 time=0.06s device=cuda
INFO:src.estimators.masked_ae:[masked-ae] sweep lam=0.46415888336127786 epoch 13/25 time=0.04s device=cuda
INFO:src.estimators.masked_ae:[masked-ae] sweep lam=0.46415888336127786 epoch 14/25 time=0.04s device=cuda
INFO:src.estimators.masked_ae:[masked-ae] sweep lam=0.46415888336127786 epoch 15/25 time=0.04s device=cuda
INFO:src.estimators.masked_ae:[masked-ae] sweep lam=0.46415888336127786 epoch 16/25 time=0.04s device=cuda
INFO:src.estimators.masked_ae:[masked-ae] sweep lam=0.46415888336127786 epoch 17/25 time=0.04s device=cuda
INFO:src.estimators.masked_ae:[masked-ae] sweep lam=0.46415888336127786 epoch 18/25 time=0.04s device=cuda
INFO:src.estimators.masked_ae:[masked-ae] sweep lam=0.46415888336127786 epoch 19/25 time=0.03s device=cuda
INFO:src.estimators.masked_ae:[masked-ae] sweep lam=0.46415888336127786 epoch 20/25 time=0.03s device=cuda
INFO:src.estimators.masked_ae:[masked-ae] sweep lam=0.46415888336127786 epoch 21/25 time=0.03s device=cuda
INFO:src.estimators.masked_ae:[masked-ae] sweep lam=0.46415888336127786 epoch 22/25 time=0.03s device=cuda
INFO:src.estimators.masked_ae:[masked-ae] sweep lam=0.46415888336127786 epoch 23/25 time=0.03s device=cuda
INFO:src.estimators.masked_ae:[masked-ae] sweep lam=0.46415888336127786 epoch 24/25 time=0.03s device=cuda
INFO:src.estimators.masked_ae:[masked-ae] sweep lam=0.46415888336127786 epoch 25/25 time=0.04s device=cuda
INFO:src.estimators.masked_ae:[masked-ae] sweep lam=0.774263682681127 epoch 1/25 time=0.04s device=cuda
INFO:src.estimators.masked_ae:[masked-ae] sweep lam=0.774263682681127 epoch 2/25 time=0.03s device=cuda
INFO:src.estimators.masked_ae:[masked-ae] sweep lam=0.774263682681127 epoch 3/25 time=0.03s device=cuda
INFO:src.estimators.masked_ae:[masked-ae] sweep lam=0.774263682681127 epoch 4/25 time=0.04s device=cuda
INFO:src.estimators.masked_ae:[masked-ae] sweep lam=0.774263682681127 epoch 5/25 time=0.04s device=cuda
INFO:src.estimators.masked_ae:[masked-ae] sweep lam=0.774263682681127 epoch 6/25 time=0.04s device=cuda
INFO:src.estimators.masked_ae:[masked-ae] sweep lam=0.774263682681127 epoch 7/25 time=0.04s device=cuda
INFO:src.estimators.masked_ae:[masked-ae] sweep lam=0.774263682681127 epoch 8/25 time=0.05s device=cuda
INFO:src.estimators.masked_ae:[masked-ae] sweep lam=0.774263682681127 epoch 9/25 time=0.05s device=cuda
INFO:src.estimators.masked_ae:[masked-ae] sweep lam=0.774263682681127 epoch 10/25 time=0.07s device=cuda
INFO:src.estimators.masked_ae:[masked-ae] sweep lam=0.774263682681127 epoch 11/25 time=0.05s device=cuda
INFO:src.estimators.masked_ae:[masked-ae] sweep lam=0.774263682681127 epoch 12/25 time=0.04s device=cuda
INFO:src.estimators.masked_ae:[masked-ae] sweep lam=0.774263682681127 epoch 13/25 time=0.05s device=cuda
INFO:src.estimators.masked_ae:[masked-ae] sweep lam=0.774263682681127 epoch 14/25 time=0.03s device=cuda
INFO:src.estimators.masked_ae:[masked-ae] sweep lam=0.774263682681127 epoch 15/25 time=0.04s device=cuda
INFO:src.estimators.masked_ae:[masked-ae] sweep lam=0.774263682681127 epoch 16/25 time=0.05s device=cuda
INFO:src.estimators.masked_ae:[masked-ae] sweep lam=0.774263682681127 epoch 17/25 time=0.05s device=cuda
INFO:src.estimators.masked_ae:[masked-ae] sweep lam=0.774263682681127 epoch 18/25 time=0.05s device=cuda
INFO:src.estimators.masked_ae:[masked-ae] sweep lam=0.774263682681127 epoch 19/25 time=0.05s device=cuda
INFO:src.estimators.masked_ae:[masked-ae] sweep lam=0.774263682681127 epoch 20/25 time=0.05s device=cuda
INFO:src.estimators.masked_ae:[masked-ae] sweep lam=0.774263682681127 epoch 21/25 time=0.05s device=cuda
INFO:src.estimators.masked_ae:[masked-ae] sweep lam=0.774263682681127 epoch 22/25 time=0.05s device=cuda
INFO:src.estimators.masked_ae:[masked-ae] sweep lam=0.774263682681127 epoch 23/25 time=0.05s device=cuda
INFO:src.estimators.masked_ae:[masked-ae] sweep lam=0.774263682681127 epoch 24/25 time=0.05s device=cuda
INFO:src.estimators.masked_ae:[masked-ae] sweep lam=0.774263682681127 epoch 25/25 time=0.05s device=cuda
INFO:src.estimators.masked_ae:[masked-ae] sweep lam=1.291549665014884 epoch 1/25 time=0.05s device=cuda
INFO:src.estimators.masked_ae:[masked-ae] sweep lam=1.291549665014884 epoch 2/25 time=0.04s device=cuda
INFO:src.estimators.masked_ae:[masked-ae] sweep lam=1.291549665014884 epoch 3/25 time=0.04s device=cuda
INFO:src.estimators.masked_ae:[masked-ae] sweep lam=1.291549665014884 epoch 4/25 time=0.04s device=cuda
INFO:src.estimators.masked_ae:[masked-ae] sweep lam=1.291549665014884 epoch 5/25 time=0.04s device=cuda
INFO:src.estimators.masked_ae:[masked-ae] sweep lam=1.291549665014884 epoch 6/25 time=0.04s device=cuda
INFO:src.estimators.masked_ae:[masked-ae] sweep lam=1.291549665014884 epoch 7/25 time=0.05s device=cuda
INFO:src.estimators.masked_ae:[masked-ae] sweep lam=1.291549665014884 epoch 8/25 time=0.04s device=cuda
INFO:src.estimators.masked_ae:[masked-ae] sweep lam=1.291549665014884 epoch 9/25 time=0.04s device=cuda
INFO:src.estimators.masked_ae:[masked-ae] sweep lam=1.291549665014884 epoch 10/25 time=0.04s device=cuda
INFO:src.estimators.masked_ae:[masked-ae] sweep lam=1.291549665014884 epoch 11/25 time=0.04s device=cuda
INFO:src.estimators.masked_ae:[masked-ae] sweep lam=1.291549665014884 epoch 12/25 time=0.04s device=cuda
INFO:src.estimators.masked_ae:[masked-ae] sweep lam=1.291549665014884 epoch 13/25 time=0.03s device=cuda
INFO:src.estimators.masked_ae:[masked-ae] sweep lam=1.291549665014884 epoch 14/25 time=0.04s device=cuda
INFO:src.estimators.masked_ae:[masked-ae] sweep lam=1.291549665014884 epoch 15/25 time=0.05s device=cuda
INFO:src.estimators.masked_ae:[masked-ae] sweep lam=1.291549665014884 epoch 16/25 time=0.05s device=cuda
INFO:src.estimators.masked_ae:[masked-ae] sweep lam=1.291549665014884 epoch 17/25 time=0.04s device=cuda
INFO:src.estimators.masked_ae:[masked-ae] sweep lam=1.291549665014884 epoch 18/25 time=0.05s device=cuda
INFO:src.estimators.masked_ae:[masked-ae] sweep lam=1.291549665014884 epoch 19/25 time=0.05s device=cuda
INFO:src.estimators.masked_ae:[masked-ae] sweep lam=1.291549665014884 epoch 20/25 time=0.04s device=cuda
INFO:src.estimators.masked_ae:[masked-ae] sweep lam=1.291549665014884 epoch 21/25 time=0.03s device=cuda
INFO:src.estimators.masked_ae:[masked-ae] sweep lam=1.291549665014884 epoch 22/25 time=0.03s device=cuda
INFO:src.estimators.masked_ae:[masked-ae] sweep lam=1.291549665014884 epoch 23/25 time=0.04s device=cuda
INFO:src.estimators.masked_ae:[masked-ae] sweep lam=1.291549665014884 epoch 24/25 time=0.03s device=cuda
INFO:src.estimators.masked_ae:[masked-ae] sweep lam=1.291549665014884 epoch 25/25 time=0.07s device=cuda
INFO:src.estimators.masked_ae:[masked-ae] sweep lam=2.1544346900318834 epoch 1/25 time=0.04s device=cuda
INFO:src.estimators.masked_ae:[masked-ae] sweep lam=2.1544346900318834 epoch 2/25 time=0.04s device=cuda
INFO:src.estimators.masked_ae:[masked-ae] sweep lam=2.1544346900318834 epoch 3/25 time=0.04s device=cuda
INFO:src.estimators.masked_ae:[masked-ae] sweep lam=2.1544346900318834 epoch 4/25 time=0.04s device=cuda
INFO:src.estimators.masked_ae:[masked-ae] sweep lam=2.1544346900318834 epoch 5/25 time=0.04s device=cuda
INFO:src.estimators.masked_ae:[masked-ae] sweep lam=2.1544346900318834 epoch 6/25 time=0.04s device=cuda
INFO:src.estimators.masked_ae:[masked-ae] sweep lam=2.1544346900318834 epoch 7/25 time=0.05s device=cuda
INFO:src.estimators.masked_ae:[masked-ae] sweep lam=2.1544346900318834 epoch 8/25 time=0.06s device=cuda
INFO:src.estimators.masked_ae:[masked-ae] sweep lam=2.1544346900318834 epoch 9/25 time=0.04s device=cuda
INFO:src.estimators.masked_ae:[masked-ae] sweep lam=2.1544346900318834 epoch 10/25 time=0.03s device=cuda
INFO:src.estimators.masked_ae:[masked-ae] sweep lam=2.1544346900318834 epoch 11/25 time=0.03s device=cuda
INFO:src.estimators.masked_ae:[masked-ae] sweep lam=2.1544346900318834 epoch 12/25 time=0.03s device=cuda
INFO:src.estimators.masked_ae:[masked-ae] sweep lam=2.1544346900318834 epoch 13/25 time=0.03s device=cuda
INFO:src.estimators.masked_ae:[masked-ae] sweep lam=2.1544346900318834 epoch 14/25 time=0.03s device=cuda
INFO:src.estimators.masked_ae:[masked-ae] sweep lam=2.1544346900318834 epoch 15/25 time=0.03s device=cuda
INFO:src.estimators.masked_ae:[masked-ae] sweep lam=2.1544346900318834 epoch 16/25 time=0.04s device=cuda
INFO:src.estimators.masked_ae:[masked-ae] sweep lam=2.1544346900318834 epoch 17/25 time=0.03s device=cuda
INFO:src.estimators.masked_ae:[masked-ae] sweep lam=2.1544346900318834 epoch 18/25 time=0.03s device=cuda
INFO:src.estimators.masked_ae:[masked-ae] sweep lam=2.1544346900318834 epoch 19/25 time=0.03s device=cuda
INFO:src.estimators.masked_ae:[masked-ae] sweep lam=2.1544346900318834 epoch 20/25 time=0.04s device=cuda
INFO:src.estimators.masked_ae:[masked-ae] sweep lam=2.1544346900318834 epoch 21/25 time=0.04s device=cuda
INFO:src.estimators.masked_ae:[masked-ae] sweep lam=2.1544346900318834 epoch 22/25 time=0.04s device=cuda
INFO:src.estimators.masked_ae:[masked-ae] sweep lam=2.1544346900318834 epoch 23/25 time=0.04s device=cuda
INFO:src.estimators.masked_ae:[masked-ae] sweep lam=2.1544346900318834 epoch 24/25 time=0.04s device=cuda
INFO:src.estimators.masked_ae:[masked-ae] sweep lam=2.1544346900318834 epoch 25/25 time=0.04s device=cuda
INFO:src.estimators.masked_ae:[masked-ae] sweep lam=3.593813663804626 epoch 1/25 time=0.04s device=cuda
INFO:src.estimators.masked_ae:[masked-ae] sweep lam=3.593813663804626 epoch 2/25 time=0.04s device=cuda
INFO:src.estimators.masked_ae:[masked-ae] sweep lam=3.593813663804626 epoch 3/25 time=0.04s device=cuda
INFO:src.estimators.masked_ae:[masked-ae] sweep lam=3.593813663804626 epoch 4/25 time=0.03s device=cuda
INFO:src.estimators.masked_ae:[masked-ae] sweep lam=3.593813663804626 epoch 5/25 time=0.04s device=cuda
INFO:src.estimators.masked_ae:[masked-ae] sweep lam=3.593813663804626 epoch 6/25 time=0.04s device=cuda
INFO:src.estimators.masked_ae:[masked-ae] sweep lam=3.593813663804626 epoch 7/25 time=0.03s device=cuda
INFO:src.estimators.masked_ae:[masked-ae] sweep lam=3.593813663804626 epoch 8/25 time=0.04s device=cuda
INFO:src.estimators.masked_ae:[masked-ae] sweep lam=3.593813663804626 epoch 9/25 time=0.03s device=cuda
INFO:src.estimators.masked_ae:[masked-ae] sweep lam=3.593813663804626 epoch 10/25 time=0.04s device=cuda
INFO:src.estimators.masked_ae:[masked-ae] sweep lam=3.593813663804626 epoch 11/25 time=0.04s device=cuda
INFO:src.estimators.masked_ae:[masked-ae] sweep lam=3.593813663804626 epoch 12/25 time=0.04s device=cuda
INFO:src.estimators.masked_ae:[masked-ae] sweep lam=3.593813663804626 epoch 13/25 time=0.04s device=cuda
INFO:src.estimators.masked_ae:[masked-ae] sweep lam=3.593813663804626 epoch 14/25 time=0.05s device=cuda
INFO:src.estimators.masked_ae:[masked-ae] sweep lam=3.593813663804626 epoch 15/25 time=0.05s device=cuda
INFO:src.estimators.masked_ae:[masked-ae] sweep lam=3.593813663804626 epoch 16/25 time=0.05s device=cuda
INFO:src.estimators.masked_ae:[masked-ae] sweep lam=3.593813663804626 epoch 17/25 time=0.05s device=cuda
INFO:src.estimators.masked_ae:[masked-ae] sweep lam=3.593813663804626 epoch 18/25 time=0.05s device=cuda
INFO:src.estimators.masked_ae:[masked-ae] sweep lam=3.593813663804626 epoch 19/25 time=0.05s device=cuda
INFO:src.estimators.masked_ae:[masked-ae] sweep lam=3.593813663804626 epoch 20/25 time=0.05s device=cuda
INFO:src.estimators.masked_ae:[masked-ae] sweep lam=3.593813663804626 epoch 21/25 time=0.05s device=cuda
INFO:src.estimators.masked_ae:[masked-ae] sweep lam=3.593813663804626 epoch 22/25 time=0.04s device=cuda
INFO:src.estimators.masked_ae:[masked-ae] sweep lam=3.593813663804626 epoch 23/25 time=0.03s device=cuda
INFO:src.estimators.masked_ae:[masked-ae] sweep lam=3.593813663804626 epoch 24/25 time=0.05s device=cuda
INFO:src.estimators.masked_ae:[masked-ae] sweep lam=3.593813663804626 epoch 25/25 time=0.06s device=cuda
INFO:src.estimators.masked_ae:[masked-ae] sweep lam=5.994842503189409 epoch 1/25 time=0.04s device=cuda
INFO:src.estimators.masked_ae:[masked-ae] sweep lam=5.994842503189409 epoch 2/25 time=0.04s device=cuda
INFO:src.estimators.masked_ae:[masked-ae] sweep lam=5.994842503189409 epoch 3/25 time=0.04s device=cuda
INFO:src.estimators.masked_ae:[masked-ae] sweep lam=5.994842503189409 epoch 4/25 time=0.05s device=cuda
INFO:src.estimators.masked_ae:[masked-ae] sweep lam=5.994842503189409 epoch 5/25 time=0.04s device=cuda
INFO:src.estimators.masked_ae:[masked-ae] sweep lam=5.994842503189409 epoch 6/25 time=0.06s device=cuda
INFO:src.estimators.masked_ae:[masked-ae] sweep lam=5.994842503189409 epoch 7/25 time=0.05s device=cuda
INFO:src.estimators.masked_ae:[masked-ae] sweep lam=5.994842503189409 epoch 8/25 time=0.05s device=cuda
INFO:src.estimators.masked_ae:[masked-ae] sweep lam=5.994842503189409 epoch 9/25 time=0.05s device=cuda
INFO:src.estimators.masked_ae:[masked-ae] sweep lam=5.994842503189409 epoch 10/25 time=0.05s device=cuda
INFO:src.estimators.masked_ae:[masked-ae] sweep lam=5.994842503189409 epoch 11/25 time=0.05s device=cuda
INFO:src.estimators.masked_ae:[masked-ae] sweep lam=5.994842503189409 epoch 12/25 time=0.05s device=cuda
INFO:src.estimators.masked_ae:[masked-ae] sweep lam=5.994842503189409 epoch 13/25 time=0.05s device=cuda
INFO:src.estimators.masked_ae:[masked-ae] sweep lam=5.994842503189409 epoch 14/25 time=0.05s device=cuda
INFO:src.estimators.masked_ae:[masked-ae] sweep lam=5.994842503189409 epoch 15/25 time=0.04s device=cuda
INFO:src.estimators.masked_ae:[masked-ae] sweep lam=5.994842503189409 epoch 16/25 time=0.03s device=cuda
INFO:src.estimators.masked_ae:[masked-ae] sweep lam=5.994842503189409 epoch 17/25 time=0.03s device=cuda
INFO:src.estimators.masked_ae:[masked-ae] sweep lam=5.994842503189409 epoch 18/25 time=0.05s device=cuda
INFO:src.estimators.masked_ae:[masked-ae] sweep lam=5.994842503189409 epoch 19/25 time=0.05s device=cuda
INFO:src.estimators.masked_ae:[masked-ae] sweep lam=5.994842503189409 epoch 20/25 time=0.05s device=cuda
INFO:src.estimators.masked_ae:[masked-ae] sweep lam=5.994842503189409 epoch 21/25 time=0.05s device=cuda
INFO:src.estimators.masked_ae:[masked-ae] sweep lam=5.994842503189409 epoch 22/25 time=0.04s device=cuda
INFO:src.estimators.masked_ae:[masked-ae] sweep lam=5.994842503189409 epoch 23/25 time=0.03s device=cuda
INFO:src.estimators.masked_ae:[masked-ae] sweep lam=5.994842503189409 epoch 24/25 time=0.04s device=cuda
INFO:src.estimators.masked_ae:[masked-ae] sweep lam=5.994842503189409 epoch 25/25 time=0.04s device=cuda
INFO:src.estimators.masked_ae:[masked-ae] sweep lam=10.0 epoch 1/25 time=0.07s device=cuda
INFO:src.estimators.masked_ae:[masked-ae] sweep lam=10.0 epoch 2/25 time=0.07s device=cuda
INFO:src.estimators.masked_ae:[masked-ae] sweep lam=10.0 epoch 3/25 time=0.04s device=cuda
INFO:src.estimators.masked_ae:[masked-ae] sweep lam=10.0 epoch 4/25 time=0.04s device=cuda
INFO:src.estimators.masked_ae:[masked-ae] sweep lam=10.0 epoch 5/25 time=0.04s device=cuda
INFO:src.estimators.masked_ae:[masked-ae] sweep lam=10.0 epoch 6/25 time=0.04s device=cuda
INFO:src.estimators.masked_ae:[masked-ae] sweep lam=10.0 epoch 7/25 time=0.04s device=cuda
INFO:src.estimators.masked_ae:[masked-ae] sweep lam=10.0 epoch 8/25 time=0.04s device=cuda
INFO:src.estimators.masked_ae:[masked-ae] sweep lam=10.0 epoch 9/25 time=0.04s device=cuda
INFO:src.estimators.masked_ae:[masked-ae] sweep lam=10.0 epoch 10/25 time=0.04s device=cuda
INFO:src.estimators.masked_ae:[masked-ae] sweep lam=10.0 epoch 11/25 time=0.03s device=cuda
INFO:src.estimators.masked_ae:[masked-ae] sweep lam=10.0 epoch 12/25 time=0.04s device=cuda
INFO:src.estimators.masked_ae:[masked-ae] sweep lam=10.0 epoch 13/25 time=0.04s device=cuda
INFO:src.estimators.masked_ae:[masked-ae] sweep lam=10.0 epoch 14/25 time=0.04s device=cuda
INFO:src.estimators.masked_ae:[masked-ae] sweep lam=10.0 epoch 15/25 time=0.04s device=cuda
INFO:src.estimators.masked_ae:[masked-ae] sweep lam=10.0 epoch 16/25 time=0.04s device=cuda
INFO:src.estimators.masked_ae:[masked-ae] sweep lam=10.0 epoch 17/25 time=0.05s device=cuda
INFO:src.estimators.masked_ae:[masked-ae] sweep lam=10.0 epoch 18/25 time=0.07s device=cuda
INFO:src.estimators.masked_ae:[masked-ae] sweep lam=10.0 epoch 19/25 time=0.07s device=cuda
INFO:src.estimators.masked_ae:[masked-ae] sweep lam=10.0 epoch 20/25 time=0.06s device=cuda
INFO:src.estimators.masked_ae:[masked-ae] sweep lam=10.0 epoch 21/25 time=0.04s device=cuda
INFO:src.estimators.masked_ae:[masked-ae] sweep lam=10.0 epoch 22/25 time=0.04s device=cuda
INFO:src.estimators.masked_ae:[masked-ae] sweep lam=10.0 epoch 23/25 time=0.04s device=cuda
INFO:src.estimators.masked_ae:[masked-ae] sweep lam=10.0 epoch 24/25 time=0.04s device=cuda
INFO:src.estimators.masked_ae:[masked-ae] sweep lam=10.0 epoch 25/25 time=0.05s device=cuda
INFO:src.estimators.masked_ae:[masked-ae] retrain epoch 1/10 time=0.04s device=cuda
INFO:src.estimators.masked_ae:[masked-ae] retrain epoch 2/10 time=0.04s device=cuda
INFO:src.estimators.masked_ae:[masked-ae] retrain epoch 3/10 time=0.05s device=cuda
INFO:src.estimators.masked_ae:[masked-ae] retrain epoch 4/10 time=0.07s device=cuda
INFO:src.estimators.masked_ae:[masked-ae] retrain epoch 5/10 time=0.06s device=cuda
INFO:src.estimators.masked_ae:[masked-ae] retrain epoch 6/10 time=0.04s device=cuda
INFO:src.estimators.masked_ae:[masked-ae] retrain epoch 7/10 time=0.05s device=cuda
INFO:src.estimators.masked_ae:[masked-ae] retrain epoch 8/10 time=0.05s device=cuda
INFO:src.estimators.masked_ae:[masked-ae] retrain epoch 9/10 time=0.05s device=cuda
INFO:src.estimators.masked_ae:[masked-ae] retrain epoch 10/10 time=0.05s device=cuda
INFO:repair_masked_ae:Group ('mnist', 5, 0.5, 0) repaired: estimate=8.0 elapsed_s=12.39 device=cuda samples=2000 rows=5
INFO:repair_masked_ae:Processing group key=('mnist', 5, 0.75, 0) with 5 rows; example row 135
INFO:src.estimators.masked_ae:[masked-ae] pretrain epoch 1/10 time=0.05s device=cuda
INFO:src.estimators.masked_ae:[masked-ae] pretrain epoch 2/10 time=0.03s device=cuda
INFO:src.estimators.masked_ae:[masked-ae] pretrain epoch 3/10 time=0.03s device=cuda
INFO:src.estimators.masked_ae:[masked-ae] pretrain epoch 4/10 time=0.04s device=cuda
INFO:src.estimators.masked_ae:[masked-ae] pretrain epoch 5/10 time=0.04s device=cuda
INFO:src.estimators.masked_ae:[masked-ae] pretrain epoch 6/10 time=0.04s device=cuda
INFO:src.estimators.masked_ae:[masked-ae] pretrain epoch 7/10 time=0.04s device=cuda
INFO:src.estimators.masked_ae:[masked-ae] pretrain epoch 8/10 time=0.03s device=cuda
INFO:src.estimators.masked_ae:[masked-ae] pretrain epoch 9/10 time=0.03s device=cuda
INFO:src.estimators.masked_ae:[masked-ae] pretrain epoch 10/10 time=0.03s device=cuda
INFO:src.estimators.masked_ae:[masked-ae] sweep lam=0.1 epoch 1/25 time=0.03s device=cuda
INFO:src.estimators.masked_ae:[masked-ae] sweep lam=0.1 epoch 2/25 time=0.04s device=cuda
INFO:src.estimators.masked_ae:[masked-ae] sweep lam=0.1 epoch 3/25 time=0.03s device=cuda
INFO:src.estimators.masked_ae:[masked-ae] sweep lam=0.1 epoch 4/25 time=0.03s device=cuda
INFO:src.estimators.masked_ae:[masked-ae] sweep lam=0.1 epoch 5/25 time=0.03s device=cuda
INFO:src.estimators.masked_ae:[masked-ae] sweep lam=0.1 epoch 6/25 time=0.04s device=cuda
INFO:src.estimators.masked_ae:[masked-ae] sweep lam=0.1 epoch 7/25 time=0.04s device=cuda
INFO:src.estimators.masked_ae:[masked-ae] sweep lam=0.1 epoch 8/25 time=0.04s device=cuda
INFO:src.estimators.masked_ae:[masked-ae] sweep lam=0.1 epoch 9/25 time=0.04s device=cuda
INFO:src.estimators.masked_ae:[masked-ae] sweep lam=0.1 epoch 10/25 time=0.04s device=cuda
INFO:src.estimators.masked_ae:[masked-ae] sweep lam=0.1 epoch 11/25 time=0.03s device=cuda
INFO:src.estimators.masked_ae:[masked-ae] sweep lam=0.1 epoch 12/25 time=0.04s device=cuda
INFO:src.estimators.masked_ae:[masked-ae] sweep lam=0.1 epoch 13/25 time=0.05s device=cuda
INFO:src.estimators.masked_ae:[masked-ae] sweep lam=0.1 epoch 14/25 time=0.05s device=cuda
INFO:src.estimators.masked_ae:[masked-ae] sweep lam=0.1 epoch 15/25 time=0.05s device=cuda
INFO:src.estimators.masked_ae:[masked-ae] sweep lam=0.1 epoch 16/25 time=0.05s device=cuda
INFO:src.estimators.masked_ae:[masked-ae] sweep lam=0.1 epoch 17/25 time=0.05s device=cuda
INFO:src.estimators.masked_ae:[masked-ae] sweep lam=0.1 epoch 18/25 time=0.05s device=cuda
INFO:src.estimators.masked_ae:[masked-ae] sweep lam=0.1 epoch 19/25 time=0.08s device=cuda
INFO:src.estimators.masked_ae:[masked-ae] sweep lam=0.1 epoch 20/25 time=0.06s device=cuda
INFO:src.estimators.masked_ae:[masked-ae] sweep lam=0.1 epoch 21/25 time=0.08s device=cuda
INFO:src.estimators.masked_ae:[masked-ae] sweep lam=0.1 epoch 22/25 time=0.05s device=cuda
INFO:src.estimators.masked_ae:[masked-ae] sweep lam=0.1 epoch 23/25 time=0.05s device=cuda
INFO:src.estimators.masked_ae:[masked-ae] sweep lam=0.1 epoch 24/25 time=0.05s device=cuda
INFO:src.estimators.masked_ae:[masked-ae] sweep lam=0.1 epoch 25/25 time=0.05s device=cuda
INFO:src.estimators.masked_ae:[masked-ae] sweep lam=0.16681005372000587 epoch 1/25 time=0.05s device=cuda
INFO:src.estimators.masked_ae:[masked-ae] sweep lam=0.16681005372000587 epoch 2/25 time=0.05s device=cuda
INFO:src.estimators.masked_ae:[masked-ae] sweep lam=0.16681005372000587 epoch 3/25 time=0.04s device=cuda
INFO:src.estimators.masked_ae:[masked-ae] sweep lam=0.16681005372000587 epoch 4/25 time=0.04s device=cuda
INFO:src.estimators.masked_ae:[masked-ae] sweep lam=0.16681005372000587 epoch 5/25 time=0.04s device=cuda
INFO:src.estimators.masked_ae:[masked-ae] sweep lam=0.16681005372000587 epoch 6/25 time=0.04s device=cuda
INFO:src.estimators.masked_ae:[masked-ae] sweep lam=0.16681005372000587 epoch 7/25 time=0.04s device=cuda
INFO:src.estimators.masked_ae:[masked-ae] sweep lam=0.16681005372000587 epoch 8/25 time=0.04s device=cuda
INFO:src.estimators.masked_ae:[masked-ae] sweep lam=0.16681005372000587 epoch 9/25 time=0.04s device=cuda
INFO:src.estimators.masked_ae:[masked-ae] sweep lam=0.16681005372000587 epoch 10/25 time=0.04s device=cuda
INFO:src.estimators.masked_ae:[masked-ae] sweep lam=0.16681005372000587 epoch 11/25 time=0.04s device=cuda
INFO:src.estimators.masked_ae:[masked-ae] sweep lam=0.16681005372000587 epoch 12/25 time=0.04s device=cuda
INFO:src.estimators.masked_ae:[masked-ae] sweep lam=0.16681005372000587 epoch 13/25 time=0.05s device=cuda
INFO:src.estimators.masked_ae:[masked-ae] sweep lam=0.16681005372000587 epoch 14/25 time=0.05s device=cuda
INFO:src.estimators.masked_ae:[masked-ae] sweep lam=0.16681005372000587 epoch 15/25 time=0.05s device=cuda
INFO:src.estimators.masked_ae:[masked-ae] sweep lam=0.16681005372000587 epoch 16/25 time=0.04s device=cuda
INFO:src.estimators.masked_ae:[masked-ae] sweep lam=0.16681005372000587 epoch 17/25 time=0.05s device=cuda
INFO:src.estimators.masked_ae:[masked-ae] sweep lam=0.16681005372000587 epoch 18/25 time=0.05s device=cuda
INFO:src.estimators.masked_ae:[masked-ae] sweep lam=0.16681005372000587 epoch 19/25 time=0.05s device=cuda
INFO:src.estimators.masked_ae:[masked-ae] sweep lam=0.16681005372000587 epoch 20/25 time=0.05s device=cuda
INFO:src.estimators.masked_ae:[masked-ae] sweep lam=0.16681005372000587 epoch 21/25 time=0.05s device=cuda
INFO:src.estimators.masked_ae:[masked-ae] sweep lam=0.16681005372000587 epoch 22/25 time=0.05s device=cuda
INFO:src.estimators.masked_ae:[masked-ae] sweep lam=0.16681005372000587 epoch 23/25 time=0.05s device=cuda
INFO:src.estimators.masked_ae:[masked-ae] sweep lam=0.16681005372000587 epoch 24/25 time=0.04s device=cuda
INFO:src.estimators.masked_ae:[masked-ae] sweep lam=0.16681005372000587 epoch 25/25 time=0.05s device=cuda
INFO:src.estimators.masked_ae:[masked-ae] sweep lam=0.2782559402207124 epoch 1/25 time=0.07s device=cuda
INFO:src.estimators.masked_ae:[masked-ae] sweep lam=0.2782559402207124 epoch 2/25 time=0.05s device=cuda
INFO:src.estimators.masked_ae:[masked-ae] sweep lam=0.2782559402207124 epoch 3/25 time=0.10s device=cuda
INFO:src.estimators.masked_ae:[masked-ae] sweep lam=0.2782559402207124 epoch 4/25 time=0.08s device=cuda
INFO:src.estimators.masked_ae:[masked-ae] sweep lam=0.2782559402207124 epoch 5/25 time=0.05s device=cuda
INFO:src.estimators.masked_ae:[masked-ae] sweep lam=0.2782559402207124 epoch 6/25 time=0.04s device=cuda
INFO:src.estimators.masked_ae:[masked-ae] sweep lam=0.2782559402207124 epoch 7/25 time=0.10s device=cuda
INFO:src.estimators.masked_ae:[masked-ae] sweep lam=0.2782559402207124 epoch 8/25 time=0.05s device=cuda
INFO:src.estimators.masked_ae:[masked-ae] sweep lam=0.2782559402207124 epoch 9/25 time=0.06s device=cuda
INFO:src.estimators.masked_ae:[masked-ae] sweep lam=0.2782559402207124 epoch 10/25 time=0.05s device=cuda
INFO:src.estimators.masked_ae:[masked-ae] sweep lam=0.2782559402207124 epoch 11/25 time=0.04s device=cuda
INFO:src.estimators.masked_ae:[masked-ae] sweep lam=0.2782559402207124 epoch 12/25 time=0.04s device=cuda
INFO:src.estimators.masked_ae:[masked-ae] sweep lam=0.2782559402207124 epoch 13/25 time=0.04s device=cuda
INFO:src.estimators.masked_ae:[masked-ae] sweep lam=0.2782559402207124 epoch 14/25 time=0.04s device=cuda
INFO:src.estimators.masked_ae:[masked-ae] sweep lam=0.2782559402207124 epoch 15/25 time=0.05s device=cuda
INFO:src.estimators.masked_ae:[masked-ae] sweep lam=0.2782559402207124 epoch 16/25 time=0.06s device=cuda
INFO:src.estimators.masked_ae:[masked-ae] sweep lam=0.2782559402207124 epoch 17/25 time=0.05s device=cuda
INFO:src.estimators.masked_ae:[masked-ae] sweep lam=0.2782559402207124 epoch 18/25 time=0.05s device=cuda
INFO:src.estimators.masked_ae:[masked-ae] sweep lam=0.2782559402207124 epoch 19/25 time=0.05s device=cuda
INFO:src.estimators.masked_ae:[masked-ae] sweep lam=0.2782559402207124 epoch 20/25 time=0.05s device=cuda
INFO:src.estimators.masked_ae:[masked-ae] sweep lam=0.2782559402207124 epoch 21/25 time=0.05s device=cuda
INFO:src.estimators.masked_ae:[masked-ae] sweep lam=0.2782559402207124 epoch 22/25 time=0.05s device=cuda
INFO:src.estimators.masked_ae:[masked-ae] sweep lam=0.2782559402207124 epoch 23/25 time=0.05s device=cuda
INFO:src.estimators.masked_ae:[masked-ae] sweep lam=0.2782559402207124 epoch 24/25 time=0.05s device=cuda
INFO:src.estimators.masked_ae:[masked-ae] sweep lam=0.2782559402207124 epoch 25/25 time=0.05s device=cuda
INFO:src.estimators.masked_ae:[masked-ae] sweep lam=0.46415888336127786 epoch 1/25 time=0.06s device=cuda
INFO:src.estimators.masked_ae:[masked-ae] sweep lam=0.46415888336127786 epoch 2/25 time=0.06s device=cuda
INFO:src.estimators.masked_ae:[masked-ae] sweep lam=0.46415888336127786 epoch 3/25 time=0.06s device=cuda
INFO:src.estimators.masked_ae:[masked-ae] sweep lam=0.46415888336127786 epoch 4/25 time=0.06s device=cuda
INFO:src.estimators.masked_ae:[masked-ae] sweep lam=0.46415888336127786 epoch 5/25 time=0.05s device=cuda
INFO:src.estimators.masked_ae:[masked-ae] sweep lam=0.46415888336127786 epoch 6/25 time=0.06s device=cuda
INFO:src.estimators.masked_ae:[masked-ae] sweep lam=0.46415888336127786 epoch 7/25 time=0.05s device=cuda
INFO:src.estimators.masked_ae:[masked-ae] sweep lam=0.46415888336127786 epoch 8/25 time=0.06s device=cuda
INFO:src.estimators.masked_ae:[masked-ae] sweep lam=0.46415888336127786 epoch 9/25 time=0.06s device=cuda
INFO:src.estimators.masked_ae:[masked-ae] sweep lam=0.46415888336127786 epoch 10/25 time=0.06s device=cuda
INFO:src.estimators.masked_ae:[masked-ae] sweep lam=0.46415888336127786 epoch 11/25 time=0.07s device=cuda
INFO:src.estimators.masked_ae:[masked-ae] sweep lam=0.46415888336127786 epoch 12/25 time=0.03s device=cuda
INFO:src.estimators.masked_ae:[masked-ae] sweep lam=0.46415888336127786 epoch 13/25 time=0.03s device=cuda
INFO:src.estimators.masked_ae:[masked-ae] sweep lam=0.46415888336127786 epoch 14/25 time=0.03s device=cuda
INFO:src.estimators.masked_ae:[masked-ae] sweep lam=0.46415888336127786 epoch 15/25 time=0.04s device=cuda
INFO:src.estimators.masked_ae:[masked-ae] sweep lam=0.46415888336127786 epoch 16/25 time=0.04s device=cuda
INFO:src.estimators.masked_ae:[masked-ae] sweep lam=0.46415888336127786 epoch 17/25 time=0.04s device=cuda
INFO:src.estimators.masked_ae:[masked-ae] sweep lam=0.46415888336127786 epoch 18/25 time=0.04s device=cuda
INFO:src.estimators.masked_ae:[masked-ae] sweep lam=0.46415888336127786 epoch 19/25 time=0.04s device=cuda
INFO:src.estimators.masked_ae:[masked-ae] sweep lam=0.46415888336127786 epoch 20/25 time=0.04s device=cuda
INFO:src.estimators.masked_ae:[masked-ae] sweep lam=0.46415888336127786 epoch 21/25 time=0.05s device=cuda
INFO:src.estimators.masked_ae:[masked-ae] sweep lam=0.46415888336127786 epoch 22/25 time=0.05s device=cuda
INFO:src.estimators.masked_ae:[masked-ae] sweep lam=0.46415888336127786 epoch 23/25 time=0.06s device=cuda
INFO:src.estimators.masked_ae:[masked-ae] sweep lam=0.46415888336127786 epoch 24/25 time=0.03s device=cuda
INFO:src.estimators.masked_ae:[masked-ae] sweep lam=0.46415888336127786 epoch 25/25 time=0.03s device=cuda
INFO:src.estimators.masked_ae:[masked-ae] sweep lam=0.774263682681127 epoch 1/25 time=0.04s device=cuda
INFO:src.estimators.masked_ae:[masked-ae] sweep lam=0.774263682681127 epoch 2/25 time=0.04s device=cuda
INFO:src.estimators.masked_ae:[masked-ae] sweep lam=0.774263682681127 epoch 3/25 time=0.04s device=cuda
INFO:src.estimators.masked_ae:[masked-ae] sweep lam=0.774263682681127 epoch 4/25 time=0.05s device=cuda
INFO:src.estimators.masked_ae:[masked-ae] sweep lam=0.774263682681127 epoch 5/25 time=0.05s device=cuda
INFO:src.estimators.masked_ae:[masked-ae] sweep lam=0.774263682681127 epoch 6/25 time=0.05s device=cuda
INFO:src.estimators.masked_ae:[masked-ae] sweep lam=0.774263682681127 epoch 7/25 time=0.05s device=cuda
INFO:src.estimators.masked_ae:[masked-ae] sweep lam=0.774263682681127 epoch 8/25 time=0.05s device=cuda
INFO:src.estimators.masked_ae:[masked-ae] sweep lam=0.774263682681127 epoch 9/25 time=0.05s device=cuda
INFO:src.estimators.masked_ae:[masked-ae] sweep lam=0.774263682681127 epoch 10/25 time=0.06s device=cuda
INFO:src.estimators.masked_ae:[masked-ae] sweep lam=0.774263682681127 epoch 11/25 time=0.05s device=cuda
INFO:src.estimators.masked_ae:[masked-ae] sweep lam=0.774263682681127 epoch 12/25 time=0.04s device=cuda
INFO:src.estimators.masked_ae:[masked-ae] sweep lam=0.774263682681127 epoch 13/25 time=0.04s device=cuda
INFO:src.estimators.masked_ae:[masked-ae] sweep lam=0.774263682681127 epoch 14/25 time=0.05s device=cuda
INFO:src.estimators.masked_ae:[masked-ae] sweep lam=0.774263682681127 epoch 15/25 time=0.05s device=cuda
INFO:src.estimators.masked_ae:[masked-ae] sweep lam=0.774263682681127 epoch 16/25 time=0.05s device=cuda
INFO:src.estimators.masked_ae:[masked-ae] sweep lam=0.774263682681127 epoch 17/25 time=0.06s device=cuda
INFO:src.estimators.masked_ae:[masked-ae] sweep lam=0.774263682681127 epoch 18/25 time=0.04s device=cuda
INFO:src.estimators.masked_ae:[masked-ae] sweep lam=0.774263682681127 epoch 19/25 time=0.05s device=cuda
INFO:src.estimators.masked_ae:[masked-ae] sweep lam=0.774263682681127 epoch 20/25 time=0.05s device=cuda
INFO:src.estimators.masked_ae:[masked-ae] sweep lam=0.774263682681127 epoch 21/25 time=0.05s device=cuda
INFO:src.estimators.masked_ae:[masked-ae] sweep lam=0.774263682681127 epoch 22/25 time=0.04s device=cuda
INFO:src.estimators.masked_ae:[masked-ae] sweep lam=0.774263682681127 epoch 23/25 time=0.05s device=cuda
INFO:src.estimators.masked_ae:[masked-ae] sweep lam=0.774263682681127 epoch 24/25 time=0.06s device=cuda
INFO:src.estimators.masked_ae:[masked-ae] sweep lam=0.774263682681127 epoch 25/25 time=0.05s device=cuda
INFO:src.estimators.masked_ae:[masked-ae] sweep lam=1.291549665014884 epoch 1/25 time=0.06s device=cuda
INFO:src.estimators.masked_ae:[masked-ae] sweep lam=1.291549665014884 epoch 2/25 time=0.11s device=cuda
INFO:src.estimators.masked_ae:[masked-ae] sweep lam=1.291549665014884 epoch 3/25 time=0.03s device=cuda
INFO:src.estimators.masked_ae:[masked-ae] sweep lam=1.291549665014884 epoch 4/25 time=0.04s device=cuda
INFO:src.estimators.masked_ae:[masked-ae] sweep lam=1.291549665014884 epoch 5/25 time=0.04s device=cuda
INFO:src.estimators.masked_ae:[masked-ae] sweep lam=1.291549665014884 epoch 6/25 time=0.04s device=cuda
INFO:src.estimators.masked_ae:[masked-ae] sweep lam=1.291549665014884 epoch 7/25 time=0.04s device=cuda
INFO:src.estimators.masked_ae:[masked-ae] sweep lam=1.291549665014884 epoch 8/25 time=0.04s device=cuda
INFO:src.estimators.masked_ae:[masked-ae] sweep lam=1.291549665014884 epoch 9/25 time=0.04s device=cuda
INFO:src.estimators.masked_ae:[masked-ae] sweep lam=1.291549665014884 epoch 10/25 time=0.04s device=cuda
INFO:src.estimators.masked_ae:[masked-ae] sweep lam=1.291549665014884 epoch 11/25 time=0.04s device=cuda
INFO:src.estimators.masked_ae:[masked-ae] sweep lam=1.291549665014884 epoch 12/25 time=0.03s device=cuda
INFO:src.estimators.masked_ae:[masked-ae] sweep lam=1.291549665014884 epoch 13/25 time=0.04s device=cuda
INFO:src.estimators.masked_ae:[masked-ae] sweep lam=1.291549665014884 epoch 14/25 time=0.04s device=cuda
INFO:src.estimators.masked_ae:[masked-ae] sweep lam=1.291549665014884 epoch 15/25 time=0.04s device=cuda
INFO:src.estimators.masked_ae:[masked-ae] sweep lam=1.291549665014884 epoch 16/25 time=0.03s device=cuda
INFO:src.estimators.masked_ae:[masked-ae] sweep lam=1.291549665014884 epoch 17/25 time=0.04s device=cuda
INFO:src.estimators.masked_ae:[masked-ae] sweep lam=1.291549665014884 epoch 18/25 time=0.04s device=cuda
INFO:src.estimators.masked_ae:[masked-ae] sweep lam=1.291549665014884 epoch 19/25 time=0.05s device=cuda
INFO:src.estimators.masked_ae:[masked-ae] sweep lam=1.291549665014884 epoch 20/25 time=0.05s device=cuda
INFO:src.estimators.masked_ae:[masked-ae] sweep lam=1.291549665014884 epoch 21/25 time=0.06s device=cuda
INFO:src.estimators.masked_ae:[masked-ae] sweep lam=1.291549665014884 epoch 22/25 time=0.05s device=cuda
INFO:src.estimators.masked_ae:[masked-ae] sweep lam=1.291549665014884 epoch 23/25 time=0.05s device=cuda
INFO:src.estimators.masked_ae:[masked-ae] sweep lam=1.291549665014884 epoch 24/25 time=0.04s device=cuda
INFO:src.estimators.masked_ae:[masked-ae] sweep lam=1.291549665014884 epoch 25/25 time=0.04s device=cuda
INFO:src.estimators.masked_ae:[masked-ae] sweep lam=2.1544346900318834 epoch 1/25 time=0.03s device=cuda
INFO:src.estimators.masked_ae:[masked-ae] sweep lam=2.1544346900318834 epoch 2/25 time=0.04s device=cuda
INFO:src.estimators.masked_ae:[masked-ae] sweep lam=2.1544346900318834 epoch 3/25 time=0.05s device=cuda
INFO:src.estimators.masked_ae:[masked-ae] sweep lam=2.1544346900318834 epoch 4/25 time=0.07s device=cuda
INFO:src.estimators.masked_ae:[masked-ae] sweep lam=2.1544346900318834 epoch 5/25 time=0.05s device=cuda
INFO:src.estimators.masked_ae:[masked-ae] sweep lam=2.1544346900318834 epoch 6/25 time=0.06s device=cuda
INFO:src.estimators.masked_ae:[masked-ae] sweep lam=2.1544346900318834 epoch 7/25 time=0.05s device=cuda
INFO:src.estimators.masked_ae:[masked-ae] sweep lam=2.1544346900318834 epoch 8/25 time=0.04s device=cuda
INFO:src.estimators.masked_ae:[masked-ae] sweep lam=2.1544346900318834 epoch 9/25 time=0.03s device=cuda
INFO:src.estimators.masked_ae:[masked-ae] sweep lam=2.1544346900318834 epoch 10/25 time=0.03s device=cuda
INFO:src.estimators.masked_ae:[masked-ae] sweep lam=2.1544346900318834 epoch 11/25 time=0.05s device=cuda
INFO:src.estimators.masked_ae:[masked-ae] sweep lam=2.1544346900318834 epoch 12/25 time=0.04s device=cuda
INFO:src.estimators.masked_ae:[masked-ae] sweep lam=2.1544346900318834 epoch 13/25 time=0.04s device=cuda
INFO:src.estimators.masked_ae:[masked-ae] sweep lam=2.1544346900318834 epoch 14/25 time=0.10s device=cuda
INFO:src.estimators.masked_ae:[masked-ae] sweep lam=2.1544346900318834 epoch 15/25 time=0.04s device=cuda
INFO:src.estimators.masked_ae:[masked-ae] sweep lam=2.1544346900318834 epoch 16/25 time=0.03s device=cuda
INFO:src.estimators.masked_ae:[masked-ae] sweep lam=2.1544346900318834 epoch 17/25 time=0.03s device=cuda
INFO:src.estimators.masked_ae:[masked-ae] sweep lam=2.1544346900318834 epoch 18/25 time=0.03s device=cuda
INFO:src.estimators.masked_ae:[masked-ae] sweep lam=2.1544346900318834 epoch 19/25 time=0.03s device=cuda
INFO:src.estimators.masked_ae:[masked-ae] sweep lam=2.1544346900318834 epoch 20/25 time=0.03s device=cuda
INFO:src.estimators.masked_ae:[masked-ae] sweep lam=2.1544346900318834 epoch 21/25 time=0.03s device=cuda
INFO:src.estimators.masked_ae:[masked-ae] sweep lam=2.1544346900318834 epoch 22/25 time=0.03s device=cuda
INFO:src.estimators.masked_ae:[masked-ae] sweep lam=2.1544346900318834 epoch 23/25 time=0.03s device=cuda
INFO:src.estimators.masked_ae:[masked-ae] sweep lam=2.1544346900318834 epoch 24/25 time=0.03s device=cuda
INFO:src.estimators.masked_ae:[masked-ae] sweep lam=2.1544346900318834 epoch 25/25 time=0.03s device=cuda
INFO:src.estimators.masked_ae:[masked-ae] sweep lam=3.593813663804626 epoch 1/25 time=0.03s device=cuda
INFO:src.estimators.masked_ae:[masked-ae] sweep lam=3.593813663804626 epoch 2/25 time=0.03s device=cuda
INFO:src.estimators.masked_ae:[masked-ae] sweep lam=3.593813663804626 epoch 3/25 time=0.05s device=cuda
INFO:src.estimators.masked_ae:[masked-ae] sweep lam=3.593813663804626 epoch 4/25 time=0.04s device=cuda
INFO:src.estimators.masked_ae:[masked-ae] sweep lam=3.593813663804626 epoch 5/25 time=0.03s device=cuda
INFO:src.estimators.masked_ae:[masked-ae] sweep lam=3.593813663804626 epoch 6/25 time=0.03s device=cuda
INFO:src.estimators.masked_ae:[masked-ae] sweep lam=3.593813663804626 epoch 7/25 time=0.05s device=cuda
INFO:src.estimators.masked_ae:[masked-ae] sweep lam=3.593813663804626 epoch 8/25 time=0.04s device=cuda
INFO:src.estimators.masked_ae:[masked-ae] sweep lam=3.593813663804626 epoch 9/25 time=0.05s device=cuda
INFO:src.estimators.masked_ae:[masked-ae] sweep lam=3.593813663804626 epoch 10/25 time=0.05s device=cuda
INFO:src.estimators.masked_ae:[masked-ae] sweep lam=3.593813663804626 epoch 11/25 time=0.04s device=cuda
INFO:src.estimators.masked_ae:[masked-ae] sweep lam=3.593813663804626 epoch 12/25 time=0.04s device=cuda
INFO:src.estimators.masked_ae:[masked-ae] sweep lam=3.593813663804626 epoch 13/25 time=0.04s device=cuda
INFO:src.estimators.masked_ae:[masked-ae] sweep lam=3.593813663804626 epoch 14/25 time=0.04s device=cuda
INFO:src.estimators.masked_ae:[masked-ae] sweep lam=3.593813663804626 epoch 15/25 time=0.03s device=cuda
INFO:src.estimators.masked_ae:[masked-ae] sweep lam=3.593813663804626 epoch 16/25 time=0.04s device=cuda
INFO:src.estimators.masked_ae:[masked-ae] sweep lam=3.593813663804626 epoch 17/25 time=0.03s device=cuda
INFO:src.estimators.masked_ae:[masked-ae] sweep lam=3.593813663804626 epoch 18/25 time=0.03s device=cuda
INFO:src.estimators.masked_ae:[masked-ae] sweep lam=3.593813663804626 epoch 19/25 time=0.03s device=cuda
INFO:src.estimators.masked_ae:[masked-ae] sweep lam=3.593813663804626 epoch 20/25 time=0.04s device=cuda
INFO:src.estimators.masked_ae:[masked-ae] sweep lam=3.593813663804626 epoch 21/25 time=0.04s device=cuda
INFO:src.estimators.masked_ae:[masked-ae] sweep lam=3.593813663804626 epoch 22/25 time=0.04s device=cuda
INFO:src.estimators.masked_ae:[masked-ae] sweep lam=3.593813663804626 epoch 23/25 time=0.04s device=cuda
INFO:src.estimators.masked_ae:[masked-ae] sweep lam=3.593813663804626 epoch 24/25 time=0.03s device=cuda
INFO:src.estimators.masked_ae:[masked-ae] sweep lam=3.593813663804626 epoch 25/25 time=0.03s device=cuda
INFO:src.estimators.masked_ae:[masked-ae] sweep lam=5.994842503189409 epoch 1/25 time=0.06s device=cuda
INFO:src.estimators.masked_ae:[masked-ae] sweep lam=5.994842503189409 epoch 2/25 time=0.04s device=cuda
INFO:src.estimators.masked_ae:[masked-ae] sweep lam=5.994842503189409 epoch 3/25 time=0.06s device=cuda
INFO:src.estimators.masked_ae:[masked-ae] sweep lam=5.994842503189409 epoch 4/25 time=0.05s device=cuda
INFO:src.estimators.masked_ae:[masked-ae] sweep lam=5.994842503189409 epoch 5/25 time=0.05s device=cuda
INFO:src.estimators.masked_ae:[masked-ae] sweep lam=5.994842503189409 epoch 6/25 time=0.05s device=cuda
INFO:src.estimators.masked_ae:[masked-ae] sweep lam=5.994842503189409 epoch 7/25 time=0.05s device=cuda
INFO:src.estimators.masked_ae:[masked-ae] sweep lam=5.994842503189409 epoch 8/25 time=0.06s device=cuda
INFO:src.estimators.masked_ae:[masked-ae] sweep lam=5.994842503189409 epoch 9/25 time=0.05s device=cuda
INFO:src.estimators.masked_ae:[masked-ae] sweep lam=5.994842503189409 epoch 10/25 time=0.05s device=cuda
INFO:src.estimators.masked_ae:[masked-ae] sweep lam=5.994842503189409 epoch 11/25 time=0.05s device=cuda
INFO:src.estimators.masked_ae:[masked-ae] sweep lam=5.994842503189409 epoch 12/25 time=0.05s device=cuda
INFO:src.estimators.masked_ae:[masked-ae] sweep lam=5.994842503189409 epoch 13/25 time=0.05s device=cuda
INFO:src.estimators.masked_ae:[masked-ae] sweep lam=5.994842503189409 epoch 14/25 time=0.05s device=cuda
INFO:src.estimators.masked_ae:[masked-ae] sweep lam=5.994842503189409 epoch 15/25 time=0.05s device=cuda
INFO:src.estimators.masked_ae:[masked-ae] sweep lam=5.994842503189409 epoch 16/25 time=0.05s device=cuda
INFO:src.estimators.masked_ae:[masked-ae] sweep lam=5.994842503189409 epoch 17/25 time=0.05s device=cuda
INFO:src.estimators.masked_ae:[masked-ae] sweep lam=5.994842503189409 epoch 18/25 time=0.05s device=cuda
INFO:src.estimators.masked_ae:[masked-ae] sweep lam=5.994842503189409 epoch 19/25 time=0.05s device=cuda
INFO:src.estimators.masked_ae:[masked-ae] sweep lam=5.994842503189409 epoch 20/25 time=0.04s device=cuda
INFO:src.estimators.masked_ae:[masked-ae] sweep lam=5.994842503189409 epoch 21/25 time=0.05s device=cuda
INFO:src.estimators.masked_ae:[masked-ae] sweep lam=5.994842503189409 epoch 22/25 time=0.05s device=cuda
INFO:src.estimators.masked_ae:[masked-ae] sweep lam=5.994842503189409 epoch 23/25 time=0.06s device=cuda
INFO:src.estimators.masked_ae:[masked-ae] sweep lam=5.994842503189409 epoch 24/25 time=0.05s device=cuda
INFO:src.estimators.masked_ae:[masked-ae] sweep lam=5.994842503189409 epoch 25/25 time=0.06s device=cuda
INFO:src.estimators.masked_ae:[masked-ae] sweep lam=10.0 epoch 1/25 time=0.05s device=cuda
INFO:src.estimators.masked_ae:[masked-ae] sweep lam=10.0 epoch 2/25 time=0.06s device=cuda
INFO:src.estimators.masked_ae:[masked-ae] sweep lam=10.0 epoch 3/25 time=0.05s device=cuda
INFO:src.estimators.masked_ae:[masked-ae] sweep lam=10.0 epoch 4/25 time=0.03s device=cuda
INFO:src.estimators.masked_ae:[masked-ae] sweep lam=10.0 epoch 5/25 time=0.04s device=cuda
INFO:src.estimators.masked_ae:[masked-ae] sweep lam=10.0 epoch 6/25 time=0.06s device=cuda
INFO:src.estimators.masked_ae:[masked-ae] sweep lam=10.0 epoch 7/25 time=0.06s device=cuda
INFO:src.estimators.masked_ae:[masked-ae] sweep lam=10.0 epoch 8/25 time=0.05s device=cuda
INFO:src.estimators.masked_ae:[masked-ae] sweep lam=10.0 epoch 9/25 time=0.05s device=cuda
INFO:src.estimators.masked_ae:[masked-ae] sweep lam=10.0 epoch 10/25 time=0.05s device=cuda
INFO:src.estimators.masked_ae:[masked-ae] sweep lam=10.0 epoch 11/25 time=0.04s device=cuda
INFO:src.estimators.masked_ae:[masked-ae] sweep lam=10.0 epoch 12/25 time=0.04s device=cuda
INFO:src.estimators.masked_ae:[masked-ae] sweep lam=10.0 epoch 13/25 time=0.06s device=cuda
INFO:src.estimators.masked_ae:[masked-ae] sweep lam=10.0 epoch 14/25 time=0.07s device=cuda
INFO:src.estimators.masked_ae:[masked-ae] sweep lam=10.0 epoch 15/25 time=0.03s device=cuda
INFO:src.estimators.masked_ae:[masked-ae] sweep lam=10.0 epoch 16/25 time=0.04s device=cuda
INFO:src.estimators.masked_ae:[masked-ae] sweep lam=10.0 epoch 17/25 time=0.04s device=cuda
INFO:src.estimators.masked_ae:[masked-ae] sweep lam=10.0 epoch 18/25 time=0.04s device=cuda
INFO:src.estimators.masked_ae:[masked-ae] sweep lam=10.0 epoch 19/25 time=0.04s device=cuda
INFO:src.estimators.masked_ae:[masked-ae] sweep lam=10.0 epoch 20/25 time=0.04s device=cuda
INFO:src.estimators.masked_ae:[masked-ae] sweep lam=10.0 epoch 21/25 time=0.04s device=cuda
INFO:src.estimators.masked_ae:[masked-ae] sweep lam=10.0 epoch 22/25 time=0.05s device=cuda
INFO:src.estimators.masked_ae:[masked-ae] sweep lam=10.0 epoch 23/25 time=0.05s device=cuda
INFO:src.estimators.masked_ae:[masked-ae] sweep lam=10.0 epoch 24/25 time=0.05s device=cuda
INFO:src.estimators.masked_ae:[masked-ae] sweep lam=10.0 epoch 25/25 time=0.05s device=cuda
INFO:src.estimators.masked_ae:[masked-ae] retrain epoch 1/10 time=0.05s device=cuda
INFO:src.estimators.masked_ae:[masked-ae] retrain epoch 2/10 time=0.06s device=cuda
INFO:src.estimators.masked_ae:[masked-ae] retrain epoch 3/10 time=0.05s device=cuda
INFO:src.estimators.masked_ae:[masked-ae] retrain epoch 4/10 time=0.05s device=cuda
INFO:src.estimators.masked_ae:[masked-ae] retrain epoch 5/10 time=0.05s device=cuda
INFO:src.estimators.masked_ae:[masked-ae] retrain epoch 6/10 time=0.05s device=cuda
INFO:src.estimators.masked_ae:[masked-ae] retrain epoch 7/10 time=0.06s device=cuda
INFO:src.estimators.masked_ae:[masked-ae] retrain epoch 8/10 time=0.04s device=cuda
INFO:src.estimators.masked_ae:[masked-ae] retrain epoch 9/10 time=0.03s device=cuda
INFO:src.estimators.masked_ae:[masked-ae] retrain epoch 10/10 time=0.03s device=cuda
INFO:repair_masked_ae:Group ('mnist', 5, 0.75, 0) repaired: estimate=8.0 elapsed_s=12.58 device=cuda samples=2000 rows=5
INFO:repair_masked_ae:Processing group key=('mnist', 5, 1.0, 0) with 5 rows; example row 170
INFO:src.estimators.masked_ae:[masked-ae] pretrain epoch 1/10 time=0.07s device=cuda
INFO:src.estimators.masked_ae:[masked-ae] pretrain epoch 2/10 time=0.04s device=cuda
INFO:src.estimators.masked_ae:[masked-ae] pretrain epoch 3/10 time=0.05s device=cuda
INFO:src.estimators.masked_ae:[masked-ae] pretrain epoch 4/10 time=0.04s device=cuda
INFO:src.estimators.masked_ae:[masked-ae] pretrain epoch 5/10 time=0.04s device=cuda
INFO:src.estimators.masked_ae:[masked-ae] pretrain epoch 6/10 time=0.05s device=cuda
INFO:src.estimators.masked_ae:[masked-ae] pretrain epoch 7/10 time=0.04s device=cuda
INFO:src.estimators.masked_ae:[masked-ae] pretrain epoch 8/10 time=0.05s device=cuda
INFO:src.estimators.masked_ae:[masked-ae] pretrain epoch 9/10 time=0.05s device=cuda
INFO:src.estimators.masked_ae:[masked-ae] pretrain epoch 10/10 time=0.05s device=cuda
INFO:src.estimators.masked_ae:[masked-ae] sweep lam=0.1 epoch 1/25 time=0.05s device=cuda
INFO:src.estimators.masked_ae:[masked-ae] sweep lam=0.1 epoch 2/25 time=0.05s device=cuda
INFO:src.estimators.masked_ae:[masked-ae] sweep lam=0.1 epoch 3/25 time=0.04s device=cuda
INFO:src.estimators.masked_ae:[masked-ae] sweep lam=0.1 epoch 4/25 time=0.07s device=cuda
INFO:src.estimators.masked_ae:[masked-ae] sweep lam=0.1 epoch 5/25 time=0.05s device=cuda
INFO:src.estimators.masked_ae:[masked-ae] sweep lam=0.1 epoch 6/25 time=0.04s device=cuda
INFO:src.estimators.masked_ae:[masked-ae] sweep lam=0.1 epoch 7/25 time=0.03s device=cuda
INFO:src.estimators.masked_ae:[masked-ae] sweep lam=0.1 epoch 8/25 time=0.06s device=cuda
INFO:src.estimators.masked_ae:[masked-ae] sweep lam=0.1 epoch 9/25 time=0.04s device=cuda
INFO:src.estimators.masked_ae:[masked-ae] sweep lam=0.1 epoch 10/25 time=0.06s device=cuda
INFO:src.estimators.masked_ae:[masked-ae] sweep lam=0.1 epoch 11/25 time=0.05s device=cuda
INFO:src.estimators.masked_ae:[masked-ae] sweep lam=0.1 epoch 12/25 time=0.04s device=cuda
INFO:src.estimators.masked_ae:[masked-ae] sweep lam=0.1 epoch 13/25 time=0.06s device=cuda
INFO:src.estimators.masked_ae:[masked-ae] sweep lam=0.1 epoch 14/25 time=0.05s device=cuda
INFO:src.estimators.masked_ae:[masked-ae] sweep lam=0.1 epoch 15/25 time=0.05s device=cuda
INFO:src.estimators.masked_ae:[masked-ae] sweep lam=0.1 epoch 16/25 time=0.05s device=cuda
INFO:src.estimators.masked_ae:[masked-ae] sweep lam=0.1 epoch 17/25 time=0.03s device=cuda
INFO:src.estimators.masked_ae:[masked-ae] sweep lam=0.1 epoch 18/25 time=0.06s device=cuda
INFO:src.estimators.masked_ae:[masked-ae] sweep lam=0.1 epoch 19/25 time=0.05s device=cuda
INFO:src.estimators.masked_ae:[masked-ae] sweep lam=0.1 epoch 20/25 time=0.05s device=cuda
INFO:src.estimators.masked_ae:[masked-ae] sweep lam=0.1 epoch 21/25 time=0.05s device=cuda
INFO:src.estimators.masked_ae:[masked-ae] sweep lam=0.1 epoch 22/25 time=0.07s device=cuda
INFO:src.estimators.masked_ae:[masked-ae] sweep lam=0.1 epoch 23/25 time=0.05s device=cuda
INFO:src.estimators.masked_ae:[masked-ae] sweep lam=0.1 epoch 24/25 time=0.05s device=cuda
INFO:src.estimators.masked_ae:[masked-ae] sweep lam=0.1 epoch 25/25 time=0.05s device=cuda
INFO:src.estimators.masked_ae:[masked-ae] sweep lam=0.16681005372000587 epoch 1/25 time=0.05s device=cuda
INFO:src.estimators.masked_ae:[masked-ae] sweep lam=0.16681005372000587 epoch 2/25 time=0.05s device=cuda
INFO:src.estimators.masked_ae:[masked-ae] sweep lam=0.16681005372000587 epoch 3/25 time=0.05s device=cuda
INFO:src.estimators.masked_ae:[masked-ae] sweep lam=0.16681005372000587 epoch 4/25 time=0.07s device=cuda
INFO:src.estimators.masked_ae:[masked-ae] sweep lam=0.16681005372000587 epoch 5/25 time=0.05s device=cuda
INFO:src.estimators.masked_ae:[masked-ae] sweep lam=0.16681005372000587 epoch 6/25 time=0.04s device=cuda
INFO:src.estimators.masked_ae:[masked-ae] sweep lam=0.16681005372000587 epoch 7/25 time=0.03s device=cuda
INFO:src.estimators.masked_ae:[masked-ae] sweep lam=0.16681005372000587 epoch 8/25 time=0.03s device=cuda
INFO:src.estimators.masked_ae:[masked-ae] sweep lam=0.16681005372000587 epoch 9/25 time=0.03s device=cuda
INFO:src.estimators.masked_ae:[masked-ae] sweep lam=0.16681005372000587 epoch 10/25 time=0.03s device=cuda
INFO:src.estimators.masked_ae:[masked-ae] sweep lam=0.16681005372000587 epoch 11/25 time=0.03s device=cuda
INFO:src.estimators.masked_ae:[masked-ae] sweep lam=0.16681005372000587 epoch 12/25 time=0.03s device=cuda
INFO:src.estimators.masked_ae:[masked-ae] sweep lam=0.16681005372000587 epoch 13/25 time=0.03s device=cuda
INFO:src.estimators.masked_ae:[masked-ae] sweep lam=0.16681005372000587 epoch 14/25 time=0.03s device=cuda
INFO:src.estimators.masked_ae:[masked-ae] sweep lam=0.16681005372000587 epoch 15/25 time=0.03s device=cuda
INFO:src.estimators.masked_ae:[masked-ae] sweep lam=0.16681005372000587 epoch 16/25 time=0.04s device=cuda
INFO:src.estimators.masked_ae:[masked-ae] sweep lam=0.16681005372000587 epoch 17/25 time=0.04s device=cuda
INFO:src.estimators.masked_ae:[masked-ae] sweep lam=0.16681005372000587 epoch 18/25 time=0.04s device=cuda
INFO:src.estimators.masked_ae:[masked-ae] sweep lam=0.16681005372000587 epoch 19/25 time=0.03s device=cuda
INFO:src.estimators.masked_ae:[masked-ae] sweep lam=0.16681005372000587 epoch 20/25 time=0.06s device=cuda
INFO:src.estimators.masked_ae:[masked-ae] sweep lam=0.16681005372000587 epoch 21/25 time=0.05s device=cuda
INFO:src.estimators.masked_ae:[masked-ae] sweep lam=0.16681005372000587 epoch 22/25 time=0.05s device=cuda
INFO:src.estimators.masked_ae:[masked-ae] sweep lam=0.16681005372000587 epoch 23/25 time=0.05s device=cuda
INFO:src.estimators.masked_ae:[masked-ae] sweep lam=0.16681005372000587 epoch 24/25 time=0.05s device=cuda
INFO:src.estimators.masked_ae:[masked-ae] sweep lam=0.16681005372000587 epoch 25/25 time=0.05s device=cuda
INFO:src.estimators.masked_ae:[masked-ae] sweep lam=0.2782559402207124 epoch 1/25 time=0.06s device=cuda
INFO:src.estimators.masked_ae:[masked-ae] sweep lam=0.2782559402207124 epoch 2/25 time=0.05s device=cuda
INFO:src.estimators.masked_ae:[masked-ae] sweep lam=0.2782559402207124 epoch 3/25 time=0.05s device=cuda
INFO:src.estimators.masked_ae:[masked-ae] sweep lam=0.2782559402207124 epoch 4/25 time=0.05s device=cuda
INFO:src.estimators.masked_ae:[masked-ae] sweep lam=0.2782559402207124 epoch 5/25 time=0.05s device=cuda
INFO:src.estimators.masked_ae:[masked-ae] sweep lam=0.2782559402207124 epoch 6/25 time=0.05s device=cuda
INFO:src.estimators.masked_ae:[masked-ae] sweep lam=0.2782559402207124 epoch 7/25 time=0.06s device=cuda
INFO:src.estimators.masked_ae:[masked-ae] sweep lam=0.2782559402207124 epoch 8/25 time=0.05s device=cuda
INFO:src.estimators.masked_ae:[masked-ae] sweep lam=0.2782559402207124 epoch 9/25 time=0.06s device=cuda
INFO:src.estimators.masked_ae:[masked-ae] sweep lam=0.2782559402207124 epoch 10/25 time=0.05s device=cuda
INFO:src.estimators.masked_ae:[masked-ae] sweep lam=0.2782559402207124 epoch 11/25 time=0.05s device=cuda
INFO:src.estimators.masked_ae:[masked-ae] sweep lam=0.2782559402207124 epoch 12/25 time=0.04s device=cuda
INFO:src.estimators.masked_ae:[masked-ae] sweep lam=0.2782559402207124 epoch 13/25 time=0.04s device=cuda
INFO:src.estimators.masked_ae:[masked-ae] sweep lam=0.2782559402207124 epoch 14/25 time=0.05s device=cuda
INFO:src.estimators.masked_ae:[masked-ae] sweep lam=0.2782559402207124 epoch 15/25 time=0.05s device=cuda
INFO:src.estimators.masked_ae:[masked-ae] sweep lam=0.2782559402207124 epoch 16/25 time=0.05s device=cuda
INFO:src.estimators.masked_ae:[masked-ae] sweep lam=0.2782559402207124 epoch 17/25 time=0.05s device=cuda
INFO:src.estimators.masked_ae:[masked-ae] sweep lam=0.2782559402207124 epoch 18/25 time=0.05s device=cuda
INFO:src.estimators.masked_ae:[masked-ae] sweep lam=0.2782559402207124 epoch 19/25 time=0.05s device=cuda
INFO:src.estimators.masked_ae:[masked-ae] sweep lam=0.2782559402207124 epoch 20/25 time=0.05s device=cuda
INFO:src.estimators.masked_ae:[masked-ae] sweep lam=0.2782559402207124 epoch 21/25 time=0.05s device=cuda
INFO:src.estimators.masked_ae:[masked-ae] sweep lam=0.2782559402207124 epoch 22/25 time=0.05s device=cuda
INFO:src.estimators.masked_ae:[masked-ae] sweep lam=0.2782559402207124 epoch 23/25 time=0.05s device=cuda
INFO:src.estimators.masked_ae:[masked-ae] sweep lam=0.2782559402207124 epoch 24/25 time=0.04s device=cuda
INFO:src.estimators.masked_ae:[masked-ae] sweep lam=0.2782559402207124 epoch 25/25 time=0.05s device=cuda
INFO:src.estimators.masked_ae:[masked-ae] sweep lam=0.46415888336127786 epoch 1/25 time=0.05s device=cuda
INFO:src.estimators.masked_ae:[masked-ae] sweep lam=0.46415888336127786 epoch 2/25 time=0.05s device=cuda
INFO:src.estimators.masked_ae:[masked-ae] sweep lam=0.46415888336127786 epoch 3/25 time=0.05s device=cuda
INFO:src.estimators.masked_ae:[masked-ae] sweep lam=0.46415888336127786 epoch 4/25 time=0.05s device=cuda
INFO:src.estimators.masked_ae:[masked-ae] sweep lam=0.46415888336127786 epoch 5/25 time=0.13s device=cuda
INFO:src.estimators.masked_ae:[masked-ae] sweep lam=0.46415888336127786 epoch 6/25 time=0.05s device=cuda
INFO:src.estimators.masked_ae:[masked-ae] sweep lam=0.46415888336127786 epoch 7/25 time=0.04s device=cuda
INFO:src.estimators.masked_ae:[masked-ae] sweep lam=0.46415888336127786 epoch 8/25 time=0.04s device=cuda
INFO:src.estimators.masked_ae:[masked-ae] sweep lam=0.46415888336127786 epoch 9/25 time=0.04s device=cuda
INFO:src.estimators.masked_ae:[masked-ae] sweep lam=0.46415888336127786 epoch 10/25 time=0.04s device=cuda
INFO:src.estimators.masked_ae:[masked-ae] sweep lam=0.46415888336127786 epoch 11/25 time=0.04s device=cuda
INFO:src.estimators.masked_ae:[masked-ae] sweep lam=0.46415888336127786 epoch 12/25 time=0.04s device=cuda
INFO:src.estimators.masked_ae:[masked-ae] sweep lam=0.46415888336127786 epoch 13/25 time=0.03s device=cuda
INFO:src.estimators.masked_ae:[masked-ae] sweep lam=0.46415888336127786 epoch 14/25 time=0.04s device=cuda
INFO:src.estimators.masked_ae:[masked-ae] sweep lam=0.46415888336127786 epoch 15/25 time=0.04s device=cuda
INFO:src.estimators.masked_ae:[masked-ae] sweep lam=0.46415888336127786 epoch 16/25 time=0.04s device=cuda
INFO:src.estimators.masked_ae:[masked-ae] sweep lam=0.46415888336127786 epoch 17/25 time=0.04s device=cuda
INFO:src.estimators.masked_ae:[masked-ae] sweep lam=0.46415888336127786 epoch 18/25 time=0.04s device=cuda
INFO:src.estimators.masked_ae:[masked-ae] sweep lam=0.46415888336127786 epoch 19/25 time=0.04s device=cuda
INFO:src.estimators.masked_ae:[masked-ae] sweep lam=0.46415888336127786 epoch 20/25 time=0.03s device=cuda
INFO:src.estimators.masked_ae:[masked-ae] sweep lam=0.46415888336127786 epoch 21/25 time=0.03s device=cuda
INFO:src.estimators.masked_ae:[masked-ae] sweep lam=0.46415888336127786 epoch 22/25 time=0.04s device=cuda
INFO:src.estimators.masked_ae:[masked-ae] sweep lam=0.46415888336127786 epoch 23/25 time=0.04s device=cuda
INFO:src.estimators.masked_ae:[masked-ae] sweep lam=0.46415888336127786 epoch 24/25 time=0.04s device=cuda
INFO:src.estimators.masked_ae:[masked-ae] sweep lam=0.46415888336127786 epoch 25/25 time=0.05s device=cuda
INFO:src.estimators.masked_ae:[masked-ae] sweep lam=0.774263682681127 epoch 1/25 time=0.06s device=cuda
INFO:src.estimators.masked_ae:[masked-ae] sweep lam=0.774263682681127 epoch 2/25 time=0.06s device=cuda
INFO:src.estimators.masked_ae:[masked-ae] sweep lam=0.774263682681127 epoch 3/25 time=0.05s device=cuda
INFO:src.estimators.masked_ae:[masked-ae] sweep lam=0.774263682681127 epoch 4/25 time=0.05s device=cuda
INFO:src.estimators.masked_ae:[masked-ae] sweep lam=0.774263682681127 epoch 5/25 time=0.04s device=cuda
INFO:src.estimators.masked_ae:[masked-ae] sweep lam=0.774263682681127 epoch 6/25 time=0.05s device=cuda
INFO:src.estimators.masked_ae:[masked-ae] sweep lam=0.774263682681127 epoch 7/25 time=0.06s device=cuda
INFO:src.estimators.masked_ae:[masked-ae] sweep lam=0.774263682681127 epoch 8/25 time=0.05s device=cuda
INFO:src.estimators.masked_ae:[masked-ae] sweep lam=0.774263682681127 epoch 9/25 time=0.05s device=cuda
INFO:src.estimators.masked_ae:[masked-ae] sweep lam=0.774263682681127 epoch 10/25 time=0.04s device=cuda
INFO:src.estimators.masked_ae:[masked-ae] sweep lam=0.774263682681127 epoch 11/25 time=0.07s device=cuda
INFO:src.estimators.masked_ae:[masked-ae] sweep lam=0.774263682681127 epoch 12/25 time=0.06s device=cuda
INFO:src.estimators.masked_ae:[masked-ae] sweep lam=0.774263682681127 epoch 13/25 time=0.05s device=cuda
INFO:src.estimators.masked_ae:[masked-ae] sweep lam=0.774263682681127 epoch 14/25 time=0.05s device=cuda
INFO:src.estimators.masked_ae:[masked-ae] sweep lam=0.774263682681127 epoch 15/25 time=0.05s device=cuda
INFO:src.estimators.masked_ae:[masked-ae] sweep lam=0.774263682681127 epoch 16/25 time=0.03s device=cuda
INFO:src.estimators.masked_ae:[masked-ae] sweep lam=0.774263682681127 epoch 17/25 time=0.03s device=cuda
INFO:src.estimators.masked_ae:[masked-ae] sweep lam=0.774263682681127 epoch 18/25 time=0.03s device=cuda
INFO:src.estimators.masked_ae:[masked-ae] sweep lam=0.774263682681127 epoch 19/25 time=0.03s device=cuda
INFO:src.estimators.masked_ae:[masked-ae] sweep lam=0.774263682681127 epoch 20/25 time=0.03s device=cuda
INFO:src.estimators.masked_ae:[masked-ae] sweep lam=0.774263682681127 epoch 21/25 time=0.03s device=cuda
INFO:src.estimators.masked_ae:[masked-ae] sweep lam=0.774263682681127 epoch 22/25 time=0.03s device=cuda
INFO:src.estimators.masked_ae:[masked-ae] sweep lam=0.774263682681127 epoch 23/25 time=0.03s device=cuda
INFO:src.estimators.masked_ae:[masked-ae] sweep lam=0.774263682681127 epoch 24/25 time=0.03s device=cuda
INFO:src.estimators.masked_ae:[masked-ae] sweep lam=0.774263682681127 epoch 25/25 time=0.03s device=cuda
INFO:src.estimators.masked_ae:[masked-ae] sweep lam=1.291549665014884 epoch 1/25 time=0.03s device=cuda
INFO:src.estimators.masked_ae:[masked-ae] sweep lam=1.291549665014884 epoch 2/25 time=0.05s device=cuda
INFO:src.estimators.masked_ae:[masked-ae] sweep lam=1.291549665014884 epoch 3/25 time=0.04s device=cuda
INFO:src.estimators.masked_ae:[masked-ae] sweep lam=1.291549665014884 epoch 4/25 time=0.07s device=cuda
INFO:src.estimators.masked_ae:[masked-ae] sweep lam=1.291549665014884 epoch 5/25 time=0.08s device=cuda
INFO:src.estimators.masked_ae:[masked-ae] sweep lam=1.291549665014884 epoch 6/25 time=0.07s device=cuda
INFO:src.estimators.masked_ae:[masked-ae] sweep lam=1.291549665014884 epoch 7/25 time=0.05s device=cuda
INFO:src.estimators.masked_ae:[masked-ae] sweep lam=1.291549665014884 epoch 8/25 time=0.06s device=cuda
INFO:src.estimators.masked_ae:[masked-ae] sweep lam=1.291549665014884 epoch 9/25 time=0.05s device=cuda
INFO:src.estimators.masked_ae:[masked-ae] sweep lam=1.291549665014884 epoch 10/25 time=0.05s device=cuda
INFO:src.estimators.masked_ae:[masked-ae] sweep lam=1.291549665014884 epoch 11/25 time=0.05s device=cuda
INFO:src.estimators.masked_ae:[masked-ae] sweep lam=1.291549665014884 epoch 12/25 time=0.04s device=cuda
INFO:src.estimators.masked_ae:[masked-ae] sweep lam=1.291549665014884 epoch 13/25 time=0.04s device=cuda
INFO:src.estimators.masked_ae:[masked-ae] sweep lam=1.291549665014884 epoch 14/25 time=0.04s device=cuda
INFO:src.estimators.masked_ae:[masked-ae] sweep lam=1.291549665014884 epoch 15/25 time=0.06s device=cuda
INFO:src.estimators.masked_ae:[masked-ae] sweep lam=1.291549665014884 epoch 16/25 time=0.04s device=cuda
INFO:src.estimators.masked_ae:[masked-ae] sweep lam=1.291549665014884 epoch 17/25 time=0.05s device=cuda
INFO:src.estimators.masked_ae:[masked-ae] sweep lam=1.291549665014884 epoch 18/25 time=0.07s device=cuda
INFO:src.estimators.masked_ae:[masked-ae] sweep lam=1.291549665014884 epoch 19/25 time=0.07s device=cuda
INFO:src.estimators.masked_ae:[masked-ae] sweep lam=1.291549665014884 epoch 20/25 time=0.03s device=cuda
INFO:src.estimators.masked_ae:[masked-ae] sweep lam=1.291549665014884 epoch 21/25 time=0.03s device=cuda
INFO:src.estimators.masked_ae:[masked-ae] sweep lam=1.291549665014884 epoch 22/25 time=0.03s device=cuda
INFO:src.estimators.masked_ae:[masked-ae] sweep lam=1.291549665014884 epoch 23/25 time=0.03s device=cuda
INFO:src.estimators.masked_ae:[masked-ae] sweep lam=1.291549665014884 epoch 24/25 time=0.03s device=cuda
INFO:src.estimators.masked_ae:[masked-ae] sweep lam=1.291549665014884 epoch 25/25 time=0.03s device=cuda
INFO:src.estimators.masked_ae:[masked-ae] sweep lam=2.1544346900318834 epoch 1/25 time=0.03s device=cuda
INFO:src.estimators.masked_ae:[masked-ae] sweep lam=2.1544346900318834 epoch 2/25 time=0.03s device=cuda
INFO:src.estimators.masked_ae:[masked-ae] sweep lam=2.1544346900318834 epoch 3/25 time=0.03s device=cuda
INFO:src.estimators.masked_ae:[masked-ae] sweep lam=2.1544346900318834 epoch 4/25 time=0.04s device=cuda
INFO:src.estimators.masked_ae:[masked-ae] sweep lam=2.1544346900318834 epoch 5/25 time=0.03s device=cuda
INFO:src.estimators.masked_ae:[masked-ae] sweep lam=2.1544346900318834 epoch 6/25 time=0.03s device=cuda
INFO:src.estimators.masked_ae:[masked-ae] sweep lam=2.1544346900318834 epoch 7/25 time=0.03s device=cuda
INFO:src.estimators.masked_ae:[masked-ae] sweep lam=2.1544346900318834 epoch 8/25 time=0.03s device=cuda
INFO:src.estimators.masked_ae:[masked-ae] sweep lam=2.1544346900318834 epoch 9/25 time=0.04s device=cuda
INFO:src.estimators.masked_ae:[masked-ae] sweep lam=2.1544346900318834 epoch 10/25 time=0.05s device=cuda
INFO:src.estimators.masked_ae:[masked-ae] sweep lam=2.1544346900318834 epoch 11/25 time=0.03s device=cuda
INFO:src.estimators.masked_ae:[masked-ae] sweep lam=2.1544346900318834 epoch 12/25 time=0.03s device=cuda
INFO:src.estimators.masked_ae:[masked-ae] sweep lam=2.1544346900318834 epoch 13/25 time=0.08s device=cuda
INFO:src.estimators.masked_ae:[masked-ae] sweep lam=2.1544346900318834 epoch 14/25 time=0.04s device=cuda
INFO:src.estimators.masked_ae:[masked-ae] sweep lam=2.1544346900318834 epoch 15/25 time=0.03s device=cuda
INFO:src.estimators.masked_ae:[masked-ae] sweep lam=2.1544346900318834 epoch 16/25 time=0.03s device=cuda
INFO:src.estimators.masked_ae:[masked-ae] sweep lam=2.1544346900318834 epoch 17/25 time=0.03s device=cuda
INFO:src.estimators.masked_ae:[masked-ae] sweep lam=2.1544346900318834 epoch 18/25 time=0.04s device=cuda
INFO:src.estimators.masked_ae:[masked-ae] sweep lam=2.1544346900318834 epoch 19/25 time=0.04s device=cuda
INFO:src.estimators.masked_ae:[masked-ae] sweep lam=2.1544346900318834 epoch 20/25 time=0.10s device=cuda
INFO:src.estimators.masked_ae:[masked-ae] sweep lam=2.1544346900318834 epoch 21/25 time=0.08s device=cuda
INFO:src.estimators.masked_ae:[masked-ae] sweep lam=2.1544346900318834 epoch 22/25 time=0.05s device=cuda
INFO:src.estimators.masked_ae:[masked-ae] sweep lam=2.1544346900318834 epoch 23/25 time=0.06s device=cuda
INFO:src.estimators.masked_ae:[masked-ae] sweep lam=2.1544346900318834 epoch 24/25 time=0.07s device=cuda
INFO:src.estimators.masked_ae:[masked-ae] sweep lam=2.1544346900318834 epoch 25/25 time=0.04s device=cuda
INFO:src.estimators.masked_ae:[masked-ae] sweep lam=3.593813663804626 epoch 1/25 time=0.04s device=cuda
INFO:src.estimators.masked_ae:[masked-ae] sweep lam=3.593813663804626 epoch 2/25 time=0.05s device=cuda
INFO:src.estimators.masked_ae:[masked-ae] sweep lam=3.593813663804626 epoch 3/25 time=0.06s device=cuda
INFO:src.estimators.masked_ae:[masked-ae] sweep lam=3.593813663804626 epoch 4/25 time=0.05s device=cuda
INFO:src.estimators.masked_ae:[masked-ae] sweep lam=3.593813663804626 epoch 5/25 time=0.04s device=cuda
INFO:src.estimators.masked_ae:[masked-ae] sweep lam=3.593813663804626 epoch 6/25 time=0.03s device=cuda
INFO:src.estimators.masked_ae:[masked-ae] sweep lam=3.593813663804626 epoch 7/25 time=0.03s device=cuda
INFO:src.estimators.masked_ae:[masked-ae] sweep lam=3.593813663804626 epoch 8/25 time=0.04s device=cuda
INFO:src.estimators.masked_ae:[masked-ae] sweep lam=3.593813663804626 epoch 9/25 time=0.04s device=cuda
INFO:src.estimators.masked_ae:[masked-ae] sweep lam=3.593813663804626 epoch 10/25 time=0.03s device=cuda
INFO:src.estimators.masked_ae:[masked-ae] sweep lam=3.593813663804626 epoch 11/25 time=0.03s device=cuda
INFO:src.estimators.masked_ae:[masked-ae] sweep lam=3.593813663804626 epoch 12/25 time=0.04s device=cuda
INFO:src.estimators.masked_ae:[masked-ae] sweep lam=3.593813663804626 epoch 13/25 time=0.04s device=cuda
INFO:src.estimators.masked_ae:[masked-ae] sweep lam=3.593813663804626 epoch 14/25 time=0.05s device=cuda
INFO:src.estimators.masked_ae:[masked-ae] sweep lam=3.593813663804626 epoch 15/25 time=0.06s device=cuda
INFO:src.estimators.masked_ae:[masked-ae] sweep lam=3.593813663804626 epoch 16/25 time=0.05s device=cuda
INFO:src.estimators.masked_ae:[masked-ae] sweep lam=3.593813663804626 epoch 17/25 time=0.04s device=cuda
INFO:src.estimators.masked_ae:[masked-ae] sweep lam=3.593813663804626 epoch 18/25 time=0.05s device=cuda
INFO:src.estimators.masked_ae:[masked-ae] sweep lam=3.593813663804626 epoch 19/25 time=0.05s device=cuda
INFO:src.estimators.masked_ae:[masked-ae] sweep lam=3.593813663804626 epoch 20/25 time=0.04s device=cuda
INFO:src.estimators.masked_ae:[masked-ae] sweep lam=3.593813663804626 epoch 21/25 time=0.05s device=cuda
INFO:src.estimators.masked_ae:[masked-ae] sweep lam=3.593813663804626 epoch 22/25 time=0.05s device=cuda
INFO:src.estimators.masked_ae:[masked-ae] sweep lam=3.593813663804626 epoch 23/25 time=0.05s device=cuda
INFO:src.estimators.masked_ae:[masked-ae] sweep lam=3.593813663804626 epoch 24/25 time=0.10s device=cuda
INFO:src.estimators.masked_ae:[masked-ae] sweep lam=3.593813663804626 epoch 25/25 time=0.08s device=cuda
INFO:src.estimators.masked_ae:[masked-ae] sweep lam=5.994842503189409 epoch 1/25 time=0.05s device=cuda
INFO:src.estimators.masked_ae:[masked-ae] sweep lam=5.994842503189409 epoch 2/25 time=0.05s device=cuda
INFO:src.estimators.masked_ae:[masked-ae] sweep lam=5.994842503189409 epoch 3/25 time=0.05s device=cuda
INFO:src.estimators.masked_ae:[masked-ae] sweep lam=5.994842503189409 epoch 4/25 time=0.11s device=cuda
INFO:src.estimators.masked_ae:[masked-ae] sweep lam=5.994842503189409 epoch 5/25 time=0.05s device=cuda
INFO:src.estimators.masked_ae:[masked-ae] sweep lam=5.994842503189409 epoch 6/25 time=0.05s device=cuda
INFO:src.estimators.masked_ae:[masked-ae] sweep lam=5.994842503189409 epoch 7/25 time=0.06s device=cuda
INFO:src.estimators.masked_ae:[masked-ae] sweep lam=5.994842503189409 epoch 8/25 time=0.04s device=cuda
INFO:src.estimators.masked_ae:[masked-ae] sweep lam=5.994842503189409 epoch 9/25 time=0.04s device=cuda
INFO:src.estimators.masked_ae:[masked-ae] sweep lam=5.994842503189409 epoch 10/25 time=0.04s device=cuda
INFO:src.estimators.masked_ae:[masked-ae] sweep lam=5.994842503189409 epoch 11/25 time=0.04s device=cuda
INFO:src.estimators.masked_ae:[masked-ae] sweep lam=5.994842503189409 epoch 12/25 time=0.04s device=cuda
INFO:src.estimators.masked_ae:[masked-ae] sweep lam=5.994842503189409 epoch 13/25 time=0.04s device=cuda
INFO:src.estimators.masked_ae:[masked-ae] sweep lam=5.994842503189409 epoch 14/25 time=0.04s device=cuda
INFO:src.estimators.masked_ae:[masked-ae] sweep lam=5.994842503189409 epoch 15/25 time=0.04s device=cuda
INFO:src.estimators.masked_ae:[masked-ae] sweep lam=5.994842503189409 epoch 16/25 time=0.03s device=cuda
INFO:src.estimators.masked_ae:[masked-ae] sweep lam=5.994842503189409 epoch 17/25 time=0.06s device=cuda
INFO:src.estimators.masked_ae:[masked-ae] sweep lam=5.994842503189409 epoch 18/25 time=0.04s device=cuda
INFO:src.estimators.masked_ae:[masked-ae] sweep lam=5.994842503189409 epoch 19/25 time=0.10s device=cuda
INFO:src.estimators.masked_ae:[masked-ae] sweep lam=5.994842503189409 epoch 20/25 time=0.09s device=cuda
INFO:src.estimators.masked_ae:[masked-ae] sweep lam=5.994842503189409 epoch 21/25 time=0.04s device=cuda
INFO:src.estimators.masked_ae:[masked-ae] sweep lam=5.994842503189409 epoch 22/25 time=0.03s device=cuda
INFO:src.estimators.masked_ae:[masked-ae] sweep lam=5.994842503189409 epoch 23/25 time=0.04s device=cuda
INFO:src.estimators.masked_ae:[masked-ae] sweep lam=5.994842503189409 epoch 24/25 time=0.04s device=cuda
INFO:src.estimators.masked_ae:[masked-ae] sweep lam=5.994842503189409 epoch 25/25 time=0.07s device=cuda
INFO:src.estimators.masked_ae:[masked-ae] sweep lam=10.0 epoch 1/25 time=0.04s device=cuda
INFO:src.estimators.masked_ae:[masked-ae] sweep lam=10.0 epoch 2/25 time=0.04s device=cuda
INFO:src.estimators.masked_ae:[masked-ae] sweep lam=10.0 epoch 3/25 time=0.03s device=cuda
INFO:src.estimators.masked_ae:[masked-ae] sweep lam=10.0 epoch 4/25 time=0.03s device=cuda
INFO:src.estimators.masked_ae:[masked-ae] sweep lam=10.0 epoch 5/25 time=0.03s device=cuda
INFO:src.estimators.masked_ae:[masked-ae] sweep lam=10.0 epoch 6/25 time=0.03s device=cuda
INFO:src.estimators.masked_ae:[masked-ae] sweep lam=10.0 epoch 7/25 time=0.03s device=cuda
INFO:src.estimators.masked_ae:[masked-ae] sweep lam=10.0 epoch 8/25 time=0.04s device=cuda
INFO:src.estimators.masked_ae:[masked-ae] sweep lam=10.0 epoch 9/25 time=0.09s device=cuda
INFO:src.estimators.masked_ae:[masked-ae] sweep lam=10.0 epoch 10/25 time=0.06s device=cuda
INFO:src.estimators.masked_ae:[masked-ae] sweep lam=10.0 epoch 11/25 time=0.05s device=cuda
INFO:src.estimators.masked_ae:[masked-ae] sweep lam=10.0 epoch 12/25 time=0.06s device=cuda
INFO:src.estimators.masked_ae:[masked-ae] sweep lam=10.0 epoch 13/25 time=0.06s device=cuda
INFO:src.estimators.masked_ae:[masked-ae] sweep lam=10.0 epoch 14/25 time=0.05s device=cuda
INFO:src.estimators.masked_ae:[masked-ae] sweep lam=10.0 epoch 15/25 time=0.05s device=cuda
INFO:src.estimators.masked_ae:[masked-ae] sweep lam=10.0 epoch 16/25 time=0.04s device=cuda
INFO:src.estimators.masked_ae:[masked-ae] sweep lam=10.0 epoch 17/25 time=0.04s device=cuda
INFO:src.estimators.masked_ae:[masked-ae] sweep lam=10.0 epoch 18/25 time=0.03s device=cuda
INFO:src.estimators.masked_ae:[masked-ae] sweep lam=10.0 epoch 19/25 time=0.04s device=cuda
INFO:src.estimators.masked_ae:[masked-ae] sweep lam=10.0 epoch 20/25 time=0.04s device=cuda
INFO:src.estimators.masked_ae:[masked-ae] sweep lam=10.0 epoch 21/25 time=0.04s device=cuda
INFO:src.estimators.masked_ae:[masked-ae] sweep lam=10.0 epoch 22/25 time=0.04s device=cuda
INFO:src.estimators.masked_ae:[masked-ae] sweep lam=10.0 epoch 23/25 time=0.04s device=cuda
INFO:src.estimators.masked_ae:[masked-ae] sweep lam=10.0 epoch 24/25 time=0.04s device=cuda
INFO:src.estimators.masked_ae:[masked-ae] sweep lam=10.0 epoch 25/25 time=0.05s device=cuda
INFO:src.estimators.masked_ae:[masked-ae] retrain epoch 1/10 time=0.05s device=cuda
INFO:src.estimators.masked_ae:[masked-ae] retrain epoch 2/10 time=0.05s device=cuda
INFO:src.estimators.masked_ae:[masked-ae] retrain epoch 3/10 time=0.05s device=cuda
INFO:src.estimators.masked_ae:[masked-ae] retrain epoch 4/10 time=0.05s device=cuda
INFO:src.estimators.masked_ae:[masked-ae] retrain epoch 5/10 time=0.05s device=cuda
INFO:src.estimators.masked_ae:[masked-ae] retrain epoch 6/10 time=0.05s device=cuda
INFO:src.estimators.masked_ae:[masked-ae] retrain epoch 7/10 time=0.06s device=cuda
INFO:src.estimators.masked_ae:[masked-ae] retrain epoch 8/10 time=0.05s device=cuda
INFO:src.estimators.masked_ae:[masked-ae] retrain epoch 9/10 time=0.06s device=cuda
INFO:src.estimators.masked_ae:[masked-ae] retrain epoch 10/10 time=0.05s device=cuda
INFO:repair_masked_ae:Group ('mnist', 5, 1.0, 0) repaired: estimate=10.0 elapsed_s=12.87 device=cuda samples=2000 rows=5
INFO:repair_masked_ae:Processing group key=('mnist', 7, 0.0, 0) with 5 rows; example row 205
INFO:src.estimators.masked_ae:[masked-ae] pretrain epoch 1/10 time=1.16s device=cuda
INFO:src.estimators.masked_ae:[masked-ae] pretrain epoch 2/10 time=1.34s device=cuda
INFO:src.estimators.masked_ae:[masked-ae] pretrain epoch 3/10 time=1.15s device=cuda
INFO:src.estimators.masked_ae:[masked-ae] pretrain epoch 4/10 time=1.16s device=cuda
INFO:src.estimators.masked_ae:[masked-ae] pretrain epoch 5/10 time=1.22s device=cuda
INFO:src.estimators.masked_ae:[masked-ae] pretrain epoch 6/10 time=1.22s device=cuda
INFO:src.estimators.masked_ae:[masked-ae] pretrain epoch 7/10 time=1.18s device=cuda
INFO:src.estimators.masked_ae:[masked-ae] pretrain epoch 8/10 time=1.30s device=cuda
INFO:src.estimators.masked_ae:[masked-ae] pretrain epoch 9/10 time=1.07s device=cuda
INFO:src.estimators.masked_ae:[masked-ae] pretrain epoch 10/10 time=1.22s device=cuda
INFO:src.estimators.masked_ae:[masked-ae] sweep lam=0.1 epoch 1/25 time=1.32s device=cuda
INFO:src.estimators.masked_ae:[masked-ae] sweep lam=0.1 epoch 2/25 time=1.22s device=cuda
INFO:src.estimators.masked_ae:[masked-ae] sweep lam=0.1 epoch 3/25 time=1.24s device=cuda
INFO:src.estimators.masked_ae:[masked-ae] sweep lam=0.1 epoch 4/25 time=1.28s device=cuda
INFO:src.estimators.masked_ae:[masked-ae] sweep lam=0.1 epoch 5/25 time=1.52s device=cuda
INFO:src.estimators.masked_ae:[masked-ae] sweep lam=0.1 epoch 6/25 time=1.31s device=cuda
INFO:src.estimators.masked_ae:[masked-ae] sweep lam=0.1 epoch 7/25 time=1.48s device=cuda
INFO:src.estimators.masked_ae:[masked-ae] sweep lam=0.1 epoch 8/25 time=1.49s device=cuda
INFO:src.estimators.masked_ae:[masked-ae] sweep lam=0.1 epoch 9/25 time=1.49s device=cuda
INFO:src.estimators.masked_ae:[masked-ae] sweep lam=0.1 epoch 10/25 time=1.34s device=cuda
INFO:src.estimators.masked_ae:[masked-ae] sweep lam=0.1 epoch 11/25 time=1.23s device=cuda
INFO:src.estimators.masked_ae:[masked-ae] sweep lam=0.1 epoch 12/25 time=1.48s device=cuda
INFO:src.estimators.masked_ae:[masked-ae] sweep lam=0.1 epoch 13/25 time=1.15s device=cuda
INFO:src.estimators.masked_ae:[masked-ae] sweep lam=0.1 epoch 14/25 time=1.19s device=cuda
INFO:src.estimators.masked_ae:[masked-ae] sweep lam=0.1 epoch 15/25 time=1.15s device=cuda
INFO:src.estimators.masked_ae:[masked-ae] sweep lam=0.1 epoch 16/25 time=1.26s device=cuda
INFO:src.estimators.masked_ae:[masked-ae] sweep lam=0.1 epoch 17/25 time=1.48s device=cuda
INFO:src.estimators.masked_ae:[masked-ae] sweep lam=0.1 epoch 18/25 time=1.35s device=cuda
INFO:src.estimators.masked_ae:[masked-ae] sweep lam=0.1 epoch 19/25 time=1.31s device=cuda
INFO:src.estimators.masked_ae:[masked-ae] sweep lam=0.1 epoch 20/25 time=1.55s device=cuda
INFO:src.estimators.masked_ae:[masked-ae] sweep lam=0.1 epoch 21/25 time=1.34s device=cuda
INFO:src.estimators.masked_ae:[masked-ae] sweep lam=0.1 epoch 22/25 time=1.52s device=cuda
INFO:src.estimators.masked_ae:[masked-ae] sweep lam=0.1 epoch 23/25 time=1.38s device=cuda
INFO:src.estimators.masked_ae:[masked-ae] sweep lam=0.1 epoch 24/25 time=1.46s device=cuda
INFO:src.estimators.masked_ae:[masked-ae] sweep lam=0.1 epoch 25/25 time=1.23s device=cuda
INFO:src.estimators.masked_ae:[masked-ae] sweep lam=0.16681005372000587 epoch 1/25 time=1.33s device=cuda
INFO:src.estimators.masked_ae:[masked-ae] sweep lam=0.16681005372000587 epoch 2/25 time=1.22s device=cuda
INFO:src.estimators.masked_ae:[masked-ae] sweep lam=0.16681005372000587 epoch 3/25 time=1.35s device=cuda
INFO:src.estimators.masked_ae:[masked-ae] sweep lam=0.16681005372000587 epoch 4/25 time=1.42s device=cuda
INFO:src.estimators.masked_ae:[masked-ae] sweep lam=0.16681005372000587 epoch 5/25 time=1.43s device=cuda
INFO:src.estimators.masked_ae:[masked-ae] sweep lam=0.16681005372000587 epoch 6/25 time=1.26s device=cuda
INFO:src.estimators.masked_ae:[masked-ae] sweep lam=0.16681005372000587 epoch 7/25 time=1.25s device=cuda
INFO:src.estimators.masked_ae:[masked-ae] sweep lam=0.16681005372000587 epoch 8/25 time=1.12s device=cuda
INFO:src.estimators.masked_ae:[masked-ae] sweep lam=0.16681005372000587 epoch 9/25 time=1.45s device=cuda
INFO:src.estimators.masked_ae:[masked-ae] sweep lam=0.16681005372000587 epoch 10/25 time=1.33s device=cuda
INFO:src.estimators.masked_ae:[masked-ae] sweep lam=0.16681005372000587 epoch 11/25 time=1.23s device=cuda
INFO:src.estimators.masked_ae:[masked-ae] sweep lam=0.16681005372000587 epoch 12/25 time=1.34s device=cuda
INFO:src.estimators.masked_ae:[masked-ae] sweep lam=0.16681005372000587 epoch 13/25 time=1.29s device=cuda
INFO:src.estimators.masked_ae:[masked-ae] sweep lam=0.16681005372000587 epoch 14/25 time=1.49s device=cuda
INFO:src.estimators.masked_ae:[masked-ae] sweep lam=0.16681005372000587 epoch 15/25 time=1.35s device=cuda
INFO:src.estimators.masked_ae:[masked-ae] sweep lam=0.16681005372000587 epoch 16/25 time=1.43s device=cuda
INFO:src.estimators.masked_ae:[masked-ae] sweep lam=0.16681005372000587 epoch 17/25 time=1.52s device=cuda
INFO:src.estimators.masked_ae:[masked-ae] sweep lam=0.16681005372000587 epoch 18/25 time=1.29s device=cuda
INFO:src.estimators.masked_ae:[masked-ae] sweep lam=0.16681005372000587 epoch 19/25 time=1.34s device=cuda
INFO:src.estimators.masked_ae:[masked-ae] sweep lam=0.16681005372000587 epoch 20/25 time=1.20s device=cuda
INFO:src.estimators.masked_ae:[masked-ae] sweep lam=0.16681005372000587 epoch 21/25 time=1.40s device=cuda
INFO:src.estimators.masked_ae:[masked-ae] sweep lam=0.16681005372000587 epoch 22/25 time=1.28s device=cuda
INFO:src.estimators.masked_ae:[masked-ae] sweep lam=0.16681005372000587 epoch 23/25 time=1.46s device=cuda
INFO:src.estimators.masked_ae:[masked-ae] sweep lam=0.16681005372000587 epoch 24/25 time=1.39s device=cuda
INFO:src.estimators.masked_ae:[masked-ae] sweep lam=0.16681005372000587 epoch 25/25 time=1.25s device=cuda
INFO:src.estimators.masked_ae:[masked-ae] sweep lam=0.2782559402207124 epoch 1/25 time=1.25s device=cuda
INFO:src.estimators.masked_ae:[masked-ae] sweep lam=0.2782559402207124 epoch 2/25 time=1.20s device=cuda
INFO:src.estimators.masked_ae:[masked-ae] sweep lam=0.2782559402207124 epoch 3/25 time=1.28s device=cuda
INFO:src.estimators.masked_ae:[masked-ae] sweep lam=0.2782559402207124 epoch 4/25 time=1.38s device=cuda
INFO:src.estimators.masked_ae:[masked-ae] sweep lam=0.2782559402207124 epoch 5/25 time=1.46s device=cuda
INFO:src.estimators.masked_ae:[masked-ae] sweep lam=0.2782559402207124 epoch 6/25 time=1.52s device=cuda
INFO:src.estimators.masked_ae:[masked-ae] sweep lam=0.2782559402207124 epoch 7/25 time=1.54s device=cuda
INFO:src.estimators.masked_ae:[masked-ae] sweep lam=0.2782559402207124 epoch 8/25 time=1.30s device=cuda
INFO:src.estimators.masked_ae:[masked-ae] sweep lam=0.2782559402207124 epoch 9/25 time=1.37s device=cuda
INFO:src.estimators.masked_ae:[masked-ae] sweep lam=0.2782559402207124 epoch 10/25 time=1.44s device=cuda
INFO:src.estimators.masked_ae:[masked-ae] sweep lam=0.2782559402207124 epoch 11/25 time=1.59s device=cuda
INFO:src.estimators.masked_ae:[masked-ae] sweep lam=0.2782559402207124 epoch 12/25 time=1.49s device=cuda
INFO:src.estimators.masked_ae:[masked-ae] sweep lam=0.2782559402207124 epoch 13/25 time=1.06s device=cuda
INFO:src.estimators.masked_ae:[masked-ae] sweep lam=0.2782559402207124 epoch 14/25 time=1.14s device=cuda
INFO:src.estimators.masked_ae:[masked-ae] sweep lam=0.2782559402207124 epoch 15/25 time=1.34s device=cuda
INFO:src.estimators.masked_ae:[masked-ae] sweep lam=0.2782559402207124 epoch 16/25 time=1.25s device=cuda
INFO:src.estimators.masked_ae:[masked-ae] sweep lam=0.2782559402207124 epoch 17/25 time=1.31s device=cuda
INFO:src.estimators.masked_ae:[masked-ae] sweep lam=0.2782559402207124 epoch 18/25 time=1.22s device=cuda
INFO:src.estimators.masked_ae:[masked-ae] sweep lam=0.2782559402207124 epoch 19/25 time=1.34s device=cuda
INFO:src.estimators.masked_ae:[masked-ae] sweep lam=0.2782559402207124 epoch 20/25 time=1.22s device=cuda
INFO:src.estimators.masked_ae:[masked-ae] sweep lam=0.2782559402207124 epoch 21/25 time=1.26s device=cuda
INFO:src.estimators.masked_ae:[masked-ae] sweep lam=0.2782559402207124 epoch 22/25 time=1.80s device=cuda
INFO:src.estimators.masked_ae:[masked-ae] sweep lam=0.2782559402207124 epoch 23/25 time=1.30s device=cuda
INFO:src.estimators.masked_ae:[masked-ae] sweep lam=0.2782559402207124 epoch 24/25 time=1.53s device=cuda
INFO:src.estimators.masked_ae:[masked-ae] sweep lam=0.2782559402207124 epoch 25/25 time=1.27s device=cuda
INFO:src.estimators.masked_ae:[masked-ae] sweep lam=0.46415888336127786 epoch 1/25 time=1.26s device=cuda
INFO:src.estimators.masked_ae:[masked-ae] sweep lam=0.46415888336127786 epoch 2/25 time=1.37s device=cuda
INFO:src.estimators.masked_ae:[masked-ae] sweep lam=0.46415888336127786 epoch 3/25 time=1.34s device=cuda
INFO:src.estimators.masked_ae:[masked-ae] sweep lam=0.46415888336127786 epoch 4/25 time=1.22s device=cuda
INFO:src.estimators.masked_ae:[masked-ae] sweep lam=0.46415888336127786 epoch 5/25 time=1.16s device=cuda
INFO:src.estimators.masked_ae:[masked-ae] sweep lam=0.46415888336127786 epoch 6/25 time=1.34s device=cuda
INFO:src.estimators.masked_ae:[masked-ae] sweep lam=0.46415888336127786 epoch 7/25 time=1.35s device=cuda
INFO:src.estimators.masked_ae:[masked-ae] sweep lam=0.46415888336127786 epoch 8/25 time=1.31s device=cuda
INFO:src.estimators.masked_ae:[masked-ae] sweep lam=0.46415888336127786 epoch 9/25 time=1.37s device=cuda
INFO:src.estimators.masked_ae:[masked-ae] sweep lam=0.46415888336127786 epoch 10/25 time=1.46s device=cuda
INFO:src.estimators.masked_ae:[masked-ae] sweep lam=0.46415888336127786 epoch 11/25 time=1.52s device=cuda
INFO:src.estimators.masked_ae:[masked-ae] sweep lam=0.46415888336127786 epoch 12/25 time=1.39s device=cuda
INFO:src.estimators.masked_ae:[masked-ae] sweep lam=0.46415888336127786 epoch 13/25 time=1.34s device=cuda
INFO:src.estimators.masked_ae:[masked-ae] sweep lam=0.46415888336127786 epoch 14/25 time=1.18s device=cuda
INFO:src.estimators.masked_ae:[masked-ae] sweep lam=0.46415888336127786 epoch 15/25 time=1.36s device=cuda
INFO:src.estimators.masked_ae:[masked-ae] sweep lam=0.46415888336127786 epoch 16/25 time=1.37s device=cuda
INFO:src.estimators.masked_ae:[masked-ae] sweep lam=0.46415888336127786 epoch 17/25 time=1.43s device=cuda
INFO:src.estimators.masked_ae:[masked-ae] sweep lam=0.46415888336127786 epoch 18/25 time=1.54s device=cuda
INFO:src.estimators.masked_ae:[masked-ae] sweep lam=0.46415888336127786 epoch 19/25 time=1.38s device=cuda
INFO:src.estimators.masked_ae:[masked-ae] sweep lam=0.46415888336127786 epoch 20/25 time=1.33s device=cuda
INFO:src.estimators.masked_ae:[masked-ae] sweep lam=0.46415888336127786 epoch 21/25 time=1.17s device=cuda
INFO:src.estimators.masked_ae:[masked-ae] sweep lam=0.46415888336127786 epoch 22/25 time=1.27s device=cuda
INFO:src.estimators.masked_ae:[masked-ae] sweep lam=0.46415888336127786 epoch 23/25 time=1.32s device=cuda
INFO:src.estimators.masked_ae:[masked-ae] sweep lam=0.46415888336127786 epoch 24/25 time=1.10s device=cuda
INFO:src.estimators.masked_ae:[masked-ae] sweep lam=0.46415888336127786 epoch 25/25 time=1.15s device=cuda
INFO:src.estimators.masked_ae:[masked-ae] sweep lam=0.774263682681127 epoch 1/25 time=1.35s device=cuda
INFO:src.estimators.masked_ae:[masked-ae] sweep lam=0.774263682681127 epoch 2/25 time=1.08s device=cuda
INFO:src.estimators.masked_ae:[masked-ae] sweep lam=0.774263682681127 epoch 3/25 time=1.05s device=cuda
INFO:src.estimators.masked_ae:[masked-ae] sweep lam=0.774263682681127 epoch 4/25 time=1.10s device=cuda
INFO:src.estimators.masked_ae:[masked-ae] sweep lam=0.774263682681127 epoch 5/25 time=1.41s device=cuda
INFO:src.estimators.masked_ae:[masked-ae] sweep lam=0.774263682681127 epoch 6/25 time=1.71s device=cuda
INFO:src.estimators.masked_ae:[masked-ae] sweep lam=0.774263682681127 epoch 7/25 time=1.43s device=cuda
INFO:src.estimators.masked_ae:[masked-ae] sweep lam=0.774263682681127 epoch 8/25 time=1.48s device=cuda
INFO:src.estimators.masked_ae:[masked-ae] sweep lam=0.774263682681127 epoch 9/25 time=1.40s device=cuda
INFO:src.estimators.masked_ae:[masked-ae] sweep lam=0.774263682681127 epoch 10/25 time=1.32s device=cuda
INFO:src.estimators.masked_ae:[masked-ae] sweep lam=0.774263682681127 epoch 11/25 time=1.41s device=cuda
INFO:src.estimators.masked_ae:[masked-ae] sweep lam=0.774263682681127 epoch 12/25 time=1.20s device=cuda
INFO:src.estimators.masked_ae:[masked-ae] sweep lam=0.774263682681127 epoch 13/25 time=1.39s device=cuda
INFO:src.estimators.masked_ae:[masked-ae] sweep lam=0.774263682681127 epoch 14/25 time=1.22s device=cuda
INFO:src.estimators.masked_ae:[masked-ae] sweep lam=0.774263682681127 epoch 15/25 time=1.07s device=cuda
INFO:src.estimators.masked_ae:[masked-ae] sweep lam=0.774263682681127 epoch 16/25 time=1.55s device=cuda
INFO:src.estimators.masked_ae:[masked-ae] sweep lam=0.774263682681127 epoch 17/25 time=1.40s device=cuda
INFO:src.estimators.masked_ae:[masked-ae] sweep lam=0.774263682681127 epoch 18/25 time=1.54s device=cuda
INFO:src.estimators.masked_ae:[masked-ae] sweep lam=0.774263682681127 epoch 19/25 time=1.15s device=cuda
INFO:src.estimators.masked_ae:[masked-ae] sweep lam=0.774263682681127 epoch 20/25 time=1.44s device=cuda
INFO:src.estimators.masked_ae:[masked-ae] sweep lam=0.774263682681127 epoch 21/25 time=1.42s device=cuda
INFO:src.estimators.masked_ae:[masked-ae] sweep lam=0.774263682681127 epoch 22/25 time=1.45s device=cuda
INFO:src.estimators.masked_ae:[masked-ae] sweep lam=0.774263682681127 epoch 23/25 time=1.47s device=cuda
INFO:src.estimators.masked_ae:[masked-ae] sweep lam=0.774263682681127 epoch 24/25 time=1.32s device=cuda
INFO:src.estimators.masked_ae:[masked-ae] sweep lam=0.774263682681127 epoch 25/25 time=1.32s device=cuda
INFO:src.estimators.masked_ae:[masked-ae] sweep lam=1.291549665014884 epoch 1/25 time=1.21s device=cuda
INFO:src.estimators.masked_ae:[masked-ae] sweep lam=1.291549665014884 epoch 2/25 time=1.29s device=cuda
INFO:src.estimators.masked_ae:[masked-ae] sweep lam=1.291549665014884 epoch 3/25 time=1.36s device=cuda
INFO:src.estimators.masked_ae:[masked-ae] sweep lam=1.291549665014884 epoch 4/25 time=1.45s device=cuda
INFO:src.estimators.masked_ae:[masked-ae] sweep lam=1.291549665014884 epoch 5/25 time=1.13s device=cuda
INFO:src.estimators.masked_ae:[masked-ae] sweep lam=1.291549665014884 epoch 6/25 time=1.37s device=cuda
INFO:src.estimators.masked_ae:[masked-ae] sweep lam=1.291549665014884 epoch 7/25 time=1.44s device=cuda
INFO:src.estimators.masked_ae:[masked-ae] sweep lam=1.291549665014884 epoch 8/25 time=1.26s device=cuda
INFO:src.estimators.masked_ae:[masked-ae] sweep lam=1.291549665014884 epoch 9/25 time=1.31s device=cuda
INFO:src.estimators.masked_ae:[masked-ae] sweep lam=1.291549665014884 epoch 10/25 time=1.31s device=cuda
INFO:src.estimators.masked_ae:[masked-ae] sweep lam=1.291549665014884 epoch 11/25 time=1.40s device=cuda
INFO:src.estimators.masked_ae:[masked-ae] sweep lam=1.291549665014884 epoch 12/25 time=1.52s device=cuda
INFO:src.estimators.masked_ae:[masked-ae] sweep lam=1.291549665014884 epoch 13/25 time=1.33s device=cuda
INFO:src.estimators.masked_ae:[masked-ae] sweep lam=1.291549665014884 epoch 14/25 time=1.17s device=cuda
INFO:src.estimators.masked_ae:[masked-ae] sweep lam=1.291549665014884 epoch 15/25 time=1.38s device=cuda
INFO:src.estimators.masked_ae:[masked-ae] sweep lam=1.291549665014884 epoch 16/25 time=1.11s device=cuda
INFO:src.estimators.masked_ae:[masked-ae] sweep lam=1.291549665014884 epoch 17/25 time=1.41s device=cuda
INFO:src.estimators.masked_ae:[masked-ae] sweep lam=1.291549665014884 epoch 18/25 time=1.25s device=cuda
INFO:src.estimators.masked_ae:[masked-ae] sweep lam=1.291549665014884 epoch 19/25 time=1.12s device=cuda
INFO:src.estimators.masked_ae:[masked-ae] sweep lam=1.291549665014884 epoch 20/25 time=1.39s device=cuda
INFO:src.estimators.masked_ae:[masked-ae] sweep lam=1.291549665014884 epoch 21/25 time=1.04s device=cuda
INFO:src.estimators.masked_ae:[masked-ae] sweep lam=1.291549665014884 epoch 22/25 time=1.44s device=cuda
INFO:src.estimators.masked_ae:[masked-ae] sweep lam=1.291549665014884 epoch 23/25 time=1.38s device=cuda
INFO:src.estimators.masked_ae:[masked-ae] sweep lam=1.291549665014884 epoch 24/25 time=1.53s device=cuda
INFO:src.estimators.masked_ae:[masked-ae] sweep lam=1.291549665014884 epoch 25/25 time=1.36s device=cuda
INFO:src.estimators.masked_ae:[masked-ae] sweep lam=2.1544346900318834 epoch 1/25 time=1.40s device=cuda
INFO:src.estimators.masked_ae:[masked-ae] sweep lam=2.1544346900318834 epoch 2/25 time=1.46s device=cuda
INFO:src.estimators.masked_ae:[masked-ae] sweep lam=2.1544346900318834 epoch 3/25 time=1.22s device=cuda
INFO:src.estimators.masked_ae:[masked-ae] sweep lam=2.1544346900318834 epoch 4/25 time=1.43s device=cuda
INFO:src.estimators.masked_ae:[masked-ae] sweep lam=2.1544346900318834 epoch 5/25 time=1.34s device=cuda
INFO:src.estimators.masked_ae:[masked-ae] sweep lam=2.1544346900318834 epoch 6/25 time=1.20s device=cuda
INFO:src.estimators.masked_ae:[masked-ae] sweep lam=2.1544346900318834 epoch 7/25 time=1.37s device=cuda
INFO:src.estimators.masked_ae:[masked-ae] sweep lam=2.1544346900318834 epoch 8/25 time=1.40s device=cuda
INFO:src.estimators.masked_ae:[masked-ae] sweep lam=2.1544346900318834 epoch 9/25 time=1.28s device=cuda
INFO:src.estimators.masked_ae:[masked-ae] sweep lam=2.1544346900318834 epoch 10/25 time=1.26s device=cuda
INFO:src.estimators.masked_ae:[masked-ae] sweep lam=2.1544346900318834 epoch 11/25 time=1.14s device=cuda
INFO:src.estimators.masked_ae:[masked-ae] sweep lam=2.1544346900318834 epoch 12/25 time=1.11s device=cuda
INFO:src.estimators.masked_ae:[masked-ae] sweep lam=2.1544346900318834 epoch 13/25 time=1.34s device=cuda
INFO:src.estimators.masked_ae:[masked-ae] sweep lam=2.1544346900318834 epoch 14/25 time=1.20s device=cuda
INFO:src.estimators.masked_ae:[masked-ae] sweep lam=2.1544346900318834 epoch 15/25 time=1.22s device=cuda
INFO:src.estimators.masked_ae:[masked-ae] sweep lam=2.1544346900318834 epoch 16/25 time=1.27s device=cuda
INFO:src.estimators.masked_ae:[masked-ae] sweep lam=2.1544346900318834 epoch 17/25 time=1.21s device=cuda
INFO:src.estimators.masked_ae:[masked-ae] sweep lam=2.1544346900318834 epoch 18/25 time=1.35s device=cuda
INFO:src.estimators.masked_ae:[masked-ae] sweep lam=2.1544346900318834 epoch 19/25 time=1.38s device=cuda
INFO:src.estimators.masked_ae:[masked-ae] sweep lam=2.1544346900318834 epoch 20/25 time=1.43s device=cuda
INFO:src.estimators.masked_ae:[masked-ae] sweep lam=2.1544346900318834 epoch 21/25 time=1.35s device=cuda
INFO:src.estimators.masked_ae:[masked-ae] sweep lam=2.1544346900318834 epoch 22/25 time=1.33s device=cuda
INFO:src.estimators.masked_ae:[masked-ae] sweep lam=2.1544346900318834 epoch 23/25 time=1.30s device=cuda
INFO:src.estimators.masked_ae:[masked-ae] sweep lam=2.1544346900318834 epoch 24/25 time=1.31s device=cuda
INFO:src.estimators.masked_ae:[masked-ae] sweep lam=2.1544346900318834 epoch 25/25 time=1.17s device=cuda
INFO:src.estimators.masked_ae:[masked-ae] sweep lam=3.593813663804626 epoch 1/25 time=1.04s device=cuda
INFO:src.estimators.masked_ae:[masked-ae] sweep lam=3.593813663804626 epoch 2/25 time=1.19s device=cuda
INFO:src.estimators.masked_ae:[masked-ae] sweep lam=3.593813663804626 epoch 3/25 time=1.38s device=cuda
INFO:src.estimators.masked_ae:[masked-ae] sweep lam=3.593813663804626 epoch 4/25 time=1.47s device=cuda
INFO:src.estimators.masked_ae:[masked-ae] sweep lam=3.593813663804626 epoch 5/25 time=1.43s device=cuda
INFO:src.estimators.masked_ae:[masked-ae] sweep lam=3.593813663804626 epoch 6/25 time=1.31s device=cuda
INFO:src.estimators.masked_ae:[masked-ae] sweep lam=3.593813663804626 epoch 7/25 time=1.54s device=cuda
INFO:src.estimators.masked_ae:[masked-ae] sweep lam=3.593813663804626 epoch 8/25 time=1.34s device=cuda
INFO:src.estimators.masked_ae:[masked-ae] sweep lam=3.593813663804626 epoch 9/25 time=1.46s device=cuda
INFO:src.estimators.masked_ae:[masked-ae] sweep lam=3.593813663804626 epoch 10/25 time=1.36s device=cuda
INFO:src.estimators.masked_ae:[masked-ae] sweep lam=3.593813663804626 epoch 11/25 time=1.50s device=cuda
INFO:src.estimators.masked_ae:[masked-ae] sweep lam=3.593813663804626 epoch 12/25 time=1.31s device=cuda
INFO:src.estimators.masked_ae:[masked-ae] sweep lam=3.593813663804626 epoch 13/25 time=1.19s device=cuda
INFO:src.estimators.masked_ae:[masked-ae] sweep lam=3.593813663804626 epoch 14/25 time=1.22s device=cuda
INFO:src.estimators.masked_ae:[masked-ae] sweep lam=3.593813663804626 epoch 15/25 time=1.30s device=cuda
INFO:src.estimators.masked_ae:[masked-ae] sweep lam=3.593813663804626 epoch 16/25 time=1.36s device=cuda
INFO:src.estimators.masked_ae:[masked-ae] sweep lam=3.593813663804626 epoch 17/25 time=1.40s device=cuda
INFO:src.estimators.masked_ae:[masked-ae] sweep lam=3.593813663804626 epoch 18/25 time=1.44s device=cuda
INFO:src.estimators.masked_ae:[masked-ae] sweep lam=3.593813663804626 epoch 19/25 time=1.33s device=cuda
INFO:src.estimators.masked_ae:[masked-ae] sweep lam=3.593813663804626 epoch 20/25 time=1.52s device=cuda
INFO:src.estimators.masked_ae:[masked-ae] sweep lam=3.593813663804626 epoch 21/25 time=1.32s device=cuda
INFO:src.estimators.masked_ae:[masked-ae] sweep lam=3.593813663804626 epoch 22/25 time=1.41s device=cuda
INFO:src.estimators.masked_ae:[masked-ae] sweep lam=3.593813663804626 epoch 23/25 time=1.51s device=cuda
INFO:src.estimators.masked_ae:[masked-ae] sweep lam=3.593813663804626 epoch 24/25 time=1.17s device=cuda
INFO:src.estimators.masked_ae:[masked-ae] sweep lam=3.593813663804626 epoch 25/25 time=1.45s device=cuda
INFO:src.estimators.masked_ae:[masked-ae] sweep lam=5.994842503189409 epoch 1/25 time=1.33s device=cuda
INFO:src.estimators.masked_ae:[masked-ae] sweep lam=5.994842503189409 epoch 2/25 time=1.45s device=cuda
INFO:src.estimators.masked_ae:[masked-ae] sweep lam=5.994842503189409 epoch 3/25 time=1.33s device=cuda
INFO:src.estimators.masked_ae:[masked-ae] sweep lam=5.994842503189409 epoch 4/25 time=1.33s device=cuda
INFO:src.estimators.masked_ae:[masked-ae] sweep lam=5.994842503189409 epoch 5/25 time=1.24s device=cuda
INFO:src.estimators.masked_ae:[masked-ae] sweep lam=5.994842503189409 epoch 6/25 time=1.15s device=cuda
INFO:src.estimators.masked_ae:[masked-ae] sweep lam=5.994842503189409 epoch 7/25 time=1.51s device=cuda
INFO:src.estimators.masked_ae:[masked-ae] sweep lam=5.994842503189409 epoch 8/25 time=1.23s device=cuda
INFO:src.estimators.masked_ae:[masked-ae] sweep lam=5.994842503189409 epoch 9/25 time=1.21s device=cuda
INFO:src.estimators.masked_ae:[masked-ae] sweep lam=5.994842503189409 epoch 10/25 time=1.17s device=cuda
INFO:src.estimators.masked_ae:[masked-ae] sweep lam=5.994842503189409 epoch 11/25 time=1.18s device=cuda
INFO:src.estimators.masked_ae:[masked-ae] sweep lam=5.994842503189409 epoch 12/25 time=1.43s device=cuda
INFO:src.estimators.masked_ae:[masked-ae] sweep lam=5.994842503189409 epoch 13/25 time=1.64s device=cuda
INFO:src.estimators.masked_ae:[masked-ae] sweep lam=5.994842503189409 epoch 14/25 time=1.33s device=cuda
INFO:src.estimators.masked_ae:[masked-ae] sweep lam=5.994842503189409 epoch 15/25 time=1.45s device=cuda
INFO:src.estimators.masked_ae:[masked-ae] sweep lam=5.994842503189409 epoch 16/25 time=1.28s device=cuda
INFO:src.estimators.masked_ae:[masked-ae] sweep lam=5.994842503189409 epoch 17/25 time=1.31s device=cuda
INFO:src.estimators.masked_ae:[masked-ae] sweep lam=5.994842503189409 epoch 18/25 time=1.37s device=cuda
INFO:src.estimators.masked_ae:[masked-ae] sweep lam=5.994842503189409 epoch 19/25 time=1.30s device=cuda
INFO:src.estimators.masked_ae:[masked-ae] sweep lam=5.994842503189409 epoch 20/25 time=1.12s device=cuda
INFO:src.estimators.masked_ae:[masked-ae] sweep lam=5.994842503189409 epoch 21/25 time=1.49s device=cuda
INFO:src.estimators.masked_ae:[masked-ae] sweep lam=5.994842503189409 epoch 22/25 time=1.36s device=cuda
INFO:src.estimators.masked_ae:[masked-ae] sweep lam=5.994842503189409 epoch 23/25 time=1.34s device=cuda
INFO:src.estimators.masked_ae:[masked-ae] sweep lam=5.994842503189409 epoch 24/25 time=1.46s device=cuda
INFO:src.estimators.masked_ae:[masked-ae] sweep lam=5.994842503189409 epoch 25/25 time=1.53s device=cuda
INFO:src.estimators.masked_ae:[masked-ae] sweep lam=10.0 epoch 1/25 time=1.50s device=cuda
INFO:src.estimators.masked_ae:[masked-ae] sweep lam=10.0 epoch 2/25 time=1.48s device=cuda
INFO:src.estimators.masked_ae:[masked-ae] sweep lam=10.0 epoch 3/25 time=1.41s device=cuda
INFO:src.estimators.masked_ae:[masked-ae] sweep lam=10.0 epoch 4/25 time=1.22s device=cuda
INFO:src.estimators.masked_ae:[masked-ae] sweep lam=10.0 epoch 5/25 time=1.21s device=cuda
INFO:src.estimators.masked_ae:[masked-ae] sweep lam=10.0 epoch 6/25 time=1.36s device=cuda
INFO:src.estimators.masked_ae:[masked-ae] sweep lam=10.0 epoch 7/25 time=1.39s device=cuda
INFO:src.estimators.masked_ae:[masked-ae] sweep lam=10.0 epoch 8/25 time=1.25s device=cuda
INFO:src.estimators.masked_ae:[masked-ae] sweep lam=10.0 epoch 9/25 time=1.18s device=cuda
INFO:src.estimators.masked_ae:[masked-ae] sweep lam=10.0 epoch 10/25 time=1.52s device=cuda
INFO:src.estimators.masked_ae:[masked-ae] sweep lam=10.0 epoch 11/25 time=1.29s device=cuda
INFO:src.estimators.masked_ae:[masked-ae] sweep lam=10.0 epoch 12/25 time=1.58s device=cuda
INFO:src.estimators.masked_ae:[masked-ae] sweep lam=10.0 epoch 13/25 time=1.49s device=cuda
INFO:src.estimators.masked_ae:[masked-ae] sweep lam=10.0 epoch 14/25 time=1.16s device=cuda
INFO:src.estimators.masked_ae:[masked-ae] sweep lam=10.0 epoch 15/25 time=1.47s device=cuda
INFO:src.estimators.masked_ae:[masked-ae] sweep lam=10.0 epoch 16/25 time=1.15s device=cuda
INFO:src.estimators.masked_ae:[masked-ae] sweep lam=10.0 epoch 17/25 time=1.39s device=cuda
INFO:src.estimators.masked_ae:[masked-ae] sweep lam=10.0 epoch 18/25 time=1.41s device=cuda
INFO:src.estimators.masked_ae:[masked-ae] sweep lam=10.0 epoch 19/25 time=1.21s device=cuda
INFO:src.estimators.masked_ae:[masked-ae] sweep lam=10.0 epoch 20/25 time=1.59s device=cuda
INFO:src.estimators.masked_ae:[masked-ae] sweep lam=10.0 epoch 21/25 time=1.30s device=cuda
INFO:src.estimators.masked_ae:[masked-ae] sweep lam=10.0 epoch 22/25 time=1.44s device=cuda
INFO:src.estimators.masked_ae:[masked-ae] sweep lam=10.0 epoch 23/25 time=1.12s device=cuda
INFO:src.estimators.masked_ae:[masked-ae] sweep lam=10.0 epoch 24/25 time=1.26s device=cuda
INFO:src.estimators.masked_ae:[masked-ae] sweep lam=10.0 epoch 25/25 time=1.21s device=cuda
INFO:src.estimators.masked_ae:[masked-ae] retrain epoch 1/10 time=1.44s device=cuda
INFO:src.estimators.masked_ae:[masked-ae] retrain epoch 2/10 time=1.53s device=cuda
INFO:src.estimators.masked_ae:[masked-ae] retrain epoch 3/10 time=1.54s device=cuda
INFO:src.estimators.masked_ae:[masked-ae] retrain epoch 4/10 time=1.45s device=cuda
INFO:src.estimators.masked_ae:[masked-ae] retrain epoch 5/10 time=1.29s device=cuda
INFO:src.estimators.masked_ae:[masked-ae] retrain epoch 6/10 time=1.10s device=cuda
INFO:src.estimators.masked_ae:[masked-ae] retrain epoch 7/10 time=1.48s device=cuda
INFO:src.estimators.masked_ae:[masked-ae] retrain epoch 8/10 time=1.32s device=cuda
INFO:src.estimators.masked_ae:[masked-ae] retrain epoch 9/10 time=1.28s device=cuda
INFO:src.estimators.masked_ae:[masked-ae] retrain epoch 10/10 time=1.34s device=cuda
INFO:repair_masked_ae:Group ('mnist', 7, 0.0, 0) repaired: estimate=19.0 elapsed_s=365.02 device=cuda samples=60000 rows=5
INFO:repair_masked_ae:Processing group key=('mnist', 7, 0.25, 0) with 5 rows; example row 240
INFO:src.estimators.masked_ae:[masked-ae] pretrain epoch 1/10 time=1.17s device=cuda
INFO:src.estimators.masked_ae:[masked-ae] pretrain epoch 2/10 time=1.59s device=cuda
INFO:src.estimators.masked_ae:[masked-ae] pretrain epoch 3/10 time=1.17s device=cuda
INFO:src.estimators.masked_ae:[masked-ae] pretrain epoch 4/10 time=1.22s device=cuda
INFO:src.estimators.masked_ae:[masked-ae] pretrain epoch 5/10 time=1.20s device=cuda
INFO:src.estimators.masked_ae:[masked-ae] pretrain epoch 6/10 time=1.22s device=cuda
INFO:src.estimators.masked_ae:[masked-ae] pretrain epoch 7/10 time=1.15s device=cuda
INFO:src.estimators.masked_ae:[masked-ae] pretrain epoch 8/10 time=1.28s device=cuda
INFO:src.estimators.masked_ae:[masked-ae] pretrain epoch 9/10 time=1.15s device=cuda
INFO:src.estimators.masked_ae:[masked-ae] pretrain epoch 10/10 time=1.31s device=cuda
INFO:src.estimators.masked_ae:[masked-ae] sweep lam=0.1 epoch 1/25 time=1.22s device=cuda
INFO:src.estimators.masked_ae:[masked-ae] sweep lam=0.1 epoch 2/25 time=1.25s device=cuda
INFO:src.estimators.masked_ae:[masked-ae] sweep lam=0.1 epoch 3/25 time=1.42s device=cuda
INFO:src.estimators.masked_ae:[masked-ae] sweep lam=0.1 epoch 4/25 time=1.29s device=cuda
INFO:src.estimators.masked_ae:[masked-ae] sweep lam=0.1 epoch 5/25 time=1.16s device=cuda
INFO:src.estimators.masked_ae:[masked-ae] sweep lam=0.1 epoch 6/25 time=1.26s device=cuda
INFO:src.estimators.masked_ae:[masked-ae] sweep lam=0.1 epoch 7/25 time=1.57s device=cuda
INFO:src.estimators.masked_ae:[masked-ae] sweep lam=0.1 epoch 8/25 time=1.26s device=cuda
INFO:src.estimators.masked_ae:[masked-ae] sweep lam=0.1 epoch 9/25 time=1.07s device=cuda
INFO:src.estimators.masked_ae:[masked-ae] sweep lam=0.1 epoch 10/25 time=1.39s device=cuda
INFO:src.estimators.masked_ae:[masked-ae] sweep lam=0.1 epoch 11/25 time=1.44s device=cuda
INFO:src.estimators.masked_ae:[masked-ae] sweep lam=0.1 epoch 12/25 time=1.31s device=cuda
INFO:src.estimators.masked_ae:[masked-ae] sweep lam=0.1 epoch 13/25 time=1.42s device=cuda
INFO:src.estimators.masked_ae:[masked-ae] sweep lam=0.1 epoch 14/25 time=1.41s device=cuda
INFO:src.estimators.masked_ae:[masked-ae] sweep lam=0.1 epoch 15/25 time=1.25s device=cuda
INFO:src.estimators.masked_ae:[masked-ae] sweep lam=0.1 epoch 16/25 time=1.58s device=cuda
INFO:src.estimators.masked_ae:[masked-ae] sweep lam=0.1 epoch 17/25 time=1.36s device=cuda
INFO:src.estimators.masked_ae:[masked-ae] sweep lam=0.1 epoch 18/25 time=1.23s device=cuda
INFO:src.estimators.masked_ae:[masked-ae] sweep lam=0.1 epoch 19/25 time=1.38s device=cuda
INFO:src.estimators.masked_ae:[masked-ae] sweep lam=0.1 epoch 20/25 time=1.30s device=cuda
INFO:src.estimators.masked_ae:[masked-ae] sweep lam=0.1 epoch 21/25 time=1.65s device=cuda
INFO:src.estimators.masked_ae:[masked-ae] sweep lam=0.1 epoch 22/25 time=1.25s device=cuda
INFO:src.estimators.masked_ae:[masked-ae] sweep lam=0.1 epoch 23/25 time=1.60s device=cuda
INFO:src.estimators.masked_ae:[masked-ae] sweep lam=0.1 epoch 24/25 time=1.42s device=cuda
INFO:src.estimators.masked_ae:[masked-ae] sweep lam=0.1 epoch 25/25 time=1.43s device=cuda
INFO:src.estimators.masked_ae:[masked-ae] sweep lam=0.16681005372000587 epoch 1/25 time=1.46s device=cuda
INFO:src.estimators.masked_ae:[masked-ae] sweep lam=0.16681005372000587 epoch 2/25 time=1.25s device=cuda
INFO:src.estimators.masked_ae:[masked-ae] sweep lam=0.16681005372000587 epoch 3/25 time=1.25s device=cuda
INFO:src.estimators.masked_ae:[masked-ae] sweep lam=0.16681005372000587 epoch 4/25 time=1.32s device=cuda
INFO:src.estimators.masked_ae:[masked-ae] sweep lam=0.16681005372000587 epoch 5/25 time=1.23s device=cuda
INFO:src.estimators.masked_ae:[masked-ae] sweep lam=0.16681005372000587 epoch 6/25 time=1.50s device=cuda
INFO:src.estimators.masked_ae:[masked-ae] sweep lam=0.16681005372000587 epoch 7/25 time=1.25s device=cuda
INFO:src.estimators.masked_ae:[masked-ae] sweep lam=0.16681005372000587 epoch 8/25 time=1.64s device=cuda
INFO:src.estimators.masked_ae:[masked-ae] sweep lam=0.16681005372000587 epoch 9/25 time=1.34s device=cuda
INFO:src.estimators.masked_ae:[masked-ae] sweep lam=0.16681005372000587 epoch 10/25 time=1.13s device=cuda
INFO:src.estimators.masked_ae:[masked-ae] sweep lam=0.16681005372000587 epoch 11/25 time=1.39s device=cuda
INFO:src.estimators.masked_ae:[masked-ae] sweep lam=0.16681005372000587 epoch 12/25 time=1.39s device=cuda
INFO:src.estimators.masked_ae:[masked-ae] sweep lam=0.16681005372000587 epoch 13/25 time=1.31s device=cuda
INFO:src.estimators.masked_ae:[masked-ae] sweep lam=0.16681005372000587 epoch 14/25 time=1.18s device=cuda
INFO:src.estimators.masked_ae:[masked-ae] sweep lam=0.16681005372000587 epoch 15/25 time=1.39s device=cuda
INFO:src.estimators.masked_ae:[masked-ae] sweep lam=0.16681005372000587 epoch 16/25 time=1.19s device=cuda
INFO:src.estimators.masked_ae:[masked-ae] sweep lam=0.16681005372000587 epoch 17/25 time=1.36s device=cuda
INFO:src.estimators.masked_ae:[masked-ae] sweep lam=0.16681005372000587 epoch 18/25 time=1.43s device=cuda
INFO:src.estimators.masked_ae:[masked-ae] sweep lam=0.16681005372000587 epoch 19/25 time=1.43s device=cuda
INFO:src.estimators.masked_ae:[masked-ae] sweep lam=0.16681005372000587 epoch 20/25 time=1.17s device=cuda
INFO:src.estimators.masked_ae:[masked-ae] sweep lam=0.16681005372000587 epoch 21/25 time=1.35s device=cuda
INFO:src.estimators.masked_ae:[masked-ae] sweep lam=0.16681005372000587 epoch 22/25 time=1.44s device=cuda
INFO:src.estimators.masked_ae:[masked-ae] sweep lam=0.16681005372000587 epoch 23/25 time=1.32s device=cuda
INFO:src.estimators.masked_ae:[masked-ae] sweep lam=0.16681005372000587 epoch 24/25 time=1.24s device=cuda
INFO:src.estimators.masked_ae:[masked-ae] sweep lam=0.16681005372000587 epoch 25/25 time=1.47s device=cuda
INFO:src.estimators.masked_ae:[masked-ae] sweep lam=0.2782559402207124 epoch 1/25 time=1.50s device=cuda
INFO:src.estimators.masked_ae:[masked-ae] sweep lam=0.2782559402207124 epoch 2/25 time=1.23s device=cuda
INFO:src.estimators.masked_ae:[masked-ae] sweep lam=0.2782559402207124 epoch 3/25 time=1.44s device=cuda
INFO:src.estimators.masked_ae:[masked-ae] sweep lam=0.2782559402207124 epoch 4/25 time=1.50s device=cuda
INFO:src.estimators.masked_ae:[masked-ae] sweep lam=0.2782559402207124 epoch 5/25 time=1.22s device=cuda
INFO:src.estimators.masked_ae:[masked-ae] sweep lam=0.2782559402207124 epoch 6/25 time=1.52s device=cuda
INFO:src.estimators.masked_ae:[masked-ae] sweep lam=0.2782559402207124 epoch 7/25 time=1.36s device=cuda
INFO:src.estimators.masked_ae:[masked-ae] sweep lam=0.2782559402207124 epoch 8/25 time=1.26s device=cuda
INFO:src.estimators.masked_ae:[masked-ae] sweep lam=0.2782559402207124 epoch 9/25 time=1.46s device=cuda
INFO:src.estimators.masked_ae:[masked-ae] sweep lam=0.2782559402207124 epoch 10/25 time=1.37s device=cuda
INFO:src.estimators.masked_ae:[masked-ae] sweep lam=0.2782559402207124 epoch 11/25 time=1.33s device=cuda
INFO:src.estimators.masked_ae:[masked-ae] sweep lam=0.2782559402207124 epoch 12/25 time=1.27s device=cuda
INFO:src.estimators.masked_ae:[masked-ae] sweep lam=0.2782559402207124 epoch 13/25 time=1.52s device=cuda
INFO:src.estimators.masked_ae:[masked-ae] sweep lam=0.2782559402207124 epoch 14/25 time=1.21s device=cuda
INFO:src.estimators.masked_ae:[masked-ae] sweep lam=0.2782559402207124 epoch 15/25 time=1.31s device=cuda
INFO:src.estimators.masked_ae:[masked-ae] sweep lam=0.2782559402207124 epoch 16/25 time=1.50s device=cuda
INFO:src.estimators.masked_ae:[masked-ae] sweep lam=0.2782559402207124 epoch 17/25 time=1.32s device=cuda
INFO:src.estimators.masked_ae:[masked-ae] sweep lam=0.2782559402207124 epoch 18/25 time=1.21s device=cuda
INFO:src.estimators.masked_ae:[masked-ae] sweep lam=0.2782559402207124 epoch 19/25 time=1.38s device=cuda
INFO:src.estimators.masked_ae:[masked-ae] sweep lam=0.2782559402207124 epoch 20/25 time=1.37s device=cuda
INFO:src.estimators.masked_ae:[masked-ae] sweep lam=0.2782559402207124 epoch 21/25 time=1.43s device=cuda
INFO:src.estimators.masked_ae:[masked-ae] sweep lam=0.2782559402207124 epoch 22/25 time=1.25s device=cuda
INFO:src.estimators.masked_ae:[masked-ae] sweep lam=0.2782559402207124 epoch 23/25 time=1.44s device=cuda
INFO:src.estimators.masked_ae:[masked-ae] sweep lam=0.2782559402207124 epoch 24/25 time=1.59s device=cuda
INFO:src.estimators.masked_ae:[masked-ae] sweep lam=0.2782559402207124 epoch 25/25 time=1.53s device=cuda
INFO:src.estimators.masked_ae:[masked-ae] sweep lam=0.46415888336127786 epoch 1/25 time=1.48s device=cuda
INFO:src.estimators.masked_ae:[masked-ae] sweep lam=0.46415888336127786 epoch 2/25 time=1.38s device=cuda
INFO:src.estimators.masked_ae:[masked-ae] sweep lam=0.46415888336127786 epoch 3/25 time=1.50s device=cuda
INFO:src.estimators.masked_ae:[masked-ae] sweep lam=0.46415888336127786 epoch 4/25 time=1.33s device=cuda
INFO:src.estimators.masked_ae:[masked-ae] sweep lam=0.46415888336127786 epoch 5/25 time=1.60s device=cuda
INFO:src.estimators.masked_ae:[masked-ae] sweep lam=0.46415888336127786 epoch 6/25 time=1.58s device=cuda
INFO:src.estimators.masked_ae:[masked-ae] sweep lam=0.46415888336127786 epoch 7/25 time=1.65s device=cuda
INFO:src.estimators.masked_ae:[masked-ae] sweep lam=0.46415888336127786 epoch 8/25 time=1.44s device=cuda
INFO:src.estimators.masked_ae:[masked-ae] sweep lam=0.46415888336127786 epoch 9/25 time=1.23s device=cuda
INFO:src.estimators.masked_ae:[masked-ae] sweep lam=0.46415888336127786 epoch 10/25 time=1.28s device=cuda
INFO:src.estimators.masked_ae:[masked-ae] sweep lam=0.46415888336127786 epoch 11/25 time=1.59s device=cuda
INFO:src.estimators.masked_ae:[masked-ae] sweep lam=0.46415888336127786 epoch 12/25 time=1.32s device=cuda
INFO:src.estimators.masked_ae:[masked-ae] sweep lam=0.46415888336127786 epoch 13/25 time=1.40s device=cuda
INFO:src.estimators.masked_ae:[masked-ae] sweep lam=0.46415888336127786 epoch 14/25 time=1.54s device=cuda
INFO:src.estimators.masked_ae:[masked-ae] sweep lam=0.46415888336127786 epoch 15/25 time=1.05s device=cuda
INFO:src.estimators.masked_ae:[masked-ae] sweep lam=0.46415888336127786 epoch 16/25 time=1.44s device=cuda
INFO:src.estimators.masked_ae:[masked-ae] sweep lam=0.46415888336127786 epoch 17/25 time=1.12s device=cuda
INFO:src.estimators.masked_ae:[masked-ae] sweep lam=0.46415888336127786 epoch 18/25 time=1.31s device=cuda
INFO:src.estimators.masked_ae:[masked-ae] sweep lam=0.46415888336127786 epoch 19/25 time=1.39s device=cuda
INFO:src.estimators.masked_ae:[masked-ae] sweep lam=0.46415888336127786 epoch 20/25 time=1.24s device=cuda
INFO:src.estimators.masked_ae:[masked-ae] sweep lam=0.46415888336127786 epoch 21/25 time=1.38s device=cuda
INFO:src.estimators.masked_ae:[masked-ae] sweep lam=0.46415888336127786 epoch 22/25 time=1.34s device=cuda
INFO:src.estimators.masked_ae:[masked-ae] sweep lam=0.46415888336127786 epoch 23/25 time=1.30s device=cuda
INFO:src.estimators.masked_ae:[masked-ae] sweep lam=0.46415888336127786 epoch 24/25 time=1.38s device=cuda
INFO:src.estimators.masked_ae:[masked-ae] sweep lam=0.46415888336127786 epoch 25/25 time=1.26s device=cuda
INFO:src.estimators.masked_ae:[masked-ae] sweep lam=0.774263682681127 epoch 1/25 time=1.41s device=cuda
INFO:src.estimators.masked_ae:[masked-ae] sweep lam=0.774263682681127 epoch 2/25 time=1.38s device=cuda
INFO:src.estimators.masked_ae:[masked-ae] sweep lam=0.774263682681127 epoch 3/25 time=1.25s device=cuda
INFO:src.estimators.masked_ae:[masked-ae] sweep lam=0.774263682681127 epoch 4/25 time=1.46s device=cuda
INFO:src.estimators.masked_ae:[masked-ae] sweep lam=0.774263682681127 epoch 5/25 time=1.24s device=cuda
INFO:src.estimators.masked_ae:[masked-ae] sweep lam=0.774263682681127 epoch 6/25 time=1.46s device=cuda
INFO:src.estimators.masked_ae:[masked-ae] sweep lam=0.774263682681127 epoch 7/25 time=1.44s device=cuda
INFO:src.estimators.masked_ae:[masked-ae] sweep lam=0.774263682681127 epoch 8/25 time=1.57s device=cuda
INFO:src.estimators.masked_ae:[masked-ae] sweep lam=0.774263682681127 epoch 9/25 time=1.56s device=cuda
INFO:src.estimators.masked_ae:[masked-ae] sweep lam=0.774263682681127 epoch 10/25 time=1.40s device=cuda
INFO:src.estimators.masked_ae:[masked-ae] sweep lam=0.774263682681127 epoch 11/25 time=1.50s device=cuda
INFO:src.estimators.masked_ae:[masked-ae] sweep lam=0.774263682681127 epoch 12/25 time=1.50s device=cuda
INFO:src.estimators.masked_ae:[masked-ae] sweep lam=0.774263682681127 epoch 13/25 time=1.32s device=cuda
INFO:src.estimators.masked_ae:[masked-ae] sweep lam=0.774263682681127 epoch 14/25 time=1.43s device=cuda
INFO:src.estimators.masked_ae:[masked-ae] sweep lam=0.774263682681127 epoch 15/25 time=1.45s device=cuda
INFO:src.estimators.masked_ae:[masked-ae] sweep lam=0.774263682681127 epoch 16/25 time=1.40s device=cuda
INFO:src.estimators.masked_ae:[masked-ae] sweep lam=0.774263682681127 epoch 17/25 time=1.39s device=cuda
INFO:src.estimators.masked_ae:[masked-ae] sweep lam=0.774263682681127 epoch 18/25 time=1.34s device=cuda
INFO:src.estimators.masked_ae:[masked-ae] sweep lam=0.774263682681127 epoch 19/25 time=1.29s device=cuda
INFO:src.estimators.masked_ae:[masked-ae] sweep lam=0.774263682681127 epoch 20/25 time=1.36s device=cuda
INFO:src.estimators.masked_ae:[masked-ae] sweep lam=0.774263682681127 epoch 21/25 time=1.29s device=cuda
INFO:src.estimators.masked_ae:[masked-ae] sweep lam=0.774263682681127 epoch 22/25 time=1.33s device=cuda
INFO:src.estimators.masked_ae:[masked-ae] sweep lam=0.774263682681127 epoch 23/25 time=1.46s device=cuda
INFO:src.estimators.masked_ae:[masked-ae] sweep lam=0.774263682681127 epoch 24/25 time=1.38s device=cuda
INFO:src.estimators.masked_ae:[masked-ae] sweep lam=0.774263682681127 epoch 25/25 time=1.44s device=cuda
INFO:src.estimators.masked_ae:[masked-ae] sweep lam=1.291549665014884 epoch 1/25 time=1.39s device=cuda
INFO:src.estimators.masked_ae:[masked-ae] sweep lam=1.291549665014884 epoch 2/25 time=1.35s device=cuda
INFO:src.estimators.masked_ae:[masked-ae] sweep lam=1.291549665014884 epoch 3/25 time=1.21s device=cuda
INFO:src.estimators.masked_ae:[masked-ae] sweep lam=1.291549665014884 epoch 4/25 time=1.61s device=cuda
INFO:src.estimators.masked_ae:[masked-ae] sweep lam=1.291549665014884 epoch 5/25 time=1.46s device=cuda
INFO:src.estimators.masked_ae:[masked-ae] sweep lam=1.291549665014884 epoch 6/25 time=1.15s device=cuda
INFO:src.estimators.masked_ae:[masked-ae] sweep lam=1.291549665014884 epoch 7/25 time=1.35s device=cuda
INFO:src.estimators.masked_ae:[masked-ae] sweep lam=1.291549665014884 epoch 8/25 time=1.37s device=cuda
INFO:src.estimators.masked_ae:[masked-ae] sweep lam=1.291549665014884 epoch 9/25 time=1.41s device=cuda
INFO:src.estimators.masked_ae:[masked-ae] sweep lam=1.291549665014884 epoch 10/25 time=1.56s device=cuda
INFO:src.estimators.masked_ae:[masked-ae] sweep lam=1.291549665014884 epoch 11/25 time=1.41s device=cuda
INFO:src.estimators.masked_ae:[masked-ae] sweep lam=1.291549665014884 epoch 12/25 time=1.38s device=cuda
INFO:src.estimators.masked_ae:[masked-ae] sweep lam=1.291549665014884 epoch 13/25 time=1.51s device=cuda
INFO:src.estimators.masked_ae:[masked-ae] sweep lam=1.291549665014884 epoch 14/25 time=1.31s device=cuda
INFO:src.estimators.masked_ae:[masked-ae] sweep lam=1.291549665014884 epoch 15/25 time=1.40s device=cuda
INFO:src.estimators.masked_ae:[masked-ae] sweep lam=1.291549665014884 epoch 16/25 time=1.36s device=cuda
INFO:src.estimators.masked_ae:[masked-ae] sweep lam=1.291549665014884 epoch 17/25 time=1.48s device=cuda
INFO:src.estimators.masked_ae:[masked-ae] sweep lam=1.291549665014884 epoch 18/25 time=1.24s device=cuda
INFO:src.estimators.masked_ae:[masked-ae] sweep lam=1.291549665014884 epoch 19/25 time=1.29s device=cuda
INFO:src.estimators.masked_ae:[masked-ae] sweep lam=1.291549665014884 epoch 20/25 time=1.42s device=cuda
INFO:src.estimators.masked_ae:[masked-ae] sweep lam=1.291549665014884 epoch 21/25 time=1.23s device=cuda
INFO:src.estimators.masked_ae:[masked-ae] sweep lam=1.291549665014884 epoch 22/25 time=1.22s device=cuda
INFO:src.estimators.masked_ae:[masked-ae] sweep lam=1.291549665014884 epoch 23/25 time=1.15s device=cuda
INFO:src.estimators.masked_ae:[masked-ae] sweep lam=1.291549665014884 epoch 24/25 time=1.46s device=cuda
INFO:src.estimators.masked_ae:[masked-ae] sweep lam=1.291549665014884 epoch 25/25 time=1.37s device=cuda
INFO:src.estimators.masked_ae:[masked-ae] sweep lam=2.1544346900318834 epoch 1/25 time=1.45s device=cuda
INFO:src.estimators.masked_ae:[masked-ae] sweep lam=2.1544346900318834 epoch 2/25 time=1.39s device=cuda
INFO:src.estimators.masked_ae:[masked-ae] sweep lam=2.1544346900318834 epoch 3/25 time=1.43s device=cuda
INFO:src.estimators.masked_ae:[masked-ae] sweep lam=2.1544346900318834 epoch 4/25 time=1.29s device=cuda
INFO:src.estimators.masked_ae:[masked-ae] sweep lam=2.1544346900318834 epoch 5/25 time=1.36s device=cuda
INFO:src.estimators.masked_ae:[masked-ae] sweep lam=2.1544346900318834 epoch 6/25 time=1.59s device=cuda
INFO:src.estimators.masked_ae:[masked-ae] sweep lam=2.1544346900318834 epoch 7/25 time=1.39s device=cuda
INFO:src.estimators.masked_ae:[masked-ae] sweep lam=2.1544346900318834 epoch 8/25 time=1.19s device=cuda
INFO:src.estimators.masked_ae:[masked-ae] sweep lam=2.1544346900318834 epoch 9/25 time=1.38s device=cuda
INFO:src.estimators.masked_ae:[masked-ae] sweep lam=2.1544346900318834 epoch 10/25 time=1.50s device=cuda
INFO:src.estimators.masked_ae:[masked-ae] sweep lam=2.1544346900318834 epoch 11/25 time=1.52s device=cuda
INFO:src.estimators.masked_ae:[masked-ae] sweep lam=2.1544346900318834 epoch 12/25 time=1.51s device=cuda
INFO:src.estimators.masked_ae:[masked-ae] sweep lam=2.1544346900318834 epoch 13/25 time=1.34s device=cuda
INFO:src.estimators.masked_ae:[masked-ae] sweep lam=2.1544346900318834 epoch 14/25 time=1.66s device=cuda
INFO:src.estimators.masked_ae:[masked-ae] sweep lam=2.1544346900318834 epoch 15/25 time=1.29s device=cuda
INFO:src.estimators.masked_ae:[masked-ae] sweep lam=2.1544346900318834 epoch 16/25 time=1.37s device=cuda
INFO:src.estimators.masked_ae:[masked-ae] sweep lam=2.1544346900318834 epoch 17/25 time=1.23s device=cuda
INFO:src.estimators.masked_ae:[masked-ae] sweep lam=2.1544346900318834 epoch 18/25 time=1.40s device=cuda
INFO:src.estimators.masked_ae:[masked-ae] sweep lam=2.1544346900318834 epoch 19/25 time=1.40s device=cuda
INFO:src.estimators.masked_ae:[masked-ae] sweep lam=2.1544346900318834 epoch 20/25 time=1.51s device=cuda
INFO:src.estimators.masked_ae:[masked-ae] sweep lam=2.1544346900318834 epoch 21/25 time=1.13s device=cuda
INFO:src.estimators.masked_ae:[masked-ae] sweep lam=2.1544346900318834 epoch 22/25 time=1.42s device=cuda
INFO:src.estimators.masked_ae:[masked-ae] sweep lam=2.1544346900318834 epoch 23/25 time=1.23s device=cuda
INFO:src.estimators.masked_ae:[masked-ae] sweep lam=2.1544346900318834 epoch 24/25 time=1.53s device=cuda
INFO:src.estimators.masked_ae:[masked-ae] sweep lam=2.1544346900318834 epoch 25/25 time=1.54s device=cuda
INFO:src.estimators.masked_ae:[masked-ae] sweep lam=3.593813663804626 epoch 1/25 time=1.29s device=cuda
INFO:src.estimators.masked_ae:[masked-ae] sweep lam=3.593813663804626 epoch 2/25 time=1.29s device=cuda
INFO:src.estimators.masked_ae:[masked-ae] sweep lam=3.593813663804626 epoch 3/25 time=1.33s device=cuda
INFO:src.estimators.masked_ae:[masked-ae] sweep lam=3.593813663804626 epoch 4/25 time=1.44s device=cuda
INFO:src.estimators.masked_ae:[masked-ae] sweep lam=3.593813663804626 epoch 5/25 time=1.30s device=cuda
INFO:src.estimators.masked_ae:[masked-ae] sweep lam=3.593813663804626 epoch 6/25 time=1.30s device=cuda
INFO:src.estimators.masked_ae:[masked-ae] sweep lam=3.593813663804626 epoch 7/25 time=1.62s device=cuda
INFO:src.estimators.masked_ae:[masked-ae] sweep lam=3.593813663804626 epoch 8/25 time=1.06s device=cuda
INFO:src.estimators.masked_ae:[masked-ae] sweep lam=3.593813663804626 epoch 9/25 time=1.25s device=cuda
INFO:src.estimators.masked_ae:[masked-ae] sweep lam=3.593813663804626 epoch 10/25 time=1.37s device=cuda
INFO:src.estimators.masked_ae:[masked-ae] sweep lam=3.593813663804626 epoch 11/25 time=1.26s device=cuda
INFO:src.estimators.masked_ae:[masked-ae] sweep lam=3.593813663804626 epoch 12/25 time=1.10s device=cuda
INFO:src.estimators.masked_ae:[masked-ae] sweep lam=3.593813663804626 epoch 13/25 time=1.45s device=cuda
INFO:src.estimators.masked_ae:[masked-ae] sweep lam=3.593813663804626 epoch 14/25 time=1.37s device=cuda
INFO:src.estimators.masked_ae:[masked-ae] sweep lam=3.593813663804626 epoch 15/25 time=1.22s device=cuda
INFO:src.estimators.masked_ae:[masked-ae] sweep lam=3.593813663804626 epoch 16/25 time=1.49s device=cuda
INFO:src.estimators.masked_ae:[masked-ae] sweep lam=3.593813663804626 epoch 17/25 time=1.35s device=cuda
INFO:src.estimators.masked_ae:[masked-ae] sweep lam=3.593813663804626 epoch 18/25 time=1.54s device=cuda
INFO:src.estimators.masked_ae:[masked-ae] sweep lam=3.593813663804626 epoch 19/25 time=1.27s device=cuda
INFO:src.estimators.masked_ae:[masked-ae] sweep lam=3.593813663804626 epoch 20/25 time=1.49s device=cuda
INFO:src.estimators.masked_ae:[masked-ae] sweep lam=3.593813663804626 epoch 21/25 time=1.45s device=cuda
INFO:src.estimators.masked_ae:[masked-ae] sweep lam=3.593813663804626 epoch 22/25 time=1.42s device=cuda
INFO:src.estimators.masked_ae:[masked-ae] sweep lam=3.593813663804626 epoch 23/25 time=1.14s device=cuda
INFO:src.estimators.masked_ae:[masked-ae] sweep lam=3.593813663804626 epoch 24/25 time=1.20s device=cuda
INFO:src.estimators.masked_ae:[masked-ae] sweep lam=3.593813663804626 epoch 25/25 time=1.34s device=cuda
INFO:src.estimators.masked_ae:[masked-ae] sweep lam=5.994842503189409 epoch 1/25 time=1.37s device=cuda
INFO:src.estimators.masked_ae:[masked-ae] sweep lam=5.994842503189409 epoch 2/25 time=1.58s device=cuda
INFO:src.estimators.masked_ae:[masked-ae] sweep lam=5.994842503189409 epoch 3/25 time=1.21s device=cuda
INFO:src.estimators.masked_ae:[masked-ae] sweep lam=5.994842503189409 epoch 4/25 time=1.15s device=cuda
INFO:src.estimators.masked_ae:[masked-ae] sweep lam=5.994842503189409 epoch 5/25 time=1.24s device=cuda
INFO:src.estimators.masked_ae:[masked-ae] sweep lam=5.994842503189409 epoch 6/25 time=1.34s device=cuda
INFO:src.estimators.masked_ae:[masked-ae] sweep lam=5.994842503189409 epoch 7/25 time=1.28s device=cuda
INFO:src.estimators.masked_ae:[masked-ae] sweep lam=5.994842503189409 epoch 8/25 time=1.63s device=cuda
INFO:src.estimators.masked_ae:[masked-ae] sweep lam=5.994842503189409 epoch 9/25 time=1.41s device=cuda
INFO:src.estimators.masked_ae:[masked-ae] sweep lam=5.994842503189409 epoch 10/25 time=1.35s device=cuda
INFO:src.estimators.masked_ae:[masked-ae] sweep lam=5.994842503189409 epoch 11/25 time=1.35s device=cuda
INFO:src.estimators.masked_ae:[masked-ae] sweep lam=5.994842503189409 epoch 12/25 time=1.16s device=cuda
INFO:src.estimators.masked_ae:[masked-ae] sweep lam=5.994842503189409 epoch 13/25 time=1.51s device=cuda
INFO:src.estimators.masked_ae:[masked-ae] sweep lam=5.994842503189409 epoch 14/25 time=1.20s device=cuda
INFO:src.estimators.masked_ae:[masked-ae] sweep lam=5.994842503189409 epoch 15/25 time=1.32s device=cuda
INFO:src.estimators.masked_ae:[masked-ae] sweep lam=5.994842503189409 epoch 16/25 time=1.23s device=cuda
INFO:src.estimators.masked_ae:[masked-ae] sweep lam=5.994842503189409 epoch 17/25 time=1.25s device=cuda
INFO:src.estimators.masked_ae:[masked-ae] sweep lam=5.994842503189409 epoch 18/25 time=1.16s device=cuda
INFO:src.estimators.masked_ae:[masked-ae] sweep lam=5.994842503189409 epoch 19/25 time=1.26s device=cuda
INFO:src.estimators.masked_ae:[masked-ae] sweep lam=5.994842503189409 epoch 20/25 time=1.46s device=cuda
INFO:src.estimators.masked_ae:[masked-ae] sweep lam=5.994842503189409 epoch 21/25 time=1.28s device=cuda
INFO:src.estimators.masked_ae:[masked-ae] sweep lam=5.994842503189409 epoch 22/25 time=1.33s device=cuda
INFO:src.estimators.masked_ae:[masked-ae] sweep lam=5.994842503189409 epoch 23/25 time=1.30s device=cuda
INFO:src.estimators.masked_ae:[masked-ae] sweep lam=5.994842503189409 epoch 24/25 time=1.35s device=cuda
INFO:src.estimators.masked_ae:[masked-ae] sweep lam=5.994842503189409 epoch 25/25 time=1.06s device=cuda
INFO:src.estimators.masked_ae:[masked-ae] sweep lam=10.0 epoch 1/25 time=1.11s device=cuda
INFO:src.estimators.masked_ae:[masked-ae] sweep lam=10.0 epoch 2/25 time=1.34s device=cuda
INFO:src.estimators.masked_ae:[masked-ae] sweep lam=10.0 epoch 3/25 time=1.38s device=cuda
INFO:src.estimators.masked_ae:[masked-ae] sweep lam=10.0 epoch 4/25 time=1.06s device=cuda
INFO:src.estimators.masked_ae:[masked-ae] sweep lam=10.0 epoch 5/25 time=1.35s device=cuda
INFO:src.estimators.masked_ae:[masked-ae] sweep lam=10.0 epoch 6/25 time=1.20s device=cuda
INFO:src.estimators.masked_ae:[masked-ae] sweep lam=10.0 epoch 7/25 time=1.25s device=cuda
INFO:src.estimators.masked_ae:[masked-ae] sweep lam=10.0 epoch 8/25 time=1.42s device=cuda
INFO:src.estimators.masked_ae:[masked-ae] sweep lam=10.0 epoch 9/25 time=1.31s device=cuda
INFO:src.estimators.masked_ae:[masked-ae] sweep lam=10.0 epoch 10/25 time=1.52s device=cuda
INFO:src.estimators.masked_ae:[masked-ae] sweep lam=10.0 epoch 11/25 time=1.27s device=cuda
INFO:src.estimators.masked_ae:[masked-ae] sweep lam=10.0 epoch 12/25 time=1.32s device=cuda
INFO:src.estimators.masked_ae:[masked-ae] sweep lam=10.0 epoch 13/25 time=1.31s device=cuda
INFO:src.estimators.masked_ae:[masked-ae] sweep lam=10.0 epoch 14/25 time=1.35s device=cuda
INFO:src.estimators.masked_ae:[masked-ae] sweep lam=10.0 epoch 15/25 time=1.61s device=cuda
INFO:src.estimators.masked_ae:[masked-ae] sweep lam=10.0 epoch 16/25 time=1.12s device=cuda
INFO:src.estimators.masked_ae:[masked-ae] sweep lam=10.0 epoch 17/25 time=1.32s device=cuda
INFO:src.estimators.masked_ae:[masked-ae] sweep lam=10.0 epoch 18/25 time=1.37s device=cuda
INFO:src.estimators.masked_ae:[masked-ae] sweep lam=10.0 epoch 19/25 time=1.35s device=cuda
INFO:src.estimators.masked_ae:[masked-ae] sweep lam=10.0 epoch 20/25 time=1.20s device=cuda
INFO:src.estimators.masked_ae:[masked-ae] sweep lam=10.0 epoch 21/25 time=1.43s device=cuda
INFO:src.estimators.masked_ae:[masked-ae] sweep lam=10.0 epoch 22/25 time=1.49s device=cuda
INFO:src.estimators.masked_ae:[masked-ae] sweep lam=10.0 epoch 23/25 time=1.21s device=cuda
INFO:src.estimators.masked_ae:[masked-ae] sweep lam=10.0 epoch 24/25 time=1.38s device=cuda
INFO:src.estimators.masked_ae:[masked-ae] sweep lam=10.0 epoch 25/25 time=1.31s device=cuda
INFO:src.estimators.masked_ae:[masked-ae] retrain epoch 1/10 time=1.19s device=cuda
INFO:src.estimators.masked_ae:[masked-ae] retrain epoch 2/10 time=1.06s device=cuda
INFO:src.estimators.masked_ae:[masked-ae] retrain epoch 3/10 time=1.32s device=cuda
INFO:src.estimators.masked_ae:[masked-ae] retrain epoch 4/10 time=1.02s device=cuda
INFO:src.estimators.masked_ae:[masked-ae] retrain epoch 5/10 time=1.26s device=cuda
INFO:src.estimators.masked_ae:[masked-ae] retrain epoch 6/10 time=1.26s device=cuda
INFO:src.estimators.masked_ae:[masked-ae] retrain epoch 7/10 time=1.12s device=cuda
INFO:src.estimators.masked_ae:[masked-ae] retrain epoch 8/10 time=1.19s device=cuda
INFO:src.estimators.masked_ae:[masked-ae] retrain epoch 9/10 time=1.42s device=cuda
INFO:src.estimators.masked_ae:[masked-ae] retrain epoch 10/10 time=1.50s device=cuda
INFO:repair_masked_ae:Group ('mnist', 7, 0.25, 0) repaired: estimate=9.0 elapsed_s=369.28 device=cuda samples=60000 rows=5
INFO:repair_masked_ae:Processing group key=('mnist', 7, 0.5, 0) with 5 rows; example row 275
INFO:src.estimators.masked_ae:[masked-ae] pretrain epoch 1/10 time=1.16s device=cuda
INFO:src.estimators.masked_ae:[masked-ae] pretrain epoch 2/10 time=1.00s device=cuda
INFO:src.estimators.masked_ae:[masked-ae] pretrain epoch 3/10 time=1.42s device=cuda
INFO:src.estimators.masked_ae:[masked-ae] pretrain epoch 4/10 time=1.29s device=cuda
INFO:src.estimators.masked_ae:[masked-ae] pretrain epoch 5/10 time=1.07s device=cuda
INFO:src.estimators.masked_ae:[masked-ae] pretrain epoch 6/10 time=1.08s device=cuda
INFO:src.estimators.masked_ae:[masked-ae] pretrain epoch 7/10 time=1.28s device=cuda
INFO:src.estimators.masked_ae:[masked-ae] pretrain epoch 8/10 time=1.13s device=cuda
INFO:src.estimators.masked_ae:[masked-ae] pretrain epoch 9/10 time=1.30s device=cuda
INFO:src.estimators.masked_ae:[masked-ae] pretrain epoch 10/10 time=1.26s device=cuda
INFO:src.estimators.masked_ae:[masked-ae] sweep lam=0.1 epoch 1/25 time=1.29s device=cuda
INFO:src.estimators.masked_ae:[masked-ae] sweep lam=0.1 epoch 2/25 time=1.34s device=cuda
INFO:src.estimators.masked_ae:[masked-ae] sweep lam=0.1 epoch 3/25 time=1.41s device=cuda
INFO:src.estimators.masked_ae:[masked-ae] sweep lam=0.1 epoch 4/25 time=1.26s device=cuda
INFO:src.estimators.masked_ae:[masked-ae] sweep lam=0.1 epoch 5/25 time=1.33s device=cuda
INFO:src.estimators.masked_ae:[masked-ae] sweep lam=0.1 epoch 6/25 time=1.35s device=cuda
INFO:src.estimators.masked_ae:[masked-ae] sweep lam=0.1 epoch 7/25 time=1.23s device=cuda
INFO:src.estimators.masked_ae:[masked-ae] sweep lam=0.1 epoch 8/25 time=1.35s device=cuda
INFO:src.estimators.masked_ae:[masked-ae] sweep lam=0.1 epoch 9/25 time=1.38s device=cuda
INFO:src.estimators.masked_ae:[masked-ae] sweep lam=0.1 epoch 10/25 time=1.20s device=cuda
INFO:src.estimators.masked_ae:[masked-ae] sweep lam=0.1 epoch 11/25 time=1.36s device=cuda
INFO:src.estimators.masked_ae:[masked-ae] sweep lam=0.1 epoch 12/25 time=1.33s device=cuda
INFO:src.estimators.masked_ae:[masked-ae] sweep lam=0.1 epoch 13/25 time=1.40s device=cuda
INFO:src.estimators.masked_ae:[masked-ae] sweep lam=0.1 epoch 14/25 time=1.46s device=cuda
INFO:src.estimators.masked_ae:[masked-ae] sweep lam=0.1 epoch 15/25 time=1.25s device=cuda
INFO:src.estimators.masked_ae:[masked-ae] sweep lam=0.1 epoch 16/25 time=1.30s device=cuda
INFO:src.estimators.masked_ae:[masked-ae] sweep lam=0.1 epoch 17/25 time=1.40s device=cuda
INFO:src.estimators.masked_ae:[masked-ae] sweep lam=0.1 epoch 18/25 time=1.23s device=cuda
INFO:src.estimators.masked_ae:[masked-ae] sweep lam=0.1 epoch 19/25 time=1.38s device=cuda
INFO:src.estimators.masked_ae:[masked-ae] sweep lam=0.1 epoch 20/25 time=1.47s device=cuda
INFO:src.estimators.masked_ae:[masked-ae] sweep lam=0.1 epoch 21/25 time=1.37s device=cuda
INFO:src.estimators.masked_ae:[masked-ae] sweep lam=0.1 epoch 22/25 time=1.41s device=cuda
INFO:src.estimators.masked_ae:[masked-ae] sweep lam=0.1 epoch 23/25 time=1.33s device=cuda
INFO:src.estimators.masked_ae:[masked-ae] sweep lam=0.1 epoch 24/25 time=1.41s device=cuda
INFO:src.estimators.masked_ae:[masked-ae] sweep lam=0.1 epoch 25/25 time=1.33s device=cuda
INFO:src.estimators.masked_ae:[masked-ae] sweep lam=0.16681005372000587 epoch 1/25 time=1.27s device=cuda
INFO:src.estimators.masked_ae:[masked-ae] sweep lam=0.16681005372000587 epoch 2/25 time=1.39s device=cuda
INFO:src.estimators.masked_ae:[masked-ae] sweep lam=0.16681005372000587 epoch 3/25 time=1.22s device=cuda
INFO:src.estimators.masked_ae:[masked-ae] sweep lam=0.16681005372000587 epoch 4/25 time=1.31s device=cuda
INFO:src.estimators.masked_ae:[masked-ae] sweep lam=0.16681005372000587 epoch 5/25 time=1.37s device=cuda
INFO:src.estimators.masked_ae:[masked-ae] sweep lam=0.16681005372000587 epoch 6/25 time=1.44s device=cuda
INFO:src.estimators.masked_ae:[masked-ae] sweep lam=0.16681005372000587 epoch 7/25 time=1.35s device=cuda
INFO:src.estimators.masked_ae:[masked-ae] sweep lam=0.16681005372000587 epoch 8/25 time=1.41s device=cuda
INFO:src.estimators.masked_ae:[masked-ae] sweep lam=0.16681005372000587 epoch 9/25 time=1.14s device=cuda
INFO:src.estimators.masked_ae:[masked-ae] sweep lam=0.16681005372000587 epoch 10/25 time=1.28s device=cuda
INFO:src.estimators.masked_ae:[masked-ae] sweep lam=0.16681005372000587 epoch 11/25 time=1.33s device=cuda
INFO:src.estimators.masked_ae:[masked-ae] sweep lam=0.16681005372000587 epoch 12/25 time=1.33s device=cuda
INFO:src.estimators.masked_ae:[masked-ae] sweep lam=0.16681005372000587 epoch 13/25 time=1.39s device=cuda
INFO:src.estimators.masked_ae:[masked-ae] sweep lam=0.16681005372000587 epoch 14/25 time=1.45s device=cuda
INFO:src.estimators.masked_ae:[masked-ae] sweep lam=0.16681005372000587 epoch 15/25 time=1.45s device=cuda
INFO:src.estimators.masked_ae:[masked-ae] sweep lam=0.16681005372000587 epoch 16/25 time=1.44s device=cuda
INFO:src.estimators.masked_ae:[masked-ae] sweep lam=0.16681005372000587 epoch 17/25 time=1.47s device=cuda
INFO:src.estimators.masked_ae:[masked-ae] sweep lam=0.16681005372000587 epoch 18/25 time=1.26s device=cuda
INFO:src.estimators.masked_ae:[masked-ae] sweep lam=0.16681005372000587 epoch 19/25 time=1.19s device=cuda
INFO:src.estimators.masked_ae:[masked-ae] sweep lam=0.16681005372000587 epoch 20/25 time=1.18s device=cuda
INFO:src.estimators.masked_ae:[masked-ae] sweep lam=0.16681005372000587 epoch 21/25 time=1.33s device=cuda
INFO:src.estimators.masked_ae:[masked-ae] sweep lam=0.16681005372000587 epoch 22/25 time=1.06s device=cuda
INFO:src.estimators.masked_ae:[masked-ae] sweep lam=0.16681005372000587 epoch 23/25 time=1.40s device=cuda
INFO:src.estimators.masked_ae:[masked-ae] sweep lam=0.16681005372000587 epoch 24/25 time=1.33s device=cuda
INFO:src.estimators.masked_ae:[masked-ae] sweep lam=0.16681005372000587 epoch 25/25 time=1.51s device=cuda
INFO:src.estimators.masked_ae:[masked-ae] sweep lam=0.2782559402207124 epoch 1/25 time=1.45s device=cuda
INFO:src.estimators.masked_ae:[masked-ae] sweep lam=0.2782559402207124 epoch 2/25 time=1.46s device=cuda
INFO:src.estimators.masked_ae:[masked-ae] sweep lam=0.2782559402207124 epoch 3/25 time=1.28s device=cuda
INFO:src.estimators.masked_ae:[masked-ae] sweep lam=0.2782559402207124 epoch 4/25 time=1.38s device=cuda
INFO:src.estimators.masked_ae:[masked-ae] sweep lam=0.2782559402207124 epoch 5/25 time=1.61s device=cuda
INFO:src.estimators.masked_ae:[masked-ae] sweep lam=0.2782559402207124 epoch 6/25 time=1.38s device=cuda
INFO:src.estimators.masked_ae:[masked-ae] sweep lam=0.2782559402207124 epoch 7/25 time=1.43s device=cuda
INFO:src.estimators.masked_ae:[masked-ae] sweep lam=0.2782559402207124 epoch 8/25 time=1.31s device=cuda
INFO:src.estimators.masked_ae:[masked-ae] sweep lam=0.2782559402207124 epoch 9/25 time=1.46s device=cuda
INFO:src.estimators.masked_ae:[masked-ae] sweep lam=0.2782559402207124 epoch 10/25 time=1.25s device=cuda
INFO:src.estimators.masked_ae:[masked-ae] sweep lam=0.2782559402207124 epoch 11/25 time=1.48s device=cuda
INFO:src.estimators.masked_ae:[masked-ae] sweep lam=0.2782559402207124 epoch 12/25 time=1.30s device=cuda
INFO:src.estimators.masked_ae:[masked-ae] sweep lam=0.2782559402207124 epoch 13/25 time=1.16s device=cuda
INFO:src.estimators.masked_ae:[masked-ae] sweep lam=0.2782559402207124 epoch 14/25 time=1.35s device=cuda
INFO:src.estimators.masked_ae:[masked-ae] sweep lam=0.2782559402207124 epoch 15/25 time=1.30s device=cuda
INFO:src.estimators.masked_ae:[masked-ae] sweep lam=0.2782559402207124 epoch 16/25 time=1.32s device=cuda
INFO:src.estimators.masked_ae:[masked-ae] sweep lam=0.2782559402207124 epoch 17/25 time=1.32s device=cuda
INFO:src.estimators.masked_ae:[masked-ae] sweep lam=0.2782559402207124 epoch 18/25 time=1.30s device=cuda
INFO:src.estimators.masked_ae:[masked-ae] sweep lam=0.2782559402207124 epoch 19/25 time=1.35s device=cuda
INFO:src.estimators.masked_ae:[masked-ae] sweep lam=0.2782559402207124 epoch 20/25 time=1.32s device=cuda
INFO:src.estimators.masked_ae:[masked-ae] sweep lam=0.2782559402207124 epoch 21/25 time=1.34s device=cuda
INFO:src.estimators.masked_ae:[masked-ae] sweep lam=0.2782559402207124 epoch 22/25 time=1.34s device=cuda
INFO:src.estimators.masked_ae:[masked-ae] sweep lam=0.2782559402207124 epoch 23/25 time=1.13s device=cuda
INFO:src.estimators.masked_ae:[masked-ae] sweep lam=0.2782559402207124 epoch 24/25 time=1.34s device=cuda
INFO:src.estimators.masked_ae:[masked-ae] sweep lam=0.2782559402207124 epoch 25/25 time=1.24s device=cuda
INFO:src.estimators.masked_ae:[masked-ae] sweep lam=0.46415888336127786 epoch 1/25 time=1.25s device=cuda
INFO:src.estimators.masked_ae:[masked-ae] sweep lam=0.46415888336127786 epoch 2/25 time=1.46s device=cuda
INFO:src.estimators.masked_ae:[masked-ae] sweep lam=0.46415888336127786 epoch 3/25 time=1.28s device=cuda
INFO:src.estimators.masked_ae:[masked-ae] sweep lam=0.46415888336127786 epoch 4/25 time=1.36s device=cuda
INFO:src.estimators.masked_ae:[masked-ae] sweep lam=0.46415888336127786 epoch 5/25 time=1.37s device=cuda
INFO:src.estimators.masked_ae:[masked-ae] sweep lam=0.46415888336127786 epoch 6/25 time=1.18s device=cuda
INFO:src.estimators.masked_ae:[masked-ae] sweep lam=0.46415888336127786 epoch 7/25 time=1.20s device=cuda
INFO:src.estimators.masked_ae:[masked-ae] sweep lam=0.46415888336127786 epoch 8/25 time=1.49s device=cuda
INFO:src.estimators.masked_ae:[masked-ae] sweep lam=0.46415888336127786 epoch 9/25 time=1.19s device=cuda
INFO:src.estimators.masked_ae:[masked-ae] sweep lam=0.46415888336127786 epoch 10/25 time=1.21s device=cuda
INFO:src.estimators.masked_ae:[masked-ae] sweep lam=0.46415888336127786 epoch 11/25 time=1.42s device=cuda
INFO:src.estimators.masked_ae:[masked-ae] sweep lam=0.46415888336127786 epoch 12/25 time=1.23s device=cuda
INFO:src.estimators.masked_ae:[masked-ae] sweep lam=0.46415888336127786 epoch 13/25 time=1.08s device=cuda
INFO:src.estimators.masked_ae:[masked-ae] sweep lam=0.46415888336127786 epoch 14/25 time=1.17s device=cuda
INFO:src.estimators.masked_ae:[masked-ae] sweep lam=0.46415888336127786 epoch 15/25 time=1.24s device=cuda
INFO:src.estimators.masked_ae:[masked-ae] sweep lam=0.46415888336127786 epoch 16/25 time=1.21s device=cuda
INFO:src.estimators.masked_ae:[masked-ae] sweep lam=0.46415888336127786 epoch 17/25 time=1.24s device=cuda
INFO:src.estimators.masked_ae:[masked-ae] sweep lam=0.46415888336127786 epoch 18/25 time=1.56s device=cuda
INFO:src.estimators.masked_ae:[masked-ae] sweep lam=0.46415888336127786 epoch 19/25 time=1.36s device=cuda
INFO:src.estimators.masked_ae:[masked-ae] sweep lam=0.46415888336127786 epoch 20/25 time=1.30s device=cuda
INFO:src.estimators.masked_ae:[masked-ae] sweep lam=0.46415888336127786 epoch 21/25 time=1.48s device=cuda
INFO:src.estimators.masked_ae:[masked-ae] sweep lam=0.46415888336127786 epoch 22/25 time=1.35s device=cuda
INFO:src.estimators.masked_ae:[masked-ae] sweep lam=0.46415888336127786 epoch 23/25 time=1.39s device=cuda
INFO:src.estimators.masked_ae:[masked-ae] sweep lam=0.46415888336127786 epoch 24/25 time=1.21s device=cuda
INFO:src.estimators.masked_ae:[masked-ae] sweep lam=0.46415888336127786 epoch 25/25 time=1.13s device=cuda
INFO:src.estimators.masked_ae:[masked-ae] sweep lam=0.774263682681127 epoch 1/25 time=1.31s device=cuda
INFO:src.estimators.masked_ae:[masked-ae] sweep lam=0.774263682681127 epoch 2/25 time=1.39s device=cuda
INFO:src.estimators.masked_ae:[masked-ae] sweep lam=0.774263682681127 epoch 3/25 time=1.51s device=cuda
INFO:src.estimators.masked_ae:[masked-ae] sweep lam=0.774263682681127 epoch 4/25 time=1.17s device=cuda
INFO:src.estimators.masked_ae:[masked-ae] sweep lam=0.774263682681127 epoch 5/25 time=1.39s device=cuda
INFO:src.estimators.masked_ae:[masked-ae] sweep lam=0.774263682681127 epoch 6/25 time=1.23s device=cuda
INFO:src.estimators.masked_ae:[masked-ae] sweep lam=0.774263682681127 epoch 7/25 time=1.24s device=cuda
INFO:src.estimators.masked_ae:[masked-ae] sweep lam=0.774263682681127 epoch 8/25 time=1.24s device=cuda
INFO:src.estimators.masked_ae:[masked-ae] sweep lam=0.774263682681127 epoch 9/25 time=1.21s device=cuda
INFO:src.estimators.masked_ae:[masked-ae] sweep lam=0.774263682681127 epoch 10/25 time=1.08s device=cuda
INFO:src.estimators.masked_ae:[masked-ae] sweep lam=0.774263682681127 epoch 11/25 time=1.31s device=cuda
INFO:src.estimators.masked_ae:[masked-ae] sweep lam=0.774263682681127 epoch 12/25 time=1.51s device=cuda
INFO:src.estimators.masked_ae:[masked-ae] sweep lam=0.774263682681127 epoch 13/25 time=1.44s device=cuda
INFO:src.estimators.masked_ae:[masked-ae] sweep lam=0.774263682681127 epoch 14/25 time=1.45s device=cuda
INFO:src.estimators.masked_ae:[masked-ae] sweep lam=0.774263682681127 epoch 15/25 time=1.31s device=cuda
INFO:src.estimators.masked_ae:[masked-ae] sweep lam=0.774263682681127 epoch 16/25 time=1.42s device=cuda
INFO:src.estimators.masked_ae:[masked-ae] sweep lam=0.774263682681127 epoch 17/25 time=1.58s device=cuda
INFO:src.estimators.masked_ae:[masked-ae] sweep lam=0.774263682681127 epoch 18/25 time=1.28s device=cuda
INFO:src.estimators.masked_ae:[masked-ae] sweep lam=0.774263682681127 epoch 19/25 time=1.54s device=cuda
INFO:src.estimators.masked_ae:[masked-ae] sweep lam=0.774263682681127 epoch 20/25 time=1.26s device=cuda
INFO:src.estimators.masked_ae:[masked-ae] sweep lam=0.774263682681127 epoch 21/25 time=1.34s device=cuda
INFO:src.estimators.masked_ae:[masked-ae] sweep lam=0.774263682681127 epoch 22/25 time=1.31s device=cuda
INFO:src.estimators.masked_ae:[masked-ae] sweep lam=0.774263682681127 epoch 23/25 time=1.20s device=cuda
INFO:src.estimators.masked_ae:[masked-ae] sweep lam=0.774263682681127 epoch 24/25 time=1.19s device=cuda
INFO:src.estimators.masked_ae:[masked-ae] sweep lam=0.774263682681127 epoch 25/25 time=1.44s device=cuda
INFO:src.estimators.masked_ae:[masked-ae] sweep lam=1.291549665014884 epoch 1/25 time=1.44s device=cuda
INFO:src.estimators.masked_ae:[masked-ae] sweep lam=1.291549665014884 epoch 2/25 time=1.28s device=cuda
INFO:src.estimators.masked_ae:[masked-ae] sweep lam=1.291549665014884 epoch 3/25 time=1.40s device=cuda
INFO:src.estimators.masked_ae:[masked-ae] sweep lam=1.291549665014884 epoch 4/25 time=1.52s device=cuda
INFO:src.estimators.masked_ae:[masked-ae] sweep lam=1.291549665014884 epoch 5/25 time=1.09s device=cuda
INFO:src.estimators.masked_ae:[masked-ae] sweep lam=1.291549665014884 epoch 6/25 time=1.31s device=cuda
INFO:src.estimators.masked_ae:[masked-ae] sweep lam=1.291549665014884 epoch 7/25 time=1.49s device=cuda
INFO:src.estimators.masked_ae:[masked-ae] sweep lam=1.291549665014884 epoch 8/25 time=1.49s device=cuda
INFO:src.estimators.masked_ae:[masked-ae] sweep lam=1.291549665014884 epoch 9/25 time=1.47s device=cuda
INFO:src.estimators.masked_ae:[masked-ae] sweep lam=1.291549665014884 epoch 10/25 time=1.10s device=cuda
INFO:src.estimators.masked_ae:[masked-ae] sweep lam=1.291549665014884 epoch 11/25 time=1.51s device=cuda
INFO:src.estimators.masked_ae:[masked-ae] sweep lam=1.291549665014884 epoch 12/25 time=1.46s device=cuda
INFO:src.estimators.masked_ae:[masked-ae] sweep lam=1.291549665014884 epoch 13/25 time=1.51s device=cuda
INFO:src.estimators.masked_ae:[masked-ae] sweep lam=1.291549665014884 epoch 14/25 time=1.37s device=cuda
INFO:src.estimators.masked_ae:[masked-ae] sweep lam=1.291549665014884 epoch 15/25 time=1.28s device=cuda
INFO:src.estimators.masked_ae:[masked-ae] sweep lam=1.291549665014884 epoch 16/25 time=1.23s device=cuda
INFO:src.estimators.masked_ae:[masked-ae] sweep lam=1.291549665014884 epoch 17/25 time=1.39s device=cuda
INFO:src.estimators.masked_ae:[masked-ae] sweep lam=1.291549665014884 epoch 18/25 time=1.46s device=cuda
INFO:src.estimators.masked_ae:[masked-ae] sweep lam=1.291549665014884 epoch 19/25 time=1.51s device=cuda
INFO:src.estimators.masked_ae:[masked-ae] sweep lam=1.291549665014884 epoch 20/25 time=1.40s device=cuda
INFO:src.estimators.masked_ae:[masked-ae] sweep lam=1.291549665014884 epoch 21/25 time=1.33s device=cuda
INFO:src.estimators.masked_ae:[masked-ae] sweep lam=1.291549665014884 epoch 22/25 time=1.42s device=cuda
INFO:src.estimators.masked_ae:[masked-ae] sweep lam=1.291549665014884 epoch 23/25 time=1.13s device=cuda
INFO:src.estimators.masked_ae:[masked-ae] sweep lam=1.291549665014884 epoch 24/25 time=1.19s device=cuda
INFO:src.estimators.masked_ae:[masked-ae] sweep lam=1.291549665014884 epoch 25/25 time=1.32s device=cuda
INFO:src.estimators.masked_ae:[masked-ae] sweep lam=2.1544346900318834 epoch 1/25 time=1.52s device=cuda
INFO:src.estimators.masked_ae:[masked-ae] sweep lam=2.1544346900318834 epoch 2/25 time=1.26s device=cuda
INFO:src.estimators.masked_ae:[masked-ae] sweep lam=2.1544346900318834 epoch 3/25 time=1.44s device=cuda
INFO:src.estimators.masked_ae:[masked-ae] sweep lam=2.1544346900318834 epoch 4/25 time=1.38s device=cuda
INFO:src.estimators.masked_ae:[masked-ae] sweep lam=2.1544346900318834 epoch 5/25 time=1.29s device=cuda
INFO:src.estimators.masked_ae:[masked-ae] sweep lam=2.1544346900318834 epoch 6/25 time=1.39s device=cuda
INFO:src.estimators.masked_ae:[masked-ae] sweep lam=2.1544346900318834 epoch 7/25 time=1.44s device=cuda
INFO:src.estimators.masked_ae:[masked-ae] sweep lam=2.1544346900318834 epoch 8/25 time=1.45s device=cuda
INFO:src.estimators.masked_ae:[masked-ae] sweep lam=2.1544346900318834 epoch 9/25 time=1.26s device=cuda
INFO:src.estimators.masked_ae:[masked-ae] sweep lam=2.1544346900318834 epoch 10/25 time=1.54s device=cuda
INFO:src.estimators.masked_ae:[masked-ae] sweep lam=2.1544346900318834 epoch 11/25 time=1.38s device=cuda
INFO:src.estimators.masked_ae:[masked-ae] sweep lam=2.1544346900318834 epoch 12/25 time=1.29s device=cuda
INFO:src.estimators.masked_ae:[masked-ae] sweep lam=2.1544346900318834 epoch 13/25 time=1.40s device=cuda
INFO:src.estimators.masked_ae:[masked-ae] sweep lam=2.1544346900318834 epoch 14/25 time=1.37s device=cuda
INFO:src.estimators.masked_ae:[masked-ae] sweep lam=2.1544346900318834 epoch 15/25 time=1.26s device=cuda
INFO:src.estimators.masked_ae:[masked-ae] sweep lam=2.1544346900318834 epoch 16/25 time=1.30s device=cuda
INFO:src.estimators.masked_ae:[masked-ae] sweep lam=2.1544346900318834 epoch 17/25 time=1.19s device=cuda
INFO:src.estimators.masked_ae:[masked-ae] sweep lam=2.1544346900318834 epoch 18/25 time=1.06s device=cuda
INFO:src.estimators.masked_ae:[masked-ae] sweep lam=2.1544346900318834 epoch 19/25 time=1.12s device=cuda
INFO:src.estimators.masked_ae:[masked-ae] sweep lam=2.1544346900318834 epoch 20/25 time=1.48s device=cuda
INFO:src.estimators.masked_ae:[masked-ae] sweep lam=2.1544346900318834 epoch 21/25 time=1.31s device=cuda
INFO:src.estimators.masked_ae:[masked-ae] sweep lam=2.1544346900318834 epoch 22/25 time=1.34s device=cuda
INFO:src.estimators.masked_ae:[masked-ae] sweep lam=2.1544346900318834 epoch 23/25 time=1.35s device=cuda
INFO:src.estimators.masked_ae:[masked-ae] sweep lam=2.1544346900318834 epoch 24/25 time=1.25s device=cuda
INFO:src.estimators.masked_ae:[masked-ae] sweep lam=2.1544346900318834 epoch 25/25 time=1.03s device=cuda
INFO:src.estimators.masked_ae:[masked-ae] sweep lam=3.593813663804626 epoch 1/25 time=1.24s device=cuda
INFO:src.estimators.masked_ae:[masked-ae] sweep lam=3.593813663804626 epoch 2/25 time=1.37s device=cuda
INFO:src.estimators.masked_ae:[masked-ae] sweep lam=3.593813663804626 epoch 3/25 time=1.04s device=cuda
INFO:src.estimators.masked_ae:[masked-ae] sweep lam=3.593813663804626 epoch 4/25 time=1.11s device=cuda
INFO:src.estimators.masked_ae:[masked-ae] sweep lam=3.593813663804626 epoch 5/25 time=1.43s device=cuda
INFO:src.estimators.masked_ae:[masked-ae] sweep lam=3.593813663804626 epoch 6/25 time=1.24s device=cuda
INFO:src.estimators.masked_ae:[masked-ae] sweep lam=3.593813663804626 epoch 7/25 time=1.33s device=cuda
INFO:src.estimators.masked_ae:[masked-ae] sweep lam=3.593813663804626 epoch 8/25 time=1.30s device=cuda
INFO:src.estimators.masked_ae:[masked-ae] sweep lam=3.593813663804626 epoch 9/25 time=1.49s device=cuda
INFO:src.estimators.masked_ae:[masked-ae] sweep lam=3.593813663804626 epoch 10/25 time=1.38s device=cuda
INFO:src.estimators.masked_ae:[masked-ae] sweep lam=3.593813663804626 epoch 11/25 time=1.37s device=cuda
INFO:src.estimators.masked_ae:[masked-ae] sweep lam=3.593813663804626 epoch 12/25 time=1.27s device=cuda
INFO:src.estimators.masked_ae:[masked-ae] sweep lam=3.593813663804626 epoch 13/25 time=1.24s device=cuda
INFO:src.estimators.masked_ae:[masked-ae] sweep lam=3.593813663804626 epoch 14/25 time=1.13s device=cuda
INFO:src.estimators.masked_ae:[masked-ae] sweep lam=3.593813663804626 epoch 15/25 time=1.30s device=cuda
INFO:src.estimators.masked_ae:[masked-ae] sweep lam=3.593813663804626 epoch 16/25 time=1.41s device=cuda
INFO:src.estimators.masked_ae:[masked-ae] sweep lam=3.593813663804626 epoch 17/25 time=1.48s device=cuda
INFO:src.estimators.masked_ae:[masked-ae] sweep lam=3.593813663804626 epoch 18/25 time=1.16s device=cuda
INFO:src.estimators.masked_ae:[masked-ae] sweep lam=3.593813663804626 epoch 19/25 time=1.30s device=cuda
INFO:src.estimators.masked_ae:[masked-ae] sweep lam=3.593813663804626 epoch 20/25 time=1.16s device=cuda
INFO:src.estimators.masked_ae:[masked-ae] sweep lam=3.593813663804626 epoch 21/25 time=1.27s device=cuda
INFO:src.estimators.masked_ae:[masked-ae] sweep lam=3.593813663804626 epoch 22/25 time=1.19s device=cuda
INFO:src.estimators.masked_ae:[masked-ae] sweep lam=3.593813663804626 epoch 23/25 time=1.29s device=cuda
INFO:src.estimators.masked_ae:[masked-ae] sweep lam=3.593813663804626 epoch 24/25 time=1.40s device=cuda
INFO:src.estimators.masked_ae:[masked-ae] sweep lam=3.593813663804626 epoch 25/25 time=1.22s device=cuda
INFO:src.estimators.masked_ae:[masked-ae] sweep lam=5.994842503189409 epoch 1/25 time=1.38s device=cuda
INFO:src.estimators.masked_ae:[masked-ae] sweep lam=5.994842503189409 epoch 2/25 time=1.49s device=cuda
INFO:src.estimators.masked_ae:[masked-ae] sweep lam=5.994842503189409 epoch 3/25 time=1.35s device=cuda
INFO:src.estimators.masked_ae:[masked-ae] sweep lam=5.994842503189409 epoch 4/25 time=1.48s device=cuda
INFO:src.estimators.masked_ae:[masked-ae] sweep lam=5.994842503189409 epoch 5/25 time=1.31s device=cuda
INFO:src.estimators.masked_ae:[masked-ae] sweep lam=5.994842503189409 epoch 6/25 time=1.32s device=cuda
INFO:src.estimators.masked_ae:[masked-ae] sweep lam=5.994842503189409 epoch 7/25 time=1.33s device=cuda
INFO:src.estimators.masked_ae:[masked-ae] sweep lam=5.994842503189409 epoch 8/25 time=1.20s device=cuda
INFO:src.estimators.masked_ae:[masked-ae] sweep lam=5.994842503189409 epoch 9/25 time=1.13s device=cuda
INFO:src.estimators.masked_ae:[masked-ae] sweep lam=5.994842503189409 epoch 10/25 time=1.13s device=cuda
INFO:src.estimators.masked_ae:[masked-ae] sweep lam=5.994842503189409 epoch 11/25 time=1.28s device=cuda
INFO:src.estimators.masked_ae:[masked-ae] sweep lam=5.994842503189409 epoch 12/25 time=1.18s device=cuda
INFO:src.estimators.masked_ae:[masked-ae] sweep lam=5.994842503189409 epoch 13/25 time=1.38s device=cuda
INFO:src.estimators.masked_ae:[masked-ae] sweep lam=5.994842503189409 epoch 14/25 time=1.45s device=cuda
INFO:src.estimators.masked_ae:[masked-ae] sweep lam=5.994842503189409 epoch 15/25 time=1.23s device=cuda
INFO:src.estimators.masked_ae:[masked-ae] sweep lam=5.994842503189409 epoch 16/25 time=1.12s device=cuda
INFO:src.estimators.masked_ae:[masked-ae] sweep lam=5.994842503189409 epoch 17/25 time=1.04s device=cuda
INFO:src.estimators.masked_ae:[masked-ae] sweep lam=5.994842503189409 epoch 18/25 time=1.38s device=cuda
INFO:src.estimators.masked_ae:[masked-ae] sweep lam=5.994842503189409 epoch 19/25 time=1.44s device=cuda
INFO:src.estimators.masked_ae:[masked-ae] sweep lam=5.994842503189409 epoch 20/25 time=1.15s device=cuda
INFO:src.estimators.masked_ae:[masked-ae] sweep lam=5.994842503189409 epoch 21/25 time=1.60s device=cuda
INFO:src.estimators.masked_ae:[masked-ae] sweep lam=5.994842503189409 epoch 22/25 time=1.33s device=cuda
INFO:src.estimators.masked_ae:[masked-ae] sweep lam=5.994842503189409 epoch 23/25 time=1.19s device=cuda
INFO:src.estimators.masked_ae:[masked-ae] sweep lam=5.994842503189409 epoch 24/25 time=1.37s device=cuda
INFO:src.estimators.masked_ae:[masked-ae] sweep lam=5.994842503189409 epoch 25/25 time=1.38s device=cuda
INFO:src.estimators.masked_ae:[masked-ae] sweep lam=10.0 epoch 1/25 time=1.31s device=cuda
INFO:src.estimators.masked_ae:[masked-ae] sweep lam=10.0 epoch 2/25 time=1.33s device=cuda
INFO:src.estimators.masked_ae:[masked-ae] sweep lam=10.0 epoch 3/25 time=1.28s device=cuda
INFO:src.estimators.masked_ae:[masked-ae] sweep lam=10.0 epoch 4/25 time=1.25s device=cuda
INFO:src.estimators.masked_ae:[masked-ae] sweep lam=10.0 epoch 5/25 time=1.32s device=cuda
INFO:src.estimators.masked_ae:[masked-ae] sweep lam=10.0 epoch 6/25 time=1.36s device=cuda
INFO:src.estimators.masked_ae:[masked-ae] sweep lam=10.0 epoch 7/25 time=1.59s device=cuda
INFO:src.estimators.masked_ae:[masked-ae] sweep lam=10.0 epoch 8/25 time=1.31s device=cuda
INFO:src.estimators.masked_ae:[masked-ae] sweep lam=10.0 epoch 9/25 time=1.40s device=cuda
INFO:src.estimators.masked_ae:[masked-ae] sweep lam=10.0 epoch 10/25 time=1.46s device=cuda
INFO:src.estimators.masked_ae:[masked-ae] sweep lam=10.0 epoch 11/25 time=1.35s device=cuda
INFO:src.estimators.masked_ae:[masked-ae] sweep lam=10.0 epoch 12/25 time=1.35s device=cuda
INFO:src.estimators.masked_ae:[masked-ae] sweep lam=10.0 epoch 13/25 time=1.31s device=cuda
INFO:src.estimators.masked_ae:[masked-ae] sweep lam=10.0 epoch 14/25 time=1.41s device=cuda
INFO:src.estimators.masked_ae:[masked-ae] sweep lam=10.0 epoch 15/25 time=1.36s device=cuda
INFO:src.estimators.masked_ae:[masked-ae] sweep lam=10.0 epoch 16/25 time=1.42s device=cuda
INFO:src.estimators.masked_ae:[masked-ae] sweep lam=10.0 epoch 17/25 time=1.31s device=cuda
INFO:src.estimators.masked_ae:[masked-ae] sweep lam=10.0 epoch 18/25 time=1.41s device=cuda
INFO:src.estimators.masked_ae:[masked-ae] sweep lam=10.0 epoch 19/25 time=1.33s device=cuda
INFO:src.estimators.masked_ae:[masked-ae] sweep lam=10.0 epoch 20/25 time=1.40s device=cuda
INFO:src.estimators.masked_ae:[masked-ae] sweep lam=10.0 epoch 21/25 time=1.21s device=cuda
INFO:src.estimators.masked_ae:[masked-ae] sweep lam=10.0 epoch 22/25 time=1.31s device=cuda
INFO:src.estimators.masked_ae:[masked-ae] sweep lam=10.0 epoch 23/25 time=1.23s device=cuda
INFO:src.estimators.masked_ae:[masked-ae] sweep lam=10.0 epoch 24/25 time=1.45s device=cuda
INFO:src.estimators.masked_ae:[masked-ae] sweep lam=10.0 epoch 25/25 time=1.27s device=cuda
INFO:src.estimators.masked_ae:[masked-ae] retrain epoch 1/10 time=1.48s device=cuda
INFO:src.estimators.masked_ae:[masked-ae] retrain epoch 2/10 time=1.46s device=cuda
INFO:src.estimators.masked_ae:[masked-ae] retrain epoch 3/10 time=1.41s device=cuda
INFO:src.estimators.masked_ae:[masked-ae] retrain epoch 4/10 time=1.49s device=cuda
INFO:src.estimators.masked_ae:[masked-ae] retrain epoch 5/10 time=1.45s device=cuda
INFO:src.estimators.masked_ae:[masked-ae] retrain epoch 6/10 time=1.31s device=cuda
INFO:src.estimators.masked_ae:[masked-ae] retrain epoch 7/10 time=1.21s device=cuda
INFO:src.estimators.masked_ae:[masked-ae] retrain epoch 8/10 time=1.38s device=cuda
INFO:src.estimators.masked_ae:[masked-ae] retrain epoch 9/10 time=1.58s device=cuda
INFO:src.estimators.masked_ae:[masked-ae] retrain epoch 10/10 time=1.25s device=cuda
INFO:repair_masked_ae:Group ('mnist', 7, 0.5, 0) repaired: estimate=18.0 elapsed_s=363.20 device=cuda samples=60000 rows=5
INFO:repair_masked_ae:Processing group key=('mnist', 7, 0.75, 0) with 5 rows; example row 310
INFO:src.estimators.masked_ae:[masked-ae] pretrain epoch 1/10 time=1.08s device=cuda
INFO:src.estimators.masked_ae:[masked-ae] pretrain epoch 2/10 time=1.22s device=cuda
INFO:src.estimators.masked_ae:[masked-ae] pretrain epoch 3/10 time=1.33s device=cuda
INFO:src.estimators.masked_ae:[masked-ae] pretrain epoch 4/10 time=1.29s device=cuda
INFO:src.estimators.masked_ae:[masked-ae] pretrain epoch 5/10 time=1.22s device=cuda
INFO:src.estimators.masked_ae:[masked-ae] pretrain epoch 6/10 time=1.50s device=cuda
INFO:src.estimators.masked_ae:[masked-ae] pretrain epoch 7/10 time=1.19s device=cuda
INFO:src.estimators.masked_ae:[masked-ae] pretrain epoch 8/10 time=1.31s device=cuda
INFO:src.estimators.masked_ae:[masked-ae] pretrain epoch 9/10 time=1.16s device=cuda
INFO:src.estimators.masked_ae:[masked-ae] pretrain epoch 10/10 time=1.22s device=cuda
INFO:src.estimators.masked_ae:[masked-ae] sweep lam=0.1 epoch 1/25 time=1.26s device=cuda
INFO:src.estimators.masked_ae:[masked-ae] sweep lam=0.1 epoch 2/25 time=1.41s device=cuda
INFO:src.estimators.masked_ae:[masked-ae] sweep lam=0.1 epoch 3/25 time=1.48s device=cuda
INFO:src.estimators.masked_ae:[masked-ae] sweep lam=0.1 epoch 4/25 time=1.40s device=cuda
INFO:src.estimators.masked_ae:[masked-ae] sweep lam=0.1 epoch 5/25 time=1.26s device=cuda
INFO:src.estimators.masked_ae:[masked-ae] sweep lam=0.1 epoch 6/25 time=1.42s device=cuda
INFO:src.estimators.masked_ae:[masked-ae] sweep lam=0.1 epoch 7/25 time=1.46s device=cuda
INFO:src.estimators.masked_ae:[masked-ae] sweep lam=0.1 epoch 8/25 time=1.57s device=cuda
INFO:src.estimators.masked_ae:[masked-ae] sweep lam=0.1 epoch 9/25 time=1.52s device=cuda
INFO:src.estimators.masked_ae:[masked-ae] sweep lam=0.1 epoch 10/25 time=1.26s device=cuda
INFO:src.estimators.masked_ae:[masked-ae] sweep lam=0.1 epoch 11/25 time=1.44s device=cuda
INFO:src.estimators.masked_ae:[masked-ae] sweep lam=0.1 epoch 12/25 time=1.23s device=cuda
INFO:src.estimators.masked_ae:[masked-ae] sweep lam=0.1 epoch 13/25 time=1.22s device=cuda
INFO:src.estimators.masked_ae:[masked-ae] sweep lam=0.1 epoch 14/25 time=1.39s device=cuda
INFO:src.estimators.masked_ae:[masked-ae] sweep lam=0.1 epoch 15/25 time=1.32s device=cuda
INFO:src.estimators.masked_ae:[masked-ae] sweep lam=0.1 epoch 16/25 time=1.47s device=cuda
INFO:src.estimators.masked_ae:[masked-ae] sweep lam=0.1 epoch 17/25 time=1.33s device=cuda
INFO:src.estimators.masked_ae:[masked-ae] sweep lam=0.1 epoch 18/25 time=1.31s device=cuda
INFO:src.estimators.masked_ae:[masked-ae] sweep lam=0.1 epoch 19/25 time=1.43s device=cuda
INFO:src.estimators.masked_ae:[masked-ae] sweep lam=0.1 epoch 20/25 time=1.44s device=cuda
INFO:src.estimators.masked_ae:[masked-ae] sweep lam=0.1 epoch 21/25 time=1.24s device=cuda
INFO:src.estimators.masked_ae:[masked-ae] sweep lam=0.1 epoch 22/25 time=1.28s device=cuda
INFO:src.estimators.masked_ae:[masked-ae] sweep lam=0.1 epoch 23/25 time=1.39s device=cuda
INFO:src.estimators.masked_ae:[masked-ae] sweep lam=0.1 epoch 24/25 time=1.29s device=cuda
INFO:src.estimators.masked_ae:[masked-ae] sweep lam=0.1 epoch 25/25 time=1.20s device=cuda
INFO:src.estimators.masked_ae:[masked-ae] sweep lam=0.16681005372000587 epoch 1/25 time=1.43s device=cuda
INFO:src.estimators.masked_ae:[masked-ae] sweep lam=0.16681005372000587 epoch 2/25 time=1.43s device=cuda
INFO:src.estimators.masked_ae:[masked-ae] sweep lam=0.16681005372000587 epoch 3/25 time=1.40s device=cuda
INFO:src.estimators.masked_ae:[masked-ae] sweep lam=0.16681005372000587 epoch 4/25 time=1.46s device=cuda
INFO:src.estimators.masked_ae:[masked-ae] sweep lam=0.16681005372000587 epoch 5/25 time=1.33s device=cuda
INFO:src.estimators.masked_ae:[masked-ae] sweep lam=0.16681005372000587 epoch 6/25 time=1.41s device=cuda
INFO:src.estimators.masked_ae:[masked-ae] sweep lam=0.16681005372000587 epoch 7/25 time=1.32s device=cuda
INFO:src.estimators.masked_ae:[masked-ae] sweep lam=0.16681005372000587 epoch 8/25 time=1.44s device=cuda
INFO:src.estimators.masked_ae:[masked-ae] sweep lam=0.16681005372000587 epoch 9/25 time=1.28s device=cuda
INFO:src.estimators.masked_ae:[masked-ae] sweep lam=0.16681005372000587 epoch 10/25 time=1.38s device=cuda
INFO:src.estimators.masked_ae:[masked-ae] sweep lam=0.16681005372000587 epoch 11/25 time=1.48s device=cuda
INFO:src.estimators.masked_ae:[masked-ae] sweep lam=0.16681005372000587 epoch 12/25 time=1.39s device=cuda
INFO:src.estimators.masked_ae:[masked-ae] sweep lam=0.16681005372000587 epoch 13/25 time=1.16s device=cuda
INFO:src.estimators.masked_ae:[masked-ae] sweep lam=0.16681005372000587 epoch 14/25 time=1.35s device=cuda
INFO:src.estimators.masked_ae:[masked-ae] sweep lam=0.16681005372000587 epoch 15/25 time=1.35s device=cuda
INFO:src.estimators.masked_ae:[masked-ae] sweep lam=0.16681005372000587 epoch 16/25 time=1.32s device=cuda
INFO:src.estimators.masked_ae:[masked-ae] sweep lam=0.16681005372000587 epoch 17/25 time=1.36s device=cuda
INFO:src.estimators.masked_ae:[masked-ae] sweep lam=0.16681005372000587 epoch 18/25 time=1.34s device=cuda
INFO:src.estimators.masked_ae:[masked-ae] sweep lam=0.16681005372000587 epoch 19/25 time=1.41s device=cuda
INFO:src.estimators.masked_ae:[masked-ae] sweep lam=0.16681005372000587 epoch 20/25 time=1.27s device=cuda
INFO:src.estimators.masked_ae:[masked-ae] sweep lam=0.16681005372000587 epoch 21/25 time=1.35s device=cuda
INFO:src.estimators.masked_ae:[masked-ae] sweep lam=0.16681005372000587 epoch 22/25 time=1.34s device=cuda
INFO:src.estimators.masked_ae:[masked-ae] sweep lam=0.16681005372000587 epoch 23/25 time=1.27s device=cuda
INFO:src.estimators.masked_ae:[masked-ae] sweep lam=0.16681005372000587 epoch 24/25 time=1.18s device=cuda
INFO:src.estimators.masked_ae:[masked-ae] sweep lam=0.16681005372000587 epoch 25/25 time=1.27s device=cuda
INFO:src.estimators.masked_ae:[masked-ae] sweep lam=0.2782559402207124 epoch 1/25 time=1.39s device=cuda
INFO:src.estimators.masked_ae:[masked-ae] sweep lam=0.2782559402207124 epoch 2/25 time=1.28s device=cuda
INFO:src.estimators.masked_ae:[masked-ae] sweep lam=0.2782559402207124 epoch 3/25 time=1.34s device=cuda
INFO:src.estimators.masked_ae:[masked-ae] sweep lam=0.2782559402207124 epoch 4/25 time=1.33s device=cuda
INFO:src.estimators.masked_ae:[masked-ae] sweep lam=0.2782559402207124 epoch 5/25 time=1.33s device=cuda
INFO:src.estimators.masked_ae:[masked-ae] sweep lam=0.2782559402207124 epoch 6/25 time=1.34s device=cuda
INFO:src.estimators.masked_ae:[masked-ae] sweep lam=0.2782559402207124 epoch 7/25 time=1.35s device=cuda
INFO:src.estimators.masked_ae:[masked-ae] sweep lam=0.2782559402207124 epoch 8/25 time=1.27s device=cuda
INFO:src.estimators.masked_ae:[masked-ae] sweep lam=0.2782559402207124 epoch 9/25 time=1.43s device=cuda
INFO:src.estimators.masked_ae:[masked-ae] sweep lam=0.2782559402207124 epoch 10/25 time=1.48s device=cuda
INFO:src.estimators.masked_ae:[masked-ae] sweep lam=0.2782559402207124 epoch 11/25 time=1.33s device=cuda
INFO:src.estimators.masked_ae:[masked-ae] sweep lam=0.2782559402207124 epoch 12/25 time=1.31s device=cuda
INFO:src.estimators.masked_ae:[masked-ae] sweep lam=0.2782559402207124 epoch 13/25 time=1.36s device=cuda
INFO:src.estimators.masked_ae:[masked-ae] sweep lam=0.2782559402207124 epoch 14/25 time=1.44s device=cuda
INFO:src.estimators.masked_ae:[masked-ae] sweep lam=0.2782559402207124 epoch 15/25 time=1.31s device=cuda
INFO:src.estimators.masked_ae:[masked-ae] sweep lam=0.2782559402207124 epoch 16/25 time=1.20s device=cuda
INFO:src.estimators.masked_ae:[masked-ae] sweep lam=0.2782559402207124 epoch 17/25 time=1.46s device=cuda
INFO:src.estimators.masked_ae:[masked-ae] sweep lam=0.2782559402207124 epoch 18/25 time=1.28s device=cuda
INFO:src.estimators.masked_ae:[masked-ae] sweep lam=0.2782559402207124 epoch 19/25 time=1.33s device=cuda
INFO:src.estimators.masked_ae:[masked-ae] sweep lam=0.2782559402207124 epoch 20/25 time=1.21s device=cuda
INFO:src.estimators.masked_ae:[masked-ae] sweep lam=0.2782559402207124 epoch 21/25 time=1.49s device=cuda
INFO:src.estimators.masked_ae:[masked-ae] sweep lam=0.2782559402207124 epoch 22/25 time=1.15s device=cuda
INFO:src.estimators.masked_ae:[masked-ae] sweep lam=0.2782559402207124 epoch 23/25 time=1.22s device=cuda
INFO:src.estimators.masked_ae:[masked-ae] sweep lam=0.2782559402207124 epoch 24/25 time=1.52s device=cuda
INFO:src.estimators.masked_ae:[masked-ae] sweep lam=0.2782559402207124 epoch 25/25 time=1.53s device=cuda
INFO:src.estimators.masked_ae:[masked-ae] sweep lam=0.46415888336127786 epoch 1/25 time=1.47s device=cuda
INFO:src.estimators.masked_ae:[masked-ae] sweep lam=0.46415888336127786 epoch 2/25 time=1.56s device=cuda
INFO:src.estimators.masked_ae:[masked-ae] sweep lam=0.46415888336127786 epoch 3/25 time=1.29s device=cuda
INFO:src.estimators.masked_ae:[masked-ae] sweep lam=0.46415888336127786 epoch 4/25 time=1.42s device=cuda
INFO:src.estimators.masked_ae:[masked-ae] sweep lam=0.46415888336127786 epoch 5/25 time=1.41s device=cuda
INFO:src.estimators.masked_ae:[masked-ae] sweep lam=0.46415888336127786 epoch 6/25 time=1.41s device=cuda
INFO:src.estimators.masked_ae:[masked-ae] sweep lam=0.46415888336127786 epoch 7/25 time=1.40s device=cuda
INFO:src.estimators.masked_ae:[masked-ae] sweep lam=0.46415888336127786 epoch 8/25 time=1.47s device=cuda
INFO:src.estimators.masked_ae:[masked-ae] sweep lam=0.46415888336127786 epoch 9/25 time=1.45s device=cuda
INFO:src.estimators.masked_ae:[masked-ae] sweep lam=0.46415888336127786 epoch 10/25 time=1.40s device=cuda
INFO:src.estimators.masked_ae:[masked-ae] sweep lam=0.46415888336127786 epoch 11/25 time=1.45s device=cuda
INFO:src.estimators.masked_ae:[masked-ae] sweep lam=0.46415888336127786 epoch 12/25 time=1.32s device=cuda
INFO:src.estimators.masked_ae:[masked-ae] sweep lam=0.46415888336127786 epoch 13/25 time=1.31s device=cuda
INFO:src.estimators.masked_ae:[masked-ae] sweep lam=0.46415888336127786 epoch 14/25 time=1.26s device=cuda
INFO:src.estimators.masked_ae:[masked-ae] sweep lam=0.46415888336127786 epoch 15/25 time=1.20s device=cuda
INFO:src.estimators.masked_ae:[masked-ae] sweep lam=0.46415888336127786 epoch 16/25 time=1.37s device=cuda
INFO:src.estimators.masked_ae:[masked-ae] sweep lam=0.46415888336127786 epoch 17/25 time=1.40s device=cuda
INFO:src.estimators.masked_ae:[masked-ae] sweep lam=0.46415888336127786 epoch 18/25 time=1.48s device=cuda
INFO:src.estimators.masked_ae:[masked-ae] sweep lam=0.46415888336127786 epoch 19/25 time=1.29s device=cuda
INFO:src.estimators.masked_ae:[masked-ae] sweep lam=0.46415888336127786 epoch 20/25 time=1.33s device=cuda
INFO:src.estimators.masked_ae:[masked-ae] sweep lam=0.46415888336127786 epoch 21/25 time=1.42s device=cuda
INFO:src.estimators.masked_ae:[masked-ae] sweep lam=0.46415888336127786 epoch 22/25 time=1.34s device=cuda
INFO:src.estimators.masked_ae:[masked-ae] sweep lam=0.46415888336127786 epoch 23/25 time=1.41s device=cuda
INFO:src.estimators.masked_ae:[masked-ae] sweep lam=0.46415888336127786 epoch 24/25 time=1.34s device=cuda
INFO:src.estimators.masked_ae:[masked-ae] sweep lam=0.46415888336127786 epoch 25/25 time=1.26s device=cuda
INFO:src.estimators.masked_ae:[masked-ae] sweep lam=0.774263682681127 epoch 1/25 time=1.42s device=cuda
INFO:src.estimators.masked_ae:[masked-ae] sweep lam=0.774263682681127 epoch 2/25 time=1.49s device=cuda
INFO:src.estimators.masked_ae:[masked-ae] sweep lam=0.774263682681127 epoch 3/25 time=1.25s device=cuda
INFO:src.estimators.masked_ae:[masked-ae] sweep lam=0.774263682681127 epoch 4/25 time=1.41s device=cuda
INFO:src.estimators.masked_ae:[masked-ae] sweep lam=0.774263682681127 epoch 5/25 time=1.14s device=cuda
INFO:src.estimators.masked_ae:[masked-ae] sweep lam=0.774263682681127 epoch 6/25 time=1.28s device=cuda
INFO:src.estimators.masked_ae:[masked-ae] sweep lam=0.774263682681127 epoch 7/25 time=1.48s device=cuda
INFO:src.estimators.masked_ae:[masked-ae] sweep lam=0.774263682681127 epoch 8/25 time=1.46s device=cuda
INFO:src.estimators.masked_ae:[masked-ae] sweep lam=0.774263682681127 epoch 9/25 time=1.48s device=cuda
INFO:src.estimators.masked_ae:[masked-ae] sweep lam=0.774263682681127 epoch 10/25 time=1.27s device=cuda
INFO:src.estimators.masked_ae:[masked-ae] sweep lam=0.774263682681127 epoch 11/25 time=1.32s device=cuda
INFO:src.estimators.masked_ae:[masked-ae] sweep lam=0.774263682681127 epoch 12/25 time=1.27s device=cuda
INFO:src.estimators.masked_ae:[masked-ae] sweep lam=0.774263682681127 epoch 13/25 time=1.37s device=cuda
INFO:src.estimators.masked_ae:[masked-ae] sweep lam=0.774263682681127 epoch 14/25 time=1.24s device=cuda
INFO:src.estimators.masked_ae:[masked-ae] sweep lam=0.774263682681127 epoch 15/25 time=1.20s device=cuda
INFO:src.estimators.masked_ae:[masked-ae] sweep lam=0.774263682681127 epoch 16/25 time=1.33s device=cuda
INFO:src.estimators.masked_ae:[masked-ae] sweep lam=0.774263682681127 epoch 17/25 time=1.39s device=cuda
INFO:src.estimators.masked_ae:[masked-ae] sweep lam=0.774263682681127 epoch 18/25 time=1.18s device=cuda
INFO:src.estimators.masked_ae:[masked-ae] sweep lam=0.774263682681127 epoch 19/25 time=1.40s device=cuda
INFO:src.estimators.masked_ae:[masked-ae] sweep lam=0.774263682681127 epoch 20/25 time=1.40s device=cuda
INFO:src.estimators.masked_ae:[masked-ae] sweep lam=0.774263682681127 epoch 21/25 time=1.30s device=cuda
INFO:src.estimators.masked_ae:[masked-ae] sweep lam=0.774263682681127 epoch 22/25 time=1.13s device=cuda
INFO:src.estimators.masked_ae:[masked-ae] sweep lam=0.774263682681127 epoch 23/25 time=1.22s device=cuda
INFO:src.estimators.masked_ae:[masked-ae] sweep lam=0.774263682681127 epoch 24/25 time=1.24s device=cuda
INFO:src.estimators.masked_ae:[masked-ae] sweep lam=0.774263682681127 epoch 25/25 time=1.49s device=cuda
INFO:src.estimators.masked_ae:[masked-ae] sweep lam=1.291549665014884 epoch 1/25 time=1.44s device=cuda
INFO:src.estimators.masked_ae:[masked-ae] sweep lam=1.291549665014884 epoch 2/25 time=1.12s device=cuda
INFO:src.estimators.masked_ae:[masked-ae] sweep lam=1.291549665014884 epoch 3/25 time=1.36s device=cuda
INFO:src.estimators.masked_ae:[masked-ae] sweep lam=1.291549665014884 epoch 4/25 time=1.36s device=cuda
INFO:src.estimators.masked_ae:[masked-ae] sweep lam=1.291549665014884 epoch 5/25 time=1.53s device=cuda
INFO:src.estimators.masked_ae:[masked-ae] sweep lam=1.291549665014884 epoch 6/25 time=1.31s device=cuda
INFO:src.estimators.masked_ae:[masked-ae] sweep lam=1.291549665014884 epoch 7/25 time=1.06s device=cuda
INFO:src.estimators.masked_ae:[masked-ae] sweep lam=1.291549665014884 epoch 8/25 time=1.31s device=cuda
INFO:src.estimators.masked_ae:[masked-ae] sweep lam=1.291549665014884 epoch 9/25 time=1.34s device=cuda
INFO:src.estimators.masked_ae:[masked-ae] sweep lam=1.291549665014884 epoch 10/25 time=1.15s device=cuda
INFO:src.estimators.masked_ae:[masked-ae] sweep lam=1.291549665014884 epoch 11/25 time=1.29s device=cuda
INFO:src.estimators.masked_ae:[masked-ae] sweep lam=1.291549665014884 epoch 12/25 time=1.40s device=cuda
INFO:src.estimators.masked_ae:[masked-ae] sweep lam=1.291549665014884 epoch 13/25 time=1.27s device=cuda
INFO:src.estimators.masked_ae:[masked-ae] sweep lam=1.291549665014884 epoch 14/25 time=1.35s device=cuda
INFO:src.estimators.masked_ae:[masked-ae] sweep lam=1.291549665014884 epoch 15/25 time=1.33s device=cuda
INFO:src.estimators.masked_ae:[masked-ae] sweep lam=1.291549665014884 epoch 16/25 time=1.20s device=cuda
INFO:src.estimators.masked_ae:[masked-ae] sweep lam=1.291549665014884 epoch 17/25 time=1.46s device=cuda
INFO:src.estimators.masked_ae:[masked-ae] sweep lam=1.291549665014884 epoch 18/25 time=1.32s device=cuda
INFO:src.estimators.masked_ae:[masked-ae] sweep lam=1.291549665014884 epoch 19/25 time=1.42s device=cuda
INFO:src.estimators.masked_ae:[masked-ae] sweep lam=1.291549665014884 epoch 20/25 time=1.17s device=cuda
INFO:src.estimators.masked_ae:[masked-ae] sweep lam=1.291549665014884 epoch 21/25 time=1.38s device=cuda
INFO:src.estimators.masked_ae:[masked-ae] sweep lam=1.291549665014884 epoch 22/25 time=1.12s device=cuda
INFO:src.estimators.masked_ae:[masked-ae] sweep lam=1.291549665014884 epoch 23/25 time=1.43s device=cuda
INFO:src.estimators.masked_ae:[masked-ae] sweep lam=1.291549665014884 epoch 24/25 time=1.35s device=cuda
INFO:src.estimators.masked_ae:[masked-ae] sweep lam=1.291549665014884 epoch 25/25 time=1.26s device=cuda
INFO:src.estimators.masked_ae:[masked-ae] sweep lam=2.1544346900318834 epoch 1/25 time=1.43s device=cuda
INFO:src.estimators.masked_ae:[masked-ae] sweep lam=2.1544346900318834 epoch 2/25 time=1.41s device=cuda
INFO:src.estimators.masked_ae:[masked-ae] sweep lam=2.1544346900318834 epoch 3/25 time=1.31s device=cuda
INFO:src.estimators.masked_ae:[masked-ae] sweep lam=2.1544346900318834 epoch 4/25 time=1.38s device=cuda
INFO:src.estimators.masked_ae:[masked-ae] sweep lam=2.1544346900318834 epoch 5/25 time=1.29s device=cuda
INFO:src.estimators.masked_ae:[masked-ae] sweep lam=2.1544346900318834 epoch 6/25 time=1.36s device=cuda
INFO:src.estimators.masked_ae:[masked-ae] sweep lam=2.1544346900318834 epoch 7/25 time=1.38s device=cuda
INFO:src.estimators.masked_ae:[masked-ae] sweep lam=2.1544346900318834 epoch 8/25 time=1.49s device=cuda
INFO:src.estimators.masked_ae:[masked-ae] sweep lam=2.1544346900318834 epoch 9/25 time=1.35s device=cuda
INFO:src.estimators.masked_ae:[masked-ae] sweep lam=2.1544346900318834 epoch 10/25 time=1.24s device=cuda
INFO:src.estimators.masked_ae:[masked-ae] sweep lam=2.1544346900318834 epoch 11/25 time=1.40s device=cuda
INFO:src.estimators.masked_ae:[masked-ae] sweep lam=2.1544346900318834 epoch 12/25 time=1.44s device=cuda
INFO:src.estimators.masked_ae:[masked-ae] sweep lam=2.1544346900318834 epoch 13/25 time=1.49s device=cuda
INFO:src.estimators.masked_ae:[masked-ae] sweep lam=2.1544346900318834 epoch 14/25 time=1.37s device=cuda
INFO:src.estimators.masked_ae:[masked-ae] sweep lam=2.1544346900318834 epoch 15/25 time=1.41s device=cuda
INFO:src.estimators.masked_ae:[masked-ae] sweep lam=2.1544346900318834 epoch 16/25 time=1.26s device=cuda
INFO:src.estimators.masked_ae:[masked-ae] sweep lam=2.1544346900318834 epoch 17/25 time=1.41s device=cuda
INFO:src.estimators.masked_ae:[masked-ae] sweep lam=2.1544346900318834 epoch 18/25 time=1.38s device=cuda
INFO:src.estimators.masked_ae:[masked-ae] sweep lam=2.1544346900318834 epoch 19/25 time=1.50s device=cuda
INFO:src.estimators.masked_ae:[masked-ae] sweep lam=2.1544346900318834 epoch 20/25 time=1.43s device=cuda
INFO:src.estimators.masked_ae:[masked-ae] sweep lam=2.1544346900318834 epoch 21/25 time=1.38s device=cuda
INFO:src.estimators.masked_ae:[masked-ae] sweep lam=2.1544346900318834 epoch 22/25 time=1.49s device=cuda
INFO:src.estimators.masked_ae:[masked-ae] sweep lam=2.1544346900318834 epoch 23/25 time=1.30s device=cuda
INFO:src.estimators.masked_ae:[masked-ae] sweep lam=2.1544346900318834 epoch 24/25 time=1.31s device=cuda
INFO:src.estimators.masked_ae:[masked-ae] sweep lam=2.1544346900318834 epoch 25/25 time=1.49s device=cuda
INFO:src.estimators.masked_ae:[masked-ae] sweep lam=3.593813663804626 epoch 1/25 time=1.39s device=cuda
INFO:src.estimators.masked_ae:[masked-ae] sweep lam=3.593813663804626 epoch 2/25 time=1.24s device=cuda
INFO:src.estimators.masked_ae:[masked-ae] sweep lam=3.593813663804626 epoch 3/25 time=1.25s device=cuda
INFO:src.estimators.masked_ae:[masked-ae] sweep lam=3.593813663804626 epoch 4/25 time=1.04s device=cuda
INFO:src.estimators.masked_ae:[masked-ae] sweep lam=3.593813663804626 epoch 5/25 time=1.53s device=cuda
INFO:src.estimators.masked_ae:[masked-ae] sweep lam=3.593813663804626 epoch 6/25 time=1.54s device=cuda
INFO:src.estimators.masked_ae:[masked-ae] sweep lam=3.593813663804626 epoch 7/25 time=1.43s device=cuda
INFO:src.estimators.masked_ae:[masked-ae] sweep lam=3.593813663804626 epoch 8/25 time=1.35s device=cuda
INFO:src.estimators.masked_ae:[masked-ae] sweep lam=3.593813663804626 epoch 9/25 time=1.29s device=cuda
INFO:src.estimators.masked_ae:[masked-ae] sweep lam=3.593813663804626 epoch 10/25 time=1.27s device=cuda
INFO:src.estimators.masked_ae:[masked-ae] sweep lam=3.593813663804626 epoch 11/25 time=1.43s device=cuda
INFO:src.estimators.masked_ae:[masked-ae] sweep lam=3.593813663804626 epoch 12/25 time=1.29s device=cuda
INFO:src.estimators.masked_ae:[masked-ae] sweep lam=3.593813663804626 epoch 13/25 time=1.41s device=cuda
INFO:src.estimators.masked_ae:[masked-ae] sweep lam=3.593813663804626 epoch 14/25 time=1.41s device=cuda
INFO:src.estimators.masked_ae:[masked-ae] sweep lam=3.593813663804626 epoch 15/25 time=1.42s device=cuda
INFO:src.estimators.masked_ae:[masked-ae] sweep lam=3.593813663804626 epoch 16/25 time=1.34s device=cuda
INFO:src.estimators.masked_ae:[masked-ae] sweep lam=3.593813663804626 epoch 17/25 time=1.44s device=cuda
INFO:src.estimators.masked_ae:[masked-ae] sweep lam=3.593813663804626 epoch 18/25 time=1.27s device=cuda
INFO:src.estimators.masked_ae:[masked-ae] sweep lam=3.593813663804626 epoch 19/25 time=1.39s device=cuda
INFO:src.estimators.masked_ae:[masked-ae] sweep lam=3.593813663804626 epoch 20/25 time=1.35s device=cuda
INFO:src.estimators.masked_ae:[masked-ae] sweep lam=3.593813663804626 epoch 21/25 time=1.46s device=cuda
INFO:src.estimators.masked_ae:[masked-ae] sweep lam=3.593813663804626 epoch 22/25 time=1.31s device=cuda
INFO:src.estimators.masked_ae:[masked-ae] sweep lam=3.593813663804626 epoch 23/25 time=1.17s device=cuda
INFO:src.estimators.masked_ae:[masked-ae] sweep lam=3.593813663804626 epoch 24/25 time=1.34s device=cuda
INFO:src.estimators.masked_ae:[masked-ae] sweep lam=3.593813663804626 epoch 25/25 time=1.24s device=cuda
INFO:src.estimators.masked_ae:[masked-ae] sweep lam=5.994842503189409 epoch 1/25 time=1.41s device=cuda
INFO:src.estimators.masked_ae:[masked-ae] sweep lam=5.994842503189409 epoch 2/25 time=1.52s device=cuda
INFO:src.estimators.masked_ae:[masked-ae] sweep lam=5.994842503189409 epoch 3/25 time=1.24s device=cuda
INFO:src.estimators.masked_ae:[masked-ae] sweep lam=5.994842503189409 epoch 4/25 time=1.28s device=cuda
INFO:src.estimators.masked_ae:[masked-ae] sweep lam=5.994842503189409 epoch 5/25 time=1.24s device=cuda
INFO:src.estimators.masked_ae:[masked-ae] sweep lam=5.994842503189409 epoch 6/25 time=1.44s device=cuda
INFO:src.estimators.masked_ae:[masked-ae] sweep lam=5.994842503189409 epoch 7/25 time=1.62s device=cuda
INFO:src.estimators.masked_ae:[masked-ae] sweep lam=5.994842503189409 epoch 8/25 time=1.22s device=cuda
INFO:src.estimators.masked_ae:[masked-ae] sweep lam=5.994842503189409 epoch 9/25 time=1.19s device=cuda
INFO:src.estimators.masked_ae:[masked-ae] sweep lam=5.994842503189409 epoch 10/25 time=1.44s device=cuda
INFO:src.estimators.masked_ae:[masked-ae] sweep lam=5.994842503189409 epoch 11/25 time=1.40s device=cuda
INFO:src.estimators.masked_ae:[masked-ae] sweep lam=5.994842503189409 epoch 12/25 time=1.42s device=cuda
INFO:src.estimators.masked_ae:[masked-ae] sweep lam=5.994842503189409 epoch 13/25 time=1.52s device=cuda
INFO:src.estimators.masked_ae:[masked-ae] sweep lam=5.994842503189409 epoch 14/25 time=1.30s device=cuda
INFO:src.estimators.masked_ae:[masked-ae] sweep lam=5.994842503189409 epoch 15/25 time=1.34s device=cuda
INFO:src.estimators.masked_ae:[masked-ae] sweep lam=5.994842503189409 epoch 16/25 time=1.43s device=cuda
INFO:src.estimators.masked_ae:[masked-ae] sweep lam=5.994842503189409 epoch 17/25 time=1.23s device=cuda
INFO:src.estimators.masked_ae:[masked-ae] sweep lam=5.994842503189409 epoch 18/25 time=1.41s device=cuda
INFO:src.estimators.masked_ae:[masked-ae] sweep lam=5.994842503189409 epoch 19/25 time=1.45s device=cuda
INFO:src.estimators.masked_ae:[masked-ae] sweep lam=5.994842503189409 epoch 20/25 time=1.39s device=cuda
INFO:src.estimators.masked_ae:[masked-ae] sweep lam=5.994842503189409 epoch 21/25 time=1.26s device=cuda
INFO:src.estimators.masked_ae:[masked-ae] sweep lam=5.994842503189409 epoch 22/25 time=1.32s device=cuda
INFO:src.estimators.masked_ae:[masked-ae] sweep lam=5.994842503189409 epoch 23/25 time=1.36s device=cuda
INFO:src.estimators.masked_ae:[masked-ae] sweep lam=5.994842503189409 epoch 24/25 time=1.33s device=cuda
INFO:src.estimators.masked_ae:[masked-ae] sweep lam=5.994842503189409 epoch 25/25 time=1.39s device=cuda
INFO:src.estimators.masked_ae:[masked-ae] sweep lam=10.0 epoch 1/25 time=1.13s device=cuda
INFO:src.estimators.masked_ae:[masked-ae] sweep lam=10.0 epoch 2/25 time=1.21s device=cuda
INFO:src.estimators.masked_ae:[masked-ae] sweep lam=10.0 epoch 3/25 time=1.49s device=cuda
INFO:src.estimators.masked_ae:[masked-ae] sweep lam=10.0 epoch 4/25 time=1.26s device=cuda
INFO:src.estimators.masked_ae:[masked-ae] sweep lam=10.0 epoch 5/25 time=1.34s device=cuda
INFO:src.estimators.masked_ae:[masked-ae] sweep lam=10.0 epoch 6/25 time=1.51s device=cuda
INFO:src.estimators.masked_ae:[masked-ae] sweep lam=10.0 epoch 7/25 time=1.33s device=cuda
INFO:src.estimators.masked_ae:[masked-ae] sweep lam=10.0 epoch 8/25 time=1.49s device=cuda
INFO:src.estimators.masked_ae:[masked-ae] sweep lam=10.0 epoch 9/25 time=1.38s device=cuda
INFO:src.estimators.masked_ae:[masked-ae] sweep lam=10.0 epoch 10/25 time=1.16s device=cuda
INFO:src.estimators.masked_ae:[masked-ae] sweep lam=10.0 epoch 11/25 time=1.32s device=cuda
INFO:src.estimators.masked_ae:[masked-ae] sweep lam=10.0 epoch 12/25 time=1.38s device=cuda
INFO:src.estimators.masked_ae:[masked-ae] sweep lam=10.0 epoch 13/25 time=1.52s device=cuda
INFO:src.estimators.masked_ae:[masked-ae] sweep lam=10.0 epoch 14/25 time=1.43s device=cuda
INFO:src.estimators.masked_ae:[masked-ae] sweep lam=10.0 epoch 15/25 time=1.27s device=cuda
INFO:src.estimators.masked_ae:[masked-ae] sweep lam=10.0 epoch 16/25 time=1.48s device=cuda
INFO:src.estimators.masked_ae:[masked-ae] sweep lam=10.0 epoch 17/25 time=1.45s device=cuda
INFO:src.estimators.masked_ae:[masked-ae] sweep lam=10.0 epoch 18/25 time=1.31s device=cuda
INFO:src.estimators.masked_ae:[masked-ae] sweep lam=10.0 epoch 19/25 time=1.44s device=cuda
INFO:src.estimators.masked_ae:[masked-ae] sweep lam=10.0 epoch 20/25 time=1.35s device=cuda
INFO:src.estimators.masked_ae:[masked-ae] sweep lam=10.0 epoch 21/25 time=1.40s device=cuda
INFO:src.estimators.masked_ae:[masked-ae] sweep lam=10.0 epoch 22/25 time=1.25s device=cuda
INFO:src.estimators.masked_ae:[masked-ae] sweep lam=10.0 epoch 23/25 time=1.45s device=cuda
INFO:src.estimators.masked_ae:[masked-ae] sweep lam=10.0 epoch 24/25 time=1.31s device=cuda
INFO:src.estimators.masked_ae:[masked-ae] sweep lam=10.0 epoch 25/25 time=1.31s device=cuda
INFO:src.estimators.masked_ae:[masked-ae] retrain epoch 1/10 time=1.31s device=cuda
INFO:src.estimators.masked_ae:[masked-ae] retrain epoch 2/10 time=1.50s device=cuda
INFO:src.estimators.masked_ae:[masked-ae] retrain epoch 3/10 time=1.37s device=cuda
INFO:src.estimators.masked_ae:[masked-ae] retrain epoch 4/10 time=1.07s device=cuda
INFO:src.estimators.masked_ae:[masked-ae] retrain epoch 5/10 time=1.31s device=cuda
INFO:src.estimators.masked_ae:[masked-ae] retrain epoch 6/10 time=1.21s device=cuda
INFO:src.estimators.masked_ae:[masked-ae] retrain epoch 7/10 time=1.33s device=cuda
INFO:src.estimators.masked_ae:[masked-ae] retrain epoch 8/10 time=1.22s device=cuda
INFO:src.estimators.masked_ae:[masked-ae] retrain epoch 9/10 time=1.40s device=cuda
INFO:src.estimators.masked_ae:[masked-ae] retrain epoch 10/10 time=1.24s device=cuda
INFO:repair_masked_ae:Group ('mnist', 7, 0.75, 0) repaired: estimate=19.0 elapsed_s=369.31 device=cuda samples=60000 rows=5
INFO:repair_masked_ae:Processing group key=('mnist', 7, 1.0, 0) with 5 rows; example row 345
INFO:src.estimators.masked_ae:[masked-ae] pretrain epoch 1/10 time=1.04s device=cuda
INFO:src.estimators.masked_ae:[masked-ae] pretrain epoch 2/10 time=1.31s device=cuda
INFO:src.estimators.masked_ae:[masked-ae] pretrain epoch 3/10 time=1.18s device=cuda
INFO:src.estimators.masked_ae:[masked-ae] pretrain epoch 4/10 time=1.14s device=cuda
INFO:src.estimators.masked_ae:[masked-ae] pretrain epoch 5/10 time=1.19s device=cuda
INFO:src.estimators.masked_ae:[masked-ae] pretrain epoch 6/10 time=1.37s device=cuda
INFO:src.estimators.masked_ae:[masked-ae] pretrain epoch 7/10 time=1.20s device=cuda
INFO:src.estimators.masked_ae:[masked-ae] pretrain epoch 8/10 time=1.30s device=cuda
INFO:src.estimators.masked_ae:[masked-ae] pretrain epoch 9/10 time=1.12s device=cuda
INFO:src.estimators.masked_ae:[masked-ae] pretrain epoch 10/10 time=1.19s device=cuda
INFO:src.estimators.masked_ae:[masked-ae] sweep lam=0.1 epoch 1/25 time=1.23s device=cuda
INFO:src.estimators.masked_ae:[masked-ae] sweep lam=0.1 epoch 2/25 time=1.28s device=cuda
INFO:src.estimators.masked_ae:[masked-ae] sweep lam=0.1 epoch 3/25 time=1.12s device=cuda
INFO:src.estimators.masked_ae:[masked-ae] sweep lam=0.1 epoch 4/25 time=1.31s device=cuda
INFO:src.estimators.masked_ae:[masked-ae] sweep lam=0.1 epoch 5/25 time=1.21s device=cuda
INFO:src.estimators.masked_ae:[masked-ae] sweep lam=0.1 epoch 6/25 time=1.39s device=cuda
INFO:src.estimators.masked_ae:[masked-ae] sweep lam=0.1 epoch 7/25 time=1.28s device=cuda
INFO:src.estimators.masked_ae:[masked-ae] sweep lam=0.1 epoch 8/25 time=1.27s device=cuda
INFO:src.estimators.masked_ae:[masked-ae] sweep lam=0.1 epoch 9/25 time=1.59s device=cuda
INFO:src.estimators.masked_ae:[masked-ae] sweep lam=0.1 epoch 10/25 time=1.22s device=cuda
INFO:src.estimators.masked_ae:[masked-ae] sweep lam=0.1 epoch 11/25 time=1.49s device=cuda
INFO:src.estimators.masked_ae:[masked-ae] sweep lam=0.1 epoch 12/25 time=1.41s device=cuda
INFO:src.estimators.masked_ae:[masked-ae] sweep lam=0.1 epoch 13/25 time=1.29s device=cuda
INFO:src.estimators.masked_ae:[masked-ae] sweep lam=0.1 epoch 14/25 time=1.40s device=cuda
INFO:src.estimators.masked_ae:[masked-ae] sweep lam=0.1 epoch 15/25 time=1.34s device=cuda
INFO:src.estimators.masked_ae:[masked-ae] sweep lam=0.1 epoch 16/25 time=1.30s device=cuda
INFO:src.estimators.masked_ae:[masked-ae] sweep lam=0.1 epoch 17/25 time=1.34s device=cuda
INFO:src.estimators.masked_ae:[masked-ae] sweep lam=0.1 epoch 18/25 time=1.04s device=cuda
INFO:src.estimators.masked_ae:[masked-ae] sweep lam=0.1 epoch 19/25 time=1.27s device=cuda
INFO:src.estimators.masked_ae:[masked-ae] sweep lam=0.1 epoch 20/25 time=1.26s device=cuda
INFO:src.estimators.masked_ae:[masked-ae] sweep lam=0.1 epoch 21/25 time=1.26s device=cuda
INFO:src.estimators.masked_ae:[masked-ae] sweep lam=0.1 epoch 22/25 time=1.40s device=cuda
INFO:src.estimators.masked_ae:[masked-ae] sweep lam=0.1 epoch 23/25 time=1.26s device=cuda
INFO:src.estimators.masked_ae:[masked-ae] sweep lam=0.1 epoch 24/25 time=1.26s device=cuda
INFO:src.estimators.masked_ae:[masked-ae] sweep lam=0.1 epoch 25/25 time=1.45s device=cuda
INFO:src.estimators.masked_ae:[masked-ae] sweep lam=0.16681005372000587 epoch 1/25 time=1.18s device=cuda
INFO:src.estimators.masked_ae:[masked-ae] sweep lam=0.16681005372000587 epoch 2/25 time=1.44s device=cuda
INFO:src.estimators.masked_ae:[masked-ae] sweep lam=0.16681005372000587 epoch 3/25 time=1.43s device=cuda
INFO:src.estimators.masked_ae:[masked-ae] sweep lam=0.16681005372000587 epoch 4/25 time=1.39s device=cuda
INFO:src.estimators.masked_ae:[masked-ae] sweep lam=0.16681005372000587 epoch 5/25 time=1.28s device=cuda
INFO:src.estimators.masked_ae:[masked-ae] sweep lam=0.16681005372000587 epoch 6/25 time=1.83s device=cuda
INFO:src.estimators.masked_ae:[masked-ae] sweep lam=0.16681005372000587 epoch 7/25 time=1.26s device=cuda
INFO:src.estimators.masked_ae:[masked-ae] sweep lam=0.16681005372000587 epoch 8/25 time=1.34s device=cuda
INFO:src.estimators.masked_ae:[masked-ae] sweep lam=0.16681005372000587 epoch 9/25 time=1.34s device=cuda
INFO:src.estimators.masked_ae:[masked-ae] sweep lam=0.16681005372000587 epoch 10/25 time=1.21s device=cuda
INFO:src.estimators.masked_ae:[masked-ae] sweep lam=0.16681005372000587 epoch 11/25 time=1.31s device=cuda
INFO:src.estimators.masked_ae:[masked-ae] sweep lam=0.16681005372000587 epoch 12/25 time=1.55s device=cuda
INFO:src.estimators.masked_ae:[masked-ae] sweep lam=0.16681005372000587 epoch 13/25 time=1.27s device=cuda
INFO:src.estimators.masked_ae:[masked-ae] sweep lam=0.16681005372000587 epoch 14/25 time=1.42s device=cuda
INFO:src.estimators.masked_ae:[masked-ae] sweep lam=0.16681005372000587 epoch 15/25 time=1.32s device=cuda
INFO:src.estimators.masked_ae:[masked-ae] sweep lam=0.16681005372000587 epoch 16/25 time=1.43s device=cuda
INFO:src.estimators.masked_ae:[masked-ae] sweep lam=0.16681005372000587 epoch 17/25 time=1.47s device=cuda
INFO:src.estimators.masked_ae:[masked-ae] sweep lam=0.16681005372000587 epoch 18/25 time=1.32s device=cuda
INFO:src.estimators.masked_ae:[masked-ae] sweep lam=0.16681005372000587 epoch 19/25 time=1.45s device=cuda
INFO:src.estimators.masked_ae:[masked-ae] sweep lam=0.16681005372000587 epoch 20/25 time=1.38s device=cuda
INFO:src.estimators.masked_ae:[masked-ae] sweep lam=0.16681005372000587 epoch 21/25 time=1.18s device=cuda
INFO:src.estimators.masked_ae:[masked-ae] sweep lam=0.16681005372000587 epoch 22/25 time=1.21s device=cuda
INFO:src.estimators.masked_ae:[masked-ae] sweep lam=0.16681005372000587 epoch 23/25 time=1.24s device=cuda
INFO:src.estimators.masked_ae:[masked-ae] sweep lam=0.16681005372000587 epoch 24/25 time=1.22s device=cuda
INFO:src.estimators.masked_ae:[masked-ae] sweep lam=0.16681005372000587 epoch 25/25 time=1.21s device=cuda
INFO:src.estimators.masked_ae:[masked-ae] sweep lam=0.2782559402207124 epoch 1/25 time=1.38s device=cuda
INFO:src.estimators.masked_ae:[masked-ae] sweep lam=0.2782559402207124 epoch 2/25 time=1.48s device=cuda
INFO:src.estimators.masked_ae:[masked-ae] sweep lam=0.2782559402207124 epoch 3/25 time=1.34s device=cuda
INFO:src.estimators.masked_ae:[masked-ae] sweep lam=0.2782559402207124 epoch 4/25 time=1.49s device=cuda
INFO:src.estimators.masked_ae:[masked-ae] sweep lam=0.2782559402207124 epoch 5/25 time=1.20s device=cuda
INFO:src.estimators.masked_ae:[masked-ae] sweep lam=0.2782559402207124 epoch 6/25 time=1.40s device=cuda
INFO:src.estimators.masked_ae:[masked-ae] sweep lam=0.2782559402207124 epoch 7/25 time=1.07s device=cuda
INFO:src.estimators.masked_ae:[masked-ae] sweep lam=0.2782559402207124 epoch 8/25 time=1.48s device=cuda
INFO:src.estimators.masked_ae:[masked-ae] sweep lam=0.2782559402207124 epoch 9/25 time=1.31s device=cuda
INFO:src.estimators.masked_ae:[masked-ae] sweep lam=0.2782559402207124 epoch 10/25 time=1.17s device=cuda
INFO:src.estimators.masked_ae:[masked-ae] sweep lam=0.2782559402207124 epoch 11/25 time=1.22s device=cuda
INFO:src.estimators.masked_ae:[masked-ae] sweep lam=0.2782559402207124 epoch 12/25 time=1.37s device=cuda
INFO:src.estimators.masked_ae:[masked-ae] sweep lam=0.2782559402207124 epoch 13/25 time=1.24s device=cuda
INFO:src.estimators.masked_ae:[masked-ae] sweep lam=0.2782559402207124 epoch 14/25 time=1.31s device=cuda
INFO:src.estimators.masked_ae:[masked-ae] sweep lam=0.2782559402207124 epoch 15/25 time=1.25s device=cuda
INFO:src.estimators.masked_ae:[masked-ae] sweep lam=0.2782559402207124 epoch 16/25 time=1.52s device=cuda
INFO:src.estimators.masked_ae:[masked-ae] sweep lam=0.2782559402207124 epoch 17/25 time=1.45s device=cuda
INFO:src.estimators.masked_ae:[masked-ae] sweep lam=0.2782559402207124 epoch 18/25 time=1.22s device=cuda
INFO:src.estimators.masked_ae:[masked-ae] sweep lam=0.2782559402207124 epoch 19/25 time=1.23s device=cuda
INFO:src.estimators.masked_ae:[masked-ae] sweep lam=0.2782559402207124 epoch 20/25 time=1.40s device=cuda
INFO:src.estimators.masked_ae:[masked-ae] sweep lam=0.2782559402207124 epoch 21/25 time=1.65s device=cuda
INFO:src.estimators.masked_ae:[masked-ae] sweep lam=0.2782559402207124 epoch 22/25 time=1.11s device=cuda
INFO:src.estimators.masked_ae:[masked-ae] sweep lam=0.2782559402207124 epoch 23/25 time=1.30s device=cuda
INFO:src.estimators.masked_ae:[masked-ae] sweep lam=0.2782559402207124 epoch 24/25 time=1.18s device=cuda
INFO:src.estimators.masked_ae:[masked-ae] sweep lam=0.2782559402207124 epoch 25/25 time=1.42s device=cuda
INFO:src.estimators.masked_ae:[masked-ae] sweep lam=0.46415888336127786 epoch 1/25 time=1.44s device=cuda
INFO:src.estimators.masked_ae:[masked-ae] sweep lam=0.46415888336127786 epoch 2/25 time=1.44s device=cuda
INFO:src.estimators.masked_ae:[masked-ae] sweep lam=0.46415888336127786 epoch 3/25 time=1.31s device=cuda
INFO:src.estimators.masked_ae:[masked-ae] sweep lam=0.46415888336127786 epoch 4/25 time=1.14s device=cuda
INFO:src.estimators.masked_ae:[masked-ae] sweep lam=0.46415888336127786 epoch 5/25 time=1.53s device=cuda
INFO:src.estimators.masked_ae:[masked-ae] sweep lam=0.46415888336127786 epoch 6/25 time=1.50s device=cuda
INFO:src.estimators.masked_ae:[masked-ae] sweep lam=0.46415888336127786 epoch 7/25 time=1.37s device=cuda
INFO:src.estimators.masked_ae:[masked-ae] sweep lam=0.46415888336127786 epoch 8/25 time=1.49s device=cuda
INFO:src.estimators.masked_ae:[masked-ae] sweep lam=0.46415888336127786 epoch 9/25 time=1.38s device=cuda
INFO:src.estimators.masked_ae:[masked-ae] sweep lam=0.46415888336127786 epoch 10/25 time=1.37s device=cuda
INFO:src.estimators.masked_ae:[masked-ae] sweep lam=0.46415888336127786 epoch 11/25 time=1.27s device=cuda
INFO:src.estimators.masked_ae:[masked-ae] sweep lam=0.46415888336127786 epoch 12/25 time=1.44s device=cuda
INFO:src.estimators.masked_ae:[masked-ae] sweep lam=0.46415888336127786 epoch 13/25 time=1.36s device=cuda
INFO:src.estimators.masked_ae:[masked-ae] sweep lam=0.46415888336127786 epoch 14/25 time=1.27s device=cuda
INFO:src.estimators.masked_ae:[masked-ae] sweep lam=0.46415888336127786 epoch 15/25 time=1.39s device=cuda
INFO:src.estimators.masked_ae:[masked-ae] sweep lam=0.46415888336127786 epoch 16/25 time=1.58s device=cuda
INFO:src.estimators.masked_ae:[masked-ae] sweep lam=0.46415888336127786 epoch 17/25 time=1.24s device=cuda
INFO:src.estimators.masked_ae:[masked-ae] sweep lam=0.46415888336127786 epoch 18/25 time=1.46s device=cuda
INFO:src.estimators.masked_ae:[masked-ae] sweep lam=0.46415888336127786 epoch 19/25 time=1.53s device=cuda
INFO:src.estimators.masked_ae:[masked-ae] sweep lam=0.46415888336127786 epoch 20/25 time=1.43s device=cuda
INFO:src.estimators.masked_ae:[masked-ae] sweep lam=0.46415888336127786 epoch 21/25 time=1.26s device=cuda
INFO:src.estimators.masked_ae:[masked-ae] sweep lam=0.46415888336127786 epoch 22/25 time=1.58s device=cuda
INFO:src.estimators.masked_ae:[masked-ae] sweep lam=0.46415888336127786 epoch 23/25 time=1.35s device=cuda
INFO:src.estimators.masked_ae:[masked-ae] sweep lam=0.46415888336127786 epoch 24/25 time=1.33s device=cuda
INFO:src.estimators.masked_ae:[masked-ae] sweep lam=0.46415888336127786 epoch 25/25 time=1.23s device=cuda
INFO:src.estimators.masked_ae:[masked-ae] sweep lam=0.774263682681127 epoch 1/25 time=1.28s device=cuda
INFO:src.estimators.masked_ae:[masked-ae] sweep lam=0.774263682681127 epoch 2/25 time=1.36s device=cuda
INFO:src.estimators.masked_ae:[masked-ae] sweep lam=0.774263682681127 epoch 3/25 time=1.47s device=cuda
INFO:src.estimators.masked_ae:[masked-ae] sweep lam=0.774263682681127 epoch 4/25 time=1.45s device=cuda
INFO:src.estimators.masked_ae:[masked-ae] sweep lam=0.774263682681127 epoch 5/25 time=1.34s device=cuda
INFO:src.estimators.masked_ae:[masked-ae] sweep lam=0.774263682681127 epoch 6/25 time=1.17s device=cuda
INFO:src.estimators.masked_ae:[masked-ae] sweep lam=0.774263682681127 epoch 7/25 time=1.18s device=cuda
INFO:src.estimators.masked_ae:[masked-ae] sweep lam=0.774263682681127 epoch 8/25 time=1.39s device=cuda
INFO:src.estimators.masked_ae:[masked-ae] sweep lam=0.774263682681127 epoch 9/25 time=1.21s device=cuda
INFO:src.estimators.masked_ae:[masked-ae] sweep lam=0.774263682681127 epoch 10/25 time=1.39s device=cuda
INFO:src.estimators.masked_ae:[masked-ae] sweep lam=0.774263682681127 epoch 11/25 time=1.11s device=cuda
INFO:src.estimators.masked_ae:[masked-ae] sweep lam=0.774263682681127 epoch 12/25 time=1.51s device=cuda
INFO:src.estimators.masked_ae:[masked-ae] sweep lam=0.774263682681127 epoch 13/25 time=1.17s device=cuda
INFO:src.estimators.masked_ae:[masked-ae] sweep lam=0.774263682681127 epoch 14/25 time=1.25s device=cuda
INFO:src.estimators.masked_ae:[masked-ae] sweep lam=0.774263682681127 epoch 15/25 time=1.28s device=cuda
INFO:src.estimators.masked_ae:[masked-ae] sweep lam=0.774263682681127 epoch 16/25 time=1.49s device=cuda
INFO:src.estimators.masked_ae:[masked-ae] sweep lam=0.774263682681127 epoch 17/25 time=1.52s device=cuda
INFO:src.estimators.masked_ae:[masked-ae] sweep lam=0.774263682681127 epoch 18/25 time=1.36s device=cuda
INFO:src.estimators.masked_ae:[masked-ae] sweep lam=0.774263682681127 epoch 19/25 time=1.26s device=cuda
INFO:src.estimators.masked_ae:[masked-ae] sweep lam=0.774263682681127 epoch 20/25 time=1.18s device=cuda
INFO:src.estimators.masked_ae:[masked-ae] sweep lam=0.774263682681127 epoch 21/25 time=1.38s device=cuda
INFO:src.estimators.masked_ae:[masked-ae] sweep lam=0.774263682681127 epoch 22/25 time=1.42s device=cuda
INFO:src.estimators.masked_ae:[masked-ae] sweep lam=0.774263682681127 epoch 23/25 time=1.47s device=cuda
INFO:src.estimators.masked_ae:[masked-ae] sweep lam=0.774263682681127 epoch 24/25 time=1.26s device=cuda
INFO:src.estimators.masked_ae:[masked-ae] sweep lam=0.774263682681127 epoch 25/25 time=1.38s device=cuda
INFO:src.estimators.masked_ae:[masked-ae] sweep lam=1.291549665014884 epoch 1/25 time=1.27s device=cuda
INFO:src.estimators.masked_ae:[masked-ae] sweep lam=1.291549665014884 epoch 2/25 time=1.00s device=cuda
INFO:src.estimators.masked_ae:[masked-ae] sweep lam=1.291549665014884 epoch 3/25 time=1.34s device=cuda
INFO:src.estimators.masked_ae:[masked-ae] sweep lam=1.291549665014884 epoch 4/25 time=1.16s device=cuda
INFO:src.estimators.masked_ae:[masked-ae] sweep lam=1.291549665014884 epoch 5/25 time=1.46s device=cuda
INFO:src.estimators.masked_ae:[masked-ae] sweep lam=1.291549665014884 epoch 6/25 time=1.44s device=cuda
INFO:src.estimators.masked_ae:[masked-ae] sweep lam=1.291549665014884 epoch 7/25 time=1.45s device=cuda
INFO:src.estimators.masked_ae:[masked-ae] sweep lam=1.291549665014884 epoch 8/25 time=1.20s device=cuda
INFO:src.estimators.masked_ae:[masked-ae] sweep lam=1.291549665014884 epoch 9/25 time=1.14s device=cuda
INFO:src.estimators.masked_ae:[masked-ae] sweep lam=1.291549665014884 epoch 10/25 time=1.19s device=cuda
INFO:src.estimators.masked_ae:[masked-ae] sweep lam=1.291549665014884 epoch 11/25 time=1.38s device=cuda
INFO:src.estimators.masked_ae:[masked-ae] sweep lam=1.291549665014884 epoch 12/25 time=1.26s device=cuda
INFO:src.estimators.masked_ae:[masked-ae] sweep lam=1.291549665014884 epoch 13/25 time=1.27s device=cuda
INFO:src.estimators.masked_ae:[masked-ae] sweep lam=1.291549665014884 epoch 14/25 time=1.33s device=cuda
INFO:src.estimators.masked_ae:[masked-ae] sweep lam=1.291549665014884 epoch 15/25 time=1.38s device=cuda
INFO:src.estimators.masked_ae:[masked-ae] sweep lam=1.291549665014884 epoch 16/25 time=1.44s device=cuda
INFO:src.estimators.masked_ae:[masked-ae] sweep lam=1.291549665014884 epoch 17/25 time=1.45s device=cuda
INFO:src.estimators.masked_ae:[masked-ae] sweep lam=1.291549665014884 epoch 18/25 time=1.46s device=cuda
INFO:src.estimators.masked_ae:[masked-ae] sweep lam=1.291549665014884 epoch 19/25 time=1.46s device=cuda
INFO:src.estimators.masked_ae:[masked-ae] sweep lam=1.291549665014884 epoch 20/25 time=1.22s device=cuda
INFO:src.estimators.masked_ae:[masked-ae] sweep lam=1.291549665014884 epoch 21/25 time=1.44s device=cuda
INFO:src.estimators.masked_ae:[masked-ae] sweep lam=1.291549665014884 epoch 22/25 time=1.36s device=cuda
INFO:src.estimators.masked_ae:[masked-ae] sweep lam=1.291549665014884 epoch 23/25 time=1.36s device=cuda
INFO:src.estimators.masked_ae:[masked-ae] sweep lam=1.291549665014884 epoch 24/25 time=1.48s device=cuda
INFO:src.estimators.masked_ae:[masked-ae] sweep lam=1.291549665014884 epoch 25/25 time=1.15s device=cuda
INFO:src.estimators.masked_ae:[masked-ae] sweep lam=2.1544346900318834 epoch 1/25 time=1.35s device=cuda
INFO:src.estimators.masked_ae:[masked-ae] sweep lam=2.1544346900318834 epoch 2/25 time=1.18s device=cuda
INFO:src.estimators.masked_ae:[masked-ae] sweep lam=2.1544346900318834 epoch 3/25 time=1.28s device=cuda
INFO:src.estimators.masked_ae:[masked-ae] sweep lam=2.1544346900318834 epoch 4/25 time=1.33s device=cuda
INFO:src.estimators.masked_ae:[masked-ae] sweep lam=2.1544346900318834 epoch 5/25 time=1.28s device=cuda
INFO:src.estimators.masked_ae:[masked-ae] sweep lam=2.1544346900318834 epoch 6/25 time=1.44s device=cuda
INFO:src.estimators.masked_ae:[masked-ae] sweep lam=2.1544346900318834 epoch 7/25 time=1.49s device=cuda
INFO:src.estimators.masked_ae:[masked-ae] sweep lam=2.1544346900318834 epoch 8/25 time=1.31s device=cuda
INFO:src.estimators.masked_ae:[masked-ae] sweep lam=2.1544346900318834 epoch 9/25 time=1.49s device=cuda
INFO:src.estimators.masked_ae:[masked-ae] sweep lam=2.1544346900318834 epoch 10/25 time=1.57s device=cuda
INFO:src.estimators.masked_ae:[masked-ae] sweep lam=2.1544346900318834 epoch 11/25 time=1.47s device=cuda
INFO:src.estimators.masked_ae:[masked-ae] sweep lam=2.1544346900318834 epoch 12/25 time=1.40s device=cuda
INFO:src.estimators.masked_ae:[masked-ae] sweep lam=2.1544346900318834 epoch 13/25 time=1.38s device=cuda
INFO:src.estimators.masked_ae:[masked-ae] sweep lam=2.1544346900318834 epoch 14/25 time=1.17s device=cuda
INFO:src.estimators.masked_ae:[masked-ae] sweep lam=2.1544346900318834 epoch 15/25 time=1.34s device=cuda
INFO:src.estimators.masked_ae:[masked-ae] sweep lam=2.1544346900318834 epoch 16/25 time=1.50s device=cuda
INFO:src.estimators.masked_ae:[masked-ae] sweep lam=2.1544346900318834 epoch 17/25 time=1.76s device=cuda
INFO:src.estimators.masked_ae:[masked-ae] sweep lam=2.1544346900318834 epoch 18/25 time=1.29s device=cuda
INFO:src.estimators.masked_ae:[masked-ae] sweep lam=2.1544346900318834 epoch 19/25 time=1.29s device=cuda
INFO:src.estimators.masked_ae:[masked-ae] sweep lam=2.1544346900318834 epoch 20/25 time=1.43s device=cuda
INFO:src.estimators.masked_ae:[masked-ae] sweep lam=2.1544346900318834 epoch 21/25 time=1.39s device=cuda
INFO:src.estimators.masked_ae:[masked-ae] sweep lam=2.1544346900318834 epoch 22/25 time=1.35s device=cuda
INFO:src.estimators.masked_ae:[masked-ae] sweep lam=2.1544346900318834 epoch 23/25 time=1.24s device=cuda
INFO:src.estimators.masked_ae:[masked-ae] sweep lam=2.1544346900318834 epoch 24/25 time=1.48s device=cuda
INFO:src.estimators.masked_ae:[masked-ae] sweep lam=2.1544346900318834 epoch 25/25 time=1.58s device=cuda
INFO:src.estimators.masked_ae:[masked-ae] sweep lam=3.593813663804626 epoch 1/25 time=1.28s device=cuda
INFO:src.estimators.masked_ae:[masked-ae] sweep lam=3.593813663804626 epoch 2/25 time=1.22s device=cuda
INFO:src.estimators.masked_ae:[masked-ae] sweep lam=3.593813663804626 epoch 3/25 time=1.21s device=cuda
INFO:src.estimators.masked_ae:[masked-ae] sweep lam=3.593813663804626 epoch 4/25 time=1.31s device=cuda
INFO:src.estimators.masked_ae:[masked-ae] sweep lam=3.593813663804626 epoch 5/25 time=1.36s device=cuda
INFO:src.estimators.masked_ae:[masked-ae] sweep lam=3.593813663804626 epoch 6/25 time=1.32s device=cuda
INFO:src.estimators.masked_ae:[masked-ae] sweep lam=3.593813663804626 epoch 7/25 time=1.43s device=cuda
INFO:src.estimators.masked_ae:[masked-ae] sweep lam=3.593813663804626 epoch 8/25 time=1.34s device=cuda
INFO:src.estimators.masked_ae:[masked-ae] sweep lam=3.593813663804626 epoch 9/25 time=1.37s device=cuda
INFO:src.estimators.masked_ae:[masked-ae] sweep lam=3.593813663804626 epoch 10/25 time=1.42s device=cuda
INFO:src.estimators.masked_ae:[masked-ae] sweep lam=3.593813663804626 epoch 11/25 time=1.45s device=cuda
INFO:src.estimators.masked_ae:[masked-ae] sweep lam=3.593813663804626 epoch 12/25 time=1.24s device=cuda
INFO:src.estimators.masked_ae:[masked-ae] sweep lam=3.593813663804626 epoch 13/25 time=1.20s device=cuda
INFO:src.estimators.masked_ae:[masked-ae] sweep lam=3.593813663804626 epoch 14/25 time=1.30s device=cuda
INFO:src.estimators.masked_ae:[masked-ae] sweep lam=3.593813663804626 epoch 15/25 time=1.36s device=cuda
INFO:src.estimators.masked_ae:[masked-ae] sweep lam=3.593813663804626 epoch 16/25 time=1.29s device=cuda
INFO:src.estimators.masked_ae:[masked-ae] sweep lam=3.593813663804626 epoch 17/25 time=1.32s device=cuda
INFO:src.estimators.masked_ae:[masked-ae] sweep lam=3.593813663804626 epoch 18/25 time=1.15s device=cuda
INFO:src.estimators.masked_ae:[masked-ae] sweep lam=3.593813663804626 epoch 19/25 time=1.45s device=cuda
INFO:src.estimators.masked_ae:[masked-ae] sweep lam=3.593813663804626 epoch 20/25 time=1.36s device=cuda
INFO:src.estimators.masked_ae:[masked-ae] sweep lam=3.593813663804626 epoch 21/25 time=1.22s device=cuda
INFO:src.estimators.masked_ae:[masked-ae] sweep lam=3.593813663804626 epoch 22/25 time=1.48s device=cuda
INFO:src.estimators.masked_ae:[masked-ae] sweep lam=3.593813663804626 epoch 23/25 time=1.20s device=cuda
INFO:src.estimators.masked_ae:[masked-ae] sweep lam=3.593813663804626 epoch 24/25 time=1.52s device=cuda
INFO:src.estimators.masked_ae:[masked-ae] sweep lam=3.593813663804626 epoch 25/25 time=1.19s device=cuda
INFO:src.estimators.masked_ae:[masked-ae] sweep lam=5.994842503189409 epoch 1/25 time=1.41s device=cuda
INFO:src.estimators.masked_ae:[masked-ae] sweep lam=5.994842503189409 epoch 2/25 time=1.50s device=cuda
INFO:src.estimators.masked_ae:[masked-ae] sweep lam=5.994842503189409 epoch 3/25 time=1.26s device=cuda
INFO:src.estimators.masked_ae:[masked-ae] sweep lam=5.994842503189409 epoch 4/25 time=1.16s device=cuda
INFO:src.estimators.masked_ae:[masked-ae] sweep lam=5.994842503189409 epoch 5/25 time=1.35s device=cuda
INFO:src.estimators.masked_ae:[masked-ae] sweep lam=5.994842503189409 epoch 6/25 time=1.40s device=cuda
INFO:src.estimators.masked_ae:[masked-ae] sweep lam=5.994842503189409 epoch 7/25 time=1.37s device=cuda
INFO:src.estimators.masked_ae:[masked-ae] sweep lam=5.994842503189409 epoch 8/25 time=1.51s device=cuda
INFO:src.estimators.masked_ae:[masked-ae] sweep lam=5.994842503189409 epoch 9/25 time=1.44s device=cuda
INFO:src.estimators.masked_ae:[masked-ae] sweep lam=5.994842503189409 epoch 10/25 time=1.21s device=cuda
INFO:src.estimators.masked_ae:[masked-ae] sweep lam=5.994842503189409 epoch 11/25 time=1.17s device=cuda
INFO:src.estimators.masked_ae:[masked-ae] sweep lam=5.994842503189409 epoch 12/25 time=1.40s device=cuda
INFO:src.estimators.masked_ae:[masked-ae] sweep lam=5.994842503189409 epoch 13/25 time=1.40s device=cuda
INFO:src.estimators.masked_ae:[masked-ae] sweep lam=5.994842503189409 epoch 14/25 time=1.58s device=cuda
INFO:src.estimators.masked_ae:[masked-ae] sweep lam=5.994842503189409 epoch 15/25 time=1.40s device=cuda
INFO:src.estimators.masked_ae:[masked-ae] sweep lam=5.994842503189409 epoch 16/25 time=1.29s device=cuda
INFO:src.estimators.masked_ae:[masked-ae] sweep lam=5.994842503189409 epoch 17/25 time=1.35s device=cuda
INFO:src.estimators.masked_ae:[masked-ae] sweep lam=5.994842503189409 epoch 18/25 time=1.39s device=cuda
INFO:src.estimators.masked_ae:[masked-ae] sweep lam=5.994842503189409 epoch 19/25 time=1.21s device=cuda
INFO:src.estimators.masked_ae:[masked-ae] sweep lam=5.994842503189409 epoch 20/25 time=1.31s device=cuda
INFO:src.estimators.masked_ae:[masked-ae] sweep lam=5.994842503189409 epoch 21/25 time=1.41s device=cuda
INFO:src.estimators.masked_ae:[masked-ae] sweep lam=5.994842503189409 epoch 22/25 time=1.46s device=cuda
INFO:src.estimators.masked_ae:[masked-ae] sweep lam=5.994842503189409 epoch 23/25 time=1.44s device=cuda
INFO:src.estimators.masked_ae:[masked-ae] sweep lam=5.994842503189409 epoch 24/25 time=1.28s device=cuda
INFO:src.estimators.masked_ae:[masked-ae] sweep lam=5.994842503189409 epoch 25/25 time=1.42s device=cuda
INFO:src.estimators.masked_ae:[masked-ae] sweep lam=10.0 epoch 1/25 time=1.31s device=cuda
INFO:src.estimators.masked_ae:[masked-ae] sweep lam=10.0 epoch 2/25 time=1.35s device=cuda
INFO:src.estimators.masked_ae:[masked-ae] sweep lam=10.0 epoch 3/25 time=1.24s device=cuda
INFO:src.estimators.masked_ae:[masked-ae] sweep lam=10.0 epoch 4/25 time=1.45s device=cuda
INFO:src.estimators.masked_ae:[masked-ae] sweep lam=10.0 epoch 5/25 time=1.50s device=cuda
INFO:src.estimators.masked_ae:[masked-ae] sweep lam=10.0 epoch 6/25 time=1.36s device=cuda
INFO:src.estimators.masked_ae:[masked-ae] sweep lam=10.0 epoch 7/25 time=1.51s device=cuda
INFO:src.estimators.masked_ae:[masked-ae] sweep lam=10.0 epoch 8/25 time=1.53s device=cuda
INFO:src.estimators.masked_ae:[masked-ae] sweep lam=10.0 epoch 9/25 time=1.41s device=cuda
INFO:src.estimators.masked_ae:[masked-ae] sweep lam=10.0 epoch 10/25 time=1.44s device=cuda
INFO:src.estimators.masked_ae:[masked-ae] sweep lam=10.0 epoch 11/25 time=1.40s device=cuda
INFO:src.estimators.masked_ae:[masked-ae] sweep lam=10.0 epoch 12/25 time=1.38s device=cuda
INFO:src.estimators.masked_ae:[masked-ae] sweep lam=10.0 epoch 13/25 time=1.16s device=cuda
INFO:src.estimators.masked_ae:[masked-ae] sweep lam=10.0 epoch 14/25 time=1.19s device=cuda
INFO:src.estimators.masked_ae:[masked-ae] sweep lam=10.0 epoch 15/25 time=1.28s device=cuda
INFO:src.estimators.masked_ae:[masked-ae] sweep lam=10.0 epoch 16/25 time=1.40s device=cuda
INFO:src.estimators.masked_ae:[masked-ae] sweep lam=10.0 epoch 17/25 time=1.52s device=cuda
INFO:src.estimators.masked_ae:[masked-ae] sweep lam=10.0 epoch 18/25 time=1.51s device=cuda
INFO:src.estimators.masked_ae:[masked-ae] sweep lam=10.0 epoch 19/25 time=1.42s device=cuda
INFO:src.estimators.masked_ae:[masked-ae] sweep lam=10.0 epoch 20/25 time=1.35s device=cuda
INFO:src.estimators.masked_ae:[masked-ae] sweep lam=10.0 epoch 21/25 time=1.35s device=cuda
INFO:src.estimators.masked_ae:[masked-ae] sweep lam=10.0 epoch 22/25 time=1.32s device=cuda
INFO:src.estimators.masked_ae:[masked-ae] sweep lam=10.0 epoch 23/25 time=1.43s device=cuda
INFO:src.estimators.masked_ae:[masked-ae] sweep lam=10.0 epoch 24/25 time=1.22s device=cuda
INFO:src.estimators.masked_ae:[masked-ae] sweep lam=10.0 epoch 25/25 time=1.29s device=cuda
INFO:src.estimators.masked_ae:[masked-ae] retrain epoch 1/10 time=1.28s device=cuda
INFO:src.estimators.masked_ae:[masked-ae] retrain epoch 2/10 time=1.43s device=cuda
INFO:src.estimators.masked_ae:[masked-ae] retrain epoch 3/10 time=1.47s device=cuda
INFO:src.estimators.masked_ae:[masked-ae] retrain epoch 4/10 time=1.18s device=cuda
INFO:src.estimators.masked_ae:[masked-ae] retrain epoch 5/10 time=1.19s device=cuda
INFO:src.estimators.masked_ae:[masked-ae] retrain epoch 6/10 time=1.45s device=cuda
INFO:src.estimators.masked_ae:[masked-ae] retrain epoch 7/10 time=1.41s device=cuda
INFO:src.estimators.masked_ae:[masked-ae] retrain epoch 8/10 time=1.43s device=cuda
INFO:src.estimators.masked_ae:[masked-ae] retrain epoch 9/10 time=1.22s device=cuda
INFO:src.estimators.masked_ae:[masked-ae] retrain epoch 10/10 time=1.24s device=cuda
INFO:repair_masked_ae:Group ('mnist', 7, 1.0, 0) repaired: estimate=17.0 elapsed_s=367.46 device=cuda samples=60000 rows=5
INFO:repair_masked_ae:Processing group key=('mnist', 9, 0.0, 0) with 5 rows; example row 380
INFO:src.estimators.masked_ae:[masked-ae] pretrain epoch 1/10 time=1.32s device=cuda
INFO:src.estimators.masked_ae:[masked-ae] pretrain epoch 2/10 time=1.26s device=cuda
INFO:src.estimators.masked_ae:[masked-ae] pretrain epoch 3/10 time=1.26s device=cuda
INFO:src.estimators.masked_ae:[masked-ae] pretrain epoch 4/10 time=1.25s device=cuda
INFO:src.estimators.masked_ae:[masked-ae] pretrain epoch 5/10 time=1.18s device=cuda
INFO:src.estimators.masked_ae:[masked-ae] pretrain epoch 6/10 time=1.15s device=cuda
INFO:src.estimators.masked_ae:[masked-ae] pretrain epoch 7/10 time=1.17s device=cuda
INFO:src.estimators.masked_ae:[masked-ae] pretrain epoch 8/10 time=1.07s device=cuda
INFO:src.estimators.masked_ae:[masked-ae] pretrain epoch 9/10 time=1.14s device=cuda
INFO:src.estimators.masked_ae:[masked-ae] pretrain epoch 10/10 time=1.16s device=cuda
INFO:src.estimators.masked_ae:[masked-ae] sweep lam=0.1 epoch 1/25 time=1.25s device=cuda
INFO:src.estimators.masked_ae:[masked-ae] sweep lam=0.1 epoch 2/25 time=1.29s device=cuda
INFO:src.estimators.masked_ae:[masked-ae] sweep lam=0.1 epoch 3/25 time=1.09s device=cuda
INFO:src.estimators.masked_ae:[masked-ae] sweep lam=0.1 epoch 4/25 time=1.46s device=cuda
INFO:src.estimators.masked_ae:[masked-ae] sweep lam=0.1 epoch 5/25 time=1.42s device=cuda
INFO:src.estimators.masked_ae:[masked-ae] sweep lam=0.1 epoch 6/25 time=1.51s device=cuda
INFO:src.estimators.masked_ae:[masked-ae] sweep lam=0.1 epoch 7/25 time=1.32s device=cuda
INFO:src.estimators.masked_ae:[masked-ae] sweep lam=0.1 epoch 8/25 time=1.28s device=cuda
INFO:src.estimators.masked_ae:[masked-ae] sweep lam=0.1 epoch 9/25 time=1.45s device=cuda
INFO:src.estimators.masked_ae:[masked-ae] sweep lam=0.1 epoch 10/25 time=1.53s device=cuda
INFO:src.estimators.masked_ae:[masked-ae] sweep lam=0.1 epoch 11/25 time=1.32s device=cuda
INFO:src.estimators.masked_ae:[masked-ae] sweep lam=0.1 epoch 12/25 time=1.35s device=cuda
INFO:src.estimators.masked_ae:[masked-ae] sweep lam=0.1 epoch 13/25 time=1.46s device=cuda
INFO:src.estimators.masked_ae:[masked-ae] sweep lam=0.1 epoch 14/25 time=1.27s device=cuda
INFO:src.estimators.masked_ae:[masked-ae] sweep lam=0.1 epoch 15/25 time=1.38s device=cuda
INFO:src.estimators.masked_ae:[masked-ae] sweep lam=0.1 epoch 16/25 time=1.20s device=cuda
INFO:src.estimators.masked_ae:[masked-ae] sweep lam=0.1 epoch 17/25 time=1.29s device=cuda
INFO:src.estimators.masked_ae:[masked-ae] sweep lam=0.1 epoch 18/25 time=1.40s device=cuda
INFO:src.estimators.masked_ae:[masked-ae] sweep lam=0.1 epoch 19/25 time=1.35s device=cuda
INFO:src.estimators.masked_ae:[masked-ae] sweep lam=0.1 epoch 20/25 time=1.34s device=cuda
INFO:src.estimators.masked_ae:[masked-ae] sweep lam=0.1 epoch 21/25 time=1.34s device=cuda
INFO:src.estimators.masked_ae:[masked-ae] sweep lam=0.1 epoch 22/25 time=1.23s device=cuda
INFO:src.estimators.masked_ae:[masked-ae] sweep lam=0.1 epoch 23/25 time=1.40s device=cuda
INFO:src.estimators.masked_ae:[masked-ae] sweep lam=0.1 epoch 24/25 time=1.37s device=cuda
INFO:src.estimators.masked_ae:[masked-ae] sweep lam=0.1 epoch 25/25 time=1.36s device=cuda
INFO:src.estimators.masked_ae:[masked-ae] sweep lam=0.16681005372000587 epoch 1/25 time=1.36s device=cuda
INFO:src.estimators.masked_ae:[masked-ae] sweep lam=0.16681005372000587 epoch 2/25 time=1.32s device=cuda
INFO:src.estimators.masked_ae:[masked-ae] sweep lam=0.16681005372000587 epoch 3/25 time=1.39s device=cuda
INFO:src.estimators.masked_ae:[masked-ae] sweep lam=0.16681005372000587 epoch 4/25 time=1.33s device=cuda
INFO:src.estimators.masked_ae:[masked-ae] sweep lam=0.16681005372000587 epoch 5/25 time=1.27s device=cuda
INFO:src.estimators.masked_ae:[masked-ae] sweep lam=0.16681005372000587 epoch 6/25 time=1.33s device=cuda
INFO:src.estimators.masked_ae:[masked-ae] sweep lam=0.16681005372000587 epoch 7/25 time=1.47s device=cuda
INFO:src.estimators.masked_ae:[masked-ae] sweep lam=0.16681005372000587 epoch 8/25 time=1.35s device=cuda
INFO:src.estimators.masked_ae:[masked-ae] sweep lam=0.16681005372000587 epoch 9/25 time=1.14s device=cuda
INFO:src.estimators.masked_ae:[masked-ae] sweep lam=0.16681005372000587 epoch 10/25 time=1.17s device=cuda
INFO:src.estimators.masked_ae:[masked-ae] sweep lam=0.16681005372000587 epoch 11/25 time=1.30s device=cuda
INFO:src.estimators.masked_ae:[masked-ae] sweep lam=0.16681005372000587 epoch 12/25 time=1.16s device=cuda
INFO:src.estimators.masked_ae:[masked-ae] sweep lam=0.16681005372000587 epoch 13/25 time=1.38s device=cuda
INFO:src.estimators.masked_ae:[masked-ae] sweep lam=0.16681005372000587 epoch 14/25 time=1.37s device=cuda
INFO:src.estimators.masked_ae:[masked-ae] sweep lam=0.16681005372000587 epoch 15/25 time=1.38s device=cuda
INFO:src.estimators.masked_ae:[masked-ae] sweep lam=0.16681005372000587 epoch 16/25 time=1.37s device=cuda
INFO:src.estimators.masked_ae:[masked-ae] sweep lam=0.16681005372000587 epoch 17/25 time=1.54s device=cuda
INFO:src.estimators.masked_ae:[masked-ae] sweep lam=0.16681005372000587 epoch 18/25 time=1.21s device=cuda
INFO:src.estimators.masked_ae:[masked-ae] sweep lam=0.16681005372000587 epoch 19/25 time=1.46s device=cuda
INFO:src.estimators.masked_ae:[masked-ae] sweep lam=0.16681005372000587 epoch 20/25 time=1.36s device=cuda
INFO:src.estimators.masked_ae:[masked-ae] sweep lam=0.16681005372000587 epoch 21/25 time=1.22s device=cuda
INFO:src.estimators.masked_ae:[masked-ae] sweep lam=0.16681005372000587 epoch 22/25 time=1.46s device=cuda
INFO:src.estimators.masked_ae:[masked-ae] sweep lam=0.16681005372000587 epoch 23/25 time=1.27s device=cuda
INFO:src.estimators.masked_ae:[masked-ae] sweep lam=0.16681005372000587 epoch 24/25 time=1.43s device=cuda
INFO:src.estimators.masked_ae:[masked-ae] sweep lam=0.16681005372000587 epoch 25/25 time=1.47s device=cuda
INFO:src.estimators.masked_ae:[masked-ae] sweep lam=0.2782559402207124 epoch 1/25 time=1.45s device=cuda
INFO:src.estimators.masked_ae:[masked-ae] sweep lam=0.2782559402207124 epoch 2/25 time=1.24s device=cuda
INFO:src.estimators.masked_ae:[masked-ae] sweep lam=0.2782559402207124 epoch 3/25 time=1.40s device=cuda
INFO:src.estimators.masked_ae:[masked-ae] sweep lam=0.2782559402207124 epoch 4/25 time=1.19s device=cuda
INFO:src.estimators.masked_ae:[masked-ae] sweep lam=0.2782559402207124 epoch 5/25 time=1.28s device=cuda
INFO:src.estimators.masked_ae:[masked-ae] sweep lam=0.2782559402207124 epoch 6/25 time=1.20s device=cuda
INFO:src.estimators.masked_ae:[masked-ae] sweep lam=0.2782559402207124 epoch 7/25 time=1.48s device=cuda
INFO:src.estimators.masked_ae:[masked-ae] sweep lam=0.2782559402207124 epoch 8/25 time=1.15s device=cuda
INFO:src.estimators.masked_ae:[masked-ae] sweep lam=0.2782559402207124 epoch 9/25 time=1.17s device=cuda
INFO:src.estimators.masked_ae:[masked-ae] sweep lam=0.2782559402207124 epoch 10/25 time=1.47s device=cuda
INFO:src.estimators.masked_ae:[masked-ae] sweep lam=0.2782559402207124 epoch 11/25 time=1.23s device=cuda
INFO:src.estimators.masked_ae:[masked-ae] sweep lam=0.2782559402207124 epoch 12/25 time=1.52s device=cuda
INFO:src.estimators.masked_ae:[masked-ae] sweep lam=0.2782559402207124 epoch 13/25 time=1.23s device=cuda
INFO:src.estimators.masked_ae:[masked-ae] sweep lam=0.2782559402207124 epoch 14/25 time=1.41s device=cuda
INFO:src.estimators.masked_ae:[masked-ae] sweep lam=0.2782559402207124 epoch 15/25 time=1.39s device=cuda
INFO:src.estimators.masked_ae:[masked-ae] sweep lam=0.2782559402207124 epoch 16/25 time=1.30s device=cuda
INFO:src.estimators.masked_ae:[masked-ae] sweep lam=0.2782559402207124 epoch 17/25 time=1.16s device=cuda
INFO:src.estimators.masked_ae:[masked-ae] sweep lam=0.2782559402207124 epoch 18/25 time=1.41s device=cuda
INFO:src.estimators.masked_ae:[masked-ae] sweep lam=0.2782559402207124 epoch 19/25 time=1.04s device=cuda
INFO:src.estimators.masked_ae:[masked-ae] sweep lam=0.2782559402207124 epoch 20/25 time=1.18s device=cuda
INFO:src.estimators.masked_ae:[masked-ae] sweep lam=0.2782559402207124 epoch 21/25 time=1.10s device=cuda
INFO:src.estimators.masked_ae:[masked-ae] sweep lam=0.2782559402207124 epoch 22/25 time=1.33s device=cuda
INFO:src.estimators.masked_ae:[masked-ae] sweep lam=0.2782559402207124 epoch 23/25 time=1.48s device=cuda
INFO:src.estimators.masked_ae:[masked-ae] sweep lam=0.2782559402207124 epoch 24/25 time=1.45s device=cuda
INFO:src.estimators.masked_ae:[masked-ae] sweep lam=0.2782559402207124 epoch 25/25 time=1.49s device=cuda
INFO:src.estimators.masked_ae:[masked-ae] sweep lam=0.46415888336127786 epoch 1/25 time=1.37s device=cuda
INFO:src.estimators.masked_ae:[masked-ae] sweep lam=0.46415888336127786 epoch 2/25 time=1.59s device=cuda
INFO:src.estimators.masked_ae:[masked-ae] sweep lam=0.46415888336127786 epoch 3/25 time=1.30s device=cuda
INFO:src.estimators.masked_ae:[masked-ae] sweep lam=0.46415888336127786 epoch 4/25 time=1.34s device=cuda
INFO:src.estimators.masked_ae:[masked-ae] sweep lam=0.46415888336127786 epoch 5/25 time=1.17s device=cuda
INFO:src.estimators.masked_ae:[masked-ae] sweep lam=0.46415888336127786 epoch 6/25 time=1.15s device=cuda
INFO:src.estimators.masked_ae:[masked-ae] sweep lam=0.46415888336127786 epoch 7/25 time=1.31s device=cuda
INFO:src.estimators.masked_ae:[masked-ae] sweep lam=0.46415888336127786 epoch 8/25 time=1.32s device=cuda
INFO:src.estimators.masked_ae:[masked-ae] sweep lam=0.46415888336127786 epoch 9/25 time=1.20s device=cuda
INFO:src.estimators.masked_ae:[masked-ae] sweep lam=0.46415888336127786 epoch 10/25 time=1.32s device=cuda
INFO:src.estimators.masked_ae:[masked-ae] sweep lam=0.46415888336127786 epoch 11/25 time=1.34s device=cuda
INFO:src.estimators.masked_ae:[masked-ae] sweep lam=0.46415888336127786 epoch 12/25 time=1.42s device=cuda
INFO:src.estimators.masked_ae:[masked-ae] sweep lam=0.46415888336127786 epoch 13/25 time=1.40s device=cuda
INFO:src.estimators.masked_ae:[masked-ae] sweep lam=0.46415888336127786 epoch 14/25 time=1.22s device=cuda
INFO:src.estimators.masked_ae:[masked-ae] sweep lam=0.46415888336127786 epoch 15/25 time=1.34s device=cuda
INFO:src.estimators.masked_ae:[masked-ae] sweep lam=0.46415888336127786 epoch 16/25 time=1.27s device=cuda
INFO:src.estimators.masked_ae:[masked-ae] sweep lam=0.46415888336127786 epoch 17/25 time=1.36s device=cuda
INFO:src.estimators.masked_ae:[masked-ae] sweep lam=0.46415888336127786 epoch 18/25 time=1.39s device=cuda
INFO:src.estimators.masked_ae:[masked-ae] sweep lam=0.46415888336127786 epoch 19/25 time=1.14s device=cuda
INFO:src.estimators.masked_ae:[masked-ae] sweep lam=0.46415888336127786 epoch 20/25 time=1.64s device=cuda
INFO:src.estimators.masked_ae:[masked-ae] sweep lam=0.46415888336127786 epoch 21/25 time=1.37s device=cuda
INFO:src.estimators.masked_ae:[masked-ae] sweep lam=0.46415888336127786 epoch 22/25 time=1.24s device=cuda
INFO:src.estimators.masked_ae:[masked-ae] sweep lam=0.46415888336127786 epoch 23/25 time=1.24s device=cuda
INFO:src.estimators.masked_ae:[masked-ae] sweep lam=0.46415888336127786 epoch 24/25 time=1.01s device=cuda
INFO:src.estimators.masked_ae:[masked-ae] sweep lam=0.46415888336127786 epoch 25/25 time=1.13s device=cuda
INFO:src.estimators.masked_ae:[masked-ae] sweep lam=0.774263682681127 epoch 1/25 time=1.02s device=cuda
INFO:src.estimators.masked_ae:[masked-ae] sweep lam=0.774263682681127 epoch 2/25 time=1.38s device=cuda
INFO:src.estimators.masked_ae:[masked-ae] sweep lam=0.774263682681127 epoch 3/25 time=1.39s device=cuda
INFO:src.estimators.masked_ae:[masked-ae] sweep lam=0.774263682681127 epoch 4/25 time=1.44s device=cuda
INFO:src.estimators.masked_ae:[masked-ae] sweep lam=0.774263682681127 epoch 5/25 time=1.33s device=cuda
INFO:src.estimators.masked_ae:[masked-ae] sweep lam=0.774263682681127 epoch 6/25 time=1.22s device=cuda
INFO:src.estimators.masked_ae:[masked-ae] sweep lam=0.774263682681127 epoch 7/25 time=1.36s device=cuda
INFO:src.estimators.masked_ae:[masked-ae] sweep lam=0.774263682681127 epoch 8/25 time=1.29s device=cuda
INFO:src.estimators.masked_ae:[masked-ae] sweep lam=0.774263682681127 epoch 9/25 time=1.44s device=cuda
INFO:src.estimators.masked_ae:[masked-ae] sweep lam=0.774263682681127 epoch 10/25 time=1.30s device=cuda
INFO:src.estimators.masked_ae:[masked-ae] sweep lam=0.774263682681127 epoch 11/25 time=1.06s device=cuda
INFO:src.estimators.masked_ae:[masked-ae] sweep lam=0.774263682681127 epoch 12/25 time=1.15s device=cuda
INFO:src.estimators.masked_ae:[masked-ae] sweep lam=0.774263682681127 epoch 13/25 time=1.39s device=cuda
INFO:src.estimators.masked_ae:[masked-ae] sweep lam=0.774263682681127 epoch 14/25 time=1.44s device=cuda
INFO:src.estimators.masked_ae:[masked-ae] sweep lam=0.774263682681127 epoch 15/25 time=1.37s device=cuda
INFO:src.estimators.masked_ae:[masked-ae] sweep lam=0.774263682681127 epoch 16/25 time=1.34s device=cuda
INFO:src.estimators.masked_ae:[masked-ae] sweep lam=0.774263682681127 epoch 17/25 time=1.30s device=cuda
INFO:src.estimators.masked_ae:[masked-ae] sweep lam=0.774263682681127 epoch 18/25 time=1.31s device=cuda
INFO:src.estimators.masked_ae:[masked-ae] sweep lam=0.774263682681127 epoch 19/25 time=1.55s device=cuda
INFO:src.estimators.masked_ae:[masked-ae] sweep lam=0.774263682681127 epoch 20/25 time=1.37s device=cuda
INFO:src.estimators.masked_ae:[masked-ae] sweep lam=0.774263682681127 epoch 21/25 time=1.32s device=cuda
INFO:src.estimators.masked_ae:[masked-ae] sweep lam=0.774263682681127 epoch 22/25 time=1.43s device=cuda
INFO:src.estimators.masked_ae:[masked-ae] sweep lam=0.774263682681127 epoch 23/25 time=1.15s device=cuda
INFO:src.estimators.masked_ae:[masked-ae] sweep lam=0.774263682681127 epoch 24/25 time=1.46s device=cuda
INFO:src.estimators.masked_ae:[masked-ae] sweep lam=0.774263682681127 epoch 25/25 time=1.34s device=cuda
INFO:src.estimators.masked_ae:[masked-ae] sweep lam=1.291549665014884 epoch 1/25 time=1.28s device=cuda
INFO:src.estimators.masked_ae:[masked-ae] sweep lam=1.291549665014884 epoch 2/25 time=1.52s device=cuda
INFO:src.estimators.masked_ae:[masked-ae] sweep lam=1.291549665014884 epoch 3/25 time=1.28s device=cuda
INFO:src.estimators.masked_ae:[masked-ae] sweep lam=1.291549665014884 epoch 4/25 time=1.38s device=cuda
INFO:src.estimators.masked_ae:[masked-ae] sweep lam=1.291549665014884 epoch 5/25 time=1.08s device=cuda
INFO:src.estimators.masked_ae:[masked-ae] sweep lam=1.291549665014884 epoch 6/25 time=1.25s device=cuda
INFO:src.estimators.masked_ae:[masked-ae] sweep lam=1.291549665014884 epoch 7/25 time=1.21s device=cuda
INFO:src.estimators.masked_ae:[masked-ae] sweep lam=1.291549665014884 epoch 8/25 time=1.39s device=cuda
INFO:src.estimators.masked_ae:[masked-ae] sweep lam=1.291549665014884 epoch 9/25 time=1.30s device=cuda
INFO:src.estimators.masked_ae:[masked-ae] sweep lam=1.291549665014884 epoch 10/25 time=1.34s device=cuda
INFO:src.estimators.masked_ae:[masked-ae] sweep lam=1.291549665014884 epoch 11/25 time=1.46s device=cuda
INFO:src.estimators.masked_ae:[masked-ae] sweep lam=1.291549665014884 epoch 12/25 time=1.47s device=cuda
INFO:src.estimators.masked_ae:[masked-ae] sweep lam=1.291549665014884 epoch 13/25 time=1.36s device=cuda
INFO:src.estimators.masked_ae:[masked-ae] sweep lam=1.291549665014884 epoch 14/25 time=1.33s device=cuda
INFO:src.estimators.masked_ae:[masked-ae] sweep lam=1.291549665014884 epoch 15/25 time=1.39s device=cuda
INFO:src.estimators.masked_ae:[masked-ae] sweep lam=1.291549665014884 epoch 16/25 time=1.15s device=cuda
INFO:src.estimators.masked_ae:[masked-ae] sweep lam=1.291549665014884 epoch 17/25 time=1.34s device=cuda
INFO:src.estimators.masked_ae:[masked-ae] sweep lam=1.291549665014884 epoch 18/25 time=1.35s device=cuda
INFO:src.estimators.masked_ae:[masked-ae] sweep lam=1.291549665014884 epoch 19/25 time=1.13s device=cuda
INFO:src.estimators.masked_ae:[masked-ae] sweep lam=1.291549665014884 epoch 20/25 time=1.43s device=cuda
INFO:src.estimators.masked_ae:[masked-ae] sweep lam=1.291549665014884 epoch 21/25 time=1.32s device=cuda
INFO:src.estimators.masked_ae:[masked-ae] sweep lam=1.291549665014884 epoch 22/25 time=1.32s device=cuda
INFO:src.estimators.masked_ae:[masked-ae] sweep lam=1.291549665014884 epoch 23/25 time=1.30s device=cuda
INFO:src.estimators.masked_ae:[masked-ae] sweep lam=1.291549665014884 epoch 24/25 time=1.18s device=cuda
INFO:src.estimators.masked_ae:[masked-ae] sweep lam=1.291549665014884 epoch 25/25 time=1.28s device=cuda
INFO:src.estimators.masked_ae:[masked-ae] sweep lam=2.1544346900318834 epoch 1/25 time=1.49s device=cuda
INFO:src.estimators.masked_ae:[masked-ae] sweep lam=2.1544346900318834 epoch 2/25 time=1.39s device=cuda
INFO:src.estimators.masked_ae:[masked-ae] sweep lam=2.1544346900318834 epoch 3/25 time=1.31s device=cuda
INFO:src.estimators.masked_ae:[masked-ae] sweep lam=2.1544346900318834 epoch 4/25 time=1.47s device=cuda
INFO:src.estimators.masked_ae:[masked-ae] sweep lam=2.1544346900318834 epoch 5/25 time=1.38s device=cuda
INFO:src.estimators.masked_ae:[masked-ae] sweep lam=2.1544346900318834 epoch 6/25 time=1.27s device=cuda
INFO:src.estimators.masked_ae:[masked-ae] sweep lam=2.1544346900318834 epoch 7/25 time=1.30s device=cuda
INFO:src.estimators.masked_ae:[masked-ae] sweep lam=2.1544346900318834 epoch 8/25 time=1.39s device=cuda
INFO:src.estimators.masked_ae:[masked-ae] sweep lam=2.1544346900318834 epoch 9/25 time=1.17s device=cuda
INFO:src.estimators.masked_ae:[masked-ae] sweep lam=2.1544346900318834 epoch 10/25 time=1.60s device=cuda
INFO:src.estimators.masked_ae:[masked-ae] sweep lam=2.1544346900318834 epoch 11/25 time=1.22s device=cuda
INFO:src.estimators.masked_ae:[masked-ae] sweep lam=2.1544346900318834 epoch 12/25 time=1.24s device=cuda
INFO:src.estimators.masked_ae:[masked-ae] sweep lam=2.1544346900318834 epoch 13/25 time=1.31s device=cuda
INFO:src.estimators.masked_ae:[masked-ae] sweep lam=2.1544346900318834 epoch 14/25 time=1.13s device=cuda
INFO:src.estimators.masked_ae:[masked-ae] sweep lam=2.1544346900318834 epoch 15/25 time=1.20s device=cuda
INFO:src.estimators.masked_ae:[masked-ae] sweep lam=2.1544346900318834 epoch 16/25 time=1.20s device=cuda
INFO:src.estimators.masked_ae:[masked-ae] sweep lam=2.1544346900318834 epoch 17/25 time=1.27s device=cuda
INFO:src.estimators.masked_ae:[masked-ae] sweep lam=2.1544346900318834 epoch 18/25 time=1.25s device=cuda
INFO:src.estimators.masked_ae:[masked-ae] sweep lam=2.1544346900318834 epoch 19/25 time=1.37s device=cuda
INFO:src.estimators.masked_ae:[masked-ae] sweep lam=2.1544346900318834 epoch 20/25 time=1.53s device=cuda
INFO:src.estimators.masked_ae:[masked-ae] sweep lam=2.1544346900318834 epoch 21/25 time=1.38s device=cuda
INFO:src.estimators.masked_ae:[masked-ae] sweep lam=2.1544346900318834 epoch 22/25 time=1.50s device=cuda
INFO:src.estimators.masked_ae:[masked-ae] sweep lam=2.1544346900318834 epoch 23/25 time=1.39s device=cuda
INFO:src.estimators.masked_ae:[masked-ae] sweep lam=2.1544346900318834 epoch 24/25 time=1.31s device=cuda
INFO:src.estimators.masked_ae:[masked-ae] sweep lam=2.1544346900318834 epoch 25/25 time=1.31s device=cuda
INFO:src.estimators.masked_ae:[masked-ae] sweep lam=3.593813663804626 epoch 1/25 time=1.26s device=cuda
INFO:src.estimators.masked_ae:[masked-ae] sweep lam=3.593813663804626 epoch 2/25 time=1.39s device=cuda
INFO:src.estimators.masked_ae:[masked-ae] sweep lam=3.593813663804626 epoch 3/25 time=1.32s device=cuda
INFO:src.estimators.masked_ae:[masked-ae] sweep lam=3.593813663804626 epoch 4/25 time=1.36s device=cuda
INFO:src.estimators.masked_ae:[masked-ae] sweep lam=3.593813663804626 epoch 5/25 time=1.52s device=cuda
INFO:src.estimators.masked_ae:[masked-ae] sweep lam=3.593813663804626 epoch 6/25 time=1.30s device=cuda
INFO:src.estimators.masked_ae:[masked-ae] sweep lam=3.593813663804626 epoch 7/25 time=1.41s device=cuda
INFO:src.estimators.masked_ae:[masked-ae] sweep lam=3.593813663804626 epoch 8/25 time=1.46s device=cuda
INFO:src.estimators.masked_ae:[masked-ae] sweep lam=3.593813663804626 epoch 9/25 time=1.32s device=cuda
INFO:src.estimators.masked_ae:[masked-ae] sweep lam=3.593813663804626 epoch 10/25 time=1.44s device=cuda
INFO:src.estimators.masked_ae:[masked-ae] sweep lam=3.593813663804626 epoch 11/25 time=1.34s device=cuda
INFO:src.estimators.masked_ae:[masked-ae] sweep lam=3.593813663804626 epoch 12/25 time=1.36s device=cuda
INFO:src.estimators.masked_ae:[masked-ae] sweep lam=3.593813663804626 epoch 13/25 time=1.28s device=cuda
INFO:src.estimators.masked_ae:[masked-ae] sweep lam=3.593813663804626 epoch 14/25 time=1.42s device=cuda
INFO:src.estimators.masked_ae:[masked-ae] sweep lam=3.593813663804626 epoch 15/25 time=1.34s device=cuda
INFO:src.estimators.masked_ae:[masked-ae] sweep lam=3.593813663804626 epoch 16/25 time=1.13s device=cuda
INFO:src.estimators.masked_ae:[masked-ae] sweep lam=3.593813663804626 epoch 17/25 time=1.08s device=cuda
INFO:src.estimators.masked_ae:[masked-ae] sweep lam=3.593813663804626 epoch 18/25 time=1.39s device=cuda
INFO:src.estimators.masked_ae:[masked-ae] sweep lam=3.593813663804626 epoch 19/25 time=1.21s device=cuda
INFO:src.estimators.masked_ae:[masked-ae] sweep lam=3.593813663804626 epoch 20/25 time=1.24s device=cuda
INFO:src.estimators.masked_ae:[masked-ae] sweep lam=3.593813663804626 epoch 21/25 time=1.39s device=cuda
INFO:src.estimators.masked_ae:[masked-ae] sweep lam=3.593813663804626 epoch 22/25 time=1.41s device=cuda
INFO:src.estimators.masked_ae:[masked-ae] sweep lam=3.593813663804626 epoch 23/25 time=1.25s device=cuda
INFO:src.estimators.masked_ae:[masked-ae] sweep lam=3.593813663804626 epoch 24/25 time=1.36s device=cuda
INFO:src.estimators.masked_ae:[masked-ae] sweep lam=3.593813663804626 epoch 25/25 time=1.27s device=cuda
INFO:src.estimators.masked_ae:[masked-ae] sweep lam=5.994842503189409 epoch 1/25 time=1.15s device=cuda
INFO:src.estimators.masked_ae:[masked-ae] sweep lam=5.994842503189409 epoch 2/25 time=1.25s device=cuda
INFO:src.estimators.masked_ae:[masked-ae] sweep lam=5.994842503189409 epoch 3/25 time=1.22s device=cuda
INFO:src.estimators.masked_ae:[masked-ae] sweep lam=5.994842503189409 epoch 4/25 time=1.63s device=cuda
INFO:src.estimators.masked_ae:[masked-ae] sweep lam=5.994842503189409 epoch 5/25 time=1.26s device=cuda
INFO:src.estimators.masked_ae:[masked-ae] sweep lam=5.994842503189409 epoch 6/25 time=1.49s device=cuda
INFO:src.estimators.masked_ae:[masked-ae] sweep lam=5.994842503189409 epoch 7/25 time=1.30s device=cuda
INFO:src.estimators.masked_ae:[masked-ae] sweep lam=5.994842503189409 epoch 8/25 time=1.40s device=cuda
INFO:src.estimators.masked_ae:[masked-ae] sweep lam=5.994842503189409 epoch 9/25 time=1.51s device=cuda
INFO:src.estimators.masked_ae:[masked-ae] sweep lam=5.994842503189409 epoch 10/25 time=1.42s device=cuda
INFO:src.estimators.masked_ae:[masked-ae] sweep lam=5.994842503189409 epoch 11/25 time=1.21s device=cuda
INFO:src.estimators.masked_ae:[masked-ae] sweep lam=5.994842503189409 epoch 12/25 time=1.36s device=cuda
INFO:src.estimators.masked_ae:[masked-ae] sweep lam=5.994842503189409 epoch 13/25 time=1.35s device=cuda
INFO:src.estimators.masked_ae:[masked-ae] sweep lam=5.994842503189409 epoch 14/25 time=1.33s device=cuda
INFO:src.estimators.masked_ae:[masked-ae] sweep lam=5.994842503189409 epoch 15/25 time=1.46s device=cuda
INFO:src.estimators.masked_ae:[masked-ae] sweep lam=5.994842503189409 epoch 16/25 time=1.35s device=cuda
INFO:src.estimators.masked_ae:[masked-ae] sweep lam=5.994842503189409 epoch 17/25 time=1.32s device=cuda
INFO:src.estimators.masked_ae:[masked-ae] sweep lam=5.994842503189409 epoch 18/25 time=1.32s device=cuda
INFO:src.estimators.masked_ae:[masked-ae] sweep lam=5.994842503189409 epoch 19/25 time=1.33s device=cuda
INFO:src.estimators.masked_ae:[masked-ae] sweep lam=5.994842503189409 epoch 20/25 time=1.37s device=cuda
INFO:src.estimators.masked_ae:[masked-ae] sweep lam=5.994842503189409 epoch 21/25 time=1.37s device=cuda
INFO:src.estimators.masked_ae:[masked-ae] sweep lam=5.994842503189409 epoch 22/25 time=1.25s device=cuda
INFO:src.estimators.masked_ae:[masked-ae] sweep lam=5.994842503189409 epoch 23/25 time=1.16s device=cuda
INFO:src.estimators.masked_ae:[masked-ae] sweep lam=5.994842503189409 epoch 24/25 time=1.49s device=cuda
INFO:src.estimators.masked_ae:[masked-ae] sweep lam=5.994842503189409 epoch 25/25 time=1.33s device=cuda
INFO:src.estimators.masked_ae:[masked-ae] sweep lam=10.0 epoch 1/25 time=1.51s device=cuda
INFO:src.estimators.masked_ae:[masked-ae] sweep lam=10.0 epoch 2/25 time=1.38s device=cuda
INFO:src.estimators.masked_ae:[masked-ae] sweep lam=10.0 epoch 3/25 time=1.18s device=cuda
INFO:src.estimators.masked_ae:[masked-ae] sweep lam=10.0 epoch 4/25 time=1.26s device=cuda
INFO:src.estimators.masked_ae:[masked-ae] sweep lam=10.0 epoch 5/25 time=1.33s device=cuda
INFO:src.estimators.masked_ae:[masked-ae] sweep lam=10.0 epoch 6/25 time=1.15s device=cuda
INFO:src.estimators.masked_ae:[masked-ae] sweep lam=10.0 epoch 7/25 time=1.30s device=cuda
INFO:src.estimators.masked_ae:[masked-ae] sweep lam=10.0 epoch 8/25 time=1.39s device=cuda
INFO:src.estimators.masked_ae:[masked-ae] sweep lam=10.0 epoch 9/25 time=1.27s device=cuda
INFO:src.estimators.masked_ae:[masked-ae] sweep lam=10.0 epoch 10/25 time=1.59s device=cuda
INFO:src.estimators.masked_ae:[masked-ae] sweep lam=10.0 epoch 11/25 time=1.26s device=cuda
INFO:src.estimators.masked_ae:[masked-ae] sweep lam=10.0 epoch 12/25 time=1.51s device=cuda
INFO:src.estimators.masked_ae:[masked-ae] sweep lam=10.0 epoch 13/25 time=1.18s device=cuda
INFO:src.estimators.masked_ae:[masked-ae] sweep lam=10.0 epoch 14/25 time=1.16s device=cuda
INFO:src.estimators.masked_ae:[masked-ae] sweep lam=10.0 epoch 15/25 time=1.37s device=cuda
INFO:src.estimators.masked_ae:[masked-ae] sweep lam=10.0 epoch 16/25 time=1.47s device=cuda
INFO:src.estimators.masked_ae:[masked-ae] sweep lam=10.0 epoch 17/25 time=1.40s device=cuda
INFO:src.estimators.masked_ae:[masked-ae] sweep lam=10.0 epoch 18/25 time=1.15s device=cuda
INFO:src.estimators.masked_ae:[masked-ae] sweep lam=10.0 epoch 19/25 time=1.37s device=cuda
INFO:src.estimators.masked_ae:[masked-ae] sweep lam=10.0 epoch 20/25 time=1.45s device=cuda
INFO:src.estimators.masked_ae:[masked-ae] sweep lam=10.0 epoch 21/25 time=1.41s device=cuda
INFO:src.estimators.masked_ae:[masked-ae] sweep lam=10.0 epoch 22/25 time=1.39s device=cuda
INFO:src.estimators.masked_ae:[masked-ae] sweep lam=10.0 epoch 23/25 time=1.06s device=cuda
INFO:src.estimators.masked_ae:[masked-ae] sweep lam=10.0 epoch 24/25 time=1.29s device=cuda
INFO:src.estimators.masked_ae:[masked-ae] sweep lam=10.0 epoch 25/25 time=1.38s device=cuda
INFO:src.estimators.masked_ae:[masked-ae] retrain epoch 1/10 time=1.51s device=cuda
INFO:src.estimators.masked_ae:[masked-ae] retrain epoch 2/10 time=1.30s device=cuda
INFO:src.estimators.masked_ae:[masked-ae] retrain epoch 3/10 time=1.33s device=cuda
INFO:src.estimators.masked_ae:[masked-ae] retrain epoch 4/10 time=1.30s device=cuda
INFO:src.estimators.masked_ae:[masked-ae] retrain epoch 5/10 time=1.33s device=cuda
INFO:src.estimators.masked_ae:[masked-ae] retrain epoch 6/10 time=1.30s device=cuda
INFO:src.estimators.masked_ae:[masked-ae] retrain epoch 7/10 time=1.51s device=cuda
INFO:src.estimators.masked_ae:[masked-ae] retrain epoch 8/10 time=1.07s device=cuda
INFO:src.estimators.masked_ae:[masked-ae] retrain epoch 9/10 time=1.33s device=cuda
INFO:src.estimators.masked_ae:[masked-ae] retrain epoch 10/10 time=1.21s device=cuda
INFO:repair_masked_ae:Group ('mnist', 9, 0.0, 0) repaired: estimate=16.0 elapsed_s=362.74 device=cuda samples=60000 rows=5
INFO:repair_masked_ae:Processing group key=('mnist', 9, 0.25, 0) with 5 rows; example row 415
INFO:src.estimators.masked_ae:[masked-ae] pretrain epoch 1/10 time=1.15s device=cuda
INFO:src.estimators.masked_ae:[masked-ae] pretrain epoch 2/10 time=1.15s device=cuda
INFO:src.estimators.masked_ae:[masked-ae] pretrain epoch 3/10 time=1.13s device=cuda
INFO:src.estimators.masked_ae:[masked-ae] pretrain epoch 4/10 time=0.93s device=cuda
INFO:src.estimators.masked_ae:[masked-ae] pretrain epoch 5/10 time=1.05s device=cuda
INFO:src.estimators.masked_ae:[masked-ae] pretrain epoch 6/10 time=1.28s device=cuda
INFO:src.estimators.masked_ae:[masked-ae] pretrain epoch 7/10 time=1.08s device=cuda
INFO:src.estimators.masked_ae:[masked-ae] pretrain epoch 8/10 time=1.13s device=cuda
INFO:src.estimators.masked_ae:[masked-ae] pretrain epoch 9/10 time=1.06s device=cuda
INFO:src.estimators.masked_ae:[masked-ae] pretrain epoch 10/10 time=1.16s device=cuda
INFO:src.estimators.masked_ae:[masked-ae] sweep lam=0.1 epoch 1/25 time=1.25s device=cuda
INFO:src.estimators.masked_ae:[masked-ae] sweep lam=0.1 epoch 2/25 time=1.35s device=cuda
INFO:src.estimators.masked_ae:[masked-ae] sweep lam=0.1 epoch 3/25 time=1.28s device=cuda
INFO:src.estimators.masked_ae:[masked-ae] sweep lam=0.1 epoch 4/25 time=1.29s device=cuda
INFO:src.estimators.masked_ae:[masked-ae] sweep lam=0.1 epoch 5/25 time=1.31s device=cuda
INFO:src.estimators.masked_ae:[masked-ae] sweep lam=0.1 epoch 6/25 time=1.38s device=cuda
INFO:src.estimators.masked_ae:[masked-ae] sweep lam=0.1 epoch 7/25 time=1.43s device=cuda
INFO:src.estimators.masked_ae:[masked-ae] sweep lam=0.1 epoch 8/25 time=1.26s device=cuda
INFO:src.estimators.masked_ae:[masked-ae] sweep lam=0.1 epoch 9/25 time=1.25s device=cuda
INFO:src.estimators.masked_ae:[masked-ae] sweep lam=0.1 epoch 10/25 time=1.34s device=cuda
INFO:src.estimators.masked_ae:[masked-ae] sweep lam=0.1 epoch 11/25 time=1.37s device=cuda
INFO:src.estimators.masked_ae:[masked-ae] sweep lam=0.1 epoch 12/25 time=1.52s device=cuda
INFO:src.estimators.masked_ae:[masked-ae] sweep lam=0.1 epoch 13/25 time=1.49s device=cuda
INFO:src.estimators.masked_ae:[masked-ae] sweep lam=0.1 epoch 14/25 time=1.50s device=cuda
INFO:src.estimators.masked_ae:[masked-ae] sweep lam=0.1 epoch 15/25 time=1.57s device=cuda
INFO:src.estimators.masked_ae:[masked-ae] sweep lam=0.1 epoch 16/25 time=1.21s device=cuda
INFO:src.estimators.masked_ae:[masked-ae] sweep lam=0.1 epoch 17/25 time=1.31s device=cuda
INFO:src.estimators.masked_ae:[masked-ae] sweep lam=0.1 epoch 18/25 time=1.35s device=cuda
INFO:src.estimators.masked_ae:[masked-ae] sweep lam=0.1 epoch 19/25 time=1.17s device=cuda
INFO:src.estimators.masked_ae:[masked-ae] sweep lam=0.1 epoch 20/25 time=1.10s device=cuda
INFO:src.estimators.masked_ae:[masked-ae] sweep lam=0.1 epoch 21/25 time=1.40s device=cuda
INFO:src.estimators.masked_ae:[masked-ae] sweep lam=0.1 epoch 22/25 time=1.38s device=cuda
INFO:src.estimators.masked_ae:[masked-ae] sweep lam=0.1 epoch 23/25 time=1.23s device=cuda
INFO:src.estimators.masked_ae:[masked-ae] sweep lam=0.1 epoch 24/25 time=1.25s device=cuda
INFO:src.estimators.masked_ae:[masked-ae] sweep lam=0.1 epoch 25/25 time=1.12s device=cuda
INFO:src.estimators.masked_ae:[masked-ae] sweep lam=0.16681005372000587 epoch 1/25 time=1.58s device=cuda
INFO:src.estimators.masked_ae:[masked-ae] sweep lam=0.16681005372000587 epoch 2/25 time=1.25s device=cuda
INFO:src.estimators.masked_ae:[masked-ae] sweep lam=0.16681005372000587 epoch 3/25 time=1.37s device=cuda
INFO:src.estimators.masked_ae:[masked-ae] sweep lam=0.16681005372000587 epoch 4/25 time=1.30s device=cuda
INFO:src.estimators.masked_ae:[masked-ae] sweep lam=0.16681005372000587 epoch 5/25 time=1.09s device=cuda
INFO:src.estimators.masked_ae:[masked-ae] sweep lam=0.16681005372000587 epoch 6/25 time=1.35s device=cuda
INFO:src.estimators.masked_ae:[masked-ae] sweep lam=0.16681005372000587 epoch 7/25 time=1.45s device=cuda
INFO:src.estimators.masked_ae:[masked-ae] sweep lam=0.16681005372000587 epoch 8/25 time=1.45s device=cuda
INFO:src.estimators.masked_ae:[masked-ae] sweep lam=0.16681005372000587 epoch 9/25 time=1.27s device=cuda
INFO:src.estimators.masked_ae:[masked-ae] sweep lam=0.16681005372000587 epoch 10/25 time=1.28s device=cuda
INFO:src.estimators.masked_ae:[masked-ae] sweep lam=0.16681005372000587 epoch 11/25 time=1.26s device=cuda
INFO:src.estimators.masked_ae:[masked-ae] sweep lam=0.16681005372000587 epoch 12/25 time=1.36s device=cuda
INFO:src.estimators.masked_ae:[masked-ae] sweep lam=0.16681005372000587 epoch 13/25 time=1.08s device=cuda
INFO:src.estimators.masked_ae:[masked-ae] sweep lam=0.16681005372000587 epoch 14/25 time=1.32s device=cuda
INFO:src.estimators.masked_ae:[masked-ae] sweep lam=0.16681005372000587 epoch 15/25 time=1.56s device=cuda
INFO:src.estimators.masked_ae:[masked-ae] sweep lam=0.16681005372000587 epoch 16/25 time=1.18s device=cuda
INFO:src.estimators.masked_ae:[masked-ae] sweep lam=0.16681005372000587 epoch 17/25 time=1.46s device=cuda
INFO:src.estimators.masked_ae:[masked-ae] sweep lam=0.16681005372000587 epoch 18/25 time=1.30s device=cuda
INFO:src.estimators.masked_ae:[masked-ae] sweep lam=0.16681005372000587 epoch 19/25 time=1.43s device=cuda
INFO:src.estimators.masked_ae:[masked-ae] sweep lam=0.16681005372000587 epoch 20/25 time=1.31s device=cuda
INFO:src.estimators.masked_ae:[masked-ae] sweep lam=0.16681005372000587 epoch 21/25 time=1.41s device=cuda
INFO:src.estimators.masked_ae:[masked-ae] sweep lam=0.16681005372000587 epoch 22/25 time=1.42s device=cuda
INFO:src.estimators.masked_ae:[masked-ae] sweep lam=0.16681005372000587 epoch 23/25 time=1.40s device=cuda
INFO:src.estimators.masked_ae:[masked-ae] sweep lam=0.16681005372000587 epoch 24/25 time=1.11s device=cuda
INFO:src.estimators.masked_ae:[masked-ae] sweep lam=0.16681005372000587 epoch 25/25 time=1.33s device=cuda
INFO:src.estimators.masked_ae:[masked-ae] sweep lam=0.2782559402207124 epoch 1/25 time=1.13s device=cuda
INFO:src.estimators.masked_ae:[masked-ae] sweep lam=0.2782559402207124 epoch 2/25 time=1.29s device=cuda
INFO:src.estimators.masked_ae:[masked-ae] sweep lam=0.2782559402207124 epoch 3/25 time=1.30s device=cuda
INFO:src.estimators.masked_ae:[masked-ae] sweep lam=0.2782559402207124 epoch 4/25 time=1.46s device=cuda
INFO:src.estimators.masked_ae:[masked-ae] sweep lam=0.2782559402207124 epoch 5/25 time=1.39s device=cuda
INFO:src.estimators.masked_ae:[masked-ae] sweep lam=0.2782559402207124 epoch 6/25 time=1.25s device=cuda
INFO:src.estimators.masked_ae:[masked-ae] sweep lam=0.2782559402207124 epoch 7/25 time=1.28s device=cuda
INFO:src.estimators.masked_ae:[masked-ae] sweep lam=0.2782559402207124 epoch 8/25 time=1.39s device=cuda
INFO:src.estimators.masked_ae:[masked-ae] sweep lam=0.2782559402207124 epoch 9/25 time=1.10s device=cuda
INFO:src.estimators.masked_ae:[masked-ae] sweep lam=0.2782559402207124 epoch 10/25 time=1.49s device=cuda
INFO:src.estimators.masked_ae:[masked-ae] sweep lam=0.2782559402207124 epoch 11/25 time=1.44s device=cuda
INFO:src.estimators.masked_ae:[masked-ae] sweep lam=0.2782559402207124 epoch 12/25 time=1.43s device=cuda
INFO:src.estimators.masked_ae:[masked-ae] sweep lam=0.2782559402207124 epoch 13/25 time=1.45s device=cuda
INFO:src.estimators.masked_ae:[masked-ae] sweep lam=0.2782559402207124 epoch 14/25 time=1.38s device=cuda
INFO:src.estimators.masked_ae:[masked-ae] sweep lam=0.2782559402207124 epoch 15/25 time=1.64s device=cuda
INFO:src.estimators.masked_ae:[masked-ae] sweep lam=0.2782559402207124 epoch 16/25 time=1.41s device=cuda
INFO:src.estimators.masked_ae:[masked-ae] sweep lam=0.2782559402207124 epoch 17/25 time=1.60s device=cuda
INFO:src.estimators.masked_ae:[masked-ae] sweep lam=0.2782559402207124 epoch 18/25 time=1.46s device=cuda
INFO:src.estimators.masked_ae:[masked-ae] sweep lam=0.2782559402207124 epoch 19/25 time=1.80s device=cuda
INFO:src.estimators.masked_ae:[masked-ae] sweep lam=0.2782559402207124 epoch 20/25 time=1.39s device=cuda
INFO:src.estimators.masked_ae:[masked-ae] sweep lam=0.2782559402207124 epoch 21/25 time=1.35s device=cuda
INFO:src.estimators.masked_ae:[masked-ae] sweep lam=0.2782559402207124 epoch 22/25 time=1.54s device=cuda
INFO:src.estimators.masked_ae:[masked-ae] sweep lam=0.2782559402207124 epoch 23/25 time=1.37s device=cuda
INFO:src.estimators.masked_ae:[masked-ae] sweep lam=0.2782559402207124 epoch 24/25 time=1.45s device=cuda
INFO:src.estimators.masked_ae:[masked-ae] sweep lam=0.2782559402207124 epoch 25/25 time=1.54s device=cuda
INFO:src.estimators.masked_ae:[masked-ae] sweep lam=0.46415888336127786 epoch 1/25 time=1.54s device=cuda
INFO:src.estimators.masked_ae:[masked-ae] sweep lam=0.46415888336127786 epoch 2/25 time=1.20s device=cuda
INFO:src.estimators.masked_ae:[masked-ae] sweep lam=0.46415888336127786 epoch 3/25 time=1.43s device=cuda
INFO:src.estimators.masked_ae:[masked-ae] sweep lam=0.46415888336127786 epoch 4/25 time=1.23s device=cuda
INFO:src.estimators.masked_ae:[masked-ae] sweep lam=0.46415888336127786 epoch 5/25 time=1.42s device=cuda
INFO:src.estimators.masked_ae:[masked-ae] sweep lam=0.46415888336127786 epoch 6/25 time=1.37s device=cuda
INFO:src.estimators.masked_ae:[masked-ae] sweep lam=0.46415888336127786 epoch 7/25 time=1.26s device=cuda
INFO:src.estimators.masked_ae:[masked-ae] sweep lam=0.46415888336127786 epoch 8/25 time=1.41s device=cuda
INFO:src.estimators.masked_ae:[masked-ae] sweep lam=0.46415888336127786 epoch 9/25 time=1.24s device=cuda
INFO:src.estimators.masked_ae:[masked-ae] sweep lam=0.46415888336127786 epoch 10/25 time=1.10s device=cuda
INFO:src.estimators.masked_ae:[masked-ae] sweep lam=0.46415888336127786 epoch 11/25 time=1.36s device=cuda
INFO:src.estimators.masked_ae:[masked-ae] sweep lam=0.46415888336127786 epoch 12/25 time=1.38s device=cuda
INFO:src.estimators.masked_ae:[masked-ae] sweep lam=0.46415888336127786 epoch 13/25 time=1.50s device=cuda
INFO:src.estimators.masked_ae:[masked-ae] sweep lam=0.46415888336127786 epoch 14/25 time=1.20s device=cuda
INFO:src.estimators.masked_ae:[masked-ae] sweep lam=0.46415888336127786 epoch 15/25 time=1.31s device=cuda
INFO:src.estimators.masked_ae:[masked-ae] sweep lam=0.46415888336127786 epoch 16/25 time=1.20s device=cuda
INFO:src.estimators.masked_ae:[masked-ae] sweep lam=0.46415888336127786 epoch 17/25 time=1.32s device=cuda
INFO:src.estimators.masked_ae:[masked-ae] sweep lam=0.46415888336127786 epoch 18/25 time=1.25s device=cuda
INFO:src.estimators.masked_ae:[masked-ae] sweep lam=0.46415888336127786 epoch 19/25 time=1.36s device=cuda
INFO:src.estimators.masked_ae:[masked-ae] sweep lam=0.46415888336127786 epoch 20/25 time=1.43s device=cuda
INFO:src.estimators.masked_ae:[masked-ae] sweep lam=0.46415888336127786 epoch 21/25 time=1.21s device=cuda
INFO:src.estimators.masked_ae:[masked-ae] sweep lam=0.46415888336127786 epoch 22/25 time=1.30s device=cuda
INFO:src.estimators.masked_ae:[masked-ae] sweep lam=0.46415888336127786 epoch 23/25 time=1.27s device=cuda
INFO:src.estimators.masked_ae:[masked-ae] sweep lam=0.46415888336127786 epoch 24/25 time=1.23s device=cuda
INFO:src.estimators.masked_ae:[masked-ae] sweep lam=0.46415888336127786 epoch 25/25 time=1.17s device=cuda
INFO:src.estimators.masked_ae:[masked-ae] sweep lam=0.774263682681127 epoch 1/25 time=1.37s device=cuda
INFO:src.estimators.masked_ae:[masked-ae] sweep lam=0.774263682681127 epoch 2/25 time=1.27s device=cuda
INFO:src.estimators.masked_ae:[masked-ae] sweep lam=0.774263682681127 epoch 3/25 time=1.27s device=cuda
INFO:src.estimators.masked_ae:[masked-ae] sweep lam=0.774263682681127 epoch 4/25 time=1.25s device=cuda
INFO:src.estimators.masked_ae:[masked-ae] sweep lam=0.774263682681127 epoch 5/25 time=1.05s device=cuda
INFO:src.estimators.masked_ae:[masked-ae] sweep lam=0.774263682681127 epoch 6/25 time=1.42s device=cuda
INFO:src.estimators.masked_ae:[masked-ae] sweep lam=0.774263682681127 epoch 7/25 time=1.26s device=cuda
INFO:src.estimators.masked_ae:[masked-ae] sweep lam=0.774263682681127 epoch 8/25 time=1.26s device=cuda
INFO:src.estimators.masked_ae:[masked-ae] sweep lam=0.774263682681127 epoch 9/25 time=1.37s device=cuda
INFO:src.estimators.masked_ae:[masked-ae] sweep lam=0.774263682681127 epoch 10/25 time=1.34s device=cuda
INFO:src.estimators.masked_ae:[masked-ae] sweep lam=0.774263682681127 epoch 11/25 time=1.23s device=cuda
INFO:src.estimators.masked_ae:[masked-ae] sweep lam=0.774263682681127 epoch 12/25 time=1.42s device=cuda
INFO:src.estimators.masked_ae:[masked-ae] sweep lam=0.774263682681127 epoch 13/25 time=1.10s device=cuda
INFO:src.estimators.masked_ae:[masked-ae] sweep lam=0.774263682681127 epoch 14/25 time=1.36s device=cuda
INFO:src.estimators.masked_ae:[masked-ae] sweep lam=0.774263682681127 epoch 15/25 time=1.10s device=cuda
INFO:src.estimators.masked_ae:[masked-ae] sweep lam=0.774263682681127 epoch 16/25 time=1.23s device=cuda
INFO:src.estimators.masked_ae:[masked-ae] sweep lam=0.774263682681127 epoch 17/25 time=1.32s device=cuda
INFO:src.estimators.masked_ae:[masked-ae] sweep lam=0.774263682681127 epoch 18/25 time=1.20s device=cuda
INFO:src.estimators.masked_ae:[masked-ae] sweep lam=0.774263682681127 epoch 19/25 time=1.44s device=cuda
INFO:src.estimators.masked_ae:[masked-ae] sweep lam=0.774263682681127 epoch 20/25 time=1.44s device=cuda
INFO:src.estimators.masked_ae:[masked-ae] sweep lam=0.774263682681127 epoch 21/25 time=1.24s device=cuda
INFO:src.estimators.masked_ae:[masked-ae] sweep lam=0.774263682681127 epoch 22/25 time=1.44s device=cuda
INFO:src.estimators.masked_ae:[masked-ae] sweep lam=0.774263682681127 epoch 23/25 time=1.44s device=cuda
INFO:src.estimators.masked_ae:[masked-ae] sweep lam=0.774263682681127 epoch 24/25 time=1.47s device=cuda
INFO:src.estimators.masked_ae:[masked-ae] sweep lam=0.774263682681127 epoch 25/25 time=1.28s device=cuda
INFO:src.estimators.masked_ae:[masked-ae] sweep lam=1.291549665014884 epoch 1/25 time=1.29s device=cuda
INFO:src.estimators.masked_ae:[masked-ae] sweep lam=1.291549665014884 epoch 2/25 time=1.37s device=cuda
INFO:src.estimators.masked_ae:[masked-ae] sweep lam=1.291549665014884 epoch 3/25 time=1.16s device=cuda
INFO:src.estimators.masked_ae:[masked-ae] sweep lam=1.291549665014884 epoch 4/25 time=1.57s device=cuda
INFO:src.estimators.masked_ae:[masked-ae] sweep lam=1.291549665014884 epoch 5/25 time=1.51s device=cuda
INFO:src.estimators.masked_ae:[masked-ae] sweep lam=1.291549665014884 epoch 6/25 time=1.35s device=cuda
INFO:src.estimators.masked_ae:[masked-ae] sweep lam=1.291549665014884 epoch 7/25 time=1.32s device=cuda
INFO:src.estimators.masked_ae:[masked-ae] sweep lam=1.291549665014884 epoch 8/25 time=1.42s device=cuda
INFO:src.estimators.masked_ae:[masked-ae] sweep lam=1.291549665014884 epoch 9/25 time=1.48s device=cuda
INFO:src.estimators.masked_ae:[masked-ae] sweep lam=1.291549665014884 epoch 10/25 time=1.35s device=cuda
INFO:src.estimators.masked_ae:[masked-ae] sweep lam=1.291549665014884 epoch 11/25 time=1.51s device=cuda
INFO:src.estimators.masked_ae:[masked-ae] sweep lam=1.291549665014884 epoch 12/25 time=1.19s device=cuda
INFO:src.estimators.masked_ae:[masked-ae] sweep lam=1.291549665014884 epoch 13/25 time=1.30s device=cuda
INFO:src.estimators.masked_ae:[masked-ae] sweep lam=1.291549665014884 epoch 14/25 time=1.39s device=cuda
INFO:src.estimators.masked_ae:[masked-ae] sweep lam=1.291549665014884 epoch 15/25 time=1.28s device=cuda
INFO:src.estimators.masked_ae:[masked-ae] sweep lam=1.291549665014884 epoch 16/25 time=1.42s device=cuda
INFO:src.estimators.masked_ae:[masked-ae] sweep lam=1.291549665014884 epoch 17/25 time=1.11s device=cuda
INFO:src.estimators.masked_ae:[masked-ae] sweep lam=1.291549665014884 epoch 18/25 time=1.15s device=cuda
INFO:src.estimators.masked_ae:[masked-ae] sweep lam=1.291549665014884 epoch 19/25 time=1.57s device=cuda
INFO:src.estimators.masked_ae:[masked-ae] sweep lam=1.291549665014884 epoch 20/25 time=1.54s device=cuda
INFO:src.estimators.masked_ae:[masked-ae] sweep lam=1.291549665014884 epoch 21/25 time=1.47s device=cuda
INFO:src.estimators.masked_ae:[masked-ae] sweep lam=1.291549665014884 epoch 22/25 time=1.59s device=cuda
INFO:src.estimators.masked_ae:[masked-ae] sweep lam=1.291549665014884 epoch 23/25 time=1.19s device=cuda
INFO:src.estimators.masked_ae:[masked-ae] sweep lam=1.291549665014884 epoch 24/25 time=1.50s device=cuda
INFO:src.estimators.masked_ae:[masked-ae] sweep lam=1.291549665014884 epoch 25/25 time=1.38s device=cuda
INFO:src.estimators.masked_ae:[masked-ae] sweep lam=2.1544346900318834 epoch 1/25 time=1.38s device=cuda
INFO:src.estimators.masked_ae:[masked-ae] sweep lam=2.1544346900318834 epoch 2/25 time=1.35s device=cuda
INFO:src.estimators.masked_ae:[masked-ae] sweep lam=2.1544346900318834 epoch 3/25 time=1.37s device=cuda
INFO:src.estimators.masked_ae:[masked-ae] sweep lam=2.1544346900318834 epoch 4/25 time=1.25s device=cuda
INFO:src.estimators.masked_ae:[masked-ae] sweep lam=2.1544346900318834 epoch 5/25 time=1.52s device=cuda
INFO:src.estimators.masked_ae:[masked-ae] sweep lam=2.1544346900318834 epoch 6/25 time=1.40s device=cuda
INFO:src.estimators.masked_ae:[masked-ae] sweep lam=2.1544346900318834 epoch 7/25 time=1.54s device=cuda
INFO:src.estimators.masked_ae:[masked-ae] sweep lam=2.1544346900318834 epoch 8/25 time=1.40s device=cuda
INFO:src.estimators.masked_ae:[masked-ae] sweep lam=2.1544346900318834 epoch 9/25 time=1.57s device=cuda
INFO:src.estimators.masked_ae:[masked-ae] sweep lam=2.1544346900318834 epoch 10/25 time=1.22s device=cuda
INFO:src.estimators.masked_ae:[masked-ae] sweep lam=2.1544346900318834 epoch 11/25 time=1.32s device=cuda
INFO:src.estimators.masked_ae:[masked-ae] sweep lam=2.1544346900318834 epoch 12/25 time=1.23s device=cuda
INFO:src.estimators.masked_ae:[masked-ae] sweep lam=2.1544346900318834 epoch 13/25 time=1.54s device=cuda
INFO:src.estimators.masked_ae:[masked-ae] sweep lam=2.1544346900318834 epoch 14/25 time=1.29s device=cuda
INFO:src.estimators.masked_ae:[masked-ae] sweep lam=2.1544346900318834 epoch 15/25 time=1.33s device=cuda
INFO:src.estimators.masked_ae:[masked-ae] sweep lam=2.1544346900318834 epoch 16/25 time=1.39s device=cuda
INFO:src.estimators.masked_ae:[masked-ae] sweep lam=2.1544346900318834 epoch 17/25 time=1.35s device=cuda
INFO:src.estimators.masked_ae:[masked-ae] sweep lam=2.1544346900318834 epoch 18/25 time=1.30s device=cuda
INFO:src.estimators.masked_ae:[masked-ae] sweep lam=2.1544346900318834 epoch 19/25 time=1.19s device=cuda
INFO:src.estimators.masked_ae:[masked-ae] sweep lam=2.1544346900318834 epoch 20/25 time=1.28s device=cuda
INFO:src.estimators.masked_ae:[masked-ae] sweep lam=2.1544346900318834 epoch 21/25 time=1.39s device=cuda
INFO:src.estimators.masked_ae:[masked-ae] sweep lam=2.1544346900318834 epoch 22/25 time=1.49s device=cuda
INFO:src.estimators.masked_ae:[masked-ae] sweep lam=2.1544346900318834 epoch 23/25 time=1.25s device=cuda
INFO:src.estimators.masked_ae:[masked-ae] sweep lam=2.1544346900318834 epoch 24/25 time=1.24s device=cuda
INFO:src.estimators.masked_ae:[masked-ae] sweep lam=2.1544346900318834 epoch 25/25 time=1.41s device=cuda
INFO:src.estimators.masked_ae:[masked-ae] sweep lam=3.593813663804626 epoch 1/25 time=1.40s device=cuda
INFO:src.estimators.masked_ae:[masked-ae] sweep lam=3.593813663804626 epoch 2/25 time=1.42s device=cuda
INFO:src.estimators.masked_ae:[masked-ae] sweep lam=3.593813663804626 epoch 3/25 time=1.33s device=cuda
INFO:src.estimators.masked_ae:[masked-ae] sweep lam=3.593813663804626 epoch 4/25 time=1.39s device=cuda
INFO:src.estimators.masked_ae:[masked-ae] sweep lam=3.593813663804626 epoch 5/25 time=1.39s device=cuda
INFO:src.estimators.masked_ae:[masked-ae] sweep lam=3.593813663804626 epoch 6/25 time=1.23s device=cuda
INFO:src.estimators.masked_ae:[masked-ae] sweep lam=3.593813663804626 epoch 7/25 time=1.46s device=cuda
INFO:src.estimators.masked_ae:[masked-ae] sweep lam=3.593813663804626 epoch 8/25 time=1.39s device=cuda
INFO:src.estimators.masked_ae:[masked-ae] sweep lam=3.593813663804626 epoch 9/25 time=1.56s device=cuda
INFO:src.estimators.masked_ae:[masked-ae] sweep lam=3.593813663804626 epoch 10/25 time=1.47s device=cuda
INFO:src.estimators.masked_ae:[masked-ae] sweep lam=3.593813663804626 epoch 11/25 time=1.40s device=cuda
INFO:src.estimators.masked_ae:[masked-ae] sweep lam=3.593813663804626 epoch 12/25 time=1.43s device=cuda
INFO:src.estimators.masked_ae:[masked-ae] sweep lam=3.593813663804626 epoch 13/25 time=1.16s device=cuda
INFO:src.estimators.masked_ae:[masked-ae] sweep lam=3.593813663804626 epoch 14/25 time=1.34s device=cuda
INFO:src.estimators.masked_ae:[masked-ae] sweep lam=3.593813663804626 epoch 15/25 time=1.25s device=cuda
INFO:src.estimators.masked_ae:[masked-ae] sweep lam=3.593813663804626 epoch 16/25 time=1.44s device=cuda
INFO:src.estimators.masked_ae:[masked-ae] sweep lam=3.593813663804626 epoch 17/25 time=1.40s device=cuda
INFO:src.estimators.masked_ae:[masked-ae] sweep lam=3.593813663804626 epoch 18/25 time=1.35s device=cuda
INFO:src.estimators.masked_ae:[masked-ae] sweep lam=3.593813663804626 epoch 19/25 time=1.52s device=cuda
INFO:src.estimators.masked_ae:[masked-ae] sweep lam=3.593813663804626 epoch 20/25 time=1.53s device=cuda
INFO:src.estimators.masked_ae:[masked-ae] sweep lam=3.593813663804626 epoch 21/25 time=1.43s device=cuda
INFO:src.estimators.masked_ae:[masked-ae] sweep lam=3.593813663804626 epoch 22/25 time=1.31s device=cuda
INFO:src.estimators.masked_ae:[masked-ae] sweep lam=3.593813663804626 epoch 23/25 time=1.44s device=cuda
INFO:src.estimators.masked_ae:[masked-ae] sweep lam=3.593813663804626 epoch 24/25 time=1.45s device=cuda
INFO:src.estimators.masked_ae:[masked-ae] sweep lam=3.593813663804626 epoch 25/25 time=1.33s device=cuda
INFO:src.estimators.masked_ae:[masked-ae] sweep lam=5.994842503189409 epoch 1/25 time=1.35s device=cuda
INFO:src.estimators.masked_ae:[masked-ae] sweep lam=5.994842503189409 epoch 2/25 time=1.30s device=cuda
INFO:src.estimators.masked_ae:[masked-ae] sweep lam=5.994842503189409 epoch 3/25 time=1.40s device=cuda
INFO:src.estimators.masked_ae:[masked-ae] sweep lam=5.994842503189409 epoch 4/25 time=1.43s device=cuda
INFO:src.estimators.masked_ae:[masked-ae] sweep lam=5.994842503189409 epoch 5/25 time=1.35s device=cuda
INFO:src.estimators.masked_ae:[masked-ae] sweep lam=5.994842503189409 epoch 6/25 time=1.19s device=cuda
INFO:src.estimators.masked_ae:[masked-ae] sweep lam=5.994842503189409 epoch 7/25 time=1.17s device=cuda
INFO:src.estimators.masked_ae:[masked-ae] sweep lam=5.994842503189409 epoch 8/25 time=1.38s device=cuda
INFO:src.estimators.masked_ae:[masked-ae] sweep lam=5.994842503189409 epoch 9/25 time=1.38s device=cuda
INFO:src.estimators.masked_ae:[masked-ae] sweep lam=5.994842503189409 epoch 10/25 time=1.14s device=cuda
INFO:src.estimators.masked_ae:[masked-ae] sweep lam=5.994842503189409 epoch 11/25 time=1.50s device=cuda
INFO:src.estimators.masked_ae:[masked-ae] sweep lam=5.994842503189409 epoch 12/25 time=1.38s device=cuda
INFO:src.estimators.masked_ae:[masked-ae] sweep lam=5.994842503189409 epoch 13/25 time=1.25s device=cuda
INFO:src.estimators.masked_ae:[masked-ae] sweep lam=5.994842503189409 epoch 14/25 time=1.19s device=cuda
INFO:src.estimators.masked_ae:[masked-ae] sweep lam=5.994842503189409 epoch 15/25 time=1.37s device=cuda
INFO:src.estimators.masked_ae:[masked-ae] sweep lam=5.994842503189409 epoch 16/25 time=1.26s device=cuda
INFO:src.estimators.masked_ae:[masked-ae] sweep lam=5.994842503189409 epoch 17/25 time=1.47s device=cuda
INFO:src.estimators.masked_ae:[masked-ae] sweep lam=5.994842503189409 epoch 18/25 time=1.51s device=cuda
INFO:src.estimators.masked_ae:[masked-ae] sweep lam=5.994842503189409 epoch 19/25 time=1.66s device=cuda
INFO:src.estimators.masked_ae:[masked-ae] sweep lam=5.994842503189409 epoch 20/25 time=1.32s device=cuda
INFO:src.estimators.masked_ae:[masked-ae] sweep lam=5.994842503189409 epoch 21/25 time=1.46s device=cuda
INFO:src.estimators.masked_ae:[masked-ae] sweep lam=5.994842503189409 epoch 22/25 time=1.15s device=cuda
INFO:src.estimators.masked_ae:[masked-ae] sweep lam=5.994842503189409 epoch 23/25 time=1.41s device=cuda
INFO:src.estimators.masked_ae:[masked-ae] sweep lam=5.994842503189409 epoch 24/25 time=1.41s device=cuda
INFO:src.estimators.masked_ae:[masked-ae] sweep lam=5.994842503189409 epoch 25/25 time=1.28s device=cuda
INFO:src.estimators.masked_ae:[masked-ae] sweep lam=10.0 epoch 1/25 time=1.32s device=cuda
INFO:src.estimators.masked_ae:[masked-ae] sweep lam=10.0 epoch 2/25 time=1.36s device=cuda
INFO:src.estimators.masked_ae:[masked-ae] sweep lam=10.0 epoch 3/25 time=1.34s device=cuda
INFO:src.estimators.masked_ae:[masked-ae] sweep lam=10.0 epoch 4/25 time=1.50s device=cuda
INFO:src.estimators.masked_ae:[masked-ae] sweep lam=10.0 epoch 5/25 time=1.39s device=cuda
INFO:src.estimators.masked_ae:[masked-ae] sweep lam=10.0 epoch 6/25 time=1.25s device=cuda
INFO:src.estimators.masked_ae:[masked-ae] sweep lam=10.0 epoch 7/25 time=1.40s device=cuda
INFO:src.estimators.masked_ae:[masked-ae] sweep lam=10.0 epoch 8/25 time=1.53s device=cuda
INFO:src.estimators.masked_ae:[masked-ae] sweep lam=10.0 epoch 9/25 time=1.38s device=cuda
INFO:src.estimators.masked_ae:[masked-ae] sweep lam=10.0 epoch 10/25 time=1.27s device=cuda
INFO:src.estimators.masked_ae:[masked-ae] sweep lam=10.0 epoch 11/25 time=1.48s device=cuda
INFO:src.estimators.masked_ae:[masked-ae] sweep lam=10.0 epoch 12/25 time=1.46s device=cuda
INFO:src.estimators.masked_ae:[masked-ae] sweep lam=10.0 epoch 13/25 time=1.11s device=cuda
INFO:src.estimators.masked_ae:[masked-ae] sweep lam=10.0 epoch 14/25 time=1.34s device=cuda
INFO:src.estimators.masked_ae:[masked-ae] sweep lam=10.0 epoch 15/25 time=1.37s device=cuda
INFO:src.estimators.masked_ae:[masked-ae] sweep lam=10.0 epoch 16/25 time=1.51s device=cuda
INFO:src.estimators.masked_ae:[masked-ae] sweep lam=10.0 epoch 17/25 time=1.51s device=cuda
INFO:src.estimators.masked_ae:[masked-ae] sweep lam=10.0 epoch 18/25 time=1.49s device=cuda
INFO:src.estimators.masked_ae:[masked-ae] sweep lam=10.0 epoch 19/25 time=1.39s device=cuda
INFO:src.estimators.masked_ae:[masked-ae] sweep lam=10.0 epoch 20/25 time=1.54s device=cuda
INFO:src.estimators.masked_ae:[masked-ae] sweep lam=10.0 epoch 21/25 time=1.28s device=cuda
INFO:src.estimators.masked_ae:[masked-ae] sweep lam=10.0 epoch 22/25 time=1.32s device=cuda
INFO:src.estimators.masked_ae:[masked-ae] sweep lam=10.0 epoch 23/25 time=1.47s device=cuda
INFO:src.estimators.masked_ae:[masked-ae] sweep lam=10.0 epoch 24/25 time=1.31s device=cuda
INFO:src.estimators.masked_ae:[masked-ae] sweep lam=10.0 epoch 25/25 time=1.20s device=cuda
INFO:src.estimators.masked_ae:[masked-ae] retrain epoch 1/10 time=1.31s device=cuda
INFO:src.estimators.masked_ae:[masked-ae] retrain epoch 2/10 time=1.19s device=cuda
INFO:src.estimators.masked_ae:[masked-ae] retrain epoch 3/10 time=1.36s device=cuda
INFO:src.estimators.masked_ae:[masked-ae] retrain epoch 4/10 time=1.34s device=cuda
INFO:src.estimators.masked_ae:[masked-ae] retrain epoch 5/10 time=1.45s device=cuda
INFO:src.estimators.masked_ae:[masked-ae] retrain epoch 6/10 time=1.24s device=cuda
INFO:src.estimators.masked_ae:[masked-ae] retrain epoch 7/10 time=1.24s device=cuda
INFO:src.estimators.masked_ae:[masked-ae] retrain epoch 8/10 time=1.20s device=cuda
INFO:src.estimators.masked_ae:[masked-ae] retrain epoch 9/10 time=1.19s device=cuda
INFO:src.estimators.masked_ae:[masked-ae] retrain epoch 10/10 time=1.10s device=cuda
INFO:repair_masked_ae:Group ('mnist', 9, 0.25, 0) repaired: estimate=7.0 elapsed_s=367.52 device=cuda samples=60000 rows=5
INFO:repair_masked_ae:Processing group key=('mnist', 9, 0.5, 0) with 5 rows; example row 450
INFO:src.estimators.masked_ae:[masked-ae] pretrain epoch 1/10 time=1.25s device=cuda
INFO:src.estimators.masked_ae:[masked-ae] pretrain epoch 2/10 time=1.27s device=cuda
INFO:src.estimators.masked_ae:[masked-ae] pretrain epoch 3/10 time=1.05s device=cuda
INFO:src.estimators.masked_ae:[masked-ae] pretrain epoch 4/10 time=1.14s device=cuda
INFO:src.estimators.masked_ae:[masked-ae] pretrain epoch 5/10 time=1.11s device=cuda
INFO:src.estimators.masked_ae:[masked-ae] pretrain epoch 6/10 time=1.26s device=cuda
INFO:src.estimators.masked_ae:[masked-ae] pretrain epoch 7/10 time=1.05s device=cuda
INFO:src.estimators.masked_ae:[masked-ae] pretrain epoch 8/10 time=1.17s device=cuda
INFO:src.estimators.masked_ae:[masked-ae] pretrain epoch 9/10 time=1.12s device=cuda
INFO:src.estimators.masked_ae:[masked-ae] pretrain epoch 10/10 time=1.32s device=cuda
INFO:src.estimators.masked_ae:[masked-ae] sweep lam=0.1 epoch 1/25 time=1.19s device=cuda
INFO:src.estimators.masked_ae:[masked-ae] sweep lam=0.1 epoch 2/25 time=1.40s device=cuda
INFO:src.estimators.masked_ae:[masked-ae] sweep lam=0.1 epoch 3/25 time=1.41s device=cuda
INFO:src.estimators.masked_ae:[masked-ae] sweep lam=0.1 epoch 4/25 time=1.42s device=cuda
INFO:src.estimators.masked_ae:[masked-ae] sweep lam=0.1 epoch 5/25 time=1.47s device=cuda
INFO:src.estimators.masked_ae:[masked-ae] sweep lam=0.1 epoch 6/25 time=1.24s device=cuda
INFO:src.estimators.masked_ae:[masked-ae] sweep lam=0.1 epoch 7/25 time=1.31s device=cuda
INFO:src.estimators.masked_ae:[masked-ae] sweep lam=0.1 epoch 8/25 time=1.29s device=cuda
INFO:src.estimators.masked_ae:[masked-ae] sweep lam=0.1 epoch 9/25 time=1.34s device=cuda
INFO:src.estimators.masked_ae:[masked-ae] sweep lam=0.1 epoch 10/25 time=1.28s device=cuda
INFO:src.estimators.masked_ae:[masked-ae] sweep lam=0.1 epoch 11/25 time=1.38s device=cuda
INFO:src.estimators.masked_ae:[masked-ae] sweep lam=0.1 epoch 12/25 time=1.41s device=cuda
INFO:src.estimators.masked_ae:[masked-ae] sweep lam=0.1 epoch 13/25 time=1.27s device=cuda
INFO:src.estimators.masked_ae:[masked-ae] sweep lam=0.1 epoch 14/25 time=1.26s device=cuda
INFO:src.estimators.masked_ae:[masked-ae] sweep lam=0.1 epoch 15/25 time=1.41s device=cuda
INFO:src.estimators.masked_ae:[masked-ae] sweep lam=0.1 epoch 16/25 time=1.22s device=cuda
INFO:src.estimators.masked_ae:[masked-ae] sweep lam=0.1 epoch 17/25 time=1.30s device=cuda
INFO:src.estimators.masked_ae:[masked-ae] sweep lam=0.1 epoch 18/25 time=1.44s device=cuda
INFO:src.estimators.masked_ae:[masked-ae] sweep lam=0.1 epoch 19/25 time=1.47s device=cuda
INFO:src.estimators.masked_ae:[masked-ae] sweep lam=0.1 epoch 20/25 time=1.41s device=cuda
INFO:src.estimators.masked_ae:[masked-ae] sweep lam=0.1 epoch 21/25 time=1.27s device=cuda
INFO:src.estimators.masked_ae:[masked-ae] sweep lam=0.1 epoch 22/25 time=1.45s device=cuda
INFO:src.estimators.masked_ae:[masked-ae] sweep lam=0.1 epoch 23/25 time=1.38s device=cuda
INFO:src.estimators.masked_ae:[masked-ae] sweep lam=0.1 epoch 24/25 time=1.38s device=cuda
INFO:src.estimators.masked_ae:[masked-ae] sweep lam=0.1 epoch 25/25 time=1.16s device=cuda
INFO:src.estimators.masked_ae:[masked-ae] sweep lam=0.16681005372000587 epoch 1/25 time=1.59s device=cuda
INFO:src.estimators.masked_ae:[masked-ae] sweep lam=0.16681005372000587 epoch 2/25 time=1.28s device=cuda
INFO:src.estimators.masked_ae:[masked-ae] sweep lam=0.16681005372000587 epoch 3/25 time=1.31s device=cuda
INFO:src.estimators.masked_ae:[masked-ae] sweep lam=0.16681005372000587 epoch 4/25 time=1.46s device=cuda
INFO:src.estimators.masked_ae:[masked-ae] sweep lam=0.16681005372000587 epoch 5/25 time=1.29s device=cuda
INFO:src.estimators.masked_ae:[masked-ae] sweep lam=0.16681005372000587 epoch 6/25 time=1.38s device=cuda
INFO:src.estimators.masked_ae:[masked-ae] sweep lam=0.16681005372000587 epoch 7/25 time=1.25s device=cuda
INFO:src.estimators.masked_ae:[masked-ae] sweep lam=0.16681005372000587 epoch 8/25 time=1.38s device=cuda
INFO:src.estimators.masked_ae:[masked-ae] sweep lam=0.16681005372000587 epoch 9/25 time=1.26s device=cuda
INFO:src.estimators.masked_ae:[masked-ae] sweep lam=0.16681005372000587 epoch 10/25 time=1.42s device=cuda
INFO:src.estimators.masked_ae:[masked-ae] sweep lam=0.16681005372000587 epoch 11/25 time=1.16s device=cuda
INFO:src.estimators.masked_ae:[masked-ae] sweep lam=0.16681005372000587 epoch 12/25 time=1.48s device=cuda
INFO:src.estimators.masked_ae:[masked-ae] sweep lam=0.16681005372000587 epoch 13/25 time=1.30s device=cuda
INFO:src.estimators.masked_ae:[masked-ae] sweep lam=0.16681005372000587 epoch 14/25 time=1.28s device=cuda
INFO:src.estimators.masked_ae:[masked-ae] sweep lam=0.16681005372000587 epoch 15/25 time=1.48s device=cuda
INFO:src.estimators.masked_ae:[masked-ae] sweep lam=0.16681005372000587 epoch 16/25 time=1.30s device=cuda
INFO:src.estimators.masked_ae:[masked-ae] sweep lam=0.16681005372000587 epoch 17/25 time=1.29s device=cuda
INFO:src.estimators.masked_ae:[masked-ae] sweep lam=0.16681005372000587 epoch 18/25 time=1.28s device=cuda
INFO:src.estimators.masked_ae:[masked-ae] sweep lam=0.16681005372000587 epoch 19/25 time=1.32s device=cuda
INFO:src.estimators.masked_ae:[masked-ae] sweep lam=0.16681005372000587 epoch 20/25 time=1.41s device=cuda
INFO:src.estimators.masked_ae:[masked-ae] sweep lam=0.16681005372000587 epoch 21/25 time=1.46s device=cuda
INFO:src.estimators.masked_ae:[masked-ae] sweep lam=0.16681005372000587 epoch 22/25 time=1.44s device=cuda
INFO:src.estimators.masked_ae:[masked-ae] sweep lam=0.16681005372000587 epoch 23/25 time=1.45s device=cuda
INFO:src.estimators.masked_ae:[masked-ae] sweep lam=0.16681005372000587 epoch 24/25 time=1.27s device=cuda
INFO:src.estimators.masked_ae:[masked-ae] sweep lam=0.16681005372000587 epoch 25/25 time=1.35s device=cuda
INFO:src.estimators.masked_ae:[masked-ae] sweep lam=0.2782559402207124 epoch 1/25 time=1.34s device=cuda
INFO:src.estimators.masked_ae:[masked-ae] sweep lam=0.2782559402207124 epoch 2/25 time=1.34s device=cuda
INFO:src.estimators.masked_ae:[masked-ae] sweep lam=0.2782559402207124 epoch 3/25 time=1.16s device=cuda
INFO:src.estimators.masked_ae:[masked-ae] sweep lam=0.2782559402207124 epoch 4/25 time=1.23s device=cuda
INFO:src.estimators.masked_ae:[masked-ae] sweep lam=0.2782559402207124 epoch 5/25 time=1.45s device=cuda
INFO:src.estimators.masked_ae:[masked-ae] sweep lam=0.2782559402207124 epoch 6/25 time=1.32s device=cuda
INFO:src.estimators.masked_ae:[masked-ae] sweep lam=0.2782559402207124 epoch 7/25 time=1.40s device=cuda
INFO:src.estimators.masked_ae:[masked-ae] sweep lam=0.2782559402207124 epoch 8/25 time=1.19s device=cuda
INFO:src.estimators.masked_ae:[masked-ae] sweep lam=0.2782559402207124 epoch 9/25 time=1.28s device=cuda
INFO:src.estimators.masked_ae:[masked-ae] sweep lam=0.2782559402207124 epoch 10/25 time=1.25s device=cuda
INFO:src.estimators.masked_ae:[masked-ae] sweep lam=0.2782559402207124 epoch 11/25 time=1.39s device=cuda
INFO:src.estimators.masked_ae:[masked-ae] sweep lam=0.2782559402207124 epoch 12/25 time=1.08s device=cuda
INFO:src.estimators.masked_ae:[masked-ae] sweep lam=0.2782559402207124 epoch 13/25 time=1.38s device=cuda
INFO:src.estimators.masked_ae:[masked-ae] sweep lam=0.2782559402207124 epoch 14/25 time=1.32s device=cuda
INFO:src.estimators.masked_ae:[masked-ae] sweep lam=0.2782559402207124 epoch 15/25 time=1.41s device=cuda
INFO:src.estimators.masked_ae:[masked-ae] sweep lam=0.2782559402207124 epoch 16/25 time=1.48s device=cuda
INFO:src.estimators.masked_ae:[masked-ae] sweep lam=0.2782559402207124 epoch 17/25 time=1.22s device=cuda
INFO:src.estimators.masked_ae:[masked-ae] sweep lam=0.2782559402207124 epoch 18/25 time=1.23s device=cuda
INFO:src.estimators.masked_ae:[masked-ae] sweep lam=0.2782559402207124 epoch 19/25 time=1.43s device=cuda
INFO:src.estimators.masked_ae:[masked-ae] sweep lam=0.2782559402207124 epoch 20/25 time=1.62s device=cuda
INFO:src.estimators.masked_ae:[masked-ae] sweep lam=0.2782559402207124 epoch 21/25 time=1.38s device=cuda
INFO:src.estimators.masked_ae:[masked-ae] sweep lam=0.2782559402207124 epoch 22/25 time=1.21s device=cuda
INFO:src.estimators.masked_ae:[masked-ae] sweep lam=0.2782559402207124 epoch 23/25 time=1.46s device=cuda
INFO:src.estimators.masked_ae:[masked-ae] sweep lam=0.2782559402207124 epoch 24/25 time=1.37s device=cuda
INFO:src.estimators.masked_ae:[masked-ae] sweep lam=0.2782559402207124 epoch 25/25 time=1.48s device=cuda
INFO:src.estimators.masked_ae:[masked-ae] sweep lam=0.46415888336127786 epoch 1/25 time=1.28s device=cuda
INFO:src.estimators.masked_ae:[masked-ae] sweep lam=0.46415888336127786 epoch 2/25 time=1.46s device=cuda
INFO:src.estimators.masked_ae:[masked-ae] sweep lam=0.46415888336127786 epoch 3/25 time=1.32s device=cuda
INFO:src.estimators.masked_ae:[masked-ae] sweep lam=0.46415888336127786 epoch 4/25 time=1.35s device=cuda
INFO:src.estimators.masked_ae:[masked-ae] sweep lam=0.46415888336127786 epoch 5/25 time=1.55s device=cuda
INFO:src.estimators.masked_ae:[masked-ae] sweep lam=0.46415888336127786 epoch 6/25 time=1.36s device=cuda
INFO:src.estimators.masked_ae:[masked-ae] sweep lam=0.46415888336127786 epoch 7/25 time=1.33s device=cuda
INFO:src.estimators.masked_ae:[masked-ae] sweep lam=0.46415888336127786 epoch 8/25 time=1.36s device=cuda
INFO:src.estimators.masked_ae:[masked-ae] sweep lam=0.46415888336127786 epoch 9/25 time=1.21s device=cuda
INFO:src.estimators.masked_ae:[masked-ae] sweep lam=0.46415888336127786 epoch 10/25 time=1.39s device=cuda
INFO:src.estimators.masked_ae:[masked-ae] sweep lam=0.46415888336127786 epoch 11/25 time=1.31s device=cuda
INFO:src.estimators.masked_ae:[masked-ae] sweep lam=0.46415888336127786 epoch 12/25 time=1.52s device=cuda
INFO:src.estimators.masked_ae:[masked-ae] sweep lam=0.46415888336127786 epoch 13/25 time=1.35s device=cuda
INFO:src.estimators.masked_ae:[masked-ae] sweep lam=0.46415888336127786 epoch 14/25 time=1.42s device=cuda
INFO:src.estimators.masked_ae:[masked-ae] sweep lam=0.46415888336127786 epoch 15/25 time=1.38s device=cuda
INFO:src.estimators.masked_ae:[masked-ae] sweep lam=0.46415888336127786 epoch 16/25 time=1.63s device=cuda
INFO:src.estimators.masked_ae:[masked-ae] sweep lam=0.46415888336127786 epoch 17/25 time=1.30s device=cuda
INFO:src.estimators.masked_ae:[masked-ae] sweep lam=0.46415888336127786 epoch 18/25 time=1.29s device=cuda
INFO:src.estimators.masked_ae:[masked-ae] sweep lam=0.46415888336127786 epoch 19/25 time=1.50s device=cuda
INFO:src.estimators.masked_ae:[masked-ae] sweep lam=0.46415888336127786 epoch 20/25 time=1.58s device=cuda
INFO:src.estimators.masked_ae:[masked-ae] sweep lam=0.46415888336127786 epoch 21/25 time=1.39s device=cuda
INFO:src.estimators.masked_ae:[masked-ae] sweep lam=0.46415888336127786 epoch 22/25 time=1.46s device=cuda
INFO:src.estimators.masked_ae:[masked-ae] sweep lam=0.46415888336127786 epoch 23/25 time=1.39s device=cuda
INFO:src.estimators.masked_ae:[masked-ae] sweep lam=0.46415888336127786 epoch 24/25 time=1.52s device=cuda
INFO:src.estimators.masked_ae:[masked-ae] sweep lam=0.46415888336127786 epoch 25/25 time=1.25s device=cuda
INFO:src.estimators.masked_ae:[masked-ae] sweep lam=0.774263682681127 epoch 1/25 time=1.16s device=cuda
INFO:src.estimators.masked_ae:[masked-ae] sweep lam=0.774263682681127 epoch 2/25 time=1.26s device=cuda
INFO:src.estimators.masked_ae:[masked-ae] sweep lam=0.774263682681127 epoch 3/25 time=1.37s device=cuda
INFO:src.estimators.masked_ae:[masked-ae] sweep lam=0.774263682681127 epoch 4/25 time=1.31s device=cuda
INFO:src.estimators.masked_ae:[masked-ae] sweep lam=0.774263682681127 epoch 5/25 time=1.39s device=cuda
INFO:src.estimators.masked_ae:[masked-ae] sweep lam=0.774263682681127 epoch 6/25 time=1.32s device=cuda
INFO:src.estimators.masked_ae:[masked-ae] sweep lam=0.774263682681127 epoch 7/25 time=1.46s device=cuda
INFO:src.estimators.masked_ae:[masked-ae] sweep lam=0.774263682681127 epoch 8/25 time=1.24s device=cuda
INFO:src.estimators.masked_ae:[masked-ae] sweep lam=0.774263682681127 epoch 9/25 time=1.10s device=cuda
INFO:src.estimators.masked_ae:[masked-ae] sweep lam=0.774263682681127 epoch 10/25 time=1.18s device=cuda
INFO:src.estimators.masked_ae:[masked-ae] sweep lam=0.774263682681127 epoch 11/25 time=1.29s device=cuda
INFO:src.estimators.masked_ae:[masked-ae] sweep lam=0.774263682681127 epoch 12/25 time=1.44s device=cuda
INFO:src.estimators.masked_ae:[masked-ae] sweep lam=0.774263682681127 epoch 13/25 time=1.14s device=cuda
INFO:src.estimators.masked_ae:[masked-ae] sweep lam=0.774263682681127 epoch 14/25 time=1.25s device=cuda
INFO:src.estimators.masked_ae:[masked-ae] sweep lam=0.774263682681127 epoch 15/25 time=1.40s device=cuda
INFO:src.estimators.masked_ae:[masked-ae] sweep lam=0.774263682681127 epoch 16/25 time=1.40s device=cuda
INFO:src.estimators.masked_ae:[masked-ae] sweep lam=0.774263682681127 epoch 17/25 time=1.26s device=cuda
INFO:src.estimators.masked_ae:[masked-ae] sweep lam=0.774263682681127 epoch 18/25 time=1.23s device=cuda
INFO:src.estimators.masked_ae:[masked-ae] sweep lam=0.774263682681127 epoch 19/25 time=1.33s device=cuda
INFO:src.estimators.masked_ae:[masked-ae] sweep lam=0.774263682681127 epoch 20/25 time=1.45s device=cuda
INFO:src.estimators.masked_ae:[masked-ae] sweep lam=0.774263682681127 epoch 21/25 time=1.16s device=cuda
INFO:src.estimators.masked_ae:[masked-ae] sweep lam=0.774263682681127 epoch 22/25 time=1.09s device=cuda
INFO:src.estimators.masked_ae:[masked-ae] sweep lam=0.774263682681127 epoch 23/25 time=1.25s device=cuda
INFO:src.estimators.masked_ae:[masked-ae] sweep lam=0.774263682681127 epoch 24/25 time=1.47s device=cuda
INFO:src.estimators.masked_ae:[masked-ae] sweep lam=0.774263682681127 epoch 25/25 time=1.43s device=cuda
INFO:src.estimators.masked_ae:[masked-ae] sweep lam=1.291549665014884 epoch 1/25 time=1.37s device=cuda
INFO:src.estimators.masked_ae:[masked-ae] sweep lam=1.291549665014884 epoch 2/25 time=1.32s device=cuda
INFO:src.estimators.masked_ae:[masked-ae] sweep lam=1.291549665014884 epoch 3/25 time=1.29s device=cuda
INFO:src.estimators.masked_ae:[masked-ae] sweep lam=1.291549665014884 epoch 4/25 time=1.39s device=cuda
INFO:src.estimators.masked_ae:[masked-ae] sweep lam=1.291549665014884 epoch 5/25 time=1.30s device=cuda
INFO:src.estimators.masked_ae:[masked-ae] sweep lam=1.291549665014884 epoch 6/25 time=1.52s device=cuda
INFO:src.estimators.masked_ae:[masked-ae] sweep lam=1.291549665014884 epoch 7/25 time=1.36s device=cuda
INFO:src.estimators.masked_ae:[masked-ae] sweep lam=1.291549665014884 epoch 8/25 time=1.09s device=cuda
INFO:src.estimators.masked_ae:[masked-ae] sweep lam=1.291549665014884 epoch 9/25 time=1.26s device=cuda
INFO:src.estimators.masked_ae:[masked-ae] sweep lam=1.291549665014884 epoch 10/25 time=1.27s device=cuda
INFO:src.estimators.masked_ae:[masked-ae] sweep lam=1.291549665014884 epoch 11/25 time=1.28s device=cuda
INFO:src.estimators.masked_ae:[masked-ae] sweep lam=1.291549665014884 epoch 12/25 time=1.37s device=cuda
INFO:src.estimators.masked_ae:[masked-ae] sweep lam=1.291549665014884 epoch 13/25 time=1.47s device=cuda
INFO:src.estimators.masked_ae:[masked-ae] sweep lam=1.291549665014884 epoch 14/25 time=1.13s device=cuda
INFO:src.estimators.masked_ae:[masked-ae] sweep lam=1.291549665014884 epoch 15/25 time=1.20s device=cuda
INFO:src.estimators.masked_ae:[masked-ae] sweep lam=1.291549665014884 epoch 16/25 time=1.44s device=cuda
INFO:src.estimators.masked_ae:[masked-ae] sweep lam=1.291549665014884 epoch 17/25 time=1.23s device=cuda
INFO:src.estimators.masked_ae:[masked-ae] sweep lam=1.291549665014884 epoch 18/25 time=1.35s device=cuda
INFO:src.estimators.masked_ae:[masked-ae] sweep lam=1.291549665014884 epoch 19/25 time=1.43s device=cuda
INFO:src.estimators.masked_ae:[masked-ae] sweep lam=1.291549665014884 epoch 20/25 time=1.29s device=cuda
INFO:src.estimators.masked_ae:[masked-ae] sweep lam=1.291549665014884 epoch 21/25 time=1.33s device=cuda
INFO:src.estimators.masked_ae:[masked-ae] sweep lam=1.291549665014884 epoch 22/25 time=1.50s device=cuda
INFO:src.estimators.masked_ae:[masked-ae] sweep lam=1.291549665014884 epoch 23/25 time=1.09s device=cuda
INFO:src.estimators.masked_ae:[masked-ae] sweep lam=1.291549665014884 epoch 24/25 time=1.26s device=cuda
INFO:src.estimators.masked_ae:[masked-ae] sweep lam=1.291549665014884 epoch 25/25 time=1.10s device=cuda
INFO:src.estimators.masked_ae:[masked-ae] sweep lam=2.1544346900318834 epoch 1/25 time=1.46s device=cuda
INFO:src.estimators.masked_ae:[masked-ae] sweep lam=2.1544346900318834 epoch 2/25 time=1.44s device=cuda
INFO:src.estimators.masked_ae:[masked-ae] sweep lam=2.1544346900318834 epoch 3/25 time=1.27s device=cuda
INFO:src.estimators.masked_ae:[masked-ae] sweep lam=2.1544346900318834 epoch 4/25 time=1.41s device=cuda
INFO:src.estimators.masked_ae:[masked-ae] sweep lam=2.1544346900318834 epoch 5/25 time=1.44s device=cuda
INFO:src.estimators.masked_ae:[masked-ae] sweep lam=2.1544346900318834 epoch 6/25 time=1.42s device=cuda
INFO:src.estimators.masked_ae:[masked-ae] sweep lam=2.1544346900318834 epoch 7/25 time=1.27s device=cuda
INFO:src.estimators.masked_ae:[masked-ae] sweep lam=2.1544346900318834 epoch 8/25 time=1.32s device=cuda
INFO:src.estimators.masked_ae:[masked-ae] sweep lam=2.1544346900318834 epoch 9/25 time=1.12s device=cuda
INFO:src.estimators.masked_ae:[masked-ae] sweep lam=2.1544346900318834 epoch 10/25 time=1.15s device=cuda
INFO:src.estimators.masked_ae:[masked-ae] sweep lam=2.1544346900318834 epoch 11/25 time=1.19s device=cuda
INFO:src.estimators.masked_ae:[masked-ae] sweep lam=2.1544346900318834 epoch 12/25 time=1.40s device=cuda
INFO:src.estimators.masked_ae:[masked-ae] sweep lam=2.1544346900318834 epoch 13/25 time=1.55s device=cuda
INFO:src.estimators.masked_ae:[masked-ae] sweep lam=2.1544346900318834 epoch 14/25 time=1.47s device=cuda
INFO:src.estimators.masked_ae:[masked-ae] sweep lam=2.1544346900318834 epoch 15/25 time=1.43s device=cuda
INFO:src.estimators.masked_ae:[masked-ae] sweep lam=2.1544346900318834 epoch 16/25 time=1.41s device=cuda
INFO:src.estimators.masked_ae:[masked-ae] sweep lam=2.1544346900318834 epoch 17/25 time=1.32s device=cuda
INFO:src.estimators.masked_ae:[masked-ae] sweep lam=2.1544346900318834 epoch 18/25 time=1.16s device=cuda
INFO:src.estimators.masked_ae:[masked-ae] sweep lam=2.1544346900318834 epoch 19/25 time=1.28s device=cuda
INFO:src.estimators.masked_ae:[masked-ae] sweep lam=2.1544346900318834 epoch 20/25 time=1.31s device=cuda
INFO:src.estimators.masked_ae:[masked-ae] sweep lam=2.1544346900318834 epoch 21/25 time=1.44s device=cuda
INFO:src.estimators.masked_ae:[masked-ae] sweep lam=2.1544346900318834 epoch 22/25 time=1.12s device=cuda
INFO:src.estimators.masked_ae:[masked-ae] sweep lam=2.1544346900318834 epoch 23/25 time=1.24s device=cuda
INFO:src.estimators.masked_ae:[masked-ae] sweep lam=2.1544346900318834 epoch 24/25 time=1.34s device=cuda
INFO:src.estimators.masked_ae:[masked-ae] sweep lam=2.1544346900318834 epoch 25/25 time=1.25s device=cuda
INFO:src.estimators.masked_ae:[masked-ae] sweep lam=3.593813663804626 epoch 1/25 time=1.43s device=cuda
INFO:src.estimators.masked_ae:[masked-ae] sweep lam=3.593813663804626 epoch 2/25 time=1.45s device=cuda
INFO:src.estimators.masked_ae:[masked-ae] sweep lam=3.593813663804626 epoch 3/25 time=1.41s device=cuda
INFO:src.estimators.masked_ae:[masked-ae] sweep lam=3.593813663804626 epoch 4/25 time=1.14s device=cuda
INFO:src.estimators.masked_ae:[masked-ae] sweep lam=3.593813663804626 epoch 5/25 time=1.40s device=cuda
INFO:src.estimators.masked_ae:[masked-ae] sweep lam=3.593813663804626 epoch 6/25 time=1.14s device=cuda
INFO:src.estimators.masked_ae:[masked-ae] sweep lam=3.593813663804626 epoch 7/25 time=1.46s device=cuda
INFO:src.estimators.masked_ae:[masked-ae] sweep lam=3.593813663804626 epoch 8/25 time=1.35s device=cuda
INFO:src.estimators.masked_ae:[masked-ae] sweep lam=3.593813663804626 epoch 9/25 time=1.43s device=cuda
INFO:src.estimators.masked_ae:[masked-ae] sweep lam=3.593813663804626 epoch 10/25 time=1.33s device=cuda
INFO:src.estimators.masked_ae:[masked-ae] sweep lam=3.593813663804626 epoch 11/25 time=1.35s device=cuda
INFO:src.estimators.masked_ae:[masked-ae] sweep lam=3.593813663804626 epoch 12/25 time=1.06s device=cuda
INFO:src.estimators.masked_ae:[masked-ae] sweep lam=3.593813663804626 epoch 13/25 time=1.34s device=cuda
INFO:src.estimators.masked_ae:[masked-ae] sweep lam=3.593813663804626 epoch 14/25 time=1.60s device=cuda
INFO:src.estimators.masked_ae:[masked-ae] sweep lam=3.593813663804626 epoch 15/25 time=1.40s device=cuda
INFO:src.estimators.masked_ae:[masked-ae] sweep lam=3.593813663804626 epoch 16/25 time=1.12s device=cuda
INFO:src.estimators.masked_ae:[masked-ae] sweep lam=3.593813663804626 epoch 17/25 time=1.53s device=cuda
INFO:src.estimators.masked_ae:[masked-ae] sweep lam=3.593813663804626 epoch 18/25 time=1.35s device=cuda
INFO:src.estimators.masked_ae:[masked-ae] sweep lam=3.593813663804626 epoch 19/25 time=1.36s device=cuda
INFO:src.estimators.masked_ae:[masked-ae] sweep lam=3.593813663804626 epoch 20/25 time=1.30s device=cuda
INFO:src.estimators.masked_ae:[masked-ae] sweep lam=3.593813663804626 epoch 21/25 time=1.19s device=cuda
INFO:src.estimators.masked_ae:[masked-ae] sweep lam=3.593813663804626 epoch 22/25 time=1.29s device=cuda
INFO:src.estimators.masked_ae:[masked-ae] sweep lam=3.593813663804626 epoch 23/25 time=1.22s device=cuda
INFO:src.estimators.masked_ae:[masked-ae] sweep lam=3.593813663804626 epoch 24/25 time=1.31s device=cuda
INFO:src.estimators.masked_ae:[masked-ae] sweep lam=3.593813663804626 epoch 25/25 time=1.27s device=cuda
INFO:src.estimators.masked_ae:[masked-ae] sweep lam=5.994842503189409 epoch 1/25 time=1.25s device=cuda
INFO:src.estimators.masked_ae:[masked-ae] sweep lam=5.994842503189409 epoch 2/25 time=1.27s device=cuda
INFO:src.estimators.masked_ae:[masked-ae] sweep lam=5.994842503189409 epoch 3/25 time=1.53s device=cuda
INFO:src.estimators.masked_ae:[masked-ae] sweep lam=5.994842503189409 epoch 4/25 time=1.39s device=cuda
INFO:src.estimators.masked_ae:[masked-ae] sweep lam=5.994842503189409 epoch 5/25 time=1.29s device=cuda
INFO:src.estimators.masked_ae:[masked-ae] sweep lam=5.994842503189409 epoch 6/25 time=1.66s device=cuda
INFO:src.estimators.masked_ae:[masked-ae] sweep lam=5.994842503189409 epoch 7/25 time=1.17s device=cuda
INFO:src.estimators.masked_ae:[masked-ae] sweep lam=5.994842503189409 epoch 8/25 time=1.32s device=cuda
INFO:src.estimators.masked_ae:[masked-ae] sweep lam=5.994842503189409 epoch 9/25 time=1.48s device=cuda
INFO:src.estimators.masked_ae:[masked-ae] sweep lam=5.994842503189409 epoch 10/25 time=1.35s device=cuda
INFO:src.estimators.masked_ae:[masked-ae] sweep lam=5.994842503189409 epoch 11/25 time=1.13s device=cuda
INFO:src.estimators.masked_ae:[masked-ae] sweep lam=5.994842503189409 epoch 12/25 time=1.31s device=cuda
INFO:src.estimators.masked_ae:[masked-ae] sweep lam=5.994842503189409 epoch 13/25 time=1.51s device=cuda
INFO:src.estimators.masked_ae:[masked-ae] sweep lam=5.994842503189409 epoch 14/25 time=1.07s device=cuda
INFO:src.estimators.masked_ae:[masked-ae] sweep lam=5.994842503189409 epoch 15/25 time=1.38s device=cuda
INFO:src.estimators.masked_ae:[masked-ae] sweep lam=5.994842503189409 epoch 16/25 time=1.20s device=cuda
INFO:src.estimators.masked_ae:[masked-ae] sweep lam=5.994842503189409 epoch 17/25 time=1.45s device=cuda
INFO:src.estimators.masked_ae:[masked-ae] sweep lam=5.994842503189409 epoch 18/25 time=1.04s device=cuda
INFO:src.estimators.masked_ae:[masked-ae] sweep lam=5.994842503189409 epoch 19/25 time=1.36s device=cuda
INFO:src.estimators.masked_ae:[masked-ae] sweep lam=5.994842503189409 epoch 20/25 time=1.44s device=cuda
INFO:src.estimators.masked_ae:[masked-ae] sweep lam=5.994842503189409 epoch 21/25 time=1.26s device=cuda
INFO:src.estimators.masked_ae:[masked-ae] sweep lam=5.994842503189409 epoch 22/25 time=1.22s device=cuda
INFO:src.estimators.masked_ae:[masked-ae] sweep lam=5.994842503189409 epoch 23/25 time=1.15s device=cuda
INFO:src.estimators.masked_ae:[masked-ae] sweep lam=5.994842503189409 epoch 24/25 time=1.41s device=cuda
INFO:src.estimators.masked_ae:[masked-ae] sweep lam=5.994842503189409 epoch 25/25 time=1.35s device=cuda
INFO:src.estimators.masked_ae:[masked-ae] sweep lam=10.0 epoch 1/25 time=1.33s device=cuda
INFO:src.estimators.masked_ae:[masked-ae] sweep lam=10.0 epoch 2/25 time=1.36s device=cuda
INFO:src.estimators.masked_ae:[masked-ae] sweep lam=10.0 epoch 3/25 time=1.36s device=cuda
INFO:src.estimators.masked_ae:[masked-ae] sweep lam=10.0 epoch 4/25 time=1.37s device=cuda
INFO:src.estimators.masked_ae:[masked-ae] sweep lam=10.0 epoch 5/25 time=1.02s device=cuda
INFO:src.estimators.masked_ae:[masked-ae] sweep lam=10.0 epoch 6/25 time=1.34s device=cuda
INFO:src.estimators.masked_ae:[masked-ae] sweep lam=10.0 epoch 7/25 time=1.43s device=cuda
INFO:src.estimators.masked_ae:[masked-ae] sweep lam=10.0 epoch 8/25 time=1.39s device=cuda
INFO:src.estimators.masked_ae:[masked-ae] sweep lam=10.0 epoch 9/25 time=1.12s device=cuda
INFO:src.estimators.masked_ae:[masked-ae] sweep lam=10.0 epoch 10/25 time=1.34s device=cuda
INFO:src.estimators.masked_ae:[masked-ae] sweep lam=10.0 epoch 11/25 time=1.46s device=cuda
INFO:src.estimators.masked_ae:[masked-ae] sweep lam=10.0 epoch 12/25 time=1.34s device=cuda
INFO:src.estimators.masked_ae:[masked-ae] sweep lam=10.0 epoch 13/25 time=1.19s device=cuda
INFO:src.estimators.masked_ae:[masked-ae] sweep lam=10.0 epoch 14/25 time=1.26s device=cuda
INFO:src.estimators.masked_ae:[masked-ae] sweep lam=10.0 epoch 15/25 time=1.27s device=cuda
INFO:src.estimators.masked_ae:[masked-ae] sweep lam=10.0 epoch 16/25 time=1.42s device=cuda
INFO:src.estimators.masked_ae:[masked-ae] sweep lam=10.0 epoch 17/25 time=1.40s device=cuda
INFO:src.estimators.masked_ae:[masked-ae] sweep lam=10.0 epoch 18/25 time=1.35s device=cuda
INFO:src.estimators.masked_ae:[masked-ae] sweep lam=10.0 epoch 19/25 time=1.41s device=cuda
INFO:src.estimators.masked_ae:[masked-ae] sweep lam=10.0 epoch 20/25 time=1.39s device=cuda
INFO:src.estimators.masked_ae:[masked-ae] sweep lam=10.0 epoch 21/25 time=1.50s device=cuda
INFO:src.estimators.masked_ae:[masked-ae] sweep lam=10.0 epoch 22/25 time=1.25s device=cuda
INFO:src.estimators.masked_ae:[masked-ae] sweep lam=10.0 epoch 23/25 time=1.31s device=cuda
INFO:src.estimators.masked_ae:[masked-ae] sweep lam=10.0 epoch 24/25 time=1.26s device=cuda
INFO:src.estimators.masked_ae:[masked-ae] sweep lam=10.0 epoch 25/25 time=1.32s device=cuda
INFO:src.estimators.masked_ae:[masked-ae] retrain epoch 1/10 time=1.35s device=cuda
INFO:src.estimators.masked_ae:[masked-ae] retrain epoch 2/10 time=1.36s device=cuda
INFO:src.estimators.masked_ae:[masked-ae] retrain epoch 3/10 time=1.32s device=cuda
INFO:src.estimators.masked_ae:[masked-ae] retrain epoch 4/10 time=1.37s device=cuda
INFO:src.estimators.masked_ae:[masked-ae] retrain epoch 5/10 time=1.27s device=cuda
INFO:src.estimators.masked_ae:[masked-ae] retrain epoch 6/10 time=1.16s device=cuda
INFO:src.estimators.masked_ae:[masked-ae] retrain epoch 7/10 time=1.32s device=cuda
INFO:src.estimators.masked_ae:[masked-ae] retrain epoch 8/10 time=1.41s device=cuda
INFO:src.estimators.masked_ae:[masked-ae] retrain epoch 9/10 time=1.30s device=cuda
INFO:src.estimators.masked_ae:[masked-ae] retrain epoch 10/10 time=1.55s device=cuda
INFO:repair_masked_ae:Group ('mnist', 9, 0.5, 0) repaired: estimate=19.0 elapsed_s=363.85 device=cuda samples=60000 rows=5
INFO:repair_masked_ae:Processing group key=('mnist', 9, 0.75, 0) with 5 rows; example row 485
INFO:src.estimators.masked_ae:[masked-ae] pretrain epoch 1/10 time=1.17s device=cuda
INFO:src.estimators.masked_ae:[masked-ae] pretrain epoch 2/10 time=1.19s device=cuda
INFO:src.estimators.masked_ae:[masked-ae] pretrain epoch 3/10 time=1.29s device=cuda
INFO:src.estimators.masked_ae:[masked-ae] pretrain epoch 4/10 time=1.18s device=cuda
INFO:src.estimators.masked_ae:[masked-ae] pretrain epoch 5/10 time=1.33s device=cuda
INFO:src.estimators.masked_ae:[masked-ae] pretrain epoch 6/10 time=1.36s device=cuda
INFO:src.estimators.masked_ae:[masked-ae] pretrain epoch 7/10 time=1.34s device=cuda
INFO:src.estimators.masked_ae:[masked-ae] pretrain epoch 8/10 time=1.39s device=cuda
INFO:src.estimators.masked_ae:[masked-ae] pretrain epoch 9/10 time=1.04s device=cuda
INFO:src.estimators.masked_ae:[masked-ae] pretrain epoch 10/10 time=1.14s device=cuda
INFO:src.estimators.masked_ae:[masked-ae] sweep lam=0.1 epoch 1/25 time=1.43s device=cuda
INFO:src.estimators.masked_ae:[masked-ae] sweep lam=0.1 epoch 2/25 time=1.41s device=cuda
INFO:src.estimators.masked_ae:[masked-ae] sweep lam=0.1 epoch 3/25 time=1.34s device=cuda
INFO:src.estimators.masked_ae:[masked-ae] sweep lam=0.1 epoch 4/25 time=1.13s device=cuda
INFO:src.estimators.masked_ae:[masked-ae] sweep lam=0.1 epoch 5/25 time=1.33s device=cuda
INFO:src.estimators.masked_ae:[masked-ae] sweep lam=0.1 epoch 6/25 time=1.55s device=cuda
INFO:src.estimators.masked_ae:[masked-ae] sweep lam=0.1 epoch 7/25 time=1.34s device=cuda
INFO:src.estimators.masked_ae:[masked-ae] sweep lam=0.1 epoch 8/25 time=1.57s device=cuda
INFO:src.estimators.masked_ae:[masked-ae] sweep lam=0.1 epoch 9/25 time=1.23s device=cuda
INFO:src.estimators.masked_ae:[masked-ae] sweep lam=0.1 epoch 10/25 time=1.45s device=cuda
INFO:src.estimators.masked_ae:[masked-ae] sweep lam=0.1 epoch 11/25 time=1.37s device=cuda
INFO:src.estimators.masked_ae:[masked-ae] sweep lam=0.1 epoch 12/25 time=1.27s device=cuda
INFO:src.estimators.masked_ae:[masked-ae] sweep lam=0.1 epoch 13/25 time=1.30s device=cuda
INFO:src.estimators.masked_ae:[masked-ae] sweep lam=0.1 epoch 14/25 time=1.30s device=cuda
INFO:src.estimators.masked_ae:[masked-ae] sweep lam=0.1 epoch 15/25 time=1.32s device=cuda
INFO:src.estimators.masked_ae:[masked-ae] sweep lam=0.1 epoch 16/25 time=1.35s device=cuda
INFO:src.estimators.masked_ae:[masked-ae] sweep lam=0.1 epoch 17/25 time=1.35s device=cuda
INFO:src.estimators.masked_ae:[masked-ae] sweep lam=0.1 epoch 18/25 time=1.45s device=cuda
INFO:src.estimators.masked_ae:[masked-ae] sweep lam=0.1 epoch 19/25 time=1.34s device=cuda
INFO:src.estimators.masked_ae:[masked-ae] sweep lam=0.1 epoch 20/25 time=1.28s device=cuda
INFO:src.estimators.masked_ae:[masked-ae] sweep lam=0.1 epoch 21/25 time=1.19s device=cuda
INFO:src.estimators.masked_ae:[masked-ae] sweep lam=0.1 epoch 22/25 time=1.39s device=cuda
INFO:src.estimators.masked_ae:[masked-ae] sweep lam=0.1 epoch 23/25 time=1.37s device=cuda
INFO:src.estimators.masked_ae:[masked-ae] sweep lam=0.1 epoch 24/25 time=1.35s device=cuda
INFO:src.estimators.masked_ae:[masked-ae] sweep lam=0.1 epoch 25/25 time=1.52s device=cuda
INFO:src.estimators.masked_ae:[masked-ae] sweep lam=0.16681005372000587 epoch 1/25 time=1.46s device=cuda
INFO:src.estimators.masked_ae:[masked-ae] sweep lam=0.16681005372000587 epoch 2/25 time=1.51s device=cuda
INFO:src.estimators.masked_ae:[masked-ae] sweep lam=0.16681005372000587 epoch 3/25 time=1.29s device=cuda
INFO:src.estimators.masked_ae:[masked-ae] sweep lam=0.16681005372000587 epoch 4/25 time=1.58s device=cuda
INFO:src.estimators.masked_ae:[masked-ae] sweep lam=0.16681005372000587 epoch 5/25 time=1.51s device=cuda
INFO:src.estimators.masked_ae:[masked-ae] sweep lam=0.16681005372000587 epoch 6/25 time=1.37s device=cuda
INFO:src.estimators.masked_ae:[masked-ae] sweep lam=0.16681005372000587 epoch 7/25 time=1.47s device=cuda
INFO:src.estimators.masked_ae:[masked-ae] sweep lam=0.16681005372000587 epoch 8/25 time=1.25s device=cuda
INFO:src.estimators.masked_ae:[masked-ae] sweep lam=0.16681005372000587 epoch 9/25 time=1.48s device=cuda
INFO:src.estimators.masked_ae:[masked-ae] sweep lam=0.16681005372000587 epoch 10/25 time=1.24s device=cuda
INFO:src.estimators.masked_ae:[masked-ae] sweep lam=0.16681005372000587 epoch 11/25 time=1.31s device=cuda
INFO:src.estimators.masked_ae:[masked-ae] sweep lam=0.16681005372000587 epoch 12/25 time=1.41s device=cuda
INFO:src.estimators.masked_ae:[masked-ae] sweep lam=0.16681005372000587 epoch 13/25 time=1.44s device=cuda
INFO:src.estimators.masked_ae:[masked-ae] sweep lam=0.16681005372000587 epoch 14/25 time=1.58s device=cuda
INFO:src.estimators.masked_ae:[masked-ae] sweep lam=0.16681005372000587 epoch 15/25 time=1.43s device=cuda
INFO:src.estimators.masked_ae:[masked-ae] sweep lam=0.16681005372000587 epoch 16/25 time=1.33s device=cuda
INFO:src.estimators.masked_ae:[masked-ae] sweep lam=0.16681005372000587 epoch 17/25 time=1.45s device=cuda
INFO:src.estimators.masked_ae:[masked-ae] sweep lam=0.16681005372000587 epoch 18/25 time=1.23s device=cuda
INFO:src.estimators.masked_ae:[masked-ae] sweep lam=0.16681005372000587 epoch 19/25 time=1.34s device=cuda
INFO:src.estimators.masked_ae:[masked-ae] sweep lam=0.16681005372000587 epoch 20/25 time=1.39s device=cuda
INFO:src.estimators.masked_ae:[masked-ae] sweep lam=0.16681005372000587 epoch 21/25 time=1.36s device=cuda
INFO:src.estimators.masked_ae:[masked-ae] sweep lam=0.16681005372000587 epoch 22/25 time=1.32s device=cuda
INFO:src.estimators.masked_ae:[masked-ae] sweep lam=0.16681005372000587 epoch 23/25 time=1.42s device=cuda
INFO:src.estimators.masked_ae:[masked-ae] sweep lam=0.16681005372000587 epoch 24/25 time=1.25s device=cuda
INFO:src.estimators.masked_ae:[masked-ae] sweep lam=0.16681005372000587 epoch 25/25 time=1.25s device=cuda
INFO:src.estimators.masked_ae:[masked-ae] sweep lam=0.2782559402207124 epoch 1/25 time=1.57s device=cuda
INFO:src.estimators.masked_ae:[masked-ae] sweep lam=0.2782559402207124 epoch 2/25 time=1.44s device=cuda
INFO:src.estimators.masked_ae:[masked-ae] sweep lam=0.2782559402207124 epoch 3/25 time=1.63s device=cuda
INFO:src.estimators.masked_ae:[masked-ae] sweep lam=0.2782559402207124 epoch 4/25 time=1.40s device=cuda
INFO:src.estimators.masked_ae:[masked-ae] sweep lam=0.2782559402207124 epoch 5/25 time=1.37s device=cuda
INFO:src.estimators.masked_ae:[masked-ae] sweep lam=0.2782559402207124 epoch 6/25 time=1.29s device=cuda
INFO:src.estimators.masked_ae:[masked-ae] sweep lam=0.2782559402207124 epoch 7/25 time=1.38s device=cuda
INFO:src.estimators.masked_ae:[masked-ae] sweep lam=0.2782559402207124 epoch 8/25 time=1.40s device=cuda
INFO:src.estimators.masked_ae:[masked-ae] sweep lam=0.2782559402207124 epoch 9/25 time=1.36s device=cuda
INFO:src.estimators.masked_ae:[masked-ae] sweep lam=0.2782559402207124 epoch 10/25 time=1.42s device=cuda
INFO:src.estimators.masked_ae:[masked-ae] sweep lam=0.2782559402207124 epoch 11/25 time=1.33s device=cuda
INFO:src.estimators.masked_ae:[masked-ae] sweep lam=0.2782559402207124 epoch 12/25 time=1.38s device=cuda
INFO:src.estimators.masked_ae:[masked-ae] sweep lam=0.2782559402207124 epoch 13/25 time=1.36s device=cuda
INFO:src.estimators.masked_ae:[masked-ae] sweep lam=0.2782559402207124 epoch 14/25 time=1.38s device=cuda
INFO:src.estimators.masked_ae:[masked-ae] sweep lam=0.2782559402207124 epoch 15/25 time=1.19s device=cuda
INFO:src.estimators.masked_ae:[masked-ae] sweep lam=0.2782559402207124 epoch 16/25 time=1.47s device=cuda
INFO:src.estimators.masked_ae:[masked-ae] sweep lam=0.2782559402207124 epoch 17/25 time=1.36s device=cuda
INFO:src.estimators.masked_ae:[masked-ae] sweep lam=0.2782559402207124 epoch 18/25 time=1.39s device=cuda
INFO:src.estimators.masked_ae:[masked-ae] sweep lam=0.2782559402207124 epoch 19/25 time=1.54s device=cuda
INFO:src.estimators.masked_ae:[masked-ae] sweep lam=0.2782559402207124 epoch 20/25 time=1.29s device=cuda
INFO:src.estimators.masked_ae:[masked-ae] sweep lam=0.2782559402207124 epoch 21/25 time=1.30s device=cuda
INFO:src.estimators.masked_ae:[masked-ae] sweep lam=0.2782559402207124 epoch 22/25 time=1.35s device=cuda
INFO:src.estimators.masked_ae:[masked-ae] sweep lam=0.2782559402207124 epoch 23/25 time=1.43s device=cuda
INFO:src.estimators.masked_ae:[masked-ae] sweep lam=0.2782559402207124 epoch 24/25 time=1.32s device=cuda
INFO:src.estimators.masked_ae:[masked-ae] sweep lam=0.2782559402207124 epoch 25/25 time=1.47s device=cuda
INFO:src.estimators.masked_ae:[masked-ae] sweep lam=0.46415888336127786 epoch 1/25 time=1.26s device=cuda
INFO:src.estimators.masked_ae:[masked-ae] sweep lam=0.46415888336127786 epoch 2/25 time=1.26s device=cuda
INFO:src.estimators.masked_ae:[masked-ae] sweep lam=0.46415888336127786 epoch 3/25 time=1.43s device=cuda
INFO:src.estimators.masked_ae:[masked-ae] sweep lam=0.46415888336127786 epoch 4/25 time=1.20s device=cuda
INFO:src.estimators.masked_ae:[masked-ae] sweep lam=0.46415888336127786 epoch 5/25 time=1.52s device=cuda
INFO:src.estimators.masked_ae:[masked-ae] sweep lam=0.46415888336127786 epoch 6/25 time=1.52s device=cuda
INFO:src.estimators.masked_ae:[masked-ae] sweep lam=0.46415888336127786 epoch 7/25 time=1.57s device=cuda
INFO:src.estimators.masked_ae:[masked-ae] sweep lam=0.46415888336127786 epoch 8/25 time=1.47s device=cuda
INFO:src.estimators.masked_ae:[masked-ae] sweep lam=0.46415888336127786 epoch 9/25 time=1.33s device=cuda
INFO:src.estimators.masked_ae:[masked-ae] sweep lam=0.46415888336127786 epoch 10/25 time=1.31s device=cuda
INFO:src.estimators.masked_ae:[masked-ae] sweep lam=0.46415888336127786 epoch 11/25 time=1.23s device=cuda
INFO:src.estimators.masked_ae:[masked-ae] sweep lam=0.46415888336127786 epoch 12/25 time=1.27s device=cuda
INFO:src.estimators.masked_ae:[masked-ae] sweep lam=0.46415888336127786 epoch 13/25 time=1.53s device=cuda
INFO:src.estimators.masked_ae:[masked-ae] sweep lam=0.46415888336127786 epoch 14/25 time=1.41s device=cuda
INFO:src.estimators.masked_ae:[masked-ae] sweep lam=0.46415888336127786 epoch 15/25 time=1.41s device=cuda
INFO:src.estimators.masked_ae:[masked-ae] sweep lam=0.46415888336127786 epoch 16/25 time=1.28s device=cuda
INFO:src.estimators.masked_ae:[masked-ae] sweep lam=0.46415888336127786 epoch 17/25 time=1.46s device=cuda
INFO:src.estimators.masked_ae:[masked-ae] sweep lam=0.46415888336127786 epoch 18/25 time=1.32s device=cuda
INFO:src.estimators.masked_ae:[masked-ae] sweep lam=0.46415888336127786 epoch 19/25 time=1.14s device=cuda
INFO:src.estimators.masked_ae:[masked-ae] sweep lam=0.46415888336127786 epoch 20/25 time=1.25s device=cuda
INFO:src.estimators.masked_ae:[masked-ae] sweep lam=0.46415888336127786 epoch 21/25 time=1.57s device=cuda
INFO:src.estimators.masked_ae:[masked-ae] sweep lam=0.46415888336127786 epoch 22/25 time=1.22s device=cuda
INFO:src.estimators.masked_ae:[masked-ae] sweep lam=0.46415888336127786 epoch 23/25 time=1.44s device=cuda
INFO:src.estimators.masked_ae:[masked-ae] sweep lam=0.46415888336127786 epoch 24/25 time=1.30s device=cuda
INFO:src.estimators.masked_ae:[masked-ae] sweep lam=0.46415888336127786 epoch 25/25 time=1.31s device=cuda
INFO:src.estimators.masked_ae:[masked-ae] sweep lam=0.774263682681127 epoch 1/25 time=1.48s device=cuda
INFO:src.estimators.masked_ae:[masked-ae] sweep lam=0.774263682681127 epoch 2/25 time=1.09s device=cuda
INFO:src.estimators.masked_ae:[masked-ae] sweep lam=0.774263682681127 epoch 3/25 time=1.65s device=cuda
INFO:src.estimators.masked_ae:[masked-ae] sweep lam=0.774263682681127 epoch 4/25 time=1.21s device=cuda
INFO:src.estimators.masked_ae:[masked-ae] sweep lam=0.774263682681127 epoch 5/25 time=1.21s device=cuda
INFO:src.estimators.masked_ae:[masked-ae] sweep lam=0.774263682681127 epoch 6/25 time=1.27s device=cuda
INFO:src.estimators.masked_ae:[masked-ae] sweep lam=0.774263682681127 epoch 7/25 time=1.23s device=cuda
INFO:src.estimators.masked_ae:[masked-ae] sweep lam=0.774263682681127 epoch 8/25 time=1.41s device=cuda
INFO:src.estimators.masked_ae:[masked-ae] sweep lam=0.774263682681127 epoch 9/25 time=1.21s device=cuda
INFO:src.estimators.masked_ae:[masked-ae] sweep lam=0.774263682681127 epoch 10/25 time=1.36s device=cuda
INFO:src.estimators.masked_ae:[masked-ae] sweep lam=0.774263682681127 epoch 11/25 time=1.21s device=cuda
INFO:src.estimators.masked_ae:[masked-ae] sweep lam=0.774263682681127 epoch 12/25 time=1.51s device=cuda
INFO:src.estimators.masked_ae:[masked-ae] sweep lam=0.774263682681127 epoch 13/25 time=1.44s device=cuda
INFO:src.estimators.masked_ae:[masked-ae] sweep lam=0.774263682681127 epoch 14/25 time=1.42s device=cuda
INFO:src.estimators.masked_ae:[masked-ae] sweep lam=0.774263682681127 epoch 15/25 time=1.25s device=cuda
INFO:src.estimators.masked_ae:[masked-ae] sweep lam=0.774263682681127 epoch 16/25 time=1.29s device=cuda
INFO:src.estimators.masked_ae:[masked-ae] sweep lam=0.774263682681127 epoch 17/25 time=1.41s device=cuda
INFO:src.estimators.masked_ae:[masked-ae] sweep lam=0.774263682681127 epoch 18/25 time=1.35s device=cuda
INFO:src.estimators.masked_ae:[masked-ae] sweep lam=0.774263682681127 epoch 19/25 time=1.32s device=cuda
INFO:src.estimators.masked_ae:[masked-ae] sweep lam=0.774263682681127 epoch 20/25 time=1.30s device=cuda
INFO:src.estimators.masked_ae:[masked-ae] sweep lam=0.774263682681127 epoch 21/25 time=1.45s device=cuda
INFO:src.estimators.masked_ae:[masked-ae] sweep lam=0.774263682681127 epoch 22/25 time=1.17s device=cuda
INFO:src.estimators.masked_ae:[masked-ae] sweep lam=0.774263682681127 epoch 23/25 time=1.47s device=cuda
INFO:src.estimators.masked_ae:[masked-ae] sweep lam=0.774263682681127 epoch 24/25 time=1.18s device=cuda
INFO:src.estimators.masked_ae:[masked-ae] sweep lam=0.774263682681127 epoch 25/25 time=1.35s device=cuda
INFO:src.estimators.masked_ae:[masked-ae] sweep lam=1.291549665014884 epoch 1/25 time=1.28s device=cuda
INFO:src.estimators.masked_ae:[masked-ae] sweep lam=1.291549665014884 epoch 2/25 time=1.43s device=cuda
INFO:src.estimators.masked_ae:[masked-ae] sweep lam=1.291549665014884 epoch 3/25 time=1.27s device=cuda
INFO:src.estimators.masked_ae:[masked-ae] sweep lam=1.291549665014884 epoch 4/25 time=1.33s device=cuda
INFO:src.estimators.masked_ae:[masked-ae] sweep lam=1.291549665014884 epoch 5/25 time=1.44s device=cuda
INFO:src.estimators.masked_ae:[masked-ae] sweep lam=1.291549665014884 epoch 6/25 time=1.46s device=cuda
INFO:src.estimators.masked_ae:[masked-ae] sweep lam=1.291549665014884 epoch 7/25 time=1.52s device=cuda
INFO:src.estimators.masked_ae:[masked-ae] sweep lam=1.291549665014884 epoch 8/25 time=1.43s device=cuda
INFO:src.estimators.masked_ae:[masked-ae] sweep lam=1.291549665014884 epoch 9/25 time=1.43s device=cuda
INFO:src.estimators.masked_ae:[masked-ae] sweep lam=1.291549665014884 epoch 10/25 time=1.40s device=cuda
INFO:src.estimators.masked_ae:[masked-ae] sweep lam=1.291549665014884 epoch 11/25 time=1.24s device=cuda
INFO:src.estimators.masked_ae:[masked-ae] sweep lam=1.291549665014884 epoch 12/25 time=1.31s device=cuda
INFO:src.estimators.masked_ae:[masked-ae] sweep lam=1.291549665014884 epoch 13/25 time=1.16s device=cuda
INFO:src.estimators.masked_ae:[masked-ae] sweep lam=1.291549665014884 epoch 14/25 time=1.37s device=cuda
INFO:src.estimators.masked_ae:[masked-ae] sweep lam=1.291549665014884 epoch 15/25 time=1.25s device=cuda
INFO:src.estimators.masked_ae:[masked-ae] sweep lam=1.291549665014884 epoch 16/25 time=1.46s device=cuda
INFO:src.estimators.masked_ae:[masked-ae] sweep lam=1.291549665014884 epoch 17/25 time=1.15s device=cuda
INFO:src.estimators.masked_ae:[masked-ae] sweep lam=1.291549665014884 epoch 18/25 time=1.41s device=cuda
INFO:src.estimators.masked_ae:[masked-ae] sweep lam=1.291549665014884 epoch 19/25 time=1.33s device=cuda
INFO:src.estimators.masked_ae:[masked-ae] sweep lam=1.291549665014884 epoch 20/25 time=1.37s device=cuda
INFO:src.estimators.masked_ae:[masked-ae] sweep lam=1.291549665014884 epoch 21/25 time=1.45s device=cuda
INFO:src.estimators.masked_ae:[masked-ae] sweep lam=1.291549665014884 epoch 22/25 time=1.44s device=cuda
INFO:src.estimators.masked_ae:[masked-ae] sweep lam=1.291549665014884 epoch 23/25 time=1.26s device=cuda
INFO:src.estimators.masked_ae:[masked-ae] sweep lam=1.291549665014884 epoch 24/25 time=1.37s device=cuda
INFO:src.estimators.masked_ae:[masked-ae] sweep lam=1.291549665014884 epoch 25/25 time=1.32s device=cuda
INFO:src.estimators.masked_ae:[masked-ae] sweep lam=2.1544346900318834 epoch 1/25 time=1.42s device=cuda
INFO:src.estimators.masked_ae:[masked-ae] sweep lam=2.1544346900318834 epoch 2/25 time=1.39s device=cuda
INFO:src.estimators.masked_ae:[masked-ae] sweep lam=2.1544346900318834 epoch 3/25 time=1.24s device=cuda
INFO:src.estimators.masked_ae:[masked-ae] sweep lam=2.1544346900318834 epoch 4/25 time=1.48s device=cuda
INFO:src.estimators.masked_ae:[masked-ae] sweep lam=2.1544346900318834 epoch 5/25 time=1.40s device=cuda
INFO:src.estimators.masked_ae:[masked-ae] sweep lam=2.1544346900318834 epoch 6/25 time=1.27s device=cuda
INFO:src.estimators.masked_ae:[masked-ae] sweep lam=2.1544346900318834 epoch 7/25 time=1.28s device=cuda
INFO:src.estimators.masked_ae:[masked-ae] sweep lam=2.1544346900318834 epoch 8/25 time=1.37s device=cuda
INFO:src.estimators.masked_ae:[masked-ae] sweep lam=2.1544346900318834 epoch 9/25 time=1.35s device=cuda
INFO:src.estimators.masked_ae:[masked-ae] sweep lam=2.1544346900318834 epoch 10/25 time=1.65s device=cuda
INFO:src.estimators.masked_ae:[masked-ae] sweep lam=2.1544346900318834 epoch 11/25 time=1.41s device=cuda
INFO:src.estimators.masked_ae:[masked-ae] sweep lam=2.1544346900318834 epoch 12/25 time=1.29s device=cuda
INFO:src.estimators.masked_ae:[masked-ae] sweep lam=2.1544346900318834 epoch 13/25 time=1.23s device=cuda
INFO:src.estimators.masked_ae:[masked-ae] sweep lam=2.1544346900318834 epoch 14/25 time=1.40s device=cuda
INFO:src.estimators.masked_ae:[masked-ae] sweep lam=2.1544346900318834 epoch 15/25 time=1.18s device=cuda
INFO:src.estimators.masked_ae:[masked-ae] sweep lam=2.1544346900318834 epoch 16/25 time=1.42s device=cuda
INFO:src.estimators.masked_ae:[masked-ae] sweep lam=2.1544346900318834 epoch 17/25 time=1.51s device=cuda
INFO:src.estimators.masked_ae:[masked-ae] sweep lam=2.1544346900318834 epoch 18/25 time=1.33s device=cuda
INFO:src.estimators.masked_ae:[masked-ae] sweep lam=2.1544346900318834 epoch 19/25 time=1.51s device=cuda
INFO:src.estimators.masked_ae:[masked-ae] sweep lam=2.1544346900318834 epoch 20/25 time=1.26s device=cuda
INFO:src.estimators.masked_ae:[masked-ae] sweep lam=2.1544346900318834 epoch 21/25 time=1.48s device=cuda
INFO:src.estimators.masked_ae:[masked-ae] sweep lam=2.1544346900318834 epoch 22/25 time=1.24s device=cuda
INFO:src.estimators.masked_ae:[masked-ae] sweep lam=2.1544346900318834 epoch 23/25 time=1.43s device=cuda
INFO:src.estimators.masked_ae:[masked-ae] sweep lam=2.1544346900318834 epoch 24/25 time=1.42s device=cuda
INFO:src.estimators.masked_ae:[masked-ae] sweep lam=2.1544346900318834 epoch 25/25 time=1.46s device=cuda
INFO:src.estimators.masked_ae:[masked-ae] sweep lam=3.593813663804626 epoch 1/25 time=1.38s device=cuda
INFO:src.estimators.masked_ae:[masked-ae] sweep lam=3.593813663804626 epoch 2/25 time=1.42s device=cuda
INFO:src.estimators.masked_ae:[masked-ae] sweep lam=3.593813663804626 epoch 3/25 time=1.24s device=cuda
INFO:src.estimators.masked_ae:[masked-ae] sweep lam=3.593813663804626 epoch 4/25 time=1.24s device=cuda
INFO:src.estimators.masked_ae:[masked-ae] sweep lam=3.593813663804626 epoch 5/25 time=1.49s device=cuda
INFO:src.estimators.masked_ae:[masked-ae] sweep lam=3.593813663804626 epoch 6/25 time=1.37s device=cuda
INFO:src.estimators.masked_ae:[masked-ae] sweep lam=3.593813663804626 epoch 7/25 time=1.23s device=cuda
INFO:src.estimators.masked_ae:[masked-ae] sweep lam=3.593813663804626 epoch 8/25 time=1.25s device=cuda
INFO:src.estimators.masked_ae:[masked-ae] sweep lam=3.593813663804626 epoch 9/25 time=1.38s device=cuda
INFO:src.estimators.masked_ae:[masked-ae] sweep lam=3.593813663804626 epoch 10/25 time=1.29s device=cuda
INFO:src.estimators.masked_ae:[masked-ae] sweep lam=3.593813663804626 epoch 11/25 time=1.40s device=cuda
INFO:src.estimators.masked_ae:[masked-ae] sweep lam=3.593813663804626 epoch 12/25 time=1.47s device=cuda
INFO:src.estimators.masked_ae:[masked-ae] sweep lam=3.593813663804626 epoch 13/25 time=1.44s device=cuda
INFO:src.estimators.masked_ae:[masked-ae] sweep lam=3.593813663804626 epoch 14/25 time=1.29s device=cuda
INFO:src.estimators.masked_ae:[masked-ae] sweep lam=3.593813663804626 epoch 15/25 time=1.27s device=cuda
INFO:src.estimators.masked_ae:[masked-ae] sweep lam=3.593813663804626 epoch 16/25 time=1.33s device=cuda
INFO:src.estimators.masked_ae:[masked-ae] sweep lam=3.593813663804626 epoch 17/25 time=1.19s device=cuda
INFO:src.estimators.masked_ae:[masked-ae] sweep lam=3.593813663804626 epoch 18/25 time=1.46s device=cuda
INFO:src.estimators.masked_ae:[masked-ae] sweep lam=3.593813663804626 epoch 19/25 time=1.31s device=cuda
INFO:src.estimators.masked_ae:[masked-ae] sweep lam=3.593813663804626 epoch 20/25 time=1.49s device=cuda
INFO:src.estimators.masked_ae:[masked-ae] sweep lam=3.593813663804626 epoch 21/25 time=1.49s device=cuda
INFO:src.estimators.masked_ae:[masked-ae] sweep lam=3.593813663804626 epoch 22/25 time=1.40s device=cuda
INFO:src.estimators.masked_ae:[masked-ae] sweep lam=3.593813663804626 epoch 23/25 time=1.17s device=cuda
INFO:src.estimators.masked_ae:[masked-ae] sweep lam=3.593813663804626 epoch 24/25 time=1.45s device=cuda
INFO:src.estimators.masked_ae:[masked-ae] sweep lam=3.593813663804626 epoch 25/25 time=1.25s device=cuda
INFO:src.estimators.masked_ae:[masked-ae] sweep lam=5.994842503189409 epoch 1/25 time=1.32s device=cuda
INFO:src.estimators.masked_ae:[masked-ae] sweep lam=5.994842503189409 epoch 2/25 time=1.34s device=cuda
INFO:src.estimators.masked_ae:[masked-ae] sweep lam=5.994842503189409 epoch 3/25 time=1.49s device=cuda
INFO:src.estimators.masked_ae:[masked-ae] sweep lam=5.994842503189409 epoch 4/25 time=1.49s device=cuda
INFO:src.estimators.masked_ae:[masked-ae] sweep lam=5.994842503189409 epoch 5/25 time=1.33s device=cuda
INFO:src.estimators.masked_ae:[masked-ae] sweep lam=5.994842503189409 epoch 6/25 time=1.17s device=cuda
INFO:src.estimators.masked_ae:[masked-ae] sweep lam=5.994842503189409 epoch 7/25 time=1.40s device=cuda
INFO:src.estimators.masked_ae:[masked-ae] sweep lam=5.994842503189409 epoch 8/25 time=1.27s device=cuda
INFO:src.estimators.masked_ae:[masked-ae] sweep lam=5.994842503189409 epoch 9/25 time=1.56s device=cuda
INFO:src.estimators.masked_ae:[masked-ae] sweep lam=5.994842503189409 epoch 10/25 time=1.39s device=cuda
INFO:src.estimators.masked_ae:[masked-ae] sweep lam=5.994842503189409 epoch 11/25 time=1.25s device=cuda
INFO:src.estimators.masked_ae:[masked-ae] sweep lam=5.994842503189409 epoch 12/25 time=1.34s device=cuda
INFO:src.estimators.masked_ae:[masked-ae] sweep lam=5.994842503189409 epoch 13/25 time=1.29s device=cuda
INFO:src.estimators.masked_ae:[masked-ae] sweep lam=5.994842503189409 epoch 14/25 time=1.33s device=cuda
INFO:src.estimators.masked_ae:[masked-ae] sweep lam=5.994842503189409 epoch 15/25 time=1.29s device=cuda
INFO:src.estimators.masked_ae:[masked-ae] sweep lam=5.994842503189409 epoch 16/25 time=1.12s device=cuda
INFO:src.estimators.masked_ae:[masked-ae] sweep lam=5.994842503189409 epoch 17/25 time=1.32s device=cuda
INFO:src.estimators.masked_ae:[masked-ae] sweep lam=5.994842503189409 epoch 18/25 time=1.43s device=cuda
INFO:src.estimators.masked_ae:[masked-ae] sweep lam=5.994842503189409 epoch 19/25 time=1.30s device=cuda
INFO:src.estimators.masked_ae:[masked-ae] sweep lam=5.994842503189409 epoch 20/25 time=1.63s device=cuda
INFO:src.estimators.masked_ae:[masked-ae] sweep lam=5.994842503189409 epoch 21/25 time=1.33s device=cuda
INFO:src.estimators.masked_ae:[masked-ae] sweep lam=5.994842503189409 epoch 22/25 time=1.30s device=cuda
INFO:src.estimators.masked_ae:[masked-ae] sweep lam=5.994842503189409 epoch 23/25 time=1.34s device=cuda
INFO:src.estimators.masked_ae:[masked-ae] sweep lam=5.994842503189409 epoch 24/25 time=1.32s device=cuda
INFO:src.estimators.masked_ae:[masked-ae] sweep lam=5.994842503189409 epoch 25/25 time=1.37s device=cuda
INFO:src.estimators.masked_ae:[masked-ae] sweep lam=10.0 epoch 1/25 time=1.32s device=cuda
INFO:src.estimators.masked_ae:[masked-ae] sweep lam=10.0 epoch 2/25 time=1.30s device=cuda
INFO:src.estimators.masked_ae:[masked-ae] sweep lam=10.0 epoch 3/25 time=1.24s device=cuda
INFO:src.estimators.masked_ae:[masked-ae] sweep lam=10.0 epoch 4/25 time=1.42s device=cuda
INFO:src.estimators.masked_ae:[masked-ae] sweep lam=10.0 epoch 5/25 time=1.45s device=cuda
INFO:src.estimators.masked_ae:[masked-ae] sweep lam=10.0 epoch 6/25 time=1.28s device=cuda
INFO:src.estimators.masked_ae:[masked-ae] sweep lam=10.0 epoch 7/25 time=1.26s device=cuda
INFO:src.estimators.masked_ae:[masked-ae] sweep lam=10.0 epoch 8/25 time=1.30s device=cuda
INFO:src.estimators.masked_ae:[masked-ae] sweep lam=10.0 epoch 9/25 time=1.42s device=cuda
INFO:src.estimators.masked_ae:[masked-ae] sweep lam=10.0 epoch 10/25 time=1.23s device=cuda
INFO:src.estimators.masked_ae:[masked-ae] sweep lam=10.0 epoch 11/25 time=1.31s device=cuda
INFO:src.estimators.masked_ae:[masked-ae] sweep lam=10.0 epoch 12/25 time=1.30s device=cuda
INFO:src.estimators.masked_ae:[masked-ae] sweep lam=10.0 epoch 13/25 time=1.33s device=cuda
INFO:src.estimators.masked_ae:[masked-ae] sweep lam=10.0 epoch 14/25 time=1.28s device=cuda
INFO:src.estimators.masked_ae:[masked-ae] sweep lam=10.0 epoch 15/25 time=1.28s device=cuda
INFO:src.estimators.masked_ae:[masked-ae] sweep lam=10.0 epoch 16/25 time=1.47s device=cuda
INFO:src.estimators.masked_ae:[masked-ae] sweep lam=10.0 epoch 17/25 time=1.26s device=cuda
INFO:src.estimators.masked_ae:[masked-ae] sweep lam=10.0 epoch 18/25 time=1.47s device=cuda
INFO:src.estimators.masked_ae:[masked-ae] sweep lam=10.0 epoch 19/25 time=1.35s device=cuda
INFO:src.estimators.masked_ae:[masked-ae] sweep lam=10.0 epoch 20/25 time=1.39s device=cuda
INFO:src.estimators.masked_ae:[masked-ae] sweep lam=10.0 epoch 21/25 time=1.50s device=cuda
INFO:src.estimators.masked_ae:[masked-ae] sweep lam=10.0 epoch 22/25 time=1.24s device=cuda
INFO:src.estimators.masked_ae:[masked-ae] sweep lam=10.0 epoch 23/25 time=1.43s device=cuda
INFO:src.estimators.masked_ae:[masked-ae] sweep lam=10.0 epoch 24/25 time=1.35s device=cuda
INFO:src.estimators.masked_ae:[masked-ae] sweep lam=10.0 epoch 25/25 time=1.23s device=cuda
INFO:src.estimators.masked_ae:[masked-ae] retrain epoch 1/10 time=1.10s device=cuda
INFO:src.estimators.masked_ae:[masked-ae] retrain epoch 2/10 time=1.34s device=cuda
INFO:src.estimators.masked_ae:[masked-ae] retrain epoch 3/10 time=1.46s device=cuda
INFO:src.estimators.masked_ae:[masked-ae] retrain epoch 4/10 time=1.26s device=cuda
INFO:src.estimators.masked_ae:[masked-ae] retrain epoch 5/10 time=1.49s device=cuda
INFO:src.estimators.masked_ae:[masked-ae] retrain epoch 6/10 time=1.41s device=cuda
INFO:src.estimators.masked_ae:[masked-ae] retrain epoch 7/10 time=1.16s device=cuda
INFO:src.estimators.masked_ae:[masked-ae] retrain epoch 8/10 time=1.35s device=cuda
INFO:src.estimators.masked_ae:[masked-ae] retrain epoch 9/10 time=1.32s device=cuda
INFO:src.estimators.masked_ae:[masked-ae] retrain epoch 10/10 time=1.17s device=cuda
INFO:repair_masked_ae:Group ('mnist', 9, 0.75, 0) repaired: estimate=16.0 elapsed_s=371.01 device=cuda samples=60000 rows=5
INFO:repair_masked_ae:Processing group key=('mnist', 9, 1.0, 0) with 5 rows; example row 520
INFO:src.estimators.masked_ae:[masked-ae] pretrain epoch 1/10 time=1.25s device=cuda
INFO:src.estimators.masked_ae:[masked-ae] pretrain epoch 2/10 time=1.13s device=cuda
INFO:src.estimators.masked_ae:[masked-ae] pretrain epoch 3/10 time=1.19s device=cuda
INFO:src.estimators.masked_ae:[masked-ae] pretrain epoch 4/10 time=1.24s device=cuda
INFO:src.estimators.masked_ae:[masked-ae] pretrain epoch 5/10 time=1.48s device=cuda
INFO:src.estimators.masked_ae:[masked-ae] pretrain epoch 6/10 time=1.20s device=cuda
INFO:src.estimators.masked_ae:[masked-ae] pretrain epoch 7/10 time=1.28s device=cuda
INFO:src.estimators.masked_ae:[masked-ae] pretrain epoch 8/10 time=1.29s device=cuda
INFO:src.estimators.masked_ae:[masked-ae] pretrain epoch 9/10 time=1.02s device=cuda
INFO:src.estimators.masked_ae:[masked-ae] pretrain epoch 10/10 time=1.12s device=cuda
INFO:src.estimators.masked_ae:[masked-ae] sweep lam=0.1 epoch 1/25 time=1.40s device=cuda
INFO:src.estimators.masked_ae:[masked-ae] sweep lam=0.1 epoch 2/25 time=1.26s device=cuda
INFO:src.estimators.masked_ae:[masked-ae] sweep lam=0.1 epoch 3/25 time=1.32s device=cuda
INFO:src.estimators.masked_ae:[masked-ae] sweep lam=0.1 epoch 4/25 time=1.43s device=cuda
INFO:src.estimators.masked_ae:[masked-ae] sweep lam=0.1 epoch 5/25 time=1.37s device=cuda
INFO:src.estimators.masked_ae:[masked-ae] sweep lam=0.1 epoch 6/25 time=1.33s device=cuda
INFO:src.estimators.masked_ae:[masked-ae] sweep lam=0.1 epoch 7/25 time=1.16s device=cuda
INFO:src.estimators.masked_ae:[masked-ae] sweep lam=0.1 epoch 8/25 time=1.44s device=cuda
INFO:src.estimators.masked_ae:[masked-ae] sweep lam=0.1 epoch 9/25 time=1.30s device=cuda
INFO:src.estimators.masked_ae:[masked-ae] sweep lam=0.1 epoch 10/25 time=1.38s device=cuda
INFO:src.estimators.masked_ae:[masked-ae] sweep lam=0.1 epoch 11/25 time=1.33s device=cuda
INFO:src.estimators.masked_ae:[masked-ae] sweep lam=0.1 epoch 12/25 time=1.51s device=cuda
INFO:src.estimators.masked_ae:[masked-ae] sweep lam=0.1 epoch 13/25 time=1.25s device=cuda
INFO:src.estimators.masked_ae:[masked-ae] sweep lam=0.1 epoch 14/25 time=1.36s device=cuda
INFO:src.estimators.masked_ae:[masked-ae] sweep lam=0.1 epoch 15/25 time=1.46s device=cuda
INFO:src.estimators.masked_ae:[masked-ae] sweep lam=0.1 epoch 16/25 time=1.22s device=cuda
INFO:src.estimators.masked_ae:[masked-ae] sweep lam=0.1 epoch 17/25 time=1.33s device=cuda
INFO:src.estimators.masked_ae:[masked-ae] sweep lam=0.1 epoch 18/25 time=1.44s device=cuda
INFO:src.estimators.masked_ae:[masked-ae] sweep lam=0.1 epoch 19/25 time=1.30s device=cuda
INFO:src.estimators.masked_ae:[masked-ae] sweep lam=0.1 epoch 20/25 time=1.42s device=cuda
INFO:src.estimators.masked_ae:[masked-ae] sweep lam=0.1 epoch 21/25 time=1.37s device=cuda
INFO:src.estimators.masked_ae:[masked-ae] sweep lam=0.1 epoch 22/25 time=1.43s device=cuda
INFO:src.estimators.masked_ae:[masked-ae] sweep lam=0.1 epoch 23/25 time=1.34s device=cuda
INFO:src.estimators.masked_ae:[masked-ae] sweep lam=0.1 epoch 24/25 time=1.38s device=cuda
INFO:src.estimators.masked_ae:[masked-ae] sweep lam=0.1 epoch 25/25 time=1.51s device=cuda
INFO:src.estimators.masked_ae:[masked-ae] sweep lam=0.16681005372000587 epoch 1/25 time=1.46s device=cuda
INFO:src.estimators.masked_ae:[masked-ae] sweep lam=0.16681005372000587 epoch 2/25 time=1.25s device=cuda
INFO:src.estimators.masked_ae:[masked-ae] sweep lam=0.16681005372000587 epoch 3/25 time=1.49s device=cuda
INFO:src.estimators.masked_ae:[masked-ae] sweep lam=0.16681005372000587 epoch 4/25 time=1.59s device=cuda
INFO:src.estimators.masked_ae:[masked-ae] sweep lam=0.16681005372000587 epoch 5/25 time=1.36s device=cuda
INFO:src.estimators.masked_ae:[masked-ae] sweep lam=0.16681005372000587 epoch 6/25 time=1.33s device=cuda
INFO:src.estimators.masked_ae:[masked-ae] sweep lam=0.16681005372000587 epoch 7/25 time=1.52s device=cuda
INFO:src.estimators.masked_ae:[masked-ae] sweep lam=0.16681005372000587 epoch 8/25 time=1.27s device=cuda
INFO:src.estimators.masked_ae:[masked-ae] sweep lam=0.16681005372000587 epoch 9/25 time=1.38s device=cuda
INFO:src.estimators.masked_ae:[masked-ae] sweep lam=0.16681005372000587 epoch 10/25 time=1.25s device=cuda
INFO:src.estimators.masked_ae:[masked-ae] sweep lam=0.16681005372000587 epoch 11/25 time=1.39s device=cuda
INFO:src.estimators.masked_ae:[masked-ae] sweep lam=0.16681005372000587 epoch 12/25 time=1.39s device=cuda
INFO:src.estimators.masked_ae:[masked-ae] sweep lam=0.16681005372000587 epoch 13/25 time=1.37s device=cuda
INFO:src.estimators.masked_ae:[masked-ae] sweep lam=0.16681005372000587 epoch 14/25 time=1.39s device=cuda
INFO:src.estimators.masked_ae:[masked-ae] sweep lam=0.16681005372000587 epoch 15/25 time=1.40s device=cuda
INFO:src.estimators.masked_ae:[masked-ae] sweep lam=0.16681005372000587 epoch 16/25 time=1.27s device=cuda
INFO:src.estimators.masked_ae:[masked-ae] sweep lam=0.16681005372000587 epoch 17/25 time=1.30s device=cuda
INFO:src.estimators.masked_ae:[masked-ae] sweep lam=0.16681005372000587 epoch 18/25 time=1.19s device=cuda
INFO:src.estimators.masked_ae:[masked-ae] sweep lam=0.16681005372000587 epoch 19/25 time=1.39s device=cuda
INFO:src.estimators.masked_ae:[masked-ae] sweep lam=0.16681005372000587 epoch 20/25 time=1.26s device=cuda
INFO:src.estimators.masked_ae:[masked-ae] sweep lam=0.16681005372000587 epoch 21/25 time=1.44s device=cuda
INFO:src.estimators.masked_ae:[masked-ae] sweep lam=0.16681005372000587 epoch 22/25 time=1.24s device=cuda
INFO:src.estimators.masked_ae:[masked-ae] sweep lam=0.16681005372000587 epoch 23/25 time=1.44s device=cuda
INFO:src.estimators.masked_ae:[masked-ae] sweep lam=0.16681005372000587 epoch 24/25 time=1.30s device=cuda
INFO:src.estimators.masked_ae:[masked-ae] sweep lam=0.16681005372000587 epoch 25/25 time=1.34s device=cuda
INFO:src.estimators.masked_ae:[masked-ae] sweep lam=0.2782559402207124 epoch 1/25 time=1.10s device=cuda
INFO:src.estimators.masked_ae:[masked-ae] sweep lam=0.2782559402207124 epoch 2/25 time=1.24s device=cuda
INFO:src.estimators.masked_ae:[masked-ae] sweep lam=0.2782559402207124 epoch 3/25 time=1.32s device=cuda
INFO:src.estimators.masked_ae:[masked-ae] sweep lam=0.2782559402207124 epoch 4/25 time=1.18s device=cuda
INFO:src.estimators.masked_ae:[masked-ae] sweep lam=0.2782559402207124 epoch 5/25 time=1.27s device=cuda
INFO:src.estimators.masked_ae:[masked-ae] sweep lam=0.2782559402207124 epoch 6/25 time=1.27s device=cuda
INFO:src.estimators.masked_ae:[masked-ae] sweep lam=0.2782559402207124 epoch 7/25 time=1.26s device=cuda
INFO:src.estimators.masked_ae:[masked-ae] sweep lam=0.2782559402207124 epoch 8/25 time=1.23s device=cuda
INFO:src.estimators.masked_ae:[masked-ae] sweep lam=0.2782559402207124 epoch 9/25 time=1.39s device=cuda
INFO:src.estimators.masked_ae:[masked-ae] sweep lam=0.2782559402207124 epoch 10/25 time=1.21s device=cuda
INFO:src.estimators.masked_ae:[masked-ae] sweep lam=0.2782559402207124 epoch 11/25 time=1.29s device=cuda
INFO:src.estimators.masked_ae:[masked-ae] sweep lam=0.2782559402207124 epoch 12/25 time=1.14s device=cuda
INFO:src.estimators.masked_ae:[masked-ae] sweep lam=0.2782559402207124 epoch 13/25 time=1.28s device=cuda
INFO:src.estimators.masked_ae:[masked-ae] sweep lam=0.2782559402207124 epoch 14/25 time=1.24s device=cuda
INFO:src.estimators.masked_ae:[masked-ae] sweep lam=0.2782559402207124 epoch 15/25 time=1.24s device=cuda
INFO:src.estimators.masked_ae:[masked-ae] sweep lam=0.2782559402207124 epoch 16/25 time=1.24s device=cuda
INFO:src.estimators.masked_ae:[masked-ae] sweep lam=0.2782559402207124 epoch 17/25 time=1.34s device=cuda
INFO:src.estimators.masked_ae:[masked-ae] sweep lam=0.2782559402207124 epoch 18/25 time=1.45s device=cuda
INFO:src.estimators.masked_ae:[masked-ae] sweep lam=0.2782559402207124 epoch 19/25 time=1.34s device=cuda
INFO:src.estimators.masked_ae:[masked-ae] sweep lam=0.2782559402207124 epoch 20/25 time=1.18s device=cuda
INFO:src.estimators.masked_ae:[masked-ae] sweep lam=0.2782559402207124 epoch 21/25 time=1.38s device=cuda
INFO:src.estimators.masked_ae:[masked-ae] sweep lam=0.2782559402207124 epoch 22/25 time=1.19s device=cuda
INFO:src.estimators.masked_ae:[masked-ae] sweep lam=0.2782559402207124 epoch 23/25 time=1.25s device=cuda
INFO:src.estimators.masked_ae:[masked-ae] sweep lam=0.2782559402207124 epoch 24/25 time=1.17s device=cuda
INFO:src.estimators.masked_ae:[masked-ae] sweep lam=0.2782559402207124 epoch 25/25 time=1.22s device=cuda
INFO:src.estimators.masked_ae:[masked-ae] sweep lam=0.46415888336127786 epoch 1/25 time=1.22s device=cuda
INFO:src.estimators.masked_ae:[masked-ae] sweep lam=0.46415888336127786 epoch 2/25 time=1.40s device=cuda
INFO:src.estimators.masked_ae:[masked-ae] sweep lam=0.46415888336127786 epoch 3/25 time=1.40s device=cuda
INFO:src.estimators.masked_ae:[masked-ae] sweep lam=0.46415888336127786 epoch 4/25 time=1.39s device=cuda
INFO:src.estimators.masked_ae:[masked-ae] sweep lam=0.46415888336127786 epoch 5/25 time=1.53s device=cuda
INFO:src.estimators.masked_ae:[masked-ae] sweep lam=0.46415888336127786 epoch 6/25 time=1.32s device=cuda
INFO:src.estimators.masked_ae:[masked-ae] sweep lam=0.46415888336127786 epoch 7/25 time=1.37s device=cuda
INFO:src.estimators.masked_ae:[masked-ae] sweep lam=0.46415888336127786 epoch 8/25 time=1.46s device=cuda
INFO:src.estimators.masked_ae:[masked-ae] sweep lam=0.46415888336127786 epoch 9/25 time=1.17s device=cuda
INFO:src.estimators.masked_ae:[masked-ae] sweep lam=0.46415888336127786 epoch 10/25 time=1.37s device=cuda
INFO:src.estimators.masked_ae:[masked-ae] sweep lam=0.46415888336127786 epoch 11/25 time=1.44s device=cuda
INFO:src.estimators.masked_ae:[masked-ae] sweep lam=0.46415888336127786 epoch 12/25 time=1.16s device=cuda
INFO:src.estimators.masked_ae:[masked-ae] sweep lam=0.46415888336127786 epoch 13/25 time=1.28s device=cuda
INFO:src.estimators.masked_ae:[masked-ae] sweep lam=0.46415888336127786 epoch 14/25 time=1.35s device=cuda
INFO:src.estimators.masked_ae:[masked-ae] sweep lam=0.46415888336127786 epoch 15/25 time=1.38s device=cuda
INFO:src.estimators.masked_ae:[masked-ae] sweep lam=0.46415888336127786 epoch 16/25 time=1.38s device=cuda
INFO:src.estimators.masked_ae:[masked-ae] sweep lam=0.46415888336127786 epoch 17/25 time=1.22s device=cuda
INFO:src.estimators.masked_ae:[masked-ae] sweep lam=0.46415888336127786 epoch 18/25 time=1.48s device=cuda
INFO:src.estimators.masked_ae:[masked-ae] sweep lam=0.46415888336127786 epoch 19/25 time=1.16s device=cuda
INFO:src.estimators.masked_ae:[masked-ae] sweep lam=0.46415888336127786 epoch 20/25 time=1.42s device=cuda
INFO:src.estimators.masked_ae:[masked-ae] sweep lam=0.46415888336127786 epoch 21/25 time=1.33s device=cuda
INFO:src.estimators.masked_ae:[masked-ae] sweep lam=0.46415888336127786 epoch 22/25 time=1.53s device=cuda
INFO:src.estimators.masked_ae:[masked-ae] sweep lam=0.46415888336127786 epoch 23/25 time=1.37s device=cuda
INFO:src.estimators.masked_ae:[masked-ae] sweep lam=0.46415888336127786 epoch 24/25 time=1.46s device=cuda
INFO:src.estimators.masked_ae:[masked-ae] sweep lam=0.46415888336127786 epoch 25/25 time=1.44s device=cuda
INFO:src.estimators.masked_ae:[masked-ae] sweep lam=0.774263682681127 epoch 1/25 time=1.24s device=cuda
INFO:src.estimators.masked_ae:[masked-ae] sweep lam=0.774263682681127 epoch 2/25 time=1.43s device=cuda
INFO:src.estimators.masked_ae:[masked-ae] sweep lam=0.774263682681127 epoch 3/25 time=1.49s device=cuda
INFO:src.estimators.masked_ae:[masked-ae] sweep lam=0.774263682681127 epoch 4/25 time=1.23s device=cuda
INFO:src.estimators.masked_ae:[masked-ae] sweep lam=0.774263682681127 epoch 5/25 time=1.28s device=cuda
INFO:src.estimators.masked_ae:[masked-ae] sweep lam=0.774263682681127 epoch 6/25 time=1.18s device=cuda
INFO:src.estimators.masked_ae:[masked-ae] sweep lam=0.774263682681127 epoch 7/25 time=1.50s device=cuda
INFO:src.estimators.masked_ae:[masked-ae] sweep lam=0.774263682681127 epoch 8/25 time=1.28s device=cuda
INFO:src.estimators.masked_ae:[masked-ae] sweep lam=0.774263682681127 epoch 9/25 time=1.37s device=cuda
INFO:src.estimators.masked_ae:[masked-ae] sweep lam=0.774263682681127 epoch 10/25 time=1.42s device=cuda
INFO:src.estimators.masked_ae:[masked-ae] sweep lam=0.774263682681127 epoch 11/25 time=1.38s device=cuda
INFO:src.estimators.masked_ae:[masked-ae] sweep lam=0.774263682681127 epoch 12/25 time=1.24s device=cuda
INFO:src.estimators.masked_ae:[masked-ae] sweep lam=0.774263682681127 epoch 13/25 time=1.48s device=cuda
INFO:src.estimators.masked_ae:[masked-ae] sweep lam=0.774263682681127 epoch 14/25 time=1.44s device=cuda
INFO:src.estimators.masked_ae:[masked-ae] sweep lam=0.774263682681127 epoch 15/25 time=1.51s device=cuda
INFO:src.estimators.masked_ae:[masked-ae] sweep lam=0.774263682681127 epoch 16/25 time=1.46s device=cuda
INFO:src.estimators.masked_ae:[masked-ae] sweep lam=0.774263682681127 epoch 17/25 time=1.42s device=cuda
INFO:src.estimators.masked_ae:[masked-ae] sweep lam=0.774263682681127 epoch 18/25 time=1.42s device=cuda
INFO:src.estimators.masked_ae:[masked-ae] sweep lam=0.774263682681127 epoch 19/25 time=1.27s device=cuda
INFO:src.estimators.masked_ae:[masked-ae] sweep lam=0.774263682681127 epoch 20/25 time=1.52s device=cuda
INFO:src.estimators.masked_ae:[masked-ae] sweep lam=0.774263682681127 epoch 21/25 time=1.27s device=cuda
INFO:src.estimators.masked_ae:[masked-ae] sweep lam=0.774263682681127 epoch 22/25 time=1.53s device=cuda
INFO:src.estimators.masked_ae:[masked-ae] sweep lam=0.774263682681127 epoch 23/25 time=1.13s device=cuda
INFO:src.estimators.masked_ae:[masked-ae] sweep lam=0.774263682681127 epoch 24/25 time=1.32s device=cuda
INFO:src.estimators.masked_ae:[masked-ae] sweep lam=0.774263682681127 epoch 25/25 time=1.27s device=cuda
INFO:src.estimators.masked_ae:[masked-ae] sweep lam=1.291549665014884 epoch 1/25 time=1.54s device=cuda
INFO:src.estimators.masked_ae:[masked-ae] sweep lam=1.291549665014884 epoch 2/25 time=1.22s device=cuda
INFO:src.estimators.masked_ae:[masked-ae] sweep lam=1.291549665014884 epoch 3/25 time=1.50s device=cuda
INFO:src.estimators.masked_ae:[masked-ae] sweep lam=1.291549665014884 epoch 4/25 time=1.15s device=cuda
INFO:src.estimators.masked_ae:[masked-ae] sweep lam=1.291549665014884 epoch 5/25 time=1.39s device=cuda
INFO:src.estimators.masked_ae:[masked-ae] sweep lam=1.291549665014884 epoch 6/25 time=1.43s device=cuda
INFO:src.estimators.masked_ae:[masked-ae] sweep lam=1.291549665014884 epoch 7/25 time=1.28s device=cuda
INFO:src.estimators.masked_ae:[masked-ae] sweep lam=1.291549665014884 epoch 8/25 time=1.56s device=cuda
INFO:src.estimators.masked_ae:[masked-ae] sweep lam=1.291549665014884 epoch 9/25 time=1.36s device=cuda
INFO:src.estimators.masked_ae:[masked-ae] sweep lam=1.291549665014884 epoch 10/25 time=1.15s device=cuda
INFO:src.estimators.masked_ae:[masked-ae] sweep lam=1.291549665014884 epoch 11/25 time=1.34s device=cuda
INFO:src.estimators.masked_ae:[masked-ae] sweep lam=1.291549665014884 epoch 12/25 time=1.29s device=cuda
INFO:src.estimators.masked_ae:[masked-ae] sweep lam=1.291549665014884 epoch 13/25 time=1.35s device=cuda
INFO:src.estimators.masked_ae:[masked-ae] sweep lam=1.291549665014884 epoch 14/25 time=1.35s device=cuda
INFO:src.estimators.masked_ae:[masked-ae] sweep lam=1.291549665014884 epoch 15/25 time=1.33s device=cuda
INFO:src.estimators.masked_ae:[masked-ae] sweep lam=1.291549665014884 epoch 16/25 time=1.28s device=cuda
INFO:src.estimators.masked_ae:[masked-ae] sweep lam=1.291549665014884 epoch 17/25 time=1.26s device=cuda
INFO:src.estimators.masked_ae:[masked-ae] sweep lam=1.291549665014884 epoch 18/25 time=1.21s device=cuda
INFO:src.estimators.masked_ae:[masked-ae] sweep lam=1.291549665014884 epoch 19/25 time=1.53s device=cuda
INFO:src.estimators.masked_ae:[masked-ae] sweep lam=1.291549665014884 epoch 20/25 time=1.40s device=cuda
INFO:src.estimators.masked_ae:[masked-ae] sweep lam=1.291549665014884 epoch 21/25 time=1.23s device=cuda
INFO:src.estimators.masked_ae:[masked-ae] sweep lam=1.291549665014884 epoch 22/25 time=1.44s device=cuda
INFO:src.estimators.masked_ae:[masked-ae] sweep lam=1.291549665014884 epoch 23/25 time=1.40s device=cuda
INFO:src.estimators.masked_ae:[masked-ae] sweep lam=1.291549665014884 epoch 24/25 time=1.31s device=cuda
INFO:src.estimators.masked_ae:[masked-ae] sweep lam=1.291549665014884 epoch 25/25 time=1.39s device=cuda
INFO:src.estimators.masked_ae:[masked-ae] sweep lam=2.1544346900318834 epoch 1/25 time=1.13s device=cuda
INFO:src.estimators.masked_ae:[masked-ae] sweep lam=2.1544346900318834 epoch 2/25 time=1.42s device=cuda
INFO:src.estimators.masked_ae:[masked-ae] sweep lam=2.1544346900318834 epoch 3/25 time=1.47s device=cuda
INFO:src.estimators.masked_ae:[masked-ae] sweep lam=2.1544346900318834 epoch 4/25 time=1.33s device=cuda
INFO:src.estimators.masked_ae:[masked-ae] sweep lam=2.1544346900318834 epoch 5/25 time=1.23s device=cuda
INFO:src.estimators.masked_ae:[masked-ae] sweep lam=2.1544346900318834 epoch 6/25 time=1.20s device=cuda
INFO:src.estimators.masked_ae:[masked-ae] sweep lam=2.1544346900318834 epoch 7/25 time=1.44s device=cuda
INFO:src.estimators.masked_ae:[masked-ae] sweep lam=2.1544346900318834 epoch 8/25 time=1.61s device=cuda
INFO:src.estimators.masked_ae:[masked-ae] sweep lam=2.1544346900318834 epoch 9/25 time=1.49s device=cuda
INFO:src.estimators.masked_ae:[masked-ae] sweep lam=2.1544346900318834 epoch 10/25 time=1.45s device=cuda
INFO:src.estimators.masked_ae:[masked-ae] sweep lam=2.1544346900318834 epoch 11/25 time=1.45s device=cuda
INFO:src.estimators.masked_ae:[masked-ae] sweep lam=2.1544346900318834 epoch 12/25 time=1.39s device=cuda
INFO:src.estimators.masked_ae:[masked-ae] sweep lam=2.1544346900318834 epoch 13/25 time=1.36s device=cuda
INFO:src.estimators.masked_ae:[masked-ae] sweep lam=2.1544346900318834 epoch 14/25 time=1.27s device=cuda
INFO:src.estimators.masked_ae:[masked-ae] sweep lam=2.1544346900318834 epoch 15/25 time=1.45s device=cuda
INFO:src.estimators.masked_ae:[masked-ae] sweep lam=2.1544346900318834 epoch 16/25 time=1.29s device=cuda
INFO:src.estimators.masked_ae:[masked-ae] sweep lam=2.1544346900318834 epoch 17/25 time=1.39s device=cuda
INFO:src.estimators.masked_ae:[masked-ae] sweep lam=2.1544346900318834 epoch 18/25 time=1.41s device=cuda
INFO:src.estimators.masked_ae:[masked-ae] sweep lam=2.1544346900318834 epoch 19/25 time=1.18s device=cuda
INFO:src.estimators.masked_ae:[masked-ae] sweep lam=2.1544346900318834 epoch 20/25 time=1.27s device=cuda
INFO:src.estimators.masked_ae:[masked-ae] sweep lam=2.1544346900318834 epoch 21/25 time=1.46s device=cuda
INFO:src.estimators.masked_ae:[masked-ae] sweep lam=2.1544346900318834 epoch 22/25 time=1.41s device=cuda
INFO:src.estimators.masked_ae:[masked-ae] sweep lam=2.1544346900318834 epoch 23/25 time=1.24s device=cuda
INFO:src.estimators.masked_ae:[masked-ae] sweep lam=2.1544346900318834 epoch 24/25 time=1.38s device=cuda
INFO:src.estimators.masked_ae:[masked-ae] sweep lam=2.1544346900318834 epoch 25/25 time=1.32s device=cuda
INFO:src.estimators.masked_ae:[masked-ae] sweep lam=3.593813663804626 epoch 1/25 time=1.43s device=cuda
INFO:src.estimators.masked_ae:[masked-ae] sweep lam=3.593813663804626 epoch 2/25 time=1.08s device=cuda
INFO:src.estimators.masked_ae:[masked-ae] sweep lam=3.593813663804626 epoch 3/25 time=1.14s device=cuda
INFO:src.estimators.masked_ae:[masked-ae] sweep lam=3.593813663804626 epoch 4/25 time=1.46s device=cuda
INFO:src.estimators.masked_ae:[masked-ae] sweep lam=3.593813663804626 epoch 5/25 time=1.43s device=cuda
INFO:src.estimators.masked_ae:[masked-ae] sweep lam=3.593813663804626 epoch 6/25 time=1.51s device=cuda
INFO:src.estimators.masked_ae:[masked-ae] sweep lam=3.593813663804626 epoch 7/25 time=1.49s device=cuda
INFO:src.estimators.masked_ae:[masked-ae] sweep lam=3.593813663804626 epoch 8/25 time=1.68s device=cuda
INFO:src.estimators.masked_ae:[masked-ae] sweep lam=3.593813663804626 epoch 9/25 time=1.29s device=cuda
INFO:src.estimators.masked_ae:[masked-ae] sweep lam=3.593813663804626 epoch 10/25 time=1.36s device=cuda
INFO:src.estimators.masked_ae:[masked-ae] sweep lam=3.593813663804626 epoch 11/25 time=1.26s device=cuda
INFO:src.estimators.masked_ae:[masked-ae] sweep lam=3.593813663804626 epoch 12/25 time=1.45s device=cuda
INFO:src.estimators.masked_ae:[masked-ae] sweep lam=3.593813663804626 epoch 13/25 time=1.39s device=cuda
INFO:src.estimators.masked_ae:[masked-ae] sweep lam=3.593813663804626 epoch 14/25 time=1.56s device=cuda
INFO:src.estimators.masked_ae:[masked-ae] sweep lam=3.593813663804626 epoch 15/25 time=1.49s device=cuda
INFO:src.estimators.masked_ae:[masked-ae] sweep lam=3.593813663804626 epoch 16/25 time=1.37s device=cuda
INFO:src.estimators.masked_ae:[masked-ae] sweep lam=3.593813663804626 epoch 17/25 time=1.24s device=cuda
INFO:src.estimators.masked_ae:[masked-ae] sweep lam=3.593813663804626 epoch 18/25 time=1.54s device=cuda
INFO:src.estimators.masked_ae:[masked-ae] sweep lam=3.593813663804626 epoch 19/25 time=1.25s device=cuda
INFO:src.estimators.masked_ae:[masked-ae] sweep lam=3.593813663804626 epoch 20/25 time=1.25s device=cuda
INFO:src.estimators.masked_ae:[masked-ae] sweep lam=3.593813663804626 epoch 21/25 time=1.06s device=cuda
INFO:src.estimators.masked_ae:[masked-ae] sweep lam=3.593813663804626 epoch 22/25 time=1.20s device=cuda
INFO:src.estimators.masked_ae:[masked-ae] sweep lam=3.593813663804626 epoch 23/25 time=1.36s device=cuda
INFO:src.estimators.masked_ae:[masked-ae] sweep lam=3.593813663804626 epoch 24/25 time=1.27s device=cuda
INFO:src.estimators.masked_ae:[masked-ae] sweep lam=3.593813663804626 epoch 25/25 time=1.40s device=cuda
INFO:src.estimators.masked_ae:[masked-ae] sweep lam=5.994842503189409 epoch 1/25 time=1.38s device=cuda
INFO:src.estimators.masked_ae:[masked-ae] sweep lam=5.994842503189409 epoch 2/25 time=1.37s device=cuda
INFO:src.estimators.masked_ae:[masked-ae] sweep lam=5.994842503189409 epoch 3/25 time=1.32s device=cuda
INFO:src.estimators.masked_ae:[masked-ae] sweep lam=5.994842503189409 epoch 4/25 time=1.22s device=cuda
INFO:src.estimators.masked_ae:[masked-ae] sweep lam=5.994842503189409 epoch 5/25 time=1.23s device=cuda
INFO:src.estimators.masked_ae:[masked-ae] sweep lam=5.994842503189409 epoch 6/25 time=1.42s device=cuda
INFO:src.estimators.masked_ae:[masked-ae] sweep lam=5.994842503189409 epoch 7/25 time=1.12s device=cuda
INFO:src.estimators.masked_ae:[masked-ae] sweep lam=5.994842503189409 epoch 8/25 time=1.46s device=cuda
INFO:src.estimators.masked_ae:[masked-ae] sweep lam=5.994842503189409 epoch 9/25 time=1.39s device=cuda
INFO:src.estimators.masked_ae:[masked-ae] sweep lam=5.994842503189409 epoch 10/25 time=1.51s device=cuda
INFO:src.estimators.masked_ae:[masked-ae] sweep lam=5.994842503189409 epoch 11/25 time=1.41s device=cuda
INFO:src.estimators.masked_ae:[masked-ae] sweep lam=5.994842503189409 epoch 12/25 time=1.53s device=cuda
INFO:src.estimators.masked_ae:[masked-ae] sweep lam=5.994842503189409 epoch 13/25 time=1.67s device=cuda
INFO:src.estimators.masked_ae:[masked-ae] sweep lam=5.994842503189409 epoch 14/25 time=1.31s device=cuda
INFO:src.estimators.masked_ae:[masked-ae] sweep lam=5.994842503189409 epoch 15/25 time=1.34s device=cuda
INFO:src.estimators.masked_ae:[masked-ae] sweep lam=5.994842503189409 epoch 16/25 time=1.36s device=cuda
INFO:src.estimators.masked_ae:[masked-ae] sweep lam=5.994842503189409 epoch 17/25 time=1.09s device=cuda
INFO:src.estimators.masked_ae:[masked-ae] sweep lam=5.994842503189409 epoch 18/25 time=1.34s device=cuda
INFO:src.estimators.masked_ae:[masked-ae] sweep lam=5.994842503189409 epoch 19/25 time=1.17s device=cuda
INFO:src.estimators.masked_ae:[masked-ae] sweep lam=5.994842503189409 epoch 20/25 time=1.55s device=cuda
INFO:src.estimators.masked_ae:[masked-ae] sweep lam=5.994842503189409 epoch 21/25 time=1.55s device=cuda
INFO:src.estimators.masked_ae:[masked-ae] sweep lam=5.994842503189409 epoch 22/25 time=1.35s device=cuda
INFO:src.estimators.masked_ae:[masked-ae] sweep lam=5.994842503189409 epoch 23/25 time=1.36s device=cuda
INFO:src.estimators.masked_ae:[masked-ae] sweep lam=5.994842503189409 epoch 24/25 time=1.33s device=cuda
INFO:src.estimators.masked_ae:[masked-ae] sweep lam=5.994842503189409 epoch 25/25 time=1.40s device=cuda
INFO:src.estimators.masked_ae:[masked-ae] sweep lam=10.0 epoch 1/25 time=1.48s device=cuda
INFO:src.estimators.masked_ae:[masked-ae] sweep lam=10.0 epoch 2/25 time=1.27s device=cuda
INFO:src.estimators.masked_ae:[masked-ae] sweep lam=10.0 epoch 3/25 time=1.54s device=cuda
INFO:src.estimators.masked_ae:[masked-ae] sweep lam=10.0 epoch 4/25 time=1.39s device=cuda
INFO:src.estimators.masked_ae:[masked-ae] sweep lam=10.0 epoch 5/25 time=1.20s device=cuda
INFO:src.estimators.masked_ae:[masked-ae] sweep lam=10.0 epoch 6/25 time=1.45s device=cuda
INFO:src.estimators.masked_ae:[masked-ae] sweep lam=10.0 epoch 7/25 time=1.40s device=cuda
INFO:src.estimators.masked_ae:[masked-ae] sweep lam=10.0 epoch 8/25 time=1.28s device=cuda
INFO:src.estimators.masked_ae:[masked-ae] sweep lam=10.0 epoch 9/25 time=1.47s device=cuda
INFO:src.estimators.masked_ae:[masked-ae] sweep lam=10.0 epoch 10/25 time=1.32s device=cuda
INFO:src.estimators.masked_ae:[masked-ae] sweep lam=10.0 epoch 11/25 time=1.21s device=cuda
INFO:src.estimators.masked_ae:[masked-ae] sweep lam=10.0 epoch 12/25 time=1.13s device=cuda
INFO:src.estimators.masked_ae:[masked-ae] sweep lam=10.0 epoch 13/25 time=1.29s device=cuda
INFO:src.estimators.masked_ae:[masked-ae] sweep lam=10.0 epoch 14/25 time=1.52s device=cuda
INFO:src.estimators.masked_ae:[masked-ae] sweep lam=10.0 epoch 15/25 time=1.52s device=cuda
INFO:src.estimators.masked_ae:[masked-ae] sweep lam=10.0 epoch 16/25 time=1.23s device=cuda
INFO:src.estimators.masked_ae:[masked-ae] sweep lam=10.0 epoch 17/25 time=1.33s device=cuda
INFO:src.estimators.masked_ae:[masked-ae] sweep lam=10.0 epoch 18/25 time=1.43s device=cuda
INFO:src.estimators.masked_ae:[masked-ae] sweep lam=10.0 epoch 19/25 time=1.40s device=cuda
INFO:src.estimators.masked_ae:[masked-ae] sweep lam=10.0 epoch 20/25 time=1.15s device=cuda
INFO:src.estimators.masked_ae:[masked-ae] sweep lam=10.0 epoch 21/25 time=1.26s device=cuda
INFO:src.estimators.masked_ae:[masked-ae] sweep lam=10.0 epoch 22/25 time=1.48s device=cuda
INFO:src.estimators.masked_ae:[masked-ae] sweep lam=10.0 epoch 23/25 time=1.30s device=cuda
INFO:src.estimators.masked_ae:[masked-ae] sweep lam=10.0 epoch 24/25 time=1.15s device=cuda
INFO:src.estimators.masked_ae:[masked-ae] sweep lam=10.0 epoch 25/25 time=1.14s device=cuda
INFO:src.estimators.masked_ae:[masked-ae] retrain epoch 1/10 time=1.23s device=cuda
INFO:src.estimators.masked_ae:[masked-ae] retrain epoch 2/10 time=1.36s device=cuda
INFO:src.estimators.masked_ae:[masked-ae] retrain epoch 3/10 time=1.43s device=cuda
INFO:src.estimators.masked_ae:[masked-ae] retrain epoch 4/10 time=1.63s device=cuda
INFO:src.estimators.masked_ae:[masked-ae] retrain epoch 5/10 time=1.26s device=cuda
INFO:src.estimators.masked_ae:[masked-ae] retrain epoch 6/10 time=1.30s device=cuda
INFO:src.estimators.masked_ae:[masked-ae] retrain epoch 7/10 time=1.31s device=cuda
INFO:src.estimators.masked_ae:[masked-ae] retrain epoch 8/10 time=1.35s device=cuda
INFO:src.estimators.masked_ae:[masked-ae] retrain epoch 9/10 time=1.32s device=cuda
INFO:src.estimators.masked_ae:[masked-ae] retrain epoch 10/10 time=1.30s device=cuda
INFO:repair_masked_ae:Group ('mnist', 9, 1.0, 0) repaired: estimate=15.0 elapsed_s=367.55 device=cuda samples=60000 rows=5
INFO:repair_masked_ae:Processing group key=('mnist', 12, 0.0, 0) with 5 rows; example row 555
INFO:src.estimators.masked_ae:[masked-ae] pretrain epoch 1/10 time=1.07s device=cuda
INFO:src.estimators.masked_ae:[masked-ae] pretrain epoch 2/10 time=1.32s device=cuda
INFO:src.estimators.masked_ae:[masked-ae] pretrain epoch 3/10 time=1.37s device=cuda
INFO:src.estimators.masked_ae:[masked-ae] pretrain epoch 4/10 time=1.37s device=cuda
INFO:src.estimators.masked_ae:[masked-ae] pretrain epoch 5/10 time=1.29s device=cuda
INFO:src.estimators.masked_ae:[masked-ae] pretrain epoch 6/10 time=1.32s device=cuda
INFO:src.estimators.masked_ae:[masked-ae] pretrain epoch 7/10 time=1.09s device=cuda
INFO:src.estimators.masked_ae:[masked-ae] pretrain epoch 8/10 time=1.27s device=cuda
INFO:src.estimators.masked_ae:[masked-ae] pretrain epoch 9/10 time=1.09s device=cuda
INFO:src.estimators.masked_ae:[masked-ae] pretrain epoch 10/10 time=0.91s device=cuda
INFO:src.estimators.masked_ae:[masked-ae] sweep lam=0.1 epoch 1/25 time=1.48s device=cuda
INFO:src.estimators.masked_ae:[masked-ae] sweep lam=0.1 epoch 2/25 time=1.49s device=cuda
INFO:src.estimators.masked_ae:[masked-ae] sweep lam=0.1 epoch 3/25 time=1.40s device=cuda
INFO:src.estimators.masked_ae:[masked-ae] sweep lam=0.1 epoch 4/25 time=1.27s device=cuda
INFO:src.estimators.masked_ae:[masked-ae] sweep lam=0.1 epoch 5/25 time=1.34s device=cuda
INFO:src.estimators.masked_ae:[masked-ae] sweep lam=0.1 epoch 6/25 time=1.45s device=cuda
INFO:src.estimators.masked_ae:[masked-ae] sweep lam=0.1 epoch 7/25 time=1.38s device=cuda
INFO:src.estimators.masked_ae:[masked-ae] sweep lam=0.1 epoch 8/25 time=1.25s device=cuda
INFO:src.estimators.masked_ae:[masked-ae] sweep lam=0.1 epoch 9/25 time=1.33s device=cuda
INFO:src.estimators.masked_ae:[masked-ae] sweep lam=0.1 epoch 10/25 time=1.29s device=cuda
INFO:src.estimators.masked_ae:[masked-ae] sweep lam=0.1 epoch 11/25 time=1.49s device=cuda
INFO:src.estimators.masked_ae:[masked-ae] sweep lam=0.1 epoch 12/25 time=1.33s device=cuda
INFO:src.estimators.masked_ae:[masked-ae] sweep lam=0.1 epoch 13/25 time=1.36s device=cuda
INFO:src.estimators.masked_ae:[masked-ae] sweep lam=0.1 epoch 14/25 time=1.41s device=cuda
INFO:src.estimators.masked_ae:[masked-ae] sweep lam=0.1 epoch 15/25 time=1.34s device=cuda
INFO:src.estimators.masked_ae:[masked-ae] sweep lam=0.1 epoch 16/25 time=1.33s device=cuda
INFO:src.estimators.masked_ae:[masked-ae] sweep lam=0.1 epoch 17/25 time=1.53s device=cuda
INFO:src.estimators.masked_ae:[masked-ae] sweep lam=0.1 epoch 18/25 time=1.31s device=cuda
INFO:src.estimators.masked_ae:[masked-ae] sweep lam=0.1 epoch 19/25 time=1.49s device=cuda
INFO:src.estimators.masked_ae:[masked-ae] sweep lam=0.1 epoch 20/25 time=1.43s device=cuda
INFO:src.estimators.masked_ae:[masked-ae] sweep lam=0.1 epoch 21/25 time=1.45s device=cuda
INFO:src.estimators.masked_ae:[masked-ae] sweep lam=0.1 epoch 22/25 time=1.48s device=cuda
INFO:src.estimators.masked_ae:[masked-ae] sweep lam=0.1 epoch 23/25 time=1.28s device=cuda
INFO:src.estimators.masked_ae:[masked-ae] sweep lam=0.1 epoch 24/25 time=1.39s device=cuda
INFO:src.estimators.masked_ae:[masked-ae] sweep lam=0.1 epoch 25/25 time=1.52s device=cuda
INFO:src.estimators.masked_ae:[masked-ae] sweep lam=0.16681005372000587 epoch 1/25 time=1.36s device=cuda
INFO:src.estimators.masked_ae:[masked-ae] sweep lam=0.16681005372000587 epoch 2/25 time=1.37s device=cuda
INFO:src.estimators.masked_ae:[masked-ae] sweep lam=0.16681005372000587 epoch 3/25 time=1.39s device=cuda
INFO:src.estimators.masked_ae:[masked-ae] sweep lam=0.16681005372000587 epoch 4/25 time=1.26s device=cuda
INFO:src.estimators.masked_ae:[masked-ae] sweep lam=0.16681005372000587 epoch 5/25 time=1.25s device=cuda
INFO:src.estimators.masked_ae:[masked-ae] sweep lam=0.16681005372000587 epoch 6/25 time=1.31s device=cuda
INFO:src.estimators.masked_ae:[masked-ae] sweep lam=0.16681005372000587 epoch 7/25 time=1.45s device=cuda
INFO:src.estimators.masked_ae:[masked-ae] sweep lam=0.16681005372000587 epoch 8/25 time=1.53s device=cuda
INFO:src.estimators.masked_ae:[masked-ae] sweep lam=0.16681005372000587 epoch 9/25 time=1.43s device=cuda
INFO:src.estimators.masked_ae:[masked-ae] sweep lam=0.16681005372000587 epoch 10/25 time=1.29s device=cuda
INFO:src.estimators.masked_ae:[masked-ae] sweep lam=0.16681005372000587 epoch 11/25 time=1.19s device=cuda
INFO:src.estimators.masked_ae:[masked-ae] sweep lam=0.16681005372000587 epoch 12/25 time=1.40s device=cuda
INFO:src.estimators.masked_ae:[masked-ae] sweep lam=0.16681005372000587 epoch 13/25 time=1.35s device=cuda
INFO:src.estimators.masked_ae:[masked-ae] sweep lam=0.16681005372000587 epoch 14/25 time=1.35s device=cuda
INFO:src.estimators.masked_ae:[masked-ae] sweep lam=0.16681005372000587 epoch 15/25 time=1.60s device=cuda
INFO:src.estimators.masked_ae:[masked-ae] sweep lam=0.16681005372000587 epoch 16/25 time=1.34s device=cuda
INFO:src.estimators.masked_ae:[masked-ae] sweep lam=0.16681005372000587 epoch 17/25 time=1.26s device=cuda
INFO:src.estimators.masked_ae:[masked-ae] sweep lam=0.16681005372000587 epoch 18/25 time=1.50s device=cuda
INFO:src.estimators.masked_ae:[masked-ae] sweep lam=0.16681005372000587 epoch 19/25 time=1.54s device=cuda
INFO:src.estimators.masked_ae:[masked-ae] sweep lam=0.16681005372000587 epoch 20/25 time=1.50s device=cuda
INFO:src.estimators.masked_ae:[masked-ae] sweep lam=0.16681005372000587 epoch 21/25 time=1.53s device=cuda
INFO:src.estimators.masked_ae:[masked-ae] sweep lam=0.16681005372000587 epoch 22/25 time=1.24s device=cuda
INFO:src.estimators.masked_ae:[masked-ae] sweep lam=0.16681005372000587 epoch 23/25 time=1.39s device=cuda
INFO:src.estimators.masked_ae:[masked-ae] sweep lam=0.16681005372000587 epoch 24/25 time=1.33s device=cuda
INFO:src.estimators.masked_ae:[masked-ae] sweep lam=0.16681005372000587 epoch 25/25 time=1.18s device=cuda
INFO:src.estimators.masked_ae:[masked-ae] sweep lam=0.2782559402207124 epoch 1/25 time=1.67s device=cuda
INFO:src.estimators.masked_ae:[masked-ae] sweep lam=0.2782559402207124 epoch 2/25 time=1.37s device=cuda
INFO:src.estimators.masked_ae:[masked-ae] sweep lam=0.2782559402207124 epoch 3/25 time=1.26s device=cuda
INFO:src.estimators.masked_ae:[masked-ae] sweep lam=0.2782559402207124 epoch 4/25 time=1.17s device=cuda
INFO:src.estimators.masked_ae:[masked-ae] sweep lam=0.2782559402207124 epoch 5/25 time=1.52s device=cuda
INFO:src.estimators.masked_ae:[masked-ae] sweep lam=0.2782559402207124 epoch 6/25 time=1.40s device=cuda
INFO:src.estimators.masked_ae:[masked-ae] sweep lam=0.2782559402207124 epoch 7/25 time=1.57s device=cuda
INFO:src.estimators.masked_ae:[masked-ae] sweep lam=0.2782559402207124 epoch 8/25 time=1.41s device=cuda
INFO:src.estimators.masked_ae:[masked-ae] sweep lam=0.2782559402207124 epoch 9/25 time=1.31s device=cuda
INFO:src.estimators.masked_ae:[masked-ae] sweep lam=0.2782559402207124 epoch 10/25 time=1.29s device=cuda
INFO:src.estimators.masked_ae:[masked-ae] sweep lam=0.2782559402207124 epoch 11/25 time=1.31s device=cuda
INFO:src.estimators.masked_ae:[masked-ae] sweep lam=0.2782559402207124 epoch 12/25 time=1.35s device=cuda
INFO:src.estimators.masked_ae:[masked-ae] sweep lam=0.2782559402207124 epoch 13/25 time=1.39s device=cuda
INFO:src.estimators.masked_ae:[masked-ae] sweep lam=0.2782559402207124 epoch 14/25 time=1.35s device=cuda
INFO:src.estimators.masked_ae:[masked-ae] sweep lam=0.2782559402207124 epoch 15/25 time=1.49s device=cuda
INFO:src.estimators.masked_ae:[masked-ae] sweep lam=0.2782559402207124 epoch 16/25 time=1.43s device=cuda
INFO:src.estimators.masked_ae:[masked-ae] sweep lam=0.2782559402207124 epoch 17/25 time=1.60s device=cuda
INFO:src.estimators.masked_ae:[masked-ae] sweep lam=0.2782559402207124 epoch 18/25 time=1.42s device=cuda
INFO:src.estimators.masked_ae:[masked-ae] sweep lam=0.2782559402207124 epoch 19/25 time=1.20s device=cuda
INFO:src.estimators.masked_ae:[masked-ae] sweep lam=0.2782559402207124 epoch 20/25 time=1.42s device=cuda
INFO:src.estimators.masked_ae:[masked-ae] sweep lam=0.2782559402207124 epoch 21/25 time=1.24s device=cuda
INFO:src.estimators.masked_ae:[masked-ae] sweep lam=0.2782559402207124 epoch 22/25 time=1.25s device=cuda
INFO:src.estimators.masked_ae:[masked-ae] sweep lam=0.2782559402207124 epoch 23/25 time=1.48s device=cuda
INFO:src.estimators.masked_ae:[masked-ae] sweep lam=0.2782559402207124 epoch 24/25 time=1.32s device=cuda
INFO:src.estimators.masked_ae:[masked-ae] sweep lam=0.2782559402207124 epoch 25/25 time=1.54s device=cuda
INFO:src.estimators.masked_ae:[masked-ae] sweep lam=0.46415888336127786 epoch 1/25 time=1.43s device=cuda
INFO:src.estimators.masked_ae:[masked-ae] sweep lam=0.46415888336127786 epoch 2/25 time=1.33s device=cuda
INFO:src.estimators.masked_ae:[masked-ae] sweep lam=0.46415888336127786 epoch 3/25 time=1.40s device=cuda
INFO:src.estimators.masked_ae:[masked-ae] sweep lam=0.46415888336127786 epoch 4/25 time=1.53s device=cuda
INFO:src.estimators.masked_ae:[masked-ae] sweep lam=0.46415888336127786 epoch 5/25 time=1.39s device=cuda
INFO:src.estimators.masked_ae:[masked-ae] sweep lam=0.46415888336127786 epoch 6/25 time=1.20s device=cuda
INFO:src.estimators.masked_ae:[masked-ae] sweep lam=0.46415888336127786 epoch 7/25 time=1.25s device=cuda
INFO:src.estimators.masked_ae:[masked-ae] sweep lam=0.46415888336127786 epoch 8/25 time=1.35s device=cuda
INFO:src.estimators.masked_ae:[masked-ae] sweep lam=0.46415888336127786 epoch 9/25 time=1.35s device=cuda
INFO:src.estimators.masked_ae:[masked-ae] sweep lam=0.46415888336127786 epoch 10/25 time=1.41s device=cuda
INFO:src.estimators.masked_ae:[masked-ae] sweep lam=0.46415888336127786 epoch 11/25 time=1.39s device=cuda
INFO:src.estimators.masked_ae:[masked-ae] sweep lam=0.46415888336127786 epoch 12/25 time=1.28s device=cuda
INFO:src.estimators.masked_ae:[masked-ae] sweep lam=0.46415888336127786 epoch 13/25 time=1.44s device=cuda
INFO:src.estimators.masked_ae:[masked-ae] sweep lam=0.46415888336127786 epoch 14/25 time=1.29s device=cuda
INFO:src.estimators.masked_ae:[masked-ae] sweep lam=0.46415888336127786 epoch 15/25 time=1.32s device=cuda
INFO:src.estimators.masked_ae:[masked-ae] sweep lam=0.46415888336127786 epoch 16/25 time=1.13s device=cuda
INFO:src.estimators.masked_ae:[masked-ae] sweep lam=0.46415888336127786 epoch 17/25 time=1.29s device=cuda
INFO:src.estimators.masked_ae:[masked-ae] sweep lam=0.46415888336127786 epoch 18/25 time=1.46s device=cuda
INFO:src.estimators.masked_ae:[masked-ae] sweep lam=0.46415888336127786 epoch 19/25 time=1.33s device=cuda
INFO:src.estimators.masked_ae:[masked-ae] sweep lam=0.46415888336127786 epoch 20/25 time=1.34s device=cuda
INFO:src.estimators.masked_ae:[masked-ae] sweep lam=0.46415888336127786 epoch 21/25 time=1.22s device=cuda
INFO:src.estimators.masked_ae:[masked-ae] sweep lam=0.46415888336127786 epoch 22/25 time=1.37s device=cuda
INFO:src.estimators.masked_ae:[masked-ae] sweep lam=0.46415888336127786 epoch 23/25 time=1.27s device=cuda
INFO:src.estimators.masked_ae:[masked-ae] sweep lam=0.46415888336127786 epoch 24/25 time=1.45s device=cuda
INFO:src.estimators.masked_ae:[masked-ae] sweep lam=0.46415888336127786 epoch 25/25 time=1.52s device=cuda
INFO:src.estimators.masked_ae:[masked-ae] sweep lam=0.774263682681127 epoch 1/25 time=1.33s device=cuda
INFO:src.estimators.masked_ae:[masked-ae] sweep lam=0.774263682681127 epoch 2/25 time=1.39s device=cuda
INFO:src.estimators.masked_ae:[masked-ae] sweep lam=0.774263682681127 epoch 3/25 time=1.36s device=cuda
INFO:src.estimators.masked_ae:[masked-ae] sweep lam=0.774263682681127 epoch 4/25 time=1.13s device=cuda
INFO:src.estimators.masked_ae:[masked-ae] sweep lam=0.774263682681127 epoch 5/25 time=1.39s device=cuda
INFO:src.estimators.masked_ae:[masked-ae] sweep lam=0.774263682681127 epoch 6/25 time=1.15s device=cuda
INFO:src.estimators.masked_ae:[masked-ae] sweep lam=0.774263682681127 epoch 7/25 time=1.26s device=cuda
INFO:src.estimators.masked_ae:[masked-ae] sweep lam=0.774263682681127 epoch 8/25 time=1.41s device=cuda
INFO:src.estimators.masked_ae:[masked-ae] sweep lam=0.774263682681127 epoch 9/25 time=1.36s device=cuda
INFO:src.estimators.masked_ae:[masked-ae] sweep lam=0.774263682681127 epoch 10/25 time=1.40s device=cuda
INFO:src.estimators.masked_ae:[masked-ae] sweep lam=0.774263682681127 epoch 11/25 time=1.54s device=cuda
INFO:src.estimators.masked_ae:[masked-ae] sweep lam=0.774263682681127 epoch 12/25 time=1.62s device=cuda
INFO:src.estimators.masked_ae:[masked-ae] sweep lam=0.774263682681127 epoch 13/25 time=1.37s device=cuda
INFO:src.estimators.masked_ae:[masked-ae] sweep lam=0.774263682681127 epoch 14/25 time=1.25s device=cuda
INFO:src.estimators.masked_ae:[masked-ae] sweep lam=0.774263682681127 epoch 15/25 time=1.29s device=cuda
INFO:src.estimators.masked_ae:[masked-ae] sweep lam=0.774263682681127 epoch 16/25 time=1.60s device=cuda
INFO:src.estimators.masked_ae:[masked-ae] sweep lam=0.774263682681127 epoch 17/25 time=1.22s device=cuda
INFO:src.estimators.masked_ae:[masked-ae] sweep lam=0.774263682681127 epoch 18/25 time=1.18s device=cuda
INFO:src.estimators.masked_ae:[masked-ae] sweep lam=0.774263682681127 epoch 19/25 time=1.44s device=cuda
INFO:src.estimators.masked_ae:[masked-ae] sweep lam=0.774263682681127 epoch 20/25 time=1.48s device=cuda
INFO:src.estimators.masked_ae:[masked-ae] sweep lam=0.774263682681127 epoch 21/25 time=1.43s device=cuda
INFO:src.estimators.masked_ae:[masked-ae] sweep lam=0.774263682681127 epoch 22/25 time=1.38s device=cuda
INFO:src.estimators.masked_ae:[masked-ae] sweep lam=0.774263682681127 epoch 23/25 time=1.40s device=cuda
INFO:src.estimators.masked_ae:[masked-ae] sweep lam=0.774263682681127 epoch 24/25 time=1.36s device=cuda
INFO:src.estimators.masked_ae:[masked-ae] sweep lam=0.774263682681127 epoch 25/25 time=1.10s device=cuda
INFO:src.estimators.masked_ae:[masked-ae] sweep lam=1.291549665014884 epoch 1/25 time=1.49s device=cuda
INFO:src.estimators.masked_ae:[masked-ae] sweep lam=1.291549665014884 epoch 2/25 time=1.37s device=cuda
INFO:src.estimators.masked_ae:[masked-ae] sweep lam=1.291549665014884 epoch 3/25 time=1.30s device=cuda
INFO:src.estimators.masked_ae:[masked-ae] sweep lam=1.291549665014884 epoch 4/25 time=1.20s device=cuda
INFO:src.estimators.masked_ae:[masked-ae] sweep lam=1.291549665014884 epoch 5/25 time=1.36s device=cuda
INFO:src.estimators.masked_ae:[masked-ae] sweep lam=1.291549665014884 epoch 6/25 time=1.27s device=cuda
INFO:src.estimators.masked_ae:[masked-ae] sweep lam=1.291549665014884 epoch 7/25 time=1.31s device=cuda
INFO:src.estimators.masked_ae:[masked-ae] sweep lam=1.291549665014884 epoch 8/25 time=1.51s device=cuda
INFO:src.estimators.masked_ae:[masked-ae] sweep lam=1.291549665014884 epoch 9/25 time=1.36s device=cuda
INFO:src.estimators.masked_ae:[masked-ae] sweep lam=1.291549665014884 epoch 10/25 time=1.14s device=cuda
INFO:src.estimators.masked_ae:[masked-ae] sweep lam=1.291549665014884 epoch 11/25 time=1.22s device=cuda
INFO:src.estimators.masked_ae:[masked-ae] sweep lam=1.291549665014884 epoch 12/25 time=1.19s device=cuda
INFO:src.estimators.masked_ae:[masked-ae] sweep lam=1.291549665014884 epoch 13/25 time=1.51s device=cuda
INFO:src.estimators.masked_ae:[masked-ae] sweep lam=1.291549665014884 epoch 14/25 time=1.20s device=cuda
INFO:src.estimators.masked_ae:[masked-ae] sweep lam=1.291549665014884 epoch 15/25 time=1.28s device=cuda
INFO:src.estimators.masked_ae:[masked-ae] sweep lam=1.291549665014884 epoch 16/25 time=1.18s device=cuda
INFO:src.estimators.masked_ae:[masked-ae] sweep lam=1.291549665014884 epoch 17/25 time=1.50s device=cuda
INFO:src.estimators.masked_ae:[masked-ae] sweep lam=1.291549665014884 epoch 18/25 time=1.26s device=cuda
INFO:src.estimators.masked_ae:[masked-ae] sweep lam=1.291549665014884 epoch 19/25 time=1.38s device=cuda
INFO:src.estimators.masked_ae:[masked-ae] sweep lam=1.291549665014884 epoch 20/25 time=1.60s device=cuda
INFO:src.estimators.masked_ae:[masked-ae] sweep lam=1.291549665014884 epoch 21/25 time=1.25s device=cuda
INFO:src.estimators.masked_ae:[masked-ae] sweep lam=1.291549665014884 epoch 22/25 time=1.16s device=cuda
INFO:src.estimators.masked_ae:[masked-ae] sweep lam=1.291549665014884 epoch 23/25 time=1.40s device=cuda
INFO:src.estimators.masked_ae:[masked-ae] sweep lam=1.291549665014884 epoch 24/25 time=1.45s device=cuda
INFO:src.estimators.masked_ae:[masked-ae] sweep lam=1.291549665014884 epoch 25/25 time=1.19s device=cuda
INFO:src.estimators.masked_ae:[masked-ae] sweep lam=2.1544346900318834 epoch 1/25 time=1.38s device=cuda
INFO:src.estimators.masked_ae:[masked-ae] sweep lam=2.1544346900318834 epoch 2/25 time=1.45s device=cuda
INFO:src.estimators.masked_ae:[masked-ae] sweep lam=2.1544346900318834 epoch 3/25 time=1.35s device=cuda
INFO:src.estimators.masked_ae:[masked-ae] sweep lam=2.1544346900318834 epoch 4/25 time=1.42s device=cuda
INFO:src.estimators.masked_ae:[masked-ae] sweep lam=2.1544346900318834 epoch 5/25 time=1.31s device=cuda
INFO:src.estimators.masked_ae:[masked-ae] sweep lam=2.1544346900318834 epoch 6/25 time=1.37s device=cuda
INFO:src.estimators.masked_ae:[masked-ae] sweep lam=2.1544346900318834 epoch 7/25 time=1.42s device=cuda
INFO:src.estimators.masked_ae:[masked-ae] sweep lam=2.1544346900318834 epoch 8/25 time=1.48s device=cuda
INFO:src.estimators.masked_ae:[masked-ae] sweep lam=2.1544346900318834 epoch 9/25 time=1.36s device=cuda
INFO:src.estimators.masked_ae:[masked-ae] sweep lam=2.1544346900318834 epoch 10/25 time=1.49s device=cuda
INFO:src.estimators.masked_ae:[masked-ae] sweep lam=2.1544346900318834 epoch 11/25 time=1.55s device=cuda
INFO:src.estimators.masked_ae:[masked-ae] sweep lam=2.1544346900318834 epoch 12/25 time=1.36s device=cuda
INFO:src.estimators.masked_ae:[masked-ae] sweep lam=2.1544346900318834 epoch 13/25 time=1.26s device=cuda
INFO:src.estimators.masked_ae:[masked-ae] sweep lam=2.1544346900318834 epoch 14/25 time=1.41s device=cuda
INFO:src.estimators.masked_ae:[masked-ae] sweep lam=2.1544346900318834 epoch 15/25 time=1.31s device=cuda
INFO:src.estimators.masked_ae:[masked-ae] sweep lam=2.1544346900318834 epoch 16/25 time=1.37s device=cuda
INFO:src.estimators.masked_ae:[masked-ae] sweep lam=2.1544346900318834 epoch 17/25 time=1.12s device=cuda
INFO:src.estimators.masked_ae:[masked-ae] sweep lam=2.1544346900318834 epoch 18/25 time=1.54s device=cuda
INFO:src.estimators.masked_ae:[masked-ae] sweep lam=2.1544346900318834 epoch 19/25 time=1.20s device=cuda
INFO:src.estimators.masked_ae:[masked-ae] sweep lam=2.1544346900318834 epoch 20/25 time=1.23s device=cuda
INFO:src.estimators.masked_ae:[masked-ae] sweep lam=2.1544346900318834 epoch 21/25 time=1.14s device=cuda
INFO:src.estimators.masked_ae:[masked-ae] sweep lam=2.1544346900318834 epoch 22/25 time=1.30s device=cuda
INFO:src.estimators.masked_ae:[masked-ae] sweep lam=2.1544346900318834 epoch 23/25 time=1.51s device=cuda
INFO:src.estimators.masked_ae:[masked-ae] sweep lam=2.1544346900318834 epoch 24/25 time=1.49s device=cuda
INFO:src.estimators.masked_ae:[masked-ae] sweep lam=2.1544346900318834 epoch 25/25 time=1.26s device=cuda
INFO:src.estimators.masked_ae:[masked-ae] sweep lam=3.593813663804626 epoch 1/25 time=1.37s device=cuda
INFO:src.estimators.masked_ae:[masked-ae] sweep lam=3.593813663804626 epoch 2/25 time=1.17s device=cuda
INFO:src.estimators.masked_ae:[masked-ae] sweep lam=3.593813663804626 epoch 3/25 time=1.40s device=cuda
INFO:src.estimators.masked_ae:[masked-ae] sweep lam=3.593813663804626 epoch 4/25 time=1.21s device=cuda
INFO:src.estimators.masked_ae:[masked-ae] sweep lam=3.593813663804626 epoch 5/25 time=1.24s device=cuda
INFO:src.estimators.masked_ae:[masked-ae] sweep lam=3.593813663804626 epoch 6/25 time=1.39s device=cuda
INFO:src.estimators.masked_ae:[masked-ae] sweep lam=3.593813663804626 epoch 7/25 time=1.36s device=cuda
INFO:src.estimators.masked_ae:[masked-ae] sweep lam=3.593813663804626 epoch 8/25 time=1.35s device=cuda
INFO:src.estimators.masked_ae:[masked-ae] sweep lam=3.593813663804626 epoch 9/25 time=1.23s device=cuda
INFO:src.estimators.masked_ae:[masked-ae] sweep lam=3.593813663804626 epoch 10/25 time=1.34s device=cuda
INFO:src.estimators.masked_ae:[masked-ae] sweep lam=3.593813663804626 epoch 11/25 time=1.27s device=cuda
INFO:src.estimators.masked_ae:[masked-ae] sweep lam=3.593813663804626 epoch 12/25 time=1.34s device=cuda
INFO:src.estimators.masked_ae:[masked-ae] sweep lam=3.593813663804626 epoch 13/25 time=1.35s device=cuda
INFO:src.estimators.masked_ae:[masked-ae] sweep lam=3.593813663804626 epoch 14/25 time=1.38s device=cuda
INFO:src.estimators.masked_ae:[masked-ae] sweep lam=3.593813663804626 epoch 15/25 time=1.42s device=cuda
INFO:src.estimators.masked_ae:[masked-ae] sweep lam=3.593813663804626 epoch 16/25 time=1.37s device=cuda
INFO:src.estimators.masked_ae:[masked-ae] sweep lam=3.593813663804626 epoch 17/25 time=1.40s device=cuda
INFO:src.estimators.masked_ae:[masked-ae] sweep lam=3.593813663804626 epoch 18/25 time=1.39s device=cuda
INFO:src.estimators.masked_ae:[masked-ae] sweep lam=3.593813663804626 epoch 19/25 time=1.38s device=cuda
INFO:src.estimators.masked_ae:[masked-ae] sweep lam=3.593813663804626 epoch 20/25 time=1.42s device=cuda
INFO:src.estimators.masked_ae:[masked-ae] sweep lam=3.593813663804626 epoch 21/25 time=1.33s device=cuda
INFO:src.estimators.masked_ae:[masked-ae] sweep lam=3.593813663804626 epoch 22/25 time=1.34s device=cuda
INFO:src.estimators.masked_ae:[masked-ae] sweep lam=3.593813663804626 epoch 23/25 time=1.69s device=cuda
INFO:src.estimators.masked_ae:[masked-ae] sweep lam=3.593813663804626 epoch 24/25 time=1.60s device=cuda
INFO:src.estimators.masked_ae:[masked-ae] sweep lam=3.593813663804626 epoch 25/25 time=1.22s device=cuda
INFO:src.estimators.masked_ae:[masked-ae] sweep lam=5.994842503189409 epoch 1/25 time=1.20s device=cuda
INFO:src.estimators.masked_ae:[masked-ae] sweep lam=5.994842503189409 epoch 2/25 time=1.07s device=cuda
INFO:src.estimators.masked_ae:[masked-ae] sweep lam=5.994842503189409 epoch 3/25 time=1.41s device=cuda
INFO:src.estimators.masked_ae:[masked-ae] sweep lam=5.994842503189409 epoch 4/25 time=1.28s device=cuda
INFO:src.estimators.masked_ae:[masked-ae] sweep lam=5.994842503189409 epoch 5/25 time=1.39s device=cuda
INFO:src.estimators.masked_ae:[masked-ae] sweep lam=5.994842503189409 epoch 6/25 time=1.46s device=cuda
INFO:src.estimators.masked_ae:[masked-ae] sweep lam=5.994842503189409 epoch 7/25 time=1.39s device=cuda
INFO:src.estimators.masked_ae:[masked-ae] sweep lam=5.994842503189409 epoch 8/25 time=1.36s device=cuda
INFO:src.estimators.masked_ae:[masked-ae] sweep lam=5.994842503189409 epoch 9/25 time=1.37s device=cuda
INFO:src.estimators.masked_ae:[masked-ae] sweep lam=5.994842503189409 epoch 10/25 time=1.42s device=cuda
INFO:src.estimators.masked_ae:[masked-ae] sweep lam=5.994842503189409 epoch 11/25 time=1.43s device=cuda
INFO:src.estimators.masked_ae:[masked-ae] sweep lam=5.994842503189409 epoch 12/25 time=1.37s device=cuda
INFO:src.estimators.masked_ae:[masked-ae] sweep lam=5.994842503189409 epoch 13/25 time=1.18s device=cuda
INFO:src.estimators.masked_ae:[masked-ae] sweep lam=5.994842503189409 epoch 14/25 time=1.43s device=cuda
INFO:src.estimators.masked_ae:[masked-ae] sweep lam=5.994842503189409 epoch 15/25 time=1.69s device=cuda
INFO:src.estimators.masked_ae:[masked-ae] sweep lam=5.994842503189409 epoch 16/25 time=1.52s device=cuda
INFO:src.estimators.masked_ae:[masked-ae] sweep lam=5.994842503189409 epoch 17/25 time=1.34s device=cuda
INFO:src.estimators.masked_ae:[masked-ae] sweep lam=5.994842503189409 epoch 18/25 time=1.32s device=cuda
INFO:src.estimators.masked_ae:[masked-ae] sweep lam=5.994842503189409 epoch 19/25 time=1.32s device=cuda
INFO:src.estimators.masked_ae:[masked-ae] sweep lam=5.994842503189409 epoch 20/25 time=1.34s device=cuda
INFO:src.estimators.masked_ae:[masked-ae] sweep lam=5.994842503189409 epoch 21/25 time=1.41s device=cuda
INFO:src.estimators.masked_ae:[masked-ae] sweep lam=5.994842503189409 epoch 22/25 time=1.35s device=cuda
INFO:src.estimators.masked_ae:[masked-ae] sweep lam=5.994842503189409 epoch 23/25 time=1.25s device=cuda
INFO:src.estimators.masked_ae:[masked-ae] sweep lam=5.994842503189409 epoch 24/25 time=1.49s device=cuda
INFO:src.estimators.masked_ae:[masked-ae] sweep lam=5.994842503189409 epoch 25/25 time=1.57s device=cuda
INFO:src.estimators.masked_ae:[masked-ae] sweep lam=10.0 epoch 1/25 time=1.29s device=cuda
INFO:src.estimators.masked_ae:[masked-ae] sweep lam=10.0 epoch 2/25 time=1.26s device=cuda
INFO:src.estimators.masked_ae:[masked-ae] sweep lam=10.0 epoch 3/25 time=1.39s device=cuda
INFO:src.estimators.masked_ae:[masked-ae] sweep lam=10.0 epoch 4/25 time=1.38s device=cuda
INFO:src.estimators.masked_ae:[masked-ae] sweep lam=10.0 epoch 5/25 time=1.39s device=cuda
INFO:src.estimators.masked_ae:[masked-ae] sweep lam=10.0 epoch 6/25 time=1.47s device=cuda
INFO:src.estimators.masked_ae:[masked-ae] sweep lam=10.0 epoch 7/25 time=1.32s device=cuda
INFO:src.estimators.masked_ae:[masked-ae] sweep lam=10.0 epoch 8/25 time=1.27s device=cuda
INFO:src.estimators.masked_ae:[masked-ae] sweep lam=10.0 epoch 9/25 time=1.32s device=cuda
INFO:src.estimators.masked_ae:[masked-ae] sweep lam=10.0 epoch 10/25 time=1.51s device=cuda
INFO:src.estimators.masked_ae:[masked-ae] sweep lam=10.0 epoch 11/25 time=1.31s device=cuda
INFO:src.estimators.masked_ae:[masked-ae] sweep lam=10.0 epoch 12/25 time=1.43s device=cuda
INFO:src.estimators.masked_ae:[masked-ae] sweep lam=10.0 epoch 13/25 time=1.38s device=cuda
INFO:src.estimators.masked_ae:[masked-ae] sweep lam=10.0 epoch 14/25 time=1.54s device=cuda
INFO:src.estimators.masked_ae:[masked-ae] sweep lam=10.0 epoch 15/25 time=1.23s device=cuda
INFO:src.estimators.masked_ae:[masked-ae] sweep lam=10.0 epoch 16/25 time=1.13s device=cuda
INFO:src.estimators.masked_ae:[masked-ae] sweep lam=10.0 epoch 17/25 time=1.64s device=cuda
INFO:src.estimators.masked_ae:[masked-ae] sweep lam=10.0 epoch 18/25 time=1.36s device=cuda
INFO:src.estimators.masked_ae:[masked-ae] sweep lam=10.0 epoch 19/25 time=1.47s device=cuda
INFO:src.estimators.masked_ae:[masked-ae] sweep lam=10.0 epoch 20/25 time=1.51s device=cuda
INFO:src.estimators.masked_ae:[masked-ae] sweep lam=10.0 epoch 21/25 time=1.31s device=cuda
INFO:src.estimators.masked_ae:[masked-ae] sweep lam=10.0 epoch 22/25 time=1.35s device=cuda
INFO:src.estimators.masked_ae:[masked-ae] sweep lam=10.0 epoch 23/25 time=1.40s device=cuda
INFO:src.estimators.masked_ae:[masked-ae] sweep lam=10.0 epoch 24/25 time=1.20s device=cuda
INFO:src.estimators.masked_ae:[masked-ae] sweep lam=10.0 epoch 25/25 time=1.47s device=cuda
INFO:src.estimators.masked_ae:[masked-ae] retrain epoch 1/10 time=1.24s device=cuda
INFO:src.estimators.masked_ae:[masked-ae] retrain epoch 2/10 time=1.37s device=cuda
INFO:src.estimators.masked_ae:[masked-ae] retrain epoch 3/10 time=1.08s device=cuda
INFO:src.estimators.masked_ae:[masked-ae] retrain epoch 4/10 time=1.22s device=cuda
INFO:src.estimators.masked_ae:[masked-ae] retrain epoch 5/10 time=1.33s device=cuda
INFO:src.estimators.masked_ae:[masked-ae] retrain epoch 6/10 time=1.30s device=cuda
INFO:src.estimators.masked_ae:[masked-ae] retrain epoch 7/10 time=1.34s device=cuda
INFO:src.estimators.masked_ae:[masked-ae] retrain epoch 8/10 time=1.67s device=cuda
INFO:src.estimators.masked_ae:[masked-ae] retrain epoch 9/10 time=1.22s device=cuda
INFO:src.estimators.masked_ae:[masked-ae] retrain epoch 10/10 time=1.51s device=cuda
INFO:repair_masked_ae:Group ('mnist', 12, 0.0, 0) repaired: estimate=35.0 elapsed_s=372.36 device=cuda samples=60000 rows=5
INFO:repair_masked_ae:Processing group key=('mnist', 12, 0.25, 0) with 5 rows; example row 590
INFO:src.estimators.masked_ae:[masked-ae] pretrain epoch 1/10 time=1.32s device=cuda
INFO:src.estimators.masked_ae:[masked-ae] pretrain epoch 2/10 time=1.21s device=cuda
INFO:src.estimators.masked_ae:[masked-ae] pretrain epoch 3/10 time=1.28s device=cuda
INFO:src.estimators.masked_ae:[masked-ae] pretrain epoch 4/10 time=1.28s device=cuda
INFO:src.estimators.masked_ae:[masked-ae] pretrain epoch 5/10 time=1.56s device=cuda
INFO:src.estimators.masked_ae:[masked-ae] pretrain epoch 6/10 time=1.40s device=cuda
INFO:src.estimators.masked_ae:[masked-ae] pretrain epoch 7/10 time=1.12s device=cuda
INFO:src.estimators.masked_ae:[masked-ae] pretrain epoch 8/10 time=1.21s device=cuda
INFO:src.estimators.masked_ae:[masked-ae] pretrain epoch 9/10 time=1.24s device=cuda
INFO:src.estimators.masked_ae:[masked-ae] pretrain epoch 10/10 time=1.17s device=cuda
INFO:src.estimators.masked_ae:[masked-ae] sweep lam=0.1 epoch 1/25 time=1.34s device=cuda
INFO:src.estimators.masked_ae:[masked-ae] sweep lam=0.1 epoch 2/25 time=1.22s device=cuda
INFO:src.estimators.masked_ae:[masked-ae] sweep lam=0.1 epoch 3/25 time=1.50s device=cuda
INFO:src.estimators.masked_ae:[masked-ae] sweep lam=0.1 epoch 4/25 time=1.30s device=cuda
INFO:src.estimators.masked_ae:[masked-ae] sweep lam=0.1 epoch 5/25 time=1.24s device=cuda
INFO:src.estimators.masked_ae:[masked-ae] sweep lam=0.1 epoch 6/25 time=1.35s device=cuda
INFO:src.estimators.masked_ae:[masked-ae] sweep lam=0.1 epoch 7/25 time=1.38s device=cuda
INFO:src.estimators.masked_ae:[masked-ae] sweep lam=0.1 epoch 8/25 time=1.53s device=cuda
INFO:src.estimators.masked_ae:[masked-ae] sweep lam=0.1 epoch 9/25 time=1.54s device=cuda
INFO:src.estimators.masked_ae:[masked-ae] sweep lam=0.1 epoch 10/25 time=1.28s device=cuda
INFO:src.estimators.masked_ae:[masked-ae] sweep lam=0.1 epoch 11/25 time=1.26s device=cuda
INFO:src.estimators.masked_ae:[masked-ae] sweep lam=0.1 epoch 12/25 time=1.53s device=cuda
INFO:src.estimators.masked_ae:[masked-ae] sweep lam=0.1 epoch 13/25 time=1.21s device=cuda
INFO:src.estimators.masked_ae:[masked-ae] sweep lam=0.1 epoch 14/25 time=1.58s device=cuda
INFO:src.estimators.masked_ae:[masked-ae] sweep lam=0.1 epoch 15/25 time=1.19s device=cuda
INFO:src.estimators.masked_ae:[masked-ae] sweep lam=0.1 epoch 16/25 time=1.34s device=cuda
INFO:src.estimators.masked_ae:[masked-ae] sweep lam=0.1 epoch 17/25 time=1.45s device=cuda
INFO:src.estimators.masked_ae:[masked-ae] sweep lam=0.1 epoch 18/25 time=1.31s device=cuda
INFO:src.estimators.masked_ae:[masked-ae] sweep lam=0.1 epoch 19/25 time=1.60s device=cuda
INFO:src.estimators.masked_ae:[masked-ae] sweep lam=0.1 epoch 20/25 time=1.15s device=cuda
INFO:src.estimators.masked_ae:[masked-ae] sweep lam=0.1 epoch 21/25 time=1.24s device=cuda
INFO:src.estimators.masked_ae:[masked-ae] sweep lam=0.1 epoch 22/25 time=1.38s device=cuda
INFO:src.estimators.masked_ae:[masked-ae] sweep lam=0.1 epoch 23/25 time=1.23s device=cuda
INFO:src.estimators.masked_ae:[masked-ae] sweep lam=0.1 epoch 24/25 time=1.45s device=cuda
INFO:src.estimators.masked_ae:[masked-ae] sweep lam=0.1 epoch 25/25 time=1.22s device=cuda
INFO:src.estimators.masked_ae:[masked-ae] sweep lam=0.16681005372000587 epoch 1/25 time=1.50s device=cuda
INFO:src.estimators.masked_ae:[masked-ae] sweep lam=0.16681005372000587 epoch 2/25 time=1.50s device=cuda
INFO:src.estimators.masked_ae:[masked-ae] sweep lam=0.16681005372000587 epoch 3/25 time=1.56s device=cuda
INFO:src.estimators.masked_ae:[masked-ae] sweep lam=0.16681005372000587 epoch 4/25 time=1.50s device=cuda
INFO:src.estimators.masked_ae:[masked-ae] sweep lam=0.16681005372000587 epoch 5/25 time=1.47s device=cuda
INFO:src.estimators.masked_ae:[masked-ae] sweep lam=0.16681005372000587 epoch 6/25 time=1.32s device=cuda
INFO:src.estimators.masked_ae:[masked-ae] sweep lam=0.16681005372000587 epoch 7/25 time=1.19s device=cuda
INFO:src.estimators.masked_ae:[masked-ae] sweep lam=0.16681005372000587 epoch 8/25 time=1.15s device=cuda
INFO:src.estimators.masked_ae:[masked-ae] sweep lam=0.16681005372000587 epoch 9/25 time=1.26s device=cuda
INFO:src.estimators.masked_ae:[masked-ae] sweep lam=0.16681005372000587 epoch 10/25 time=1.32s device=cuda
INFO:src.estimators.masked_ae:[masked-ae] sweep lam=0.16681005372000587 epoch 11/25 time=1.30s device=cuda
INFO:src.estimators.masked_ae:[masked-ae] sweep lam=0.16681005372000587 epoch 12/25 time=1.25s device=cuda
INFO:src.estimators.masked_ae:[masked-ae] sweep lam=0.16681005372000587 epoch 13/25 time=1.23s device=cuda
INFO:src.estimators.masked_ae:[masked-ae] sweep lam=0.16681005372000587 epoch 14/25 time=1.19s device=cuda
INFO:src.estimators.masked_ae:[masked-ae] sweep lam=0.16681005372000587 epoch 15/25 time=1.24s device=cuda
INFO:src.estimators.masked_ae:[masked-ae] sweep lam=0.16681005372000587 epoch 16/25 time=1.31s device=cuda
INFO:src.estimators.masked_ae:[masked-ae] sweep lam=0.16681005372000587 epoch 17/25 time=1.53s device=cuda
INFO:src.estimators.masked_ae:[masked-ae] sweep lam=0.16681005372000587 epoch 18/25 time=1.13s device=cuda
INFO:src.estimators.masked_ae:[masked-ae] sweep lam=0.16681005372000587 epoch 19/25 time=1.30s device=cuda
INFO:src.estimators.masked_ae:[masked-ae] sweep lam=0.16681005372000587 epoch 20/25 time=1.24s device=cuda
INFO:src.estimators.masked_ae:[masked-ae] sweep lam=0.16681005372000587 epoch 21/25 time=1.54s device=cuda
INFO:src.estimators.masked_ae:[masked-ae] sweep lam=0.16681005372000587 epoch 22/25 time=1.16s device=cuda
INFO:src.estimators.masked_ae:[masked-ae] sweep lam=0.16681005372000587 epoch 23/25 time=1.28s device=cuda
INFO:src.estimators.masked_ae:[masked-ae] sweep lam=0.16681005372000587 epoch 24/25 time=1.24s device=cuda
INFO:src.estimators.masked_ae:[masked-ae] sweep lam=0.16681005372000587 epoch 25/25 time=1.19s device=cuda
INFO:src.estimators.masked_ae:[masked-ae] sweep lam=0.2782559402207124 epoch 1/25 time=1.04s device=cuda
INFO:src.estimators.masked_ae:[masked-ae] sweep lam=0.2782559402207124 epoch 2/25 time=1.09s device=cuda
INFO:src.estimators.masked_ae:[masked-ae] sweep lam=0.2782559402207124 epoch 3/25 time=1.28s device=cuda
INFO:src.estimators.masked_ae:[masked-ae] sweep lam=0.2782559402207124 epoch 4/25 time=1.22s device=cuda
INFO:src.estimators.masked_ae:[masked-ae] sweep lam=0.2782559402207124 epoch 5/25 time=1.37s device=cuda
INFO:src.estimators.masked_ae:[masked-ae] sweep lam=0.2782559402207124 epoch 6/25 time=1.51s device=cuda
INFO:src.estimators.masked_ae:[masked-ae] sweep lam=0.2782559402207124 epoch 7/25 time=1.62s device=cuda
INFO:src.estimators.masked_ae:[masked-ae] sweep lam=0.2782559402207124 epoch 8/25 time=1.45s device=cuda
INFO:src.estimators.masked_ae:[masked-ae] sweep lam=0.2782559402207124 epoch 9/25 time=1.45s device=cuda
INFO:src.estimators.masked_ae:[masked-ae] sweep lam=0.2782559402207124 epoch 10/25 time=1.29s device=cuda
INFO:src.estimators.masked_ae:[masked-ae] sweep lam=0.2782559402207124 epoch 11/25 time=1.39s device=cuda
INFO:src.estimators.masked_ae:[masked-ae] sweep lam=0.2782559402207124 epoch 12/25 time=1.47s device=cuda
INFO:src.estimators.masked_ae:[masked-ae] sweep lam=0.2782559402207124 epoch 13/25 time=1.31s device=cuda
INFO:src.estimators.masked_ae:[masked-ae] sweep lam=0.2782559402207124 epoch 14/25 time=1.45s device=cuda
INFO:src.estimators.masked_ae:[masked-ae] sweep lam=0.2782559402207124 epoch 15/25 time=1.33s device=cuda
INFO:src.estimators.masked_ae:[masked-ae] sweep lam=0.2782559402207124 epoch 16/25 time=1.41s device=cuda
INFO:src.estimators.masked_ae:[masked-ae] sweep lam=0.2782559402207124 epoch 17/25 time=1.37s device=cuda
INFO:src.estimators.masked_ae:[masked-ae] sweep lam=0.2782559402207124 epoch 18/25 time=1.38s device=cuda
INFO:src.estimators.masked_ae:[masked-ae] sweep lam=0.2782559402207124 epoch 19/25 time=1.45s device=cuda
INFO:src.estimators.masked_ae:[masked-ae] sweep lam=0.2782559402207124 epoch 20/25 time=1.21s device=cuda
INFO:src.estimators.masked_ae:[masked-ae] sweep lam=0.2782559402207124 epoch 21/25 time=1.49s device=cuda
INFO:src.estimators.masked_ae:[masked-ae] sweep lam=0.2782559402207124 epoch 22/25 time=1.47s device=cuda
INFO:src.estimators.masked_ae:[masked-ae] sweep lam=0.2782559402207124 epoch 23/25 time=1.09s device=cuda
INFO:src.estimators.masked_ae:[masked-ae] sweep lam=0.2782559402207124 epoch 24/25 time=1.44s device=cuda
INFO:src.estimators.masked_ae:[masked-ae] sweep lam=0.2782559402207124 epoch 25/25 time=1.47s device=cuda
INFO:src.estimators.masked_ae:[masked-ae] sweep lam=0.46415888336127786 epoch 1/25 time=1.23s device=cuda
INFO:src.estimators.masked_ae:[masked-ae] sweep lam=0.46415888336127786 epoch 2/25 time=1.34s device=cuda
INFO:src.estimators.masked_ae:[masked-ae] sweep lam=0.46415888336127786 epoch 3/25 time=1.41s device=cuda
INFO:src.estimators.masked_ae:[masked-ae] sweep lam=0.46415888336127786 epoch 4/25 time=1.20s device=cuda
INFO:src.estimators.masked_ae:[masked-ae] sweep lam=0.46415888336127786 epoch 5/25 time=1.41s device=cuda
INFO:src.estimators.masked_ae:[masked-ae] sweep lam=0.46415888336127786 epoch 6/25 time=1.35s device=cuda
INFO:src.estimators.masked_ae:[masked-ae] sweep lam=0.46415888336127786 epoch 7/25 time=1.39s device=cuda
INFO:src.estimators.masked_ae:[masked-ae] sweep lam=0.46415888336127786 epoch 8/25 time=1.36s device=cuda
INFO:src.estimators.masked_ae:[masked-ae] sweep lam=0.46415888336127786 epoch 9/25 time=1.53s device=cuda
INFO:src.estimators.masked_ae:[masked-ae] sweep lam=0.46415888336127786 epoch 10/25 time=1.15s device=cuda
INFO:src.estimators.masked_ae:[masked-ae] sweep lam=0.46415888336127786 epoch 11/25 time=1.31s device=cuda
INFO:src.estimators.masked_ae:[masked-ae] sweep lam=0.46415888336127786 epoch 12/25 time=1.20s device=cuda
INFO:src.estimators.masked_ae:[masked-ae] sweep lam=0.46415888336127786 epoch 13/25 time=1.41s device=cuda
INFO:src.estimators.masked_ae:[masked-ae] sweep lam=0.46415888336127786 epoch 14/25 time=1.21s device=cuda
INFO:src.estimators.masked_ae:[masked-ae] sweep lam=0.46415888336127786 epoch 15/25 time=1.39s device=cuda
INFO:src.estimators.masked_ae:[masked-ae] sweep lam=0.46415888336127786 epoch 16/25 time=1.45s device=cuda
INFO:src.estimators.masked_ae:[masked-ae] sweep lam=0.46415888336127786 epoch 17/25 time=1.27s device=cuda
INFO:src.estimators.masked_ae:[masked-ae] sweep lam=0.46415888336127786 epoch 18/25 time=1.10s device=cuda
INFO:src.estimators.masked_ae:[masked-ae] sweep lam=0.46415888336127786 epoch 19/25 time=1.21s device=cuda
INFO:src.estimators.masked_ae:[masked-ae] sweep lam=0.46415888336127786 epoch 20/25 time=1.17s device=cuda
INFO:src.estimators.masked_ae:[masked-ae] sweep lam=0.46415888336127786 epoch 21/25 time=1.24s device=cuda
INFO:src.estimators.masked_ae:[masked-ae] sweep lam=0.46415888336127786 epoch 22/25 time=1.06s device=cuda
INFO:src.estimators.masked_ae:[masked-ae] sweep lam=0.46415888336127786 epoch 23/25 time=1.49s device=cuda
INFO:src.estimators.masked_ae:[masked-ae] sweep lam=0.46415888336127786 epoch 24/25 time=1.22s device=cuda
INFO:src.estimators.masked_ae:[masked-ae] sweep lam=0.46415888336127786 epoch 25/25 time=1.37s device=cuda
INFO:src.estimators.masked_ae:[masked-ae] sweep lam=0.774263682681127 epoch 1/25 time=1.28s device=cuda
INFO:src.estimators.masked_ae:[masked-ae] sweep lam=0.774263682681127 epoch 2/25 time=1.38s device=cuda
INFO:src.estimators.masked_ae:[masked-ae] sweep lam=0.774263682681127 epoch 3/25 time=1.49s device=cuda
INFO:src.estimators.masked_ae:[masked-ae] sweep lam=0.774263682681127 epoch 4/25 time=1.48s device=cuda
INFO:src.estimators.masked_ae:[masked-ae] sweep lam=0.774263682681127 epoch 5/25 time=1.34s device=cuda
INFO:src.estimators.masked_ae:[masked-ae] sweep lam=0.774263682681127 epoch 6/25 time=1.33s device=cuda
INFO:src.estimators.masked_ae:[masked-ae] sweep lam=0.774263682681127 epoch 7/25 time=1.16s device=cuda
INFO:src.estimators.masked_ae:[masked-ae] sweep lam=0.774263682681127 epoch 8/25 time=1.43s device=cuda
INFO:src.estimators.masked_ae:[masked-ae] sweep lam=0.774263682681127 epoch 9/25 time=1.06s device=cuda
INFO:src.estimators.masked_ae:[masked-ae] sweep lam=0.774263682681127 epoch 10/25 time=1.37s device=cuda
INFO:src.estimators.masked_ae:[masked-ae] sweep lam=0.774263682681127 epoch 11/25 time=1.30s device=cuda
INFO:src.estimators.masked_ae:[masked-ae] sweep lam=0.774263682681127 epoch 12/25 time=1.27s device=cuda
INFO:src.estimators.masked_ae:[masked-ae] sweep lam=0.774263682681127 epoch 13/25 time=1.35s device=cuda
INFO:src.estimators.masked_ae:[masked-ae] sweep lam=0.774263682681127 epoch 14/25 time=1.33s device=cuda
INFO:src.estimators.masked_ae:[masked-ae] sweep lam=0.774263682681127 epoch 15/25 time=1.32s device=cuda
INFO:src.estimators.masked_ae:[masked-ae] sweep lam=0.774263682681127 epoch 16/25 time=1.35s device=cuda
INFO:src.estimators.masked_ae:[masked-ae] sweep lam=0.774263682681127 epoch 17/25 time=1.23s device=cuda
INFO:src.estimators.masked_ae:[masked-ae] sweep lam=0.774263682681127 epoch 18/25 time=1.49s device=cuda
INFO:src.estimators.masked_ae:[masked-ae] sweep lam=0.774263682681127 epoch 19/25 time=1.48s device=cuda
INFO:src.estimators.masked_ae:[masked-ae] sweep lam=0.774263682681127 epoch 20/25 time=1.23s device=cuda
INFO:src.estimators.masked_ae:[masked-ae] sweep lam=0.774263682681127 epoch 21/25 time=1.26s device=cuda
INFO:src.estimators.masked_ae:[masked-ae] sweep lam=0.774263682681127 epoch 22/25 time=1.43s device=cuda
INFO:src.estimators.masked_ae:[masked-ae] sweep lam=0.774263682681127 epoch 23/25 time=1.41s device=cuda
INFO:src.estimators.masked_ae:[masked-ae] sweep lam=0.774263682681127 epoch 24/25 time=1.21s device=cuda
INFO:src.estimators.masked_ae:[masked-ae] sweep lam=0.774263682681127 epoch 25/25 time=1.32s device=cuda
INFO:src.estimators.masked_ae:[masked-ae] sweep lam=1.291549665014884 epoch 1/25 time=1.40s device=cuda
INFO:src.estimators.masked_ae:[masked-ae] sweep lam=1.291549665014884 epoch 2/25 time=1.28s device=cuda
INFO:src.estimators.masked_ae:[masked-ae] sweep lam=1.291549665014884 epoch 3/25 time=1.30s device=cuda
INFO:src.estimators.masked_ae:[masked-ae] sweep lam=1.291549665014884 epoch 4/25 time=1.46s device=cuda
INFO:src.estimators.masked_ae:[masked-ae] sweep lam=1.291549665014884 epoch 5/25 time=1.40s device=cuda
INFO:src.estimators.masked_ae:[masked-ae] sweep lam=1.291549665014884 epoch 6/25 time=1.18s device=cuda
INFO:src.estimators.masked_ae:[masked-ae] sweep lam=1.291549665014884 epoch 7/25 time=1.39s device=cuda
INFO:src.estimators.masked_ae:[masked-ae] sweep lam=1.291549665014884 epoch 8/25 time=1.39s device=cuda
INFO:src.estimators.masked_ae:[masked-ae] sweep lam=1.291549665014884 epoch 9/25 time=1.42s device=cuda
INFO:src.estimators.masked_ae:[masked-ae] sweep lam=1.291549665014884 epoch 10/25 time=1.25s device=cuda
INFO:src.estimators.masked_ae:[masked-ae] sweep lam=1.291549665014884 epoch 11/25 time=1.45s device=cuda
INFO:src.estimators.masked_ae:[masked-ae] sweep lam=1.291549665014884 epoch 12/25 time=1.47s device=cuda
INFO:src.estimators.masked_ae:[masked-ae] sweep lam=1.291549665014884 epoch 13/25 time=1.34s device=cuda
INFO:src.estimators.masked_ae:[masked-ae] sweep lam=1.291549665014884 epoch 14/25 time=1.26s device=cuda
INFO:src.estimators.masked_ae:[masked-ae] sweep lam=1.291549665014884 epoch 15/25 time=1.33s device=cuda
INFO:src.estimators.masked_ae:[masked-ae] sweep lam=1.291549665014884 epoch 16/25 time=1.28s device=cuda
INFO:src.estimators.masked_ae:[masked-ae] sweep lam=1.291549665014884 epoch 17/25 time=1.29s device=cuda
INFO:src.estimators.masked_ae:[masked-ae] sweep lam=1.291549665014884 epoch 18/25 time=1.41s device=cuda
INFO:src.estimators.masked_ae:[masked-ae] sweep lam=1.291549665014884 epoch 19/25 time=1.43s device=cuda
INFO:src.estimators.masked_ae:[masked-ae] sweep lam=1.291549665014884 epoch 20/25 time=1.28s device=cuda
INFO:src.estimators.masked_ae:[masked-ae] sweep lam=1.291549665014884 epoch 21/25 time=1.35s device=cuda
INFO:src.estimators.masked_ae:[masked-ae] sweep lam=1.291549665014884 epoch 22/25 time=1.58s device=cuda
INFO:src.estimators.masked_ae:[masked-ae] sweep lam=1.291549665014884 epoch 23/25 time=1.33s device=cuda
INFO:src.estimators.masked_ae:[masked-ae] sweep lam=1.291549665014884 epoch 24/25 time=1.12s device=cuda
INFO:src.estimators.masked_ae:[masked-ae] sweep lam=1.291549665014884 epoch 25/25 time=1.30s device=cuda
INFO:src.estimators.masked_ae:[masked-ae] sweep lam=2.1544346900318834 epoch 1/25 time=1.54s device=cuda
INFO:src.estimators.masked_ae:[masked-ae] sweep lam=2.1544346900318834 epoch 2/25 time=1.40s device=cuda
INFO:src.estimators.masked_ae:[masked-ae] sweep lam=2.1544346900318834 epoch 3/25 time=1.39s device=cuda
INFO:src.estimators.masked_ae:[masked-ae] sweep lam=2.1544346900318834 epoch 4/25 time=1.48s device=cuda
INFO:src.estimators.masked_ae:[masked-ae] sweep lam=2.1544346900318834 epoch 5/25 time=1.54s device=cuda
INFO:src.estimators.masked_ae:[masked-ae] sweep lam=2.1544346900318834 epoch 6/25 time=1.51s device=cuda
INFO:src.estimators.masked_ae:[masked-ae] sweep lam=2.1544346900318834 epoch 7/25 time=1.63s device=cuda
INFO:src.estimators.masked_ae:[masked-ae] sweep lam=2.1544346900318834 epoch 8/25 time=1.58s device=cuda
INFO:src.estimators.masked_ae:[masked-ae] sweep lam=2.1544346900318834 epoch 9/25 time=1.27s device=cuda
INFO:src.estimators.masked_ae:[masked-ae] sweep lam=2.1544346900318834 epoch 10/25 time=1.22s device=cuda
INFO:src.estimators.masked_ae:[masked-ae] sweep lam=2.1544346900318834 epoch 11/25 time=1.42s device=cuda
INFO:src.estimators.masked_ae:[masked-ae] sweep lam=2.1544346900318834 epoch 12/25 time=1.52s device=cuda
INFO:src.estimators.masked_ae:[masked-ae] sweep lam=2.1544346900318834 epoch 13/25 time=1.32s device=cuda
INFO:src.estimators.masked_ae:[masked-ae] sweep lam=2.1544346900318834 epoch 14/25 time=1.27s device=cuda
INFO:src.estimators.masked_ae:[masked-ae] sweep lam=2.1544346900318834 epoch 15/25 time=1.36s device=cuda
INFO:src.estimators.masked_ae:[masked-ae] sweep lam=2.1544346900318834 epoch 16/25 time=1.30s device=cuda
INFO:src.estimators.masked_ae:[masked-ae] sweep lam=2.1544346900318834 epoch 17/25 time=1.48s device=cuda
INFO:src.estimators.masked_ae:[masked-ae] sweep lam=2.1544346900318834 epoch 18/25 time=1.25s device=cuda
INFO:src.estimators.masked_ae:[masked-ae] sweep lam=2.1544346900318834 epoch 19/25 time=1.17s device=cuda
INFO:src.estimators.masked_ae:[masked-ae] sweep lam=2.1544346900318834 epoch 20/25 time=1.26s device=cuda
INFO:src.estimators.masked_ae:[masked-ae] sweep lam=2.1544346900318834 epoch 21/25 time=1.36s device=cuda
INFO:src.estimators.masked_ae:[masked-ae] sweep lam=2.1544346900318834 epoch 22/25 time=1.47s device=cuda
INFO:src.estimators.masked_ae:[masked-ae] sweep lam=2.1544346900318834 epoch 23/25 time=1.21s device=cuda
INFO:src.estimators.masked_ae:[masked-ae] sweep lam=2.1544346900318834 epoch 24/25 time=1.46s device=cuda
INFO:src.estimators.masked_ae:[masked-ae] sweep lam=2.1544346900318834 epoch 25/25 time=1.40s device=cuda
INFO:src.estimators.masked_ae:[masked-ae] sweep lam=3.593813663804626 epoch 1/25 time=1.61s device=cuda
INFO:src.estimators.masked_ae:[masked-ae] sweep lam=3.593813663804626 epoch 2/25 time=1.33s device=cuda
INFO:src.estimators.masked_ae:[masked-ae] sweep lam=3.593813663804626 epoch 3/25 time=1.31s device=cuda
INFO:src.estimators.masked_ae:[masked-ae] sweep lam=3.593813663804626 epoch 4/25 time=1.36s device=cuda
INFO:src.estimators.masked_ae:[masked-ae] sweep lam=3.593813663804626 epoch 5/25 time=1.05s device=cuda
INFO:src.estimators.masked_ae:[masked-ae] sweep lam=3.593813663804626 epoch 6/25 time=1.30s device=cuda
INFO:src.estimators.masked_ae:[masked-ae] sweep lam=3.593813663804626 epoch 7/25 time=1.39s device=cuda
INFO:src.estimators.masked_ae:[masked-ae] sweep lam=3.593813663804626 epoch 8/25 time=1.40s device=cuda
INFO:src.estimators.masked_ae:[masked-ae] sweep lam=3.593813663804626 epoch 9/25 time=1.33s device=cuda
INFO:src.estimators.masked_ae:[masked-ae] sweep lam=3.593813663804626 epoch 10/25 time=1.39s device=cuda
INFO:src.estimators.masked_ae:[masked-ae] sweep lam=3.593813663804626 epoch 11/25 time=1.30s device=cuda
INFO:src.estimators.masked_ae:[masked-ae] sweep lam=3.593813663804626 epoch 12/25 time=1.49s device=cuda
INFO:src.estimators.masked_ae:[masked-ae] sweep lam=3.593813663804626 epoch 13/25 time=1.37s device=cuda
INFO:src.estimators.masked_ae:[masked-ae] sweep lam=3.593813663804626 epoch 14/25 time=1.40s device=cuda
INFO:src.estimators.masked_ae:[masked-ae] sweep lam=3.593813663804626 epoch 15/25 time=1.54s device=cuda
INFO:src.estimators.masked_ae:[masked-ae] sweep lam=3.593813663804626 epoch 16/25 time=1.54s device=cuda
INFO:src.estimators.masked_ae:[masked-ae] sweep lam=3.593813663804626 epoch 17/25 time=1.31s device=cuda
INFO:src.estimators.masked_ae:[masked-ae] sweep lam=3.593813663804626 epoch 18/25 time=1.46s device=cuda
INFO:src.estimators.masked_ae:[masked-ae] sweep lam=3.593813663804626 epoch 19/25 time=1.40s device=cuda
INFO:src.estimators.masked_ae:[masked-ae] sweep lam=3.593813663804626 epoch 20/25 time=1.49s device=cuda
INFO:src.estimators.masked_ae:[masked-ae] sweep lam=3.593813663804626 epoch 21/25 time=1.32s device=cuda
INFO:src.estimators.masked_ae:[masked-ae] sweep lam=3.593813663804626 epoch 22/25 time=1.27s device=cuda
INFO:src.estimators.masked_ae:[masked-ae] sweep lam=3.593813663804626 epoch 23/25 time=1.33s device=cuda
INFO:src.estimators.masked_ae:[masked-ae] sweep lam=3.593813663804626 epoch 24/25 time=1.46s device=cuda
INFO:src.estimators.masked_ae:[masked-ae] sweep lam=3.593813663804626 epoch 25/25 time=1.29s device=cuda
INFO:src.estimators.masked_ae:[masked-ae] sweep lam=5.994842503189409 epoch 1/25 time=1.66s device=cuda
INFO:src.estimators.masked_ae:[masked-ae] sweep lam=5.994842503189409 epoch 2/25 time=1.38s device=cuda
INFO:src.estimators.masked_ae:[masked-ae] sweep lam=5.994842503189409 epoch 3/25 time=1.39s device=cuda
INFO:src.estimators.masked_ae:[masked-ae] sweep lam=5.994842503189409 epoch 4/25 time=1.20s device=cuda
INFO:src.estimators.masked_ae:[masked-ae] sweep lam=5.994842503189409 epoch 5/25 time=1.45s device=cuda
INFO:src.estimators.masked_ae:[masked-ae] sweep lam=5.994842503189409 epoch 6/25 time=1.64s device=cuda
INFO:src.estimators.masked_ae:[masked-ae] sweep lam=5.994842503189409 epoch 7/25 time=1.37s device=cuda
INFO:src.estimators.masked_ae:[masked-ae] sweep lam=5.994842503189409 epoch 8/25 time=1.30s device=cuda
INFO:src.estimators.masked_ae:[masked-ae] sweep lam=5.994842503189409 epoch 9/25 time=1.49s device=cuda
INFO:src.estimators.masked_ae:[masked-ae] sweep lam=5.994842503189409 epoch 10/25 time=1.32s device=cuda
INFO:src.estimators.masked_ae:[masked-ae] sweep lam=5.994842503189409 epoch 11/25 time=1.47s device=cuda
INFO:src.estimators.masked_ae:[masked-ae] sweep lam=5.994842503189409 epoch 12/25 time=1.35s device=cuda
INFO:src.estimators.masked_ae:[masked-ae] sweep lam=5.994842503189409 epoch 13/25 time=1.08s device=cuda
INFO:src.estimators.masked_ae:[masked-ae] sweep lam=5.994842503189409 epoch 14/25 time=1.45s device=cuda
INFO:src.estimators.masked_ae:[masked-ae] sweep lam=5.994842503189409 epoch 15/25 time=1.17s device=cuda
INFO:src.estimators.masked_ae:[masked-ae] sweep lam=5.994842503189409 epoch 16/25 time=1.38s device=cuda
INFO:src.estimators.masked_ae:[masked-ae] sweep lam=5.994842503189409 epoch 17/25 time=1.22s device=cuda
INFO:src.estimators.masked_ae:[masked-ae] sweep lam=5.994842503189409 epoch 18/25 time=1.27s device=cuda
INFO:src.estimators.masked_ae:[masked-ae] sweep lam=5.994842503189409 epoch 19/25 time=1.29s device=cuda
INFO:src.estimators.masked_ae:[masked-ae] sweep lam=5.994842503189409 epoch 20/25 time=1.10s device=cuda
INFO:src.estimators.masked_ae:[masked-ae] sweep lam=5.994842503189409 epoch 21/25 time=1.42s device=cuda
INFO:src.estimators.masked_ae:[masked-ae] sweep lam=5.994842503189409 epoch 22/25 time=1.24s device=cuda
INFO:src.estimators.masked_ae:[masked-ae] sweep lam=5.994842503189409 epoch 23/25 time=1.44s device=cuda
INFO:src.estimators.masked_ae:[masked-ae] sweep lam=5.994842503189409 epoch 24/25 time=1.10s device=cuda
INFO:src.estimators.masked_ae:[masked-ae] sweep lam=5.994842503189409 epoch 25/25 time=1.30s device=cuda
INFO:src.estimators.masked_ae:[masked-ae] sweep lam=10.0 epoch 1/25 time=1.28s device=cuda
INFO:src.estimators.masked_ae:[masked-ae] sweep lam=10.0 epoch 2/25 time=1.19s device=cuda
INFO:src.estimators.masked_ae:[masked-ae] sweep lam=10.0 epoch 3/25 time=1.07s device=cuda
INFO:src.estimators.masked_ae:[masked-ae] sweep lam=10.0 epoch 4/25 time=1.27s device=cuda
INFO:src.estimators.masked_ae:[masked-ae] sweep lam=10.0 epoch 5/25 time=1.46s device=cuda
INFO:src.estimators.masked_ae:[masked-ae] sweep lam=10.0 epoch 6/25 time=1.36s device=cuda
INFO:src.estimators.masked_ae:[masked-ae] sweep lam=10.0 epoch 7/25 time=1.33s device=cuda
INFO:src.estimators.masked_ae:[masked-ae] sweep lam=10.0 epoch 8/25 time=1.50s device=cuda
INFO:src.estimators.masked_ae:[masked-ae] sweep lam=10.0 epoch 9/25 time=1.45s device=cuda
INFO:src.estimators.masked_ae:[masked-ae] sweep lam=10.0 epoch 10/25 time=1.07s device=cuda
INFO:src.estimators.masked_ae:[masked-ae] sweep lam=10.0 epoch 11/25 time=1.37s device=cuda
INFO:src.estimators.masked_ae:[masked-ae] sweep lam=10.0 epoch 12/25 time=1.34s device=cuda
INFO:src.estimators.masked_ae:[masked-ae] sweep lam=10.0 epoch 13/25 time=1.37s device=cuda
INFO:src.estimators.masked_ae:[masked-ae] sweep lam=10.0 epoch 14/25 time=1.36s device=cuda
INFO:src.estimators.masked_ae:[masked-ae] sweep lam=10.0 epoch 15/25 time=1.26s device=cuda
INFO:src.estimators.masked_ae:[masked-ae] sweep lam=10.0 epoch 16/25 time=1.36s device=cuda
INFO:src.estimators.masked_ae:[masked-ae] sweep lam=10.0 epoch 17/25 time=1.36s device=cuda
INFO:src.estimators.masked_ae:[masked-ae] sweep lam=10.0 epoch 18/25 time=1.33s device=cuda
INFO:src.estimators.masked_ae:[masked-ae] sweep lam=10.0 epoch 19/25 time=1.43s device=cuda
INFO:src.estimators.masked_ae:[masked-ae] sweep lam=10.0 epoch 20/25 time=1.38s device=cuda
INFO:src.estimators.masked_ae:[masked-ae] sweep lam=10.0 epoch 21/25 time=1.26s device=cuda
INFO:src.estimators.masked_ae:[masked-ae] sweep lam=10.0 epoch 22/25 time=1.38s device=cuda
INFO:src.estimators.masked_ae:[masked-ae] sweep lam=10.0 epoch 23/25 time=1.28s device=cuda
INFO:src.estimators.masked_ae:[masked-ae] sweep lam=10.0 epoch 24/25 time=1.32s device=cuda
INFO:src.estimators.masked_ae:[masked-ae] sweep lam=10.0 epoch 25/25 time=1.33s device=cuda
INFO:src.estimators.masked_ae:[masked-ae] retrain epoch 1/10 time=1.29s device=cuda
INFO:src.estimators.masked_ae:[masked-ae] retrain epoch 2/10 time=1.27s device=cuda
INFO:src.estimators.masked_ae:[masked-ae] retrain epoch 3/10 time=1.37s device=cuda
INFO:src.estimators.masked_ae:[masked-ae] retrain epoch 4/10 time=1.43s device=cuda
INFO:src.estimators.masked_ae:[masked-ae] retrain epoch 5/10 time=1.37s device=cuda
INFO:src.estimators.masked_ae:[masked-ae] retrain epoch 6/10 time=1.57s device=cuda
INFO:src.estimators.masked_ae:[masked-ae] retrain epoch 7/10 time=1.38s device=cuda
INFO:src.estimators.masked_ae:[masked-ae] retrain epoch 8/10 time=1.36s device=cuda
INFO:src.estimators.masked_ae:[masked-ae] retrain epoch 9/10 time=1.30s device=cuda
INFO:src.estimators.masked_ae:[masked-ae] retrain epoch 10/10 time=1.32s device=cuda
INFO:repair_masked_ae:Group ('mnist', 12, 0.25, 0) repaired: estimate=11.0 elapsed_s=367.61 device=cuda samples=60000 rows=5
INFO:repair_masked_ae:Processing group key=('mnist', 12, 0.5, 0) with 5 rows; example row 625
INFO:src.estimators.masked_ae:[masked-ae] pretrain epoch 1/10 time=1.34s device=cuda
INFO:src.estimators.masked_ae:[masked-ae] pretrain epoch 2/10 time=1.17s device=cuda
INFO:src.estimators.masked_ae:[masked-ae] pretrain epoch 3/10 time=1.32s device=cuda
INFO:src.estimators.masked_ae:[masked-ae] pretrain epoch 4/10 time=1.34s device=cuda
INFO:src.estimators.masked_ae:[masked-ae] pretrain epoch 5/10 time=1.28s device=cuda
INFO:src.estimators.masked_ae:[masked-ae] pretrain epoch 6/10 time=1.19s device=cuda
INFO:src.estimators.masked_ae:[masked-ae] pretrain epoch 7/10 time=1.02s device=cuda
INFO:src.estimators.masked_ae:[masked-ae] pretrain epoch 8/10 time=0.99s device=cuda
INFO:src.estimators.masked_ae:[masked-ae] pretrain epoch 9/10 time=1.18s device=cuda
INFO:src.estimators.masked_ae:[masked-ae] pretrain epoch 10/10 time=1.16s device=cuda
INFO:src.estimators.masked_ae:[masked-ae] sweep lam=0.1 epoch 1/25 time=1.33s device=cuda
INFO:src.estimators.masked_ae:[masked-ae] sweep lam=0.1 epoch 2/25 time=1.22s device=cuda
INFO:src.estimators.masked_ae:[masked-ae] sweep lam=0.1 epoch 3/25 time=1.32s device=cuda
INFO:src.estimators.masked_ae:[masked-ae] sweep lam=0.1 epoch 4/25 time=1.40s device=cuda
INFO:src.estimators.masked_ae:[masked-ae] sweep lam=0.1 epoch 5/25 time=1.27s device=cuda
INFO:src.estimators.masked_ae:[masked-ae] sweep lam=0.1 epoch 6/25 time=1.35s device=cuda
INFO:src.estimators.masked_ae:[masked-ae] sweep lam=0.1 epoch 7/25 time=1.44s device=cuda
INFO:src.estimators.masked_ae:[masked-ae] sweep lam=0.1 epoch 8/25 time=1.39s device=cuda
INFO:src.estimators.masked_ae:[masked-ae] sweep lam=0.1 epoch 9/25 time=1.39s device=cuda
INFO:src.estimators.masked_ae:[masked-ae] sweep lam=0.1 epoch 10/25 time=1.40s device=cuda
INFO:src.estimators.masked_ae:[masked-ae] sweep lam=0.1 epoch 11/25 time=1.22s device=cuda
INFO:src.estimators.masked_ae:[masked-ae] sweep lam=0.1 epoch 12/25 time=1.35s device=cuda
INFO:src.estimators.masked_ae:[masked-ae] sweep lam=0.1 epoch 13/25 time=1.34s device=cuda
INFO:src.estimators.masked_ae:[masked-ae] sweep lam=0.1 epoch 14/25 time=1.46s device=cuda
INFO:src.estimators.masked_ae:[masked-ae] sweep lam=0.1 epoch 15/25 time=1.41s device=cuda
INFO:src.estimators.masked_ae:[masked-ae] sweep lam=0.1 epoch 16/25 time=1.31s device=cuda
INFO:src.estimators.masked_ae:[masked-ae] sweep lam=0.1 epoch 17/25 time=1.27s device=cuda
INFO:src.estimators.masked_ae:[masked-ae] sweep lam=0.1 epoch 18/25 time=1.16s device=cuda
INFO:src.estimators.masked_ae:[masked-ae] sweep lam=0.1 epoch 19/25 time=1.32s device=cuda
INFO:src.estimators.masked_ae:[masked-ae] sweep lam=0.1 epoch 20/25 time=1.28s device=cuda
INFO:src.estimators.masked_ae:[masked-ae] sweep lam=0.1 epoch 21/25 time=1.41s device=cuda
INFO:src.estimators.masked_ae:[masked-ae] sweep lam=0.1 epoch 22/25 time=1.34s device=cuda
INFO:src.estimators.masked_ae:[masked-ae] sweep lam=0.1 epoch 23/25 time=1.65s device=cuda
INFO:src.estimators.masked_ae:[masked-ae] sweep lam=0.1 epoch 24/25 time=1.39s device=cuda
INFO:src.estimators.masked_ae:[masked-ae] sweep lam=0.1 epoch 25/25 time=1.24s device=cuda
INFO:src.estimators.masked_ae:[masked-ae] sweep lam=0.16681005372000587 epoch 1/25 time=1.12s device=cuda
INFO:src.estimators.masked_ae:[masked-ae] sweep lam=0.16681005372000587 epoch 2/25 time=1.39s device=cuda
INFO:src.estimators.masked_ae:[masked-ae] sweep lam=0.16681005372000587 epoch 3/25 time=1.34s device=cuda
INFO:src.estimators.masked_ae:[masked-ae] sweep lam=0.16681005372000587 epoch 4/25 time=1.29s device=cuda
INFO:src.estimators.masked_ae:[masked-ae] sweep lam=0.16681005372000587 epoch 5/25 time=1.37s device=cuda
INFO:src.estimators.masked_ae:[masked-ae] sweep lam=0.16681005372000587 epoch 6/25 time=1.40s device=cuda
INFO:src.estimators.masked_ae:[masked-ae] sweep lam=0.16681005372000587 epoch 7/25 time=1.43s device=cuda
INFO:src.estimators.masked_ae:[masked-ae] sweep lam=0.16681005372000587 epoch 8/25 time=1.43s device=cuda
INFO:src.estimators.masked_ae:[masked-ae] sweep lam=0.16681005372000587 epoch 9/25 time=1.57s device=cuda
INFO:src.estimators.masked_ae:[masked-ae] sweep lam=0.16681005372000587 epoch 10/25 time=1.50s device=cuda
INFO:src.estimators.masked_ae:[masked-ae] sweep lam=0.16681005372000587 epoch 11/25 time=1.52s device=cuda
INFO:src.estimators.masked_ae:[masked-ae] sweep lam=0.16681005372000587 epoch 12/25 time=1.29s device=cuda
INFO:src.estimators.masked_ae:[masked-ae] sweep lam=0.16681005372000587 epoch 13/25 time=1.42s device=cuda
INFO:src.estimators.masked_ae:[masked-ae] sweep lam=0.16681005372000587 epoch 14/25 time=1.39s device=cuda
INFO:src.estimators.masked_ae:[masked-ae] sweep lam=0.16681005372000587 epoch 15/25 time=1.46s device=cuda
INFO:src.estimators.masked_ae:[masked-ae] sweep lam=0.16681005372000587 epoch 16/25 time=1.34s device=cuda
INFO:src.estimators.masked_ae:[masked-ae] sweep lam=0.16681005372000587 epoch 17/25 time=1.23s device=cuda
INFO:src.estimators.masked_ae:[masked-ae] sweep lam=0.16681005372000587 epoch 18/25 time=1.14s device=cuda
INFO:src.estimators.masked_ae:[masked-ae] sweep lam=0.16681005372000587 epoch 19/25 time=1.21s device=cuda
INFO:src.estimators.masked_ae:[masked-ae] sweep lam=0.16681005372000587 epoch 20/25 time=1.12s device=cuda
INFO:src.estimators.masked_ae:[masked-ae] sweep lam=0.16681005372000587 epoch 21/25 time=1.45s device=cuda
INFO:src.estimators.masked_ae:[masked-ae] sweep lam=0.16681005372000587 epoch 22/25 time=1.33s device=cuda
INFO:src.estimators.masked_ae:[masked-ae] sweep lam=0.16681005372000587 epoch 23/25 time=1.21s device=cuda
INFO:src.estimators.masked_ae:[masked-ae] sweep lam=0.16681005372000587 epoch 24/25 time=1.37s device=cuda
INFO:src.estimators.masked_ae:[masked-ae] sweep lam=0.16681005372000587 epoch 25/25 time=1.36s device=cuda
INFO:src.estimators.masked_ae:[masked-ae] sweep lam=0.2782559402207124 epoch 1/25 time=1.33s device=cuda
INFO:src.estimators.masked_ae:[masked-ae] sweep lam=0.2782559402207124 epoch 2/25 time=1.24s device=cuda
INFO:src.estimators.masked_ae:[masked-ae] sweep lam=0.2782559402207124 epoch 3/25 time=1.29s device=cuda
INFO:src.estimators.masked_ae:[masked-ae] sweep lam=0.2782559402207124 epoch 4/25 time=1.31s device=cuda
INFO:src.estimators.masked_ae:[masked-ae] sweep lam=0.2782559402207124 epoch 5/25 time=1.43s device=cuda
INFO:src.estimators.masked_ae:[masked-ae] sweep lam=0.2782559402207124 epoch 6/25 time=1.27s device=cuda
INFO:src.estimators.masked_ae:[masked-ae] sweep lam=0.2782559402207124 epoch 7/25 time=1.17s device=cuda
INFO:src.estimators.masked_ae:[masked-ae] sweep lam=0.2782559402207124 epoch 8/25 time=1.35s device=cuda
INFO:src.estimators.masked_ae:[masked-ae] sweep lam=0.2782559402207124 epoch 9/25 time=1.42s device=cuda
INFO:src.estimators.masked_ae:[masked-ae] sweep lam=0.2782559402207124 epoch 10/25 time=1.13s device=cuda
INFO:src.estimators.masked_ae:[masked-ae] sweep lam=0.2782559402207124 epoch 11/25 time=1.16s device=cuda
INFO:src.estimators.masked_ae:[masked-ae] sweep lam=0.2782559402207124 epoch 12/25 time=1.16s device=cuda
INFO:src.estimators.masked_ae:[masked-ae] sweep lam=0.2782559402207124 epoch 13/25 time=1.33s device=cuda
INFO:src.estimators.masked_ae:[masked-ae] sweep lam=0.2782559402207124 epoch 14/25 time=1.31s device=cuda
INFO:src.estimators.masked_ae:[masked-ae] sweep lam=0.2782559402207124 epoch 15/25 time=1.32s device=cuda
INFO:src.estimators.masked_ae:[masked-ae] sweep lam=0.2782559402207124 epoch 16/25 time=1.54s device=cuda
INFO:src.estimators.masked_ae:[masked-ae] sweep lam=0.2782559402207124 epoch 17/25 time=1.31s device=cuda
INFO:src.estimators.masked_ae:[masked-ae] sweep lam=0.2782559402207124 epoch 18/25 time=1.50s device=cuda
INFO:src.estimators.masked_ae:[masked-ae] sweep lam=0.2782559402207124 epoch 19/25 time=1.26s device=cuda
INFO:src.estimators.masked_ae:[masked-ae] sweep lam=0.2782559402207124 epoch 20/25 time=1.44s device=cuda
INFO:src.estimators.masked_ae:[masked-ae] sweep lam=0.2782559402207124 epoch 21/25 time=1.52s device=cuda
INFO:src.estimators.masked_ae:[masked-ae] sweep lam=0.2782559402207124 epoch 22/25 time=1.27s device=cuda
INFO:src.estimators.masked_ae:[masked-ae] sweep lam=0.2782559402207124 epoch 23/25 time=1.06s device=cuda
INFO:src.estimators.masked_ae:[masked-ae] sweep lam=0.2782559402207124 epoch 24/25 time=1.52s device=cuda
INFO:src.estimators.masked_ae:[masked-ae] sweep lam=0.2782559402207124 epoch 25/25 time=1.29s device=cuda
INFO:src.estimators.masked_ae:[masked-ae] sweep lam=0.46415888336127786 epoch 1/25 time=1.33s device=cuda
INFO:src.estimators.masked_ae:[masked-ae] sweep lam=0.46415888336127786 epoch 2/25 time=1.36s device=cuda
INFO:src.estimators.masked_ae:[masked-ae] sweep lam=0.46415888336127786 epoch 3/25 time=1.38s device=cuda
INFO:src.estimators.masked_ae:[masked-ae] sweep lam=0.46415888336127786 epoch 4/25 time=1.39s device=cuda
INFO:src.estimators.masked_ae:[masked-ae] sweep lam=0.46415888336127786 epoch 5/25 time=1.47s device=cuda
INFO:src.estimators.masked_ae:[masked-ae] sweep lam=0.46415888336127786 epoch 6/25 time=1.18s device=cuda
INFO:src.estimators.masked_ae:[masked-ae] sweep lam=0.46415888336127786 epoch 7/25 time=1.20s device=cuda
INFO:src.estimators.masked_ae:[masked-ae] sweep lam=0.46415888336127786 epoch 8/25 time=1.29s device=cuda
INFO:src.estimators.masked_ae:[masked-ae] sweep lam=0.46415888336127786 epoch 9/25 time=1.29s device=cuda
INFO:src.estimators.masked_ae:[masked-ae] sweep lam=0.46415888336127786 epoch 10/25 time=1.30s device=cuda
INFO:src.estimators.masked_ae:[masked-ae] sweep lam=0.46415888336127786 epoch 11/25 time=1.22s device=cuda
INFO:src.estimators.masked_ae:[masked-ae] sweep lam=0.46415888336127786 epoch 12/25 time=1.41s device=cuda
INFO:src.estimators.masked_ae:[masked-ae] sweep lam=0.46415888336127786 epoch 13/25 time=1.34s device=cuda
INFO:src.estimators.masked_ae:[masked-ae] sweep lam=0.46415888336127786 epoch 14/25 time=1.39s device=cuda
INFO:src.estimators.masked_ae:[masked-ae] sweep lam=0.46415888336127786 epoch 15/25 time=1.35s device=cuda
INFO:src.estimators.masked_ae:[masked-ae] sweep lam=0.46415888336127786 epoch 16/25 time=1.23s device=cuda
INFO:src.estimators.masked_ae:[masked-ae] sweep lam=0.46415888336127786 epoch 17/25 time=1.16s device=cuda
INFO:src.estimators.masked_ae:[masked-ae] sweep lam=0.46415888336127786 epoch 18/25 time=1.20s device=cuda
INFO:src.estimators.masked_ae:[masked-ae] sweep lam=0.46415888336127786 epoch 19/25 time=1.38s device=cuda
INFO:src.estimators.masked_ae:[masked-ae] sweep lam=0.46415888336127786 epoch 20/25 time=1.42s device=cuda
INFO:src.estimators.masked_ae:[masked-ae] sweep lam=0.46415888336127786 epoch 21/25 time=1.20s device=cuda
INFO:src.estimators.masked_ae:[masked-ae] sweep lam=0.46415888336127786 epoch 22/25 time=1.29s device=cuda
INFO:src.estimators.masked_ae:[masked-ae] sweep lam=0.46415888336127786 epoch 23/25 time=1.27s device=cuda
INFO:src.estimators.masked_ae:[masked-ae] sweep lam=0.46415888336127786 epoch 24/25 time=1.24s device=cuda
INFO:src.estimators.masked_ae:[masked-ae] sweep lam=0.46415888336127786 epoch 25/25 time=1.33s device=cuda
INFO:src.estimators.masked_ae:[masked-ae] sweep lam=0.774263682681127 epoch 1/25 time=1.28s device=cuda
INFO:src.estimators.masked_ae:[masked-ae] sweep lam=0.774263682681127 epoch 2/25 time=1.44s device=cuda
INFO:src.estimators.masked_ae:[masked-ae] sweep lam=0.774263682681127 epoch 3/25 time=1.42s device=cuda
INFO:src.estimators.masked_ae:[masked-ae] sweep lam=0.774263682681127 epoch 4/25 time=1.34s device=cuda
INFO:src.estimators.masked_ae:[masked-ae] sweep lam=0.774263682681127 epoch 5/25 time=1.33s device=cuda
INFO:src.estimators.masked_ae:[masked-ae] sweep lam=0.774263682681127 epoch 6/25 time=1.34s device=cuda
INFO:src.estimators.masked_ae:[masked-ae] sweep lam=0.774263682681127 epoch 7/25 time=1.52s device=cuda
INFO:src.estimators.masked_ae:[masked-ae] sweep lam=0.774263682681127 epoch 8/25 time=1.15s device=cuda
INFO:src.estimators.masked_ae:[masked-ae] sweep lam=0.774263682681127 epoch 9/25 time=1.35s device=cuda
INFO:src.estimators.masked_ae:[masked-ae] sweep lam=0.774263682681127 epoch 10/25 time=1.28s device=cuda
INFO:src.estimators.masked_ae:[masked-ae] sweep lam=0.774263682681127 epoch 11/25 time=1.43s device=cuda
INFO:src.estimators.masked_ae:[masked-ae] sweep lam=0.774263682681127 epoch 12/25 time=1.40s device=cuda
INFO:src.estimators.masked_ae:[masked-ae] sweep lam=0.774263682681127 epoch 13/25 time=1.36s device=cuda
INFO:src.estimators.masked_ae:[masked-ae] sweep lam=0.774263682681127 epoch 14/25 time=1.38s device=cuda
INFO:src.estimators.masked_ae:[masked-ae] sweep lam=0.774263682681127 epoch 15/25 time=1.51s device=cuda
INFO:src.estimators.masked_ae:[masked-ae] sweep lam=0.774263682681127 epoch 16/25 time=1.50s device=cuda
INFO:src.estimators.masked_ae:[masked-ae] sweep lam=0.774263682681127 epoch 17/25 time=1.28s device=cuda
INFO:src.estimators.masked_ae:[masked-ae] sweep lam=0.774263682681127 epoch 18/25 time=1.25s device=cuda
INFO:src.estimators.masked_ae:[masked-ae] sweep lam=0.774263682681127 epoch 19/25 time=1.36s device=cuda
INFO:src.estimators.masked_ae:[masked-ae] sweep lam=0.774263682681127 epoch 20/25 time=1.41s device=cuda
INFO:src.estimators.masked_ae:[masked-ae] sweep lam=0.774263682681127 epoch 21/25 time=1.60s device=cuda
INFO:src.estimators.masked_ae:[masked-ae] sweep lam=0.774263682681127 epoch 22/25 time=1.37s device=cuda
INFO:src.estimators.masked_ae:[masked-ae] sweep lam=0.774263682681127 epoch 23/25 time=1.28s device=cuda
INFO:src.estimators.masked_ae:[masked-ae] sweep lam=0.774263682681127 epoch 24/25 time=1.48s device=cuda
INFO:src.estimators.masked_ae:[masked-ae] sweep lam=0.774263682681127 epoch 25/25 time=1.39s device=cuda
INFO:src.estimators.masked_ae:[masked-ae] sweep lam=1.291549665014884 epoch 1/25 time=1.43s device=cuda
INFO:src.estimators.masked_ae:[masked-ae] sweep lam=1.291549665014884 epoch 2/25 time=1.34s device=cuda
INFO:src.estimators.masked_ae:[masked-ae] sweep lam=1.291549665014884 epoch 3/25 time=1.30s device=cuda
INFO:src.estimators.masked_ae:[masked-ae] sweep lam=1.291549665014884 epoch 4/25 time=1.53s device=cuda
INFO:src.estimators.masked_ae:[masked-ae] sweep lam=1.291549665014884 epoch 5/25 time=1.07s device=cuda
INFO:src.estimators.masked_ae:[masked-ae] sweep lam=1.291549665014884 epoch 6/25 time=1.43s device=cuda
INFO:src.estimators.masked_ae:[masked-ae] sweep lam=1.291549665014884 epoch 7/25 time=1.31s device=cuda
INFO:src.estimators.masked_ae:[masked-ae] sweep lam=1.291549665014884 epoch 8/25 time=1.39s device=cuda
INFO:src.estimators.masked_ae:[masked-ae] sweep lam=1.291549665014884 epoch 9/25 time=1.23s device=cuda
INFO:src.estimators.masked_ae:[masked-ae] sweep lam=1.291549665014884 epoch 10/25 time=1.39s device=cuda
INFO:src.estimators.masked_ae:[masked-ae] sweep lam=1.291549665014884 epoch 11/25 time=1.34s device=cuda
INFO:src.estimators.masked_ae:[masked-ae] sweep lam=1.291549665014884 epoch 12/25 time=1.40s device=cuda
INFO:src.estimators.masked_ae:[masked-ae] sweep lam=1.291549665014884 epoch 13/25 time=1.17s device=cuda
INFO:src.estimators.masked_ae:[masked-ae] sweep lam=1.291549665014884 epoch 14/25 time=1.23s device=cuda
INFO:src.estimators.masked_ae:[masked-ae] sweep lam=1.291549665014884 epoch 15/25 time=1.28s device=cuda
INFO:src.estimators.masked_ae:[masked-ae] sweep lam=1.291549665014884 epoch 16/25 time=1.40s device=cuda
INFO:src.estimators.masked_ae:[masked-ae] sweep lam=1.291549665014884 epoch 17/25 time=1.31s device=cuda
INFO:src.estimators.masked_ae:[masked-ae] sweep lam=1.291549665014884 epoch 18/25 time=1.19s device=cuda
INFO:src.estimators.masked_ae:[masked-ae] sweep lam=1.291549665014884 epoch 19/25 time=1.37s device=cuda
INFO:src.estimators.masked_ae:[masked-ae] sweep lam=1.291549665014884 epoch 20/25 time=1.25s device=cuda
INFO:src.estimators.masked_ae:[masked-ae] sweep lam=1.291549665014884 epoch 21/25 time=1.27s device=cuda
INFO:src.estimators.masked_ae:[masked-ae] sweep lam=1.291549665014884 epoch 22/25 time=1.09s device=cuda
INFO:src.estimators.masked_ae:[masked-ae] sweep lam=1.291549665014884 epoch 23/25 time=1.28s device=cuda
INFO:src.estimators.masked_ae:[masked-ae] sweep lam=1.291549665014884 epoch 24/25 time=1.08s device=cuda
INFO:src.estimators.masked_ae:[masked-ae] sweep lam=1.291549665014884 epoch 25/25 time=1.17s device=cuda
INFO:src.estimators.masked_ae:[masked-ae] sweep lam=2.1544346900318834 epoch 1/25 time=1.11s device=cuda
INFO:src.estimators.masked_ae:[masked-ae] sweep lam=2.1544346900318834 epoch 2/25 time=1.34s device=cuda
INFO:src.estimators.masked_ae:[masked-ae] sweep lam=2.1544346900318834 epoch 3/25 time=1.44s device=cuda
INFO:src.estimators.masked_ae:[masked-ae] sweep lam=2.1544346900318834 epoch 4/25 time=1.21s device=cuda
INFO:src.estimators.masked_ae:[masked-ae] sweep lam=2.1544346900318834 epoch 5/25 time=1.19s device=cuda
INFO:src.estimators.masked_ae:[masked-ae] sweep lam=2.1544346900318834 epoch 6/25 time=1.59s device=cuda
INFO:src.estimators.masked_ae:[masked-ae] sweep lam=2.1544346900318834 epoch 7/25 time=1.31s device=cuda
INFO:src.estimators.masked_ae:[masked-ae] sweep lam=2.1544346900318834 epoch 8/25 time=1.35s device=cuda
INFO:src.estimators.masked_ae:[masked-ae] sweep lam=2.1544346900318834 epoch 9/25 time=1.36s device=cuda
INFO:src.estimators.masked_ae:[masked-ae] sweep lam=2.1544346900318834 epoch 10/25 time=1.38s device=cuda
INFO:src.estimators.masked_ae:[masked-ae] sweep lam=2.1544346900318834 epoch 11/25 time=1.39s device=cuda
INFO:src.estimators.masked_ae:[masked-ae] sweep lam=2.1544346900318834 epoch 12/25 time=1.39s device=cuda
INFO:src.estimators.masked_ae:[masked-ae] sweep lam=2.1544346900318834 epoch 13/25 time=1.32s device=cuda
INFO:src.estimators.masked_ae:[masked-ae] sweep lam=2.1544346900318834 epoch 14/25 time=1.53s device=cuda
INFO:src.estimators.masked_ae:[masked-ae] sweep lam=2.1544346900318834 epoch 15/25 time=1.26s device=cuda
INFO:src.estimators.masked_ae:[masked-ae] sweep lam=2.1544346900318834 epoch 16/25 time=1.35s device=cuda
INFO:src.estimators.masked_ae:[masked-ae] sweep lam=2.1544346900318834 epoch 17/25 time=1.40s device=cuda
INFO:src.estimators.masked_ae:[masked-ae] sweep lam=2.1544346900318834 epoch 18/25 time=1.39s device=cuda
INFO:src.estimators.masked_ae:[masked-ae] sweep lam=2.1544346900318834 epoch 19/25 time=1.37s device=cuda
INFO:src.estimators.masked_ae:[masked-ae] sweep lam=2.1544346900318834 epoch 20/25 time=1.23s device=cuda
INFO:src.estimators.masked_ae:[masked-ae] sweep lam=2.1544346900318834 epoch 21/25 time=1.05s device=cuda
INFO:src.estimators.masked_ae:[masked-ae] sweep lam=2.1544346900318834 epoch 22/25 time=1.24s device=cuda
INFO:src.estimators.masked_ae:[masked-ae] sweep lam=2.1544346900318834 epoch 23/25 time=1.47s device=cuda
INFO:src.estimators.masked_ae:[masked-ae] sweep lam=2.1544346900318834 epoch 24/25 time=1.39s device=cuda
INFO:src.estimators.masked_ae:[masked-ae] sweep lam=2.1544346900318834 epoch 25/25 time=1.26s device=cuda
INFO:src.estimators.masked_ae:[masked-ae] sweep lam=3.593813663804626 epoch 1/25 time=1.22s device=cuda
INFO:src.estimators.masked_ae:[masked-ae] sweep lam=3.593813663804626 epoch 2/25 time=1.36s device=cuda
INFO:src.estimators.masked_ae:[masked-ae] sweep lam=3.593813663804626 epoch 3/25 time=1.26s device=cuda
INFO:src.estimators.masked_ae:[masked-ae] sweep lam=3.593813663804626 epoch 4/25 time=1.44s device=cuda
INFO:src.estimators.masked_ae:[masked-ae] sweep lam=3.593813663804626 epoch 5/25 time=1.37s device=cuda
INFO:src.estimators.masked_ae:[masked-ae] sweep lam=3.593813663804626 epoch 6/25 time=1.26s device=cuda
INFO:src.estimators.masked_ae:[masked-ae] sweep lam=3.593813663804626 epoch 7/25 time=1.36s device=cuda
INFO:src.estimators.masked_ae:[masked-ae] sweep lam=3.593813663804626 epoch 8/25 time=1.36s device=cuda
INFO:src.estimators.masked_ae:[masked-ae] sweep lam=3.593813663804626 epoch 9/25 time=1.41s device=cuda
INFO:src.estimators.masked_ae:[masked-ae] sweep lam=3.593813663804626 epoch 10/25 time=1.20s device=cuda
INFO:src.estimators.masked_ae:[masked-ae] sweep lam=3.593813663804626 epoch 11/25 time=1.50s device=cuda
INFO:src.estimators.masked_ae:[masked-ae] sweep lam=3.593813663804626 epoch 12/25 time=1.48s device=cuda
INFO:src.estimators.masked_ae:[masked-ae] sweep lam=3.593813663804626 epoch 13/25 time=1.38s device=cuda
INFO:src.estimators.masked_ae:[masked-ae] sweep lam=3.593813663804626 epoch 14/25 time=1.17s device=cuda
INFO:src.estimators.masked_ae:[masked-ae] sweep lam=3.593813663804626 epoch 15/25 time=1.33s device=cuda
INFO:src.estimators.masked_ae:[masked-ae] sweep lam=3.593813663804626 epoch 16/25 time=1.28s device=cuda
INFO:src.estimators.masked_ae:[masked-ae] sweep lam=3.593813663804626 epoch 17/25 time=1.23s device=cuda
INFO:src.estimators.masked_ae:[masked-ae] sweep lam=3.593813663804626 epoch 18/25 time=1.48s device=cuda
INFO:src.estimators.masked_ae:[masked-ae] sweep lam=3.593813663804626 epoch 19/25 time=1.47s device=cuda
INFO:src.estimators.masked_ae:[masked-ae] sweep lam=3.593813663804626 epoch 20/25 time=1.28s device=cuda
INFO:src.estimators.masked_ae:[masked-ae] sweep lam=3.593813663804626 epoch 21/25 time=1.40s device=cuda
INFO:src.estimators.masked_ae:[masked-ae] sweep lam=3.593813663804626 epoch 22/25 time=1.32s device=cuda
INFO:src.estimators.masked_ae:[masked-ae] sweep lam=3.593813663804626 epoch 23/25 time=1.47s device=cuda
INFO:src.estimators.masked_ae:[masked-ae] sweep lam=3.593813663804626 epoch 24/25 time=1.30s device=cuda
INFO:src.estimators.masked_ae:[masked-ae] sweep lam=3.593813663804626 epoch 25/25 time=1.38s device=cuda
INFO:src.estimators.masked_ae:[masked-ae] sweep lam=5.994842503189409 epoch 1/25 time=1.32s device=cuda
INFO:src.estimators.masked_ae:[masked-ae] sweep lam=5.994842503189409 epoch 2/25 time=1.21s device=cuda
INFO:src.estimators.masked_ae:[masked-ae] sweep lam=5.994842503189409 epoch 3/25 time=1.15s device=cuda
INFO:src.estimators.masked_ae:[masked-ae] sweep lam=5.994842503189409 epoch 4/25 time=1.32s device=cuda
INFO:src.estimators.masked_ae:[masked-ae] sweep lam=5.994842503189409 epoch 5/25 time=1.52s device=cuda
INFO:src.estimators.masked_ae:[masked-ae] sweep lam=5.994842503189409 epoch 6/25 time=1.19s device=cuda
INFO:src.estimators.masked_ae:[masked-ae] sweep lam=5.994842503189409 epoch 7/25 time=1.61s device=cuda
INFO:src.estimators.masked_ae:[masked-ae] sweep lam=5.994842503189409 epoch 8/25 time=1.44s device=cuda
INFO:src.estimators.masked_ae:[masked-ae] sweep lam=5.994842503189409 epoch 9/25 time=1.49s device=cuda
INFO:src.estimators.masked_ae:[masked-ae] sweep lam=5.994842503189409 epoch 10/25 time=1.45s device=cuda
INFO:src.estimators.masked_ae:[masked-ae] sweep lam=5.994842503189409 epoch 11/25 time=1.31s device=cuda
INFO:src.estimators.masked_ae:[masked-ae] sweep lam=5.994842503189409 epoch 12/25 time=1.38s device=cuda
INFO:src.estimators.masked_ae:[masked-ae] sweep lam=5.994842503189409 epoch 13/25 time=1.13s device=cuda
INFO:src.estimators.masked_ae:[masked-ae] sweep lam=5.994842503189409 epoch 14/25 time=1.44s device=cuda
INFO:src.estimators.masked_ae:[masked-ae] sweep lam=5.994842503189409 epoch 15/25 time=1.26s device=cuda
INFO:src.estimators.masked_ae:[masked-ae] sweep lam=5.994842503189409 epoch 16/25 time=1.14s device=cuda
INFO:src.estimators.masked_ae:[masked-ae] sweep lam=5.994842503189409 epoch 17/25 time=1.44s device=cuda
INFO:src.estimators.masked_ae:[masked-ae] sweep lam=5.994842503189409 epoch 18/25 time=1.50s device=cuda
INFO:src.estimators.masked_ae:[masked-ae] sweep lam=5.994842503189409 epoch 19/25 time=1.51s device=cuda
INFO:src.estimators.masked_ae:[masked-ae] sweep lam=5.994842503189409 epoch 20/25 time=1.41s device=cuda
INFO:src.estimators.masked_ae:[masked-ae] sweep lam=5.994842503189409 epoch 21/25 time=1.29s device=cuda
INFO:src.estimators.masked_ae:[masked-ae] sweep lam=5.994842503189409 epoch 22/25 time=1.35s device=cuda
INFO:src.estimators.masked_ae:[masked-ae] sweep lam=5.994842503189409 epoch 23/25 time=1.37s device=cuda
INFO:src.estimators.masked_ae:[masked-ae] sweep lam=5.994842503189409 epoch 24/25 time=1.62s device=cuda
INFO:src.estimators.masked_ae:[masked-ae] sweep lam=5.994842503189409 epoch 25/25 time=1.17s device=cuda
INFO:src.estimators.masked_ae:[masked-ae] sweep lam=10.0 epoch 1/25 time=1.48s device=cuda
INFO:src.estimators.masked_ae:[masked-ae] sweep lam=10.0 epoch 2/25 time=1.41s device=cuda
INFO:src.estimators.masked_ae:[masked-ae] sweep lam=10.0 epoch 3/25 time=1.32s device=cuda
INFO:src.estimators.masked_ae:[masked-ae] sweep lam=10.0 epoch 4/25 time=1.41s device=cuda
INFO:src.estimators.masked_ae:[masked-ae] sweep lam=10.0 epoch 5/25 time=1.24s device=cuda
INFO:src.estimators.masked_ae:[masked-ae] sweep lam=10.0 epoch 6/25 time=1.45s device=cuda
INFO:src.estimators.masked_ae:[masked-ae] sweep lam=10.0 epoch 7/25 time=1.33s device=cuda
INFO:src.estimators.masked_ae:[masked-ae] sweep lam=10.0 epoch 8/25 time=1.45s device=cuda
INFO:src.estimators.masked_ae:[masked-ae] sweep lam=10.0 epoch 9/25 time=1.32s device=cuda
INFO:src.estimators.masked_ae:[masked-ae] sweep lam=10.0 epoch 10/25 time=1.23s device=cuda
INFO:src.estimators.masked_ae:[masked-ae] sweep lam=10.0 epoch 11/25 time=1.43s device=cuda
INFO:src.estimators.masked_ae:[masked-ae] sweep lam=10.0 epoch 12/25 time=1.43s device=cuda
INFO:src.estimators.masked_ae:[masked-ae] sweep lam=10.0 epoch 13/25 time=1.32s device=cuda
INFO:src.estimators.masked_ae:[masked-ae] sweep lam=10.0 epoch 14/25 time=1.27s device=cuda
INFO:src.estimators.masked_ae:[masked-ae] sweep lam=10.0 epoch 15/25 time=1.32s device=cuda
INFO:src.estimators.masked_ae:[masked-ae] sweep lam=10.0 epoch 16/25 time=1.26s device=cuda
INFO:src.estimators.masked_ae:[masked-ae] sweep lam=10.0 epoch 17/25 time=1.03s device=cuda
INFO:src.estimators.masked_ae:[masked-ae] sweep lam=10.0 epoch 18/25 time=1.38s device=cuda
INFO:src.estimators.masked_ae:[masked-ae] sweep lam=10.0 epoch 19/25 time=1.29s device=cuda
INFO:src.estimators.masked_ae:[masked-ae] sweep lam=10.0 epoch 20/25 time=1.31s device=cuda
INFO:src.estimators.masked_ae:[masked-ae] sweep lam=10.0 epoch 21/25 time=1.53s device=cuda
INFO:src.estimators.masked_ae:[masked-ae] sweep lam=10.0 epoch 22/25 time=1.27s device=cuda
INFO:src.estimators.masked_ae:[masked-ae] sweep lam=10.0 epoch 23/25 time=1.47s device=cuda
INFO:src.estimators.masked_ae:[masked-ae] sweep lam=10.0 epoch 24/25 time=1.49s device=cuda
INFO:src.estimators.masked_ae:[masked-ae] sweep lam=10.0 epoch 25/25 time=1.15s device=cuda
INFO:src.estimators.masked_ae:[masked-ae] retrain epoch 1/10 time=1.59s device=cuda
INFO:src.estimators.masked_ae:[masked-ae] retrain epoch 2/10 time=1.39s device=cuda
INFO:src.estimators.masked_ae:[masked-ae] retrain epoch 3/10 time=1.33s device=cuda
INFO:src.estimators.masked_ae:[masked-ae] retrain epoch 4/10 time=1.44s device=cuda
INFO:src.estimators.masked_ae:[masked-ae] retrain epoch 5/10 time=1.25s device=cuda
INFO:src.estimators.masked_ae:[masked-ae] retrain epoch 6/10 time=1.22s device=cuda
INFO:src.estimators.masked_ae:[masked-ae] retrain epoch 7/10 time=1.29s device=cuda
INFO:src.estimators.masked_ae:[masked-ae] retrain epoch 8/10 time=1.64s device=cuda
INFO:src.estimators.masked_ae:[masked-ae] retrain epoch 9/10 time=1.22s device=cuda
INFO:src.estimators.masked_ae:[masked-ae] retrain epoch 10/10 time=1.38s device=cuda
INFO:repair_masked_ae:Group ('mnist', 12, 0.5, 0) repaired: estimate=13.0 elapsed_s=365.66 device=cuda samples=60000 rows=5
INFO:repair_masked_ae:Processing group key=('mnist', 12, 0.75, 0) with 5 rows; example row 660
INFO:src.estimators.masked_ae:[masked-ae] pretrain epoch 1/10 time=1.27s device=cuda
INFO:src.estimators.masked_ae:[masked-ae] pretrain epoch 2/10 time=0.96s device=cuda
INFO:src.estimators.masked_ae:[masked-ae] pretrain epoch 3/10 time=1.25s device=cuda
INFO:src.estimators.masked_ae:[masked-ae] pretrain epoch 4/10 time=1.19s device=cuda
INFO:src.estimators.masked_ae:[masked-ae] pretrain epoch 5/10 time=1.32s device=cuda
INFO:src.estimators.masked_ae:[masked-ae] pretrain epoch 6/10 time=1.01s device=cuda
INFO:src.estimators.masked_ae:[masked-ae] pretrain epoch 7/10 time=1.16s device=cuda
INFO:src.estimators.masked_ae:[masked-ae] pretrain epoch 8/10 time=1.17s device=cuda
INFO:src.estimators.masked_ae:[masked-ae] pretrain epoch 9/10 time=1.33s device=cuda
INFO:src.estimators.masked_ae:[masked-ae] pretrain epoch 10/10 time=1.28s device=cuda
INFO:src.estimators.masked_ae:[masked-ae] sweep lam=0.1 epoch 1/25 time=1.32s device=cuda
INFO:src.estimators.masked_ae:[masked-ae] sweep lam=0.1 epoch 2/25 time=1.19s device=cuda
INFO:src.estimators.masked_ae:[masked-ae] sweep lam=0.1 epoch 3/25 time=1.49s device=cuda
INFO:src.estimators.masked_ae:[masked-ae] sweep lam=0.1 epoch 4/25 time=1.29s device=cuda
INFO:src.estimators.masked_ae:[masked-ae] sweep lam=0.1 epoch 5/25 time=1.51s device=cuda
INFO:src.estimators.masked_ae:[masked-ae] sweep lam=0.1 epoch 6/25 time=1.39s device=cuda
INFO:src.estimators.masked_ae:[masked-ae] sweep lam=0.1 epoch 7/25 time=1.36s device=cuda
INFO:src.estimators.masked_ae:[masked-ae] sweep lam=0.1 epoch 8/25 time=1.35s device=cuda
INFO:src.estimators.masked_ae:[masked-ae] sweep lam=0.1 epoch 9/25 time=1.27s device=cuda
INFO:src.estimators.masked_ae:[masked-ae] sweep lam=0.1 epoch 10/25 time=1.30s device=cuda
INFO:src.estimators.masked_ae:[masked-ae] sweep lam=0.1 epoch 11/25 time=1.45s device=cuda
INFO:src.estimators.masked_ae:[masked-ae] sweep lam=0.1 epoch 12/25 time=1.38s device=cuda
INFO:src.estimators.masked_ae:[masked-ae] sweep lam=0.1 epoch 13/25 time=1.13s device=cuda
INFO:src.estimators.masked_ae:[masked-ae] sweep lam=0.1 epoch 14/25 time=1.28s device=cuda
INFO:src.estimators.masked_ae:[masked-ae] sweep lam=0.1 epoch 15/25 time=1.40s device=cuda
INFO:src.estimators.masked_ae:[masked-ae] sweep lam=0.1 epoch 16/25 time=1.44s device=cuda
INFO:src.estimators.masked_ae:[masked-ae] sweep lam=0.1 epoch 17/25 time=1.49s device=cuda
INFO:src.estimators.masked_ae:[masked-ae] sweep lam=0.1 epoch 18/25 time=1.31s device=cuda
INFO:src.estimators.masked_ae:[masked-ae] sweep lam=0.1 epoch 19/25 time=1.37s device=cuda
INFO:src.estimators.masked_ae:[masked-ae] sweep lam=0.1 epoch 20/25 time=1.73s device=cuda
INFO:src.estimators.masked_ae:[masked-ae] sweep lam=0.1 epoch 21/25 time=1.25s device=cuda
INFO:src.estimators.masked_ae:[masked-ae] sweep lam=0.1 epoch 22/25 time=1.25s device=cuda
INFO:src.estimators.masked_ae:[masked-ae] sweep lam=0.1 epoch 23/25 time=1.33s device=cuda
INFO:src.estimators.masked_ae:[masked-ae] sweep lam=0.1 epoch 24/25 time=1.26s device=cuda
INFO:src.estimators.masked_ae:[masked-ae] sweep lam=0.1 epoch 25/25 time=1.41s device=cuda
INFO:src.estimators.masked_ae:[masked-ae] sweep lam=0.16681005372000587 epoch 1/25 time=1.26s device=cuda
INFO:src.estimators.masked_ae:[masked-ae] sweep lam=0.16681005372000587 epoch 2/25 time=1.22s device=cuda
INFO:src.estimators.masked_ae:[masked-ae] sweep lam=0.16681005372000587 epoch 3/25 time=1.50s device=cuda
INFO:src.estimators.masked_ae:[masked-ae] sweep lam=0.16681005372000587 epoch 4/25 time=1.43s device=cuda
INFO:src.estimators.masked_ae:[masked-ae] sweep lam=0.16681005372000587 epoch 5/25 time=1.36s device=cuda
INFO:src.estimators.masked_ae:[masked-ae] sweep lam=0.16681005372000587 epoch 6/25 time=1.19s device=cuda
INFO:src.estimators.masked_ae:[masked-ae] sweep lam=0.16681005372000587 epoch 7/25 time=1.34s device=cuda
INFO:src.estimators.masked_ae:[masked-ae] sweep lam=0.16681005372000587 epoch 8/25 time=1.39s device=cuda
INFO:src.estimators.masked_ae:[masked-ae] sweep lam=0.16681005372000587 epoch 9/25 time=1.34s device=cuda
INFO:src.estimators.masked_ae:[masked-ae] sweep lam=0.16681005372000587 epoch 10/25 time=1.26s device=cuda
INFO:src.estimators.masked_ae:[masked-ae] sweep lam=0.16681005372000587 epoch 11/25 time=1.24s device=cuda
INFO:src.estimators.masked_ae:[masked-ae] sweep lam=0.16681005372000587 epoch 12/25 time=1.48s device=cuda
INFO:src.estimators.masked_ae:[masked-ae] sweep lam=0.16681005372000587 epoch 13/25 time=1.34s device=cuda
INFO:src.estimators.masked_ae:[masked-ae] sweep lam=0.16681005372000587 epoch 14/25 time=1.45s device=cuda
INFO:src.estimators.masked_ae:[masked-ae] sweep lam=0.16681005372000587 epoch 15/25 time=1.54s device=cuda
INFO:src.estimators.masked_ae:[masked-ae] sweep lam=0.16681005372000587 epoch 16/25 time=1.44s device=cuda
INFO:src.estimators.masked_ae:[masked-ae] sweep lam=0.16681005372000587 epoch 17/25 time=1.23s device=cuda
INFO:src.estimators.masked_ae:[masked-ae] sweep lam=0.16681005372000587 epoch 18/25 time=1.22s device=cuda
INFO:src.estimators.masked_ae:[masked-ae] sweep lam=0.16681005372000587 epoch 19/25 time=1.36s device=cuda
INFO:src.estimators.masked_ae:[masked-ae] sweep lam=0.16681005372000587 epoch 20/25 time=1.46s device=cuda
INFO:src.estimators.masked_ae:[masked-ae] sweep lam=0.16681005372000587 epoch 21/25 time=1.25s device=cuda
INFO:src.estimators.masked_ae:[masked-ae] sweep lam=0.16681005372000587 epoch 22/25 time=1.57s device=cuda
INFO:src.estimators.masked_ae:[masked-ae] sweep lam=0.16681005372000587 epoch 23/25 time=1.37s device=cuda
INFO:src.estimators.masked_ae:[masked-ae] sweep lam=0.16681005372000587 epoch 24/25 time=1.32s device=cuda
INFO:src.estimators.masked_ae:[masked-ae] sweep lam=0.16681005372000587 epoch 25/25 time=1.32s device=cuda
INFO:src.estimators.masked_ae:[masked-ae] sweep lam=0.2782559402207124 epoch 1/25 time=1.22s device=cuda
INFO:src.estimators.masked_ae:[masked-ae] sweep lam=0.2782559402207124 epoch 2/25 time=1.10s device=cuda
INFO:src.estimators.masked_ae:[masked-ae] sweep lam=0.2782559402207124 epoch 3/25 time=1.34s device=cuda
INFO:src.estimators.masked_ae:[masked-ae] sweep lam=0.2782559402207124 epoch 4/25 time=1.55s device=cuda
INFO:src.estimators.masked_ae:[masked-ae] sweep lam=0.2782559402207124 epoch 5/25 time=1.71s device=cuda
INFO:src.estimators.masked_ae:[masked-ae] sweep lam=0.2782559402207124 epoch 6/25 time=1.37s device=cuda
INFO:src.estimators.masked_ae:[masked-ae] sweep lam=0.2782559402207124 epoch 7/25 time=1.26s device=cuda
INFO:src.estimators.masked_ae:[masked-ae] sweep lam=0.2782559402207124 epoch 8/25 time=1.43s device=cuda
INFO:src.estimators.masked_ae:[masked-ae] sweep lam=0.2782559402207124 epoch 9/25 time=1.50s device=cuda
INFO:src.estimators.masked_ae:[masked-ae] sweep lam=0.2782559402207124 epoch 10/25 time=1.38s device=cuda
INFO:src.estimators.masked_ae:[masked-ae] sweep lam=0.2782559402207124 epoch 11/25 time=1.26s device=cuda
INFO:src.estimators.masked_ae:[masked-ae] sweep lam=0.2782559402207124 epoch 12/25 time=1.52s device=cuda
INFO:src.estimators.masked_ae:[masked-ae] sweep lam=0.2782559402207124 epoch 13/25 time=1.44s device=cuda
INFO:src.estimators.masked_ae:[masked-ae] sweep lam=0.2782559402207124 epoch 14/25 time=1.32s device=cuda
INFO:src.estimators.masked_ae:[masked-ae] sweep lam=0.2782559402207124 epoch 15/25 time=1.20s device=cuda
INFO:src.estimators.masked_ae:[masked-ae] sweep lam=0.2782559402207124 epoch 16/25 time=1.32s device=cuda
INFO:src.estimators.masked_ae:[masked-ae] sweep lam=0.2782559402207124 epoch 17/25 time=1.43s device=cuda
INFO:src.estimators.masked_ae:[masked-ae] sweep lam=0.2782559402207124 epoch 18/25 time=1.35s device=cuda
INFO:src.estimators.masked_ae:[masked-ae] sweep lam=0.2782559402207124 epoch 19/25 time=1.36s device=cuda
INFO:src.estimators.masked_ae:[masked-ae] sweep lam=0.2782559402207124 epoch 20/25 time=1.42s device=cuda
INFO:src.estimators.masked_ae:[masked-ae] sweep lam=0.2782559402207124 epoch 21/25 time=1.51s device=cuda
INFO:src.estimators.masked_ae:[masked-ae] sweep lam=0.2782559402207124 epoch 22/25 time=1.49s device=cuda
INFO:src.estimators.masked_ae:[masked-ae] sweep lam=0.2782559402207124 epoch 23/25 time=1.25s device=cuda
INFO:src.estimators.masked_ae:[masked-ae] sweep lam=0.2782559402207124 epoch 24/25 time=1.30s device=cuda
INFO:src.estimators.masked_ae:[masked-ae] sweep lam=0.2782559402207124 epoch 25/25 time=1.53s device=cuda
INFO:src.estimators.masked_ae:[masked-ae] sweep lam=0.46415888336127786 epoch 1/25 time=1.27s device=cuda
INFO:src.estimators.masked_ae:[masked-ae] sweep lam=0.46415888336127786 epoch 2/25 time=1.25s device=cuda
INFO:src.estimators.masked_ae:[masked-ae] sweep lam=0.46415888336127786 epoch 3/25 time=1.32s device=cuda
INFO:src.estimators.masked_ae:[masked-ae] sweep lam=0.46415888336127786 epoch 4/25 time=1.17s device=cuda
INFO:src.estimators.masked_ae:[masked-ae] sweep lam=0.46415888336127786 epoch 5/25 time=1.18s device=cuda
INFO:src.estimators.masked_ae:[masked-ae] sweep lam=0.46415888336127786 epoch 6/25 time=1.37s device=cuda
INFO:src.estimators.masked_ae:[masked-ae] sweep lam=0.46415888336127786 epoch 7/25 time=1.49s device=cuda
INFO:src.estimators.masked_ae:[masked-ae] sweep lam=0.46415888336127786 epoch 8/25 time=1.16s device=cuda
INFO:src.estimators.masked_ae:[masked-ae] sweep lam=0.46415888336127786 epoch 9/25 time=1.49s device=cuda
INFO:src.estimators.masked_ae:[masked-ae] sweep lam=0.46415888336127786 epoch 10/25 time=1.44s device=cuda
INFO:src.estimators.masked_ae:[masked-ae] sweep lam=0.46415888336127786 epoch 11/25 time=1.13s device=cuda
INFO:src.estimators.masked_ae:[masked-ae] sweep lam=0.46415888336127786 epoch 12/25 time=1.28s device=cuda
INFO:src.estimators.masked_ae:[masked-ae] sweep lam=0.46415888336127786 epoch 13/25 time=1.44s device=cuda
INFO:src.estimators.masked_ae:[masked-ae] sweep lam=0.46415888336127786 epoch 14/25 time=1.54s device=cuda
INFO:src.estimators.masked_ae:[masked-ae] sweep lam=0.46415888336127786 epoch 15/25 time=1.47s device=cuda
INFO:src.estimators.masked_ae:[masked-ae] sweep lam=0.46415888336127786 epoch 16/25 time=1.56s device=cuda
INFO:src.estimators.masked_ae:[masked-ae] sweep lam=0.46415888336127786 epoch 17/25 time=1.42s device=cuda
INFO:src.estimators.masked_ae:[masked-ae] sweep lam=0.46415888336127786 epoch 18/25 time=1.09s device=cuda
INFO:src.estimators.masked_ae:[masked-ae] sweep lam=0.46415888336127786 epoch 19/25 time=1.36s device=cuda
INFO:src.estimators.masked_ae:[masked-ae] sweep lam=0.46415888336127786 epoch 20/25 time=1.34s device=cuda
INFO:src.estimators.masked_ae:[masked-ae] sweep lam=0.46415888336127786 epoch 21/25 time=1.27s device=cuda
INFO:src.estimators.masked_ae:[masked-ae] sweep lam=0.46415888336127786 epoch 22/25 time=1.28s device=cuda
INFO:src.estimators.masked_ae:[masked-ae] sweep lam=0.46415888336127786 epoch 23/25 time=1.36s device=cuda
INFO:src.estimators.masked_ae:[masked-ae] sweep lam=0.46415888336127786 epoch 24/25 time=1.33s device=cuda
INFO:src.estimators.masked_ae:[masked-ae] sweep lam=0.46415888336127786 epoch 25/25 time=1.39s device=cuda
INFO:src.estimators.masked_ae:[masked-ae] sweep lam=0.774263682681127 epoch 1/25 time=1.72s device=cuda
INFO:src.estimators.masked_ae:[masked-ae] sweep lam=0.774263682681127 epoch 2/25 time=1.41s device=cuda
INFO:src.estimators.masked_ae:[masked-ae] sweep lam=0.774263682681127 epoch 3/25 time=1.30s device=cuda
INFO:src.estimators.masked_ae:[masked-ae] sweep lam=0.774263682681127 epoch 4/25 time=1.33s device=cuda
INFO:src.estimators.masked_ae:[masked-ae] sweep lam=0.774263682681127 epoch 5/25 time=1.47s device=cuda
INFO:src.estimators.masked_ae:[masked-ae] sweep lam=0.774263682681127 epoch 6/25 time=1.45s device=cuda
INFO:src.estimators.masked_ae:[masked-ae] sweep lam=0.774263682681127 epoch 7/25 time=1.19s device=cuda
INFO:src.estimators.masked_ae:[masked-ae] sweep lam=0.774263682681127 epoch 8/25 time=1.42s device=cuda
INFO:src.estimators.masked_ae:[masked-ae] sweep lam=0.774263682681127 epoch 9/25 time=1.37s device=cuda
INFO:src.estimators.masked_ae:[masked-ae] sweep lam=0.774263682681127 epoch 10/25 time=1.26s device=cuda
INFO:src.estimators.masked_ae:[masked-ae] sweep lam=0.774263682681127 epoch 11/25 time=1.27s device=cuda
INFO:src.estimators.masked_ae:[masked-ae] sweep lam=0.774263682681127 epoch 12/25 time=1.42s device=cuda
INFO:src.estimators.masked_ae:[masked-ae] sweep lam=0.774263682681127 epoch 13/25 time=1.50s device=cuda
INFO:src.estimators.masked_ae:[masked-ae] sweep lam=0.774263682681127 epoch 14/25 time=1.15s device=cuda
INFO:src.estimators.masked_ae:[masked-ae] sweep lam=0.774263682681127 epoch 15/25 time=1.22s device=cuda
INFO:src.estimators.masked_ae:[masked-ae] sweep lam=0.774263682681127 epoch 16/25 time=1.41s device=cuda
INFO:src.estimators.masked_ae:[masked-ae] sweep lam=0.774263682681127 epoch 17/25 time=1.40s device=cuda
INFO:src.estimators.masked_ae:[masked-ae] sweep lam=0.774263682681127 epoch 18/25 time=1.37s device=cuda
INFO:src.estimators.masked_ae:[masked-ae] sweep lam=0.774263682681127 epoch 19/25 time=1.38s device=cuda
INFO:src.estimators.masked_ae:[masked-ae] sweep lam=0.774263682681127 epoch 20/25 time=1.39s device=cuda
INFO:src.estimators.masked_ae:[masked-ae] sweep lam=0.774263682681127 epoch 21/25 time=1.37s device=cuda
INFO:src.estimators.masked_ae:[masked-ae] sweep lam=0.774263682681127 epoch 22/25 time=1.38s device=cuda
INFO:src.estimators.masked_ae:[masked-ae] sweep lam=0.774263682681127 epoch 23/25 time=1.47s device=cuda
INFO:src.estimators.masked_ae:[masked-ae] sweep lam=0.774263682681127 epoch 24/25 time=1.49s device=cuda
INFO:src.estimators.masked_ae:[masked-ae] sweep lam=0.774263682681127 epoch 25/25 time=1.51s device=cuda
INFO:src.estimators.masked_ae:[masked-ae] sweep lam=1.291549665014884 epoch 1/25 time=1.37s device=cuda
INFO:src.estimators.masked_ae:[masked-ae] sweep lam=1.291549665014884 epoch 2/25 time=1.41s device=cuda
INFO:src.estimators.masked_ae:[masked-ae] sweep lam=1.291549665014884 epoch 3/25 time=1.42s device=cuda
INFO:src.estimators.masked_ae:[masked-ae] sweep lam=1.291549665014884 epoch 4/25 time=1.12s device=cuda
INFO:src.estimators.masked_ae:[masked-ae] sweep lam=1.291549665014884 epoch 5/25 time=1.32s device=cuda
INFO:src.estimators.masked_ae:[masked-ae] sweep lam=1.291549665014884 epoch 6/25 time=1.25s device=cuda
INFO:src.estimators.masked_ae:[masked-ae] sweep lam=1.291549665014884 epoch 7/25 time=1.25s device=cuda
INFO:src.estimators.masked_ae:[masked-ae] sweep lam=1.291549665014884 epoch 8/25 time=1.33s device=cuda
INFO:src.estimators.masked_ae:[masked-ae] sweep lam=1.291549665014884 epoch 9/25 time=1.33s device=cuda
INFO:src.estimators.masked_ae:[masked-ae] sweep lam=1.291549665014884 epoch 10/25 time=1.29s device=cuda
INFO:src.estimators.masked_ae:[masked-ae] sweep lam=1.291549665014884 epoch 11/25 time=1.47s device=cuda
INFO:src.estimators.masked_ae:[masked-ae] sweep lam=1.291549665014884 epoch 12/25 time=1.45s device=cuda
INFO:src.estimators.masked_ae:[masked-ae] sweep lam=1.291549665014884 epoch 13/25 time=1.21s device=cuda
INFO:src.estimators.masked_ae:[masked-ae] sweep lam=1.291549665014884 epoch 14/25 time=1.34s device=cuda
INFO:src.estimators.masked_ae:[masked-ae] sweep lam=1.291549665014884 epoch 15/25 time=1.51s device=cuda
INFO:src.estimators.masked_ae:[masked-ae] sweep lam=1.291549665014884 epoch 16/25 time=1.46s device=cuda
INFO:src.estimators.masked_ae:[masked-ae] sweep lam=1.291549665014884 epoch 17/25 time=1.17s device=cuda
INFO:src.estimators.masked_ae:[masked-ae] sweep lam=1.291549665014884 epoch 18/25 time=1.44s device=cuda
INFO:src.estimators.masked_ae:[masked-ae] sweep lam=1.291549665014884 epoch 19/25 time=1.27s device=cuda
INFO:src.estimators.masked_ae:[masked-ae] sweep lam=1.291549665014884 epoch 20/25 time=1.44s device=cuda
INFO:src.estimators.masked_ae:[masked-ae] sweep lam=1.291549665014884 epoch 21/25 time=1.33s device=cuda
INFO:src.estimators.masked_ae:[masked-ae] sweep lam=1.291549665014884 epoch 22/25 time=1.40s device=cuda
INFO:src.estimators.masked_ae:[masked-ae] sweep lam=1.291549665014884 epoch 23/25 time=1.41s device=cuda
INFO:src.estimators.masked_ae:[masked-ae] sweep lam=1.291549665014884 epoch 24/25 time=1.16s device=cuda
INFO:src.estimators.masked_ae:[masked-ae] sweep lam=1.291549665014884 epoch 25/25 time=1.34s device=cuda
INFO:src.estimators.masked_ae:[masked-ae] sweep lam=2.1544346900318834 epoch 1/25 time=1.36s device=cuda
INFO:src.estimators.masked_ae:[masked-ae] sweep lam=2.1544346900318834 epoch 2/25 time=1.22s device=cuda
INFO:src.estimators.masked_ae:[masked-ae] sweep lam=2.1544346900318834 epoch 3/25 time=1.10s device=cuda
INFO:src.estimators.masked_ae:[masked-ae] sweep lam=2.1544346900318834 epoch 4/25 time=1.38s device=cuda
INFO:src.estimators.masked_ae:[masked-ae] sweep lam=2.1544346900318834 epoch 5/25 time=1.45s device=cuda
INFO:src.estimators.masked_ae:[masked-ae] sweep lam=2.1544346900318834 epoch 6/25 time=1.40s device=cuda
INFO:src.estimators.masked_ae:[masked-ae] sweep lam=2.1544346900318834 epoch 7/25 time=1.46s device=cuda
INFO:src.estimators.masked_ae:[masked-ae] sweep lam=2.1544346900318834 epoch 8/25 time=1.34s device=cuda
INFO:src.estimators.masked_ae:[masked-ae] sweep lam=2.1544346900318834 epoch 9/25 time=1.44s device=cuda
INFO:src.estimators.masked_ae:[masked-ae] sweep lam=2.1544346900318834 epoch 10/25 time=1.54s device=cuda
INFO:src.estimators.masked_ae:[masked-ae] sweep lam=2.1544346900318834 epoch 11/25 time=1.43s device=cuda
INFO:src.estimators.masked_ae:[masked-ae] sweep lam=2.1544346900318834 epoch 12/25 time=1.49s device=cuda
INFO:src.estimators.masked_ae:[masked-ae] sweep lam=2.1544346900318834 epoch 13/25 time=1.39s device=cuda
INFO:src.estimators.masked_ae:[masked-ae] sweep lam=2.1544346900318834 epoch 14/25 time=1.46s device=cuda
INFO:src.estimators.masked_ae:[masked-ae] sweep lam=2.1544346900318834 epoch 15/25 time=1.34s device=cuda
INFO:src.estimators.masked_ae:[masked-ae] sweep lam=2.1544346900318834 epoch 16/25 time=1.29s device=cuda
INFO:src.estimators.masked_ae:[masked-ae] sweep lam=2.1544346900318834 epoch 17/25 time=1.02s device=cuda
INFO:src.estimators.masked_ae:[masked-ae] sweep lam=2.1544346900318834 epoch 18/25 time=1.50s device=cuda
INFO:src.estimators.masked_ae:[masked-ae] sweep lam=2.1544346900318834 epoch 19/25 time=1.36s device=cuda
INFO:src.estimators.masked_ae:[masked-ae] sweep lam=2.1544346900318834 epoch 20/25 time=1.45s device=cuda
INFO:src.estimators.masked_ae:[masked-ae] sweep lam=2.1544346900318834 epoch 21/25 time=1.44s device=cuda
INFO:src.estimators.masked_ae:[masked-ae] sweep lam=2.1544346900318834 epoch 22/25 time=1.39s device=cuda
INFO:src.estimators.masked_ae:[masked-ae] sweep lam=2.1544346900318834 epoch 23/25 time=1.40s device=cuda
INFO:src.estimators.masked_ae:[masked-ae] sweep lam=2.1544346900318834 epoch 24/25 time=1.24s device=cuda
INFO:src.estimators.masked_ae:[masked-ae] sweep lam=2.1544346900318834 epoch 25/25 time=1.35s device=cuda
INFO:src.estimators.masked_ae:[masked-ae] sweep lam=3.593813663804626 epoch 1/25 time=1.25s device=cuda
INFO:src.estimators.masked_ae:[masked-ae] sweep lam=3.593813663804626 epoch 2/25 time=1.16s device=cuda
INFO:src.estimators.masked_ae:[masked-ae] sweep lam=3.593813663804626 epoch 3/25 time=1.48s device=cuda
INFO:src.estimators.masked_ae:[masked-ae] sweep lam=3.593813663804626 epoch 4/25 time=1.20s device=cuda
INFO:src.estimators.masked_ae:[masked-ae] sweep lam=3.593813663804626 epoch 5/25 time=1.25s device=cuda
INFO:src.estimators.masked_ae:[masked-ae] sweep lam=3.593813663804626 epoch 6/25 time=1.21s device=cuda
INFO:src.estimators.masked_ae:[masked-ae] sweep lam=3.593813663804626 epoch 7/25 time=1.65s device=cuda
INFO:src.estimators.masked_ae:[masked-ae] sweep lam=3.593813663804626 epoch 8/25 time=1.47s device=cuda
INFO:src.estimators.masked_ae:[masked-ae] sweep lam=3.593813663804626 epoch 9/25 time=1.47s device=cuda
INFO:src.estimators.masked_ae:[masked-ae] sweep lam=3.593813663804626 epoch 10/25 time=1.24s device=cuda
INFO:src.estimators.masked_ae:[masked-ae] sweep lam=3.593813663804626 epoch 11/25 time=1.24s device=cuda
INFO:src.estimators.masked_ae:[masked-ae] sweep lam=3.593813663804626 epoch 12/25 time=1.21s device=cuda
INFO:src.estimators.masked_ae:[masked-ae] sweep lam=3.593813663804626 epoch 13/25 time=1.43s device=cuda
INFO:src.estimators.masked_ae:[masked-ae] sweep lam=3.593813663804626 epoch 14/25 time=1.21s device=cuda
INFO:src.estimators.masked_ae:[masked-ae] sweep lam=3.593813663804626 epoch 15/25 time=1.29s device=cuda
INFO:src.estimators.masked_ae:[masked-ae] sweep lam=3.593813663804626 epoch 16/25 time=1.14s device=cuda
INFO:src.estimators.masked_ae:[masked-ae] sweep lam=3.593813663804626 epoch 17/25 time=1.39s device=cuda
INFO:src.estimators.masked_ae:[masked-ae] sweep lam=3.593813663804626 epoch 18/25 time=1.14s device=cuda
INFO:src.estimators.masked_ae:[masked-ae] sweep lam=3.593813663804626 epoch 19/25 time=1.40s device=cuda
INFO:src.estimators.masked_ae:[masked-ae] sweep lam=3.593813663804626 epoch 20/25 time=1.21s device=cuda
INFO:src.estimators.masked_ae:[masked-ae] sweep lam=3.593813663804626 epoch 21/25 time=1.31s device=cuda
INFO:src.estimators.masked_ae:[masked-ae] sweep lam=3.593813663804626 epoch 22/25 time=1.18s device=cuda
INFO:src.estimators.masked_ae:[masked-ae] sweep lam=3.593813663804626 epoch 23/25 time=1.11s device=cuda
INFO:src.estimators.masked_ae:[masked-ae] sweep lam=3.593813663804626 epoch 24/25 time=1.40s device=cuda
INFO:src.estimators.masked_ae:[masked-ae] sweep lam=3.593813663804626 epoch 25/25 time=1.17s device=cuda
INFO:src.estimators.masked_ae:[masked-ae] sweep lam=5.994842503189409 epoch 1/25 time=1.33s device=cuda
INFO:src.estimators.masked_ae:[masked-ae] sweep lam=5.994842503189409 epoch 2/25 time=1.28s device=cuda
INFO:src.estimators.masked_ae:[masked-ae] sweep lam=5.994842503189409 epoch 3/25 time=1.53s device=cuda
INFO:src.estimators.masked_ae:[masked-ae] sweep lam=5.994842503189409 epoch 4/25 time=1.31s device=cuda
INFO:src.estimators.masked_ae:[masked-ae] sweep lam=5.994842503189409 epoch 5/25 time=1.45s device=cuda
INFO:src.estimators.masked_ae:[masked-ae] sweep lam=5.994842503189409 epoch 6/25 time=1.38s device=cuda
INFO:src.estimators.masked_ae:[masked-ae] sweep lam=5.994842503189409 epoch 7/25 time=1.34s device=cuda
INFO:src.estimators.masked_ae:[masked-ae] sweep lam=5.994842503189409 epoch 8/25 time=1.42s device=cuda
INFO:src.estimators.masked_ae:[masked-ae] sweep lam=5.994842503189409 epoch 9/25 time=1.23s device=cuda
INFO:src.estimators.masked_ae:[masked-ae] sweep lam=5.994842503189409 epoch 10/25 time=1.37s device=cuda
INFO:src.estimators.masked_ae:[masked-ae] sweep lam=5.994842503189409 epoch 11/25 time=1.29s device=cuda
INFO:src.estimators.masked_ae:[masked-ae] sweep lam=5.994842503189409 epoch 12/25 time=1.30s device=cuda
INFO:src.estimators.masked_ae:[masked-ae] sweep lam=5.994842503189409 epoch 13/25 time=1.46s device=cuda
INFO:src.estimators.masked_ae:[masked-ae] sweep lam=5.994842503189409 epoch 14/25 time=1.18s device=cuda
INFO:src.estimators.masked_ae:[masked-ae] sweep lam=5.994842503189409 epoch 15/25 time=1.33s device=cuda
INFO:src.estimators.masked_ae:[masked-ae] sweep lam=5.994842503189409 epoch 16/25 time=1.30s device=cuda
INFO:src.estimators.masked_ae:[masked-ae] sweep lam=5.994842503189409 epoch 17/25 time=1.36s device=cuda
INFO:src.estimators.masked_ae:[masked-ae] sweep lam=5.994842503189409 epoch 18/25 time=1.42s device=cuda
INFO:src.estimators.masked_ae:[masked-ae] sweep lam=5.994842503189409 epoch 19/25 time=1.32s device=cuda
INFO:src.estimators.masked_ae:[masked-ae] sweep lam=5.994842503189409 epoch 20/25 time=1.10s device=cuda
INFO:src.estimators.masked_ae:[masked-ae] sweep lam=5.994842503189409 epoch 21/25 time=1.33s device=cuda
INFO:src.estimators.masked_ae:[masked-ae] sweep lam=5.994842503189409 epoch 22/25 time=1.31s device=cuda
INFO:src.estimators.masked_ae:[masked-ae] sweep lam=5.994842503189409 epoch 23/25 time=1.41s device=cuda
INFO:src.estimators.masked_ae:[masked-ae] sweep lam=5.994842503189409 epoch 24/25 time=1.45s device=cuda
INFO:src.estimators.masked_ae:[masked-ae] sweep lam=5.994842503189409 epoch 25/25 time=1.51s device=cuda
INFO:src.estimators.masked_ae:[masked-ae] sweep lam=10.0 epoch 1/25 time=1.37s device=cuda
INFO:src.estimators.masked_ae:[masked-ae] sweep lam=10.0 epoch 2/25 time=1.38s device=cuda
INFO:src.estimators.masked_ae:[masked-ae] sweep lam=10.0 epoch 3/25 time=1.28s device=cuda
INFO:src.estimators.masked_ae:[masked-ae] sweep lam=10.0 epoch 4/25 time=1.41s device=cuda
INFO:src.estimators.masked_ae:[masked-ae] sweep lam=10.0 epoch 5/25 time=1.16s device=cuda
INFO:src.estimators.masked_ae:[masked-ae] sweep lam=10.0 epoch 6/25 time=1.21s device=cuda
INFO:src.estimators.masked_ae:[masked-ae] sweep lam=10.0 epoch 7/25 time=1.23s device=cuda
INFO:src.estimators.masked_ae:[masked-ae] sweep lam=10.0 epoch 8/25 time=1.42s device=cuda
INFO:src.estimators.masked_ae:[masked-ae] sweep lam=10.0 epoch 9/25 time=1.28s device=cuda
INFO:src.estimators.masked_ae:[masked-ae] sweep lam=10.0 epoch 10/25 time=1.28s device=cuda
INFO:src.estimators.masked_ae:[masked-ae] sweep lam=10.0 epoch 11/25 time=1.41s device=cuda
INFO:src.estimators.masked_ae:[masked-ae] sweep lam=10.0 epoch 12/25 time=1.55s device=cuda
INFO:src.estimators.masked_ae:[masked-ae] sweep lam=10.0 epoch 13/25 time=1.42s device=cuda
INFO:src.estimators.masked_ae:[masked-ae] sweep lam=10.0 epoch 14/25 time=1.36s device=cuda
INFO:src.estimators.masked_ae:[masked-ae] sweep lam=10.0 epoch 15/25 time=1.29s device=cuda
INFO:src.estimators.masked_ae:[masked-ae] sweep lam=10.0 epoch 16/25 time=1.13s device=cuda
INFO:src.estimators.masked_ae:[masked-ae] sweep lam=10.0 epoch 17/25 time=1.30s device=cuda
INFO:src.estimators.masked_ae:[masked-ae] sweep lam=10.0 epoch 18/25 time=1.41s device=cuda
INFO:src.estimators.masked_ae:[masked-ae] sweep lam=10.0 epoch 19/25 time=1.27s device=cuda
INFO:src.estimators.masked_ae:[masked-ae] sweep lam=10.0 epoch 20/25 time=1.48s device=cuda
INFO:src.estimators.masked_ae:[masked-ae] sweep lam=10.0 epoch 21/25 time=1.06s device=cuda
INFO:src.estimators.masked_ae:[masked-ae] sweep lam=10.0 epoch 22/25 time=1.13s device=cuda
INFO:src.estimators.masked_ae:[masked-ae] sweep lam=10.0 epoch 23/25 time=1.53s device=cuda
INFO:src.estimators.masked_ae:[masked-ae] sweep lam=10.0 epoch 24/25 time=1.22s device=cuda
INFO:src.estimators.masked_ae:[masked-ae] sweep lam=10.0 epoch 25/25 time=1.39s device=cuda
INFO:src.estimators.masked_ae:[masked-ae] retrain epoch 1/10 time=1.28s device=cuda
INFO:src.estimators.masked_ae:[masked-ae] retrain epoch 2/10 time=1.43s device=cuda
INFO:src.estimators.masked_ae:[masked-ae] retrain epoch 3/10 time=1.26s device=cuda
INFO:src.estimators.masked_ae:[masked-ae] retrain epoch 4/10 time=1.23s device=cuda
INFO:src.estimators.masked_ae:[masked-ae] retrain epoch 5/10 time=1.47s device=cuda
INFO:src.estimators.masked_ae:[masked-ae] retrain epoch 6/10 time=1.16s device=cuda
INFO:src.estimators.masked_ae:[masked-ae] retrain epoch 7/10 time=1.33s device=cuda
INFO:src.estimators.masked_ae:[masked-ae] retrain epoch 8/10 time=1.29s device=cuda
INFO:src.estimators.masked_ae:[masked-ae] retrain epoch 9/10 time=1.29s device=cuda
INFO:src.estimators.masked_ae:[masked-ae] retrain epoch 10/10 time=1.47s device=cuda
INFO:repair_masked_ae:Group ('mnist', 12, 0.75, 0) repaired: estimate=12.0 elapsed_s=367.95 device=cuda samples=60000 rows=5
INFO:repair_masked_ae:Processing group key=('mnist', 12, 1.0, 0) with 5 rows; example row 695
INFO:src.estimators.masked_ae:[masked-ae] pretrain epoch 1/10 time=1.28s device=cuda
INFO:src.estimators.masked_ae:[masked-ae] pretrain epoch 2/10 time=1.28s device=cuda
INFO:src.estimators.masked_ae:[masked-ae] pretrain epoch 3/10 time=1.29s device=cuda
INFO:src.estimators.masked_ae:[masked-ae] pretrain epoch 4/10 time=1.38s device=cuda
INFO:src.estimators.masked_ae:[masked-ae] pretrain epoch 5/10 time=1.12s device=cuda
INFO:src.estimators.masked_ae:[masked-ae] pretrain epoch 6/10 time=1.26s device=cuda
INFO:src.estimators.masked_ae:[masked-ae] pretrain epoch 7/10 time=1.32s device=cuda
INFO:src.estimators.masked_ae:[masked-ae] pretrain epoch 8/10 time=1.33s device=cuda
INFO:src.estimators.masked_ae:[masked-ae] pretrain epoch 9/10 time=1.16s device=cuda
INFO:src.estimators.masked_ae:[masked-ae] pretrain epoch 10/10 time=1.32s device=cuda
INFO:src.estimators.masked_ae:[masked-ae] sweep lam=0.1 epoch 1/25 time=1.15s device=cuda
INFO:src.estimators.masked_ae:[masked-ae] sweep lam=0.1 epoch 2/25 time=1.40s device=cuda
INFO:src.estimators.masked_ae:[masked-ae] sweep lam=0.1 epoch 3/25 time=1.31s device=cuda
INFO:src.estimators.masked_ae:[masked-ae] sweep lam=0.1 epoch 4/25 time=1.23s device=cuda
INFO:src.estimators.masked_ae:[masked-ae] sweep lam=0.1 epoch 5/25 time=1.32s device=cuda
INFO:src.estimators.masked_ae:[masked-ae] sweep lam=0.1 epoch 6/25 time=1.40s device=cuda
INFO:src.estimators.masked_ae:[masked-ae] sweep lam=0.1 epoch 7/25 time=1.20s device=cuda
INFO:src.estimators.masked_ae:[masked-ae] sweep lam=0.1 epoch 8/25 time=1.34s device=cuda
INFO:src.estimators.masked_ae:[masked-ae] sweep lam=0.1 epoch 9/25 time=1.41s device=cuda
INFO:src.estimators.masked_ae:[masked-ae] sweep lam=0.1 epoch 10/25 time=1.29s device=cuda
INFO:src.estimators.masked_ae:[masked-ae] sweep lam=0.1 epoch 11/25 time=1.48s device=cuda
INFO:src.estimators.masked_ae:[masked-ae] sweep lam=0.1 epoch 12/25 time=1.31s device=cuda
INFO:src.estimators.masked_ae:[masked-ae] sweep lam=0.1 epoch 13/25 time=1.45s device=cuda
INFO:src.estimators.masked_ae:[masked-ae] sweep lam=0.1 epoch 14/25 time=1.25s device=cuda
INFO:src.estimators.masked_ae:[masked-ae] sweep lam=0.1 epoch 15/25 time=1.34s device=cuda
INFO:src.estimators.masked_ae:[masked-ae] sweep lam=0.1 epoch 16/25 time=1.33s device=cuda
INFO:src.estimators.masked_ae:[masked-ae] sweep lam=0.1 epoch 17/25 time=1.17s device=cuda
INFO:src.estimators.masked_ae:[masked-ae] sweep lam=0.1 epoch 18/25 time=1.38s device=cuda
INFO:src.estimators.masked_ae:[masked-ae] sweep lam=0.1 epoch 19/25 time=1.49s device=cuda
INFO:src.estimators.masked_ae:[masked-ae] sweep lam=0.1 epoch 20/25 time=1.38s device=cuda
INFO:src.estimators.masked_ae:[masked-ae] sweep lam=0.1 epoch 21/25 time=1.23s device=cuda
INFO:src.estimators.masked_ae:[masked-ae] sweep lam=0.1 epoch 22/25 time=1.24s device=cuda
INFO:src.estimators.masked_ae:[masked-ae] sweep lam=0.1 epoch 23/25 time=1.42s device=cuda
INFO:src.estimators.masked_ae:[masked-ae] sweep lam=0.1 epoch 24/25 time=1.25s device=cuda
INFO:src.estimators.masked_ae:[masked-ae] sweep lam=0.1 epoch 25/25 time=1.49s device=cuda
INFO:src.estimators.masked_ae:[masked-ae] sweep lam=0.16681005372000587 epoch 1/25 time=1.13s device=cuda
INFO:src.estimators.masked_ae:[masked-ae] sweep lam=0.16681005372000587 epoch 2/25 time=1.22s device=cuda
INFO:src.estimators.masked_ae:[masked-ae] sweep lam=0.16681005372000587 epoch 3/25 time=1.46s device=cuda
INFO:src.estimators.masked_ae:[masked-ae] sweep lam=0.16681005372000587 epoch 4/25 time=1.33s device=cuda
INFO:src.estimators.masked_ae:[masked-ae] sweep lam=0.16681005372000587 epoch 5/25 time=1.54s device=cuda
INFO:src.estimators.masked_ae:[masked-ae] sweep lam=0.16681005372000587 epoch 6/25 time=1.24s device=cuda
INFO:src.estimators.masked_ae:[masked-ae] sweep lam=0.16681005372000587 epoch 7/25 time=1.53s device=cuda
INFO:src.estimators.masked_ae:[masked-ae] sweep lam=0.16681005372000587 epoch 8/25 time=1.15s device=cuda
INFO:src.estimators.masked_ae:[masked-ae] sweep lam=0.16681005372000587 epoch 9/25 time=1.16s device=cuda
INFO:src.estimators.masked_ae:[masked-ae] sweep lam=0.16681005372000587 epoch 10/25 time=1.18s device=cuda
INFO:src.estimators.masked_ae:[masked-ae] sweep lam=0.16681005372000587 epoch 11/25 time=1.30s device=cuda
INFO:src.estimators.masked_ae:[masked-ae] sweep lam=0.16681005372000587 epoch 12/25 time=1.31s device=cuda
INFO:src.estimators.masked_ae:[masked-ae] sweep lam=0.16681005372000587 epoch 13/25 time=1.26s device=cuda
INFO:src.estimators.masked_ae:[masked-ae] sweep lam=0.16681005372000587 epoch 14/25 time=1.27s device=cuda
INFO:src.estimators.masked_ae:[masked-ae] sweep lam=0.16681005372000587 epoch 15/25 time=1.28s device=cuda
INFO:src.estimators.masked_ae:[masked-ae] sweep lam=0.16681005372000587 epoch 16/25 time=1.40s device=cuda
INFO:src.estimators.masked_ae:[masked-ae] sweep lam=0.16681005372000587 epoch 17/25 time=1.27s device=cuda
INFO:src.estimators.masked_ae:[masked-ae] sweep lam=0.16681005372000587 epoch 18/25 time=1.47s device=cuda
INFO:src.estimators.masked_ae:[masked-ae] sweep lam=0.16681005372000587 epoch 19/25 time=1.40s device=cuda
INFO:src.estimators.masked_ae:[masked-ae] sweep lam=0.16681005372000587 epoch 20/25 time=1.18s device=cuda
INFO:src.estimators.masked_ae:[masked-ae] sweep lam=0.16681005372000587 epoch 21/25 time=1.49s device=cuda
INFO:src.estimators.masked_ae:[masked-ae] sweep lam=0.16681005372000587 epoch 22/25 time=1.30s device=cuda
INFO:src.estimators.masked_ae:[masked-ae] sweep lam=0.16681005372000587 epoch 23/25 time=1.39s device=cuda
INFO:src.estimators.masked_ae:[masked-ae] sweep lam=0.16681005372000587 epoch 24/25 time=1.43s device=cuda
INFO:src.estimators.masked_ae:[masked-ae] sweep lam=0.16681005372000587 epoch 25/25 time=1.58s device=cuda
INFO:src.estimators.masked_ae:[masked-ae] sweep lam=0.2782559402207124 epoch 1/25 time=1.52s device=cuda
INFO:src.estimators.masked_ae:[masked-ae] sweep lam=0.2782559402207124 epoch 2/25 time=1.31s device=cuda
INFO:src.estimators.masked_ae:[masked-ae] sweep lam=0.2782559402207124 epoch 3/25 time=1.43s device=cuda
INFO:src.estimators.masked_ae:[masked-ae] sweep lam=0.2782559402207124 epoch 4/25 time=1.29s device=cuda
INFO:src.estimators.masked_ae:[masked-ae] sweep lam=0.2782559402207124 epoch 5/25 time=1.44s device=cuda
INFO:src.estimators.masked_ae:[masked-ae] sweep lam=0.2782559402207124 epoch 6/25 time=1.52s device=cuda
INFO:src.estimators.masked_ae:[masked-ae] sweep lam=0.2782559402207124 epoch 7/25 time=1.42s device=cuda
INFO:src.estimators.masked_ae:[masked-ae] sweep lam=0.2782559402207124 epoch 8/25 time=1.30s device=cuda
INFO:src.estimators.masked_ae:[masked-ae] sweep lam=0.2782559402207124 epoch 9/25 time=1.26s device=cuda
INFO:src.estimators.masked_ae:[masked-ae] sweep lam=0.2782559402207124 epoch 10/25 time=1.39s device=cuda
INFO:src.estimators.masked_ae:[masked-ae] sweep lam=0.2782559402207124 epoch 11/25 time=1.36s device=cuda
INFO:src.estimators.masked_ae:[masked-ae] sweep lam=0.2782559402207124 epoch 12/25 time=1.51s device=cuda
INFO:src.estimators.masked_ae:[masked-ae] sweep lam=0.2782559402207124 epoch 13/25 time=1.27s device=cuda
INFO:src.estimators.masked_ae:[masked-ae] sweep lam=0.2782559402207124 epoch 14/25 time=1.28s device=cuda
INFO:src.estimators.masked_ae:[masked-ae] sweep lam=0.2782559402207124 epoch 15/25 time=1.26s device=cuda
INFO:src.estimators.masked_ae:[masked-ae] sweep lam=0.2782559402207124 epoch 16/25 time=1.36s device=cuda
INFO:src.estimators.masked_ae:[masked-ae] sweep lam=0.2782559402207124 epoch 17/25 time=1.39s device=cuda
INFO:src.estimators.masked_ae:[masked-ae] sweep lam=0.2782559402207124 epoch 18/25 time=1.31s device=cuda
INFO:src.estimators.masked_ae:[masked-ae] sweep lam=0.2782559402207124 epoch 19/25 time=1.26s device=cuda
INFO:src.estimators.masked_ae:[masked-ae] sweep lam=0.2782559402207124 epoch 20/25 time=1.40s device=cuda
INFO:src.estimators.masked_ae:[masked-ae] sweep lam=0.2782559402207124 epoch 21/25 time=1.44s device=cuda
INFO:src.estimators.masked_ae:[masked-ae] sweep lam=0.2782559402207124 epoch 22/25 time=1.42s device=cuda
INFO:src.estimators.masked_ae:[masked-ae] sweep lam=0.2782559402207124 epoch 23/25 time=1.41s device=cuda
INFO:src.estimators.masked_ae:[masked-ae] sweep lam=0.2782559402207124 epoch 24/25 time=1.27s device=cuda
INFO:src.estimators.masked_ae:[masked-ae] sweep lam=0.2782559402207124 epoch 25/25 time=1.50s device=cuda
INFO:src.estimators.masked_ae:[masked-ae] sweep lam=0.46415888336127786 epoch 1/25 time=1.33s device=cuda
INFO:src.estimators.masked_ae:[masked-ae] sweep lam=0.46415888336127786 epoch 2/25 time=1.19s device=cuda
INFO:src.estimators.masked_ae:[masked-ae] sweep lam=0.46415888336127786 epoch 3/25 time=1.40s device=cuda
INFO:src.estimators.masked_ae:[masked-ae] sweep lam=0.46415888336127786 epoch 4/25 time=1.29s device=cuda
INFO:src.estimators.masked_ae:[masked-ae] sweep lam=0.46415888336127786 epoch 5/25 time=1.23s device=cuda
INFO:src.estimators.masked_ae:[masked-ae] sweep lam=0.46415888336127786 epoch 6/25 time=1.47s device=cuda
INFO:src.estimators.masked_ae:[masked-ae] sweep lam=0.46415888336127786 epoch 7/25 time=1.52s device=cuda
INFO:src.estimators.masked_ae:[masked-ae] sweep lam=0.46415888336127786 epoch 8/25 time=1.46s device=cuda
INFO:src.estimators.masked_ae:[masked-ae] sweep lam=0.46415888336127786 epoch 9/25 time=1.35s device=cuda
INFO:src.estimators.masked_ae:[masked-ae] sweep lam=0.46415888336127786 epoch 10/25 time=1.17s device=cuda
INFO:src.estimators.masked_ae:[masked-ae] sweep lam=0.46415888336127786 epoch 11/25 time=1.49s device=cuda
INFO:src.estimators.masked_ae:[masked-ae] sweep lam=0.46415888336127786 epoch 12/25 time=1.28s device=cuda
INFO:src.estimators.masked_ae:[masked-ae] sweep lam=0.46415888336127786 epoch 13/25 time=1.18s device=cuda
INFO:src.estimators.masked_ae:[masked-ae] sweep lam=0.46415888336127786 epoch 14/25 time=1.46s device=cuda
INFO:src.estimators.masked_ae:[masked-ae] sweep lam=0.46415888336127786 epoch 15/25 time=1.32s device=cuda
INFO:src.estimators.masked_ae:[masked-ae] sweep lam=0.46415888336127786 epoch 16/25 time=1.15s device=cuda
INFO:src.estimators.masked_ae:[masked-ae] sweep lam=0.46415888336127786 epoch 17/25 time=1.42s device=cuda
INFO:src.estimators.masked_ae:[masked-ae] sweep lam=0.46415888336127786 epoch 18/25 time=1.42s device=cuda
INFO:src.estimators.masked_ae:[masked-ae] sweep lam=0.46415888336127786 epoch 19/25 time=1.05s device=cuda
INFO:src.estimators.masked_ae:[masked-ae] sweep lam=0.46415888336127786 epoch 20/25 time=1.00s device=cuda
INFO:src.estimators.masked_ae:[masked-ae] sweep lam=0.46415888336127786 epoch 21/25 time=1.13s device=cuda
INFO:src.estimators.masked_ae:[masked-ae] sweep lam=0.46415888336127786 epoch 22/25 time=1.37s device=cuda
INFO:src.estimators.masked_ae:[masked-ae] sweep lam=0.46415888336127786 epoch 23/25 time=1.49s device=cuda
INFO:src.estimators.masked_ae:[masked-ae] sweep lam=0.46415888336127786 epoch 24/25 time=1.26s device=cuda
INFO:src.estimators.masked_ae:[masked-ae] sweep lam=0.46415888336127786 epoch 25/25 time=1.38s device=cuda
INFO:src.estimators.masked_ae:[masked-ae] sweep lam=0.774263682681127 epoch 1/25 time=1.39s device=cuda
INFO:src.estimators.masked_ae:[masked-ae] sweep lam=0.774263682681127 epoch 2/25 time=1.18s device=cuda
INFO:src.estimators.masked_ae:[masked-ae] sweep lam=0.774263682681127 epoch 3/25 time=1.32s device=cuda
INFO:src.estimators.masked_ae:[masked-ae] sweep lam=0.774263682681127 epoch 4/25 time=1.41s device=cuda
INFO:src.estimators.masked_ae:[masked-ae] sweep lam=0.774263682681127 epoch 5/25 time=1.35s device=cuda
INFO:src.estimators.masked_ae:[masked-ae] sweep lam=0.774263682681127 epoch 6/25 time=1.25s device=cuda
INFO:src.estimators.masked_ae:[masked-ae] sweep lam=0.774263682681127 epoch 7/25 time=1.28s device=cuda
INFO:src.estimators.masked_ae:[masked-ae] sweep lam=0.774263682681127 epoch 8/25 time=1.31s device=cuda
INFO:src.estimators.masked_ae:[masked-ae] sweep lam=0.774263682681127 epoch 9/25 time=1.53s device=cuda
INFO:src.estimators.masked_ae:[masked-ae] sweep lam=0.774263682681127 epoch 10/25 time=1.59s device=cuda
INFO:src.estimators.masked_ae:[masked-ae] sweep lam=0.774263682681127 epoch 11/25 time=1.44s device=cuda
INFO:src.estimators.masked_ae:[masked-ae] sweep lam=0.774263682681127 epoch 12/25 time=1.43s device=cuda
INFO:src.estimators.masked_ae:[masked-ae] sweep lam=0.774263682681127 epoch 13/25 time=1.39s device=cuda
INFO:src.estimators.masked_ae:[masked-ae] sweep lam=0.774263682681127 epoch 14/25 time=1.54s device=cuda
INFO:src.estimators.masked_ae:[masked-ae] sweep lam=0.774263682681127 epoch 15/25 time=1.31s device=cuda
INFO:src.estimators.masked_ae:[masked-ae] sweep lam=0.774263682681127 epoch 16/25 time=1.13s device=cuda
INFO:src.estimators.masked_ae:[masked-ae] sweep lam=0.774263682681127 epoch 17/25 time=1.34s device=cuda
INFO:src.estimators.masked_ae:[masked-ae] sweep lam=0.774263682681127 epoch 18/25 time=1.59s device=cuda
INFO:src.estimators.masked_ae:[masked-ae] sweep lam=0.774263682681127 epoch 19/25 time=1.44s device=cuda
INFO:src.estimators.masked_ae:[masked-ae] sweep lam=0.774263682681127 epoch 20/25 time=1.44s device=cuda
INFO:src.estimators.masked_ae:[masked-ae] sweep lam=0.774263682681127 epoch 21/25 time=1.31s device=cuda
INFO:src.estimators.masked_ae:[masked-ae] sweep lam=0.774263682681127 epoch 22/25 time=1.46s device=cuda
INFO:src.estimators.masked_ae:[masked-ae] sweep lam=0.774263682681127 epoch 23/25 time=1.39s device=cuda
INFO:src.estimators.masked_ae:[masked-ae] sweep lam=0.774263682681127 epoch 24/25 time=1.47s device=cuda
INFO:src.estimators.masked_ae:[masked-ae] sweep lam=0.774263682681127 epoch 25/25 time=1.22s device=cuda
INFO:src.estimators.masked_ae:[masked-ae] sweep lam=1.291549665014884 epoch 1/25 time=1.33s device=cuda
INFO:src.estimators.masked_ae:[masked-ae] sweep lam=1.291549665014884 epoch 2/25 time=1.19s device=cuda
INFO:src.estimators.masked_ae:[masked-ae] sweep lam=1.291549665014884 epoch 3/25 time=1.43s device=cuda
INFO:src.estimators.masked_ae:[masked-ae] sweep lam=1.291549665014884 epoch 4/25 time=1.39s device=cuda
INFO:src.estimators.masked_ae:[masked-ae] sweep lam=1.291549665014884 epoch 5/25 time=1.29s device=cuda
INFO:src.estimators.masked_ae:[masked-ae] sweep lam=1.291549665014884 epoch 6/25 time=1.12s device=cuda
INFO:src.estimators.masked_ae:[masked-ae] sweep lam=1.291549665014884 epoch 7/25 time=1.39s device=cuda
INFO:src.estimators.masked_ae:[masked-ae] sweep lam=1.291549665014884 epoch 8/25 time=1.22s device=cuda
INFO:src.estimators.masked_ae:[masked-ae] sweep lam=1.291549665014884 epoch 9/25 time=1.36s device=cuda
INFO:src.estimators.masked_ae:[masked-ae] sweep lam=1.291549665014884 epoch 10/25 time=1.53s device=cuda
INFO:src.estimators.masked_ae:[masked-ae] sweep lam=1.291549665014884 epoch 11/25 time=1.22s device=cuda
INFO:src.estimators.masked_ae:[masked-ae] sweep lam=1.291549665014884 epoch 12/25 time=1.45s device=cuda
INFO:src.estimators.masked_ae:[masked-ae] sweep lam=1.291549665014884 epoch 13/25 time=1.40s device=cuda
INFO:src.estimators.masked_ae:[masked-ae] sweep lam=1.291549665014884 epoch 14/25 time=1.29s device=cuda
INFO:src.estimators.masked_ae:[masked-ae] sweep lam=1.291549665014884 epoch 15/25 time=1.37s device=cuda
INFO:src.estimators.masked_ae:[masked-ae] sweep lam=1.291549665014884 epoch 16/25 time=1.14s device=cuda
INFO:src.estimators.masked_ae:[masked-ae] sweep lam=1.291549665014884 epoch 17/25 time=1.15s device=cuda
INFO:src.estimators.masked_ae:[masked-ae] sweep lam=1.291549665014884 epoch 18/25 time=1.49s device=cuda
INFO:src.estimators.masked_ae:[masked-ae] sweep lam=1.291549665014884 epoch 19/25 time=1.39s device=cuda
INFO:src.estimators.masked_ae:[masked-ae] sweep lam=1.291549665014884 epoch 20/25 time=1.21s device=cuda
INFO:src.estimators.masked_ae:[masked-ae] sweep lam=1.291549665014884 epoch 21/25 time=1.33s device=cuda
INFO:src.estimators.masked_ae:[masked-ae] sweep lam=1.291549665014884 epoch 22/25 time=1.23s device=cuda
INFO:src.estimators.masked_ae:[masked-ae] sweep lam=1.291549665014884 epoch 23/25 time=1.39s device=cuda
INFO:src.estimators.masked_ae:[masked-ae] sweep lam=1.291549665014884 epoch 24/25 time=1.50s device=cuda
INFO:src.estimators.masked_ae:[masked-ae] sweep lam=1.291549665014884 epoch 25/25 time=1.39s device=cuda
INFO:src.estimators.masked_ae:[masked-ae] sweep lam=2.1544346900318834 epoch 1/25 time=1.66s device=cuda
INFO:src.estimators.masked_ae:[masked-ae] sweep lam=2.1544346900318834 epoch 2/25 time=1.67s device=cuda
INFO:src.estimators.masked_ae:[masked-ae] sweep lam=2.1544346900318834 epoch 3/25 time=1.44s device=cuda
INFO:src.estimators.masked_ae:[masked-ae] sweep lam=2.1544346900318834 epoch 4/25 time=1.45s device=cuda
INFO:src.estimators.masked_ae:[masked-ae] sweep lam=2.1544346900318834 epoch 5/25 time=1.16s device=cuda
INFO:src.estimators.masked_ae:[masked-ae] sweep lam=2.1544346900318834 epoch 6/25 time=1.18s device=cuda
INFO:src.estimators.masked_ae:[masked-ae] sweep lam=2.1544346900318834 epoch 7/25 time=1.60s device=cuda
INFO:src.estimators.masked_ae:[masked-ae] sweep lam=2.1544346900318834 epoch 8/25 time=1.26s device=cuda
INFO:src.estimators.masked_ae:[masked-ae] sweep lam=2.1544346900318834 epoch 9/25 time=1.38s device=cuda
INFO:src.estimators.masked_ae:[masked-ae] sweep lam=2.1544346900318834 epoch 10/25 time=1.44s device=cuda
INFO:src.estimators.masked_ae:[masked-ae] sweep lam=2.1544346900318834 epoch 11/25 time=1.21s device=cuda
INFO:src.estimators.masked_ae:[masked-ae] sweep lam=2.1544346900318834 epoch 12/25 time=1.40s device=cuda
INFO:src.estimators.masked_ae:[masked-ae] sweep lam=2.1544346900318834 epoch 13/25 time=1.31s device=cuda
INFO:src.estimators.masked_ae:[masked-ae] sweep lam=2.1544346900318834 epoch 14/25 time=1.36s device=cuda
INFO:src.estimators.masked_ae:[masked-ae] sweep lam=2.1544346900318834 epoch 15/25 time=1.42s device=cuda
INFO:src.estimators.masked_ae:[masked-ae] sweep lam=2.1544346900318834 epoch 16/25 time=1.26s device=cuda
INFO:src.estimators.masked_ae:[masked-ae] sweep lam=2.1544346900318834 epoch 17/25 time=1.53s device=cuda
INFO:src.estimators.masked_ae:[masked-ae] sweep lam=2.1544346900318834 epoch 18/25 time=1.61s device=cuda
INFO:src.estimators.masked_ae:[masked-ae] sweep lam=2.1544346900318834 epoch 19/25 time=1.26s device=cuda
INFO:src.estimators.masked_ae:[masked-ae] sweep lam=2.1544346900318834 epoch 20/25 time=1.31s device=cuda
INFO:src.estimators.masked_ae:[masked-ae] sweep lam=2.1544346900318834 epoch 21/25 time=1.57s device=cuda
INFO:src.estimators.masked_ae:[masked-ae] sweep lam=2.1544346900318834 epoch 22/25 time=1.26s device=cuda
INFO:src.estimators.masked_ae:[masked-ae] sweep lam=2.1544346900318834 epoch 23/25 time=1.41s device=cuda
INFO:src.estimators.masked_ae:[masked-ae] sweep lam=2.1544346900318834 epoch 24/25 time=1.42s device=cuda
INFO:src.estimators.masked_ae:[masked-ae] sweep lam=2.1544346900318834 epoch 25/25 time=1.35s device=cuda
INFO:src.estimators.masked_ae:[masked-ae] sweep lam=3.593813663804626 epoch 1/25 time=1.55s device=cuda
INFO:src.estimators.masked_ae:[masked-ae] sweep lam=3.593813663804626 epoch 2/25 time=1.37s device=cuda
INFO:src.estimators.masked_ae:[masked-ae] sweep lam=3.593813663804626 epoch 3/25 time=1.32s device=cuda
INFO:src.estimators.masked_ae:[masked-ae] sweep lam=3.593813663804626 epoch 4/25 time=1.35s device=cuda
INFO:src.estimators.masked_ae:[masked-ae] sweep lam=3.593813663804626 epoch 5/25 time=1.34s device=cuda
INFO:src.estimators.masked_ae:[masked-ae] sweep lam=3.593813663804626 epoch 6/25 time=1.32s device=cuda
INFO:src.estimators.masked_ae:[masked-ae] sweep lam=3.593813663804626 epoch 7/25 time=1.28s device=cuda
INFO:src.estimators.masked_ae:[masked-ae] sweep lam=3.593813663804626 epoch 8/25 time=1.44s device=cuda
INFO:src.estimators.masked_ae:[masked-ae] sweep lam=3.593813663804626 epoch 9/25 time=1.12s device=cuda
INFO:src.estimators.masked_ae:[masked-ae] sweep lam=3.593813663804626 epoch 10/25 time=1.18s device=cuda
INFO:src.estimators.masked_ae:[masked-ae] sweep lam=3.593813663804626 epoch 11/25 time=1.15s device=cuda
INFO:src.estimators.masked_ae:[masked-ae] sweep lam=3.593813663804626 epoch 12/25 time=1.07s device=cuda
INFO:src.estimators.masked_ae:[masked-ae] sweep lam=3.593813663804626 epoch 13/25 time=1.42s device=cuda
INFO:src.estimators.masked_ae:[masked-ae] sweep lam=3.593813663804626 epoch 14/25 time=1.43s device=cuda
INFO:src.estimators.masked_ae:[masked-ae] sweep lam=3.593813663804626 epoch 15/25 time=1.49s device=cuda
INFO:src.estimators.masked_ae:[masked-ae] sweep lam=3.593813663804626 epoch 16/25 time=1.40s device=cuda
INFO:src.estimators.masked_ae:[masked-ae] sweep lam=3.593813663804626 epoch 17/25 time=1.27s device=cuda
INFO:src.estimators.masked_ae:[masked-ae] sweep lam=3.593813663804626 epoch 18/25 time=1.26s device=cuda
INFO:src.estimators.masked_ae:[masked-ae] sweep lam=3.593813663804626 epoch 19/25 time=1.38s device=cuda
INFO:src.estimators.masked_ae:[masked-ae] sweep lam=3.593813663804626 epoch 20/25 time=1.28s device=cuda
INFO:src.estimators.masked_ae:[masked-ae] sweep lam=3.593813663804626 epoch 21/25 time=1.44s device=cuda
INFO:src.estimators.masked_ae:[masked-ae] sweep lam=3.593813663804626 epoch 22/25 time=1.48s device=cuda
INFO:src.estimators.masked_ae:[masked-ae] sweep lam=3.593813663804626 epoch 23/25 time=1.58s device=cuda
INFO:src.estimators.masked_ae:[masked-ae] sweep lam=3.593813663804626 epoch 24/25 time=1.23s device=cuda
INFO:src.estimators.masked_ae:[masked-ae] sweep lam=3.593813663804626 epoch 25/25 time=1.40s device=cuda
INFO:src.estimators.masked_ae:[masked-ae] sweep lam=5.994842503189409 epoch 1/25 time=1.16s device=cuda
INFO:src.estimators.masked_ae:[masked-ae] sweep lam=5.994842503189409 epoch 2/25 time=1.29s device=cuda
INFO:src.estimators.masked_ae:[masked-ae] sweep lam=5.994842503189409 epoch 3/25 time=1.35s device=cuda
INFO:src.estimators.masked_ae:[masked-ae] sweep lam=5.994842503189409 epoch 4/25 time=1.21s device=cuda
INFO:src.estimators.masked_ae:[masked-ae] sweep lam=5.994842503189409 epoch 5/25 time=1.51s device=cuda
INFO:src.estimators.masked_ae:[masked-ae] sweep lam=5.994842503189409 epoch 6/25 time=1.29s device=cuda
INFO:src.estimators.masked_ae:[masked-ae] sweep lam=5.994842503189409 epoch 7/25 time=1.48s device=cuda
INFO:src.estimators.masked_ae:[masked-ae] sweep lam=5.994842503189409 epoch 8/25 time=1.36s device=cuda
INFO:src.estimators.masked_ae:[masked-ae] sweep lam=5.994842503189409 epoch 9/25 time=1.29s device=cuda
INFO:src.estimators.masked_ae:[masked-ae] sweep lam=5.994842503189409 epoch 10/25 time=1.38s device=cuda
INFO:src.estimators.masked_ae:[masked-ae] sweep lam=5.994842503189409 epoch 11/25 time=1.43s device=cuda
INFO:src.estimators.masked_ae:[masked-ae] sweep lam=5.994842503189409 epoch 12/25 time=1.43s device=cuda
INFO:src.estimators.masked_ae:[masked-ae] sweep lam=5.994842503189409 epoch 13/25 time=1.31s device=cuda
INFO:src.estimators.masked_ae:[masked-ae] sweep lam=5.994842503189409 epoch 14/25 time=1.35s device=cuda
INFO:src.estimators.masked_ae:[masked-ae] sweep lam=5.994842503189409 epoch 15/25 time=1.32s device=cuda
INFO:src.estimators.masked_ae:[masked-ae] sweep lam=5.994842503189409 epoch 16/25 time=1.38s device=cuda
INFO:src.estimators.masked_ae:[masked-ae] sweep lam=5.994842503189409 epoch 17/25 time=1.39s device=cuda
INFO:src.estimators.masked_ae:[masked-ae] sweep lam=5.994842503189409 epoch 18/25 time=1.37s device=cuda
INFO:src.estimators.masked_ae:[masked-ae] sweep lam=5.994842503189409 epoch 19/25 time=1.26s device=cuda
INFO:src.estimators.masked_ae:[masked-ae] sweep lam=5.994842503189409 epoch 20/25 time=1.33s device=cuda
INFO:src.estimators.masked_ae:[masked-ae] sweep lam=5.994842503189409 epoch 21/25 time=1.09s device=cuda
INFO:src.estimators.masked_ae:[masked-ae] sweep lam=5.994842503189409 epoch 22/25 time=1.28s device=cuda
INFO:src.estimators.masked_ae:[masked-ae] sweep lam=5.994842503189409 epoch 23/25 time=1.47s device=cuda
INFO:src.estimators.masked_ae:[masked-ae] sweep lam=5.994842503189409 epoch 24/25 time=1.51s device=cuda
INFO:src.estimators.masked_ae:[masked-ae] sweep lam=5.994842503189409 epoch 25/25 time=1.22s device=cuda
INFO:src.estimators.masked_ae:[masked-ae] sweep lam=10.0 epoch 1/25 time=1.33s device=cuda
INFO:src.estimators.masked_ae:[masked-ae] sweep lam=10.0 epoch 2/25 time=1.30s device=cuda
INFO:src.estimators.masked_ae:[masked-ae] sweep lam=10.0 epoch 3/25 time=1.29s device=cuda
INFO:src.estimators.masked_ae:[masked-ae] sweep lam=10.0 epoch 4/25 time=1.36s device=cuda
INFO:src.estimators.masked_ae:[masked-ae] sweep lam=10.0 epoch 5/25 time=1.16s device=cuda
INFO:src.estimators.masked_ae:[masked-ae] sweep lam=10.0 epoch 6/25 time=1.25s device=cuda
INFO:src.estimators.masked_ae:[masked-ae] sweep lam=10.0 epoch 7/25 time=1.34s device=cuda
INFO:src.estimators.masked_ae:[masked-ae] sweep lam=10.0 epoch 8/25 time=1.26s device=cuda
INFO:src.estimators.masked_ae:[masked-ae] sweep lam=10.0 epoch 9/25 time=1.57s device=cuda
INFO:src.estimators.masked_ae:[masked-ae] sweep lam=10.0 epoch 10/25 time=1.17s device=cuda
INFO:src.estimators.masked_ae:[masked-ae] sweep lam=10.0 epoch 11/25 time=1.45s device=cuda
INFO:src.estimators.masked_ae:[masked-ae] sweep lam=10.0 epoch 12/25 time=1.29s device=cuda
INFO:src.estimators.masked_ae:[masked-ae] sweep lam=10.0 epoch 13/25 time=1.34s device=cuda
INFO:src.estimators.masked_ae:[masked-ae] sweep lam=10.0 epoch 14/25 time=1.52s device=cuda
INFO:src.estimators.masked_ae:[masked-ae] sweep lam=10.0 epoch 15/25 time=1.30s device=cuda
INFO:src.estimators.masked_ae:[masked-ae] sweep lam=10.0 epoch 16/25 time=1.57s device=cuda
INFO:src.estimators.masked_ae:[masked-ae] sweep lam=10.0 epoch 17/25 time=1.15s device=cuda
INFO:src.estimators.masked_ae:[masked-ae] sweep lam=10.0 epoch 18/25 time=1.52s device=cuda
INFO:src.estimators.masked_ae:[masked-ae] sweep lam=10.0 epoch 19/25 time=1.50s device=cuda
INFO:src.estimators.masked_ae:[masked-ae] sweep lam=10.0 epoch 20/25 time=1.37s device=cuda
INFO:src.estimators.masked_ae:[masked-ae] sweep lam=10.0 epoch 21/25 time=1.31s device=cuda
INFO:src.estimators.masked_ae:[masked-ae] sweep lam=10.0 epoch 22/25 time=1.43s device=cuda
INFO:src.estimators.masked_ae:[masked-ae] sweep lam=10.0 epoch 23/25 time=1.57s device=cuda
INFO:src.estimators.masked_ae:[masked-ae] sweep lam=10.0 epoch 24/25 time=1.19s device=cuda
INFO:src.estimators.masked_ae:[masked-ae] sweep lam=10.0 epoch 25/25 time=1.29s device=cuda
INFO:src.estimators.masked_ae:[masked-ae] retrain epoch 1/10 time=1.52s device=cuda
INFO:src.estimators.masked_ae:[masked-ae] retrain epoch 2/10 time=1.39s device=cuda
INFO:src.estimators.masked_ae:[masked-ae] retrain epoch 3/10 time=1.48s device=cuda
INFO:src.estimators.masked_ae:[masked-ae] retrain epoch 4/10 time=1.37s device=cuda
INFO:src.estimators.masked_ae:[masked-ae] retrain epoch 5/10 time=1.36s device=cuda
INFO:src.estimators.masked_ae:[masked-ae] retrain epoch 6/10 time=1.23s device=cuda
INFO:src.estimators.masked_ae:[masked-ae] retrain epoch 7/10 time=1.39s device=cuda
INFO:src.estimators.masked_ae:[masked-ae] retrain epoch 8/10 time=1.30s device=cuda
INFO:src.estimators.masked_ae:[masked-ae] retrain epoch 9/10 time=1.34s device=cuda
INFO:src.estimators.masked_ae:[masked-ae] retrain epoch 10/10 time=1.30s device=cuda
INFO:repair_masked_ae:Group ('mnist', 12, 1.0, 0) repaired: estimate=9.0 elapsed_s=368.94 device=cuda samples=60000 rows=5
INFO:repair_masked_ae:Processing group key=('mnist', 15, 0.0, 0) with 5 rows; example row 730
INFO:src.estimators.masked_ae:[masked-ae] pretrain epoch 1/10 time=1.03s device=cuda
INFO:src.estimators.masked_ae:[masked-ae] pretrain epoch 2/10 time=1.14s device=cuda
INFO:src.estimators.masked_ae:[masked-ae] pretrain epoch 3/10 time=1.17s device=cuda
INFO:src.estimators.masked_ae:[masked-ae] pretrain epoch 4/10 time=1.22s device=cuda
INFO:src.estimators.masked_ae:[masked-ae] pretrain epoch 5/10 time=1.19s device=cuda
INFO:src.estimators.masked_ae:[masked-ae] pretrain epoch 6/10 time=1.26s device=cuda
INFO:src.estimators.masked_ae:[masked-ae] pretrain epoch 7/10 time=1.26s device=cuda
INFO:src.estimators.masked_ae:[masked-ae] pretrain epoch 8/10 time=1.08s device=cuda
INFO:src.estimators.masked_ae:[masked-ae] pretrain epoch 9/10 time=1.14s device=cuda
INFO:src.estimators.masked_ae:[masked-ae] pretrain epoch 10/10 time=1.22s device=cuda
INFO:src.estimators.masked_ae:[masked-ae] sweep lam=0.1 epoch 1/25 time=1.21s device=cuda
INFO:src.estimators.masked_ae:[masked-ae] sweep lam=0.1 epoch 2/25 time=1.30s device=cuda
INFO:src.estimators.masked_ae:[masked-ae] sweep lam=0.1 epoch 3/25 time=1.42s device=cuda
INFO:src.estimators.masked_ae:[masked-ae] sweep lam=0.1 epoch 4/25 time=1.45s device=cuda
INFO:src.estimators.masked_ae:[masked-ae] sweep lam=0.1 epoch 5/25 time=1.46s device=cuda
INFO:src.estimators.masked_ae:[masked-ae] sweep lam=0.1 epoch 6/25 time=1.18s device=cuda
INFO:src.estimators.masked_ae:[masked-ae] sweep lam=0.1 epoch 7/25 time=1.37s device=cuda
INFO:src.estimators.masked_ae:[masked-ae] sweep lam=0.1 epoch 8/25 time=1.34s device=cuda
INFO:src.estimators.masked_ae:[masked-ae] sweep lam=0.1 epoch 9/25 time=1.40s device=cuda
INFO:src.estimators.masked_ae:[masked-ae] sweep lam=0.1 epoch 10/25 time=1.27s device=cuda
INFO:src.estimators.masked_ae:[masked-ae] sweep lam=0.1 epoch 11/25 time=1.46s device=cuda
INFO:src.estimators.masked_ae:[masked-ae] sweep lam=0.1 epoch 12/25 time=1.57s device=cuda
INFO:src.estimators.masked_ae:[masked-ae] sweep lam=0.1 epoch 13/25 time=1.19s device=cuda
INFO:src.estimators.masked_ae:[masked-ae] sweep lam=0.1 epoch 14/25 time=1.34s device=cuda
INFO:src.estimators.masked_ae:[masked-ae] sweep lam=0.1 epoch 15/25 time=1.47s device=cuda
INFO:src.estimators.masked_ae:[masked-ae] sweep lam=0.1 epoch 16/25 time=1.08s device=cuda
INFO:src.estimators.masked_ae:[masked-ae] sweep lam=0.1 epoch 17/25 time=1.46s device=cuda
INFO:src.estimators.masked_ae:[masked-ae] sweep lam=0.1 epoch 18/25 time=1.42s device=cuda
INFO:src.estimators.masked_ae:[masked-ae] sweep lam=0.1 epoch 19/25 time=1.39s device=cuda
INFO:src.estimators.masked_ae:[masked-ae] sweep lam=0.1 epoch 20/25 time=1.49s device=cuda
INFO:src.estimators.masked_ae:[masked-ae] sweep lam=0.1 epoch 21/25 time=1.57s device=cuda
INFO:src.estimators.masked_ae:[masked-ae] sweep lam=0.1 epoch 22/25 time=1.44s device=cuda
INFO:src.estimators.masked_ae:[masked-ae] sweep lam=0.1 epoch 23/25 time=1.14s device=cuda
INFO:src.estimators.masked_ae:[masked-ae] sweep lam=0.1 epoch 24/25 time=1.24s device=cuda
INFO:src.estimators.masked_ae:[masked-ae] sweep lam=0.1 epoch 25/25 time=1.40s device=cuda
INFO:src.estimators.masked_ae:[masked-ae] sweep lam=0.16681005372000587 epoch 1/25 time=1.46s device=cuda
INFO:src.estimators.masked_ae:[masked-ae] sweep lam=0.16681005372000587 epoch 2/25 time=1.49s device=cuda
INFO:src.estimators.masked_ae:[masked-ae] sweep lam=0.16681005372000587 epoch 3/25 time=1.33s device=cuda
INFO:src.estimators.masked_ae:[masked-ae] sweep lam=0.16681005372000587 epoch 4/25 time=1.41s device=cuda
INFO:src.estimators.masked_ae:[masked-ae] sweep lam=0.16681005372000587 epoch 5/25 time=1.28s device=cuda
INFO:src.estimators.masked_ae:[masked-ae] sweep lam=0.16681005372000587 epoch 6/25 time=1.38s device=cuda
INFO:src.estimators.masked_ae:[masked-ae] sweep lam=0.16681005372000587 epoch 7/25 time=1.68s device=cuda
INFO:src.estimators.masked_ae:[masked-ae] sweep lam=0.16681005372000587 epoch 8/25 time=1.22s device=cuda
INFO:src.estimators.masked_ae:[masked-ae] sweep lam=0.16681005372000587 epoch 9/25 time=1.29s device=cuda
INFO:src.estimators.masked_ae:[masked-ae] sweep lam=0.16681005372000587 epoch 10/25 time=1.22s device=cuda
INFO:src.estimators.masked_ae:[masked-ae] sweep lam=0.16681005372000587 epoch 11/25 time=1.41s device=cuda
INFO:src.estimators.masked_ae:[masked-ae] sweep lam=0.16681005372000587 epoch 12/25 time=1.40s device=cuda
INFO:src.estimators.masked_ae:[masked-ae] sweep lam=0.16681005372000587 epoch 13/25 time=1.34s device=cuda
INFO:src.estimators.masked_ae:[masked-ae] sweep lam=0.16681005372000587 epoch 14/25 time=1.45s device=cuda
INFO:src.estimators.masked_ae:[masked-ae] sweep lam=0.16681005372000587 epoch 15/25 time=1.38s device=cuda
INFO:src.estimators.masked_ae:[masked-ae] sweep lam=0.16681005372000587 epoch 16/25 time=1.42s device=cuda
INFO:src.estimators.masked_ae:[masked-ae] sweep lam=0.16681005372000587 epoch 17/25 time=1.24s device=cuda
INFO:src.estimators.masked_ae:[masked-ae] sweep lam=0.16681005372000587 epoch 18/25 time=1.25s device=cuda
INFO:src.estimators.masked_ae:[masked-ae] sweep lam=0.16681005372000587 epoch 19/25 time=1.36s device=cuda
INFO:src.estimators.masked_ae:[masked-ae] sweep lam=0.16681005372000587 epoch 20/25 time=1.41s device=cuda
INFO:src.estimators.masked_ae:[masked-ae] sweep lam=0.16681005372000587 epoch 21/25 time=1.07s device=cuda
INFO:src.estimators.masked_ae:[masked-ae] sweep lam=0.16681005372000587 epoch 22/25 time=1.18s device=cuda
INFO:src.estimators.masked_ae:[masked-ae] sweep lam=0.16681005372000587 epoch 23/25 time=1.38s device=cuda
INFO:src.estimators.masked_ae:[masked-ae] sweep lam=0.16681005372000587 epoch 24/25 time=1.21s device=cuda
INFO:src.estimators.masked_ae:[masked-ae] sweep lam=0.16681005372000587 epoch 25/25 time=1.29s device=cuda
INFO:src.estimators.masked_ae:[masked-ae] sweep lam=0.2782559402207124 epoch 1/25 time=1.34s device=cuda
INFO:src.estimators.masked_ae:[masked-ae] sweep lam=0.2782559402207124 epoch 2/25 time=1.48s device=cuda
INFO:src.estimators.masked_ae:[masked-ae] sweep lam=0.2782559402207124 epoch 3/25 time=1.27s device=cuda
INFO:src.estimators.masked_ae:[masked-ae] sweep lam=0.2782559402207124 epoch 4/25 time=1.29s device=cuda
INFO:src.estimators.masked_ae:[masked-ae] sweep lam=0.2782559402207124 epoch 5/25 time=1.41s device=cuda
INFO:src.estimators.masked_ae:[masked-ae] sweep lam=0.2782559402207124 epoch 6/25 time=1.20s device=cuda
INFO:src.estimators.masked_ae:[masked-ae] sweep lam=0.2782559402207124 epoch 7/25 time=1.28s device=cuda
INFO:src.estimators.masked_ae:[masked-ae] sweep lam=0.2782559402207124 epoch 8/25 time=1.59s device=cuda
INFO:src.estimators.masked_ae:[masked-ae] sweep lam=0.2782559402207124 epoch 9/25 time=1.40s device=cuda
INFO:src.estimators.masked_ae:[masked-ae] sweep lam=0.2782559402207124 epoch 10/25 time=1.20s device=cuda
INFO:src.estimators.masked_ae:[masked-ae] sweep lam=0.2782559402207124 epoch 11/25 time=1.38s device=cuda
INFO:src.estimators.masked_ae:[masked-ae] sweep lam=0.2782559402207124 epoch 12/25 time=1.46s device=cuda
INFO:src.estimators.masked_ae:[masked-ae] sweep lam=0.2782559402207124 epoch 13/25 time=1.22s device=cuda
INFO:src.estimators.masked_ae:[masked-ae] sweep lam=0.2782559402207124 epoch 14/25 time=1.23s device=cuda
INFO:src.estimators.masked_ae:[masked-ae] sweep lam=0.2782559402207124 epoch 15/25 time=1.30s device=cuda
INFO:src.estimators.masked_ae:[masked-ae] sweep lam=0.2782559402207124 epoch 16/25 time=1.46s device=cuda
INFO:src.estimators.masked_ae:[masked-ae] sweep lam=0.2782559402207124 epoch 17/25 time=1.42s device=cuda
INFO:src.estimators.masked_ae:[masked-ae] sweep lam=0.2782559402207124 epoch 18/25 time=1.39s device=cuda
INFO:src.estimators.masked_ae:[masked-ae] sweep lam=0.2782559402207124 epoch 19/25 time=1.46s device=cuda
INFO:src.estimators.masked_ae:[masked-ae] sweep lam=0.2782559402207124 epoch 20/25 time=1.21s device=cuda
INFO:src.estimators.masked_ae:[masked-ae] sweep lam=0.2782559402207124 epoch 21/25 time=1.66s device=cuda
INFO:src.estimators.masked_ae:[masked-ae] sweep lam=0.2782559402207124 epoch 22/25 time=1.32s device=cuda
INFO:src.estimators.masked_ae:[masked-ae] sweep lam=0.2782559402207124 epoch 23/25 time=1.39s device=cuda
INFO:src.estimators.masked_ae:[masked-ae] sweep lam=0.2782559402207124 epoch 24/25 time=1.27s device=cuda
INFO:src.estimators.masked_ae:[masked-ae] sweep lam=0.2782559402207124 epoch 25/25 time=1.20s device=cuda
INFO:src.estimators.masked_ae:[masked-ae] sweep lam=0.46415888336127786 epoch 1/25 time=1.41s device=cuda
INFO:src.estimators.masked_ae:[masked-ae] sweep lam=0.46415888336127786 epoch 2/25 time=1.20s device=cuda
INFO:src.estimators.masked_ae:[masked-ae] sweep lam=0.46415888336127786 epoch 3/25 time=1.29s device=cuda
INFO:src.estimators.masked_ae:[masked-ae] sweep lam=0.46415888336127786 epoch 4/25 time=1.37s device=cuda
INFO:src.estimators.masked_ae:[masked-ae] sweep lam=0.46415888336127786 epoch 5/25 time=1.42s device=cuda
INFO:src.estimators.masked_ae:[masked-ae] sweep lam=0.46415888336127786 epoch 6/25 time=1.36s device=cuda
INFO:src.estimators.masked_ae:[masked-ae] sweep lam=0.46415888336127786 epoch 7/25 time=1.33s device=cuda
INFO:src.estimators.masked_ae:[masked-ae] sweep lam=0.46415888336127786 epoch 8/25 time=1.43s device=cuda
INFO:src.estimators.masked_ae:[masked-ae] sweep lam=0.46415888336127786 epoch 9/25 time=1.31s device=cuda
INFO:src.estimators.masked_ae:[masked-ae] sweep lam=0.46415888336127786 epoch 10/25 time=1.52s device=cuda
INFO:src.estimators.masked_ae:[masked-ae] sweep lam=0.46415888336127786 epoch 11/25 time=1.38s device=cuda
INFO:src.estimators.masked_ae:[masked-ae] sweep lam=0.46415888336127786 epoch 12/25 time=1.45s device=cuda
INFO:src.estimators.masked_ae:[masked-ae] sweep lam=0.46415888336127786 epoch 13/25 time=1.30s device=cuda
INFO:src.estimators.masked_ae:[masked-ae] sweep lam=0.46415888336127786 epoch 14/25 time=1.24s device=cuda
INFO:src.estimators.masked_ae:[masked-ae] sweep lam=0.46415888336127786 epoch 15/25 time=1.23s device=cuda
INFO:src.estimators.masked_ae:[masked-ae] sweep lam=0.46415888336127786 epoch 16/25 time=1.31s device=cuda
INFO:src.estimators.masked_ae:[masked-ae] sweep lam=0.46415888336127786 epoch 17/25 time=1.30s device=cuda
INFO:src.estimators.masked_ae:[masked-ae] sweep lam=0.46415888336127786 epoch 18/25 time=1.54s device=cuda
INFO:src.estimators.masked_ae:[masked-ae] sweep lam=0.46415888336127786 epoch 19/25 time=1.41s device=cuda
INFO:src.estimators.masked_ae:[masked-ae] sweep lam=0.46415888336127786 epoch 20/25 time=1.55s device=cuda
INFO:src.estimators.masked_ae:[masked-ae] sweep lam=0.46415888336127786 epoch 21/25 time=1.46s device=cuda
INFO:src.estimators.masked_ae:[masked-ae] sweep lam=0.46415888336127786 epoch 22/25 time=1.30s device=cuda
INFO:src.estimators.masked_ae:[masked-ae] sweep lam=0.46415888336127786 epoch 23/25 time=1.37s device=cuda
INFO:src.estimators.masked_ae:[masked-ae] sweep lam=0.46415888336127786 epoch 24/25 time=1.44s device=cuda
INFO:src.estimators.masked_ae:[masked-ae] sweep lam=0.46415888336127786 epoch 25/25 time=1.24s device=cuda
INFO:src.estimators.masked_ae:[masked-ae] sweep lam=0.774263682681127 epoch 1/25 time=1.37s device=cuda
INFO:src.estimators.masked_ae:[masked-ae] sweep lam=0.774263682681127 epoch 2/25 time=1.36s device=cuda
INFO:src.estimators.masked_ae:[masked-ae] sweep lam=0.774263682681127 epoch 3/25 time=1.44s device=cuda
INFO:src.estimators.masked_ae:[masked-ae] sweep lam=0.774263682681127 epoch 4/25 time=1.32s device=cuda
INFO:src.estimators.masked_ae:[masked-ae] sweep lam=0.774263682681127 epoch 5/25 time=1.42s device=cuda
INFO:src.estimators.masked_ae:[masked-ae] sweep lam=0.774263682681127 epoch 6/25 time=1.35s device=cuda
INFO:src.estimators.masked_ae:[masked-ae] sweep lam=0.774263682681127 epoch 7/25 time=1.28s device=cuda
INFO:src.estimators.masked_ae:[masked-ae] sweep lam=0.774263682681127 epoch 8/25 time=1.41s device=cuda
INFO:src.estimators.masked_ae:[masked-ae] sweep lam=0.774263682681127 epoch 9/25 time=1.22s device=cuda
INFO:src.estimators.masked_ae:[masked-ae] sweep lam=0.774263682681127 epoch 10/25 time=1.03s device=cuda
INFO:src.estimators.masked_ae:[masked-ae] sweep lam=0.774263682681127 epoch 11/25 time=1.15s device=cuda
INFO:src.estimators.masked_ae:[masked-ae] sweep lam=0.774263682681127 epoch 12/25 time=1.46s device=cuda
INFO:src.estimators.masked_ae:[masked-ae] sweep lam=0.774263682681127 epoch 13/25 time=1.28s device=cuda
INFO:src.estimators.masked_ae:[masked-ae] sweep lam=0.774263682681127 epoch 14/25 time=1.38s device=cuda
INFO:src.estimators.masked_ae:[masked-ae] sweep lam=0.774263682681127 epoch 15/25 time=1.47s device=cuda
INFO:src.estimators.masked_ae:[masked-ae] sweep lam=0.774263682681127 epoch 16/25 time=1.31s device=cuda
INFO:src.estimators.masked_ae:[masked-ae] sweep lam=0.774263682681127 epoch 17/25 time=1.49s device=cuda
INFO:src.estimators.masked_ae:[masked-ae] sweep lam=0.774263682681127 epoch 18/25 time=1.41s device=cuda
INFO:src.estimators.masked_ae:[masked-ae] sweep lam=0.774263682681127 epoch 19/25 time=1.49s device=cuda
INFO:src.estimators.masked_ae:[masked-ae] sweep lam=0.774263682681127 epoch 20/25 time=1.63s device=cuda
INFO:src.estimators.masked_ae:[masked-ae] sweep lam=0.774263682681127 epoch 21/25 time=1.38s device=cuda
INFO:src.estimators.masked_ae:[masked-ae] sweep lam=0.774263682681127 epoch 22/25 time=1.28s device=cuda
INFO:src.estimators.masked_ae:[masked-ae] sweep lam=0.774263682681127 epoch 23/25 time=1.53s device=cuda
INFO:src.estimators.masked_ae:[masked-ae] sweep lam=0.774263682681127 epoch 24/25 time=1.34s device=cuda
INFO:src.estimators.masked_ae:[masked-ae] sweep lam=0.774263682681127 epoch 25/25 time=1.45s device=cuda
INFO:src.estimators.masked_ae:[masked-ae] sweep lam=1.291549665014884 epoch 1/25 time=1.37s device=cuda
INFO:src.estimators.masked_ae:[masked-ae] sweep lam=1.291549665014884 epoch 2/25 time=1.49s device=cuda
INFO:src.estimators.masked_ae:[masked-ae] sweep lam=1.291549665014884 epoch 3/25 time=1.39s device=cuda
INFO:src.estimators.masked_ae:[masked-ae] sweep lam=1.291549665014884 epoch 4/25 time=1.20s device=cuda
INFO:src.estimators.masked_ae:[masked-ae] sweep lam=1.291549665014884 epoch 5/25 time=1.05s device=cuda
INFO:src.estimators.masked_ae:[masked-ae] sweep lam=1.291549665014884 epoch 6/25 time=1.46s device=cuda
INFO:src.estimators.masked_ae:[masked-ae] sweep lam=1.291549665014884 epoch 7/25 time=1.32s device=cuda
INFO:src.estimators.masked_ae:[masked-ae] sweep lam=1.291549665014884 epoch 8/25 time=1.43s device=cuda
INFO:src.estimators.masked_ae:[masked-ae] sweep lam=1.291549665014884 epoch 9/25 time=1.53s device=cuda
INFO:src.estimators.masked_ae:[masked-ae] sweep lam=1.291549665014884 epoch 10/25 time=1.45s device=cuda
INFO:src.estimators.masked_ae:[masked-ae] sweep lam=1.291549665014884 epoch 11/25 time=1.24s device=cuda
INFO:src.estimators.masked_ae:[masked-ae] sweep lam=1.291549665014884 epoch 12/25 time=1.37s device=cuda
INFO:src.estimators.masked_ae:[masked-ae] sweep lam=1.291549665014884 epoch 13/25 time=1.39s device=cuda
INFO:src.estimators.masked_ae:[masked-ae] sweep lam=1.291549665014884 epoch 14/25 time=1.37s device=cuda
INFO:src.estimators.masked_ae:[masked-ae] sweep lam=1.291549665014884 epoch 15/25 time=1.38s device=cuda
INFO:src.estimators.masked_ae:[masked-ae] sweep lam=1.291549665014884 epoch 16/25 time=1.30s device=cuda
INFO:src.estimators.masked_ae:[masked-ae] sweep lam=1.291549665014884 epoch 17/25 time=1.32s device=cuda
INFO:src.estimators.masked_ae:[masked-ae] sweep lam=1.291549665014884 epoch 18/25 time=1.39s device=cuda
INFO:src.estimators.masked_ae:[masked-ae] sweep lam=1.291549665014884 epoch 19/25 time=1.22s device=cuda
INFO:src.estimators.masked_ae:[masked-ae] sweep lam=1.291549665014884 epoch 20/25 time=1.33s device=cuda
INFO:src.estimators.masked_ae:[masked-ae] sweep lam=1.291549665014884 epoch 21/25 time=1.50s device=cuda
INFO:src.estimators.masked_ae:[masked-ae] sweep lam=1.291549665014884 epoch 22/25 time=1.21s device=cuda
INFO:src.estimators.masked_ae:[masked-ae] sweep lam=1.291549665014884 epoch 23/25 time=1.28s device=cuda
INFO:src.estimators.masked_ae:[masked-ae] sweep lam=1.291549665014884 epoch 24/25 time=1.35s device=cuda
INFO:src.estimators.masked_ae:[masked-ae] sweep lam=1.291549665014884 epoch 25/25 time=1.45s device=cuda
INFO:src.estimators.masked_ae:[masked-ae] sweep lam=2.1544346900318834 epoch 1/25 time=1.01s device=cuda
INFO:src.estimators.masked_ae:[masked-ae] sweep lam=2.1544346900318834 epoch 2/25 time=1.36s device=cuda
INFO:src.estimators.masked_ae:[masked-ae] sweep lam=2.1544346900318834 epoch 3/25 time=1.22s device=cuda
INFO:src.estimators.masked_ae:[masked-ae] sweep lam=2.1544346900318834 epoch 4/25 time=1.29s device=cuda
INFO:src.estimators.masked_ae:[masked-ae] sweep lam=2.1544346900318834 epoch 5/25 time=1.52s device=cuda
INFO:src.estimators.masked_ae:[masked-ae] sweep lam=2.1544346900318834 epoch 6/25 time=1.32s device=cuda
INFO:src.estimators.masked_ae:[masked-ae] sweep lam=2.1544346900318834 epoch 7/25 time=1.49s device=cuda
INFO:src.estimators.masked_ae:[masked-ae] sweep lam=2.1544346900318834 epoch 8/25 time=1.46s device=cuda
INFO:src.estimators.masked_ae:[masked-ae] sweep lam=2.1544346900318834 epoch 9/25 time=1.31s device=cuda
INFO:src.estimators.masked_ae:[masked-ae] sweep lam=2.1544346900318834 epoch 10/25 time=1.41s device=cuda
INFO:src.estimators.masked_ae:[masked-ae] sweep lam=2.1544346900318834 epoch 11/25 time=1.30s device=cuda
INFO:src.estimators.masked_ae:[masked-ae] sweep lam=2.1544346900318834 epoch 12/25 time=1.33s device=cuda
INFO:src.estimators.masked_ae:[masked-ae] sweep lam=2.1544346900318834 epoch 13/25 time=1.51s device=cuda
INFO:src.estimators.masked_ae:[masked-ae] sweep lam=2.1544346900318834 epoch 14/25 time=1.41s device=cuda
INFO:src.estimators.masked_ae:[masked-ae] sweep lam=2.1544346900318834 epoch 15/25 time=1.41s device=cuda
INFO:src.estimators.masked_ae:[masked-ae] sweep lam=2.1544346900318834 epoch 16/25 time=1.35s device=cuda
INFO:src.estimators.masked_ae:[masked-ae] sweep lam=2.1544346900318834 epoch 17/25 time=1.36s device=cuda
INFO:src.estimators.masked_ae:[masked-ae] sweep lam=2.1544346900318834 epoch 18/25 time=1.30s device=cuda
INFO:src.estimators.masked_ae:[masked-ae] sweep lam=2.1544346900318834 epoch 19/25 time=1.40s device=cuda
INFO:src.estimators.masked_ae:[masked-ae] sweep lam=2.1544346900318834 epoch 20/25 time=1.14s device=cuda
INFO:src.estimators.masked_ae:[masked-ae] sweep lam=2.1544346900318834 epoch 21/25 time=1.44s device=cuda
INFO:src.estimators.masked_ae:[masked-ae] sweep lam=2.1544346900318834 epoch 22/25 time=1.32s device=cuda
INFO:src.estimators.masked_ae:[masked-ae] sweep lam=2.1544346900318834 epoch 23/25 time=1.50s device=cuda
INFO:src.estimators.masked_ae:[masked-ae] sweep lam=2.1544346900318834 epoch 24/25 time=1.06s device=cuda
INFO:src.estimators.masked_ae:[masked-ae] sweep lam=2.1544346900318834 epoch 25/25 time=1.39s device=cuda
INFO:src.estimators.masked_ae:[masked-ae] sweep lam=3.593813663804626 epoch 1/25 time=1.28s device=cuda
INFO:src.estimators.masked_ae:[masked-ae] sweep lam=3.593813663804626 epoch 2/25 time=1.29s device=cuda
INFO:src.estimators.masked_ae:[masked-ae] sweep lam=3.593813663804626 epoch 3/25 time=1.44s device=cuda
INFO:src.estimators.masked_ae:[masked-ae] sweep lam=3.593813663804626 epoch 4/25 time=1.10s device=cuda
INFO:src.estimators.masked_ae:[masked-ae] sweep lam=3.593813663804626 epoch 5/25 time=1.40s device=cuda
INFO:src.estimators.masked_ae:[masked-ae] sweep lam=3.593813663804626 epoch 6/25 time=1.34s device=cuda
INFO:src.estimators.masked_ae:[masked-ae] sweep lam=3.593813663804626 epoch 7/25 time=1.39s device=cuda
INFO:src.estimators.masked_ae:[masked-ae] sweep lam=3.593813663804626 epoch 8/25 time=1.27s device=cuda
INFO:src.estimators.masked_ae:[masked-ae] sweep lam=3.593813663804626 epoch 9/25 time=1.19s device=cuda
INFO:src.estimators.masked_ae:[masked-ae] sweep lam=3.593813663804626 epoch 10/25 time=1.06s device=cuda
INFO:src.estimators.masked_ae:[masked-ae] sweep lam=3.593813663804626 epoch 11/25 time=1.14s device=cuda
INFO:src.estimators.masked_ae:[masked-ae] sweep lam=3.593813663804626 epoch 12/25 time=1.30s device=cuda
INFO:src.estimators.masked_ae:[masked-ae] sweep lam=3.593813663804626 epoch 13/25 time=1.26s device=cuda
INFO:src.estimators.masked_ae:[masked-ae] sweep lam=3.593813663804626 epoch 14/25 time=1.22s device=cuda
INFO:src.estimators.masked_ae:[masked-ae] sweep lam=3.593813663804626 epoch 15/25 time=1.34s device=cuda
INFO:src.estimators.masked_ae:[masked-ae] sweep lam=3.593813663804626 epoch 16/25 time=1.36s device=cuda
INFO:src.estimators.masked_ae:[masked-ae] sweep lam=3.593813663804626 epoch 17/25 time=1.27s device=cuda
INFO:src.estimators.masked_ae:[masked-ae] sweep lam=3.593813663804626 epoch 18/25 time=1.31s device=cuda
INFO:src.estimators.masked_ae:[masked-ae] sweep lam=3.593813663804626 epoch 19/25 time=1.44s device=cuda
INFO:src.estimators.masked_ae:[masked-ae] sweep lam=3.593813663804626 epoch 20/25 time=1.42s device=cuda
INFO:src.estimators.masked_ae:[masked-ae] sweep lam=3.593813663804626 epoch 21/25 time=1.25s device=cuda
INFO:src.estimators.masked_ae:[masked-ae] sweep lam=3.593813663804626 epoch 22/25 time=1.29s device=cuda
INFO:src.estimators.masked_ae:[masked-ae] sweep lam=3.593813663804626 epoch 23/25 time=1.21s device=cuda
INFO:src.estimators.masked_ae:[masked-ae] sweep lam=3.593813663804626 epoch 24/25 time=1.27s device=cuda
INFO:src.estimators.masked_ae:[masked-ae] sweep lam=3.593813663804626 epoch 25/25 time=1.47s device=cuda
INFO:src.estimators.masked_ae:[masked-ae] sweep lam=5.994842503189409 epoch 1/25 time=1.37s device=cuda
INFO:src.estimators.masked_ae:[masked-ae] sweep lam=5.994842503189409 epoch 2/25 time=1.34s device=cuda
INFO:src.estimators.masked_ae:[masked-ae] sweep lam=5.994842503189409 epoch 3/25 time=1.49s device=cuda
INFO:src.estimators.masked_ae:[masked-ae] sweep lam=5.994842503189409 epoch 4/25 time=1.36s device=cuda
INFO:src.estimators.masked_ae:[masked-ae] sweep lam=5.994842503189409 epoch 5/25 time=1.48s device=cuda
INFO:src.estimators.masked_ae:[masked-ae] sweep lam=5.994842503189409 epoch 6/25 time=1.28s device=cuda
INFO:src.estimators.masked_ae:[masked-ae] sweep lam=5.994842503189409 epoch 7/25 time=1.25s device=cuda
INFO:src.estimators.masked_ae:[masked-ae] sweep lam=5.994842503189409 epoch 8/25 time=1.17s device=cuda
INFO:src.estimators.masked_ae:[masked-ae] sweep lam=5.994842503189409 epoch 9/25 time=1.27s device=cuda
INFO:src.estimators.masked_ae:[masked-ae] sweep lam=5.994842503189409 epoch 10/25 time=1.68s device=cuda
INFO:src.estimators.masked_ae:[masked-ae] sweep lam=5.994842503189409 epoch 11/25 time=1.42s device=cuda
INFO:src.estimators.masked_ae:[masked-ae] sweep lam=5.994842503189409 epoch 12/25 time=1.43s device=cuda
INFO:src.estimators.masked_ae:[masked-ae] sweep lam=5.994842503189409 epoch 13/25 time=1.50s device=cuda
INFO:src.estimators.masked_ae:[masked-ae] sweep lam=5.994842503189409 epoch 14/25 time=1.25s device=cuda
INFO:src.estimators.masked_ae:[masked-ae] sweep lam=5.994842503189409 epoch 15/25 time=1.37s device=cuda
INFO:src.estimators.masked_ae:[masked-ae] sweep lam=5.994842503189409 epoch 16/25 time=1.38s device=cuda
INFO:src.estimators.masked_ae:[masked-ae] sweep lam=5.994842503189409 epoch 17/25 time=1.53s device=cuda
INFO:src.estimators.masked_ae:[masked-ae] sweep lam=5.994842503189409 epoch 18/25 time=1.11s device=cuda
INFO:src.estimators.masked_ae:[masked-ae] sweep lam=5.994842503189409 epoch 19/25 time=1.34s device=cuda
INFO:src.estimators.masked_ae:[masked-ae] sweep lam=5.994842503189409 epoch 20/25 time=1.15s device=cuda
INFO:src.estimators.masked_ae:[masked-ae] sweep lam=5.994842503189409 epoch 21/25 time=1.49s device=cuda
INFO:src.estimators.masked_ae:[masked-ae] sweep lam=5.994842503189409 epoch 22/25 time=1.43s device=cuda
INFO:src.estimators.masked_ae:[masked-ae] sweep lam=5.994842503189409 epoch 23/25 time=1.34s device=cuda
INFO:src.estimators.masked_ae:[masked-ae] sweep lam=5.994842503189409 epoch 24/25 time=1.46s device=cuda
INFO:src.estimators.masked_ae:[masked-ae] sweep lam=5.994842503189409 epoch 25/25 time=1.16s device=cuda
INFO:src.estimators.masked_ae:[masked-ae] sweep lam=10.0 epoch 1/25 time=1.18s device=cuda
INFO:src.estimators.masked_ae:[masked-ae] sweep lam=10.0 epoch 2/25 time=1.43s device=cuda
INFO:src.estimators.masked_ae:[masked-ae] sweep lam=10.0 epoch 3/25 time=1.41s device=cuda
INFO:src.estimators.masked_ae:[masked-ae] sweep lam=10.0 epoch 4/25 time=1.34s device=cuda
INFO:src.estimators.masked_ae:[masked-ae] sweep lam=10.0 epoch 5/25 time=1.38s device=cuda
INFO:src.estimators.masked_ae:[masked-ae] sweep lam=10.0 epoch 6/25 time=1.50s device=cuda
INFO:src.estimators.masked_ae:[masked-ae] sweep lam=10.0 epoch 7/25 time=1.43s device=cuda
INFO:src.estimators.masked_ae:[masked-ae] sweep lam=10.0 epoch 8/25 time=1.26s device=cuda
INFO:src.estimators.masked_ae:[masked-ae] sweep lam=10.0 epoch 9/25 time=1.36s device=cuda
INFO:src.estimators.masked_ae:[masked-ae] sweep lam=10.0 epoch 10/25 time=1.16s device=cuda
INFO:src.estimators.masked_ae:[masked-ae] sweep lam=10.0 epoch 11/25 time=1.27s device=cuda
INFO:src.estimators.masked_ae:[masked-ae] sweep lam=10.0 epoch 12/25 time=1.13s device=cuda
INFO:src.estimators.masked_ae:[masked-ae] sweep lam=10.0 epoch 13/25 time=1.23s device=cuda
INFO:src.estimators.masked_ae:[masked-ae] sweep lam=10.0 epoch 14/25 time=1.39s device=cuda
INFO:src.estimators.masked_ae:[masked-ae] sweep lam=10.0 epoch 15/25 time=1.23s device=cuda
INFO:src.estimators.masked_ae:[masked-ae] sweep lam=10.0 epoch 16/25 time=1.37s device=cuda
INFO:src.estimators.masked_ae:[masked-ae] sweep lam=10.0 epoch 17/25 time=1.29s device=cuda
INFO:src.estimators.masked_ae:[masked-ae] sweep lam=10.0 epoch 18/25 time=1.34s device=cuda
INFO:src.estimators.masked_ae:[masked-ae] sweep lam=10.0 epoch 19/25 time=1.14s device=cuda
INFO:src.estimators.masked_ae:[masked-ae] sweep lam=10.0 epoch 20/25 time=1.38s device=cuda
INFO:src.estimators.masked_ae:[masked-ae] sweep lam=10.0 epoch 21/25 time=1.49s device=cuda
INFO:src.estimators.masked_ae:[masked-ae] sweep lam=10.0 epoch 22/25 time=1.50s device=cuda
INFO:src.estimators.masked_ae:[masked-ae] sweep lam=10.0 epoch 23/25 time=1.38s device=cuda
INFO:src.estimators.masked_ae:[masked-ae] sweep lam=10.0 epoch 24/25 time=1.27s device=cuda
INFO:src.estimators.masked_ae:[masked-ae] sweep lam=10.0 epoch 25/25 time=1.52s device=cuda
INFO:src.estimators.masked_ae:[masked-ae] retrain epoch 1/10 time=1.46s device=cuda
INFO:src.estimators.masked_ae:[masked-ae] retrain epoch 2/10 time=1.35s device=cuda
INFO:src.estimators.masked_ae:[masked-ae] retrain epoch 3/10 time=1.29s device=cuda
INFO:src.estimators.masked_ae:[masked-ae] retrain epoch 4/10 time=1.15s device=cuda
INFO:src.estimators.masked_ae:[masked-ae] retrain epoch 5/10 time=1.48s device=cuda
INFO:src.estimators.masked_ae:[masked-ae] retrain epoch 6/10 time=1.39s device=cuda
INFO:src.estimators.masked_ae:[masked-ae] retrain epoch 7/10 time=1.12s device=cuda
INFO:src.estimators.masked_ae:[masked-ae] retrain epoch 8/10 time=1.36s device=cuda
INFO:src.estimators.masked_ae:[masked-ae] retrain epoch 9/10 time=1.41s device=cuda
INFO:src.estimators.masked_ae:[masked-ae] retrain epoch 10/10 time=1.36s device=cuda
INFO:repair_masked_ae:Group ('mnist', 15, 0.0, 0) repaired: estimate=47.0 elapsed_s=367.60 device=cuda samples=60000 rows=5
INFO:repair_masked_ae:Processing group key=('mnist', 15, 0.25, 0) with 5 rows; example row 765
INFO:src.estimators.masked_ae:[masked-ae] pretrain epoch 1/10 time=1.27s device=cuda
INFO:src.estimators.masked_ae:[masked-ae] pretrain epoch 2/10 time=1.58s device=cuda
INFO:src.estimators.masked_ae:[masked-ae] pretrain epoch 3/10 time=1.17s device=cuda
INFO:src.estimators.masked_ae:[masked-ae] pretrain epoch 4/10 time=1.27s device=cuda
INFO:src.estimators.masked_ae:[masked-ae] pretrain epoch 5/10 time=1.15s device=cuda
INFO:src.estimators.masked_ae:[masked-ae] pretrain epoch 6/10 time=1.32s device=cuda
INFO:src.estimators.masked_ae:[masked-ae] pretrain epoch 7/10 time=1.42s device=cuda
INFO:src.estimators.masked_ae:[masked-ae] pretrain epoch 8/10 time=1.35s device=cuda
INFO:src.estimators.masked_ae:[masked-ae] pretrain epoch 9/10 time=1.51s device=cuda
INFO:src.estimators.masked_ae:[masked-ae] pretrain epoch 10/10 time=1.02s device=cuda
INFO:src.estimators.masked_ae:[masked-ae] sweep lam=0.1 epoch 1/25 time=1.41s device=cuda
INFO:src.estimators.masked_ae:[masked-ae] sweep lam=0.1 epoch 2/25 time=1.24s device=cuda
INFO:src.estimators.masked_ae:[masked-ae] sweep lam=0.1 epoch 3/25 time=1.34s device=cuda
INFO:src.estimators.masked_ae:[masked-ae] sweep lam=0.1 epoch 4/25 time=1.20s device=cuda
INFO:src.estimators.masked_ae:[masked-ae] sweep lam=0.1 epoch 5/25 time=1.30s device=cuda
INFO:src.estimators.masked_ae:[masked-ae] sweep lam=0.1 epoch 6/25 time=1.35s device=cuda
INFO:src.estimators.masked_ae:[masked-ae] sweep lam=0.1 epoch 7/25 time=1.40s device=cuda
INFO:src.estimators.masked_ae:[masked-ae] sweep lam=0.1 epoch 8/25 time=1.58s device=cuda
INFO:src.estimators.masked_ae:[masked-ae] sweep lam=0.1 epoch 9/25 time=1.43s device=cuda
INFO:src.estimators.masked_ae:[masked-ae] sweep lam=0.1 epoch 10/25 time=1.44s device=cuda
INFO:src.estimators.masked_ae:[masked-ae] sweep lam=0.1 epoch 11/25 time=1.42s device=cuda
INFO:src.estimators.masked_ae:[masked-ae] sweep lam=0.1 epoch 12/25 time=1.26s device=cuda
INFO:src.estimators.masked_ae:[masked-ae] sweep lam=0.1 epoch 13/25 time=1.50s device=cuda
INFO:src.estimators.masked_ae:[masked-ae] sweep lam=0.1 epoch 14/25 time=1.37s device=cuda
INFO:src.estimators.masked_ae:[masked-ae] sweep lam=0.1 epoch 15/25 time=1.37s device=cuda
INFO:src.estimators.masked_ae:[masked-ae] sweep lam=0.1 epoch 16/25 time=1.22s device=cuda
INFO:src.estimators.masked_ae:[masked-ae] sweep lam=0.1 epoch 17/25 time=1.31s device=cuda
INFO:src.estimators.masked_ae:[masked-ae] sweep lam=0.1 epoch 18/25 time=1.16s device=cuda
INFO:src.estimators.masked_ae:[masked-ae] sweep lam=0.1 epoch 19/25 time=1.22s device=cuda
INFO:src.estimators.masked_ae:[masked-ae] sweep lam=0.1 epoch 20/25 time=1.20s device=cuda
INFO:src.estimators.masked_ae:[masked-ae] sweep lam=0.1 epoch 21/25 time=1.16s device=cuda
INFO:src.estimators.masked_ae:[masked-ae] sweep lam=0.1 epoch 22/25 time=1.22s device=cuda
INFO:src.estimators.masked_ae:[masked-ae] sweep lam=0.1 epoch 23/25 time=1.14s device=cuda
INFO:src.estimators.masked_ae:[masked-ae] sweep lam=0.1 epoch 24/25 time=1.47s device=cuda
INFO:src.estimators.masked_ae:[masked-ae] sweep lam=0.1 epoch 25/25 time=1.48s device=cuda
INFO:src.estimators.masked_ae:[masked-ae] sweep lam=0.16681005372000587 epoch 1/25 time=1.48s device=cuda
INFO:src.estimators.masked_ae:[masked-ae] sweep lam=0.16681005372000587 epoch 2/25 time=1.38s device=cuda
INFO:src.estimators.masked_ae:[masked-ae] sweep lam=0.16681005372000587 epoch 3/25 time=1.21s device=cuda
INFO:src.estimators.masked_ae:[masked-ae] sweep lam=0.16681005372000587 epoch 4/25 time=1.41s device=cuda
INFO:src.estimators.masked_ae:[masked-ae] sweep lam=0.16681005372000587 epoch 5/25 time=1.28s device=cuda
INFO:src.estimators.masked_ae:[masked-ae] sweep lam=0.16681005372000587 epoch 6/25 time=1.28s device=cuda
INFO:src.estimators.masked_ae:[masked-ae] sweep lam=0.16681005372000587 epoch 7/25 time=1.51s device=cuda
INFO:src.estimators.masked_ae:[masked-ae] sweep lam=0.16681005372000587 epoch 8/25 time=1.36s device=cuda
INFO:src.estimators.masked_ae:[masked-ae] sweep lam=0.16681005372000587 epoch 9/25 time=1.36s device=cuda
INFO:src.estimators.masked_ae:[masked-ae] sweep lam=0.16681005372000587 epoch 10/25 time=1.32s device=cuda
INFO:src.estimators.masked_ae:[masked-ae] sweep lam=0.16681005372000587 epoch 11/25 time=1.40s device=cuda
INFO:src.estimators.masked_ae:[masked-ae] sweep lam=0.16681005372000587 epoch 12/25 time=1.27s device=cuda
INFO:src.estimators.masked_ae:[masked-ae] sweep lam=0.16681005372000587 epoch 13/25 time=1.30s device=cuda
INFO:src.estimators.masked_ae:[masked-ae] sweep lam=0.16681005372000587 epoch 14/25 time=1.38s device=cuda
INFO:src.estimators.masked_ae:[masked-ae] sweep lam=0.16681005372000587 epoch 15/25 time=1.29s device=cuda
INFO:src.estimators.masked_ae:[masked-ae] sweep lam=0.16681005372000587 epoch 16/25 time=1.54s device=cuda
INFO:src.estimators.masked_ae:[masked-ae] sweep lam=0.16681005372000587 epoch 17/25 time=1.48s device=cuda
INFO:src.estimators.masked_ae:[masked-ae] sweep lam=0.16681005372000587 epoch 18/25 time=1.29s device=cuda
INFO:src.estimators.masked_ae:[masked-ae] sweep lam=0.16681005372000587 epoch 19/25 time=1.31s device=cuda
INFO:src.estimators.masked_ae:[masked-ae] sweep lam=0.16681005372000587 epoch 20/25 time=1.38s device=cuda
INFO:src.estimators.masked_ae:[masked-ae] sweep lam=0.16681005372000587 epoch 21/25 time=1.39s device=cuda
INFO:src.estimators.masked_ae:[masked-ae] sweep lam=0.16681005372000587 epoch 22/25 time=1.23s device=cuda
INFO:src.estimators.masked_ae:[masked-ae] sweep lam=0.16681005372000587 epoch 23/25 time=1.43s device=cuda
INFO:src.estimators.masked_ae:[masked-ae] sweep lam=0.16681005372000587 epoch 24/25 time=1.42s device=cuda
INFO:src.estimators.masked_ae:[masked-ae] sweep lam=0.16681005372000587 epoch 25/25 time=1.50s device=cuda
INFO:src.estimators.masked_ae:[masked-ae] sweep lam=0.2782559402207124 epoch 1/25 time=1.54s device=cuda
INFO:src.estimators.masked_ae:[masked-ae] sweep lam=0.2782559402207124 epoch 2/25 time=1.36s device=cuda
INFO:src.estimators.masked_ae:[masked-ae] sweep lam=0.2782559402207124 epoch 3/25 time=1.30s device=cuda
INFO:src.estimators.masked_ae:[masked-ae] sweep lam=0.2782559402207124 epoch 4/25 time=1.39s device=cuda
INFO:src.estimators.masked_ae:[masked-ae] sweep lam=0.2782559402207124 epoch 5/25 time=1.32s device=cuda
INFO:src.estimators.masked_ae:[masked-ae] sweep lam=0.2782559402207124 epoch 6/25 time=1.35s device=cuda
INFO:src.estimators.masked_ae:[masked-ae] sweep lam=0.2782559402207124 epoch 7/25 time=1.48s device=cuda
INFO:src.estimators.masked_ae:[masked-ae] sweep lam=0.2782559402207124 epoch 8/25 time=1.43s device=cuda
INFO:src.estimators.masked_ae:[masked-ae] sweep lam=0.2782559402207124 epoch 9/25 time=1.26s device=cuda
INFO:src.estimators.masked_ae:[masked-ae] sweep lam=0.2782559402207124 epoch 10/25 time=1.33s device=cuda
INFO:src.estimators.masked_ae:[masked-ae] sweep lam=0.2782559402207124 epoch 11/25 time=1.21s device=cuda
INFO:src.estimators.masked_ae:[masked-ae] sweep lam=0.2782559402207124 epoch 12/25 time=1.45s device=cuda
INFO:src.estimators.masked_ae:[masked-ae] sweep lam=0.2782559402207124 epoch 13/25 time=1.39s device=cuda
INFO:src.estimators.masked_ae:[masked-ae] sweep lam=0.2782559402207124 epoch 14/25 time=1.49s device=cuda
INFO:src.estimators.masked_ae:[masked-ae] sweep lam=0.2782559402207124 epoch 15/25 time=1.38s device=cuda
INFO:src.estimators.masked_ae:[masked-ae] sweep lam=0.2782559402207124 epoch 16/25 time=1.42s device=cuda
INFO:src.estimators.masked_ae:[masked-ae] sweep lam=0.2782559402207124 epoch 17/25 time=1.42s device=cuda
INFO:src.estimators.masked_ae:[masked-ae] sweep lam=0.2782559402207124 epoch 18/25 time=1.47s device=cuda
INFO:src.estimators.masked_ae:[masked-ae] sweep lam=0.2782559402207124 epoch 19/25 time=1.47s device=cuda
INFO:src.estimators.masked_ae:[masked-ae] sweep lam=0.2782559402207124 epoch 20/25 time=1.35s device=cuda
INFO:src.estimators.masked_ae:[masked-ae] sweep lam=0.2782559402207124 epoch 21/25 time=1.45s device=cuda
INFO:src.estimators.masked_ae:[masked-ae] sweep lam=0.2782559402207124 epoch 22/25 time=1.51s device=cuda
INFO:src.estimators.masked_ae:[masked-ae] sweep lam=0.2782559402207124 epoch 23/25 time=1.28s device=cuda
INFO:src.estimators.masked_ae:[masked-ae] sweep lam=0.2782559402207124 epoch 24/25 time=1.46s device=cuda
INFO:src.estimators.masked_ae:[masked-ae] sweep lam=0.2782559402207124 epoch 25/25 time=1.49s device=cuda
INFO:src.estimators.masked_ae:[masked-ae] sweep lam=0.46415888336127786 epoch 1/25 time=1.38s device=cuda
INFO:src.estimators.masked_ae:[masked-ae] sweep lam=0.46415888336127786 epoch 2/25 time=1.32s device=cuda
INFO:src.estimators.masked_ae:[masked-ae] sweep lam=0.46415888336127786 epoch 3/25 time=1.32s device=cuda
INFO:src.estimators.masked_ae:[masked-ae] sweep lam=0.46415888336127786 epoch 4/25 time=1.24s device=cuda
INFO:src.estimators.masked_ae:[masked-ae] sweep lam=0.46415888336127786 epoch 5/25 time=1.39s device=cuda
INFO:src.estimators.masked_ae:[masked-ae] sweep lam=0.46415888336127786 epoch 6/25 time=1.35s device=cuda
INFO:src.estimators.masked_ae:[masked-ae] sweep lam=0.46415888336127786 epoch 7/25 time=1.10s device=cuda
INFO:src.estimators.masked_ae:[masked-ae] sweep lam=0.46415888336127786 epoch 8/25 time=1.21s device=cuda
INFO:src.estimators.masked_ae:[masked-ae] sweep lam=0.46415888336127786 epoch 9/25 time=1.42s device=cuda
INFO:src.estimators.masked_ae:[masked-ae] sweep lam=0.46415888336127786 epoch 10/25 time=1.59s device=cuda
INFO:src.estimators.masked_ae:[masked-ae] sweep lam=0.46415888336127786 epoch 11/25 time=1.46s device=cuda
INFO:src.estimators.masked_ae:[masked-ae] sweep lam=0.46415888336127786 epoch 12/25 time=1.31s device=cuda
INFO:src.estimators.masked_ae:[masked-ae] sweep lam=0.46415888336127786 epoch 13/25 time=1.07s device=cuda
INFO:src.estimators.masked_ae:[masked-ae] sweep lam=0.46415888336127786 epoch 14/25 time=1.50s device=cuda
INFO:src.estimators.masked_ae:[masked-ae] sweep lam=0.46415888336127786 epoch 15/25 time=1.49s device=cuda
INFO:src.estimators.masked_ae:[masked-ae] sweep lam=0.46415888336127786 epoch 16/25 time=1.53s device=cuda
INFO:src.estimators.masked_ae:[masked-ae] sweep lam=0.46415888336127786 epoch 17/25 time=1.40s device=cuda
INFO:src.estimators.masked_ae:[masked-ae] sweep lam=0.46415888336127786 epoch 18/25 time=1.36s device=cuda
INFO:src.estimators.masked_ae:[masked-ae] sweep lam=0.46415888336127786 epoch 19/25 time=1.47s device=cuda
INFO:src.estimators.masked_ae:[masked-ae] sweep lam=0.46415888336127786 epoch 20/25 time=1.40s device=cuda
INFO:src.estimators.masked_ae:[masked-ae] sweep lam=0.46415888336127786 epoch 21/25 time=1.36s device=cuda
INFO:src.estimators.masked_ae:[masked-ae] sweep lam=0.46415888336127786 epoch 22/25 time=1.37s device=cuda
INFO:src.estimators.masked_ae:[masked-ae] sweep lam=0.46415888336127786 epoch 23/25 time=1.32s device=cuda
INFO:src.estimators.masked_ae:[masked-ae] sweep lam=0.46415888336127786 epoch 24/25 time=1.18s device=cuda
INFO:src.estimators.masked_ae:[masked-ae] sweep lam=0.46415888336127786 epoch 25/25 time=1.46s device=cuda
INFO:src.estimators.masked_ae:[masked-ae] sweep lam=0.774263682681127 epoch 1/25 time=1.18s device=cuda
INFO:src.estimators.masked_ae:[masked-ae] sweep lam=0.774263682681127 epoch 2/25 time=1.31s device=cuda
INFO:src.estimators.masked_ae:[masked-ae] sweep lam=0.774263682681127 epoch 3/25 time=1.64s device=cuda
INFO:src.estimators.masked_ae:[masked-ae] sweep lam=0.774263682681127 epoch 4/25 time=1.53s device=cuda
INFO:src.estimators.masked_ae:[masked-ae] sweep lam=0.774263682681127 epoch 5/25 time=1.36s device=cuda
INFO:src.estimators.masked_ae:[masked-ae] sweep lam=0.774263682681127 epoch 6/25 time=1.46s device=cuda
INFO:src.estimators.masked_ae:[masked-ae] sweep lam=0.774263682681127 epoch 7/25 time=1.45s device=cuda
INFO:src.estimators.masked_ae:[masked-ae] sweep lam=0.774263682681127 epoch 8/25 time=1.22s device=cuda
INFO:src.estimators.masked_ae:[masked-ae] sweep lam=0.774263682681127 epoch 9/25 time=1.25s device=cuda
INFO:src.estimators.masked_ae:[masked-ae] sweep lam=0.774263682681127 epoch 10/25 time=1.40s device=cuda
INFO:src.estimators.masked_ae:[masked-ae] sweep lam=0.774263682681127 epoch 11/25 time=1.49s device=cuda
INFO:src.estimators.masked_ae:[masked-ae] sweep lam=0.774263682681127 epoch 12/25 time=1.43s device=cuda
INFO:src.estimators.masked_ae:[masked-ae] sweep lam=0.774263682681127 epoch 13/25 time=1.28s device=cuda
INFO:src.estimators.masked_ae:[masked-ae] sweep lam=0.774263682681127 epoch 14/25 time=1.34s device=cuda
INFO:src.estimators.masked_ae:[masked-ae] sweep lam=0.774263682681127 epoch 15/25 time=1.38s device=cuda
INFO:src.estimators.masked_ae:[masked-ae] sweep lam=0.774263682681127 epoch 16/25 time=1.48s device=cuda
INFO:src.estimators.masked_ae:[masked-ae] sweep lam=0.774263682681127 epoch 17/25 time=1.15s device=cuda
INFO:src.estimators.masked_ae:[masked-ae] sweep lam=0.774263682681127 epoch 18/25 time=1.26s device=cuda
INFO:src.estimators.masked_ae:[masked-ae] sweep lam=0.774263682681127 epoch 19/25 time=1.21s device=cuda
INFO:src.estimators.masked_ae:[masked-ae] sweep lam=0.774263682681127 epoch 20/25 time=1.28s device=cuda
INFO:src.estimators.masked_ae:[masked-ae] sweep lam=0.774263682681127 epoch 21/25 time=1.62s device=cuda
INFO:src.estimators.masked_ae:[masked-ae] sweep lam=0.774263682681127 epoch 22/25 time=1.32s device=cuda
INFO:src.estimators.masked_ae:[masked-ae] sweep lam=0.774263682681127 epoch 23/25 time=1.46s device=cuda
INFO:src.estimators.masked_ae:[masked-ae] sweep lam=0.774263682681127 epoch 24/25 time=1.25s device=cuda
INFO:src.estimators.masked_ae:[masked-ae] sweep lam=0.774263682681127 epoch 25/25 time=1.43s device=cuda
INFO:src.estimators.masked_ae:[masked-ae] sweep lam=1.291549665014884 epoch 1/25 time=1.35s device=cuda
INFO:src.estimators.masked_ae:[masked-ae] sweep lam=1.291549665014884 epoch 2/25 time=1.30s device=cuda
INFO:src.estimators.masked_ae:[masked-ae] sweep lam=1.291549665014884 epoch 3/25 time=1.49s device=cuda
INFO:src.estimators.masked_ae:[masked-ae] sweep lam=1.291549665014884 epoch 4/25 time=1.13s device=cuda
INFO:src.estimators.masked_ae:[masked-ae] sweep lam=1.291549665014884 epoch 5/25 time=1.43s device=cuda
INFO:src.estimators.masked_ae:[masked-ae] sweep lam=1.291549665014884 epoch 6/25 time=1.44s device=cuda
INFO:src.estimators.masked_ae:[masked-ae] sweep lam=1.291549665014884 epoch 7/25 time=1.28s device=cuda
INFO:src.estimators.masked_ae:[masked-ae] sweep lam=1.291549665014884 epoch 8/25 time=1.36s device=cuda
INFO:src.estimators.masked_ae:[masked-ae] sweep lam=1.291549665014884 epoch 9/25 time=1.47s device=cuda
INFO:src.estimators.masked_ae:[masked-ae] sweep lam=1.291549665014884 epoch 10/25 time=1.41s device=cuda
INFO:src.estimators.masked_ae:[masked-ae] sweep lam=1.291549665014884 epoch 11/25 time=1.41s device=cuda
INFO:src.estimators.masked_ae:[masked-ae] sweep lam=1.291549665014884 epoch 12/25 time=1.63s device=cuda
INFO:src.estimators.masked_ae:[masked-ae] sweep lam=1.291549665014884 epoch 13/25 time=1.28s device=cuda
INFO:src.estimators.masked_ae:[masked-ae] sweep lam=1.291549665014884 epoch 14/25 time=1.52s device=cuda
INFO:src.estimators.masked_ae:[masked-ae] sweep lam=1.291549665014884 epoch 15/25 time=1.31s device=cuda
INFO:src.estimators.masked_ae:[masked-ae] sweep lam=1.291549665014884 epoch 16/25 time=1.34s device=cuda
INFO:src.estimators.masked_ae:[masked-ae] sweep lam=1.291549665014884 epoch 17/25 time=1.27s device=cuda
INFO:src.estimators.masked_ae:[masked-ae] sweep lam=1.291549665014884 epoch 18/25 time=1.29s device=cuda
INFO:src.estimators.masked_ae:[masked-ae] sweep lam=1.291549665014884 epoch 19/25 time=1.39s device=cuda
INFO:src.estimators.masked_ae:[masked-ae] sweep lam=1.291549665014884 epoch 20/25 time=1.31s device=cuda
INFO:src.estimators.masked_ae:[masked-ae] sweep lam=1.291549665014884 epoch 21/25 time=1.28s device=cuda
INFO:src.estimators.masked_ae:[masked-ae] sweep lam=1.291549665014884 epoch 22/25 time=1.35s device=cuda
INFO:src.estimators.masked_ae:[masked-ae] sweep lam=1.291549665014884 epoch 23/25 time=1.41s device=cuda
INFO:src.estimators.masked_ae:[masked-ae] sweep lam=1.291549665014884 epoch 24/25 time=1.40s device=cuda
INFO:src.estimators.masked_ae:[masked-ae] sweep lam=1.291549665014884 epoch 25/25 time=1.33s device=cuda
INFO:src.estimators.masked_ae:[masked-ae] sweep lam=2.1544346900318834 epoch 1/25 time=1.49s device=cuda
INFO:src.estimators.masked_ae:[masked-ae] sweep lam=2.1544346900318834 epoch 2/25 time=1.48s device=cuda
INFO:src.estimators.masked_ae:[masked-ae] sweep lam=2.1544346900318834 epoch 3/25 time=1.46s device=cuda
INFO:src.estimators.masked_ae:[masked-ae] sweep lam=2.1544346900318834 epoch 4/25 time=1.24s device=cuda
INFO:src.estimators.masked_ae:[masked-ae] sweep lam=2.1544346900318834 epoch 5/25 time=1.28s device=cuda
INFO:src.estimators.masked_ae:[masked-ae] sweep lam=2.1544346900318834 epoch 6/25 time=1.44s device=cuda
INFO:src.estimators.masked_ae:[masked-ae] sweep lam=2.1544346900318834 epoch 7/25 time=1.66s device=cuda
INFO:src.estimators.masked_ae:[masked-ae] sweep lam=2.1544346900318834 epoch 8/25 time=1.35s device=cuda
INFO:src.estimators.masked_ae:[masked-ae] sweep lam=2.1544346900318834 epoch 9/25 time=1.16s device=cuda
INFO:src.estimators.masked_ae:[masked-ae] sweep lam=2.1544346900318834 epoch 10/25 time=1.43s device=cuda
INFO:src.estimators.masked_ae:[masked-ae] sweep lam=2.1544346900318834 epoch 11/25 time=1.30s device=cuda
INFO:src.estimators.masked_ae:[masked-ae] sweep lam=2.1544346900318834 epoch 12/25 time=1.44s device=cuda
INFO:src.estimators.masked_ae:[masked-ae] sweep lam=2.1544346900318834 epoch 13/25 time=1.39s device=cuda
INFO:src.estimators.masked_ae:[masked-ae] sweep lam=2.1544346900318834 epoch 14/25 time=1.35s device=cuda
INFO:src.estimators.masked_ae:[masked-ae] sweep lam=2.1544346900318834 epoch 15/25 time=1.40s device=cuda
INFO:src.estimators.masked_ae:[masked-ae] sweep lam=2.1544346900318834 epoch 16/25 time=1.49s device=cuda
INFO:src.estimators.masked_ae:[masked-ae] sweep lam=2.1544346900318834 epoch 17/25 time=1.38s device=cuda
INFO:src.estimators.masked_ae:[masked-ae] sweep lam=2.1544346900318834 epoch 18/25 time=1.31s device=cuda
INFO:src.estimators.masked_ae:[masked-ae] sweep lam=2.1544346900318834 epoch 19/25 time=1.20s device=cuda
INFO:src.estimators.masked_ae:[masked-ae] sweep lam=2.1544346900318834 epoch 20/25 time=1.50s device=cuda
INFO:src.estimators.masked_ae:[masked-ae] sweep lam=2.1544346900318834 epoch 21/25 time=1.48s device=cuda
INFO:src.estimators.masked_ae:[masked-ae] sweep lam=2.1544346900318834 epoch 22/25 time=1.33s device=cuda
INFO:src.estimators.masked_ae:[masked-ae] sweep lam=2.1544346900318834 epoch 23/25 time=1.47s device=cuda
INFO:src.estimators.masked_ae:[masked-ae] sweep lam=2.1544346900318834 epoch 24/25 time=1.36s device=cuda
INFO:src.estimators.masked_ae:[masked-ae] sweep lam=2.1544346900318834 epoch 25/25 time=1.50s device=cuda
INFO:src.estimators.masked_ae:[masked-ae] sweep lam=3.593813663804626 epoch 1/25 time=1.35s device=cuda
INFO:src.estimators.masked_ae:[masked-ae] sweep lam=3.593813663804626 epoch 2/25 time=1.37s device=cuda
INFO:src.estimators.masked_ae:[masked-ae] sweep lam=3.593813663804626 epoch 3/25 time=1.35s device=cuda
INFO:src.estimators.masked_ae:[masked-ae] sweep lam=3.593813663804626 epoch 4/25 time=1.73s device=cuda
INFO:src.estimators.masked_ae:[masked-ae] sweep lam=3.593813663804626 epoch 5/25 time=1.61s device=cuda
INFO:src.estimators.masked_ae:[masked-ae] sweep lam=3.593813663804626 epoch 6/25 time=1.37s device=cuda
INFO:src.estimators.masked_ae:[masked-ae] sweep lam=3.593813663804626 epoch 7/25 time=1.16s device=cuda
INFO:src.estimators.masked_ae:[masked-ae] sweep lam=3.593813663804626 epoch 8/25 time=1.33s device=cuda
INFO:src.estimators.masked_ae:[masked-ae] sweep lam=3.593813663804626 epoch 9/25 time=1.23s device=cuda
INFO:src.estimators.masked_ae:[masked-ae] sweep lam=3.593813663804626 epoch 10/25 time=1.25s device=cuda
INFO:src.estimators.masked_ae:[masked-ae] sweep lam=3.593813663804626 epoch 11/25 time=1.36s device=cuda
INFO:src.estimators.masked_ae:[masked-ae] sweep lam=3.593813663804626 epoch 12/25 time=1.28s device=cuda
INFO:src.estimators.masked_ae:[masked-ae] sweep lam=3.593813663804626 epoch 13/25 time=1.56s device=cuda
INFO:src.estimators.masked_ae:[masked-ae] sweep lam=3.593813663804626 epoch 14/25 time=1.38s device=cuda
INFO:src.estimators.masked_ae:[masked-ae] sweep lam=3.593813663804626 epoch 15/25 time=1.42s device=cuda
INFO:src.estimators.masked_ae:[masked-ae] sweep lam=3.593813663804626 epoch 16/25 time=1.33s device=cuda
INFO:src.estimators.masked_ae:[masked-ae] sweep lam=3.593813663804626 epoch 17/25 time=1.37s device=cuda
INFO:src.estimators.masked_ae:[masked-ae] sweep lam=3.593813663804626 epoch 18/25 time=1.24s device=cuda
INFO:src.estimators.masked_ae:[masked-ae] sweep lam=3.593813663804626 epoch 19/25 time=1.33s device=cuda
INFO:src.estimators.masked_ae:[masked-ae] sweep lam=3.593813663804626 epoch 20/25 time=1.39s device=cuda
INFO:src.estimators.masked_ae:[masked-ae] sweep lam=3.593813663804626 epoch 21/25 time=1.35s device=cuda
INFO:src.estimators.masked_ae:[masked-ae] sweep lam=3.593813663804626 epoch 22/25 time=1.19s device=cuda
INFO:src.estimators.masked_ae:[masked-ae] sweep lam=3.593813663804626 epoch 23/25 time=1.26s device=cuda
INFO:src.estimators.masked_ae:[masked-ae] sweep lam=3.593813663804626 epoch 24/25 time=1.33s device=cuda
INFO:src.estimators.masked_ae:[masked-ae] sweep lam=3.593813663804626 epoch 25/25 time=1.45s device=cuda
INFO:src.estimators.masked_ae:[masked-ae] sweep lam=5.994842503189409 epoch 1/25 time=1.46s device=cuda
INFO:src.estimators.masked_ae:[masked-ae] sweep lam=5.994842503189409 epoch 2/25 time=1.49s device=cuda
INFO:src.estimators.masked_ae:[masked-ae] sweep lam=5.994842503189409 epoch 3/25 time=1.20s device=cuda
INFO:src.estimators.masked_ae:[masked-ae] sweep lam=5.994842503189409 epoch 4/25 time=1.49s device=cuda
INFO:src.estimators.masked_ae:[masked-ae] sweep lam=5.994842503189409 epoch 5/25 time=1.52s device=cuda
INFO:src.estimators.masked_ae:[masked-ae] sweep lam=5.994842503189409 epoch 6/25 time=1.41s device=cuda
INFO:src.estimators.masked_ae:[masked-ae] sweep lam=5.994842503189409 epoch 7/25 time=1.23s device=cuda
INFO:src.estimators.masked_ae:[masked-ae] sweep lam=5.994842503189409 epoch 8/25 time=1.12s device=cuda
INFO:src.estimators.masked_ae:[masked-ae] sweep lam=5.994842503189409 epoch 9/25 time=1.34s device=cuda
INFO:src.estimators.masked_ae:[masked-ae] sweep lam=5.994842503189409 epoch 10/25 time=1.39s device=cuda
INFO:src.estimators.masked_ae:[masked-ae] sweep lam=5.994842503189409 epoch 11/25 time=1.40s device=cuda
INFO:src.estimators.masked_ae:[masked-ae] sweep lam=5.994842503189409 epoch 12/25 time=1.26s device=cuda
INFO:src.estimators.masked_ae:[masked-ae] sweep lam=5.994842503189409 epoch 13/25 time=1.46s device=cuda
INFO:src.estimators.masked_ae:[masked-ae] sweep lam=5.994842503189409 epoch 14/25 time=1.45s device=cuda
INFO:src.estimators.masked_ae:[masked-ae] sweep lam=5.994842503189409 epoch 15/25 time=1.39s device=cuda
INFO:src.estimators.masked_ae:[masked-ae] sweep lam=5.994842503189409 epoch 16/25 time=1.57s device=cuda
INFO:src.estimators.masked_ae:[masked-ae] sweep lam=5.994842503189409 epoch 17/25 time=1.18s device=cuda
INFO:src.estimators.masked_ae:[masked-ae] sweep lam=5.994842503189409 epoch 18/25 time=1.24s device=cuda
INFO:src.estimators.masked_ae:[masked-ae] sweep lam=5.994842503189409 epoch 19/25 time=1.44s device=cuda
INFO:src.estimators.masked_ae:[masked-ae] sweep lam=5.994842503189409 epoch 20/25 time=1.28s device=cuda
INFO:src.estimators.masked_ae:[masked-ae] sweep lam=5.994842503189409 epoch 21/25 time=1.14s device=cuda
INFO:src.estimators.masked_ae:[masked-ae] sweep lam=5.994842503189409 epoch 22/25 time=1.20s device=cuda
INFO:src.estimators.masked_ae:[masked-ae] sweep lam=5.994842503189409 epoch 23/25 time=1.36s device=cuda
INFO:src.estimators.masked_ae:[masked-ae] sweep lam=5.994842503189409 epoch 24/25 time=1.45s device=cuda
INFO:src.estimators.masked_ae:[masked-ae] sweep lam=5.994842503189409 epoch 25/25 time=1.41s device=cuda
INFO:src.estimators.masked_ae:[masked-ae] sweep lam=10.0 epoch 1/25 time=1.15s device=cuda
INFO:src.estimators.masked_ae:[masked-ae] sweep lam=10.0 epoch 2/25 time=1.32s device=cuda
INFO:src.estimators.masked_ae:[masked-ae] sweep lam=10.0 epoch 3/25 time=1.33s device=cuda
INFO:src.estimators.masked_ae:[masked-ae] sweep lam=10.0 epoch 4/25 time=1.25s device=cuda
INFO:src.estimators.masked_ae:[masked-ae] sweep lam=10.0 epoch 5/25 time=1.24s device=cuda
INFO:src.estimators.masked_ae:[masked-ae] sweep lam=10.0 epoch 6/25 time=1.30s device=cuda
INFO:src.estimators.masked_ae:[masked-ae] sweep lam=10.0 epoch 7/25 time=1.38s device=cuda
INFO:src.estimators.masked_ae:[masked-ae] sweep lam=10.0 epoch 8/25 time=1.42s device=cuda
INFO:src.estimators.masked_ae:[masked-ae] sweep lam=10.0 epoch 9/25 time=1.14s device=cuda
INFO:src.estimators.masked_ae:[masked-ae] sweep lam=10.0 epoch 10/25 time=1.25s device=cuda
INFO:src.estimators.masked_ae:[masked-ae] sweep lam=10.0 epoch 11/25 time=1.40s device=cuda
INFO:src.estimators.masked_ae:[masked-ae] sweep lam=10.0 epoch 12/25 time=1.18s device=cuda
INFO:src.estimators.masked_ae:[masked-ae] sweep lam=10.0 epoch 13/25 time=1.30s device=cuda
INFO:src.estimators.masked_ae:[masked-ae] sweep lam=10.0 epoch 14/25 time=1.29s device=cuda
INFO:src.estimators.masked_ae:[masked-ae] sweep lam=10.0 epoch 15/25 time=1.32s device=cuda
INFO:src.estimators.masked_ae:[masked-ae] sweep lam=10.0 epoch 16/25 time=1.30s device=cuda
INFO:src.estimators.masked_ae:[masked-ae] sweep lam=10.0 epoch 17/25 time=1.25s device=cuda
INFO:src.estimators.masked_ae:[masked-ae] sweep lam=10.0 epoch 18/25 time=1.24s device=cuda
INFO:src.estimators.masked_ae:[masked-ae] sweep lam=10.0 epoch 19/25 time=1.55s device=cuda
INFO:src.estimators.masked_ae:[masked-ae] sweep lam=10.0 epoch 20/25 time=1.30s device=cuda
INFO:src.estimators.masked_ae:[masked-ae] sweep lam=10.0 epoch 21/25 time=1.36s device=cuda
INFO:src.estimators.masked_ae:[masked-ae] sweep lam=10.0 epoch 22/25 time=1.41s device=cuda
INFO:src.estimators.masked_ae:[masked-ae] sweep lam=10.0 epoch 23/25 time=1.34s device=cuda
INFO:src.estimators.masked_ae:[masked-ae] sweep lam=10.0 epoch 24/25 time=1.30s device=cuda
INFO:src.estimators.masked_ae:[masked-ae] sweep lam=10.0 epoch 25/25 time=1.51s device=cuda
INFO:src.estimators.masked_ae:[masked-ae] retrain epoch 1/10 time=1.44s device=cuda
INFO:src.estimators.masked_ae:[masked-ae] retrain epoch 2/10 time=1.30s device=cuda
INFO:src.estimators.masked_ae:[masked-ae] retrain epoch 3/10 time=1.27s device=cuda
INFO:src.estimators.masked_ae:[masked-ae] retrain epoch 4/10 time=1.35s device=cuda
INFO:src.estimators.masked_ae:[masked-ae] retrain epoch 5/10 time=1.54s device=cuda
INFO:src.estimators.masked_ae:[masked-ae] retrain epoch 6/10 time=1.18s device=cuda
INFO:src.estimators.masked_ae:[masked-ae] retrain epoch 7/10 time=1.41s device=cuda
INFO:src.estimators.masked_ae:[masked-ae] retrain epoch 8/10 time=1.22s device=cuda
INFO:src.estimators.masked_ae:[masked-ae] retrain epoch 9/10 time=1.35s device=cuda
INFO:src.estimators.masked_ae:[masked-ae] retrain epoch 10/10 time=1.32s device=cuda
INFO:repair_masked_ae:Group ('mnist', 15, 0.25, 0) repaired: estimate=5.0 elapsed_s=372.21 device=cuda samples=60000 rows=5
INFO:repair_masked_ae:Processing group key=('mnist', 15, 0.5, 0) with 5 rows; example row 800
INFO:src.estimators.masked_ae:[masked-ae] pretrain epoch 1/10 time=1.35s device=cuda
INFO:src.estimators.masked_ae:[masked-ae] pretrain epoch 2/10 time=1.03s device=cuda
INFO:src.estimators.masked_ae:[masked-ae] pretrain epoch 3/10 time=1.36s device=cuda
INFO:src.estimators.masked_ae:[masked-ae] pretrain epoch 4/10 time=1.48s device=cuda
INFO:src.estimators.masked_ae:[masked-ae] pretrain epoch 5/10 time=1.34s device=cuda
INFO:src.estimators.masked_ae:[masked-ae] pretrain epoch 6/10 time=1.13s device=cuda
INFO:src.estimators.masked_ae:[masked-ae] pretrain epoch 7/10 time=1.23s device=cuda
INFO:src.estimators.masked_ae:[masked-ae] pretrain epoch 8/10 time=1.12s device=cuda
INFO:src.estimators.masked_ae:[masked-ae] pretrain epoch 9/10 time=1.08s device=cuda
INFO:src.estimators.masked_ae:[masked-ae] pretrain epoch 10/10 time=1.22s device=cuda
INFO:src.estimators.masked_ae:[masked-ae] sweep lam=0.1 epoch 1/25 time=1.15s device=cuda
INFO:src.estimators.masked_ae:[masked-ae] sweep lam=0.1 epoch 2/25 time=1.29s device=cuda
INFO:src.estimators.masked_ae:[masked-ae] sweep lam=0.1 epoch 3/25 time=1.23s device=cuda
INFO:src.estimators.masked_ae:[masked-ae] sweep lam=0.1 epoch 4/25 time=1.38s device=cuda
INFO:src.estimators.masked_ae:[masked-ae] sweep lam=0.1 epoch 5/25 time=1.33s device=cuda
INFO:src.estimators.masked_ae:[masked-ae] sweep lam=0.1 epoch 6/25 time=1.25s device=cuda
INFO:src.estimators.masked_ae:[masked-ae] sweep lam=0.1 epoch 7/25 time=1.28s device=cuda
INFO:src.estimators.masked_ae:[masked-ae] sweep lam=0.1 epoch 8/25 time=1.25s device=cuda
INFO:src.estimators.masked_ae:[masked-ae] sweep lam=0.1 epoch 9/25 time=1.28s device=cuda
INFO:src.estimators.masked_ae:[masked-ae] sweep lam=0.1 epoch 10/25 time=1.36s device=cuda
INFO:src.estimators.masked_ae:[masked-ae] sweep lam=0.1 epoch 11/25 time=1.43s device=cuda
INFO:src.estimators.masked_ae:[masked-ae] sweep lam=0.1 epoch 12/25 time=1.23s device=cuda
INFO:src.estimators.masked_ae:[masked-ae] sweep lam=0.1 epoch 13/25 time=1.23s device=cuda
INFO:src.estimators.masked_ae:[masked-ae] sweep lam=0.1 epoch 14/25 time=1.26s device=cuda
INFO:src.estimators.masked_ae:[masked-ae] sweep lam=0.1 epoch 15/25 time=1.43s device=cuda
INFO:src.estimators.masked_ae:[masked-ae] sweep lam=0.1 epoch 16/25 time=1.51s device=cuda
INFO:src.estimators.masked_ae:[masked-ae] sweep lam=0.1 epoch 17/25 time=1.34s device=cuda
INFO:src.estimators.masked_ae:[masked-ae] sweep lam=0.1 epoch 18/25 time=1.41s device=cuda
INFO:src.estimators.masked_ae:[masked-ae] sweep lam=0.1 epoch 19/25 time=1.18s device=cuda
INFO:src.estimators.masked_ae:[masked-ae] sweep lam=0.1 epoch 20/25 time=1.34s device=cuda
INFO:src.estimators.masked_ae:[masked-ae] sweep lam=0.1 epoch 21/25 time=1.30s device=cuda
INFO:src.estimators.masked_ae:[masked-ae] sweep lam=0.1 epoch 22/25 time=1.59s device=cuda
INFO:src.estimators.masked_ae:[masked-ae] sweep lam=0.1 epoch 23/25 time=1.45s device=cuda
INFO:src.estimators.masked_ae:[masked-ae] sweep lam=0.1 epoch 24/25 time=1.30s device=cuda
INFO:src.estimators.masked_ae:[masked-ae] sweep lam=0.1 epoch 25/25 time=1.26s device=cuda
INFO:src.estimators.masked_ae:[masked-ae] sweep lam=0.16681005372000587 epoch 1/25 time=1.64s device=cuda
INFO:src.estimators.masked_ae:[masked-ae] sweep lam=0.16681005372000587 epoch 2/25 time=1.55s device=cuda
INFO:src.estimators.masked_ae:[masked-ae] sweep lam=0.16681005372000587 epoch 3/25 time=1.30s device=cuda
INFO:src.estimators.masked_ae:[masked-ae] sweep lam=0.16681005372000587 epoch 4/25 time=1.16s device=cuda
INFO:src.estimators.masked_ae:[masked-ae] sweep lam=0.16681005372000587 epoch 5/25 time=1.17s device=cuda
INFO:src.estimators.masked_ae:[masked-ae] sweep lam=0.16681005372000587 epoch 6/25 time=1.42s device=cuda
INFO:src.estimators.masked_ae:[masked-ae] sweep lam=0.16681005372000587 epoch 7/25 time=1.28s device=cuda
INFO:src.estimators.masked_ae:[masked-ae] sweep lam=0.16681005372000587 epoch 8/25 time=1.36s device=cuda
INFO:src.estimators.masked_ae:[masked-ae] sweep lam=0.16681005372000587 epoch 9/25 time=1.42s device=cuda
INFO:src.estimators.masked_ae:[masked-ae] sweep lam=0.16681005372000587 epoch 10/25 time=1.43s device=cuda
INFO:src.estimators.masked_ae:[masked-ae] sweep lam=0.16681005372000587 epoch 11/25 time=1.17s device=cuda
INFO:src.estimators.masked_ae:[masked-ae] sweep lam=0.16681005372000587 epoch 12/25 time=1.20s device=cuda
INFO:src.estimators.masked_ae:[masked-ae] sweep lam=0.16681005372000587 epoch 13/25 time=1.23s device=cuda
INFO:src.estimators.masked_ae:[masked-ae] sweep lam=0.16681005372000587 epoch 14/25 time=1.45s device=cuda
INFO:src.estimators.masked_ae:[masked-ae] sweep lam=0.16681005372000587 epoch 15/25 time=1.28s device=cuda
INFO:src.estimators.masked_ae:[masked-ae] sweep lam=0.16681005372000587 epoch 16/25 time=1.33s device=cuda
INFO:src.estimators.masked_ae:[masked-ae] sweep lam=0.16681005372000587 epoch 17/25 time=1.34s device=cuda
INFO:src.estimators.masked_ae:[masked-ae] sweep lam=0.16681005372000587 epoch 18/25 time=1.36s device=cuda
INFO:src.estimators.masked_ae:[masked-ae] sweep lam=0.16681005372000587 epoch 19/25 time=1.09s device=cuda
INFO:src.estimators.masked_ae:[masked-ae] sweep lam=0.16681005372000587 epoch 20/25 time=1.42s device=cuda
INFO:src.estimators.masked_ae:[masked-ae] sweep lam=0.16681005372000587 epoch 21/25 time=1.25s device=cuda
INFO:src.estimators.masked_ae:[masked-ae] sweep lam=0.16681005372000587 epoch 22/25 time=1.34s device=cuda
INFO:src.estimators.masked_ae:[masked-ae] sweep lam=0.16681005372000587 epoch 23/25 time=1.46s device=cuda
INFO:src.estimators.masked_ae:[masked-ae] sweep lam=0.16681005372000587 epoch 24/25 time=1.33s device=cuda
INFO:src.estimators.masked_ae:[masked-ae] sweep lam=0.16681005372000587 epoch 25/25 time=1.32s device=cuda
INFO:src.estimators.masked_ae:[masked-ae] sweep lam=0.2782559402207124 epoch 1/25 time=1.43s device=cuda
INFO:src.estimators.masked_ae:[masked-ae] sweep lam=0.2782559402207124 epoch 2/25 time=1.52s device=cuda
INFO:src.estimators.masked_ae:[masked-ae] sweep lam=0.2782559402207124 epoch 3/25 time=1.23s device=cuda
INFO:src.estimators.masked_ae:[masked-ae] sweep lam=0.2782559402207124 epoch 4/25 time=1.32s device=cuda
INFO:src.estimators.masked_ae:[masked-ae] sweep lam=0.2782559402207124 epoch 5/25 time=1.35s device=cuda
INFO:src.estimators.masked_ae:[masked-ae] sweep lam=0.2782559402207124 epoch 6/25 time=1.28s device=cuda
INFO:src.estimators.masked_ae:[masked-ae] sweep lam=0.2782559402207124 epoch 7/25 time=1.31s device=cuda
INFO:src.estimators.masked_ae:[masked-ae] sweep lam=0.2782559402207124 epoch 8/25 time=1.39s device=cuda
INFO:src.estimators.masked_ae:[masked-ae] sweep lam=0.2782559402207124 epoch 9/25 time=1.37s device=cuda
INFO:src.estimators.masked_ae:[masked-ae] sweep lam=0.2782559402207124 epoch 10/25 time=1.22s device=cuda
INFO:src.estimators.masked_ae:[masked-ae] sweep lam=0.2782559402207124 epoch 11/25 time=1.39s device=cuda
INFO:src.estimators.masked_ae:[masked-ae] sweep lam=0.2782559402207124 epoch 12/25 time=1.23s device=cuda
INFO:src.estimators.masked_ae:[masked-ae] sweep lam=0.2782559402207124 epoch 13/25 time=1.34s device=cuda
INFO:src.estimators.masked_ae:[masked-ae] sweep lam=0.2782559402207124 epoch 14/25 time=1.59s device=cuda
INFO:src.estimators.masked_ae:[masked-ae] sweep lam=0.2782559402207124 epoch 15/25 time=1.40s device=cuda
INFO:src.estimators.masked_ae:[masked-ae] sweep lam=0.2782559402207124 epoch 16/25 time=1.36s device=cuda
INFO:src.estimators.masked_ae:[masked-ae] sweep lam=0.2782559402207124 epoch 17/25 time=1.32s device=cuda
INFO:src.estimators.masked_ae:[masked-ae] sweep lam=0.2782559402207124 epoch 18/25 time=1.56s device=cuda
INFO:src.estimators.masked_ae:[masked-ae] sweep lam=0.2782559402207124 epoch 19/25 time=1.56s device=cuda
INFO:src.estimators.masked_ae:[masked-ae] sweep lam=0.2782559402207124 epoch 20/25 time=1.29s device=cuda
INFO:src.estimators.masked_ae:[masked-ae] sweep lam=0.2782559402207124 epoch 21/25 time=1.41s device=cuda
INFO:src.estimators.masked_ae:[masked-ae] sweep lam=0.2782559402207124 epoch 22/25 time=1.32s device=cuda
INFO:src.estimators.masked_ae:[masked-ae] sweep lam=0.2782559402207124 epoch 23/25 time=1.20s device=cuda
INFO:src.estimators.masked_ae:[masked-ae] sweep lam=0.2782559402207124 epoch 24/25 time=1.29s device=cuda
INFO:src.estimators.masked_ae:[masked-ae] sweep lam=0.2782559402207124 epoch 25/25 time=1.42s device=cuda
INFO:src.estimators.masked_ae:[masked-ae] sweep lam=0.46415888336127786 epoch 1/25 time=1.11s device=cuda
INFO:src.estimators.masked_ae:[masked-ae] sweep lam=0.46415888336127786 epoch 2/25 time=1.39s device=cuda
INFO:src.estimators.masked_ae:[masked-ae] sweep lam=0.46415888336127786 epoch 3/25 time=1.19s device=cuda
INFO:src.estimators.masked_ae:[masked-ae] sweep lam=0.46415888336127786 epoch 4/25 time=1.27s device=cuda
INFO:src.estimators.masked_ae:[masked-ae] sweep lam=0.46415888336127786 epoch 5/25 time=1.33s device=cuda
INFO:src.estimators.masked_ae:[masked-ae] sweep lam=0.46415888336127786 epoch 6/25 time=1.34s device=cuda
INFO:src.estimators.masked_ae:[masked-ae] sweep lam=0.46415888336127786 epoch 7/25 time=1.35s device=cuda
INFO:src.estimators.masked_ae:[masked-ae] sweep lam=0.46415888336127786 epoch 8/25 time=1.41s device=cuda
INFO:src.estimators.masked_ae:[masked-ae] sweep lam=0.46415888336127786 epoch 9/25 time=1.33s device=cuda
INFO:src.estimators.masked_ae:[masked-ae] sweep lam=0.46415888336127786 epoch 10/25 time=1.42s device=cuda
INFO:src.estimators.masked_ae:[masked-ae] sweep lam=0.46415888336127786 epoch 11/25 time=1.13s device=cuda
INFO:src.estimators.masked_ae:[masked-ae] sweep lam=0.46415888336127786 epoch 12/25 time=1.38s device=cuda
INFO:src.estimators.masked_ae:[masked-ae] sweep lam=0.46415888336127786 epoch 13/25 time=1.30s device=cuda
INFO:src.estimators.masked_ae:[masked-ae] sweep lam=0.46415888336127786 epoch 14/25 time=1.44s device=cuda
INFO:src.estimators.masked_ae:[masked-ae] sweep lam=0.46415888336127786 epoch 15/25 time=1.55s device=cuda
INFO:src.estimators.masked_ae:[masked-ae] sweep lam=0.46415888336127786 epoch 16/25 time=1.38s device=cuda
INFO:src.estimators.masked_ae:[masked-ae] sweep lam=0.46415888336127786 epoch 17/25 time=1.44s device=cuda
INFO:src.estimators.masked_ae:[masked-ae] sweep lam=0.46415888336127786 epoch 18/25 time=1.21s device=cuda
INFO:src.estimators.masked_ae:[masked-ae] sweep lam=0.46415888336127786 epoch 19/25 time=1.11s device=cuda
INFO:src.estimators.masked_ae:[masked-ae] sweep lam=0.46415888336127786 epoch 20/25 time=1.29s device=cuda
INFO:src.estimators.masked_ae:[masked-ae] sweep lam=0.46415888336127786 epoch 21/25 time=1.24s device=cuda
INFO:src.estimators.masked_ae:[masked-ae] sweep lam=0.46415888336127786 epoch 22/25 time=1.39s device=cuda
INFO:src.estimators.masked_ae:[masked-ae] sweep lam=0.46415888336127786 epoch 23/25 time=1.38s device=cuda
INFO:src.estimators.masked_ae:[masked-ae] sweep lam=0.46415888336127786 epoch 24/25 time=1.38s device=cuda
INFO:src.estimators.masked_ae:[masked-ae] sweep lam=0.46415888336127786 epoch 25/25 time=1.40s device=cuda
INFO:src.estimators.masked_ae:[masked-ae] sweep lam=0.774263682681127 epoch 1/25 time=1.41s device=cuda
INFO:src.estimators.masked_ae:[masked-ae] sweep lam=0.774263682681127 epoch 2/25 time=1.41s device=cuda
INFO:src.estimators.masked_ae:[masked-ae] sweep lam=0.774263682681127 epoch 3/25 time=1.41s device=cuda
INFO:src.estimators.masked_ae:[masked-ae] sweep lam=0.774263682681127 epoch 4/25 time=1.28s device=cuda
INFO:src.estimators.masked_ae:[masked-ae] sweep lam=0.774263682681127 epoch 5/25 time=1.23s device=cuda
INFO:src.estimators.masked_ae:[masked-ae] sweep lam=0.774263682681127 epoch 6/25 time=1.29s device=cuda
INFO:src.estimators.masked_ae:[masked-ae] sweep lam=0.774263682681127 epoch 7/25 time=1.34s device=cuda
INFO:src.estimators.masked_ae:[masked-ae] sweep lam=0.774263682681127 epoch 8/25 time=1.39s device=cuda
INFO:src.estimators.masked_ae:[masked-ae] sweep lam=0.774263682681127 epoch 9/25 time=1.34s device=cuda
INFO:src.estimators.masked_ae:[masked-ae] sweep lam=0.774263682681127 epoch 10/25 time=1.24s device=cuda
INFO:src.estimators.masked_ae:[masked-ae] sweep lam=0.774263682681127 epoch 11/25 time=1.42s device=cuda
INFO:src.estimators.masked_ae:[masked-ae] sweep lam=0.774263682681127 epoch 12/25 time=1.38s device=cuda
INFO:src.estimators.masked_ae:[masked-ae] sweep lam=0.774263682681127 epoch 13/25 time=1.22s device=cuda
INFO:src.estimators.masked_ae:[masked-ae] sweep lam=0.774263682681127 epoch 14/25 time=1.23s device=cuda
INFO:src.estimators.masked_ae:[masked-ae] sweep lam=0.774263682681127 epoch 15/25 time=1.32s device=cuda
INFO:src.estimators.masked_ae:[masked-ae] sweep lam=0.774263682681127 epoch 16/25 time=1.19s device=cuda
INFO:src.estimators.masked_ae:[masked-ae] sweep lam=0.774263682681127 epoch 17/25 time=1.48s device=cuda
INFO:src.estimators.masked_ae:[masked-ae] sweep lam=0.774263682681127 epoch 18/25 time=1.21s device=cuda
INFO:src.estimators.masked_ae:[masked-ae] sweep lam=0.774263682681127 epoch 19/25 time=1.29s device=cuda
INFO:src.estimators.masked_ae:[masked-ae] sweep lam=0.774263682681127 epoch 20/25 time=1.39s device=cuda
INFO:src.estimators.masked_ae:[masked-ae] sweep lam=0.774263682681127 epoch 21/25 time=1.42s device=cuda
INFO:src.estimators.masked_ae:[masked-ae] sweep lam=0.774263682681127 epoch 22/25 time=1.36s device=cuda
INFO:src.estimators.masked_ae:[masked-ae] sweep lam=0.774263682681127 epoch 23/25 time=1.17s device=cuda
INFO:src.estimators.masked_ae:[masked-ae] sweep lam=0.774263682681127 epoch 24/25 time=1.29s device=cuda
INFO:src.estimators.masked_ae:[masked-ae] sweep lam=0.774263682681127 epoch 25/25 time=1.36s device=cuda
INFO:src.estimators.masked_ae:[masked-ae] sweep lam=1.291549665014884 epoch 1/25 time=1.26s device=cuda
INFO:src.estimators.masked_ae:[masked-ae] sweep lam=1.291549665014884 epoch 2/25 time=1.28s device=cuda
INFO:src.estimators.masked_ae:[masked-ae] sweep lam=1.291549665014884 epoch 3/25 time=1.67s device=cuda
INFO:src.estimators.masked_ae:[masked-ae] sweep lam=1.291549665014884 epoch 4/25 time=1.21s device=cuda
INFO:src.estimators.masked_ae:[masked-ae] sweep lam=1.291549665014884 epoch 5/25 time=1.42s device=cuda
INFO:src.estimators.masked_ae:[masked-ae] sweep lam=1.291549665014884 epoch 6/25 time=1.57s device=cuda
INFO:src.estimators.masked_ae:[masked-ae] sweep lam=1.291549665014884 epoch 7/25 time=1.60s device=cuda
INFO:src.estimators.masked_ae:[masked-ae] sweep lam=1.291549665014884 epoch 8/25 time=1.47s device=cuda
INFO:src.estimators.masked_ae:[masked-ae] sweep lam=1.291549665014884 epoch 9/25 time=1.36s device=cuda
INFO:src.estimators.masked_ae:[masked-ae] sweep lam=1.291549665014884 epoch 10/25 time=1.30s device=cuda
INFO:src.estimators.masked_ae:[masked-ae] sweep lam=1.291549665014884 epoch 11/25 time=1.31s device=cuda
INFO:src.estimators.masked_ae:[masked-ae] sweep lam=1.291549665014884 epoch 12/25 time=1.42s device=cuda
INFO:src.estimators.masked_ae:[masked-ae] sweep lam=1.291549665014884 epoch 13/25 time=1.23s device=cuda
INFO:src.estimators.masked_ae:[masked-ae] sweep lam=1.291549665014884 epoch 14/25 time=1.08s device=cuda
INFO:src.estimators.masked_ae:[masked-ae] sweep lam=1.291549665014884 epoch 15/25 time=1.34s device=cuda
INFO:src.estimators.masked_ae:[masked-ae] sweep lam=1.291549665014884 epoch 16/25 time=1.35s device=cuda
INFO:src.estimators.masked_ae:[masked-ae] sweep lam=1.291549665014884 epoch 17/25 time=1.38s device=cuda
INFO:src.estimators.masked_ae:[masked-ae] sweep lam=1.291549665014884 epoch 18/25 time=1.55s device=cuda
INFO:src.estimators.masked_ae:[masked-ae] sweep lam=1.291549665014884 epoch 19/25 time=1.38s device=cuda
INFO:src.estimators.masked_ae:[masked-ae] sweep lam=1.291549665014884 epoch 20/25 time=1.12s device=cuda
INFO:src.estimators.masked_ae:[masked-ae] sweep lam=1.291549665014884 epoch 21/25 time=1.61s device=cuda
INFO:src.estimators.masked_ae:[masked-ae] sweep lam=1.291549665014884 epoch 22/25 time=1.30s device=cuda
INFO:src.estimators.masked_ae:[masked-ae] sweep lam=1.291549665014884 epoch 23/25 time=1.50s device=cuda
INFO:src.estimators.masked_ae:[masked-ae] sweep lam=1.291549665014884 epoch 24/25 time=1.26s device=cuda
INFO:src.estimators.masked_ae:[masked-ae] sweep lam=1.291549665014884 epoch 25/25 time=1.34s device=cuda
INFO:src.estimators.masked_ae:[masked-ae] sweep lam=2.1544346900318834 epoch 1/25 time=1.23s device=cuda
INFO:src.estimators.masked_ae:[masked-ae] sweep lam=2.1544346900318834 epoch 2/25 time=1.32s device=cuda
INFO:src.estimators.masked_ae:[masked-ae] sweep lam=2.1544346900318834 epoch 3/25 time=1.41s device=cuda
INFO:src.estimators.masked_ae:[masked-ae] sweep lam=2.1544346900318834 epoch 4/25 time=1.35s device=cuda
INFO:src.estimators.masked_ae:[masked-ae] sweep lam=2.1544346900318834 epoch 5/25 time=1.32s device=cuda
INFO:src.estimators.masked_ae:[masked-ae] sweep lam=2.1544346900318834 epoch 6/25 time=1.31s device=cuda
INFO:src.estimators.masked_ae:[masked-ae] sweep lam=2.1544346900318834 epoch 7/25 time=1.47s device=cuda
INFO:src.estimators.masked_ae:[masked-ae] sweep lam=2.1544346900318834 epoch 8/25 time=1.42s device=cuda
INFO:src.estimators.masked_ae:[masked-ae] sweep lam=2.1544346900318834 epoch 9/25 time=1.22s device=cuda
INFO:src.estimators.masked_ae:[masked-ae] sweep lam=2.1544346900318834 epoch 10/25 time=1.56s device=cuda
INFO:src.estimators.masked_ae:[masked-ae] sweep lam=2.1544346900318834 epoch 11/25 time=1.55s device=cuda
INFO:src.estimators.masked_ae:[masked-ae] sweep lam=2.1544346900318834 epoch 12/25 time=1.43s device=cuda
INFO:src.estimators.masked_ae:[masked-ae] sweep lam=2.1544346900318834 epoch 13/25 time=1.16s device=cuda
INFO:src.estimators.masked_ae:[masked-ae] sweep lam=2.1544346900318834 epoch 14/25 time=1.34s device=cuda
INFO:src.estimators.masked_ae:[masked-ae] sweep lam=2.1544346900318834 epoch 15/25 time=1.46s device=cuda
INFO:src.estimators.masked_ae:[masked-ae] sweep lam=2.1544346900318834 epoch 16/25 time=1.24s device=cuda
INFO:src.estimators.masked_ae:[masked-ae] sweep lam=2.1544346900318834 epoch 17/25 time=1.48s device=cuda
INFO:src.estimators.masked_ae:[masked-ae] sweep lam=2.1544346900318834 epoch 18/25 time=1.32s device=cuda
INFO:src.estimators.masked_ae:[masked-ae] sweep lam=2.1544346900318834 epoch 19/25 time=1.55s device=cuda
INFO:src.estimators.masked_ae:[masked-ae] sweep lam=2.1544346900318834 epoch 20/25 time=1.47s device=cuda
INFO:src.estimators.masked_ae:[masked-ae] sweep lam=2.1544346900318834 epoch 21/25 time=1.32s device=cuda
INFO:src.estimators.masked_ae:[masked-ae] sweep lam=2.1544346900318834 epoch 22/25 time=1.31s device=cuda
INFO:src.estimators.masked_ae:[masked-ae] sweep lam=2.1544346900318834 epoch 23/25 time=1.54s device=cuda
INFO:src.estimators.masked_ae:[masked-ae] sweep lam=2.1544346900318834 epoch 24/25 time=1.27s device=cuda
INFO:src.estimators.masked_ae:[masked-ae] sweep lam=2.1544346900318834 epoch 25/25 time=1.62s device=cuda
INFO:src.estimators.masked_ae:[masked-ae] sweep lam=3.593813663804626 epoch 1/25 time=1.50s device=cuda
INFO:src.estimators.masked_ae:[masked-ae] sweep lam=3.593813663804626 epoch 2/25 time=1.30s device=cuda
INFO:src.estimators.masked_ae:[masked-ae] sweep lam=3.593813663804626 epoch 3/25 time=1.33s device=cuda
INFO:src.estimators.masked_ae:[masked-ae] sweep lam=3.593813663804626 epoch 4/25 time=1.39s device=cuda
INFO:src.estimators.masked_ae:[masked-ae] sweep lam=3.593813663804626 epoch 5/25 time=1.32s device=cuda
INFO:src.estimators.masked_ae:[masked-ae] sweep lam=3.593813663804626 epoch 6/25 time=1.42s device=cuda
INFO:src.estimators.masked_ae:[masked-ae] sweep lam=3.593813663804626 epoch 7/25 time=1.36s device=cuda
INFO:src.estimators.masked_ae:[masked-ae] sweep lam=3.593813663804626 epoch 8/25 time=1.27s device=cuda
INFO:src.estimators.masked_ae:[masked-ae] sweep lam=3.593813663804626 epoch 9/25 time=1.44s device=cuda
INFO:src.estimators.masked_ae:[masked-ae] sweep lam=3.593813663804626 epoch 10/25 time=1.40s device=cuda
INFO:src.estimators.masked_ae:[masked-ae] sweep lam=3.593813663804626 epoch 11/25 time=1.44s device=cuda
INFO:src.estimators.masked_ae:[masked-ae] sweep lam=3.593813663804626 epoch 12/25 time=1.60s device=cuda
INFO:src.estimators.masked_ae:[masked-ae] sweep lam=3.593813663804626 epoch 13/25 time=1.48s device=cuda
INFO:src.estimators.masked_ae:[masked-ae] sweep lam=3.593813663804626 epoch 14/25 time=1.52s device=cuda
INFO:src.estimators.masked_ae:[masked-ae] sweep lam=3.593813663804626 epoch 15/25 time=1.42s device=cuda
INFO:src.estimators.masked_ae:[masked-ae] sweep lam=3.593813663804626 epoch 16/25 time=1.28s device=cuda
INFO:src.estimators.masked_ae:[masked-ae] sweep lam=3.593813663804626 epoch 17/25 time=1.13s device=cuda
INFO:src.estimators.masked_ae:[masked-ae] sweep lam=3.593813663804626 epoch 18/25 time=1.32s device=cuda
INFO:src.estimators.masked_ae:[masked-ae] sweep lam=3.593813663804626 epoch 19/25 time=1.20s device=cuda
INFO:src.estimators.masked_ae:[masked-ae] sweep lam=3.593813663804626 epoch 20/25 time=1.35s device=cuda
INFO:src.estimators.masked_ae:[masked-ae] sweep lam=3.593813663804626 epoch 21/25 time=1.64s device=cuda
INFO:src.estimators.masked_ae:[masked-ae] sweep lam=3.593813663804626 epoch 22/25 time=1.26s device=cuda
INFO:src.estimators.masked_ae:[masked-ae] sweep lam=3.593813663804626 epoch 23/25 time=1.27s device=cuda
INFO:src.estimators.masked_ae:[masked-ae] sweep lam=3.593813663804626 epoch 24/25 time=1.35s device=cuda
INFO:src.estimators.masked_ae:[masked-ae] sweep lam=3.593813663804626 epoch 25/25 time=1.35s device=cuda
INFO:src.estimators.masked_ae:[masked-ae] sweep lam=5.994842503189409 epoch 1/25 time=1.41s device=cuda
INFO:src.estimators.masked_ae:[masked-ae] sweep lam=5.994842503189409 epoch 2/25 time=1.36s device=cuda
INFO:src.estimators.masked_ae:[masked-ae] sweep lam=5.994842503189409 epoch 3/25 time=1.18s device=cuda
INFO:src.estimators.masked_ae:[masked-ae] sweep lam=5.994842503189409 epoch 4/25 time=1.32s device=cuda
INFO:src.estimators.masked_ae:[masked-ae] sweep lam=5.994842503189409 epoch 5/25 time=1.47s device=cuda
INFO:src.estimators.masked_ae:[masked-ae] sweep lam=5.994842503189409 epoch 6/25 time=1.50s device=cuda
INFO:src.estimators.masked_ae:[masked-ae] sweep lam=5.994842503189409 epoch 7/25 time=1.55s device=cuda
INFO:src.estimators.masked_ae:[masked-ae] sweep lam=5.994842503189409 epoch 8/25 time=1.17s device=cuda
INFO:src.estimators.masked_ae:[masked-ae] sweep lam=5.994842503189409 epoch 9/25 time=1.32s device=cuda
INFO:src.estimators.masked_ae:[masked-ae] sweep lam=5.994842503189409 epoch 10/25 time=1.39s device=cuda
INFO:src.estimators.masked_ae:[masked-ae] sweep lam=5.994842503189409 epoch 11/25 time=1.38s device=cuda
INFO:src.estimators.masked_ae:[masked-ae] sweep lam=5.994842503189409 epoch 12/25 time=1.41s device=cuda
INFO:src.estimators.masked_ae:[masked-ae] sweep lam=5.994842503189409 epoch 13/25 time=1.12s device=cuda
INFO:src.estimators.masked_ae:[masked-ae] sweep lam=5.994842503189409 epoch 14/25 time=1.16s device=cuda
INFO:src.estimators.masked_ae:[masked-ae] sweep lam=5.994842503189409 epoch 15/25 time=0.99s device=cuda
INFO:src.estimators.masked_ae:[masked-ae] sweep lam=5.994842503189409 epoch 16/25 time=1.52s device=cuda
INFO:src.estimators.masked_ae:[masked-ae] sweep lam=5.994842503189409 epoch 17/25 time=1.07s device=cuda
INFO:src.estimators.masked_ae:[masked-ae] sweep lam=5.994842503189409 epoch 18/25 time=1.37s device=cuda
INFO:src.estimators.masked_ae:[masked-ae] sweep lam=5.994842503189409 epoch 19/25 time=1.29s device=cuda
INFO:src.estimators.masked_ae:[masked-ae] sweep lam=5.994842503189409 epoch 20/25 time=1.31s device=cuda
INFO:src.estimators.masked_ae:[masked-ae] sweep lam=5.994842503189409 epoch 21/25 time=1.35s device=cuda
INFO:src.estimators.masked_ae:[masked-ae] sweep lam=5.994842503189409 epoch 22/25 time=1.44s device=cuda
INFO:src.estimators.masked_ae:[masked-ae] sweep lam=5.994842503189409 epoch 23/25 time=1.45s device=cuda
INFO:src.estimators.masked_ae:[masked-ae] sweep lam=5.994842503189409 epoch 24/25 time=1.45s device=cuda
INFO:src.estimators.masked_ae:[masked-ae] sweep lam=5.994842503189409 epoch 25/25 time=1.54s device=cuda
INFO:src.estimators.masked_ae:[masked-ae] sweep lam=10.0 epoch 1/25 time=1.40s device=cuda
INFO:src.estimators.masked_ae:[masked-ae] sweep lam=10.0 epoch 2/25 time=1.34s device=cuda
INFO:src.estimators.masked_ae:[masked-ae] sweep lam=10.0 epoch 3/25 time=1.29s device=cuda
INFO:src.estimators.masked_ae:[masked-ae] sweep lam=10.0 epoch 4/25 time=1.25s device=cuda
INFO:src.estimators.masked_ae:[masked-ae] sweep lam=10.0 epoch 5/25 time=1.45s device=cuda
INFO:src.estimators.masked_ae:[masked-ae] sweep lam=10.0 epoch 6/25 time=1.44s device=cuda
INFO:src.estimators.masked_ae:[masked-ae] sweep lam=10.0 epoch 7/25 time=1.28s device=cuda
INFO:src.estimators.masked_ae:[masked-ae] sweep lam=10.0 epoch 8/25 time=1.32s device=cuda
INFO:src.estimators.masked_ae:[masked-ae] sweep lam=10.0 epoch 9/25 time=1.51s device=cuda
INFO:src.estimators.masked_ae:[masked-ae] sweep lam=10.0 epoch 10/25 time=1.10s device=cuda
INFO:src.estimators.masked_ae:[masked-ae] sweep lam=10.0 epoch 11/25 time=1.27s device=cuda
INFO:src.estimators.masked_ae:[masked-ae] sweep lam=10.0 epoch 12/25 time=1.26s device=cuda
INFO:src.estimators.masked_ae:[masked-ae] sweep lam=10.0 epoch 13/25 time=1.18s device=cuda
INFO:src.estimators.masked_ae:[masked-ae] sweep lam=10.0 epoch 14/25 time=1.38s device=cuda
INFO:src.estimators.masked_ae:[masked-ae] sweep lam=10.0 epoch 15/25 time=1.10s device=cuda
INFO:src.estimators.masked_ae:[masked-ae] sweep lam=10.0 epoch 16/25 time=1.41s device=cuda
INFO:src.estimators.masked_ae:[masked-ae] sweep lam=10.0 epoch 17/25 time=1.36s device=cuda
INFO:src.estimators.masked_ae:[masked-ae] sweep lam=10.0 epoch 18/25 time=1.37s device=cuda
INFO:src.estimators.masked_ae:[masked-ae] sweep lam=10.0 epoch 19/25 time=1.52s device=cuda
INFO:src.estimators.masked_ae:[masked-ae] sweep lam=10.0 epoch 20/25 time=1.14s device=cuda
INFO:src.estimators.masked_ae:[masked-ae] sweep lam=10.0 epoch 21/25 time=1.26s device=cuda
INFO:src.estimators.masked_ae:[masked-ae] sweep lam=10.0 epoch 22/25 time=1.30s device=cuda
INFO:src.estimators.masked_ae:[masked-ae] sweep lam=10.0 epoch 23/25 time=1.28s device=cuda
INFO:src.estimators.masked_ae:[masked-ae] sweep lam=10.0 epoch 24/25 time=1.47s device=cuda
INFO:src.estimators.masked_ae:[masked-ae] sweep lam=10.0 epoch 25/25 time=1.31s device=cuda
INFO:src.estimators.masked_ae:[masked-ae] retrain epoch 1/10 time=1.40s device=cuda
INFO:src.estimators.masked_ae:[masked-ae] retrain epoch 2/10 time=1.41s device=cuda
INFO:src.estimators.masked_ae:[masked-ae] retrain epoch 3/10 time=1.38s device=cuda
INFO:src.estimators.masked_ae:[masked-ae] retrain epoch 4/10 time=1.61s device=cuda
INFO:src.estimators.masked_ae:[masked-ae] retrain epoch 5/10 time=1.27s device=cuda
INFO:src.estimators.masked_ae:[masked-ae] retrain epoch 6/10 time=1.40s device=cuda
INFO:src.estimators.masked_ae:[masked-ae] retrain epoch 7/10 time=1.46s device=cuda
INFO:src.estimators.masked_ae:[masked-ae] retrain epoch 8/10 time=1.56s device=cuda
INFO:src.estimators.masked_ae:[masked-ae] retrain epoch 9/10 time=1.56s device=cuda
INFO:src.estimators.masked_ae:[masked-ae] retrain epoch 10/10 time=1.37s device=cuda
INFO:repair_masked_ae:Group ('mnist', 15, 0.5, 0) repaired: estimate=19.0 elapsed_s=368.90 device=cuda samples=60000 rows=5
INFO:repair_masked_ae:Processing group key=('mnist', 15, 0.75, 0) with 5 rows; example row 835
INFO:src.estimators.masked_ae:[masked-ae] pretrain epoch 1/10 time=1.20s device=cuda
INFO:src.estimators.masked_ae:[masked-ae] pretrain epoch 2/10 time=1.25s device=cuda
INFO:src.estimators.masked_ae:[masked-ae] pretrain epoch 3/10 time=1.27s device=cuda
INFO:src.estimators.masked_ae:[masked-ae] pretrain epoch 4/10 time=1.19s device=cuda
INFO:src.estimators.masked_ae:[masked-ae] pretrain epoch 5/10 time=1.25s device=cuda
INFO:src.estimators.masked_ae:[masked-ae] pretrain epoch 6/10 time=1.40s device=cuda
INFO:src.estimators.masked_ae:[masked-ae] pretrain epoch 7/10 time=1.26s device=cuda
INFO:src.estimators.masked_ae:[masked-ae] pretrain epoch 8/10 time=1.35s device=cuda
INFO:src.estimators.masked_ae:[masked-ae] pretrain epoch 9/10 time=1.28s device=cuda
INFO:src.estimators.masked_ae:[masked-ae] pretrain epoch 10/10 time=1.56s device=cuda
INFO:src.estimators.masked_ae:[masked-ae] sweep lam=0.1 epoch 1/25 time=1.41s device=cuda
INFO:src.estimators.masked_ae:[masked-ae] sweep lam=0.1 epoch 2/25 time=1.35s device=cuda
INFO:src.estimators.masked_ae:[masked-ae] sweep lam=0.1 epoch 3/25 time=1.48s device=cuda
INFO:src.estimators.masked_ae:[masked-ae] sweep lam=0.1 epoch 4/25 time=1.54s device=cuda
INFO:src.estimators.masked_ae:[masked-ae] sweep lam=0.1 epoch 5/25 time=1.31s device=cuda
INFO:src.estimators.masked_ae:[masked-ae] sweep lam=0.1 epoch 6/25 time=1.40s device=cuda
INFO:src.estimators.masked_ae:[masked-ae] sweep lam=0.1 epoch 7/25 time=1.42s device=cuda
INFO:src.estimators.masked_ae:[masked-ae] sweep lam=0.1 epoch 8/25 time=1.42s device=cuda
INFO:src.estimators.masked_ae:[masked-ae] sweep lam=0.1 epoch 9/25 time=1.37s device=cuda
INFO:src.estimators.masked_ae:[masked-ae] sweep lam=0.1 epoch 10/25 time=1.28s device=cuda
INFO:src.estimators.masked_ae:[masked-ae] sweep lam=0.1 epoch 11/25 time=1.55s device=cuda
INFO:src.estimators.masked_ae:[masked-ae] sweep lam=0.1 epoch 12/25 time=1.39s device=cuda
INFO:src.estimators.masked_ae:[masked-ae] sweep lam=0.1 epoch 13/25 time=1.07s device=cuda
INFO:src.estimators.masked_ae:[masked-ae] sweep lam=0.1 epoch 14/25 time=1.31s device=cuda
INFO:src.estimators.masked_ae:[masked-ae] sweep lam=0.1 epoch 15/25 time=1.32s device=cuda
INFO:src.estimators.masked_ae:[masked-ae] sweep lam=0.1 epoch 16/25 time=1.15s device=cuda
INFO:src.estimators.masked_ae:[masked-ae] sweep lam=0.1 epoch 17/25 time=1.27s device=cuda
INFO:src.estimators.masked_ae:[masked-ae] sweep lam=0.1 epoch 18/25 time=1.43s device=cuda
INFO:src.estimators.masked_ae:[masked-ae] sweep lam=0.1 epoch 19/25 time=1.04s device=cuda
INFO:src.estimators.masked_ae:[masked-ae] sweep lam=0.1 epoch 20/25 time=1.28s device=cuda
INFO:src.estimators.masked_ae:[masked-ae] sweep lam=0.1 epoch 21/25 time=1.42s device=cuda
INFO:src.estimators.masked_ae:[masked-ae] sweep lam=0.1 epoch 22/25 time=1.12s device=cuda
INFO:src.estimators.masked_ae:[masked-ae] sweep lam=0.1 epoch 23/25 time=1.31s device=cuda
INFO:src.estimators.masked_ae:[masked-ae] sweep lam=0.1 epoch 24/25 time=1.37s device=cuda
INFO:src.estimators.masked_ae:[masked-ae] sweep lam=0.1 epoch 25/25 time=1.24s device=cuda
INFO:src.estimators.masked_ae:[masked-ae] sweep lam=0.16681005372000587 epoch 1/25 time=1.46s device=cuda
INFO:src.estimators.masked_ae:[masked-ae] sweep lam=0.16681005372000587 epoch 2/25 time=1.22s device=cuda
INFO:src.estimators.masked_ae:[masked-ae] sweep lam=0.16681005372000587 epoch 3/25 time=1.22s device=cuda
INFO:src.estimators.masked_ae:[masked-ae] sweep lam=0.16681005372000587 epoch 4/25 time=1.22s device=cuda
INFO:src.estimators.masked_ae:[masked-ae] sweep lam=0.16681005372000587 epoch 5/25 time=1.42s device=cuda
INFO:src.estimators.masked_ae:[masked-ae] sweep lam=0.16681005372000587 epoch 6/25 time=1.34s device=cuda
INFO:src.estimators.masked_ae:[masked-ae] sweep lam=0.16681005372000587 epoch 7/25 time=1.27s device=cuda
INFO:src.estimators.masked_ae:[masked-ae] sweep lam=0.16681005372000587 epoch 8/25 time=1.29s device=cuda
INFO:src.estimators.masked_ae:[masked-ae] sweep lam=0.16681005372000587 epoch 9/25 time=1.24s device=cuda
INFO:src.estimators.masked_ae:[masked-ae] sweep lam=0.16681005372000587 epoch 10/25 time=1.27s device=cuda
INFO:src.estimators.masked_ae:[masked-ae] sweep lam=0.16681005372000587 epoch 11/25 time=1.20s device=cuda
INFO:src.estimators.masked_ae:[masked-ae] sweep lam=0.16681005372000587 epoch 12/25 time=1.22s device=cuda
INFO:src.estimators.masked_ae:[masked-ae] sweep lam=0.16681005372000587 epoch 13/25 time=1.46s device=cuda
INFO:src.estimators.masked_ae:[masked-ae] sweep lam=0.16681005372000587 epoch 14/25 time=1.41s device=cuda
INFO:src.estimators.masked_ae:[masked-ae] sweep lam=0.16681005372000587 epoch 15/25 time=1.35s device=cuda
INFO:src.estimators.masked_ae:[masked-ae] sweep lam=0.16681005372000587 epoch 16/25 time=1.40s device=cuda
INFO:src.estimators.masked_ae:[masked-ae] sweep lam=0.16681005372000587 epoch 17/25 time=1.33s device=cuda
INFO:src.estimators.masked_ae:[masked-ae] sweep lam=0.16681005372000587 epoch 18/25 time=1.49s device=cuda
INFO:src.estimators.masked_ae:[masked-ae] sweep lam=0.16681005372000587 epoch 19/25 time=1.15s device=cuda
INFO:src.estimators.masked_ae:[masked-ae] sweep lam=0.16681005372000587 epoch 20/25 time=1.66s device=cuda
INFO:src.estimators.masked_ae:[masked-ae] sweep lam=0.16681005372000587 epoch 21/25 time=1.32s device=cuda
INFO:src.estimators.masked_ae:[masked-ae] sweep lam=0.16681005372000587 epoch 22/25 time=1.59s device=cuda
INFO:src.estimators.masked_ae:[masked-ae] sweep lam=0.16681005372000587 epoch 23/25 time=1.29s device=cuda
INFO:src.estimators.masked_ae:[masked-ae] sweep lam=0.16681005372000587 epoch 24/25 time=1.30s device=cuda
INFO:src.estimators.masked_ae:[masked-ae] sweep lam=0.16681005372000587 epoch 25/25 time=1.36s device=cuda
INFO:src.estimators.masked_ae:[masked-ae] sweep lam=0.2782559402207124 epoch 1/25 time=1.21s device=cuda
INFO:src.estimators.masked_ae:[masked-ae] sweep lam=0.2782559402207124 epoch 2/25 time=1.17s device=cuda
INFO:src.estimators.masked_ae:[masked-ae] sweep lam=0.2782559402207124 epoch 3/25 time=1.29s device=cuda
INFO:src.estimators.masked_ae:[masked-ae] sweep lam=0.2782559402207124 epoch 4/25 time=1.09s device=cuda
INFO:src.estimators.masked_ae:[masked-ae] sweep lam=0.2782559402207124 epoch 5/25 time=1.37s device=cuda
INFO:src.estimators.masked_ae:[masked-ae] sweep lam=0.2782559402207124 epoch 6/25 time=1.51s device=cuda
INFO:src.estimators.masked_ae:[masked-ae] sweep lam=0.2782559402207124 epoch 7/25 time=1.17s device=cuda
INFO:src.estimators.masked_ae:[masked-ae] sweep lam=0.2782559402207124 epoch 8/25 time=1.45s device=cuda
INFO:src.estimators.masked_ae:[masked-ae] sweep lam=0.2782559402207124 epoch 9/25 time=1.32s device=cuda
INFO:src.estimators.masked_ae:[masked-ae] sweep lam=0.2782559402207124 epoch 10/25 time=1.33s device=cuda
INFO:src.estimators.masked_ae:[masked-ae] sweep lam=0.2782559402207124 epoch 11/25 time=1.24s device=cuda
INFO:src.estimators.masked_ae:[masked-ae] sweep lam=0.2782559402207124 epoch 12/25 time=1.35s device=cuda
INFO:src.estimators.masked_ae:[masked-ae] sweep lam=0.2782559402207124 epoch 13/25 time=1.29s device=cuda
INFO:src.estimators.masked_ae:[masked-ae] sweep lam=0.2782559402207124 epoch 14/25 time=1.49s device=cuda
INFO:src.estimators.masked_ae:[masked-ae] sweep lam=0.2782559402207124 epoch 15/25 time=1.47s device=cuda
INFO:src.estimators.masked_ae:[masked-ae] sweep lam=0.2782559402207124 epoch 16/25 time=1.66s device=cuda
INFO:src.estimators.masked_ae:[masked-ae] sweep lam=0.2782559402207124 epoch 17/25 time=1.39s device=cuda
INFO:src.estimators.masked_ae:[masked-ae] sweep lam=0.2782559402207124 epoch 18/25 time=1.38s device=cuda
INFO:src.estimators.masked_ae:[masked-ae] sweep lam=0.2782559402207124 epoch 19/25 time=1.19s device=cuda
INFO:src.estimators.masked_ae:[masked-ae] sweep lam=0.2782559402207124 epoch 20/25 time=1.20s device=cuda
INFO:src.estimators.masked_ae:[masked-ae] sweep lam=0.2782559402207124 epoch 21/25 time=1.32s device=cuda
INFO:src.estimators.masked_ae:[masked-ae] sweep lam=0.2782559402207124 epoch 22/25 time=1.23s device=cuda
INFO:src.estimators.masked_ae:[masked-ae] sweep lam=0.2782559402207124 epoch 23/25 time=1.42s device=cuda
INFO:src.estimators.masked_ae:[masked-ae] sweep lam=0.2782559402207124 epoch 24/25 time=1.40s device=cuda
INFO:src.estimators.masked_ae:[masked-ae] sweep lam=0.2782559402207124 epoch 25/25 time=1.49s device=cuda
INFO:src.estimators.masked_ae:[masked-ae] sweep lam=0.46415888336127786 epoch 1/25 time=1.22s device=cuda
INFO:src.estimators.masked_ae:[masked-ae] sweep lam=0.46415888336127786 epoch 2/25 time=1.49s device=cuda
INFO:src.estimators.masked_ae:[masked-ae] sweep lam=0.46415888336127786 epoch 3/25 time=1.27s device=cuda
INFO:src.estimators.masked_ae:[masked-ae] sweep lam=0.46415888336127786 epoch 4/25 time=1.21s device=cuda
INFO:src.estimators.masked_ae:[masked-ae] sweep lam=0.46415888336127786 epoch 5/25 time=1.40s device=cuda
INFO:src.estimators.masked_ae:[masked-ae] sweep lam=0.46415888336127786 epoch 6/25 time=1.18s device=cuda
INFO:src.estimators.masked_ae:[masked-ae] sweep lam=0.46415888336127786 epoch 7/25 time=1.41s device=cuda
INFO:src.estimators.masked_ae:[masked-ae] sweep lam=0.46415888336127786 epoch 8/25 time=1.08s device=cuda
INFO:src.estimators.masked_ae:[masked-ae] sweep lam=0.46415888336127786 epoch 9/25 time=1.32s device=cuda
INFO:src.estimators.masked_ae:[masked-ae] sweep lam=0.46415888336127786 epoch 10/25 time=1.40s device=cuda
INFO:src.estimators.masked_ae:[masked-ae] sweep lam=0.46415888336127786 epoch 11/25 time=1.40s device=cuda
INFO:src.estimators.masked_ae:[masked-ae] sweep lam=0.46415888336127786 epoch 12/25 time=1.28s device=cuda
INFO:src.estimators.masked_ae:[masked-ae] sweep lam=0.46415888336127786 epoch 13/25 time=1.42s device=cuda
INFO:src.estimators.masked_ae:[masked-ae] sweep lam=0.46415888336127786 epoch 14/25 time=1.46s device=cuda
INFO:src.estimators.masked_ae:[masked-ae] sweep lam=0.46415888336127786 epoch 15/25 time=1.20s device=cuda
INFO:src.estimators.masked_ae:[masked-ae] sweep lam=0.46415888336127786 epoch 16/25 time=1.25s device=cuda
INFO:src.estimators.masked_ae:[masked-ae] sweep lam=0.46415888336127786 epoch 17/25 time=1.35s device=cuda
INFO:src.estimators.masked_ae:[masked-ae] sweep lam=0.46415888336127786 epoch 18/25 time=1.44s device=cuda
INFO:src.estimators.masked_ae:[masked-ae] sweep lam=0.46415888336127786 epoch 19/25 time=1.15s device=cuda
INFO:src.estimators.masked_ae:[masked-ae] sweep lam=0.46415888336127786 epoch 20/25 time=1.18s device=cuda
INFO:src.estimators.masked_ae:[masked-ae] sweep lam=0.46415888336127786 epoch 21/25 time=1.23s device=cuda
INFO:src.estimators.masked_ae:[masked-ae] sweep lam=0.46415888336127786 epoch 22/25 time=1.13s device=cuda
INFO:src.estimators.masked_ae:[masked-ae] sweep lam=0.46415888336127786 epoch 23/25 time=1.17s device=cuda
INFO:src.estimators.masked_ae:[masked-ae] sweep lam=0.46415888336127786 epoch 24/25 time=1.32s device=cuda
INFO:src.estimators.masked_ae:[masked-ae] sweep lam=0.46415888336127786 epoch 25/25 time=1.27s device=cuda
INFO:src.estimators.masked_ae:[masked-ae] sweep lam=0.774263682681127 epoch 1/25 time=1.36s device=cuda
INFO:src.estimators.masked_ae:[masked-ae] sweep lam=0.774263682681127 epoch 2/25 time=1.26s device=cuda
INFO:src.estimators.masked_ae:[masked-ae] sweep lam=0.774263682681127 epoch 3/25 time=1.34s device=cuda
INFO:src.estimators.masked_ae:[masked-ae] sweep lam=0.774263682681127 epoch 4/25 time=1.34s device=cuda
INFO:src.estimators.masked_ae:[masked-ae] sweep lam=0.774263682681127 epoch 5/25 time=1.36s device=cuda
INFO:src.estimators.masked_ae:[masked-ae] sweep lam=0.774263682681127 epoch 6/25 time=1.25s device=cuda
INFO:src.estimators.masked_ae:[masked-ae] sweep lam=0.774263682681127 epoch 7/25 time=1.37s device=cuda
INFO:src.estimators.masked_ae:[masked-ae] sweep lam=0.774263682681127 epoch 8/25 time=1.38s device=cuda
INFO:src.estimators.masked_ae:[masked-ae] sweep lam=0.774263682681127 epoch 9/25 time=1.42s device=cuda
INFO:src.estimators.masked_ae:[masked-ae] sweep lam=0.774263682681127 epoch 10/25 time=1.33s device=cuda
INFO:src.estimators.masked_ae:[masked-ae] sweep lam=0.774263682681127 epoch 11/25 time=1.30s device=cuda
INFO:src.estimators.masked_ae:[masked-ae] sweep lam=0.774263682681127 epoch 12/25 time=1.24s device=cuda
INFO:src.estimators.masked_ae:[masked-ae] sweep lam=0.774263682681127 epoch 13/25 time=1.44s device=cuda
INFO:src.estimators.masked_ae:[masked-ae] sweep lam=0.774263682681127 epoch 14/25 time=1.55s device=cuda
INFO:src.estimators.masked_ae:[masked-ae] sweep lam=0.774263682681127 epoch 15/25 time=1.40s device=cuda
INFO:src.estimators.masked_ae:[masked-ae] sweep lam=0.774263682681127 epoch 16/25 time=1.34s device=cuda
INFO:src.estimators.masked_ae:[masked-ae] sweep lam=0.774263682681127 epoch 17/25 time=1.51s device=cuda
INFO:src.estimators.masked_ae:[masked-ae] sweep lam=0.774263682681127 epoch 18/25 time=1.48s device=cuda
INFO:src.estimators.masked_ae:[masked-ae] sweep lam=0.774263682681127 epoch 19/25 time=1.47s device=cuda
INFO:src.estimators.masked_ae:[masked-ae] sweep lam=0.774263682681127 epoch 20/25 time=1.43s device=cuda
INFO:src.estimators.masked_ae:[masked-ae] sweep lam=0.774263682681127 epoch 21/25 time=1.38s device=cuda
INFO:src.estimators.masked_ae:[masked-ae] sweep lam=0.774263682681127 epoch 22/25 time=1.39s device=cuda
INFO:src.estimators.masked_ae:[masked-ae] sweep lam=0.774263682681127 epoch 23/25 time=1.54s device=cuda
INFO:src.estimators.masked_ae:[masked-ae] sweep lam=0.774263682681127 epoch 24/25 time=1.28s device=cuda
INFO:src.estimators.masked_ae:[masked-ae] sweep lam=0.774263682681127 epoch 25/25 time=1.36s device=cuda
INFO:src.estimators.masked_ae:[masked-ae] sweep lam=1.291549665014884 epoch 1/25 time=1.39s device=cuda
INFO:src.estimators.masked_ae:[masked-ae] sweep lam=1.291549665014884 epoch 2/25 time=1.30s device=cuda
INFO:src.estimators.masked_ae:[masked-ae] sweep lam=1.291549665014884 epoch 3/25 time=1.54s device=cuda
INFO:src.estimators.masked_ae:[masked-ae] sweep lam=1.291549665014884 epoch 4/25 time=1.36s device=cuda
INFO:src.estimators.masked_ae:[masked-ae] sweep lam=1.291549665014884 epoch 5/25 time=1.26s device=cuda
INFO:src.estimators.masked_ae:[masked-ae] sweep lam=1.291549665014884 epoch 6/25 time=1.36s device=cuda
INFO:src.estimators.masked_ae:[masked-ae] sweep lam=1.291549665014884 epoch 7/25 time=1.35s device=cuda
INFO:src.estimators.masked_ae:[masked-ae] sweep lam=1.291549665014884 epoch 8/25 time=1.48s device=cuda
INFO:src.estimators.masked_ae:[masked-ae] sweep lam=1.291549665014884 epoch 9/25 time=1.51s device=cuda
INFO:src.estimators.masked_ae:[masked-ae] sweep lam=1.291549665014884 epoch 10/25 time=1.26s device=cuda
INFO:src.estimators.masked_ae:[masked-ae] sweep lam=1.291549665014884 epoch 11/25 time=1.38s device=cuda
INFO:src.estimators.masked_ae:[masked-ae] sweep lam=1.291549665014884 epoch 12/25 time=1.41s device=cuda
INFO:src.estimators.masked_ae:[masked-ae] sweep lam=1.291549665014884 epoch 13/25 time=1.41s device=cuda
INFO:src.estimators.masked_ae:[masked-ae] sweep lam=1.291549665014884 epoch 14/25 time=1.35s device=cuda
INFO:src.estimators.masked_ae:[masked-ae] sweep lam=1.291549665014884 epoch 15/25 time=1.32s device=cuda
INFO:src.estimators.masked_ae:[masked-ae] sweep lam=1.291549665014884 epoch 16/25 time=1.61s device=cuda
INFO:src.estimators.masked_ae:[masked-ae] sweep lam=1.291549665014884 epoch 17/25 time=1.29s device=cuda
INFO:src.estimators.masked_ae:[masked-ae] sweep lam=1.291549665014884 epoch 18/25 time=1.25s device=cuda
INFO:src.estimators.masked_ae:[masked-ae] sweep lam=1.291549665014884 epoch 19/25 time=1.34s device=cuda
INFO:src.estimators.masked_ae:[masked-ae] sweep lam=1.291549665014884 epoch 20/25 time=1.50s device=cuda
INFO:src.estimators.masked_ae:[masked-ae] sweep lam=1.291549665014884 epoch 21/25 time=1.19s device=cuda
INFO:src.estimators.masked_ae:[masked-ae] sweep lam=1.291549665014884 epoch 22/25 time=1.15s device=cuda
INFO:src.estimators.masked_ae:[masked-ae] sweep lam=1.291549665014884 epoch 23/25 time=1.36s device=cuda
INFO:src.estimators.masked_ae:[masked-ae] sweep lam=1.291549665014884 epoch 24/25 time=1.34s device=cuda
INFO:src.estimators.masked_ae:[masked-ae] sweep lam=1.291549665014884 epoch 25/25 time=1.48s device=cuda
INFO:src.estimators.masked_ae:[masked-ae] sweep lam=2.1544346900318834 epoch 1/25 time=1.39s device=cuda
INFO:src.estimators.masked_ae:[masked-ae] sweep lam=2.1544346900318834 epoch 2/25 time=1.22s device=cuda
INFO:src.estimators.masked_ae:[masked-ae] sweep lam=2.1544346900318834 epoch 3/25 time=1.39s device=cuda
INFO:src.estimators.masked_ae:[masked-ae] sweep lam=2.1544346900318834 epoch 4/25 time=1.50s device=cuda
INFO:src.estimators.masked_ae:[masked-ae] sweep lam=2.1544346900318834 epoch 5/25 time=1.36s device=cuda
INFO:src.estimators.masked_ae:[masked-ae] sweep lam=2.1544346900318834 epoch 6/25 time=1.42s device=cuda
INFO:src.estimators.masked_ae:[masked-ae] sweep lam=2.1544346900318834 epoch 7/25 time=1.51s device=cuda
INFO:src.estimators.masked_ae:[masked-ae] sweep lam=2.1544346900318834 epoch 8/25 time=1.47s device=cuda
INFO:src.estimators.masked_ae:[masked-ae] sweep lam=2.1544346900318834 epoch 9/25 time=1.34s device=cuda
INFO:src.estimators.masked_ae:[masked-ae] sweep lam=2.1544346900318834 epoch 10/25 time=1.40s device=cuda
INFO:src.estimators.masked_ae:[masked-ae] sweep lam=2.1544346900318834 epoch 11/25 time=1.50s device=cuda
INFO:src.estimators.masked_ae:[masked-ae] sweep lam=2.1544346900318834 epoch 12/25 time=1.46s device=cuda
INFO:src.estimators.masked_ae:[masked-ae] sweep lam=2.1544346900318834 epoch 13/25 time=1.27s device=cuda
INFO:src.estimators.masked_ae:[masked-ae] sweep lam=2.1544346900318834 epoch 14/25 time=1.55s device=cuda
INFO:src.estimators.masked_ae:[masked-ae] sweep lam=2.1544346900318834 epoch 15/25 time=1.26s device=cuda
INFO:src.estimators.masked_ae:[masked-ae] sweep lam=2.1544346900318834 epoch 16/25 time=1.43s device=cuda
INFO:src.estimators.masked_ae:[masked-ae] sweep lam=2.1544346900318834 epoch 17/25 time=1.42s device=cuda
INFO:src.estimators.masked_ae:[masked-ae] sweep lam=2.1544346900318834 epoch 18/25 time=1.34s device=cuda
INFO:src.estimators.masked_ae:[masked-ae] sweep lam=2.1544346900318834 epoch 19/25 time=1.60s device=cuda
INFO:src.estimators.masked_ae:[masked-ae] sweep lam=2.1544346900318834 epoch 20/25 time=1.27s device=cuda
INFO:src.estimators.masked_ae:[masked-ae] sweep lam=2.1544346900318834 epoch 21/25 time=1.39s device=cuda
INFO:src.estimators.masked_ae:[masked-ae] sweep lam=2.1544346900318834 epoch 22/25 time=1.38s device=cuda
INFO:src.estimators.masked_ae:[masked-ae] sweep lam=2.1544346900318834 epoch 23/25 time=1.18s device=cuda
INFO:src.estimators.masked_ae:[masked-ae] sweep lam=2.1544346900318834 epoch 24/25 time=1.33s device=cuda
INFO:src.estimators.masked_ae:[masked-ae] sweep lam=2.1544346900318834 epoch 25/25 time=1.44s device=cuda
INFO:src.estimators.masked_ae:[masked-ae] sweep lam=3.593813663804626 epoch 1/25 time=1.25s device=cuda
INFO:src.estimators.masked_ae:[masked-ae] sweep lam=3.593813663804626 epoch 2/25 time=1.43s device=cuda
INFO:src.estimators.masked_ae:[masked-ae] sweep lam=3.593813663804626 epoch 3/25 time=1.25s device=cuda
INFO:src.estimators.masked_ae:[masked-ae] sweep lam=3.593813663804626 epoch 4/25 time=1.23s device=cuda
INFO:src.estimators.masked_ae:[masked-ae] sweep lam=3.593813663804626 epoch 5/25 time=1.14s device=cuda
INFO:src.estimators.masked_ae:[masked-ae] sweep lam=3.593813663804626 epoch 6/25 time=1.29s device=cuda
INFO:src.estimators.masked_ae:[masked-ae] sweep lam=3.593813663804626 epoch 7/25 time=1.25s device=cuda
INFO:src.estimators.masked_ae:[masked-ae] sweep lam=3.593813663804626 epoch 8/25 time=1.43s device=cuda
INFO:src.estimators.masked_ae:[masked-ae] sweep lam=3.593813663804626 epoch 9/25 time=1.30s device=cuda
INFO:src.estimators.masked_ae:[masked-ae] sweep lam=3.593813663804626 epoch 10/25 time=1.42s device=cuda
INFO:src.estimators.masked_ae:[masked-ae] sweep lam=3.593813663804626 epoch 11/25 time=1.25s device=cuda
INFO:src.estimators.masked_ae:[masked-ae] sweep lam=3.593813663804626 epoch 12/25 time=1.31s device=cuda
INFO:src.estimators.masked_ae:[masked-ae] sweep lam=3.593813663804626 epoch 13/25 time=1.29s device=cuda
INFO:src.estimators.masked_ae:[masked-ae] sweep lam=3.593813663804626 epoch 14/25 time=1.41s device=cuda
INFO:src.estimators.masked_ae:[masked-ae] sweep lam=3.593813663804626 epoch 15/25 time=1.37s device=cuda
INFO:src.estimators.masked_ae:[masked-ae] sweep lam=3.593813663804626 epoch 16/25 time=1.34s device=cuda
INFO:src.estimators.masked_ae:[masked-ae] sweep lam=3.593813663804626 epoch 17/25 time=1.33s device=cuda
INFO:src.estimators.masked_ae:[masked-ae] sweep lam=3.593813663804626 epoch 18/25 time=1.36s device=cuda
INFO:src.estimators.masked_ae:[masked-ae] sweep lam=3.593813663804626 epoch 19/25 time=1.44s device=cuda
INFO:src.estimators.masked_ae:[masked-ae] sweep lam=3.593813663804626 epoch 20/25 time=1.23s device=cuda
INFO:src.estimators.masked_ae:[masked-ae] sweep lam=3.593813663804626 epoch 21/25 time=1.49s device=cuda
INFO:src.estimators.masked_ae:[masked-ae] sweep lam=3.593813663804626 epoch 22/25 time=1.32s device=cuda
INFO:src.estimators.masked_ae:[masked-ae] sweep lam=3.593813663804626 epoch 23/25 time=1.37s device=cuda
INFO:src.estimators.masked_ae:[masked-ae] sweep lam=3.593813663804626 epoch 24/25 time=1.23s device=cuda
INFO:src.estimators.masked_ae:[masked-ae] sweep lam=3.593813663804626 epoch 25/25 time=1.40s device=cuda
INFO:src.estimators.masked_ae:[masked-ae] sweep lam=5.994842503189409 epoch 1/25 time=1.25s device=cuda
INFO:src.estimators.masked_ae:[masked-ae] sweep lam=5.994842503189409 epoch 2/25 time=1.43s device=cuda
INFO:src.estimators.masked_ae:[masked-ae] sweep lam=5.994842503189409 epoch 3/25 time=1.50s device=cuda
INFO:src.estimators.masked_ae:[masked-ae] sweep lam=5.994842503189409 epoch 4/25 time=1.31s device=cuda
INFO:src.estimators.masked_ae:[masked-ae] sweep lam=5.994842503189409 epoch 5/25 time=1.35s device=cuda
INFO:src.estimators.masked_ae:[masked-ae] sweep lam=5.994842503189409 epoch 6/25 time=1.50s device=cuda
INFO:src.estimators.masked_ae:[masked-ae] sweep lam=5.994842503189409 epoch 7/25 time=1.44s device=cuda
INFO:src.estimators.masked_ae:[masked-ae] sweep lam=5.994842503189409 epoch 8/25 time=1.33s device=cuda
INFO:src.estimators.masked_ae:[masked-ae] sweep lam=5.994842503189409 epoch 9/25 time=1.37s device=cuda
INFO:src.estimators.masked_ae:[masked-ae] sweep lam=5.994842503189409 epoch 10/25 time=1.33s device=cuda
INFO:src.estimators.masked_ae:[masked-ae] sweep lam=5.994842503189409 epoch 11/25 time=1.28s device=cuda
INFO:src.estimators.masked_ae:[masked-ae] sweep lam=5.994842503189409 epoch 12/25 time=1.24s device=cuda
INFO:src.estimators.masked_ae:[masked-ae] sweep lam=5.994842503189409 epoch 13/25 time=1.37s device=cuda
INFO:src.estimators.masked_ae:[masked-ae] sweep lam=5.994842503189409 epoch 14/25 time=1.16s device=cuda
INFO:src.estimators.masked_ae:[masked-ae] sweep lam=5.994842503189409 epoch 15/25 time=1.11s device=cuda
INFO:src.estimators.masked_ae:[masked-ae] sweep lam=5.994842503189409 epoch 16/25 time=1.31s device=cuda
INFO:src.estimators.masked_ae:[masked-ae] sweep lam=5.994842503189409 epoch 17/25 time=1.36s device=cuda
INFO:src.estimators.masked_ae:[masked-ae] sweep lam=5.994842503189409 epoch 18/25 time=1.31s device=cuda
INFO:src.estimators.masked_ae:[masked-ae] sweep lam=5.994842503189409 epoch 19/25 time=1.30s device=cuda
INFO:src.estimators.masked_ae:[masked-ae] sweep lam=5.994842503189409 epoch 20/25 time=1.17s device=cuda
INFO:src.estimators.masked_ae:[masked-ae] sweep lam=5.994842503189409 epoch 21/25 time=1.40s device=cuda
INFO:src.estimators.masked_ae:[masked-ae] sweep lam=5.994842503189409 epoch 22/25 time=1.33s device=cuda
INFO:src.estimators.masked_ae:[masked-ae] sweep lam=5.994842503189409 epoch 23/25 time=1.26s device=cuda
INFO:src.estimators.masked_ae:[masked-ae] sweep lam=5.994842503189409 epoch 24/25 time=1.49s device=cuda
INFO:src.estimators.masked_ae:[masked-ae] sweep lam=5.994842503189409 epoch 25/25 time=1.33s device=cuda
INFO:src.estimators.masked_ae:[masked-ae] sweep lam=10.0 epoch 1/25 time=1.07s device=cuda
INFO:src.estimators.masked_ae:[masked-ae] sweep lam=10.0 epoch 2/25 time=1.54s device=cuda
INFO:src.estimators.masked_ae:[masked-ae] sweep lam=10.0 epoch 3/25 time=1.18s device=cuda
INFO:src.estimators.masked_ae:[masked-ae] sweep lam=10.0 epoch 4/25 time=1.34s device=cuda
INFO:src.estimators.masked_ae:[masked-ae] sweep lam=10.0 epoch 5/25 time=1.36s device=cuda
INFO:src.estimators.masked_ae:[masked-ae] sweep lam=10.0 epoch 6/25 time=1.15s device=cuda
INFO:src.estimators.masked_ae:[masked-ae] sweep lam=10.0 epoch 7/25 time=1.34s device=cuda
INFO:src.estimators.masked_ae:[masked-ae] sweep lam=10.0 epoch 8/25 time=1.14s device=cuda
INFO:src.estimators.masked_ae:[masked-ae] sweep lam=10.0 epoch 9/25 time=1.17s device=cuda
INFO:src.estimators.masked_ae:[masked-ae] sweep lam=10.0 epoch 10/25 time=1.34s device=cuda
INFO:src.estimators.masked_ae:[masked-ae] sweep lam=10.0 epoch 11/25 time=1.28s device=cuda
INFO:src.estimators.masked_ae:[masked-ae] sweep lam=10.0 epoch 12/25 time=1.32s device=cuda
INFO:src.estimators.masked_ae:[masked-ae] sweep lam=10.0 epoch 13/25 time=1.26s device=cuda
INFO:src.estimators.masked_ae:[masked-ae] sweep lam=10.0 epoch 14/25 time=1.44s device=cuda
INFO:src.estimators.masked_ae:[masked-ae] sweep lam=10.0 epoch 15/25 time=1.31s device=cuda
INFO:src.estimators.masked_ae:[masked-ae] sweep lam=10.0 epoch 16/25 time=1.34s device=cuda
INFO:src.estimators.masked_ae:[masked-ae] sweep lam=10.0 epoch 17/25 time=1.27s device=cuda
INFO:src.estimators.masked_ae:[masked-ae] sweep lam=10.0 epoch 18/25 time=1.45s device=cuda
INFO:src.estimators.masked_ae:[masked-ae] sweep lam=10.0 epoch 19/25 time=1.27s device=cuda
INFO:src.estimators.masked_ae:[masked-ae] sweep lam=10.0 epoch 20/25 time=1.46s device=cuda
INFO:src.estimators.masked_ae:[masked-ae] sweep lam=10.0 epoch 21/25 time=1.38s device=cuda
INFO:src.estimators.masked_ae:[masked-ae] sweep lam=10.0 epoch 22/25 time=1.24s device=cuda
INFO:src.estimators.masked_ae:[masked-ae] sweep lam=10.0 epoch 23/25 time=1.25s device=cuda
INFO:src.estimators.masked_ae:[masked-ae] sweep lam=10.0 epoch 24/25 time=1.28s device=cuda
INFO:src.estimators.masked_ae:[masked-ae] sweep lam=10.0 epoch 25/25 time=1.46s device=cuda
INFO:src.estimators.masked_ae:[masked-ae] retrain epoch 1/10 time=1.14s device=cuda
INFO:src.estimators.masked_ae:[masked-ae] retrain epoch 2/10 time=1.32s device=cuda
INFO:src.estimators.masked_ae:[masked-ae] retrain epoch 3/10 time=1.25s device=cuda
INFO:src.estimators.masked_ae:[masked-ae] retrain epoch 4/10 time=1.45s device=cuda
INFO:src.estimators.masked_ae:[masked-ae] retrain epoch 5/10 time=1.31s device=cuda
INFO:src.estimators.masked_ae:[masked-ae] retrain epoch 6/10 time=1.27s device=cuda
INFO:src.estimators.masked_ae:[masked-ae] retrain epoch 7/10 time=1.17s device=cuda
INFO:src.estimators.masked_ae:[masked-ae] retrain epoch 8/10 time=1.28s device=cuda
INFO:src.estimators.masked_ae:[masked-ae] retrain epoch 9/10 time=1.49s device=cuda
INFO:src.estimators.masked_ae:[masked-ae] retrain epoch 10/10 time=1.33s device=cuda
INFO:repair_masked_ae:Group ('mnist', 15, 0.75, 0) repaired: estimate=22.0 elapsed_s=366.55 device=cuda samples=60000 rows=5
INFO:repair_masked_ae:Processing group key=('mnist', 15, 1.0, 0) with 5 rows; example row 870
INFO:src.estimators.masked_ae:[masked-ae] pretrain epoch 1/10 time=1.17s device=cuda
INFO:src.estimators.masked_ae:[masked-ae] pretrain epoch 2/10 time=1.34s device=cuda
INFO:src.estimators.masked_ae:[masked-ae] pretrain epoch 3/10 time=1.20s device=cuda
INFO:src.estimators.masked_ae:[masked-ae] pretrain epoch 4/10 time=1.02s device=cuda
INFO:src.estimators.masked_ae:[masked-ae] pretrain epoch 5/10 time=1.33s device=cuda
INFO:src.estimators.masked_ae:[masked-ae] pretrain epoch 6/10 time=1.15s device=cuda
INFO:src.estimators.masked_ae:[masked-ae] pretrain epoch 7/10 time=1.14s device=cuda
INFO:src.estimators.masked_ae:[masked-ae] pretrain epoch 8/10 time=1.24s device=cuda
INFO:src.estimators.masked_ae:[masked-ae] pretrain epoch 9/10 time=1.32s device=cuda
INFO:src.estimators.masked_ae:[masked-ae] pretrain epoch 10/10 time=1.28s device=cuda
INFO:src.estimators.masked_ae:[masked-ae] sweep lam=0.1 epoch 1/25 time=1.30s device=cuda
INFO:src.estimators.masked_ae:[masked-ae] sweep lam=0.1 epoch 2/25 time=1.27s device=cuda
INFO:src.estimators.masked_ae:[masked-ae] sweep lam=0.1 epoch 3/25 time=1.35s device=cuda
INFO:src.estimators.masked_ae:[masked-ae] sweep lam=0.1 epoch 4/25 time=1.34s device=cuda
INFO:src.estimators.masked_ae:[masked-ae] sweep lam=0.1 epoch 5/25 time=1.44s device=cuda
INFO:src.estimators.masked_ae:[masked-ae] sweep lam=0.1 epoch 6/25 time=1.38s device=cuda
INFO:src.estimators.masked_ae:[masked-ae] sweep lam=0.1 epoch 7/25 time=1.52s device=cuda
INFO:src.estimators.masked_ae:[masked-ae] sweep lam=0.1 epoch 8/25 time=1.33s device=cuda
INFO:src.estimators.masked_ae:[masked-ae] sweep lam=0.1 epoch 9/25 time=1.39s device=cuda
INFO:src.estimators.masked_ae:[masked-ae] sweep lam=0.1 epoch 10/25 time=1.28s device=cuda
INFO:src.estimators.masked_ae:[masked-ae] sweep lam=0.1 epoch 11/25 time=1.23s device=cuda
INFO:src.estimators.masked_ae:[masked-ae] sweep lam=0.1 epoch 12/25 time=1.37s device=cuda
INFO:src.estimators.masked_ae:[masked-ae] sweep lam=0.1 epoch 13/25 time=1.37s device=cuda
INFO:src.estimators.masked_ae:[masked-ae] sweep lam=0.1 epoch 14/25 time=1.33s device=cuda
INFO:src.estimators.masked_ae:[masked-ae] sweep lam=0.1 epoch 15/25 time=1.23s device=cuda
INFO:src.estimators.masked_ae:[masked-ae] sweep lam=0.1 epoch 16/25 time=1.25s device=cuda
INFO:src.estimators.masked_ae:[masked-ae] sweep lam=0.1 epoch 17/25 time=1.42s device=cuda
INFO:src.estimators.masked_ae:[masked-ae] sweep lam=0.1 epoch 18/25 time=1.15s device=cuda
INFO:src.estimators.masked_ae:[masked-ae] sweep lam=0.1 epoch 19/25 time=1.36s device=cuda
INFO:src.estimators.masked_ae:[masked-ae] sweep lam=0.1 epoch 20/25 time=1.52s device=cuda
INFO:src.estimators.masked_ae:[masked-ae] sweep lam=0.1 epoch 21/25 time=1.32s device=cuda
INFO:src.estimators.masked_ae:[masked-ae] sweep lam=0.1 epoch 22/25 time=1.41s device=cuda
INFO:src.estimators.masked_ae:[masked-ae] sweep lam=0.1 epoch 23/25 time=1.36s device=cuda
INFO:src.estimators.masked_ae:[masked-ae] sweep lam=0.1 epoch 24/25 time=1.41s device=cuda
INFO:src.estimators.masked_ae:[masked-ae] sweep lam=0.1 epoch 25/25 time=1.40s device=cuda
INFO:src.estimators.masked_ae:[masked-ae] sweep lam=0.16681005372000587 epoch 1/25 time=1.46s device=cuda
INFO:src.estimators.masked_ae:[masked-ae] sweep lam=0.16681005372000587 epoch 2/25 time=1.57s device=cuda
INFO:src.estimators.masked_ae:[masked-ae] sweep lam=0.16681005372000587 epoch 3/25 time=1.35s device=cuda
INFO:src.estimators.masked_ae:[masked-ae] sweep lam=0.16681005372000587 epoch 4/25 time=1.19s device=cuda
INFO:src.estimators.masked_ae:[masked-ae] sweep lam=0.16681005372000587 epoch 5/25 time=1.34s device=cuda
INFO:src.estimators.masked_ae:[masked-ae] sweep lam=0.16681005372000587 epoch 6/25 time=1.29s device=cuda
INFO:src.estimators.masked_ae:[masked-ae] sweep lam=0.16681005372000587 epoch 7/25 time=1.27s device=cuda
INFO:src.estimators.masked_ae:[masked-ae] sweep lam=0.16681005372000587 epoch 8/25 time=1.40s device=cuda
INFO:src.estimators.masked_ae:[masked-ae] sweep lam=0.16681005372000587 epoch 9/25 time=1.44s device=cuda
INFO:src.estimators.masked_ae:[masked-ae] sweep lam=0.16681005372000587 epoch 10/25 time=1.43s device=cuda
INFO:src.estimators.masked_ae:[masked-ae] sweep lam=0.16681005372000587 epoch 11/25 time=1.42s device=cuda
INFO:src.estimators.masked_ae:[masked-ae] sweep lam=0.16681005372000587 epoch 12/25 time=1.50s device=cuda
INFO:src.estimators.masked_ae:[masked-ae] sweep lam=0.16681005372000587 epoch 13/25 time=1.07s device=cuda
INFO:src.estimators.masked_ae:[masked-ae] sweep lam=0.16681005372000587 epoch 14/25 time=1.35s device=cuda
INFO:src.estimators.masked_ae:[masked-ae] sweep lam=0.16681005372000587 epoch 15/25 time=1.33s device=cuda
INFO:src.estimators.masked_ae:[masked-ae] sweep lam=0.16681005372000587 epoch 16/25 time=1.15s device=cuda
INFO:src.estimators.masked_ae:[masked-ae] sweep lam=0.16681005372000587 epoch 17/25 time=1.21s device=cuda
INFO:src.estimators.masked_ae:[masked-ae] sweep lam=0.16681005372000587 epoch 18/25 time=1.30s device=cuda
INFO:src.estimators.masked_ae:[masked-ae] sweep lam=0.16681005372000587 epoch 19/25 time=1.39s device=cuda
INFO:src.estimators.masked_ae:[masked-ae] sweep lam=0.16681005372000587 epoch 20/25 time=1.40s device=cuda
INFO:src.estimators.masked_ae:[masked-ae] sweep lam=0.16681005372000587 epoch 21/25 time=1.44s device=cuda
INFO:src.estimators.masked_ae:[masked-ae] sweep lam=0.16681005372000587 epoch 22/25 time=1.22s device=cuda
INFO:src.estimators.masked_ae:[masked-ae] sweep lam=0.16681005372000587 epoch 23/25 time=1.29s device=cuda
INFO:src.estimators.masked_ae:[masked-ae] sweep lam=0.16681005372000587 epoch 24/25 time=1.35s device=cuda
INFO:src.estimators.masked_ae:[masked-ae] sweep lam=0.16681005372000587 epoch 25/25 time=1.33s device=cuda
INFO:src.estimators.masked_ae:[masked-ae] sweep lam=0.2782559402207124 epoch 1/25 time=1.49s device=cuda
INFO:src.estimators.masked_ae:[masked-ae] sweep lam=0.2782559402207124 epoch 2/25 time=1.29s device=cuda
INFO:src.estimators.masked_ae:[masked-ae] sweep lam=0.2782559402207124 epoch 3/25 time=1.25s device=cuda
INFO:src.estimators.masked_ae:[masked-ae] sweep lam=0.2782559402207124 epoch 4/25 time=1.22s device=cuda
INFO:src.estimators.masked_ae:[masked-ae] sweep lam=0.2782559402207124 epoch 5/25 time=1.35s device=cuda
INFO:src.estimators.masked_ae:[masked-ae] sweep lam=0.2782559402207124 epoch 6/25 time=1.34s device=cuda
INFO:src.estimators.masked_ae:[masked-ae] sweep lam=0.2782559402207124 epoch 7/25 time=1.34s device=cuda
INFO:src.estimators.masked_ae:[masked-ae] sweep lam=0.2782559402207124 epoch 8/25 time=1.30s device=cuda
INFO:src.estimators.masked_ae:[masked-ae] sweep lam=0.2782559402207124 epoch 9/25 time=1.43s device=cuda
INFO:src.estimators.masked_ae:[masked-ae] sweep lam=0.2782559402207124 epoch 10/25 time=1.16s device=cuda
INFO:src.estimators.masked_ae:[masked-ae] sweep lam=0.2782559402207124 epoch 11/25 time=1.21s device=cuda
INFO:src.estimators.masked_ae:[masked-ae] sweep lam=0.2782559402207124 epoch 12/25 time=1.35s device=cuda
INFO:src.estimators.masked_ae:[masked-ae] sweep lam=0.2782559402207124 epoch 13/25 time=1.21s device=cuda
INFO:src.estimators.masked_ae:[masked-ae] sweep lam=0.2782559402207124 epoch 14/25 time=1.39s device=cuda
INFO:src.estimators.masked_ae:[masked-ae] sweep lam=0.2782559402207124 epoch 15/25 time=1.25s device=cuda
INFO:src.estimators.masked_ae:[masked-ae] sweep lam=0.2782559402207124 epoch 16/25 time=1.36s device=cuda
INFO:src.estimators.masked_ae:[masked-ae] sweep lam=0.2782559402207124 epoch 17/25 time=1.19s device=cuda
INFO:src.estimators.masked_ae:[masked-ae] sweep lam=0.2782559402207124 epoch 18/25 time=1.65s device=cuda
INFO:src.estimators.masked_ae:[masked-ae] sweep lam=0.2782559402207124 epoch 19/25 time=1.35s device=cuda
INFO:src.estimators.masked_ae:[masked-ae] sweep lam=0.2782559402207124 epoch 20/25 time=1.24s device=cuda
INFO:src.estimators.masked_ae:[masked-ae] sweep lam=0.2782559402207124 epoch 21/25 time=1.22s device=cuda
INFO:src.estimators.masked_ae:[masked-ae] sweep lam=0.2782559402207124 epoch 22/25 time=1.20s device=cuda
INFO:src.estimators.masked_ae:[masked-ae] sweep lam=0.2782559402207124 epoch 23/25 time=1.33s device=cuda
INFO:src.estimators.masked_ae:[masked-ae] sweep lam=0.2782559402207124 epoch 24/25 time=1.13s device=cuda
INFO:src.estimators.masked_ae:[masked-ae] sweep lam=0.2782559402207124 epoch 25/25 time=1.20s device=cuda
INFO:src.estimators.masked_ae:[masked-ae] sweep lam=0.46415888336127786 epoch 1/25 time=1.18s device=cuda
INFO:src.estimators.masked_ae:[masked-ae] sweep lam=0.46415888336127786 epoch 2/25 time=1.23s device=cuda
INFO:src.estimators.masked_ae:[masked-ae] sweep lam=0.46415888336127786 epoch 3/25 time=1.28s device=cuda
INFO:src.estimators.masked_ae:[masked-ae] sweep lam=0.46415888336127786 epoch 4/25 time=1.54s device=cuda
INFO:src.estimators.masked_ae:[masked-ae] sweep lam=0.46415888336127786 epoch 5/25 time=1.35s device=cuda
INFO:src.estimators.masked_ae:[masked-ae] sweep lam=0.46415888336127786 epoch 6/25 time=1.36s device=cuda
INFO:src.estimators.masked_ae:[masked-ae] sweep lam=0.46415888336127786 epoch 7/25 time=1.66s device=cuda
INFO:src.estimators.masked_ae:[masked-ae] sweep lam=0.46415888336127786 epoch 8/25 time=1.47s device=cuda
INFO:src.estimators.masked_ae:[masked-ae] sweep lam=0.46415888336127786 epoch 9/25 time=1.28s device=cuda
INFO:src.estimators.masked_ae:[masked-ae] sweep lam=0.46415888336127786 epoch 10/25 time=1.32s device=cuda
INFO:src.estimators.masked_ae:[masked-ae] sweep lam=0.46415888336127786 epoch 11/25 time=1.30s device=cuda
INFO:src.estimators.masked_ae:[masked-ae] sweep lam=0.46415888336127786 epoch 12/25 time=1.38s device=cuda
INFO:src.estimators.masked_ae:[masked-ae] sweep lam=0.46415888336127786 epoch 13/25 time=1.37s device=cuda
INFO:src.estimators.masked_ae:[masked-ae] sweep lam=0.46415888336127786 epoch 14/25 time=1.34s device=cuda
INFO:src.estimators.masked_ae:[masked-ae] sweep lam=0.46415888336127786 epoch 15/25 time=1.32s device=cuda
INFO:src.estimators.masked_ae:[masked-ae] sweep lam=0.46415888336127786 epoch 16/25 time=1.27s device=cuda
INFO:src.estimators.masked_ae:[masked-ae] sweep lam=0.46415888336127786 epoch 17/25 time=1.21s device=cuda
INFO:src.estimators.masked_ae:[masked-ae] sweep lam=0.46415888336127786 epoch 18/25 time=1.23s device=cuda
INFO:src.estimators.masked_ae:[masked-ae] sweep lam=0.46415888336127786 epoch 19/25 time=1.14s device=cuda
INFO:src.estimators.masked_ae:[masked-ae] sweep lam=0.46415888336127786 epoch 20/25 time=1.25s device=cuda
INFO:src.estimators.masked_ae:[masked-ae] sweep lam=0.46415888336127786 epoch 21/25 time=1.42s device=cuda
INFO:src.estimators.masked_ae:[masked-ae] sweep lam=0.46415888336127786 epoch 22/25 time=1.33s device=cuda
INFO:src.estimators.masked_ae:[masked-ae] sweep lam=0.46415888336127786 epoch 23/25 time=1.37s device=cuda
INFO:src.estimators.masked_ae:[masked-ae] sweep lam=0.46415888336127786 epoch 24/25 time=1.18s device=cuda
INFO:src.estimators.masked_ae:[masked-ae] sweep lam=0.46415888336127786 epoch 25/25 time=1.18s device=cuda
INFO:src.estimators.masked_ae:[masked-ae] sweep lam=0.774263682681127 epoch 1/25 time=1.33s device=cuda
INFO:src.estimators.masked_ae:[masked-ae] sweep lam=0.774263682681127 epoch 2/25 time=1.37s device=cuda
INFO:src.estimators.masked_ae:[masked-ae] sweep lam=0.774263682681127 epoch 3/25 time=1.43s device=cuda
INFO:src.estimators.masked_ae:[masked-ae] sweep lam=0.774263682681127 epoch 4/25 time=1.41s device=cuda
INFO:src.estimators.masked_ae:[masked-ae] sweep lam=0.774263682681127 epoch 5/25 time=1.05s device=cuda
INFO:src.estimators.masked_ae:[masked-ae] sweep lam=0.774263682681127 epoch 6/25 time=1.38s device=cuda
INFO:src.estimators.masked_ae:[masked-ae] sweep lam=0.774263682681127 epoch 7/25 time=1.31s device=cuda
INFO:src.estimators.masked_ae:[masked-ae] sweep lam=0.774263682681127 epoch 8/25 time=1.42s device=cuda
INFO:src.estimators.masked_ae:[masked-ae] sweep lam=0.774263682681127 epoch 9/25 time=1.23s device=cuda
INFO:src.estimators.masked_ae:[masked-ae] sweep lam=0.774263682681127 epoch 10/25 time=1.27s device=cuda
INFO:src.estimators.masked_ae:[masked-ae] sweep lam=0.774263682681127 epoch 11/25 time=1.22s device=cuda
INFO:src.estimators.masked_ae:[masked-ae] sweep lam=0.774263682681127 epoch 12/25 time=1.29s device=cuda
INFO:src.estimators.masked_ae:[masked-ae] sweep lam=0.774263682681127 epoch 13/25 time=1.27s device=cuda
INFO:src.estimators.masked_ae:[masked-ae] sweep lam=0.774263682681127 epoch 14/25 time=1.15s device=cuda
INFO:src.estimators.masked_ae:[masked-ae] sweep lam=0.774263682681127 epoch 15/25 time=1.08s device=cuda
INFO:src.estimators.masked_ae:[masked-ae] sweep lam=0.774263682681127 epoch 16/25 time=1.04s device=cuda
INFO:src.estimators.masked_ae:[masked-ae] sweep lam=0.774263682681127 epoch 17/25 time=1.50s device=cuda
INFO:src.estimators.masked_ae:[masked-ae] sweep lam=0.774263682681127 epoch 18/25 time=1.67s device=cuda
INFO:src.estimators.masked_ae:[masked-ae] sweep lam=0.774263682681127 epoch 19/25 time=1.53s device=cuda
INFO:src.estimators.masked_ae:[masked-ae] sweep lam=0.774263682681127 epoch 20/25 time=1.56s device=cuda
INFO:src.estimators.masked_ae:[masked-ae] sweep lam=0.774263682681127 epoch 21/25 time=1.45s device=cuda
INFO:src.estimators.masked_ae:[masked-ae] sweep lam=0.774263682681127 epoch 22/25 time=1.43s device=cuda
INFO:src.estimators.masked_ae:[masked-ae] sweep lam=0.774263682681127 epoch 23/25 time=1.07s device=cuda
INFO:src.estimators.masked_ae:[masked-ae] sweep lam=0.774263682681127 epoch 24/25 time=1.33s device=cuda
INFO:src.estimators.masked_ae:[masked-ae] sweep lam=0.774263682681127 epoch 25/25 time=1.38s device=cuda
INFO:src.estimators.masked_ae:[masked-ae] sweep lam=1.291549665014884 epoch 1/25 time=1.49s device=cuda
INFO:src.estimators.masked_ae:[masked-ae] sweep lam=1.291549665014884 epoch 2/25 time=1.44s device=cuda
INFO:src.estimators.masked_ae:[masked-ae] sweep lam=1.291549665014884 epoch 3/25 time=1.41s device=cuda
INFO:src.estimators.masked_ae:[masked-ae] sweep lam=1.291549665014884 epoch 4/25 time=1.34s device=cuda
INFO:src.estimators.masked_ae:[masked-ae] sweep lam=1.291549665014884 epoch 5/25 time=1.50s device=cuda
INFO:src.estimators.masked_ae:[masked-ae] sweep lam=1.291549665014884 epoch 6/25 time=1.11s device=cuda
INFO:src.estimators.masked_ae:[masked-ae] sweep lam=1.291549665014884 epoch 7/25 time=1.06s device=cuda
INFO:src.estimators.masked_ae:[masked-ae] sweep lam=1.291549665014884 epoch 8/25 time=1.39s device=cuda
INFO:src.estimators.masked_ae:[masked-ae] sweep lam=1.291549665014884 epoch 9/25 time=1.25s device=cuda
INFO:src.estimators.masked_ae:[masked-ae] sweep lam=1.291549665014884 epoch 10/25 time=1.11s device=cuda
INFO:src.estimators.masked_ae:[masked-ae] sweep lam=1.291549665014884 epoch 11/25 time=1.47s device=cuda
INFO:src.estimators.masked_ae:[masked-ae] sweep lam=1.291549665014884 epoch 12/25 time=1.37s device=cuda
INFO:src.estimators.masked_ae:[masked-ae] sweep lam=1.291549665014884 epoch 13/25 time=1.38s device=cuda
INFO:src.estimators.masked_ae:[masked-ae] sweep lam=1.291549665014884 epoch 14/25 time=1.22s device=cuda
INFO:src.estimators.masked_ae:[masked-ae] sweep lam=1.291549665014884 epoch 15/25 time=1.25s device=cuda
INFO:src.estimators.masked_ae:[masked-ae] sweep lam=1.291549665014884 epoch 16/25 time=1.26s device=cuda
INFO:src.estimators.masked_ae:[masked-ae] sweep lam=1.291549665014884 epoch 17/25 time=1.42s device=cuda
INFO:src.estimators.masked_ae:[masked-ae] sweep lam=1.291549665014884 epoch 18/25 time=1.47s device=cuda
INFO:src.estimators.masked_ae:[masked-ae] sweep lam=1.291549665014884 epoch 19/25 time=1.25s device=cuda
INFO:src.estimators.masked_ae:[masked-ae] sweep lam=1.291549665014884 epoch 20/25 time=1.41s device=cuda
INFO:src.estimators.masked_ae:[masked-ae] sweep lam=1.291549665014884 epoch 21/25 time=1.38s device=cuda
INFO:src.estimators.masked_ae:[masked-ae] sweep lam=1.291549665014884 epoch 22/25 time=1.57s device=cuda
INFO:src.estimators.masked_ae:[masked-ae] sweep lam=1.291549665014884 epoch 23/25 time=1.29s device=cuda
INFO:src.estimators.masked_ae:[masked-ae] sweep lam=1.291549665014884 epoch 24/25 time=1.39s device=cuda
INFO:src.estimators.masked_ae:[masked-ae] sweep lam=1.291549665014884 epoch 25/25 time=1.29s device=cuda
INFO:src.estimators.masked_ae:[masked-ae] sweep lam=2.1544346900318834 epoch 1/25 time=1.07s device=cuda
INFO:src.estimators.masked_ae:[masked-ae] sweep lam=2.1544346900318834 epoch 2/25 time=1.29s device=cuda
INFO:src.estimators.masked_ae:[masked-ae] sweep lam=2.1544346900318834 epoch 3/25 time=1.30s device=cuda
INFO:src.estimators.masked_ae:[masked-ae] sweep lam=2.1544346900318834 epoch 4/25 time=1.47s device=cuda
INFO:src.estimators.masked_ae:[masked-ae] sweep lam=2.1544346900318834 epoch 5/25 time=1.30s device=cuda
INFO:src.estimators.masked_ae:[masked-ae] sweep lam=2.1544346900318834 epoch 6/25 time=1.42s device=cuda
INFO:src.estimators.masked_ae:[masked-ae] sweep lam=2.1544346900318834 epoch 7/25 time=1.27s device=cuda
INFO:src.estimators.masked_ae:[masked-ae] sweep lam=2.1544346900318834 epoch 8/25 time=1.27s device=cuda
INFO:src.estimators.masked_ae:[masked-ae] sweep lam=2.1544346900318834 epoch 9/25 time=1.30s device=cuda
INFO:src.estimators.masked_ae:[masked-ae] sweep lam=2.1544346900318834 epoch 10/25 time=1.41s device=cuda
INFO:src.estimators.masked_ae:[masked-ae] sweep lam=2.1544346900318834 epoch 11/25 time=1.09s device=cuda
INFO:src.estimators.masked_ae:[masked-ae] sweep lam=2.1544346900318834 epoch 12/25 time=1.09s device=cuda
INFO:src.estimators.masked_ae:[masked-ae] sweep lam=2.1544346900318834 epoch 13/25 time=1.49s device=cuda
INFO:src.estimators.masked_ae:[masked-ae] sweep lam=2.1544346900318834 epoch 14/25 time=1.34s device=cuda
INFO:src.estimators.masked_ae:[masked-ae] sweep lam=2.1544346900318834 epoch 15/25 time=1.26s device=cuda
INFO:src.estimators.masked_ae:[masked-ae] sweep lam=2.1544346900318834 epoch 16/25 time=1.49s device=cuda
INFO:src.estimators.masked_ae:[masked-ae] sweep lam=2.1544346900318834 epoch 17/25 time=1.24s device=cuda
INFO:src.estimators.masked_ae:[masked-ae] sweep lam=2.1544346900318834 epoch 18/25 time=1.21s device=cuda
INFO:src.estimators.masked_ae:[masked-ae] sweep lam=2.1544346900318834 epoch 19/25 time=1.24s device=cuda
INFO:src.estimators.masked_ae:[masked-ae] sweep lam=2.1544346900318834 epoch 20/25 time=1.20s device=cuda
INFO:src.estimators.masked_ae:[masked-ae] sweep lam=2.1544346900318834 epoch 21/25 time=1.47s device=cuda
INFO:src.estimators.masked_ae:[masked-ae] sweep lam=2.1544346900318834 epoch 22/25 time=1.38s device=cuda
INFO:src.estimators.masked_ae:[masked-ae] sweep lam=2.1544346900318834 epoch 23/25 time=1.25s device=cuda
INFO:src.estimators.masked_ae:[masked-ae] sweep lam=2.1544346900318834 epoch 24/25 time=1.21s device=cuda
INFO:src.estimators.masked_ae:[masked-ae] sweep lam=2.1544346900318834 epoch 25/25 time=1.26s device=cuda
INFO:src.estimators.masked_ae:[masked-ae] sweep lam=3.593813663804626 epoch 1/25 time=1.42s device=cuda
INFO:src.estimators.masked_ae:[masked-ae] sweep lam=3.593813663804626 epoch 2/25 time=1.53s device=cuda
INFO:src.estimators.masked_ae:[masked-ae] sweep lam=3.593813663804626 epoch 3/25 time=1.30s device=cuda
INFO:src.estimators.masked_ae:[masked-ae] sweep lam=3.593813663804626 epoch 4/25 time=1.24s device=cuda
INFO:src.estimators.masked_ae:[masked-ae] sweep lam=3.593813663804626 epoch 5/25 time=1.27s device=cuda
INFO:src.estimators.masked_ae:[masked-ae] sweep lam=3.593813663804626 epoch 6/25 time=1.49s device=cuda
INFO:src.estimators.masked_ae:[masked-ae] sweep lam=3.593813663804626 epoch 7/25 time=1.46s device=cuda
INFO:src.estimators.masked_ae:[masked-ae] sweep lam=3.593813663804626 epoch 8/25 time=1.21s device=cuda
INFO:src.estimators.masked_ae:[masked-ae] sweep lam=3.593813663804626 epoch 9/25 time=1.18s device=cuda
INFO:src.estimators.masked_ae:[masked-ae] sweep lam=3.593813663804626 epoch 10/25 time=1.24s device=cuda
INFO:src.estimators.masked_ae:[masked-ae] sweep lam=3.593813663804626 epoch 11/25 time=1.34s device=cuda
INFO:src.estimators.masked_ae:[masked-ae] sweep lam=3.593813663804626 epoch 12/25 time=1.54s device=cuda
INFO:src.estimators.masked_ae:[masked-ae] sweep lam=3.593813663804626 epoch 13/25 time=1.35s device=cuda
INFO:src.estimators.masked_ae:[masked-ae] sweep lam=3.593813663804626 epoch 14/25 time=1.54s device=cuda
INFO:src.estimators.masked_ae:[masked-ae] sweep lam=3.593813663804626 epoch 15/25 time=1.46s device=cuda
INFO:src.estimators.masked_ae:[masked-ae] sweep lam=3.593813663804626 epoch 16/25 time=1.42s device=cuda
INFO:src.estimators.masked_ae:[masked-ae] sweep lam=3.593813663804626 epoch 17/25 time=1.43s device=cuda
INFO:src.estimators.masked_ae:[masked-ae] sweep lam=3.593813663804626 epoch 18/25 time=1.22s device=cuda
INFO:src.estimators.masked_ae:[masked-ae] sweep lam=3.593813663804626 epoch 19/25 time=1.16s device=cuda
INFO:src.estimators.masked_ae:[masked-ae] sweep lam=3.593813663804626 epoch 20/25 time=1.45s device=cuda
INFO:src.estimators.masked_ae:[masked-ae] sweep lam=3.593813663804626 epoch 21/25 time=1.52s device=cuda
INFO:src.estimators.masked_ae:[masked-ae] sweep lam=3.593813663804626 epoch 22/25 time=1.45s device=cuda
INFO:src.estimators.masked_ae:[masked-ae] sweep lam=3.593813663804626 epoch 23/25 time=1.20s device=cuda
INFO:src.estimators.masked_ae:[masked-ae] sweep lam=3.593813663804626 epoch 24/25 time=1.33s device=cuda
INFO:src.estimators.masked_ae:[masked-ae] sweep lam=3.593813663804626 epoch 25/25 time=1.28s device=cuda
INFO:src.estimators.masked_ae:[masked-ae] sweep lam=5.994842503189409 epoch 1/25 time=1.22s device=cuda
INFO:src.estimators.masked_ae:[masked-ae] sweep lam=5.994842503189409 epoch 2/25 time=1.37s device=cuda
INFO:src.estimators.masked_ae:[masked-ae] sweep lam=5.994842503189409 epoch 3/25 time=1.42s device=cuda
INFO:src.estimators.masked_ae:[masked-ae] sweep lam=5.994842503189409 epoch 4/25 time=1.39s device=cuda
INFO:src.estimators.masked_ae:[masked-ae] sweep lam=5.994842503189409 epoch 5/25 time=1.26s device=cuda
INFO:src.estimators.masked_ae:[masked-ae] sweep lam=5.994842503189409 epoch 6/25 time=1.51s device=cuda
INFO:src.estimators.masked_ae:[masked-ae] sweep lam=5.994842503189409 epoch 7/25 time=1.60s device=cuda
INFO:src.estimators.masked_ae:[masked-ae] sweep lam=5.994842503189409 epoch 8/25 time=1.41s device=cuda
INFO:src.estimators.masked_ae:[masked-ae] sweep lam=5.994842503189409 epoch 9/25 time=1.27s device=cuda
INFO:src.estimators.masked_ae:[masked-ae] sweep lam=5.994842503189409 epoch 10/25 time=1.47s device=cuda
INFO:src.estimators.masked_ae:[masked-ae] sweep lam=5.994842503189409 epoch 11/25 time=1.24s device=cuda
INFO:src.estimators.masked_ae:[masked-ae] sweep lam=5.994842503189409 epoch 12/25 time=1.26s device=cuda
INFO:src.estimators.masked_ae:[masked-ae] sweep lam=5.994842503189409 epoch 13/25 time=1.14s device=cuda
INFO:src.estimators.masked_ae:[masked-ae] sweep lam=5.994842503189409 epoch 14/25 time=1.33s device=cuda
INFO:src.estimators.masked_ae:[masked-ae] sweep lam=5.994842503189409 epoch 15/25 time=1.40s device=cuda
INFO:src.estimators.masked_ae:[masked-ae] sweep lam=5.994842503189409 epoch 16/25 time=1.33s device=cuda
INFO:src.estimators.masked_ae:[masked-ae] sweep lam=5.994842503189409 epoch 17/25 time=1.54s device=cuda
INFO:src.estimators.masked_ae:[masked-ae] sweep lam=5.994842503189409 epoch 18/25 time=1.14s device=cuda
INFO:src.estimators.masked_ae:[masked-ae] sweep lam=5.994842503189409 epoch 19/25 time=1.33s device=cuda
INFO:src.estimators.masked_ae:[masked-ae] sweep lam=5.994842503189409 epoch 20/25 time=1.19s device=cuda
INFO:src.estimators.masked_ae:[masked-ae] sweep lam=5.994842503189409 epoch 21/25 time=1.29s device=cuda
INFO:src.estimators.masked_ae:[masked-ae] sweep lam=5.994842503189409 epoch 22/25 time=1.11s device=cuda
INFO:src.estimators.masked_ae:[masked-ae] sweep lam=5.994842503189409 epoch 23/25 time=1.49s device=cuda
INFO:src.estimators.masked_ae:[masked-ae] sweep lam=5.994842503189409 epoch 24/25 time=1.36s device=cuda
INFO:src.estimators.masked_ae:[masked-ae] sweep lam=5.994842503189409 epoch 25/25 time=1.33s device=cuda
INFO:src.estimators.masked_ae:[masked-ae] sweep lam=10.0 epoch 1/25 time=1.28s device=cuda
INFO:src.estimators.masked_ae:[masked-ae] sweep lam=10.0 epoch 2/25 time=1.20s device=cuda
INFO:src.estimators.masked_ae:[masked-ae] sweep lam=10.0 epoch 3/25 time=1.36s device=cuda
INFO:src.estimators.masked_ae:[masked-ae] sweep lam=10.0 epoch 4/25 time=1.32s device=cuda
INFO:src.estimators.masked_ae:[masked-ae] sweep lam=10.0 epoch 5/25 time=1.48s device=cuda
INFO:src.estimators.masked_ae:[masked-ae] sweep lam=10.0 epoch 6/25 time=1.46s device=cuda
INFO:src.estimators.masked_ae:[masked-ae] sweep lam=10.0 epoch 7/25 time=1.57s device=cuda
INFO:src.estimators.masked_ae:[masked-ae] sweep lam=10.0 epoch 8/25 time=1.27s device=cuda
INFO:src.estimators.masked_ae:[masked-ae] sweep lam=10.0 epoch 9/25 time=1.45s device=cuda
INFO:src.estimators.masked_ae:[masked-ae] sweep lam=10.0 epoch 10/25 time=1.47s device=cuda
INFO:src.estimators.masked_ae:[masked-ae] sweep lam=10.0 epoch 11/25 time=1.39s device=cuda
INFO:src.estimators.masked_ae:[masked-ae] sweep lam=10.0 epoch 12/25 time=1.35s device=cuda
INFO:src.estimators.masked_ae:[masked-ae] sweep lam=10.0 epoch 13/25 time=1.37s device=cuda
INFO:src.estimators.masked_ae:[masked-ae] sweep lam=10.0 epoch 14/25 time=1.28s device=cuda
INFO:src.estimators.masked_ae:[masked-ae] sweep lam=10.0 epoch 15/25 time=1.31s device=cuda
INFO:src.estimators.masked_ae:[masked-ae] sweep lam=10.0 epoch 16/25 time=1.28s device=cuda
INFO:src.estimators.masked_ae:[masked-ae] sweep lam=10.0 epoch 17/25 time=1.34s device=cuda
INFO:src.estimators.masked_ae:[masked-ae] sweep lam=10.0 epoch 18/25 time=1.42s device=cuda
INFO:src.estimators.masked_ae:[masked-ae] sweep lam=10.0 epoch 19/25 time=1.35s device=cuda
INFO:src.estimators.masked_ae:[masked-ae] sweep lam=10.0 epoch 20/25 time=1.25s device=cuda
INFO:src.estimators.masked_ae:[masked-ae] sweep lam=10.0 epoch 21/25 time=1.15s device=cuda
INFO:src.estimators.masked_ae:[masked-ae] sweep lam=10.0 epoch 22/25 time=1.24s device=cuda
INFO:src.estimators.masked_ae:[masked-ae] sweep lam=10.0 epoch 23/25 time=1.25s device=cuda
INFO:src.estimators.masked_ae:[masked-ae] sweep lam=10.0 epoch 24/25 time=1.48s device=cuda
INFO:src.estimators.masked_ae:[masked-ae] sweep lam=10.0 epoch 25/25 time=1.43s device=cuda
INFO:src.estimators.masked_ae:[masked-ae] retrain epoch 1/10 time=1.20s device=cuda
INFO:src.estimators.masked_ae:[masked-ae] retrain epoch 2/10 time=1.25s device=cuda
INFO:src.estimators.masked_ae:[masked-ae] retrain epoch 3/10 time=1.21s device=cuda
INFO:src.estimators.masked_ae:[masked-ae] retrain epoch 4/10 time=1.21s device=cuda
INFO:src.estimators.masked_ae:[masked-ae] retrain epoch 5/10 time=1.38s device=cuda
INFO:src.estimators.masked_ae:[masked-ae] retrain epoch 6/10 time=1.21s device=cuda
INFO:src.estimators.masked_ae:[masked-ae] retrain epoch 7/10 time=1.39s device=cuda
INFO:src.estimators.masked_ae:[masked-ae] retrain epoch 8/10 time=1.10s device=cuda
INFO:src.estimators.masked_ae:[masked-ae] retrain epoch 9/10 time=1.37s device=cuda
INFO:src.estimators.masked_ae:[masked-ae] retrain epoch 10/10 time=1.39s device=cuda
INFO:repair_masked_ae:Group ('mnist', 15, 1.0, 0) repaired: estimate=6.0 elapsed_s=363.46 device=cuda samples=60000 rows=5
INFO:repair_masked_ae:Wrote repaired CSV to results/mnist_large.task0.repaired.csv
