INFO:repair_masked_ae:torch_available=True cuda_available=True
INFO:repair_masked_ae:Processing group key=('mnist', 5, 0.0, 1) with 5 rows; example row 30
INFO:src.estimators.masked_ae:[masked-ae] pretrain epoch 1/10 time=0.26s device=cuda
INFO:src.estimators.masked_ae:[masked-ae] pretrain epoch 2/10 time=0.03s device=cuda
INFO:src.estimators.masked_ae:[masked-ae] pretrain epoch 3/10 time=0.03s device=cuda
INFO:src.estimators.masked_ae:[masked-ae] pretrain epoch 4/10 time=0.03s device=cuda
INFO:src.estimators.masked_ae:[masked-ae] pretrain epoch 5/10 time=0.03s device=cuda
INFO:src.estimators.masked_ae:[masked-ae] pretrain epoch 6/10 time=0.03s device=cuda
INFO:src.estimators.masked_ae:[masked-ae] pretrain epoch 7/10 time=0.04s device=cuda
INFO:src.estimators.masked_ae:[masked-ae] pretrain epoch 8/10 time=0.03s device=cuda
INFO:src.estimators.masked_ae:[masked-ae] pretrain epoch 9/10 time=0.03s device=cuda
INFO:src.estimators.masked_ae:[masked-ae] pretrain epoch 10/10 time=0.04s device=cuda
INFO:src.estimators.masked_ae:[masked-ae] sweep lam=0.1 epoch 1/25 time=0.06s device=cuda
INFO:src.estimators.masked_ae:[masked-ae] sweep lam=0.1 epoch 2/25 time=0.03s device=cuda
INFO:src.estimators.masked_ae:[masked-ae] sweep lam=0.1 epoch 3/25 time=0.04s device=cuda
INFO:src.estimators.masked_ae:[masked-ae] sweep lam=0.1 epoch 4/25 time=0.03s device=cuda
INFO:src.estimators.masked_ae:[masked-ae] sweep lam=0.1 epoch 5/25 time=0.03s device=cuda
INFO:src.estimators.masked_ae:[masked-ae] sweep lam=0.1 epoch 6/25 time=0.04s device=cuda
INFO:src.estimators.masked_ae:[masked-ae] sweep lam=0.1 epoch 7/25 time=0.03s device=cuda
INFO:src.estimators.masked_ae:[masked-ae] sweep lam=0.1 epoch 8/25 time=0.03s device=cuda
INFO:src.estimators.masked_ae:[masked-ae] sweep lam=0.1 epoch 9/25 time=0.03s device=cuda
INFO:src.estimators.masked_ae:[masked-ae] sweep lam=0.1 epoch 10/25 time=0.03s device=cuda
INFO:src.estimators.masked_ae:[masked-ae] sweep lam=0.1 epoch 11/25 time=0.03s device=cuda
INFO:src.estimators.masked_ae:[masked-ae] sweep lam=0.1 epoch 12/25 time=0.03s device=cuda
INFO:src.estimators.masked_ae:[masked-ae] sweep lam=0.1 epoch 13/25 time=0.03s device=cuda
INFO:src.estimators.masked_ae:[masked-ae] sweep lam=0.1 epoch 14/25 time=0.03s device=cuda
INFO:src.estimators.masked_ae:[masked-ae] sweep lam=0.1 epoch 15/25 time=0.04s device=cuda
INFO:src.estimators.masked_ae:[masked-ae] sweep lam=0.1 epoch 16/25 time=0.04s device=cuda
INFO:src.estimators.masked_ae:[masked-ae] sweep lam=0.1 epoch 17/25 time=0.04s device=cuda
INFO:src.estimators.masked_ae:[masked-ae] sweep lam=0.1 epoch 18/25 time=0.05s device=cuda
INFO:src.estimators.masked_ae:[masked-ae] sweep lam=0.1 epoch 19/25 time=0.05s device=cuda
INFO:src.estimators.masked_ae:[masked-ae] sweep lam=0.1 epoch 20/25 time=0.04s device=cuda
INFO:src.estimators.masked_ae:[masked-ae] sweep lam=0.1 epoch 21/25 time=0.04s device=cuda
INFO:src.estimators.masked_ae:[masked-ae] sweep lam=0.1 epoch 22/25 time=0.04s device=cuda
INFO:src.estimators.masked_ae:[masked-ae] sweep lam=0.1 epoch 23/25 time=0.03s device=cuda
INFO:src.estimators.masked_ae:[masked-ae] sweep lam=0.1 epoch 24/25 time=0.03s device=cuda
INFO:src.estimators.masked_ae:[masked-ae] sweep lam=0.1 epoch 25/25 time=0.03s device=cuda
INFO:src.estimators.masked_ae:[masked-ae] sweep lam=0.16681005372000587 epoch 1/25 time=0.03s device=cuda
INFO:src.estimators.masked_ae:[masked-ae] sweep lam=0.16681005372000587 epoch 2/25 time=0.03s device=cuda
INFO:src.estimators.masked_ae:[masked-ae] sweep lam=0.16681005372000587 epoch 3/25 time=0.03s device=cuda
INFO:src.estimators.masked_ae:[masked-ae] sweep lam=0.16681005372000587 epoch 4/25 time=0.03s device=cuda
INFO:src.estimators.masked_ae:[masked-ae] sweep lam=0.16681005372000587 epoch 5/25 time=0.03s device=cuda
INFO:src.estimators.masked_ae:[masked-ae] sweep lam=0.16681005372000587 epoch 6/25 time=0.03s device=cuda
INFO:src.estimators.masked_ae:[masked-ae] sweep lam=0.16681005372000587 epoch 7/25 time=0.03s device=cuda
INFO:src.estimators.masked_ae:[masked-ae] sweep lam=0.16681005372000587 epoch 8/25 time=0.03s device=cuda
INFO:src.estimators.masked_ae:[masked-ae] sweep lam=0.16681005372000587 epoch 9/25 time=0.03s device=cuda
INFO:src.estimators.masked_ae:[masked-ae] sweep lam=0.16681005372000587 epoch 10/25 time=0.03s device=cuda
INFO:src.estimators.masked_ae:[masked-ae] sweep lam=0.16681005372000587 epoch 11/25 time=0.03s device=cuda
INFO:src.estimators.masked_ae:[masked-ae] sweep lam=0.16681005372000587 epoch 12/25 time=0.03s device=cuda
INFO:src.estimators.masked_ae:[masked-ae] sweep lam=0.16681005372000587 epoch 13/25 time=0.03s device=cuda
INFO:src.estimators.masked_ae:[masked-ae] sweep lam=0.16681005372000587 epoch 14/25 time=0.04s device=cuda
INFO:src.estimators.masked_ae:[masked-ae] sweep lam=0.16681005372000587 epoch 15/25 time=0.04s device=cuda
INFO:src.estimators.masked_ae:[masked-ae] sweep lam=0.16681005372000587 epoch 16/25 time=0.03s device=cuda
INFO:src.estimators.masked_ae:[masked-ae] sweep lam=0.16681005372000587 epoch 17/25 time=0.04s device=cuda
INFO:src.estimators.masked_ae:[masked-ae] sweep lam=0.16681005372000587 epoch 18/25 time=0.04s device=cuda
INFO:src.estimators.masked_ae:[masked-ae] sweep lam=0.16681005372000587 epoch 19/25 time=0.04s device=cuda
INFO:src.estimators.masked_ae:[masked-ae] sweep lam=0.16681005372000587 epoch 20/25 time=0.03s device=cuda
INFO:src.estimators.masked_ae:[masked-ae] sweep lam=0.16681005372000587 epoch 21/25 time=0.03s device=cuda
INFO:src.estimators.masked_ae:[masked-ae] sweep lam=0.16681005372000587 epoch 22/25 time=0.03s device=cuda
INFO:src.estimators.masked_ae:[masked-ae] sweep lam=0.16681005372000587 epoch 23/25 time=0.04s device=cuda
INFO:src.estimators.masked_ae:[masked-ae] sweep lam=0.16681005372000587 epoch 24/25 time=0.03s device=cuda
INFO:src.estimators.masked_ae:[masked-ae] sweep lam=0.16681005372000587 epoch 25/25 time=0.05s device=cuda
INFO:src.estimators.masked_ae:[masked-ae] sweep lam=0.2782559402207124 epoch 1/25 time=0.04s device=cuda
INFO:src.estimators.masked_ae:[masked-ae] sweep lam=0.2782559402207124 epoch 2/25 time=0.04s device=cuda
INFO:src.estimators.masked_ae:[masked-ae] sweep lam=0.2782559402207124 epoch 3/25 time=0.04s device=cuda
INFO:src.estimators.masked_ae:[masked-ae] sweep lam=0.2782559402207124 epoch 4/25 time=0.04s device=cuda
INFO:src.estimators.masked_ae:[masked-ae] sweep lam=0.2782559402207124 epoch 5/25 time=0.04s device=cuda
INFO:src.estimators.masked_ae:[masked-ae] sweep lam=0.2782559402207124 epoch 6/25 time=0.04s device=cuda
INFO:src.estimators.masked_ae:[masked-ae] sweep lam=0.2782559402207124 epoch 7/25 time=0.03s device=cuda
INFO:src.estimators.masked_ae:[masked-ae] sweep lam=0.2782559402207124 epoch 8/25 time=0.04s device=cuda
INFO:src.estimators.masked_ae:[masked-ae] sweep lam=0.2782559402207124 epoch 9/25 time=0.04s device=cuda
INFO:src.estimators.masked_ae:[masked-ae] sweep lam=0.2782559402207124 epoch 10/25 time=0.04s device=cuda
INFO:src.estimators.masked_ae:[masked-ae] sweep lam=0.2782559402207124 epoch 11/25 time=0.04s device=cuda
INFO:src.estimators.masked_ae:[masked-ae] sweep lam=0.2782559402207124 epoch 12/25 time=0.04s device=cuda
INFO:src.estimators.masked_ae:[masked-ae] sweep lam=0.2782559402207124 epoch 13/25 time=0.04s device=cuda
INFO:src.estimators.masked_ae:[masked-ae] sweep lam=0.2782559402207124 epoch 14/25 time=0.03s device=cuda
INFO:src.estimators.masked_ae:[masked-ae] sweep lam=0.2782559402207124 epoch 15/25 time=0.04s device=cuda
INFO:src.estimators.masked_ae:[masked-ae] sweep lam=0.2782559402207124 epoch 16/25 time=0.05s device=cuda
INFO:src.estimators.masked_ae:[masked-ae] sweep lam=0.2782559402207124 epoch 17/25 time=0.04s device=cuda
INFO:src.estimators.masked_ae:[masked-ae] sweep lam=0.2782559402207124 epoch 18/25 time=0.04s device=cuda
INFO:src.estimators.masked_ae:[masked-ae] sweep lam=0.2782559402207124 epoch 19/25 time=0.04s device=cuda
INFO:src.estimators.masked_ae:[masked-ae] sweep lam=0.2782559402207124 epoch 20/25 time=0.05s device=cuda
INFO:src.estimators.masked_ae:[masked-ae] sweep lam=0.2782559402207124 epoch 21/25 time=0.03s device=cuda
INFO:src.estimators.masked_ae:[masked-ae] sweep lam=0.2782559402207124 epoch 22/25 time=0.03s device=cuda
INFO:src.estimators.masked_ae:[masked-ae] sweep lam=0.2782559402207124 epoch 23/25 time=0.04s device=cuda
INFO:src.estimators.masked_ae:[masked-ae] sweep lam=0.2782559402207124 epoch 24/25 time=0.03s device=cuda
INFO:src.estimators.masked_ae:[masked-ae] sweep lam=0.2782559402207124 epoch 25/25 time=0.03s device=cuda
INFO:src.estimators.masked_ae:[masked-ae] sweep lam=0.46415888336127786 epoch 1/25 time=0.04s device=cuda
INFO:src.estimators.masked_ae:[masked-ae] sweep lam=0.46415888336127786 epoch 2/25 time=0.04s device=cuda
INFO:src.estimators.masked_ae:[masked-ae] sweep lam=0.46415888336127786 epoch 3/25 time=0.04s device=cuda
INFO:src.estimators.masked_ae:[masked-ae] sweep lam=0.46415888336127786 epoch 4/25 time=0.04s device=cuda
INFO:src.estimators.masked_ae:[masked-ae] sweep lam=0.46415888336127786 epoch 5/25 time=0.04s device=cuda
INFO:src.estimators.masked_ae:[masked-ae] sweep lam=0.46415888336127786 epoch 6/25 time=0.04s device=cuda
INFO:src.estimators.masked_ae:[masked-ae] sweep lam=0.46415888336127786 epoch 7/25 time=0.03s device=cuda
INFO:src.estimators.masked_ae:[masked-ae] sweep lam=0.46415888336127786 epoch 8/25 time=0.04s device=cuda
INFO:src.estimators.masked_ae:[masked-ae] sweep lam=0.46415888336127786 epoch 9/25 time=0.04s device=cuda
INFO:src.estimators.masked_ae:[masked-ae] sweep lam=0.46415888336127786 epoch 10/25 time=0.03s device=cuda
INFO:src.estimators.masked_ae:[masked-ae] sweep lam=0.46415888336127786 epoch 11/25 time=0.03s device=cuda
INFO:src.estimators.masked_ae:[masked-ae] sweep lam=0.46415888336127786 epoch 12/25 time=0.03s device=cuda
INFO:src.estimators.masked_ae:[masked-ae] sweep lam=0.46415888336127786 epoch 13/25 time=0.03s device=cuda
INFO:src.estimators.masked_ae:[masked-ae] sweep lam=0.46415888336127786 epoch 14/25 time=0.03s device=cuda
INFO:src.estimators.masked_ae:[masked-ae] sweep lam=0.46415888336127786 epoch 15/25 time=0.03s device=cuda
INFO:src.estimators.masked_ae:[masked-ae] sweep lam=0.46415888336127786 epoch 16/25 time=0.03s device=cuda
INFO:src.estimators.masked_ae:[masked-ae] sweep lam=0.46415888336127786 epoch 17/25 time=0.04s device=cuda
INFO:src.estimators.masked_ae:[masked-ae] sweep lam=0.46415888336127786 epoch 18/25 time=0.03s device=cuda
INFO:src.estimators.masked_ae:[masked-ae] sweep lam=0.46415888336127786 epoch 19/25 time=0.03s device=cuda
INFO:src.estimators.masked_ae:[masked-ae] sweep lam=0.46415888336127786 epoch 20/25 time=0.06s device=cuda
INFO:src.estimators.masked_ae:[masked-ae] sweep lam=0.46415888336127786 epoch 21/25 time=0.03s device=cuda
INFO:src.estimators.masked_ae:[masked-ae] sweep lam=0.46415888336127786 epoch 22/25 time=0.03s device=cuda
INFO:src.estimators.masked_ae:[masked-ae] sweep lam=0.46415888336127786 epoch 23/25 time=0.03s device=cuda
INFO:src.estimators.masked_ae:[masked-ae] sweep lam=0.46415888336127786 epoch 24/25 time=0.03s device=cuda
INFO:src.estimators.masked_ae:[masked-ae] sweep lam=0.46415888336127786 epoch 25/25 time=0.05s device=cuda
INFO:src.estimators.masked_ae:[masked-ae] sweep lam=0.774263682681127 epoch 1/25 time=0.03s device=cuda
INFO:src.estimators.masked_ae:[masked-ae] sweep lam=0.774263682681127 epoch 2/25 time=0.03s device=cuda
INFO:src.estimators.masked_ae:[masked-ae] sweep lam=0.774263682681127 epoch 3/25 time=0.03s device=cuda
INFO:src.estimators.masked_ae:[masked-ae] sweep lam=0.774263682681127 epoch 4/25 time=0.06s device=cuda
INFO:src.estimators.masked_ae:[masked-ae] sweep lam=0.774263682681127 epoch 5/25 time=0.04s device=cuda
INFO:src.estimators.masked_ae:[masked-ae] sweep lam=0.774263682681127 epoch 6/25 time=0.05s device=cuda
INFO:src.estimators.masked_ae:[masked-ae] sweep lam=0.774263682681127 epoch 7/25 time=0.04s device=cuda
INFO:src.estimators.masked_ae:[masked-ae] sweep lam=0.774263682681127 epoch 8/25 time=0.05s device=cuda
INFO:src.estimators.masked_ae:[masked-ae] sweep lam=0.774263682681127 epoch 9/25 time=0.03s device=cuda
INFO:src.estimators.masked_ae:[masked-ae] sweep lam=0.774263682681127 epoch 10/25 time=0.03s device=cuda
INFO:src.estimators.masked_ae:[masked-ae] sweep lam=0.774263682681127 epoch 11/25 time=0.05s device=cuda
INFO:src.estimators.masked_ae:[masked-ae] sweep lam=0.774263682681127 epoch 12/25 time=0.05s device=cuda
INFO:src.estimators.masked_ae:[masked-ae] sweep lam=0.774263682681127 epoch 13/25 time=0.03s device=cuda
INFO:src.estimators.masked_ae:[masked-ae] sweep lam=0.774263682681127 epoch 14/25 time=0.04s device=cuda
INFO:src.estimators.masked_ae:[masked-ae] sweep lam=0.774263682681127 epoch 15/25 time=0.04s device=cuda
INFO:src.estimators.masked_ae:[masked-ae] sweep lam=0.774263682681127 epoch 16/25 time=0.07s device=cuda
INFO:src.estimators.masked_ae:[masked-ae] sweep lam=0.774263682681127 epoch 17/25 time=0.04s device=cuda
INFO:src.estimators.masked_ae:[masked-ae] sweep lam=0.774263682681127 epoch 18/25 time=0.04s device=cuda
INFO:src.estimators.masked_ae:[masked-ae] sweep lam=0.774263682681127 epoch 19/25 time=0.03s device=cuda
INFO:src.estimators.masked_ae:[masked-ae] sweep lam=0.774263682681127 epoch 20/25 time=0.04s device=cuda
INFO:src.estimators.masked_ae:[masked-ae] sweep lam=0.774263682681127 epoch 21/25 time=0.04s device=cuda
INFO:src.estimators.masked_ae:[masked-ae] sweep lam=0.774263682681127 epoch 22/25 time=0.03s device=cuda
INFO:src.estimators.masked_ae:[masked-ae] sweep lam=0.774263682681127 epoch 23/25 time=0.04s device=cuda
INFO:src.estimators.masked_ae:[masked-ae] sweep lam=0.774263682681127 epoch 24/25 time=0.04s device=cuda
INFO:src.estimators.masked_ae:[masked-ae] sweep lam=0.774263682681127 epoch 25/25 time=0.04s device=cuda
INFO:src.estimators.masked_ae:[masked-ae] sweep lam=1.291549665014884 epoch 1/25 time=0.04s device=cuda
INFO:src.estimators.masked_ae:[masked-ae] sweep lam=1.291549665014884 epoch 2/25 time=0.04s device=cuda
INFO:src.estimators.masked_ae:[masked-ae] sweep lam=1.291549665014884 epoch 3/25 time=0.04s device=cuda
INFO:src.estimators.masked_ae:[masked-ae] sweep lam=1.291549665014884 epoch 4/25 time=0.04s device=cuda
INFO:src.estimators.masked_ae:[masked-ae] sweep lam=1.291549665014884 epoch 5/25 time=0.04s device=cuda
INFO:src.estimators.masked_ae:[masked-ae] sweep lam=1.291549665014884 epoch 6/25 time=0.04s device=cuda
INFO:src.estimators.masked_ae:[masked-ae] sweep lam=1.291549665014884 epoch 7/25 time=0.04s device=cuda
INFO:src.estimators.masked_ae:[masked-ae] sweep lam=1.291549665014884 epoch 8/25 time=0.04s device=cuda
INFO:src.estimators.masked_ae:[masked-ae] sweep lam=1.291549665014884 epoch 9/25 time=0.04s device=cuda
INFO:src.estimators.masked_ae:[masked-ae] sweep lam=1.291549665014884 epoch 10/25 time=0.04s device=cuda
INFO:src.estimators.masked_ae:[masked-ae] sweep lam=1.291549665014884 epoch 11/25 time=0.04s device=cuda
INFO:src.estimators.masked_ae:[masked-ae] sweep lam=1.291549665014884 epoch 12/25 time=0.04s device=cuda
INFO:src.estimators.masked_ae:[masked-ae] sweep lam=1.291549665014884 epoch 13/25 time=0.04s device=cuda
INFO:src.estimators.masked_ae:[masked-ae] sweep lam=1.291549665014884 epoch 14/25 time=0.03s device=cuda
INFO:src.estimators.masked_ae:[masked-ae] sweep lam=1.291549665014884 epoch 15/25 time=0.03s device=cuda
INFO:src.estimators.masked_ae:[masked-ae] sweep lam=1.291549665014884 epoch 16/25 time=0.03s device=cuda
INFO:src.estimators.masked_ae:[masked-ae] sweep lam=1.291549665014884 epoch 17/25 time=0.03s device=cuda
INFO:src.estimators.masked_ae:[masked-ae] sweep lam=1.291549665014884 epoch 18/25 time=0.03s device=cuda
INFO:src.estimators.masked_ae:[masked-ae] sweep lam=1.291549665014884 epoch 19/25 time=0.03s device=cuda
INFO:src.estimators.masked_ae:[masked-ae] sweep lam=1.291549665014884 epoch 20/25 time=0.03s device=cuda
INFO:src.estimators.masked_ae:[masked-ae] sweep lam=1.291549665014884 epoch 21/25 time=0.03s device=cuda
INFO:src.estimators.masked_ae:[masked-ae] sweep lam=1.291549665014884 epoch 22/25 time=0.03s device=cuda
INFO:src.estimators.masked_ae:[masked-ae] sweep lam=1.291549665014884 epoch 23/25 time=0.03s device=cuda
INFO:src.estimators.masked_ae:[masked-ae] sweep lam=1.291549665014884 epoch 24/25 time=0.03s device=cuda
INFO:src.estimators.masked_ae:[masked-ae] sweep lam=1.291549665014884 epoch 25/25 time=0.04s device=cuda
INFO:src.estimators.masked_ae:[masked-ae] sweep lam=2.1544346900318834 epoch 1/25 time=0.03s device=cuda
INFO:src.estimators.masked_ae:[masked-ae] sweep lam=2.1544346900318834 epoch 2/25 time=0.04s device=cuda
INFO:src.estimators.masked_ae:[masked-ae] sweep lam=2.1544346900318834 epoch 3/25 time=0.04s device=cuda
INFO:src.estimators.masked_ae:[masked-ae] sweep lam=2.1544346900318834 epoch 4/25 time=0.03s device=cuda
INFO:src.estimators.masked_ae:[masked-ae] sweep lam=2.1544346900318834 epoch 5/25 time=0.03s device=cuda
INFO:src.estimators.masked_ae:[masked-ae] sweep lam=2.1544346900318834 epoch 6/25 time=0.04s device=cuda
INFO:src.estimators.masked_ae:[masked-ae] sweep lam=2.1544346900318834 epoch 7/25 time=0.04s device=cuda
INFO:src.estimators.masked_ae:[masked-ae] sweep lam=2.1544346900318834 epoch 8/25 time=0.03s device=cuda
INFO:src.estimators.masked_ae:[masked-ae] sweep lam=2.1544346900318834 epoch 9/25 time=0.03s device=cuda
INFO:src.estimators.masked_ae:[masked-ae] sweep lam=2.1544346900318834 epoch 10/25 time=0.03s device=cuda
INFO:src.estimators.masked_ae:[masked-ae] sweep lam=2.1544346900318834 epoch 11/25 time=0.03s device=cuda
INFO:src.estimators.masked_ae:[masked-ae] sweep lam=2.1544346900318834 epoch 12/25 time=0.04s device=cuda
INFO:src.estimators.masked_ae:[masked-ae] sweep lam=2.1544346900318834 epoch 13/25 time=0.04s device=cuda
INFO:src.estimators.masked_ae:[masked-ae] sweep lam=2.1544346900318834 epoch 14/25 time=0.04s device=cuda
INFO:src.estimators.masked_ae:[masked-ae] sweep lam=2.1544346900318834 epoch 15/25 time=0.04s device=cuda
INFO:src.estimators.masked_ae:[masked-ae] sweep lam=2.1544346900318834 epoch 16/25 time=0.04s device=cuda
INFO:src.estimators.masked_ae:[masked-ae] sweep lam=2.1544346900318834 epoch 17/25 time=0.04s device=cuda
INFO:src.estimators.masked_ae:[masked-ae] sweep lam=2.1544346900318834 epoch 18/25 time=0.03s device=cuda
INFO:src.estimators.masked_ae:[masked-ae] sweep lam=2.1544346900318834 epoch 19/25 time=0.04s device=cuda
INFO:src.estimators.masked_ae:[masked-ae] sweep lam=2.1544346900318834 epoch 20/25 time=0.04s device=cuda
INFO:src.estimators.masked_ae:[masked-ae] sweep lam=2.1544346900318834 epoch 21/25 time=0.03s device=cuda
INFO:src.estimators.masked_ae:[masked-ae] sweep lam=2.1544346900318834 epoch 22/25 time=0.03s device=cuda
INFO:src.estimators.masked_ae:[masked-ae] sweep lam=2.1544346900318834 epoch 23/25 time=0.03s device=cuda
INFO:src.estimators.masked_ae:[masked-ae] sweep lam=2.1544346900318834 epoch 24/25 time=0.03s device=cuda
INFO:src.estimators.masked_ae:[masked-ae] sweep lam=2.1544346900318834 epoch 25/25 time=0.04s device=cuda
INFO:src.estimators.masked_ae:[masked-ae] sweep lam=3.593813663804626 epoch 1/25 time=0.04s device=cuda
INFO:src.estimators.masked_ae:[masked-ae] sweep lam=3.593813663804626 epoch 2/25 time=0.04s device=cuda
INFO:src.estimators.masked_ae:[masked-ae] sweep lam=3.593813663804626 epoch 3/25 time=0.04s device=cuda
INFO:src.estimators.masked_ae:[masked-ae] sweep lam=3.593813663804626 epoch 4/25 time=0.04s device=cuda
INFO:src.estimators.masked_ae:[masked-ae] sweep lam=3.593813663804626 epoch 5/25 time=0.04s device=cuda
INFO:src.estimators.masked_ae:[masked-ae] sweep lam=3.593813663804626 epoch 6/25 time=0.04s device=cuda
INFO:src.estimators.masked_ae:[masked-ae] sweep lam=3.593813663804626 epoch 7/25 time=0.03s device=cuda
INFO:src.estimators.masked_ae:[masked-ae] sweep lam=3.593813663804626 epoch 8/25 time=0.06s device=cuda
INFO:src.estimators.masked_ae:[masked-ae] sweep lam=3.593813663804626 epoch 9/25 time=0.05s device=cuda
INFO:src.estimators.masked_ae:[masked-ae] sweep lam=3.593813663804626 epoch 10/25 time=0.03s device=cuda
INFO:src.estimators.masked_ae:[masked-ae] sweep lam=3.593813663804626 epoch 11/25 time=0.06s device=cuda
INFO:src.estimators.masked_ae:[masked-ae] sweep lam=3.593813663804626 epoch 12/25 time=0.05s device=cuda
INFO:src.estimators.masked_ae:[masked-ae] sweep lam=3.593813663804626 epoch 13/25 time=0.03s device=cuda
INFO:src.estimators.masked_ae:[masked-ae] sweep lam=3.593813663804626 epoch 14/25 time=0.03s device=cuda
INFO:src.estimators.masked_ae:[masked-ae] sweep lam=3.593813663804626 epoch 15/25 time=0.03s device=cuda
INFO:src.estimators.masked_ae:[masked-ae] sweep lam=3.593813663804626 epoch 16/25 time=0.03s device=cuda
INFO:src.estimators.masked_ae:[masked-ae] sweep lam=3.593813663804626 epoch 17/25 time=0.04s device=cuda
INFO:src.estimators.masked_ae:[masked-ae] sweep lam=3.593813663804626 epoch 18/25 time=0.08s device=cuda
INFO:src.estimators.masked_ae:[masked-ae] sweep lam=3.593813663804626 epoch 19/25 time=0.03s device=cuda
INFO:src.estimators.masked_ae:[masked-ae] sweep lam=3.593813663804626 epoch 20/25 time=0.03s device=cuda
INFO:src.estimators.masked_ae:[masked-ae] sweep lam=3.593813663804626 epoch 21/25 time=0.03s device=cuda
INFO:src.estimators.masked_ae:[masked-ae] sweep lam=3.593813663804626 epoch 22/25 time=0.03s device=cuda
INFO:src.estimators.masked_ae:[masked-ae] sweep lam=3.593813663804626 epoch 23/25 time=0.04s device=cuda
INFO:src.estimators.masked_ae:[masked-ae] sweep lam=3.593813663804626 epoch 24/25 time=0.05s device=cuda
INFO:src.estimators.masked_ae:[masked-ae] sweep lam=3.593813663804626 epoch 25/25 time=0.07s device=cuda
INFO:src.estimators.masked_ae:[masked-ae] sweep lam=5.994842503189409 epoch 1/25 time=0.03s device=cuda
INFO:src.estimators.masked_ae:[masked-ae] sweep lam=5.994842503189409 epoch 2/25 time=0.03s device=cuda
INFO:src.estimators.masked_ae:[masked-ae] sweep lam=5.994842503189409 epoch 3/25 time=0.03s device=cuda
INFO:src.estimators.masked_ae:[masked-ae] sweep lam=5.994842503189409 epoch 4/25 time=0.03s device=cuda
INFO:src.estimators.masked_ae:[masked-ae] sweep lam=5.994842503189409 epoch 5/25 time=0.03s device=cuda
INFO:src.estimators.masked_ae:[masked-ae] sweep lam=5.994842503189409 epoch 6/25 time=0.03s device=cuda
INFO:src.estimators.masked_ae:[masked-ae] sweep lam=5.994842503189409 epoch 7/25 time=0.03s device=cuda
INFO:src.estimators.masked_ae:[masked-ae] sweep lam=5.994842503189409 epoch 8/25 time=0.03s device=cuda
INFO:src.estimators.masked_ae:[masked-ae] sweep lam=5.994842503189409 epoch 9/25 time=0.03s device=cuda
INFO:src.estimators.masked_ae:[masked-ae] sweep lam=5.994842503189409 epoch 10/25 time=0.03s device=cuda
INFO:src.estimators.masked_ae:[masked-ae] sweep lam=5.994842503189409 epoch 11/25 time=0.03s device=cuda
INFO:src.estimators.masked_ae:[masked-ae] sweep lam=5.994842503189409 epoch 12/25 time=0.03s device=cuda
INFO:src.estimators.masked_ae:[masked-ae] sweep lam=5.994842503189409 epoch 13/25 time=0.03s device=cuda
INFO:src.estimators.masked_ae:[masked-ae] sweep lam=5.994842503189409 epoch 14/25 time=0.04s device=cuda
INFO:src.estimators.masked_ae:[masked-ae] sweep lam=5.994842503189409 epoch 15/25 time=0.07s device=cuda
INFO:src.estimators.masked_ae:[masked-ae] sweep lam=5.994842503189409 epoch 16/25 time=0.03s device=cuda
INFO:src.estimators.masked_ae:[masked-ae] sweep lam=5.994842503189409 epoch 17/25 time=0.03s device=cuda
INFO:src.estimators.masked_ae:[masked-ae] sweep lam=5.994842503189409 epoch 18/25 time=0.03s device=cuda
INFO:src.estimators.masked_ae:[masked-ae] sweep lam=5.994842503189409 epoch 19/25 time=0.03s device=cuda
INFO:src.estimators.masked_ae:[masked-ae] sweep lam=5.994842503189409 epoch 20/25 time=0.04s device=cuda
INFO:src.estimators.masked_ae:[masked-ae] sweep lam=5.994842503189409 epoch 21/25 time=0.03s device=cuda
INFO:src.estimators.masked_ae:[masked-ae] sweep lam=5.994842503189409 epoch 22/25 time=0.03s device=cuda
INFO:src.estimators.masked_ae:[masked-ae] sweep lam=5.994842503189409 epoch 23/25 time=0.03s device=cuda
INFO:src.estimators.masked_ae:[masked-ae] sweep lam=5.994842503189409 epoch 24/25 time=0.07s device=cuda
INFO:src.estimators.masked_ae:[masked-ae] sweep lam=5.994842503189409 epoch 25/25 time=0.03s device=cuda
INFO:src.estimators.masked_ae:[masked-ae] sweep lam=10.0 epoch 1/25 time=0.03s device=cuda
INFO:src.estimators.masked_ae:[masked-ae] sweep lam=10.0 epoch 2/25 time=0.03s device=cuda
INFO:src.estimators.masked_ae:[masked-ae] sweep lam=10.0 epoch 3/25 time=0.03s device=cuda
INFO:src.estimators.masked_ae:[masked-ae] sweep lam=10.0 epoch 4/25 time=0.03s device=cuda
INFO:src.estimators.masked_ae:[masked-ae] sweep lam=10.0 epoch 5/25 time=0.03s device=cuda
INFO:src.estimators.masked_ae:[masked-ae] sweep lam=10.0 epoch 6/25 time=0.03s device=cuda
INFO:src.estimators.masked_ae:[masked-ae] sweep lam=10.0 epoch 7/25 time=0.03s device=cuda
INFO:src.estimators.masked_ae:[masked-ae] sweep lam=10.0 epoch 8/25 time=0.04s device=cuda
INFO:src.estimators.masked_ae:[masked-ae] sweep lam=10.0 epoch 9/25 time=0.03s device=cuda
INFO:src.estimators.masked_ae:[masked-ae] sweep lam=10.0 epoch 10/25 time=0.03s device=cuda
INFO:src.estimators.masked_ae:[masked-ae] sweep lam=10.0 epoch 11/25 time=0.03s device=cuda
INFO:src.estimators.masked_ae:[masked-ae] sweep lam=10.0 epoch 12/25 time=0.03s device=cuda
INFO:src.estimators.masked_ae:[masked-ae] sweep lam=10.0 epoch 13/25 time=0.03s device=cuda
INFO:src.estimators.masked_ae:[masked-ae] sweep lam=10.0 epoch 14/25 time=0.03s device=cuda
INFO:src.estimators.masked_ae:[masked-ae] sweep lam=10.0 epoch 15/25 time=0.03s device=cuda
INFO:src.estimators.masked_ae:[masked-ae] sweep lam=10.0 epoch 16/25 time=0.03s device=cuda
INFO:src.estimators.masked_ae:[masked-ae] sweep lam=10.0 epoch 17/25 time=0.04s device=cuda
INFO:src.estimators.masked_ae:[masked-ae] sweep lam=10.0 epoch 18/25 time=0.03s device=cuda
INFO:src.estimators.masked_ae:[masked-ae] sweep lam=10.0 epoch 19/25 time=0.03s device=cuda
INFO:src.estimators.masked_ae:[masked-ae] sweep lam=10.0 epoch 20/25 time=0.03s device=cuda
INFO:src.estimators.masked_ae:[masked-ae] sweep lam=10.0 epoch 21/25 time=0.03s device=cuda
INFO:src.estimators.masked_ae:[masked-ae] sweep lam=10.0 epoch 22/25 time=0.03s device=cuda
INFO:src.estimators.masked_ae:[masked-ae] sweep lam=10.0 epoch 23/25 time=0.03s device=cuda
INFO:src.estimators.masked_ae:[masked-ae] sweep lam=10.0 epoch 24/25 time=0.03s device=cuda
INFO:src.estimators.masked_ae:[masked-ae] sweep lam=10.0 epoch 25/25 time=0.05s device=cuda
INFO:src.estimators.masked_ae:[masked-ae] retrain epoch 1/35 time=0.03s device=cuda
INFO:src.estimators.masked_ae:[masked-ae] retrain epoch 2/35 time=0.03s device=cuda
INFO:src.estimators.masked_ae:[masked-ae] retrain epoch 3/35 time=0.04s device=cuda
INFO:src.estimators.masked_ae:[masked-ae] retrain epoch 4/35 time=0.06s device=cuda
INFO:src.estimators.masked_ae:[masked-ae] retrain epoch 5/35 time=0.03s device=cuda
INFO:src.estimators.masked_ae:[masked-ae] retrain epoch 6/35 time=0.03s device=cuda
INFO:src.estimators.masked_ae:[masked-ae] retrain epoch 7/35 time=0.03s device=cuda
INFO:src.estimators.masked_ae:[masked-ae] retrain epoch 8/35 time=0.03s device=cuda
INFO:src.estimators.masked_ae:[masked-ae] retrain epoch 9/35 time=0.03s device=cuda
INFO:src.estimators.masked_ae:[masked-ae] retrain epoch 10/35 time=0.06s device=cuda
INFO:src.estimators.masked_ae:[masked-ae] retrain epoch 11/35 time=0.03s device=cuda
INFO:src.estimators.masked_ae:[masked-ae] retrain epoch 12/35 time=0.04s device=cuda
INFO:src.estimators.masked_ae:[masked-ae] retrain epoch 13/35 time=0.04s device=cuda
INFO:src.estimators.masked_ae:[masked-ae] retrain epoch 14/35 time=0.04s device=cuda
INFO:src.estimators.masked_ae:[masked-ae] retrain epoch 15/35 time=0.04s device=cuda
INFO:src.estimators.masked_ae:[masked-ae] retrain epoch 16/35 time=0.06s device=cuda
INFO:src.estimators.masked_ae:[masked-ae] retrain epoch 17/35 time=0.04s device=cuda
INFO:src.estimators.masked_ae:[masked-ae] retrain epoch 18/35 time=0.04s device=cuda
INFO:src.estimators.masked_ae:[masked-ae] retrain epoch 19/35 time=0.08s device=cuda
INFO:src.estimators.masked_ae:[masked-ae] retrain epoch 20/35 time=0.08s device=cuda
INFO:src.estimators.masked_ae:[masked-ae] retrain epoch 21/35 time=0.05s device=cuda
INFO:src.estimators.masked_ae:[masked-ae] retrain epoch 22/35 time=0.04s device=cuda
INFO:src.estimators.masked_ae:[masked-ae] retrain epoch 23/35 time=0.03s device=cuda
INFO:src.estimators.masked_ae:[masked-ae] retrain epoch 24/35 time=0.04s device=cuda
INFO:src.estimators.masked_ae:[masked-ae] retrain epoch 25/35 time=0.04s device=cuda
INFO:src.estimators.masked_ae:[masked-ae] retrain epoch 26/35 time=0.04s device=cuda
INFO:src.estimators.masked_ae:[masked-ae] retrain epoch 27/35 time=0.04s device=cuda
INFO:src.estimators.masked_ae:[masked-ae] retrain epoch 28/35 time=0.04s device=cuda
INFO:src.estimators.masked_ae:[masked-ae] retrain epoch 29/35 time=0.04s device=cuda
INFO:src.estimators.masked_ae:[masked-ae] retrain epoch 30/35 time=0.06s device=cuda
INFO:src.estimators.masked_ae:[masked-ae] retrain epoch 31/35 time=0.04s device=cuda
INFO:src.estimators.masked_ae:[masked-ae] retrain epoch 32/35 time=0.03s device=cuda
INFO:src.estimators.masked_ae:[masked-ae] retrain epoch 33/35 time=0.03s device=cuda
INFO:src.estimators.masked_ae:[masked-ae] retrain epoch 34/35 time=0.03s device=cuda
INFO:src.estimators.masked_ae:[masked-ae] retrain epoch 35/35 time=0.03s device=cuda
INFO:repair_masked_ae:Group ('mnist', 5, 0.0, 1) repaired: estimate=14.0 elapsed_s=12.88 device=cuda samples=2000 rows=5
INFO:repair_masked_ae:Processing group key=('mnist', 5, 0.25, 1) with 5 rows; example row 65
INFO:src.estimators.masked_ae:[masked-ae] pretrain epoch 1/10 time=0.03s device=cuda
INFO:src.estimators.masked_ae:[masked-ae] pretrain epoch 2/10 time=0.03s device=cuda
INFO:src.estimators.masked_ae:[masked-ae] pretrain epoch 3/10 time=0.03s device=cuda
INFO:src.estimators.masked_ae:[masked-ae] pretrain epoch 4/10 time=0.03s device=cuda
INFO:src.estimators.masked_ae:[masked-ae] pretrain epoch 5/10 time=0.03s device=cuda
INFO:src.estimators.masked_ae:[masked-ae] pretrain epoch 6/10 time=0.03s device=cuda
INFO:src.estimators.masked_ae:[masked-ae] pretrain epoch 7/10 time=0.03s device=cuda
INFO:src.estimators.masked_ae:[masked-ae] pretrain epoch 8/10 time=0.05s device=cuda
INFO:src.estimators.masked_ae:[masked-ae] pretrain epoch 9/10 time=0.03s device=cuda
INFO:src.estimators.masked_ae:[masked-ae] pretrain epoch 10/10 time=0.03s device=cuda
INFO:src.estimators.masked_ae:[masked-ae] sweep lam=0.1 epoch 1/25 time=0.04s device=cuda
INFO:src.estimators.masked_ae:[masked-ae] sweep lam=0.1 epoch 2/25 time=0.04s device=cuda
INFO:src.estimators.masked_ae:[masked-ae] sweep lam=0.1 epoch 3/25 time=0.04s device=cuda
INFO:src.estimators.masked_ae:[masked-ae] sweep lam=0.1 epoch 4/25 time=0.04s device=cuda
INFO:src.estimators.masked_ae:[masked-ae] sweep lam=0.1 epoch 5/25 time=0.04s device=cuda
INFO:src.estimators.masked_ae:[masked-ae] sweep lam=0.1 epoch 6/25 time=0.03s device=cuda
INFO:src.estimators.masked_ae:[masked-ae] sweep lam=0.1 epoch 7/25 time=0.04s device=cuda
INFO:src.estimators.masked_ae:[masked-ae] sweep lam=0.1 epoch 8/25 time=0.04s device=cuda
INFO:src.estimators.masked_ae:[masked-ae] sweep lam=0.1 epoch 9/25 time=0.04s device=cuda
INFO:src.estimators.masked_ae:[masked-ae] sweep lam=0.1 epoch 10/25 time=0.04s device=cuda
INFO:src.estimators.masked_ae:[masked-ae] sweep lam=0.1 epoch 11/25 time=0.03s device=cuda
INFO:src.estimators.masked_ae:[masked-ae] sweep lam=0.1 epoch 12/25 time=0.04s device=cuda
INFO:src.estimators.masked_ae:[masked-ae] sweep lam=0.1 epoch 13/25 time=0.04s device=cuda
INFO:src.estimators.masked_ae:[masked-ae] sweep lam=0.1 epoch 14/25 time=0.05s device=cuda
INFO:src.estimators.masked_ae:[masked-ae] sweep lam=0.1 epoch 15/25 time=0.03s device=cuda
INFO:src.estimators.masked_ae:[masked-ae] sweep lam=0.1 epoch 16/25 time=0.03s device=cuda
INFO:src.estimators.masked_ae:[masked-ae] sweep lam=0.1 epoch 17/25 time=0.04s device=cuda
INFO:src.estimators.masked_ae:[masked-ae] sweep lam=0.1 epoch 18/25 time=0.05s device=cuda
INFO:src.estimators.masked_ae:[masked-ae] sweep lam=0.1 epoch 19/25 time=0.04s device=cuda
INFO:src.estimators.masked_ae:[masked-ae] sweep lam=0.1 epoch 20/25 time=0.03s device=cuda
INFO:src.estimators.masked_ae:[masked-ae] sweep lam=0.1 epoch 21/25 time=0.04s device=cuda
INFO:src.estimators.masked_ae:[masked-ae] sweep lam=0.1 epoch 22/25 time=0.04s device=cuda
INFO:src.estimators.masked_ae:[masked-ae] sweep lam=0.1 epoch 23/25 time=0.04s device=cuda
INFO:src.estimators.masked_ae:[masked-ae] sweep lam=0.1 epoch 24/25 time=0.05s device=cuda
INFO:src.estimators.masked_ae:[masked-ae] sweep lam=0.1 epoch 25/25 time=0.06s device=cuda
INFO:src.estimators.masked_ae:[masked-ae] sweep lam=0.16681005372000587 epoch 1/25 time=0.06s device=cuda
INFO:src.estimators.masked_ae:[masked-ae] sweep lam=0.16681005372000587 epoch 2/25 time=0.04s device=cuda
INFO:src.estimators.masked_ae:[masked-ae] sweep lam=0.16681005372000587 epoch 3/25 time=0.08s device=cuda
INFO:src.estimators.masked_ae:[masked-ae] sweep lam=0.16681005372000587 epoch 4/25 time=0.08s device=cuda
INFO:src.estimators.masked_ae:[masked-ae] sweep lam=0.16681005372000587 epoch 5/25 time=0.04s device=cuda
INFO:src.estimators.masked_ae:[masked-ae] sweep lam=0.16681005372000587 epoch 6/25 time=0.03s device=cuda
INFO:src.estimators.masked_ae:[masked-ae] sweep lam=0.16681005372000587 epoch 7/25 time=0.04s device=cuda
INFO:src.estimators.masked_ae:[masked-ae] sweep lam=0.16681005372000587 epoch 8/25 time=0.06s device=cuda
INFO:src.estimators.masked_ae:[masked-ae] sweep lam=0.16681005372000587 epoch 9/25 time=0.04s device=cuda
INFO:src.estimators.masked_ae:[masked-ae] sweep lam=0.16681005372000587 epoch 10/25 time=0.05s device=cuda
INFO:src.estimators.masked_ae:[masked-ae] sweep lam=0.16681005372000587 epoch 11/25 time=0.05s device=cuda
INFO:src.estimators.masked_ae:[masked-ae] sweep lam=0.16681005372000587 epoch 12/25 time=0.03s device=cuda
INFO:src.estimators.masked_ae:[masked-ae] sweep lam=0.16681005372000587 epoch 13/25 time=0.03s device=cuda
INFO:src.estimators.masked_ae:[masked-ae] sweep lam=0.16681005372000587 epoch 14/25 time=0.03s device=cuda
INFO:src.estimators.masked_ae:[masked-ae] sweep lam=0.16681005372000587 epoch 15/25 time=0.04s device=cuda
INFO:src.estimators.masked_ae:[masked-ae] sweep lam=0.16681005372000587 epoch 16/25 time=0.04s device=cuda
INFO:src.estimators.masked_ae:[masked-ae] sweep lam=0.16681005372000587 epoch 17/25 time=0.04s device=cuda
INFO:src.estimators.masked_ae:[masked-ae] sweep lam=0.16681005372000587 epoch 18/25 time=0.03s device=cuda
INFO:src.estimators.masked_ae:[masked-ae] sweep lam=0.16681005372000587 epoch 19/25 time=0.03s device=cuda
INFO:src.estimators.masked_ae:[masked-ae] sweep lam=0.16681005372000587 epoch 20/25 time=0.03s device=cuda
INFO:src.estimators.masked_ae:[masked-ae] sweep lam=0.16681005372000587 epoch 21/25 time=0.03s device=cuda
INFO:src.estimators.masked_ae:[masked-ae] sweep lam=0.16681005372000587 epoch 22/25 time=0.03s device=cuda
INFO:src.estimators.masked_ae:[masked-ae] sweep lam=0.16681005372000587 epoch 23/25 time=0.03s device=cuda
INFO:src.estimators.masked_ae:[masked-ae] sweep lam=0.16681005372000587 epoch 24/25 time=0.03s device=cuda
INFO:src.estimators.masked_ae:[masked-ae] sweep lam=0.16681005372000587 epoch 25/25 time=0.03s device=cuda
INFO:src.estimators.masked_ae:[masked-ae] sweep lam=0.2782559402207124 epoch 1/25 time=0.03s device=cuda
INFO:src.estimators.masked_ae:[masked-ae] sweep lam=0.2782559402207124 epoch 2/25 time=0.04s device=cuda
INFO:src.estimators.masked_ae:[masked-ae] sweep lam=0.2782559402207124 epoch 3/25 time=0.04s device=cuda
INFO:src.estimators.masked_ae:[masked-ae] sweep lam=0.2782559402207124 epoch 4/25 time=0.04s device=cuda
INFO:src.estimators.masked_ae:[masked-ae] sweep lam=0.2782559402207124 epoch 5/25 time=0.03s device=cuda
INFO:src.estimators.masked_ae:[masked-ae] sweep lam=0.2782559402207124 epoch 6/25 time=0.03s device=cuda
INFO:src.estimators.masked_ae:[masked-ae] sweep lam=0.2782559402207124 epoch 7/25 time=0.03s device=cuda
INFO:src.estimators.masked_ae:[masked-ae] sweep lam=0.2782559402207124 epoch 8/25 time=0.03s device=cuda
INFO:src.estimators.masked_ae:[masked-ae] sweep lam=0.2782559402207124 epoch 9/25 time=0.03s device=cuda
INFO:src.estimators.masked_ae:[masked-ae] sweep lam=0.2782559402207124 epoch 10/25 time=0.03s device=cuda
INFO:src.estimators.masked_ae:[masked-ae] sweep lam=0.2782559402207124 epoch 11/25 time=0.03s device=cuda
INFO:src.estimators.masked_ae:[masked-ae] sweep lam=0.2782559402207124 epoch 12/25 time=0.03s device=cuda
INFO:src.estimators.masked_ae:[masked-ae] sweep lam=0.2782559402207124 epoch 13/25 time=0.03s device=cuda
INFO:src.estimators.masked_ae:[masked-ae] sweep lam=0.2782559402207124 epoch 14/25 time=0.04s device=cuda
INFO:src.estimators.masked_ae:[masked-ae] sweep lam=0.2782559402207124 epoch 15/25 time=0.04s device=cuda
INFO:src.estimators.masked_ae:[masked-ae] sweep lam=0.2782559402207124 epoch 16/25 time=0.06s device=cuda
INFO:src.estimators.masked_ae:[masked-ae] sweep lam=0.2782559402207124 epoch 17/25 time=0.04s device=cuda
INFO:src.estimators.masked_ae:[masked-ae] sweep lam=0.2782559402207124 epoch 18/25 time=0.03s device=cuda
INFO:src.estimators.masked_ae:[masked-ae] sweep lam=0.2782559402207124 epoch 19/25 time=0.04s device=cuda
INFO:src.estimators.masked_ae:[masked-ae] sweep lam=0.2782559402207124 epoch 20/25 time=0.05s device=cuda
INFO:src.estimators.masked_ae:[masked-ae] sweep lam=0.2782559402207124 epoch 21/25 time=0.03s device=cuda
INFO:src.estimators.masked_ae:[masked-ae] sweep lam=0.2782559402207124 epoch 22/25 time=0.04s device=cuda
INFO:src.estimators.masked_ae:[masked-ae] sweep lam=0.2782559402207124 epoch 23/25 time=0.03s device=cuda
INFO:src.estimators.masked_ae:[masked-ae] sweep lam=0.2782559402207124 epoch 24/25 time=0.03s device=cuda
INFO:src.estimators.masked_ae:[masked-ae] sweep lam=0.2782559402207124 epoch 25/25 time=0.03s device=cuda
INFO:src.estimators.masked_ae:[masked-ae] sweep lam=0.46415888336127786 epoch 1/25 time=0.03s device=cuda
INFO:src.estimators.masked_ae:[masked-ae] sweep lam=0.46415888336127786 epoch 2/25 time=0.03s device=cuda
INFO:src.estimators.masked_ae:[masked-ae] sweep lam=0.46415888336127786 epoch 3/25 time=0.03s device=cuda
INFO:src.estimators.masked_ae:[masked-ae] sweep lam=0.46415888336127786 epoch 4/25 time=0.03s device=cuda
INFO:src.estimators.masked_ae:[masked-ae] sweep lam=0.46415888336127786 epoch 5/25 time=0.03s device=cuda
INFO:src.estimators.masked_ae:[masked-ae] sweep lam=0.46415888336127786 epoch 6/25 time=0.03s device=cuda
INFO:src.estimators.masked_ae:[masked-ae] sweep lam=0.46415888336127786 epoch 7/25 time=0.04s device=cuda
INFO:src.estimators.masked_ae:[masked-ae] sweep lam=0.46415888336127786 epoch 8/25 time=0.05s device=cuda
INFO:src.estimators.masked_ae:[masked-ae] sweep lam=0.46415888336127786 epoch 9/25 time=0.06s device=cuda
INFO:src.estimators.masked_ae:[masked-ae] sweep lam=0.46415888336127786 epoch 10/25 time=0.03s device=cuda
INFO:src.estimators.masked_ae:[masked-ae] sweep lam=0.46415888336127786 epoch 11/25 time=0.03s device=cuda
INFO:src.estimators.masked_ae:[masked-ae] sweep lam=0.46415888336127786 epoch 12/25 time=0.04s device=cuda
INFO:src.estimators.masked_ae:[masked-ae] sweep lam=0.46415888336127786 epoch 13/25 time=0.06s device=cuda
INFO:src.estimators.masked_ae:[masked-ae] sweep lam=0.46415888336127786 epoch 14/25 time=0.06s device=cuda
INFO:src.estimators.masked_ae:[masked-ae] sweep lam=0.46415888336127786 epoch 15/25 time=0.03s device=cuda
INFO:src.estimators.masked_ae:[masked-ae] sweep lam=0.46415888336127786 epoch 16/25 time=0.05s device=cuda
INFO:src.estimators.masked_ae:[masked-ae] sweep lam=0.46415888336127786 epoch 17/25 time=0.04s device=cuda
INFO:src.estimators.masked_ae:[masked-ae] sweep lam=0.46415888336127786 epoch 18/25 time=0.04s device=cuda
INFO:src.estimators.masked_ae:[masked-ae] sweep lam=0.46415888336127786 epoch 19/25 time=0.04s device=cuda
INFO:src.estimators.masked_ae:[masked-ae] sweep lam=0.46415888336127786 epoch 20/25 time=0.04s device=cuda
INFO:src.estimators.masked_ae:[masked-ae] sweep lam=0.46415888336127786 epoch 21/25 time=0.03s device=cuda
INFO:src.estimators.masked_ae:[masked-ae] sweep lam=0.46415888336127786 epoch 22/25 time=0.03s device=cuda
INFO:src.estimators.masked_ae:[masked-ae] sweep lam=0.46415888336127786 epoch 23/25 time=0.03s device=cuda
INFO:src.estimators.masked_ae:[masked-ae] sweep lam=0.46415888336127786 epoch 24/25 time=0.03s device=cuda
INFO:src.estimators.masked_ae:[masked-ae] sweep lam=0.46415888336127786 epoch 25/25 time=0.03s device=cuda
INFO:src.estimators.masked_ae:[masked-ae] sweep lam=0.774263682681127 epoch 1/25 time=0.03s device=cuda
INFO:src.estimators.masked_ae:[masked-ae] sweep lam=0.774263682681127 epoch 2/25 time=0.03s device=cuda
INFO:src.estimators.masked_ae:[masked-ae] sweep lam=0.774263682681127 epoch 3/25 time=0.03s device=cuda
INFO:src.estimators.masked_ae:[masked-ae] sweep lam=0.774263682681127 epoch 4/25 time=0.03s device=cuda
INFO:src.estimators.masked_ae:[masked-ae] sweep lam=0.774263682681127 epoch 5/25 time=0.03s device=cuda
INFO:src.estimators.masked_ae:[masked-ae] sweep lam=0.774263682681127 epoch 6/25 time=0.03s device=cuda
INFO:src.estimators.masked_ae:[masked-ae] sweep lam=0.774263682681127 epoch 7/25 time=0.03s device=cuda
INFO:src.estimators.masked_ae:[masked-ae] sweep lam=0.774263682681127 epoch 8/25 time=0.03s device=cuda
INFO:src.estimators.masked_ae:[masked-ae] sweep lam=0.774263682681127 epoch 9/25 time=0.03s device=cuda
INFO:src.estimators.masked_ae:[masked-ae] sweep lam=0.774263682681127 epoch 10/25 time=0.03s device=cuda
INFO:src.estimators.masked_ae:[masked-ae] sweep lam=0.774263682681127 epoch 11/25 time=0.03s device=cuda
INFO:src.estimators.masked_ae:[masked-ae] sweep lam=0.774263682681127 epoch 12/25 time=0.03s device=cuda
INFO:src.estimators.masked_ae:[masked-ae] sweep lam=0.774263682681127 epoch 13/25 time=0.03s device=cuda
INFO:src.estimators.masked_ae:[masked-ae] sweep lam=0.774263682681127 epoch 14/25 time=0.03s device=cuda
INFO:src.estimators.masked_ae:[masked-ae] sweep lam=0.774263682681127 epoch 15/25 time=0.03s device=cuda
INFO:src.estimators.masked_ae:[masked-ae] sweep lam=0.774263682681127 epoch 16/25 time=0.03s device=cuda
INFO:src.estimators.masked_ae:[masked-ae] sweep lam=0.774263682681127 epoch 17/25 time=0.03s device=cuda
INFO:src.estimators.masked_ae:[masked-ae] sweep lam=0.774263682681127 epoch 18/25 time=0.03s device=cuda
INFO:src.estimators.masked_ae:[masked-ae] sweep lam=0.774263682681127 epoch 19/25 time=0.03s device=cuda
INFO:src.estimators.masked_ae:[masked-ae] sweep lam=0.774263682681127 epoch 20/25 time=0.03s device=cuda
INFO:src.estimators.masked_ae:[masked-ae] sweep lam=0.774263682681127 epoch 21/25 time=0.03s device=cuda
INFO:src.estimators.masked_ae:[masked-ae] sweep lam=0.774263682681127 epoch 22/25 time=0.04s device=cuda
INFO:src.estimators.masked_ae:[masked-ae] sweep lam=0.774263682681127 epoch 23/25 time=0.03s device=cuda
INFO:src.estimators.masked_ae:[masked-ae] sweep lam=0.774263682681127 epoch 24/25 time=0.03s device=cuda
INFO:src.estimators.masked_ae:[masked-ae] sweep lam=0.774263682681127 epoch 25/25 time=0.04s device=cuda
INFO:src.estimators.masked_ae:[masked-ae] sweep lam=1.291549665014884 epoch 1/25 time=0.03s device=cuda
INFO:src.estimators.masked_ae:[masked-ae] sweep lam=1.291549665014884 epoch 2/25 time=0.05s device=cuda
INFO:src.estimators.masked_ae:[masked-ae] sweep lam=1.291549665014884 epoch 3/25 time=0.03s device=cuda
INFO:src.estimators.masked_ae:[masked-ae] sweep lam=1.291549665014884 epoch 4/25 time=0.03s device=cuda
INFO:src.estimators.masked_ae:[masked-ae] sweep lam=1.291549665014884 epoch 5/25 time=0.03s device=cuda
INFO:src.estimators.masked_ae:[masked-ae] sweep lam=1.291549665014884 epoch 6/25 time=0.03s device=cuda
INFO:src.estimators.masked_ae:[masked-ae] sweep lam=1.291549665014884 epoch 7/25 time=0.03s device=cuda
INFO:src.estimators.masked_ae:[masked-ae] sweep lam=1.291549665014884 epoch 8/25 time=0.03s device=cuda
INFO:src.estimators.masked_ae:[masked-ae] sweep lam=1.291549665014884 epoch 9/25 time=0.03s device=cuda
INFO:src.estimators.masked_ae:[masked-ae] sweep lam=1.291549665014884 epoch 10/25 time=0.03s device=cuda
INFO:src.estimators.masked_ae:[masked-ae] sweep lam=1.291549665014884 epoch 11/25 time=0.03s device=cuda
INFO:src.estimators.masked_ae:[masked-ae] sweep lam=1.291549665014884 epoch 12/25 time=0.04s device=cuda
INFO:src.estimators.masked_ae:[masked-ae] sweep lam=1.291549665014884 epoch 13/25 time=0.03s device=cuda
INFO:src.estimators.masked_ae:[masked-ae] sweep lam=1.291549665014884 epoch 14/25 time=0.03s device=cuda
INFO:src.estimators.masked_ae:[masked-ae] sweep lam=1.291549665014884 epoch 15/25 time=0.03s device=cuda
INFO:src.estimators.masked_ae:[masked-ae] sweep lam=1.291549665014884 epoch 16/25 time=0.04s device=cuda
INFO:src.estimators.masked_ae:[masked-ae] sweep lam=1.291549665014884 epoch 17/25 time=0.03s device=cuda
INFO:src.estimators.masked_ae:[masked-ae] sweep lam=1.291549665014884 epoch 18/25 time=0.06s device=cuda
INFO:src.estimators.masked_ae:[masked-ae] sweep lam=1.291549665014884 epoch 19/25 time=0.04s device=cuda
INFO:src.estimators.masked_ae:[masked-ae] sweep lam=1.291549665014884 epoch 20/25 time=0.04s device=cuda
INFO:src.estimators.masked_ae:[masked-ae] sweep lam=1.291549665014884 epoch 21/25 time=0.08s device=cuda
INFO:src.estimators.masked_ae:[masked-ae] sweep lam=1.291549665014884 epoch 22/25 time=0.04s device=cuda
INFO:src.estimators.masked_ae:[masked-ae] sweep lam=1.291549665014884 epoch 23/25 time=0.03s device=cuda
INFO:src.estimators.masked_ae:[masked-ae] sweep lam=1.291549665014884 epoch 24/25 time=0.05s device=cuda
INFO:src.estimators.masked_ae:[masked-ae] sweep lam=1.291549665014884 epoch 25/25 time=0.03s device=cuda
INFO:src.estimators.masked_ae:[masked-ae] sweep lam=2.1544346900318834 epoch 1/25 time=0.04s device=cuda
INFO:src.estimators.masked_ae:[masked-ae] sweep lam=2.1544346900318834 epoch 2/25 time=0.07s device=cuda
INFO:src.estimators.masked_ae:[masked-ae] sweep lam=2.1544346900318834 epoch 3/25 time=0.04s device=cuda
INFO:src.estimators.masked_ae:[masked-ae] sweep lam=2.1544346900318834 epoch 4/25 time=0.03s device=cuda
INFO:src.estimators.masked_ae:[masked-ae] sweep lam=2.1544346900318834 epoch 5/25 time=0.03s device=cuda
INFO:src.estimators.masked_ae:[masked-ae] sweep lam=2.1544346900318834 epoch 6/25 time=0.03s device=cuda
INFO:src.estimators.masked_ae:[masked-ae] sweep lam=2.1544346900318834 epoch 7/25 time=0.03s device=cuda
INFO:src.estimators.masked_ae:[masked-ae] sweep lam=2.1544346900318834 epoch 8/25 time=0.04s device=cuda
INFO:src.estimators.masked_ae:[masked-ae] sweep lam=2.1544346900318834 epoch 9/25 time=0.04s device=cuda
INFO:src.estimators.masked_ae:[masked-ae] sweep lam=2.1544346900318834 epoch 10/25 time=0.04s device=cuda
INFO:src.estimators.masked_ae:[masked-ae] sweep lam=2.1544346900318834 epoch 11/25 time=0.05s device=cuda
INFO:src.estimators.masked_ae:[masked-ae] sweep lam=2.1544346900318834 epoch 12/25 time=0.04s device=cuda
INFO:src.estimators.masked_ae:[masked-ae] sweep lam=2.1544346900318834 epoch 13/25 time=0.04s device=cuda
INFO:src.estimators.masked_ae:[masked-ae] sweep lam=2.1544346900318834 epoch 14/25 time=0.03s device=cuda
INFO:src.estimators.masked_ae:[masked-ae] sweep lam=2.1544346900318834 epoch 15/25 time=0.03s device=cuda
INFO:src.estimators.masked_ae:[masked-ae] sweep lam=2.1544346900318834 epoch 16/25 time=0.03s device=cuda
INFO:src.estimators.masked_ae:[masked-ae] sweep lam=2.1544346900318834 epoch 17/25 time=0.03s device=cuda
INFO:src.estimators.masked_ae:[masked-ae] sweep lam=2.1544346900318834 epoch 18/25 time=0.03s device=cuda
INFO:src.estimators.masked_ae:[masked-ae] sweep lam=2.1544346900318834 epoch 19/25 time=0.03s device=cuda
INFO:src.estimators.masked_ae:[masked-ae] sweep lam=2.1544346900318834 epoch 20/25 time=0.03s device=cuda
INFO:src.estimators.masked_ae:[masked-ae] sweep lam=2.1544346900318834 epoch 21/25 time=0.04s device=cuda
INFO:src.estimators.masked_ae:[masked-ae] sweep lam=2.1544346900318834 epoch 22/25 time=0.04s device=cuda
INFO:src.estimators.masked_ae:[masked-ae] sweep lam=2.1544346900318834 epoch 23/25 time=0.05s device=cuda
INFO:src.estimators.masked_ae:[masked-ae] sweep lam=2.1544346900318834 epoch 24/25 time=0.03s device=cuda
INFO:src.estimators.masked_ae:[masked-ae] sweep lam=2.1544346900318834 epoch 25/25 time=0.03s device=cuda
INFO:src.estimators.masked_ae:[masked-ae] sweep lam=3.593813663804626 epoch 1/25 time=0.03s device=cuda
INFO:src.estimators.masked_ae:[masked-ae] sweep lam=3.593813663804626 epoch 2/25 time=0.03s device=cuda
INFO:src.estimators.masked_ae:[masked-ae] sweep lam=3.593813663804626 epoch 3/25 time=0.03s device=cuda
INFO:src.estimators.masked_ae:[masked-ae] sweep lam=3.593813663804626 epoch 4/25 time=0.03s device=cuda
INFO:src.estimators.masked_ae:[masked-ae] sweep lam=3.593813663804626 epoch 5/25 time=0.03s device=cuda
INFO:src.estimators.masked_ae:[masked-ae] sweep lam=3.593813663804626 epoch 6/25 time=0.03s device=cuda
INFO:src.estimators.masked_ae:[masked-ae] sweep lam=3.593813663804626 epoch 7/25 time=0.03s device=cuda
INFO:src.estimators.masked_ae:[masked-ae] sweep lam=3.593813663804626 epoch 8/25 time=0.03s device=cuda
INFO:src.estimators.masked_ae:[masked-ae] sweep lam=3.593813663804626 epoch 9/25 time=0.03s device=cuda
INFO:src.estimators.masked_ae:[masked-ae] sweep lam=3.593813663804626 epoch 10/25 time=0.04s device=cuda
INFO:src.estimators.masked_ae:[masked-ae] sweep lam=3.593813663804626 epoch 11/25 time=0.04s device=cuda
INFO:src.estimators.masked_ae:[masked-ae] sweep lam=3.593813663804626 epoch 12/25 time=0.04s device=cuda
INFO:src.estimators.masked_ae:[masked-ae] sweep lam=3.593813663804626 epoch 13/25 time=0.06s device=cuda
INFO:src.estimators.masked_ae:[masked-ae] sweep lam=3.593813663804626 epoch 14/25 time=0.05s device=cuda
INFO:src.estimators.masked_ae:[masked-ae] sweep lam=3.593813663804626 epoch 15/25 time=0.05s device=cuda
INFO:src.estimators.masked_ae:[masked-ae] sweep lam=3.593813663804626 epoch 16/25 time=0.03s device=cuda
INFO:src.estimators.masked_ae:[masked-ae] sweep lam=3.593813663804626 epoch 17/25 time=0.03s device=cuda
INFO:src.estimators.masked_ae:[masked-ae] sweep lam=3.593813663804626 epoch 18/25 time=0.04s device=cuda
INFO:src.estimators.masked_ae:[masked-ae] sweep lam=3.593813663804626 epoch 19/25 time=0.04s device=cuda
INFO:src.estimators.masked_ae:[masked-ae] sweep lam=3.593813663804626 epoch 20/25 time=0.03s device=cuda
INFO:src.estimators.masked_ae:[masked-ae] sweep lam=3.593813663804626 epoch 21/25 time=0.04s device=cuda
INFO:src.estimators.masked_ae:[masked-ae] sweep lam=3.593813663804626 epoch 22/25 time=0.03s device=cuda
INFO:src.estimators.masked_ae:[masked-ae] sweep lam=3.593813663804626 epoch 23/25 time=0.06s device=cuda
INFO:src.estimators.masked_ae:[masked-ae] sweep lam=3.593813663804626 epoch 24/25 time=0.04s device=cuda
INFO:src.estimators.masked_ae:[masked-ae] sweep lam=3.593813663804626 epoch 25/25 time=0.04s device=cuda
INFO:src.estimators.masked_ae:[masked-ae] sweep lam=5.994842503189409 epoch 1/25 time=0.05s device=cuda
INFO:src.estimators.masked_ae:[masked-ae] sweep lam=5.994842503189409 epoch 2/25 time=0.04s device=cuda
INFO:src.estimators.masked_ae:[masked-ae] sweep lam=5.994842503189409 epoch 3/25 time=0.03s device=cuda
INFO:src.estimators.masked_ae:[masked-ae] sweep lam=5.994842503189409 epoch 4/25 time=0.03s device=cuda
INFO:src.estimators.masked_ae:[masked-ae] sweep lam=5.994842503189409 epoch 5/25 time=0.04s device=cuda
INFO:src.estimators.masked_ae:[masked-ae] sweep lam=5.994842503189409 epoch 6/25 time=0.06s device=cuda
INFO:src.estimators.masked_ae:[masked-ae] sweep lam=5.994842503189409 epoch 7/25 time=0.04s device=cuda
INFO:src.estimators.masked_ae:[masked-ae] sweep lam=5.994842503189409 epoch 8/25 time=0.04s device=cuda
INFO:src.estimators.masked_ae:[masked-ae] sweep lam=5.994842503189409 epoch 9/25 time=0.05s device=cuda
INFO:src.estimators.masked_ae:[masked-ae] sweep lam=5.994842503189409 epoch 10/25 time=0.03s device=cuda
INFO:src.estimators.masked_ae:[masked-ae] sweep lam=5.994842503189409 epoch 11/25 time=0.04s device=cuda
INFO:src.estimators.masked_ae:[masked-ae] sweep lam=5.994842503189409 epoch 12/25 time=0.03s device=cuda
INFO:src.estimators.masked_ae:[masked-ae] sweep lam=5.994842503189409 epoch 13/25 time=0.04s device=cuda
INFO:src.estimators.masked_ae:[masked-ae] sweep lam=5.994842503189409 epoch 14/25 time=0.03s device=cuda
INFO:src.estimators.masked_ae:[masked-ae] sweep lam=5.994842503189409 epoch 15/25 time=0.03s device=cuda
INFO:src.estimators.masked_ae:[masked-ae] sweep lam=5.994842503189409 epoch 16/25 time=0.03s device=cuda
INFO:src.estimators.masked_ae:[masked-ae] sweep lam=5.994842503189409 epoch 17/25 time=0.03s device=cuda
INFO:src.estimators.masked_ae:[masked-ae] sweep lam=5.994842503189409 epoch 18/25 time=0.03s device=cuda
INFO:src.estimators.masked_ae:[masked-ae] sweep lam=5.994842503189409 epoch 19/25 time=0.03s device=cuda
INFO:src.estimators.masked_ae:[masked-ae] sweep lam=5.994842503189409 epoch 20/25 time=0.05s device=cuda
INFO:src.estimators.masked_ae:[masked-ae] sweep lam=5.994842503189409 epoch 21/25 time=0.03s device=cuda
INFO:src.estimators.masked_ae:[masked-ae] sweep lam=5.994842503189409 epoch 22/25 time=0.05s device=cuda
INFO:src.estimators.masked_ae:[masked-ae] sweep lam=5.994842503189409 epoch 23/25 time=0.06s device=cuda
INFO:src.estimators.masked_ae:[masked-ae] sweep lam=5.994842503189409 epoch 24/25 time=0.03s device=cuda
INFO:src.estimators.masked_ae:[masked-ae] sweep lam=5.994842503189409 epoch 25/25 time=0.03s device=cuda
INFO:src.estimators.masked_ae:[masked-ae] sweep lam=10.0 epoch 1/25 time=0.03s device=cuda
INFO:src.estimators.masked_ae:[masked-ae] sweep lam=10.0 epoch 2/25 time=0.03s device=cuda
INFO:src.estimators.masked_ae:[masked-ae] sweep lam=10.0 epoch 3/25 time=0.04s device=cuda
INFO:src.estimators.masked_ae:[masked-ae] sweep lam=10.0 epoch 4/25 time=0.04s device=cuda
INFO:src.estimators.masked_ae:[masked-ae] sweep lam=10.0 epoch 5/25 time=0.04s device=cuda
INFO:src.estimators.masked_ae:[masked-ae] sweep lam=10.0 epoch 6/25 time=0.04s device=cuda
INFO:src.estimators.masked_ae:[masked-ae] sweep lam=10.0 epoch 7/25 time=0.05s device=cuda
INFO:src.estimators.masked_ae:[masked-ae] sweep lam=10.0 epoch 8/25 time=0.04s device=cuda
INFO:src.estimators.masked_ae:[masked-ae] sweep lam=10.0 epoch 9/25 time=0.04s device=cuda
INFO:src.estimators.masked_ae:[masked-ae] sweep lam=10.0 epoch 10/25 time=0.04s device=cuda
INFO:src.estimators.masked_ae:[masked-ae] sweep lam=10.0 epoch 11/25 time=0.04s device=cuda
INFO:src.estimators.masked_ae:[masked-ae] sweep lam=10.0 epoch 12/25 time=0.04s device=cuda
INFO:src.estimators.masked_ae:[masked-ae] sweep lam=10.0 epoch 13/25 time=0.04s device=cuda
INFO:src.estimators.masked_ae:[masked-ae] sweep lam=10.0 epoch 14/25 time=0.03s device=cuda
INFO:src.estimators.masked_ae:[masked-ae] sweep lam=10.0 epoch 15/25 time=0.04s device=cuda
INFO:src.estimators.masked_ae:[masked-ae] sweep lam=10.0 epoch 16/25 time=0.04s device=cuda
INFO:src.estimators.masked_ae:[masked-ae] sweep lam=10.0 epoch 17/25 time=0.04s device=cuda
INFO:src.estimators.masked_ae:[masked-ae] sweep lam=10.0 epoch 18/25 time=0.03s device=cuda
INFO:src.estimators.masked_ae:[masked-ae] sweep lam=10.0 epoch 19/25 time=0.04s device=cuda
INFO:src.estimators.masked_ae:[masked-ae] sweep lam=10.0 epoch 20/25 time=0.05s device=cuda
INFO:src.estimators.masked_ae:[masked-ae] sweep lam=10.0 epoch 21/25 time=0.04s device=cuda
INFO:src.estimators.masked_ae:[masked-ae] sweep lam=10.0 epoch 22/25 time=0.03s device=cuda
INFO:src.estimators.masked_ae:[masked-ae] sweep lam=10.0 epoch 23/25 time=0.03s device=cuda
INFO:src.estimators.masked_ae:[masked-ae] sweep lam=10.0 epoch 24/25 time=0.03s device=cuda
INFO:src.estimators.masked_ae:[masked-ae] sweep lam=10.0 epoch 25/25 time=0.04s device=cuda
INFO:src.estimators.masked_ae:[masked-ae] retrain epoch 1/35 time=0.04s device=cuda
INFO:src.estimators.masked_ae:[masked-ae] retrain epoch 2/35 time=0.03s device=cuda
INFO:src.estimators.masked_ae:[masked-ae] retrain epoch 3/35 time=0.03s device=cuda
INFO:src.estimators.masked_ae:[masked-ae] retrain epoch 4/35 time=0.03s device=cuda
INFO:src.estimators.masked_ae:[masked-ae] retrain epoch 5/35 time=0.03s device=cuda
INFO:src.estimators.masked_ae:[masked-ae] retrain epoch 6/35 time=0.03s device=cuda
INFO:src.estimators.masked_ae:[masked-ae] retrain epoch 7/35 time=0.06s device=cuda
INFO:src.estimators.masked_ae:[masked-ae] retrain epoch 8/35 time=0.04s device=cuda
INFO:src.estimators.masked_ae:[masked-ae] retrain epoch 9/35 time=0.03s device=cuda
INFO:src.estimators.masked_ae:[masked-ae] retrain epoch 10/35 time=0.03s device=cuda
INFO:src.estimators.masked_ae:[masked-ae] retrain epoch 11/35 time=0.03s device=cuda
INFO:src.estimators.masked_ae:[masked-ae] retrain epoch 12/35 time=0.03s device=cuda
INFO:src.estimators.masked_ae:[masked-ae] retrain epoch 13/35 time=0.03s device=cuda
INFO:src.estimators.masked_ae:[masked-ae] retrain epoch 14/35 time=0.03s device=cuda
INFO:src.estimators.masked_ae:[masked-ae] retrain epoch 15/35 time=0.03s device=cuda
INFO:src.estimators.masked_ae:[masked-ae] retrain epoch 16/35 time=0.03s device=cuda
INFO:src.estimators.masked_ae:[masked-ae] retrain epoch 17/35 time=0.03s device=cuda
INFO:src.estimators.masked_ae:[masked-ae] retrain epoch 18/35 time=0.03s device=cuda
INFO:src.estimators.masked_ae:[masked-ae] retrain epoch 19/35 time=0.03s device=cuda
INFO:src.estimators.masked_ae:[masked-ae] retrain epoch 20/35 time=0.04s device=cuda
INFO:src.estimators.masked_ae:[masked-ae] retrain epoch 21/35 time=0.04s device=cuda
INFO:src.estimators.masked_ae:[masked-ae] retrain epoch 22/35 time=0.03s device=cuda
INFO:src.estimators.masked_ae:[masked-ae] retrain epoch 23/35 time=0.07s device=cuda
INFO:src.estimators.masked_ae:[masked-ae] retrain epoch 24/35 time=0.03s device=cuda
INFO:src.estimators.masked_ae:[masked-ae] retrain epoch 25/35 time=0.04s device=cuda
INFO:src.estimators.masked_ae:[masked-ae] retrain epoch 26/35 time=0.08s device=cuda
INFO:src.estimators.masked_ae:[masked-ae] retrain epoch 27/35 time=0.03s device=cuda
INFO:src.estimators.masked_ae:[masked-ae] retrain epoch 28/35 time=0.03s device=cuda
INFO:src.estimators.masked_ae:[masked-ae] retrain epoch 29/35 time=0.03s device=cuda
INFO:src.estimators.masked_ae:[masked-ae] retrain epoch 30/35 time=0.03s device=cuda
INFO:src.estimators.masked_ae:[masked-ae] retrain epoch 31/35 time=0.03s device=cuda
INFO:src.estimators.masked_ae:[masked-ae] retrain epoch 32/35 time=0.04s device=cuda
INFO:src.estimators.masked_ae:[masked-ae] retrain epoch 33/35 time=0.04s device=cuda
INFO:src.estimators.masked_ae:[masked-ae] retrain epoch 34/35 time=0.04s device=cuda
INFO:src.estimators.masked_ae:[masked-ae] retrain epoch 35/35 time=0.03s device=cuda
INFO:repair_masked_ae:Group ('mnist', 5, 0.25, 1) repaired: estimate=11.0 elapsed_s=11.40 device=cuda samples=2000 rows=5
INFO:repair_masked_ae:Processing group key=('mnist', 5, 0.5, 1) with 5 rows; example row 100
INFO:src.estimators.masked_ae:[masked-ae] pretrain epoch 1/10 time=0.03s device=cuda
INFO:src.estimators.masked_ae:[masked-ae] pretrain epoch 2/10 time=0.03s device=cuda
INFO:src.estimators.masked_ae:[masked-ae] pretrain epoch 3/10 time=0.03s device=cuda
INFO:src.estimators.masked_ae:[masked-ae] pretrain epoch 4/10 time=0.03s device=cuda
INFO:src.estimators.masked_ae:[masked-ae] pretrain epoch 5/10 time=0.03s device=cuda
INFO:src.estimators.masked_ae:[masked-ae] pretrain epoch 6/10 time=0.03s device=cuda
INFO:src.estimators.masked_ae:[masked-ae] pretrain epoch 7/10 time=0.03s device=cuda
INFO:src.estimators.masked_ae:[masked-ae] pretrain epoch 8/10 time=0.03s device=cuda
INFO:src.estimators.masked_ae:[masked-ae] pretrain epoch 9/10 time=0.03s device=cuda
INFO:src.estimators.masked_ae:[masked-ae] pretrain epoch 10/10 time=0.03s device=cuda
INFO:src.estimators.masked_ae:[masked-ae] sweep lam=0.1 epoch 1/25 time=0.03s device=cuda
INFO:src.estimators.masked_ae:[masked-ae] sweep lam=0.1 epoch 2/25 time=0.03s device=cuda
INFO:src.estimators.masked_ae:[masked-ae] sweep lam=0.1 epoch 3/25 time=0.03s device=cuda
INFO:src.estimators.masked_ae:[masked-ae] sweep lam=0.1 epoch 4/25 time=0.05s device=cuda
INFO:src.estimators.masked_ae:[masked-ae] sweep lam=0.1 epoch 5/25 time=0.03s device=cuda
INFO:src.estimators.masked_ae:[masked-ae] sweep lam=0.1 epoch 6/25 time=0.03s device=cuda
INFO:src.estimators.masked_ae:[masked-ae] sweep lam=0.1 epoch 7/25 time=0.03s device=cuda
INFO:src.estimators.masked_ae:[masked-ae] sweep lam=0.1 epoch 8/25 time=0.03s device=cuda
INFO:src.estimators.masked_ae:[masked-ae] sweep lam=0.1 epoch 9/25 time=0.04s device=cuda
INFO:src.estimators.masked_ae:[masked-ae] sweep lam=0.1 epoch 10/25 time=0.04s device=cuda
INFO:src.estimators.masked_ae:[masked-ae] sweep lam=0.1 epoch 11/25 time=0.03s device=cuda
INFO:src.estimators.masked_ae:[masked-ae] sweep lam=0.1 epoch 12/25 time=0.03s device=cuda
INFO:src.estimators.masked_ae:[masked-ae] sweep lam=0.1 epoch 13/25 time=0.03s device=cuda
INFO:src.estimators.masked_ae:[masked-ae] sweep lam=0.1 epoch 14/25 time=0.05s device=cuda
INFO:src.estimators.masked_ae:[masked-ae] sweep lam=0.1 epoch 15/25 time=0.03s device=cuda
INFO:src.estimators.masked_ae:[masked-ae] sweep lam=0.1 epoch 16/25 time=0.03s device=cuda
INFO:src.estimators.masked_ae:[masked-ae] sweep lam=0.1 epoch 17/25 time=0.03s device=cuda
INFO:src.estimators.masked_ae:[masked-ae] sweep lam=0.1 epoch 18/25 time=0.03s device=cuda
INFO:src.estimators.masked_ae:[masked-ae] sweep lam=0.1 epoch 19/25 time=0.03s device=cuda
INFO:src.estimators.masked_ae:[masked-ae] sweep lam=0.1 epoch 20/25 time=0.04s device=cuda
INFO:src.estimators.masked_ae:[masked-ae] sweep lam=0.1 epoch 21/25 time=0.06s device=cuda
INFO:src.estimators.masked_ae:[masked-ae] sweep lam=0.1 epoch 22/25 time=0.05s device=cuda
INFO:src.estimators.masked_ae:[masked-ae] sweep lam=0.1 epoch 23/25 time=0.04s device=cuda
INFO:src.estimators.masked_ae:[masked-ae] sweep lam=0.1 epoch 24/25 time=0.03s device=cuda
INFO:src.estimators.masked_ae:[masked-ae] sweep lam=0.1 epoch 25/25 time=0.05s device=cuda
INFO:src.estimators.masked_ae:[masked-ae] sweep lam=0.16681005372000587 epoch 1/25 time=0.04s device=cuda
INFO:src.estimators.masked_ae:[masked-ae] sweep lam=0.16681005372000587 epoch 2/25 time=0.05s device=cuda
INFO:src.estimators.masked_ae:[masked-ae] sweep lam=0.16681005372000587 epoch 3/25 time=0.05s device=cuda
INFO:src.estimators.masked_ae:[masked-ae] sweep lam=0.16681005372000587 epoch 4/25 time=0.04s device=cuda
INFO:src.estimators.masked_ae:[masked-ae] sweep lam=0.16681005372000587 epoch 5/25 time=0.03s device=cuda
INFO:src.estimators.masked_ae:[masked-ae] sweep lam=0.16681005372000587 epoch 6/25 time=0.04s device=cuda
INFO:src.estimators.masked_ae:[masked-ae] sweep lam=0.16681005372000587 epoch 7/25 time=0.05s device=cuda
INFO:src.estimators.masked_ae:[masked-ae] sweep lam=0.16681005372000587 epoch 8/25 time=0.03s device=cuda
INFO:src.estimators.masked_ae:[masked-ae] sweep lam=0.16681005372000587 epoch 9/25 time=0.03s device=cuda
INFO:src.estimators.masked_ae:[masked-ae] sweep lam=0.16681005372000587 epoch 10/25 time=0.04s device=cuda
INFO:src.estimators.masked_ae:[masked-ae] sweep lam=0.16681005372000587 epoch 11/25 time=0.04s device=cuda
INFO:src.estimators.masked_ae:[masked-ae] sweep lam=0.16681005372000587 epoch 12/25 time=0.03s device=cuda
INFO:src.estimators.masked_ae:[masked-ae] sweep lam=0.16681005372000587 epoch 13/25 time=0.03s device=cuda
INFO:src.estimators.masked_ae:[masked-ae] sweep lam=0.16681005372000587 epoch 14/25 time=0.03s device=cuda
INFO:src.estimators.masked_ae:[masked-ae] sweep lam=0.16681005372000587 epoch 15/25 time=0.04s device=cuda
INFO:src.estimators.masked_ae:[masked-ae] sweep lam=0.16681005372000587 epoch 16/25 time=0.04s device=cuda
INFO:src.estimators.masked_ae:[masked-ae] sweep lam=0.16681005372000587 epoch 17/25 time=0.04s device=cuda
INFO:src.estimators.masked_ae:[masked-ae] sweep lam=0.16681005372000587 epoch 18/25 time=0.03s device=cuda
INFO:src.estimators.masked_ae:[masked-ae] sweep lam=0.16681005372000587 epoch 19/25 time=0.04s device=cuda
INFO:src.estimators.masked_ae:[masked-ae] sweep lam=0.16681005372000587 epoch 20/25 time=0.04s device=cuda
INFO:src.estimators.masked_ae:[masked-ae] sweep lam=0.16681005372000587 epoch 21/25 time=0.04s device=cuda
INFO:src.estimators.masked_ae:[masked-ae] sweep lam=0.16681005372000587 epoch 22/25 time=0.06s device=cuda
INFO:src.estimators.masked_ae:[masked-ae] sweep lam=0.16681005372000587 epoch 23/25 time=0.03s device=cuda
INFO:src.estimators.masked_ae:[masked-ae] sweep lam=0.16681005372000587 epoch 24/25 time=0.04s device=cuda
INFO:src.estimators.masked_ae:[masked-ae] sweep lam=0.16681005372000587 epoch 25/25 time=0.04s device=cuda
INFO:src.estimators.masked_ae:[masked-ae] sweep lam=0.2782559402207124 epoch 1/25 time=0.03s device=cuda
INFO:src.estimators.masked_ae:[masked-ae] sweep lam=0.2782559402207124 epoch 2/25 time=0.03s device=cuda
INFO:src.estimators.masked_ae:[masked-ae] sweep lam=0.2782559402207124 epoch 3/25 time=0.03s device=cuda
INFO:src.estimators.masked_ae:[masked-ae] sweep lam=0.2782559402207124 epoch 4/25 time=0.03s device=cuda
INFO:src.estimators.masked_ae:[masked-ae] sweep lam=0.2782559402207124 epoch 5/25 time=0.03s device=cuda
INFO:src.estimators.masked_ae:[masked-ae] sweep lam=0.2782559402207124 epoch 6/25 time=0.05s device=cuda
INFO:src.estimators.masked_ae:[masked-ae] sweep lam=0.2782559402207124 epoch 7/25 time=0.04s device=cuda
INFO:src.estimators.masked_ae:[masked-ae] sweep lam=0.2782559402207124 epoch 8/25 time=0.05s device=cuda
INFO:src.estimators.masked_ae:[masked-ae] sweep lam=0.2782559402207124 epoch 9/25 time=0.03s device=cuda
INFO:src.estimators.masked_ae:[masked-ae] sweep lam=0.2782559402207124 epoch 10/25 time=0.04s device=cuda
INFO:src.estimators.masked_ae:[masked-ae] sweep lam=0.2782559402207124 epoch 11/25 time=0.12s device=cuda
INFO:src.estimators.masked_ae:[masked-ae] sweep lam=0.2782559402207124 epoch 12/25 time=0.05s device=cuda
INFO:src.estimators.masked_ae:[masked-ae] sweep lam=0.2782559402207124 epoch 13/25 time=0.06s device=cuda
INFO:src.estimators.masked_ae:[masked-ae] sweep lam=0.2782559402207124 epoch 14/25 time=0.04s device=cuda
INFO:src.estimators.masked_ae:[masked-ae] sweep lam=0.2782559402207124 epoch 15/25 time=0.04s device=cuda
INFO:src.estimators.masked_ae:[masked-ae] sweep lam=0.2782559402207124 epoch 16/25 time=0.03s device=cuda
INFO:src.estimators.masked_ae:[masked-ae] sweep lam=0.2782559402207124 epoch 17/25 time=0.05s device=cuda
INFO:src.estimators.masked_ae:[masked-ae] sweep lam=0.2782559402207124 epoch 18/25 time=0.03s device=cuda
INFO:src.estimators.masked_ae:[masked-ae] sweep lam=0.2782559402207124 epoch 19/25 time=0.03s device=cuda
INFO:src.estimators.masked_ae:[masked-ae] sweep lam=0.2782559402207124 epoch 20/25 time=0.03s device=cuda
INFO:src.estimators.masked_ae:[masked-ae] sweep lam=0.2782559402207124 epoch 21/25 time=0.03s device=cuda
INFO:src.estimators.masked_ae:[masked-ae] sweep lam=0.2782559402207124 epoch 22/25 time=0.03s device=cuda
INFO:src.estimators.masked_ae:[masked-ae] sweep lam=0.2782559402207124 epoch 23/25 time=0.06s device=cuda
INFO:src.estimators.masked_ae:[masked-ae] sweep lam=0.2782559402207124 epoch 24/25 time=0.03s device=cuda
INFO:src.estimators.masked_ae:[masked-ae] sweep lam=0.2782559402207124 epoch 25/25 time=0.03s device=cuda
INFO:src.estimators.masked_ae:[masked-ae] sweep lam=0.46415888336127786 epoch 1/25 time=0.03s device=cuda
INFO:src.estimators.masked_ae:[masked-ae] sweep lam=0.46415888336127786 epoch 2/25 time=0.03s device=cuda
INFO:src.estimators.masked_ae:[masked-ae] sweep lam=0.46415888336127786 epoch 3/25 time=0.03s device=cuda
INFO:src.estimators.masked_ae:[masked-ae] sweep lam=0.46415888336127786 epoch 4/25 time=0.03s device=cuda
INFO:src.estimators.masked_ae:[masked-ae] sweep lam=0.46415888336127786 epoch 5/25 time=0.03s device=cuda
INFO:src.estimators.masked_ae:[masked-ae] sweep lam=0.46415888336127786 epoch 6/25 time=0.03s device=cuda
INFO:src.estimators.masked_ae:[masked-ae] sweep lam=0.46415888336127786 epoch 7/25 time=0.03s device=cuda
INFO:src.estimators.masked_ae:[masked-ae] sweep lam=0.46415888336127786 epoch 8/25 time=0.04s device=cuda
INFO:src.estimators.masked_ae:[masked-ae] sweep lam=0.46415888336127786 epoch 9/25 time=0.05s device=cuda
INFO:src.estimators.masked_ae:[masked-ae] sweep lam=0.46415888336127786 epoch 10/25 time=0.04s device=cuda
INFO:src.estimators.masked_ae:[masked-ae] sweep lam=0.46415888336127786 epoch 11/25 time=0.03s device=cuda
INFO:src.estimators.masked_ae:[masked-ae] sweep lam=0.46415888336127786 epoch 12/25 time=0.03s device=cuda
INFO:src.estimators.masked_ae:[masked-ae] sweep lam=0.46415888336127786 epoch 13/25 time=0.03s device=cuda
INFO:src.estimators.masked_ae:[masked-ae] sweep lam=0.46415888336127786 epoch 14/25 time=0.03s device=cuda
INFO:src.estimators.masked_ae:[masked-ae] sweep lam=0.46415888336127786 epoch 15/25 time=0.03s device=cuda
INFO:src.estimators.masked_ae:[masked-ae] sweep lam=0.46415888336127786 epoch 16/25 time=0.03s device=cuda
INFO:src.estimators.masked_ae:[masked-ae] sweep lam=0.46415888336127786 epoch 17/25 time=0.03s device=cuda
INFO:src.estimators.masked_ae:[masked-ae] sweep lam=0.46415888336127786 epoch 18/25 time=0.03s device=cuda
INFO:src.estimators.masked_ae:[masked-ae] sweep lam=0.46415888336127786 epoch 19/25 time=0.03s device=cuda
INFO:src.estimators.masked_ae:[masked-ae] sweep lam=0.46415888336127786 epoch 20/25 time=0.07s device=cuda
INFO:src.estimators.masked_ae:[masked-ae] sweep lam=0.46415888336127786 epoch 21/25 time=0.04s device=cuda
INFO:src.estimators.masked_ae:[masked-ae] sweep lam=0.46415888336127786 epoch 22/25 time=0.04s device=cuda
INFO:src.estimators.masked_ae:[masked-ae] sweep lam=0.46415888336127786 epoch 23/25 time=0.03s device=cuda
INFO:src.estimators.masked_ae:[masked-ae] sweep lam=0.46415888336127786 epoch 24/25 time=0.04s device=cuda
INFO:src.estimators.masked_ae:[masked-ae] sweep lam=0.46415888336127786 epoch 25/25 time=0.04s device=cuda
INFO:src.estimators.masked_ae:[masked-ae] sweep lam=0.774263682681127 epoch 1/25 time=0.10s device=cuda
INFO:src.estimators.masked_ae:[masked-ae] sweep lam=0.774263682681127 epoch 2/25 time=0.07s device=cuda
INFO:src.estimators.masked_ae:[masked-ae] sweep lam=0.774263682681127 epoch 3/25 time=0.03s device=cuda
INFO:src.estimators.masked_ae:[masked-ae] sweep lam=0.774263682681127 epoch 4/25 time=0.05s device=cuda
INFO:src.estimators.masked_ae:[masked-ae] sweep lam=0.774263682681127 epoch 5/25 time=0.04s device=cuda
INFO:src.estimators.masked_ae:[masked-ae] sweep lam=0.774263682681127 epoch 6/25 time=0.05s device=cuda
INFO:src.estimators.masked_ae:[masked-ae] sweep lam=0.774263682681127 epoch 7/25 time=0.03s device=cuda
INFO:src.estimators.masked_ae:[masked-ae] sweep lam=0.774263682681127 epoch 8/25 time=0.03s device=cuda
INFO:src.estimators.masked_ae:[masked-ae] sweep lam=0.774263682681127 epoch 9/25 time=0.03s device=cuda
INFO:src.estimators.masked_ae:[masked-ae] sweep lam=0.774263682681127 epoch 10/25 time=0.03s device=cuda
INFO:src.estimators.masked_ae:[masked-ae] sweep lam=0.774263682681127 epoch 11/25 time=0.03s device=cuda
INFO:src.estimators.masked_ae:[masked-ae] sweep lam=0.774263682681127 epoch 12/25 time=0.03s device=cuda
INFO:src.estimators.masked_ae:[masked-ae] sweep lam=0.774263682681127 epoch 13/25 time=0.04s device=cuda
INFO:src.estimators.masked_ae:[masked-ae] sweep lam=0.774263682681127 epoch 14/25 time=0.04s device=cuda
INFO:src.estimators.masked_ae:[masked-ae] sweep lam=0.774263682681127 epoch 15/25 time=0.03s device=cuda
INFO:src.estimators.masked_ae:[masked-ae] sweep lam=0.774263682681127 epoch 16/25 time=0.03s device=cuda
INFO:src.estimators.masked_ae:[masked-ae] sweep lam=0.774263682681127 epoch 17/25 time=0.03s device=cuda
INFO:src.estimators.masked_ae:[masked-ae] sweep lam=0.774263682681127 epoch 18/25 time=0.03s device=cuda
INFO:src.estimators.masked_ae:[masked-ae] sweep lam=0.774263682681127 epoch 19/25 time=0.03s device=cuda
INFO:src.estimators.masked_ae:[masked-ae] sweep lam=0.774263682681127 epoch 20/25 time=0.07s device=cuda
INFO:src.estimators.masked_ae:[masked-ae] sweep lam=0.774263682681127 epoch 21/25 time=0.07s device=cuda
INFO:src.estimators.masked_ae:[masked-ae] sweep lam=0.774263682681127 epoch 22/25 time=0.03s device=cuda
INFO:src.estimators.masked_ae:[masked-ae] sweep lam=0.774263682681127 epoch 23/25 time=0.03s device=cuda
INFO:src.estimators.masked_ae:[masked-ae] sweep lam=0.774263682681127 epoch 24/25 time=0.03s device=cuda
INFO:src.estimators.masked_ae:[masked-ae] sweep lam=0.774263682681127 epoch 25/25 time=0.03s device=cuda
INFO:src.estimators.masked_ae:[masked-ae] sweep lam=1.291549665014884 epoch 1/25 time=0.04s device=cuda
INFO:src.estimators.masked_ae:[masked-ae] sweep lam=1.291549665014884 epoch 2/25 time=0.04s device=cuda
INFO:src.estimators.masked_ae:[masked-ae] sweep lam=1.291549665014884 epoch 3/25 time=0.04s device=cuda
INFO:src.estimators.masked_ae:[masked-ae] sweep lam=1.291549665014884 epoch 4/25 time=0.04s device=cuda
INFO:src.estimators.masked_ae:[masked-ae] sweep lam=1.291549665014884 epoch 5/25 time=0.04s device=cuda
INFO:src.estimators.masked_ae:[masked-ae] sweep lam=1.291549665014884 epoch 6/25 time=0.04s device=cuda
INFO:src.estimators.masked_ae:[masked-ae] sweep lam=1.291549665014884 epoch 7/25 time=0.04s device=cuda
INFO:src.estimators.masked_ae:[masked-ae] sweep lam=1.291549665014884 epoch 8/25 time=0.04s device=cuda
INFO:src.estimators.masked_ae:[masked-ae] sweep lam=1.291549665014884 epoch 9/25 time=0.04s device=cuda
INFO:src.estimators.masked_ae:[masked-ae] sweep lam=1.291549665014884 epoch 10/25 time=0.04s device=cuda
INFO:src.estimators.masked_ae:[masked-ae] sweep lam=1.291549665014884 epoch 11/25 time=0.04s device=cuda
INFO:src.estimators.masked_ae:[masked-ae] sweep lam=1.291549665014884 epoch 12/25 time=0.04s device=cuda
INFO:src.estimators.masked_ae:[masked-ae] sweep lam=1.291549665014884 epoch 13/25 time=0.03s device=cuda
INFO:src.estimators.masked_ae:[masked-ae] sweep lam=1.291549665014884 epoch 14/25 time=0.04s device=cuda
INFO:src.estimators.masked_ae:[masked-ae] sweep lam=1.291549665014884 epoch 15/25 time=0.03s device=cuda
INFO:src.estimators.masked_ae:[masked-ae] sweep lam=1.291549665014884 epoch 16/25 time=0.04s device=cuda
INFO:src.estimators.masked_ae:[masked-ae] sweep lam=1.291549665014884 epoch 17/25 time=0.03s device=cuda
INFO:src.estimators.masked_ae:[masked-ae] sweep lam=1.291549665014884 epoch 18/25 time=0.04s device=cuda
INFO:src.estimators.masked_ae:[masked-ae] sweep lam=1.291549665014884 epoch 19/25 time=0.06s device=cuda
INFO:src.estimators.masked_ae:[masked-ae] sweep lam=1.291549665014884 epoch 20/25 time=0.04s device=cuda
INFO:src.estimators.masked_ae:[masked-ae] sweep lam=1.291549665014884 epoch 21/25 time=0.06s device=cuda
INFO:src.estimators.masked_ae:[masked-ae] sweep lam=1.291549665014884 epoch 22/25 time=0.05s device=cuda
INFO:src.estimators.masked_ae:[masked-ae] sweep lam=1.291549665014884 epoch 23/25 time=0.03s device=cuda
INFO:src.estimators.masked_ae:[masked-ae] sweep lam=1.291549665014884 epoch 24/25 time=0.03s device=cuda
INFO:src.estimators.masked_ae:[masked-ae] sweep lam=1.291549665014884 epoch 25/25 time=0.03s device=cuda
INFO:src.estimators.masked_ae:[masked-ae] sweep lam=2.1544346900318834 epoch 1/25 time=0.03s device=cuda
INFO:src.estimators.masked_ae:[masked-ae] sweep lam=2.1544346900318834 epoch 2/25 time=0.03s device=cuda
INFO:src.estimators.masked_ae:[masked-ae] sweep lam=2.1544346900318834 epoch 3/25 time=0.03s device=cuda
INFO:src.estimators.masked_ae:[masked-ae] sweep lam=2.1544346900318834 epoch 4/25 time=0.03s device=cuda
INFO:src.estimators.masked_ae:[masked-ae] sweep lam=2.1544346900318834 epoch 5/25 time=0.03s device=cuda
INFO:src.estimators.masked_ae:[masked-ae] sweep lam=2.1544346900318834 epoch 6/25 time=0.03s device=cuda
INFO:src.estimators.masked_ae:[masked-ae] sweep lam=2.1544346900318834 epoch 7/25 time=0.03s device=cuda
INFO:src.estimators.masked_ae:[masked-ae] sweep lam=2.1544346900318834 epoch 8/25 time=0.03s device=cuda
INFO:src.estimators.masked_ae:[masked-ae] sweep lam=2.1544346900318834 epoch 9/25 time=0.03s device=cuda
INFO:src.estimators.masked_ae:[masked-ae] sweep lam=2.1544346900318834 epoch 10/25 time=0.03s device=cuda
INFO:src.estimators.masked_ae:[masked-ae] sweep lam=2.1544346900318834 epoch 11/25 time=0.03s device=cuda
INFO:src.estimators.masked_ae:[masked-ae] sweep lam=2.1544346900318834 epoch 12/25 time=0.03s device=cuda
INFO:src.estimators.masked_ae:[masked-ae] sweep lam=2.1544346900318834 epoch 13/25 time=0.03s device=cuda
INFO:src.estimators.masked_ae:[masked-ae] sweep lam=2.1544346900318834 epoch 14/25 time=0.03s device=cuda
INFO:src.estimators.masked_ae:[masked-ae] sweep lam=2.1544346900318834 epoch 15/25 time=0.03s device=cuda
INFO:src.estimators.masked_ae:[masked-ae] sweep lam=2.1544346900318834 epoch 16/25 time=0.03s device=cuda
INFO:src.estimators.masked_ae:[masked-ae] sweep lam=2.1544346900318834 epoch 17/25 time=0.03s device=cuda
INFO:src.estimators.masked_ae:[masked-ae] sweep lam=2.1544346900318834 epoch 18/25 time=0.03s device=cuda
INFO:src.estimators.masked_ae:[masked-ae] sweep lam=2.1544346900318834 epoch 19/25 time=0.03s device=cuda
INFO:src.estimators.masked_ae:[masked-ae] sweep lam=2.1544346900318834 epoch 20/25 time=0.03s device=cuda
INFO:src.estimators.masked_ae:[masked-ae] sweep lam=2.1544346900318834 epoch 21/25 time=0.07s device=cuda
INFO:src.estimators.masked_ae:[masked-ae] sweep lam=2.1544346900318834 epoch 22/25 time=0.03s device=cuda
INFO:src.estimators.masked_ae:[masked-ae] sweep lam=2.1544346900318834 epoch 23/25 time=0.03s device=cuda
INFO:src.estimators.masked_ae:[masked-ae] sweep lam=2.1544346900318834 epoch 24/25 time=0.03s device=cuda
INFO:src.estimators.masked_ae:[masked-ae] sweep lam=2.1544346900318834 epoch 25/25 time=0.03s device=cuda
INFO:src.estimators.masked_ae:[masked-ae] sweep lam=3.593813663804626 epoch 1/25 time=0.03s device=cuda
INFO:src.estimators.masked_ae:[masked-ae] sweep lam=3.593813663804626 epoch 2/25 time=0.03s device=cuda
INFO:src.estimators.masked_ae:[masked-ae] sweep lam=3.593813663804626 epoch 3/25 time=0.03s device=cuda
INFO:src.estimators.masked_ae:[masked-ae] sweep lam=3.593813663804626 epoch 4/25 time=0.03s device=cuda
INFO:src.estimators.masked_ae:[masked-ae] sweep lam=3.593813663804626 epoch 5/25 time=0.03s device=cuda
INFO:src.estimators.masked_ae:[masked-ae] sweep lam=3.593813663804626 epoch 6/25 time=0.03s device=cuda
INFO:src.estimators.masked_ae:[masked-ae] sweep lam=3.593813663804626 epoch 7/25 time=0.03s device=cuda
INFO:src.estimators.masked_ae:[masked-ae] sweep lam=3.593813663804626 epoch 8/25 time=0.03s device=cuda
INFO:src.estimators.masked_ae:[masked-ae] sweep lam=3.593813663804626 epoch 9/25 time=0.03s device=cuda
INFO:src.estimators.masked_ae:[masked-ae] sweep lam=3.593813663804626 epoch 10/25 time=0.03s device=cuda
INFO:src.estimators.masked_ae:[masked-ae] sweep lam=3.593813663804626 epoch 11/25 time=0.03s device=cuda
INFO:src.estimators.masked_ae:[masked-ae] sweep lam=3.593813663804626 epoch 12/25 time=0.03s device=cuda
INFO:src.estimators.masked_ae:[masked-ae] sweep lam=3.593813663804626 epoch 13/25 time=0.03s device=cuda
INFO:src.estimators.masked_ae:[masked-ae] sweep lam=3.593813663804626 epoch 14/25 time=0.03s device=cuda
INFO:src.estimators.masked_ae:[masked-ae] sweep lam=3.593813663804626 epoch 15/25 time=0.03s device=cuda
INFO:src.estimators.masked_ae:[masked-ae] sweep lam=3.593813663804626 epoch 16/25 time=0.03s device=cuda
INFO:src.estimators.masked_ae:[masked-ae] sweep lam=3.593813663804626 epoch 17/25 time=0.03s device=cuda
INFO:src.estimators.masked_ae:[masked-ae] sweep lam=3.593813663804626 epoch 18/25 time=0.04s device=cuda
INFO:src.estimators.masked_ae:[masked-ae] sweep lam=3.593813663804626 epoch 19/25 time=0.04s device=cuda
INFO:src.estimators.masked_ae:[masked-ae] sweep lam=3.593813663804626 epoch 20/25 time=0.04s device=cuda
INFO:src.estimators.masked_ae:[masked-ae] sweep lam=3.593813663804626 epoch 21/25 time=0.03s device=cuda
INFO:src.estimators.masked_ae:[masked-ae] sweep lam=3.593813663804626 epoch 22/25 time=0.03s device=cuda
INFO:src.estimators.masked_ae:[masked-ae] sweep lam=3.593813663804626 epoch 23/25 time=0.04s device=cuda
INFO:src.estimators.masked_ae:[masked-ae] sweep lam=3.593813663804626 epoch 24/25 time=0.03s device=cuda
INFO:src.estimators.masked_ae:[masked-ae] sweep lam=3.593813663804626 epoch 25/25 time=0.03s device=cuda
INFO:src.estimators.masked_ae:[masked-ae] sweep lam=5.994842503189409 epoch 1/25 time=0.03s device=cuda
INFO:src.estimators.masked_ae:[masked-ae] sweep lam=5.994842503189409 epoch 2/25 time=0.03s device=cuda
INFO:src.estimators.masked_ae:[masked-ae] sweep lam=5.994842503189409 epoch 3/25 time=0.03s device=cuda
INFO:src.estimators.masked_ae:[masked-ae] sweep lam=5.994842503189409 epoch 4/25 time=0.03s device=cuda
INFO:src.estimators.masked_ae:[masked-ae] sweep lam=5.994842503189409 epoch 5/25 time=0.03s device=cuda
INFO:src.estimators.masked_ae:[masked-ae] sweep lam=5.994842503189409 epoch 6/25 time=0.03s device=cuda
INFO:src.estimators.masked_ae:[masked-ae] sweep lam=5.994842503189409 epoch 7/25 time=0.03s device=cuda
INFO:src.estimators.masked_ae:[masked-ae] sweep lam=5.994842503189409 epoch 8/25 time=0.03s device=cuda
INFO:src.estimators.masked_ae:[masked-ae] sweep lam=5.994842503189409 epoch 9/25 time=0.03s device=cuda
INFO:src.estimators.masked_ae:[masked-ae] sweep lam=5.994842503189409 epoch 10/25 time=0.03s device=cuda
INFO:src.estimators.masked_ae:[masked-ae] sweep lam=5.994842503189409 epoch 11/25 time=0.03s device=cuda
INFO:src.estimators.masked_ae:[masked-ae] sweep lam=5.994842503189409 epoch 12/25 time=0.03s device=cuda
INFO:src.estimators.masked_ae:[masked-ae] sweep lam=5.994842503189409 epoch 13/25 time=0.03s device=cuda
INFO:src.estimators.masked_ae:[masked-ae] sweep lam=5.994842503189409 epoch 14/25 time=0.04s device=cuda
INFO:src.estimators.masked_ae:[masked-ae] sweep lam=5.994842503189409 epoch 15/25 time=0.04s device=cuda
INFO:src.estimators.masked_ae:[masked-ae] sweep lam=5.994842503189409 epoch 16/25 time=0.04s device=cuda
INFO:src.estimators.masked_ae:[masked-ae] sweep lam=5.994842503189409 epoch 17/25 time=0.04s device=cuda
INFO:src.estimators.masked_ae:[masked-ae] sweep lam=5.994842503189409 epoch 18/25 time=0.03s device=cuda
INFO:src.estimators.masked_ae:[masked-ae] sweep lam=5.994842503189409 epoch 19/25 time=0.04s device=cuda
INFO:src.estimators.masked_ae:[masked-ae] sweep lam=5.994842503189409 epoch 20/25 time=0.03s device=cuda
INFO:src.estimators.masked_ae:[masked-ae] sweep lam=5.994842503189409 epoch 21/25 time=0.04s device=cuda
INFO:src.estimators.masked_ae:[masked-ae] sweep lam=5.994842503189409 epoch 22/25 time=0.04s device=cuda
INFO:src.estimators.masked_ae:[masked-ae] sweep lam=5.994842503189409 epoch 23/25 time=0.05s device=cuda
INFO:src.estimators.masked_ae:[masked-ae] sweep lam=5.994842503189409 epoch 24/25 time=0.06s device=cuda
INFO:src.estimators.masked_ae:[masked-ae] sweep lam=5.994842503189409 epoch 25/25 time=0.03s device=cuda
INFO:src.estimators.masked_ae:[masked-ae] sweep lam=10.0 epoch 1/25 time=0.07s device=cuda
INFO:src.estimators.masked_ae:[masked-ae] sweep lam=10.0 epoch 2/25 time=0.05s device=cuda
INFO:src.estimators.masked_ae:[masked-ae] sweep lam=10.0 epoch 3/25 time=0.03s device=cuda
INFO:src.estimators.masked_ae:[masked-ae] sweep lam=10.0 epoch 4/25 time=0.07s device=cuda
INFO:src.estimators.masked_ae:[masked-ae] sweep lam=10.0 epoch 5/25 time=0.07s device=cuda
INFO:src.estimators.masked_ae:[masked-ae] sweep lam=10.0 epoch 6/25 time=0.04s device=cuda
INFO:src.estimators.masked_ae:[masked-ae] sweep lam=10.0 epoch 7/25 time=0.04s device=cuda
INFO:src.estimators.masked_ae:[masked-ae] sweep lam=10.0 epoch 8/25 time=0.04s device=cuda
INFO:src.estimators.masked_ae:[masked-ae] sweep lam=10.0 epoch 9/25 time=0.06s device=cuda
INFO:src.estimators.masked_ae:[masked-ae] sweep lam=10.0 epoch 10/25 time=0.04s device=cuda
INFO:src.estimators.masked_ae:[masked-ae] sweep lam=10.0 epoch 11/25 time=0.06s device=cuda
INFO:src.estimators.masked_ae:[masked-ae] sweep lam=10.0 epoch 12/25 time=0.08s device=cuda
INFO:src.estimators.masked_ae:[masked-ae] sweep lam=10.0 epoch 13/25 time=0.03s device=cuda
INFO:src.estimators.masked_ae:[masked-ae] sweep lam=10.0 epoch 14/25 time=0.03s device=cuda
INFO:src.estimators.masked_ae:[masked-ae] sweep lam=10.0 epoch 15/25 time=0.03s device=cuda
INFO:src.estimators.masked_ae:[masked-ae] sweep lam=10.0 epoch 16/25 time=0.03s device=cuda
INFO:src.estimators.masked_ae:[masked-ae] sweep lam=10.0 epoch 17/25 time=0.03s device=cuda
INFO:src.estimators.masked_ae:[masked-ae] sweep lam=10.0 epoch 18/25 time=0.04s device=cuda
INFO:src.estimators.masked_ae:[masked-ae] sweep lam=10.0 epoch 19/25 time=0.04s device=cuda
INFO:src.estimators.masked_ae:[masked-ae] sweep lam=10.0 epoch 20/25 time=0.04s device=cuda
INFO:src.estimators.masked_ae:[masked-ae] sweep lam=10.0 epoch 21/25 time=0.04s device=cuda
INFO:src.estimators.masked_ae:[masked-ae] sweep lam=10.0 epoch 22/25 time=0.07s device=cuda
INFO:src.estimators.masked_ae:[masked-ae] sweep lam=10.0 epoch 23/25 time=0.03s device=cuda
INFO:src.estimators.masked_ae:[masked-ae] sweep lam=10.0 epoch 24/25 time=0.03s device=cuda
INFO:src.estimators.masked_ae:[masked-ae] sweep lam=10.0 epoch 25/25 time=0.04s device=cuda
INFO:src.estimators.masked_ae:[masked-ae] retrain epoch 1/35 time=0.05s device=cuda
INFO:src.estimators.masked_ae:[masked-ae] retrain epoch 2/35 time=0.04s device=cuda
INFO:src.estimators.masked_ae:[masked-ae] retrain epoch 3/35 time=0.03s device=cuda
INFO:src.estimators.masked_ae:[masked-ae] retrain epoch 4/35 time=0.03s device=cuda
INFO:src.estimators.masked_ae:[masked-ae] retrain epoch 5/35 time=0.03s device=cuda
INFO:src.estimators.masked_ae:[masked-ae] retrain epoch 6/35 time=0.03s device=cuda
INFO:src.estimators.masked_ae:[masked-ae] retrain epoch 7/35 time=0.08s device=cuda
INFO:src.estimators.masked_ae:[masked-ae] retrain epoch 8/35 time=0.03s device=cuda
INFO:src.estimators.masked_ae:[masked-ae] retrain epoch 9/35 time=0.04s device=cuda
INFO:src.estimators.masked_ae:[masked-ae] retrain epoch 10/35 time=0.04s device=cuda
INFO:src.estimators.masked_ae:[masked-ae] retrain epoch 11/35 time=0.07s device=cuda
INFO:src.estimators.masked_ae:[masked-ae] retrain epoch 12/35 time=0.04s device=cuda
INFO:src.estimators.masked_ae:[masked-ae] retrain epoch 13/35 time=0.04s device=cuda
INFO:src.estimators.masked_ae:[masked-ae] retrain epoch 14/35 time=0.04s device=cuda
INFO:src.estimators.masked_ae:[masked-ae] retrain epoch 15/35 time=0.03s device=cuda
INFO:src.estimators.masked_ae:[masked-ae] retrain epoch 16/35 time=0.04s device=cuda
INFO:src.estimators.masked_ae:[masked-ae] retrain epoch 17/35 time=0.07s device=cuda
INFO:src.estimators.masked_ae:[masked-ae] retrain epoch 18/35 time=0.06s device=cuda
INFO:src.estimators.masked_ae:[masked-ae] retrain epoch 19/35 time=0.04s device=cuda
INFO:src.estimators.masked_ae:[masked-ae] retrain epoch 20/35 time=0.04s device=cuda
INFO:src.estimators.masked_ae:[masked-ae] retrain epoch 21/35 time=0.04s device=cuda
INFO:src.estimators.masked_ae:[masked-ae] retrain epoch 22/35 time=0.11s device=cuda
INFO:src.estimators.masked_ae:[masked-ae] retrain epoch 23/35 time=0.04s device=cuda
INFO:src.estimators.masked_ae:[masked-ae] retrain epoch 24/35 time=0.03s device=cuda
INFO:src.estimators.masked_ae:[masked-ae] retrain epoch 25/35 time=0.03s device=cuda
INFO:src.estimators.masked_ae:[masked-ae] retrain epoch 26/35 time=0.05s device=cuda
INFO:src.estimators.masked_ae:[masked-ae] retrain epoch 27/35 time=0.04s device=cuda
INFO:src.estimators.masked_ae:[masked-ae] retrain epoch 28/35 time=0.04s device=cuda
INFO:src.estimators.masked_ae:[masked-ae] retrain epoch 29/35 time=0.04s device=cuda
INFO:src.estimators.masked_ae:[masked-ae] retrain epoch 30/35 time=0.03s device=cuda
INFO:src.estimators.masked_ae:[masked-ae] retrain epoch 31/35 time=0.06s device=cuda
INFO:src.estimators.masked_ae:[masked-ae] retrain epoch 32/35 time=0.03s device=cuda
INFO:src.estimators.masked_ae:[masked-ae] retrain epoch 33/35 time=0.04s device=cuda
INFO:src.estimators.masked_ae:[masked-ae] retrain epoch 34/35 time=0.04s device=cuda
INFO:src.estimators.masked_ae:[masked-ae] retrain epoch 35/35 time=0.03s device=cuda
INFO:repair_masked_ae:Group ('mnist', 5, 0.5, 1) repaired: estimate=17.0 elapsed_s=11.77 device=cuda samples=2000 rows=5
INFO:repair_masked_ae:Processing group key=('mnist', 5, 0.75, 1) with 5 rows; example row 135
INFO:src.estimators.masked_ae:[masked-ae] pretrain epoch 1/10 time=0.03s device=cuda
INFO:src.estimators.masked_ae:[masked-ae] pretrain epoch 2/10 time=0.03s device=cuda
INFO:src.estimators.masked_ae:[masked-ae] pretrain epoch 3/10 time=0.03s device=cuda
INFO:src.estimators.masked_ae:[masked-ae] pretrain epoch 4/10 time=0.03s device=cuda
INFO:src.estimators.masked_ae:[masked-ae] pretrain epoch 5/10 time=0.03s device=cuda
INFO:src.estimators.masked_ae:[masked-ae] pretrain epoch 6/10 time=0.03s device=cuda
INFO:src.estimators.masked_ae:[masked-ae] pretrain epoch 7/10 time=0.03s device=cuda
INFO:src.estimators.masked_ae:[masked-ae] pretrain epoch 8/10 time=0.03s device=cuda
INFO:src.estimators.masked_ae:[masked-ae] pretrain epoch 9/10 time=0.05s device=cuda
INFO:src.estimators.masked_ae:[masked-ae] pretrain epoch 10/10 time=0.05s device=cuda
INFO:src.estimators.masked_ae:[masked-ae] sweep lam=0.1 epoch 1/25 time=0.05s device=cuda
INFO:src.estimators.masked_ae:[masked-ae] sweep lam=0.1 epoch 2/25 time=0.03s device=cuda
INFO:src.estimators.masked_ae:[masked-ae] sweep lam=0.1 epoch 3/25 time=0.03s device=cuda
INFO:src.estimators.masked_ae:[masked-ae] sweep lam=0.1 epoch 4/25 time=0.04s device=cuda
INFO:src.estimators.masked_ae:[masked-ae] sweep lam=0.1 epoch 5/25 time=0.05s device=cuda
INFO:src.estimators.masked_ae:[masked-ae] sweep lam=0.1 epoch 6/25 time=0.03s device=cuda
INFO:src.estimators.masked_ae:[masked-ae] sweep lam=0.1 epoch 7/25 time=0.03s device=cuda
INFO:src.estimators.masked_ae:[masked-ae] sweep lam=0.1 epoch 8/25 time=0.03s device=cuda
INFO:src.estimators.masked_ae:[masked-ae] sweep lam=0.1 epoch 9/25 time=0.03s device=cuda
INFO:src.estimators.masked_ae:[masked-ae] sweep lam=0.1 epoch 10/25 time=0.03s device=cuda
INFO:src.estimators.masked_ae:[masked-ae] sweep lam=0.1 epoch 11/25 time=0.03s device=cuda
INFO:src.estimators.masked_ae:[masked-ae] sweep lam=0.1 epoch 12/25 time=0.03s device=cuda
INFO:src.estimators.masked_ae:[masked-ae] sweep lam=0.1 epoch 13/25 time=0.03s device=cuda
INFO:src.estimators.masked_ae:[masked-ae] sweep lam=0.1 epoch 14/25 time=0.03s device=cuda
INFO:src.estimators.masked_ae:[masked-ae] sweep lam=0.1 epoch 15/25 time=0.03s device=cuda
INFO:src.estimators.masked_ae:[masked-ae] sweep lam=0.1 epoch 16/25 time=0.03s device=cuda
INFO:src.estimators.masked_ae:[masked-ae] sweep lam=0.1 epoch 17/25 time=0.03s device=cuda
INFO:src.estimators.masked_ae:[masked-ae] sweep lam=0.1 epoch 18/25 time=0.03s device=cuda
INFO:src.estimators.masked_ae:[masked-ae] sweep lam=0.1 epoch 19/25 time=0.03s device=cuda
INFO:src.estimators.masked_ae:[masked-ae] sweep lam=0.1 epoch 20/25 time=0.04s device=cuda
INFO:src.estimators.masked_ae:[masked-ae] sweep lam=0.1 epoch 21/25 time=0.03s device=cuda
INFO:src.estimators.masked_ae:[masked-ae] sweep lam=0.1 epoch 22/25 time=0.03s device=cuda
INFO:src.estimators.masked_ae:[masked-ae] sweep lam=0.1 epoch 23/25 time=0.03s device=cuda
INFO:src.estimators.masked_ae:[masked-ae] sweep lam=0.1 epoch 24/25 time=0.03s device=cuda
INFO:src.estimators.masked_ae:[masked-ae] sweep lam=0.1 epoch 25/25 time=0.03s device=cuda
INFO:src.estimators.masked_ae:[masked-ae] sweep lam=0.16681005372000587 epoch 1/25 time=0.03s device=cuda
INFO:src.estimators.masked_ae:[masked-ae] sweep lam=0.16681005372000587 epoch 2/25 time=0.03s device=cuda
INFO:src.estimators.masked_ae:[masked-ae] sweep lam=0.16681005372000587 epoch 3/25 time=0.03s device=cuda
INFO:src.estimators.masked_ae:[masked-ae] sweep lam=0.16681005372000587 epoch 4/25 time=0.04s device=cuda
INFO:src.estimators.masked_ae:[masked-ae] sweep lam=0.16681005372000587 epoch 5/25 time=0.03s device=cuda
INFO:src.estimators.masked_ae:[masked-ae] sweep lam=0.16681005372000587 epoch 6/25 time=0.03s device=cuda
INFO:src.estimators.masked_ae:[masked-ae] sweep lam=0.16681005372000587 epoch 7/25 time=0.04s device=cuda
INFO:src.estimators.masked_ae:[masked-ae] sweep lam=0.16681005372000587 epoch 8/25 time=0.04s device=cuda
INFO:src.estimators.masked_ae:[masked-ae] sweep lam=0.16681005372000587 epoch 9/25 time=0.04s device=cuda
INFO:src.estimators.masked_ae:[masked-ae] sweep lam=0.16681005372000587 epoch 10/25 time=0.03s device=cuda
INFO:src.estimators.masked_ae:[masked-ae] sweep lam=0.16681005372000587 epoch 11/25 time=0.03s device=cuda
INFO:src.estimators.masked_ae:[masked-ae] sweep lam=0.16681005372000587 epoch 12/25 time=0.06s device=cuda
INFO:src.estimators.masked_ae:[masked-ae] sweep lam=0.16681005372000587 epoch 13/25 time=0.03s device=cuda
INFO:src.estimators.masked_ae:[masked-ae] sweep lam=0.16681005372000587 epoch 14/25 time=0.03s device=cuda
INFO:src.estimators.masked_ae:[masked-ae] sweep lam=0.16681005372000587 epoch 15/25 time=0.04s device=cuda
INFO:src.estimators.masked_ae:[masked-ae] sweep lam=0.16681005372000587 epoch 16/25 time=0.04s device=cuda
INFO:src.estimators.masked_ae:[masked-ae] sweep lam=0.16681005372000587 epoch 17/25 time=0.04s device=cuda
INFO:src.estimators.masked_ae:[masked-ae] sweep lam=0.16681005372000587 epoch 18/25 time=0.04s device=cuda
INFO:src.estimators.masked_ae:[masked-ae] sweep lam=0.16681005372000587 epoch 19/25 time=0.04s device=cuda
INFO:src.estimators.masked_ae:[masked-ae] sweep lam=0.16681005372000587 epoch 20/25 time=0.04s device=cuda
INFO:src.estimators.masked_ae:[masked-ae] sweep lam=0.16681005372000587 epoch 21/25 time=0.04s device=cuda
INFO:src.estimators.masked_ae:[masked-ae] sweep lam=0.16681005372000587 epoch 22/25 time=0.03s device=cuda
INFO:src.estimators.masked_ae:[masked-ae] sweep lam=0.16681005372000587 epoch 23/25 time=0.03s device=cuda
INFO:src.estimators.masked_ae:[masked-ae] sweep lam=0.16681005372000587 epoch 24/25 time=0.05s device=cuda
INFO:src.estimators.masked_ae:[masked-ae] sweep lam=0.16681005372000587 epoch 25/25 time=0.05s device=cuda
INFO:src.estimators.masked_ae:[masked-ae] sweep lam=0.2782559402207124 epoch 1/25 time=0.05s device=cuda
INFO:src.estimators.masked_ae:[masked-ae] sweep lam=0.2782559402207124 epoch 2/25 time=0.04s device=cuda
INFO:src.estimators.masked_ae:[masked-ae] sweep lam=0.2782559402207124 epoch 3/25 time=0.03s device=cuda
INFO:src.estimators.masked_ae:[masked-ae] sweep lam=0.2782559402207124 epoch 4/25 time=0.06s device=cuda
INFO:src.estimators.masked_ae:[masked-ae] sweep lam=0.2782559402207124 epoch 5/25 time=0.04s device=cuda
INFO:src.estimators.masked_ae:[masked-ae] sweep lam=0.2782559402207124 epoch 6/25 time=0.04s device=cuda
INFO:src.estimators.masked_ae:[masked-ae] sweep lam=0.2782559402207124 epoch 7/25 time=0.04s device=cuda
INFO:src.estimators.masked_ae:[masked-ae] sweep lam=0.2782559402207124 epoch 8/25 time=0.04s device=cuda
INFO:src.estimators.masked_ae:[masked-ae] sweep lam=0.2782559402207124 epoch 9/25 time=0.03s device=cuda
INFO:src.estimators.masked_ae:[masked-ae] sweep lam=0.2782559402207124 epoch 10/25 time=0.03s device=cuda
INFO:src.estimators.masked_ae:[masked-ae] sweep lam=0.2782559402207124 epoch 11/25 time=0.04s device=cuda
INFO:src.estimators.masked_ae:[masked-ae] sweep lam=0.2782559402207124 epoch 12/25 time=0.03s device=cuda
INFO:src.estimators.masked_ae:[masked-ae] sweep lam=0.2782559402207124 epoch 13/25 time=0.03s device=cuda
INFO:src.estimators.masked_ae:[masked-ae] sweep lam=0.2782559402207124 epoch 14/25 time=0.03s device=cuda
INFO:src.estimators.masked_ae:[masked-ae] sweep lam=0.2782559402207124 epoch 15/25 time=0.04s device=cuda
INFO:src.estimators.masked_ae:[masked-ae] sweep lam=0.2782559402207124 epoch 16/25 time=0.04s device=cuda
INFO:src.estimators.masked_ae:[masked-ae] sweep lam=0.2782559402207124 epoch 17/25 time=0.03s device=cuda
INFO:src.estimators.masked_ae:[masked-ae] sweep lam=0.2782559402207124 epoch 18/25 time=0.04s device=cuda
INFO:src.estimators.masked_ae:[masked-ae] sweep lam=0.2782559402207124 epoch 19/25 time=0.03s device=cuda
INFO:src.estimators.masked_ae:[masked-ae] sweep lam=0.2782559402207124 epoch 20/25 time=0.03s device=cuda
INFO:src.estimators.masked_ae:[masked-ae] sweep lam=0.2782559402207124 epoch 21/25 time=0.03s device=cuda
INFO:src.estimators.masked_ae:[masked-ae] sweep lam=0.2782559402207124 epoch 22/25 time=0.03s device=cuda
INFO:src.estimators.masked_ae:[masked-ae] sweep lam=0.2782559402207124 epoch 23/25 time=0.03s device=cuda
INFO:src.estimators.masked_ae:[masked-ae] sweep lam=0.2782559402207124 epoch 24/25 time=0.03s device=cuda
INFO:src.estimators.masked_ae:[masked-ae] sweep lam=0.2782559402207124 epoch 25/25 time=0.05s device=cuda
INFO:src.estimators.masked_ae:[masked-ae] sweep lam=0.46415888336127786 epoch 1/25 time=0.03s device=cuda
INFO:src.estimators.masked_ae:[masked-ae] sweep lam=0.46415888336127786 epoch 2/25 time=0.03s device=cuda
INFO:src.estimators.masked_ae:[masked-ae] sweep lam=0.46415888336127786 epoch 3/25 time=0.03s device=cuda
INFO:src.estimators.masked_ae:[masked-ae] sweep lam=0.46415888336127786 epoch 4/25 time=0.03s device=cuda
INFO:src.estimators.masked_ae:[masked-ae] sweep lam=0.46415888336127786 epoch 5/25 time=0.03s device=cuda
INFO:src.estimators.masked_ae:[masked-ae] sweep lam=0.46415888336127786 epoch 6/25 time=0.03s device=cuda
INFO:src.estimators.masked_ae:[masked-ae] sweep lam=0.46415888336127786 epoch 7/25 time=0.04s device=cuda
INFO:src.estimators.masked_ae:[masked-ae] sweep lam=0.46415888336127786 epoch 8/25 time=0.04s device=cuda
INFO:src.estimators.masked_ae:[masked-ae] sweep lam=0.46415888336127786 epoch 9/25 time=0.04s device=cuda
INFO:src.estimators.masked_ae:[masked-ae] sweep lam=0.46415888336127786 epoch 10/25 time=0.04s device=cuda
INFO:src.estimators.masked_ae:[masked-ae] sweep lam=0.46415888336127786 epoch 11/25 time=0.04s device=cuda
INFO:src.estimators.masked_ae:[masked-ae] sweep lam=0.46415888336127786 epoch 12/25 time=0.04s device=cuda
INFO:src.estimators.masked_ae:[masked-ae] sweep lam=0.46415888336127786 epoch 13/25 time=0.04s device=cuda
INFO:src.estimators.masked_ae:[masked-ae] sweep lam=0.46415888336127786 epoch 14/25 time=0.04s device=cuda
INFO:src.estimators.masked_ae:[masked-ae] sweep lam=0.46415888336127786 epoch 15/25 time=0.03s device=cuda
INFO:src.estimators.masked_ae:[masked-ae] sweep lam=0.46415888336127786 epoch 16/25 time=0.03s device=cuda
INFO:src.estimators.masked_ae:[masked-ae] sweep lam=0.46415888336127786 epoch 17/25 time=0.03s device=cuda
INFO:src.estimators.masked_ae:[masked-ae] sweep lam=0.46415888336127786 epoch 18/25 time=0.03s device=cuda
INFO:src.estimators.masked_ae:[masked-ae] sweep lam=0.46415888336127786 epoch 19/25 time=0.03s device=cuda
INFO:src.estimators.masked_ae:[masked-ae] sweep lam=0.46415888336127786 epoch 20/25 time=0.03s device=cuda
INFO:src.estimators.masked_ae:[masked-ae] sweep lam=0.46415888336127786 epoch 21/25 time=0.03s device=cuda
INFO:src.estimators.masked_ae:[masked-ae] sweep lam=0.46415888336127786 epoch 22/25 time=0.03s device=cuda
INFO:src.estimators.masked_ae:[masked-ae] sweep lam=0.46415888336127786 epoch 23/25 time=0.03s device=cuda
INFO:src.estimators.masked_ae:[masked-ae] sweep lam=0.46415888336127786 epoch 24/25 time=0.03s device=cuda
INFO:src.estimators.masked_ae:[masked-ae] sweep lam=0.46415888336127786 epoch 25/25 time=0.03s device=cuda
INFO:src.estimators.masked_ae:[masked-ae] sweep lam=0.774263682681127 epoch 1/25 time=0.03s device=cuda
INFO:src.estimators.masked_ae:[masked-ae] sweep lam=0.774263682681127 epoch 2/25 time=0.05s device=cuda
INFO:src.estimators.masked_ae:[masked-ae] sweep lam=0.774263682681127 epoch 3/25 time=0.04s device=cuda
INFO:src.estimators.masked_ae:[masked-ae] sweep lam=0.774263682681127 epoch 4/25 time=0.03s device=cuda
INFO:src.estimators.masked_ae:[masked-ae] sweep lam=0.774263682681127 epoch 5/25 time=0.03s device=cuda
INFO:src.estimators.masked_ae:[masked-ae] sweep lam=0.774263682681127 epoch 6/25 time=0.04s device=cuda
INFO:src.estimators.masked_ae:[masked-ae] sweep lam=0.774263682681127 epoch 7/25 time=0.04s device=cuda
INFO:src.estimators.masked_ae:[masked-ae] sweep lam=0.774263682681127 epoch 8/25 time=0.04s device=cuda
INFO:src.estimators.masked_ae:[masked-ae] sweep lam=0.774263682681127 epoch 9/25 time=0.04s device=cuda
INFO:src.estimators.masked_ae:[masked-ae] sweep lam=0.774263682681127 epoch 10/25 time=0.04s device=cuda
INFO:src.estimators.masked_ae:[masked-ae] sweep lam=0.774263682681127 epoch 11/25 time=0.03s device=cuda
INFO:src.estimators.masked_ae:[masked-ae] sweep lam=0.774263682681127 epoch 12/25 time=0.04s device=cuda
INFO:src.estimators.masked_ae:[masked-ae] sweep lam=0.774263682681127 epoch 13/25 time=0.04s device=cuda
INFO:src.estimators.masked_ae:[masked-ae] sweep lam=0.774263682681127 epoch 14/25 time=0.04s device=cuda
INFO:src.estimators.masked_ae:[masked-ae] sweep lam=0.774263682681127 epoch 15/25 time=0.05s device=cuda
INFO:src.estimators.masked_ae:[masked-ae] sweep lam=0.774263682681127 epoch 16/25 time=0.04s device=cuda
INFO:src.estimators.masked_ae:[masked-ae] sweep lam=0.774263682681127 epoch 17/25 time=0.04s device=cuda
INFO:src.estimators.masked_ae:[masked-ae] sweep lam=0.774263682681127 epoch 18/25 time=0.04s device=cuda
INFO:src.estimators.masked_ae:[masked-ae] sweep lam=0.774263682681127 epoch 19/25 time=0.04s device=cuda
INFO:src.estimators.masked_ae:[masked-ae] sweep lam=0.774263682681127 epoch 20/25 time=0.04s device=cuda
INFO:src.estimators.masked_ae:[masked-ae] sweep lam=0.774263682681127 epoch 21/25 time=0.04s device=cuda
INFO:src.estimators.masked_ae:[masked-ae] sweep lam=0.774263682681127 epoch 22/25 time=0.03s device=cuda
INFO:src.estimators.masked_ae:[masked-ae] sweep lam=0.774263682681127 epoch 23/25 time=0.03s device=cuda
INFO:src.estimators.masked_ae:[masked-ae] sweep lam=0.774263682681127 epoch 24/25 time=0.03s device=cuda
INFO:src.estimators.masked_ae:[masked-ae] sweep lam=0.774263682681127 epoch 25/25 time=0.04s device=cuda
INFO:src.estimators.masked_ae:[masked-ae] sweep lam=1.291549665014884 epoch 1/25 time=0.04s device=cuda
INFO:src.estimators.masked_ae:[masked-ae] sweep lam=1.291549665014884 epoch 2/25 time=0.03s device=cuda
INFO:src.estimators.masked_ae:[masked-ae] sweep lam=1.291549665014884 epoch 3/25 time=0.03s device=cuda
INFO:src.estimators.masked_ae:[masked-ae] sweep lam=1.291549665014884 epoch 4/25 time=0.03s device=cuda
INFO:src.estimators.masked_ae:[masked-ae] sweep lam=1.291549665014884 epoch 5/25 time=0.03s device=cuda
INFO:src.estimators.masked_ae:[masked-ae] sweep lam=1.291549665014884 epoch 6/25 time=0.03s device=cuda
INFO:src.estimators.masked_ae:[masked-ae] sweep lam=1.291549665014884 epoch 7/25 time=0.03s device=cuda
INFO:src.estimators.masked_ae:[masked-ae] sweep lam=1.291549665014884 epoch 8/25 time=0.03s device=cuda
INFO:src.estimators.masked_ae:[masked-ae] sweep lam=1.291549665014884 epoch 9/25 time=0.03s device=cuda
INFO:src.estimators.masked_ae:[masked-ae] sweep lam=1.291549665014884 epoch 10/25 time=0.04s device=cuda
INFO:src.estimators.masked_ae:[masked-ae] sweep lam=1.291549665014884 epoch 11/25 time=0.04s device=cuda
INFO:src.estimators.masked_ae:[masked-ae] sweep lam=1.291549665014884 epoch 12/25 time=0.03s device=cuda
INFO:src.estimators.masked_ae:[masked-ae] sweep lam=1.291549665014884 epoch 13/25 time=0.06s device=cuda
INFO:src.estimators.masked_ae:[masked-ae] sweep lam=1.291549665014884 epoch 14/25 time=0.05s device=cuda
INFO:src.estimators.masked_ae:[masked-ae] sweep lam=1.291549665014884 epoch 15/25 time=0.03s device=cuda
INFO:src.estimators.masked_ae:[masked-ae] sweep lam=1.291549665014884 epoch 16/25 time=0.03s device=cuda
INFO:src.estimators.masked_ae:[masked-ae] sweep lam=1.291549665014884 epoch 17/25 time=0.03s device=cuda
INFO:src.estimators.masked_ae:[masked-ae] sweep lam=1.291549665014884 epoch 18/25 time=0.03s device=cuda
INFO:src.estimators.masked_ae:[masked-ae] sweep lam=1.291549665014884 epoch 19/25 time=0.04s device=cuda
INFO:src.estimators.masked_ae:[masked-ae] sweep lam=1.291549665014884 epoch 20/25 time=0.04s device=cuda
INFO:src.estimators.masked_ae:[masked-ae] sweep lam=1.291549665014884 epoch 21/25 time=0.04s device=cuda
INFO:src.estimators.masked_ae:[masked-ae] sweep lam=1.291549665014884 epoch 22/25 time=0.03s device=cuda
INFO:src.estimators.masked_ae:[masked-ae] sweep lam=1.291549665014884 epoch 23/25 time=0.04s device=cuda
INFO:src.estimators.masked_ae:[masked-ae] sweep lam=1.291549665014884 epoch 24/25 time=0.04s device=cuda
INFO:src.estimators.masked_ae:[masked-ae] sweep lam=1.291549665014884 epoch 25/25 time=0.04s device=cuda
INFO:src.estimators.masked_ae:[masked-ae] sweep lam=2.1544346900318834 epoch 1/25 time=0.04s device=cuda
INFO:src.estimators.masked_ae:[masked-ae] sweep lam=2.1544346900318834 epoch 2/25 time=0.04s device=cuda
INFO:src.estimators.masked_ae:[masked-ae] sweep lam=2.1544346900318834 epoch 3/25 time=0.04s device=cuda
INFO:src.estimators.masked_ae:[masked-ae] sweep lam=2.1544346900318834 epoch 4/25 time=0.03s device=cuda
INFO:src.estimators.masked_ae:[masked-ae] sweep lam=2.1544346900318834 epoch 5/25 time=0.05s device=cuda
INFO:src.estimators.masked_ae:[masked-ae] sweep lam=2.1544346900318834 epoch 6/25 time=0.05s device=cuda
INFO:src.estimators.masked_ae:[masked-ae] sweep lam=2.1544346900318834 epoch 7/25 time=0.04s device=cuda
INFO:src.estimators.masked_ae:[masked-ae] sweep lam=2.1544346900318834 epoch 8/25 time=0.03s device=cuda
INFO:src.estimators.masked_ae:[masked-ae] sweep lam=2.1544346900318834 epoch 9/25 time=0.04s device=cuda
INFO:src.estimators.masked_ae:[masked-ae] sweep lam=2.1544346900318834 epoch 10/25 time=0.04s device=cuda
INFO:src.estimators.masked_ae:[masked-ae] sweep lam=2.1544346900318834 epoch 11/25 time=0.04s device=cuda
INFO:src.estimators.masked_ae:[masked-ae] sweep lam=2.1544346900318834 epoch 12/25 time=0.04s device=cuda
INFO:src.estimators.masked_ae:[masked-ae] sweep lam=2.1544346900318834 epoch 13/25 time=0.04s device=cuda
INFO:src.estimators.masked_ae:[masked-ae] sweep lam=2.1544346900318834 epoch 14/25 time=0.04s device=cuda
INFO:src.estimators.masked_ae:[masked-ae] sweep lam=2.1544346900318834 epoch 15/25 time=0.03s device=cuda
INFO:src.estimators.masked_ae:[masked-ae] sweep lam=2.1544346900318834 epoch 16/25 time=0.04s device=cuda
INFO:src.estimators.masked_ae:[masked-ae] sweep lam=2.1544346900318834 epoch 17/25 time=0.04s device=cuda
INFO:src.estimators.masked_ae:[masked-ae] sweep lam=2.1544346900318834 epoch 18/25 time=0.04s device=cuda
INFO:src.estimators.masked_ae:[masked-ae] sweep lam=2.1544346900318834 epoch 19/25 time=0.04s device=cuda
INFO:src.estimators.masked_ae:[masked-ae] sweep lam=2.1544346900318834 epoch 20/25 time=0.04s device=cuda
INFO:src.estimators.masked_ae:[masked-ae] sweep lam=2.1544346900318834 epoch 21/25 time=0.04s device=cuda
INFO:src.estimators.masked_ae:[masked-ae] sweep lam=2.1544346900318834 epoch 22/25 time=0.04s device=cuda
INFO:src.estimators.masked_ae:[masked-ae] sweep lam=2.1544346900318834 epoch 23/25 time=0.04s device=cuda
INFO:src.estimators.masked_ae:[masked-ae] sweep lam=2.1544346900318834 epoch 24/25 time=0.04s device=cuda
INFO:src.estimators.masked_ae:[masked-ae] sweep lam=2.1544346900318834 epoch 25/25 time=0.04s device=cuda
INFO:src.estimators.masked_ae:[masked-ae] sweep lam=3.593813663804626 epoch 1/25 time=0.03s device=cuda
INFO:src.estimators.masked_ae:[masked-ae] sweep lam=3.593813663804626 epoch 2/25 time=0.04s device=cuda
INFO:src.estimators.masked_ae:[masked-ae] sweep lam=3.593813663804626 epoch 3/25 time=0.04s device=cuda
INFO:src.estimators.masked_ae:[masked-ae] sweep lam=3.593813663804626 epoch 4/25 time=0.04s device=cuda
INFO:src.estimators.masked_ae:[masked-ae] sweep lam=3.593813663804626 epoch 5/25 time=0.05s device=cuda
INFO:src.estimators.masked_ae:[masked-ae] sweep lam=3.593813663804626 epoch 6/25 time=0.03s device=cuda
INFO:src.estimators.masked_ae:[masked-ae] sweep lam=3.593813663804626 epoch 7/25 time=0.03s device=cuda
INFO:src.estimators.masked_ae:[masked-ae] sweep lam=3.593813663804626 epoch 8/25 time=0.04s device=cuda
INFO:src.estimators.masked_ae:[masked-ae] sweep lam=3.593813663804626 epoch 9/25 time=0.03s device=cuda
INFO:src.estimators.masked_ae:[masked-ae] sweep lam=3.593813663804626 epoch 10/25 time=0.03s device=cuda
INFO:src.estimators.masked_ae:[masked-ae] sweep lam=3.593813663804626 epoch 11/25 time=0.03s device=cuda
INFO:src.estimators.masked_ae:[masked-ae] sweep lam=3.593813663804626 epoch 12/25 time=0.03s device=cuda
INFO:src.estimators.masked_ae:[masked-ae] sweep lam=3.593813663804626 epoch 13/25 time=0.04s device=cuda
INFO:src.estimators.masked_ae:[masked-ae] sweep lam=3.593813663804626 epoch 14/25 time=0.03s device=cuda
INFO:src.estimators.masked_ae:[masked-ae] sweep lam=3.593813663804626 epoch 15/25 time=0.03s device=cuda
INFO:src.estimators.masked_ae:[masked-ae] sweep lam=3.593813663804626 epoch 16/25 time=0.04s device=cuda
INFO:src.estimators.masked_ae:[masked-ae] sweep lam=3.593813663804626 epoch 17/25 time=0.05s device=cuda
INFO:src.estimators.masked_ae:[masked-ae] sweep lam=3.593813663804626 epoch 18/25 time=0.05s device=cuda
INFO:src.estimators.masked_ae:[masked-ae] sweep lam=3.593813663804626 epoch 19/25 time=0.05s device=cuda
INFO:src.estimators.masked_ae:[masked-ae] sweep lam=3.593813663804626 epoch 20/25 time=0.04s device=cuda
INFO:src.estimators.masked_ae:[masked-ae] sweep lam=3.593813663804626 epoch 21/25 time=0.04s device=cuda
INFO:src.estimators.masked_ae:[masked-ae] sweep lam=3.593813663804626 epoch 22/25 time=0.04s device=cuda
INFO:src.estimators.masked_ae:[masked-ae] sweep lam=3.593813663804626 epoch 23/25 time=0.04s device=cuda
INFO:src.estimators.masked_ae:[masked-ae] sweep lam=3.593813663804626 epoch 24/25 time=0.04s device=cuda
INFO:src.estimators.masked_ae:[masked-ae] sweep lam=3.593813663804626 epoch 25/25 time=0.03s device=cuda
INFO:src.estimators.masked_ae:[masked-ae] sweep lam=5.994842503189409 epoch 1/25 time=0.04s device=cuda
INFO:src.estimators.masked_ae:[masked-ae] sweep lam=5.994842503189409 epoch 2/25 time=0.04s device=cuda
INFO:src.estimators.masked_ae:[masked-ae] sweep lam=5.994842503189409 epoch 3/25 time=0.03s device=cuda
INFO:src.estimators.masked_ae:[masked-ae] sweep lam=5.994842503189409 epoch 4/25 time=0.03s device=cuda
INFO:src.estimators.masked_ae:[masked-ae] sweep lam=5.994842503189409 epoch 5/25 time=0.05s device=cuda
INFO:src.estimators.masked_ae:[masked-ae] sweep lam=5.994842503189409 epoch 6/25 time=0.03s device=cuda
INFO:src.estimators.masked_ae:[masked-ae] sweep lam=5.994842503189409 epoch 7/25 time=0.03s device=cuda
INFO:src.estimators.masked_ae:[masked-ae] sweep lam=5.994842503189409 epoch 8/25 time=0.03s device=cuda
INFO:src.estimators.masked_ae:[masked-ae] sweep lam=5.994842503189409 epoch 9/25 time=0.03s device=cuda
INFO:src.estimators.masked_ae:[masked-ae] sweep lam=5.994842503189409 epoch 10/25 time=0.04s device=cuda
INFO:src.estimators.masked_ae:[masked-ae] sweep lam=5.994842503189409 epoch 11/25 time=0.04s device=cuda
INFO:src.estimators.masked_ae:[masked-ae] sweep lam=5.994842503189409 epoch 12/25 time=0.04s device=cuda
INFO:src.estimators.masked_ae:[masked-ae] sweep lam=5.994842503189409 epoch 13/25 time=0.03s device=cuda
INFO:src.estimators.masked_ae:[masked-ae] sweep lam=5.994842503189409 epoch 14/25 time=0.05s device=cuda
INFO:src.estimators.masked_ae:[masked-ae] sweep lam=5.994842503189409 epoch 15/25 time=0.06s device=cuda
INFO:src.estimators.masked_ae:[masked-ae] sweep lam=5.994842503189409 epoch 16/25 time=0.08s device=cuda
INFO:src.estimators.masked_ae:[masked-ae] sweep lam=5.994842503189409 epoch 17/25 time=0.04s device=cuda
INFO:src.estimators.masked_ae:[masked-ae] sweep lam=5.994842503189409 epoch 18/25 time=0.05s device=cuda
INFO:src.estimators.masked_ae:[masked-ae] sweep lam=5.994842503189409 epoch 19/25 time=0.04s device=cuda
INFO:src.estimators.masked_ae:[masked-ae] sweep lam=5.994842503189409 epoch 20/25 time=0.03s device=cuda
INFO:src.estimators.masked_ae:[masked-ae] sweep lam=5.994842503189409 epoch 21/25 time=0.07s device=cuda
INFO:src.estimators.masked_ae:[masked-ae] sweep lam=5.994842503189409 epoch 22/25 time=0.03s device=cuda
INFO:src.estimators.masked_ae:[masked-ae] sweep lam=5.994842503189409 epoch 23/25 time=0.03s device=cuda
INFO:src.estimators.masked_ae:[masked-ae] sweep lam=5.994842503189409 epoch 24/25 time=0.03s device=cuda
INFO:src.estimators.masked_ae:[masked-ae] sweep lam=5.994842503189409 epoch 25/25 time=0.03s device=cuda
INFO:src.estimators.masked_ae:[masked-ae] sweep lam=10.0 epoch 1/25 time=0.03s device=cuda
INFO:src.estimators.masked_ae:[masked-ae] sweep lam=10.0 epoch 2/25 time=0.03s device=cuda
INFO:src.estimators.masked_ae:[masked-ae] sweep lam=10.0 epoch 3/25 time=0.04s device=cuda
INFO:src.estimators.masked_ae:[masked-ae] sweep lam=10.0 epoch 4/25 time=0.03s device=cuda
INFO:src.estimators.masked_ae:[masked-ae] sweep lam=10.0 epoch 5/25 time=0.05s device=cuda
INFO:src.estimators.masked_ae:[masked-ae] sweep lam=10.0 epoch 6/25 time=0.06s device=cuda
INFO:src.estimators.masked_ae:[masked-ae] sweep lam=10.0 epoch 7/25 time=0.03s device=cuda
INFO:src.estimators.masked_ae:[masked-ae] sweep lam=10.0 epoch 8/25 time=0.08s device=cuda
INFO:src.estimators.masked_ae:[masked-ae] sweep lam=10.0 epoch 9/25 time=0.04s device=cuda
INFO:src.estimators.masked_ae:[masked-ae] sweep lam=10.0 epoch 10/25 time=0.04s device=cuda
INFO:src.estimators.masked_ae:[masked-ae] sweep lam=10.0 epoch 11/25 time=0.04s device=cuda
INFO:src.estimators.masked_ae:[masked-ae] sweep lam=10.0 epoch 12/25 time=0.04s device=cuda
INFO:src.estimators.masked_ae:[masked-ae] sweep lam=10.0 epoch 13/25 time=0.06s device=cuda
INFO:src.estimators.masked_ae:[masked-ae] sweep lam=10.0 epoch 14/25 time=0.04s device=cuda
INFO:src.estimators.masked_ae:[masked-ae] sweep lam=10.0 epoch 15/25 time=0.05s device=cuda
INFO:src.estimators.masked_ae:[masked-ae] sweep lam=10.0 epoch 16/25 time=0.06s device=cuda
INFO:src.estimators.masked_ae:[masked-ae] sweep lam=10.0 epoch 17/25 time=0.05s device=cuda
INFO:src.estimators.masked_ae:[masked-ae] sweep lam=10.0 epoch 18/25 time=0.04s device=cuda
INFO:src.estimators.masked_ae:[masked-ae] sweep lam=10.0 epoch 19/25 time=0.04s device=cuda
INFO:src.estimators.masked_ae:[masked-ae] sweep lam=10.0 epoch 20/25 time=0.05s device=cuda
INFO:src.estimators.masked_ae:[masked-ae] sweep lam=10.0 epoch 21/25 time=0.05s device=cuda
INFO:src.estimators.masked_ae:[masked-ae] sweep lam=10.0 epoch 22/25 time=0.05s device=cuda
INFO:src.estimators.masked_ae:[masked-ae] sweep lam=10.0 epoch 23/25 time=0.04s device=cuda
INFO:src.estimators.masked_ae:[masked-ae] sweep lam=10.0 epoch 24/25 time=0.04s device=cuda
INFO:src.estimators.masked_ae:[masked-ae] sweep lam=10.0 epoch 25/25 time=0.03s device=cuda
INFO:src.estimators.masked_ae:[masked-ae] retrain epoch 1/35 time=0.04s device=cuda
INFO:src.estimators.masked_ae:[masked-ae] retrain epoch 2/35 time=0.04s device=cuda
INFO:src.estimators.masked_ae:[masked-ae] retrain epoch 3/35 time=0.04s device=cuda
INFO:src.estimators.masked_ae:[masked-ae] retrain epoch 4/35 time=0.03s device=cuda
INFO:src.estimators.masked_ae:[masked-ae] retrain epoch 5/35 time=0.03s device=cuda
INFO:src.estimators.masked_ae:[masked-ae] retrain epoch 6/35 time=0.04s device=cuda
INFO:src.estimators.masked_ae:[masked-ae] retrain epoch 7/35 time=0.04s device=cuda
INFO:src.estimators.masked_ae:[masked-ae] retrain epoch 8/35 time=0.04s device=cuda
INFO:src.estimators.masked_ae:[masked-ae] retrain epoch 9/35 time=0.04s device=cuda
INFO:src.estimators.masked_ae:[masked-ae] retrain epoch 10/35 time=0.03s device=cuda
INFO:src.estimators.masked_ae:[masked-ae] retrain epoch 11/35 time=0.03s device=cuda
INFO:src.estimators.masked_ae:[masked-ae] retrain epoch 12/35 time=0.03s device=cuda
INFO:src.estimators.masked_ae:[masked-ae] retrain epoch 13/35 time=0.04s device=cuda
INFO:src.estimators.masked_ae:[masked-ae] retrain epoch 14/35 time=0.04s device=cuda
INFO:src.estimators.masked_ae:[masked-ae] retrain epoch 15/35 time=0.04s device=cuda
INFO:src.estimators.masked_ae:[masked-ae] retrain epoch 16/35 time=0.05s device=cuda
INFO:src.estimators.masked_ae:[masked-ae] retrain epoch 17/35 time=0.07s device=cuda
INFO:src.estimators.masked_ae:[masked-ae] retrain epoch 18/35 time=0.04s device=cuda
INFO:src.estimators.masked_ae:[masked-ae] retrain epoch 19/35 time=0.03s device=cuda
INFO:src.estimators.masked_ae:[masked-ae] retrain epoch 20/35 time=0.03s device=cuda
INFO:src.estimators.masked_ae:[masked-ae] retrain epoch 21/35 time=0.03s device=cuda
INFO:src.estimators.masked_ae:[masked-ae] retrain epoch 22/35 time=0.03s device=cuda
INFO:src.estimators.masked_ae:[masked-ae] retrain epoch 23/35 time=0.03s device=cuda
INFO:src.estimators.masked_ae:[masked-ae] retrain epoch 24/35 time=0.03s device=cuda
INFO:src.estimators.masked_ae:[masked-ae] retrain epoch 25/35 time=0.03s device=cuda
INFO:src.estimators.masked_ae:[masked-ae] retrain epoch 26/35 time=0.04s device=cuda
INFO:src.estimators.masked_ae:[masked-ae] retrain epoch 27/35 time=0.03s device=cuda
INFO:src.estimators.masked_ae:[masked-ae] retrain epoch 28/35 time=0.03s device=cuda
INFO:src.estimators.masked_ae:[masked-ae] retrain epoch 29/35 time=0.04s device=cuda
INFO:src.estimators.masked_ae:[masked-ae] retrain epoch 30/35 time=0.04s device=cuda
INFO:src.estimators.masked_ae:[masked-ae] retrain epoch 31/35 time=0.04s device=cuda
INFO:src.estimators.masked_ae:[masked-ae] retrain epoch 32/35 time=0.04s device=cuda
INFO:src.estimators.masked_ae:[masked-ae] retrain epoch 33/35 time=0.04s device=cuda
INFO:src.estimators.masked_ae:[masked-ae] retrain epoch 34/35 time=0.04s device=cuda
INFO:src.estimators.masked_ae:[masked-ae] retrain epoch 35/35 time=0.04s device=cuda
INFO:repair_masked_ae:Group ('mnist', 5, 0.75, 1) repaired: estimate=4.0 elapsed_s=11.40 device=cuda samples=2000 rows=5
INFO:repair_masked_ae:Processing group key=('mnist', 5, 1.0, 1) with 5 rows; example row 170
INFO:src.estimators.masked_ae:[masked-ae] pretrain epoch 1/10 time=0.04s device=cuda
INFO:src.estimators.masked_ae:[masked-ae] pretrain epoch 2/10 time=0.04s device=cuda
INFO:src.estimators.masked_ae:[masked-ae] pretrain epoch 3/10 time=0.03s device=cuda
INFO:src.estimators.masked_ae:[masked-ae] pretrain epoch 4/10 time=0.03s device=cuda
INFO:src.estimators.masked_ae:[masked-ae] pretrain epoch 5/10 time=0.03s device=cuda
INFO:src.estimators.masked_ae:[masked-ae] pretrain epoch 6/10 time=0.03s device=cuda
INFO:src.estimators.masked_ae:[masked-ae] pretrain epoch 7/10 time=0.06s device=cuda
INFO:src.estimators.masked_ae:[masked-ae] pretrain epoch 8/10 time=0.03s device=cuda
INFO:src.estimators.masked_ae:[masked-ae] pretrain epoch 9/10 time=0.03s device=cuda
INFO:src.estimators.masked_ae:[masked-ae] pretrain epoch 10/10 time=0.05s device=cuda
INFO:src.estimators.masked_ae:[masked-ae] sweep lam=0.1 epoch 1/25 time=0.06s device=cuda
INFO:src.estimators.masked_ae:[masked-ae] sweep lam=0.1 epoch 2/25 time=0.04s device=cuda
INFO:src.estimators.masked_ae:[masked-ae] sweep lam=0.1 epoch 3/25 time=0.04s device=cuda
INFO:src.estimators.masked_ae:[masked-ae] sweep lam=0.1 epoch 4/25 time=0.04s device=cuda
INFO:src.estimators.masked_ae:[masked-ae] sweep lam=0.1 epoch 5/25 time=0.04s device=cuda
INFO:src.estimators.masked_ae:[masked-ae] sweep lam=0.1 epoch 6/25 time=0.04s device=cuda
INFO:src.estimators.masked_ae:[masked-ae] sweep lam=0.1 epoch 7/25 time=0.04s device=cuda
INFO:src.estimators.masked_ae:[masked-ae] sweep lam=0.1 epoch 8/25 time=0.04s device=cuda
INFO:src.estimators.masked_ae:[masked-ae] sweep lam=0.1 epoch 9/25 time=0.04s device=cuda
INFO:src.estimators.masked_ae:[masked-ae] sweep lam=0.1 epoch 10/25 time=0.03s device=cuda
INFO:src.estimators.masked_ae:[masked-ae] sweep lam=0.1 epoch 11/25 time=0.04s device=cuda
INFO:src.estimators.masked_ae:[masked-ae] sweep lam=0.1 epoch 12/25 time=0.04s device=cuda
INFO:src.estimators.masked_ae:[masked-ae] sweep lam=0.1 epoch 13/25 time=0.04s device=cuda
INFO:src.estimators.masked_ae:[masked-ae] sweep lam=0.1 epoch 14/25 time=0.04s device=cuda
INFO:src.estimators.masked_ae:[masked-ae] sweep lam=0.1 epoch 15/25 time=0.03s device=cuda
INFO:src.estimators.masked_ae:[masked-ae] sweep lam=0.1 epoch 16/25 time=0.04s device=cuda
INFO:src.estimators.masked_ae:[masked-ae] sweep lam=0.1 epoch 17/25 time=0.04s device=cuda
INFO:src.estimators.masked_ae:[masked-ae] sweep lam=0.1 epoch 18/25 time=0.04s device=cuda
INFO:src.estimators.masked_ae:[masked-ae] sweep lam=0.1 epoch 19/25 time=0.04s device=cuda
INFO:src.estimators.masked_ae:[masked-ae] sweep lam=0.1 epoch 20/25 time=0.04s device=cuda
INFO:src.estimators.masked_ae:[masked-ae] sweep lam=0.1 epoch 21/25 time=0.03s device=cuda
INFO:src.estimators.masked_ae:[masked-ae] sweep lam=0.1 epoch 22/25 time=0.03s device=cuda
INFO:src.estimators.masked_ae:[masked-ae] sweep lam=0.1 epoch 23/25 time=0.03s device=cuda
INFO:src.estimators.masked_ae:[masked-ae] sweep lam=0.1 epoch 24/25 time=0.04s device=cuda
INFO:src.estimators.masked_ae:[masked-ae] sweep lam=0.1 epoch 25/25 time=0.03s device=cuda
INFO:src.estimators.masked_ae:[masked-ae] sweep lam=0.16681005372000587 epoch 1/25 time=0.03s device=cuda
INFO:src.estimators.masked_ae:[masked-ae] sweep lam=0.16681005372000587 epoch 2/25 time=0.04s device=cuda
INFO:src.estimators.masked_ae:[masked-ae] sweep lam=0.16681005372000587 epoch 3/25 time=0.04s device=cuda
INFO:src.estimators.masked_ae:[masked-ae] sweep lam=0.16681005372000587 epoch 4/25 time=0.04s device=cuda
INFO:src.estimators.masked_ae:[masked-ae] sweep lam=0.16681005372000587 epoch 5/25 time=0.04s device=cuda
INFO:src.estimators.masked_ae:[masked-ae] sweep lam=0.16681005372000587 epoch 6/25 time=0.04s device=cuda
INFO:src.estimators.masked_ae:[masked-ae] sweep lam=0.16681005372000587 epoch 7/25 time=0.04s device=cuda
INFO:src.estimators.masked_ae:[masked-ae] sweep lam=0.16681005372000587 epoch 8/25 time=0.04s device=cuda
INFO:src.estimators.masked_ae:[masked-ae] sweep lam=0.16681005372000587 epoch 9/25 time=0.04s device=cuda
INFO:src.estimators.masked_ae:[masked-ae] sweep lam=0.16681005372000587 epoch 10/25 time=0.04s device=cuda
INFO:src.estimators.masked_ae:[masked-ae] sweep lam=0.16681005372000587 epoch 11/25 time=0.03s device=cuda
INFO:src.estimators.masked_ae:[masked-ae] sweep lam=0.16681005372000587 epoch 12/25 time=0.03s device=cuda
INFO:src.estimators.masked_ae:[masked-ae] sweep lam=0.16681005372000587 epoch 13/25 time=0.04s device=cuda
INFO:src.estimators.masked_ae:[masked-ae] sweep lam=0.16681005372000587 epoch 14/25 time=0.04s device=cuda
INFO:src.estimators.masked_ae:[masked-ae] sweep lam=0.16681005372000587 epoch 15/25 time=0.03s device=cuda
INFO:src.estimators.masked_ae:[masked-ae] sweep lam=0.16681005372000587 epoch 16/25 time=0.03s device=cuda
INFO:src.estimators.masked_ae:[masked-ae] sweep lam=0.16681005372000587 epoch 17/25 time=0.06s device=cuda
INFO:src.estimators.masked_ae:[masked-ae] sweep lam=0.16681005372000587 epoch 18/25 time=0.06s device=cuda
INFO:src.estimators.masked_ae:[masked-ae] sweep lam=0.16681005372000587 epoch 19/25 time=0.11s device=cuda
INFO:src.estimators.masked_ae:[masked-ae] sweep lam=0.16681005372000587 epoch 20/25 time=0.05s device=cuda
INFO:src.estimators.masked_ae:[masked-ae] sweep lam=0.16681005372000587 epoch 21/25 time=0.03s device=cuda
INFO:src.estimators.masked_ae:[masked-ae] sweep lam=0.16681005372000587 epoch 22/25 time=0.03s device=cuda
INFO:src.estimators.masked_ae:[masked-ae] sweep lam=0.16681005372000587 epoch 23/25 time=0.03s device=cuda
INFO:src.estimators.masked_ae:[masked-ae] sweep lam=0.16681005372000587 epoch 24/25 time=0.03s device=cuda
INFO:src.estimators.masked_ae:[masked-ae] sweep lam=0.16681005372000587 epoch 25/25 time=0.06s device=cuda
INFO:src.estimators.masked_ae:[masked-ae] sweep lam=0.2782559402207124 epoch 1/25 time=0.04s device=cuda
INFO:src.estimators.masked_ae:[masked-ae] sweep lam=0.2782559402207124 epoch 2/25 time=0.04s device=cuda
INFO:src.estimators.masked_ae:[masked-ae] sweep lam=0.2782559402207124 epoch 3/25 time=0.07s device=cuda
INFO:src.estimators.masked_ae:[masked-ae] sweep lam=0.2782559402207124 epoch 4/25 time=0.05s device=cuda
INFO:src.estimators.masked_ae:[masked-ae] sweep lam=0.2782559402207124 epoch 5/25 time=0.07s device=cuda
INFO:src.estimators.masked_ae:[masked-ae] sweep lam=0.2782559402207124 epoch 6/25 time=0.04s device=cuda
INFO:src.estimators.masked_ae:[masked-ae] sweep lam=0.2782559402207124 epoch 7/25 time=0.03s device=cuda
INFO:src.estimators.masked_ae:[masked-ae] sweep lam=0.2782559402207124 epoch 8/25 time=0.04s device=cuda
INFO:src.estimators.masked_ae:[masked-ae] sweep lam=0.2782559402207124 epoch 9/25 time=0.04s device=cuda
INFO:src.estimators.masked_ae:[masked-ae] sweep lam=0.2782559402207124 epoch 10/25 time=0.04s device=cuda
INFO:src.estimators.masked_ae:[masked-ae] sweep lam=0.2782559402207124 epoch 11/25 time=0.04s device=cuda
INFO:src.estimators.masked_ae:[masked-ae] sweep lam=0.2782559402207124 epoch 12/25 time=0.05s device=cuda
INFO:src.estimators.masked_ae:[masked-ae] sweep lam=0.2782559402207124 epoch 13/25 time=0.04s device=cuda
INFO:src.estimators.masked_ae:[masked-ae] sweep lam=0.2782559402207124 epoch 14/25 time=0.03s device=cuda
INFO:src.estimators.masked_ae:[masked-ae] sweep lam=0.2782559402207124 epoch 15/25 time=0.03s device=cuda
INFO:src.estimators.masked_ae:[masked-ae] sweep lam=0.2782559402207124 epoch 16/25 time=0.03s device=cuda
INFO:src.estimators.masked_ae:[masked-ae] sweep lam=0.2782559402207124 epoch 17/25 time=0.04s device=cuda
INFO:src.estimators.masked_ae:[masked-ae] sweep lam=0.2782559402207124 epoch 18/25 time=0.04s device=cuda
INFO:src.estimators.masked_ae:[masked-ae] sweep lam=0.2782559402207124 epoch 19/25 time=0.04s device=cuda
INFO:src.estimators.masked_ae:[masked-ae] sweep lam=0.2782559402207124 epoch 20/25 time=0.04s device=cuda
INFO:src.estimators.masked_ae:[masked-ae] sweep lam=0.2782559402207124 epoch 21/25 time=0.07s device=cuda
INFO:src.estimators.masked_ae:[masked-ae] sweep lam=0.2782559402207124 epoch 22/25 time=0.04s device=cuda
INFO:src.estimators.masked_ae:[masked-ae] sweep lam=0.2782559402207124 epoch 23/25 time=0.04s device=cuda
INFO:src.estimators.masked_ae:[masked-ae] sweep lam=0.2782559402207124 epoch 24/25 time=0.04s device=cuda
INFO:src.estimators.masked_ae:[masked-ae] sweep lam=0.2782559402207124 epoch 25/25 time=0.06s device=cuda
INFO:src.estimators.masked_ae:[masked-ae] sweep lam=0.46415888336127786 epoch 1/25 time=0.04s device=cuda
INFO:src.estimators.masked_ae:[masked-ae] sweep lam=0.46415888336127786 epoch 2/25 time=0.04s device=cuda
INFO:src.estimators.masked_ae:[masked-ae] sweep lam=0.46415888336127786 epoch 3/25 time=0.03s device=cuda
INFO:src.estimators.masked_ae:[masked-ae] sweep lam=0.46415888336127786 epoch 4/25 time=0.03s device=cuda
INFO:src.estimators.masked_ae:[masked-ae] sweep lam=0.46415888336127786 epoch 5/25 time=0.03s device=cuda
INFO:src.estimators.masked_ae:[masked-ae] sweep lam=0.46415888336127786 epoch 6/25 time=0.05s device=cuda
INFO:src.estimators.masked_ae:[masked-ae] sweep lam=0.46415888336127786 epoch 7/25 time=0.03s device=cuda
INFO:src.estimators.masked_ae:[masked-ae] sweep lam=0.46415888336127786 epoch 8/25 time=0.04s device=cuda
INFO:src.estimators.masked_ae:[masked-ae] sweep lam=0.46415888336127786 epoch 9/25 time=0.04s device=cuda
INFO:src.estimators.masked_ae:[masked-ae] sweep lam=0.46415888336127786 epoch 10/25 time=0.04s device=cuda
INFO:src.estimators.masked_ae:[masked-ae] sweep lam=0.46415888336127786 epoch 11/25 time=0.03s device=cuda
INFO:src.estimators.masked_ae:[masked-ae] sweep lam=0.46415888336127786 epoch 12/25 time=0.03s device=cuda
INFO:src.estimators.masked_ae:[masked-ae] sweep lam=0.46415888336127786 epoch 13/25 time=0.04s device=cuda
INFO:src.estimators.masked_ae:[masked-ae] sweep lam=0.46415888336127786 epoch 14/25 time=0.04s device=cuda
INFO:src.estimators.masked_ae:[masked-ae] sweep lam=0.46415888336127786 epoch 15/25 time=0.04s device=cuda
INFO:src.estimators.masked_ae:[masked-ae] sweep lam=0.46415888336127786 epoch 16/25 time=0.07s device=cuda
INFO:src.estimators.masked_ae:[masked-ae] sweep lam=0.46415888336127786 epoch 17/25 time=0.11s device=cuda
INFO:src.estimators.masked_ae:[masked-ae] sweep lam=0.46415888336127786 epoch 18/25 time=0.04s device=cuda
INFO:src.estimators.masked_ae:[masked-ae] sweep lam=0.46415888336127786 epoch 19/25 time=0.04s device=cuda
INFO:src.estimators.masked_ae:[masked-ae] sweep lam=0.46415888336127786 epoch 20/25 time=0.05s device=cuda
INFO:src.estimators.masked_ae:[masked-ae] sweep lam=0.46415888336127786 epoch 21/25 time=0.03s device=cuda
INFO:src.estimators.masked_ae:[masked-ae] sweep lam=0.46415888336127786 epoch 22/25 time=0.03s device=cuda
INFO:src.estimators.masked_ae:[masked-ae] sweep lam=0.46415888336127786 epoch 23/25 time=0.07s device=cuda
INFO:src.estimators.masked_ae:[masked-ae] sweep lam=0.46415888336127786 epoch 24/25 time=0.06s device=cuda
INFO:src.estimators.masked_ae:[masked-ae] sweep lam=0.46415888336127786 epoch 25/25 time=0.04s device=cuda
INFO:src.estimators.masked_ae:[masked-ae] sweep lam=0.774263682681127 epoch 1/25 time=0.04s device=cuda
INFO:src.estimators.masked_ae:[masked-ae] sweep lam=0.774263682681127 epoch 2/25 time=0.04s device=cuda
INFO:src.estimators.masked_ae:[masked-ae] sweep lam=0.774263682681127 epoch 3/25 time=0.04s device=cuda
INFO:src.estimators.masked_ae:[masked-ae] sweep lam=0.774263682681127 epoch 4/25 time=0.04s device=cuda
INFO:src.estimators.masked_ae:[masked-ae] sweep lam=0.774263682681127 epoch 5/25 time=0.04s device=cuda
INFO:src.estimators.masked_ae:[masked-ae] sweep lam=0.774263682681127 epoch 6/25 time=0.03s device=cuda
INFO:src.estimators.masked_ae:[masked-ae] sweep lam=0.774263682681127 epoch 7/25 time=0.03s device=cuda
INFO:src.estimators.masked_ae:[masked-ae] sweep lam=0.774263682681127 epoch 8/25 time=0.03s device=cuda
INFO:src.estimators.masked_ae:[masked-ae] sweep lam=0.774263682681127 epoch 9/25 time=0.03s device=cuda
INFO:src.estimators.masked_ae:[masked-ae] sweep lam=0.774263682681127 epoch 10/25 time=0.03s device=cuda
INFO:src.estimators.masked_ae:[masked-ae] sweep lam=0.774263682681127 epoch 11/25 time=0.03s device=cuda
INFO:src.estimators.masked_ae:[masked-ae] sweep lam=0.774263682681127 epoch 12/25 time=0.03s device=cuda
INFO:src.estimators.masked_ae:[masked-ae] sweep lam=0.774263682681127 epoch 13/25 time=0.03s device=cuda
INFO:src.estimators.masked_ae:[masked-ae] sweep lam=0.774263682681127 epoch 14/25 time=0.04s device=cuda
INFO:src.estimators.masked_ae:[masked-ae] sweep lam=0.774263682681127 epoch 15/25 time=0.03s device=cuda
INFO:src.estimators.masked_ae:[masked-ae] sweep lam=0.774263682681127 epoch 16/25 time=0.03s device=cuda
INFO:src.estimators.masked_ae:[masked-ae] sweep lam=0.774263682681127 epoch 17/25 time=0.03s device=cuda
INFO:src.estimators.masked_ae:[masked-ae] sweep lam=0.774263682681127 epoch 18/25 time=0.04s device=cuda
INFO:src.estimators.masked_ae:[masked-ae] sweep lam=0.774263682681127 epoch 19/25 time=0.03s device=cuda
INFO:src.estimators.masked_ae:[masked-ae] sweep lam=0.774263682681127 epoch 20/25 time=0.03s device=cuda
INFO:src.estimators.masked_ae:[masked-ae] sweep lam=0.774263682681127 epoch 21/25 time=0.04s device=cuda
INFO:src.estimators.masked_ae:[masked-ae] sweep lam=0.774263682681127 epoch 22/25 time=0.04s device=cuda
INFO:src.estimators.masked_ae:[masked-ae] sweep lam=0.774263682681127 epoch 23/25 time=0.03s device=cuda
INFO:src.estimators.masked_ae:[masked-ae] sweep lam=0.774263682681127 epoch 24/25 time=0.03s device=cuda
INFO:src.estimators.masked_ae:[masked-ae] sweep lam=0.774263682681127 epoch 25/25 time=0.03s device=cuda
INFO:src.estimators.masked_ae:[masked-ae] sweep lam=1.291549665014884 epoch 1/25 time=0.04s device=cuda
INFO:src.estimators.masked_ae:[masked-ae] sweep lam=1.291549665014884 epoch 2/25 time=0.04s device=cuda
INFO:src.estimators.masked_ae:[masked-ae] sweep lam=1.291549665014884 epoch 3/25 time=0.04s device=cuda
INFO:src.estimators.masked_ae:[masked-ae] sweep lam=1.291549665014884 epoch 4/25 time=0.04s device=cuda
INFO:src.estimators.masked_ae:[masked-ae] sweep lam=1.291549665014884 epoch 5/25 time=0.04s device=cuda
INFO:src.estimators.masked_ae:[masked-ae] sweep lam=1.291549665014884 epoch 6/25 time=0.04s device=cuda
INFO:src.estimators.masked_ae:[masked-ae] sweep lam=1.291549665014884 epoch 7/25 time=0.06s device=cuda
INFO:src.estimators.masked_ae:[masked-ae] sweep lam=1.291549665014884 epoch 8/25 time=0.04s device=cuda
INFO:src.estimators.masked_ae:[masked-ae] sweep lam=1.291549665014884 epoch 9/25 time=0.04s device=cuda
INFO:src.estimators.masked_ae:[masked-ae] sweep lam=1.291549665014884 epoch 10/25 time=0.04s device=cuda
INFO:src.estimators.masked_ae:[masked-ae] sweep lam=1.291549665014884 epoch 11/25 time=0.04s device=cuda
INFO:src.estimators.masked_ae:[masked-ae] sweep lam=1.291549665014884 epoch 12/25 time=0.04s device=cuda
INFO:src.estimators.masked_ae:[masked-ae] sweep lam=1.291549665014884 epoch 13/25 time=0.04s device=cuda
INFO:src.estimators.masked_ae:[masked-ae] sweep lam=1.291549665014884 epoch 14/25 time=0.04s device=cuda
INFO:src.estimators.masked_ae:[masked-ae] sweep lam=1.291549665014884 epoch 15/25 time=0.04s device=cuda
INFO:src.estimators.masked_ae:[masked-ae] sweep lam=1.291549665014884 epoch 16/25 time=0.04s device=cuda
INFO:src.estimators.masked_ae:[masked-ae] sweep lam=1.291549665014884 epoch 17/25 time=0.04s device=cuda
INFO:src.estimators.masked_ae:[masked-ae] sweep lam=1.291549665014884 epoch 18/25 time=0.04s device=cuda
INFO:src.estimators.masked_ae:[masked-ae] sweep lam=1.291549665014884 epoch 19/25 time=0.04s device=cuda
INFO:src.estimators.masked_ae:[masked-ae] sweep lam=1.291549665014884 epoch 20/25 time=0.04s device=cuda
INFO:src.estimators.masked_ae:[masked-ae] sweep lam=1.291549665014884 epoch 21/25 time=0.04s device=cuda
INFO:src.estimators.masked_ae:[masked-ae] sweep lam=1.291549665014884 epoch 22/25 time=0.05s device=cuda
INFO:src.estimators.masked_ae:[masked-ae] sweep lam=1.291549665014884 epoch 23/25 time=0.04s device=cuda
INFO:src.estimators.masked_ae:[masked-ae] sweep lam=1.291549665014884 epoch 24/25 time=0.04s device=cuda
INFO:src.estimators.masked_ae:[masked-ae] sweep lam=1.291549665014884 epoch 25/25 time=0.03s device=cuda
INFO:src.estimators.masked_ae:[masked-ae] sweep lam=2.1544346900318834 epoch 1/25 time=0.04s device=cuda
INFO:src.estimators.masked_ae:[masked-ae] sweep lam=2.1544346900318834 epoch 2/25 time=0.04s device=cuda
INFO:src.estimators.masked_ae:[masked-ae] sweep lam=2.1544346900318834 epoch 3/25 time=0.04s device=cuda
INFO:src.estimators.masked_ae:[masked-ae] sweep lam=2.1544346900318834 epoch 4/25 time=0.04s device=cuda
INFO:src.estimators.masked_ae:[masked-ae] sweep lam=2.1544346900318834 epoch 5/25 time=0.04s device=cuda
INFO:src.estimators.masked_ae:[masked-ae] sweep lam=2.1544346900318834 epoch 6/25 time=0.04s device=cuda
INFO:src.estimators.masked_ae:[masked-ae] sweep lam=2.1544346900318834 epoch 7/25 time=0.04s device=cuda
INFO:src.estimators.masked_ae:[masked-ae] sweep lam=2.1544346900318834 epoch 8/25 time=0.05s device=cuda
INFO:src.estimators.masked_ae:[masked-ae] sweep lam=2.1544346900318834 epoch 9/25 time=0.04s device=cuda
INFO:src.estimators.masked_ae:[masked-ae] sweep lam=2.1544346900318834 epoch 10/25 time=0.04s device=cuda
INFO:src.estimators.masked_ae:[masked-ae] sweep lam=2.1544346900318834 epoch 11/25 time=0.04s device=cuda
INFO:src.estimators.masked_ae:[masked-ae] sweep lam=2.1544346900318834 epoch 12/25 time=0.04s device=cuda
INFO:src.estimators.masked_ae:[masked-ae] sweep lam=2.1544346900318834 epoch 13/25 time=0.03s device=cuda
INFO:src.estimators.masked_ae:[masked-ae] sweep lam=2.1544346900318834 epoch 14/25 time=0.03s device=cuda
INFO:src.estimators.masked_ae:[masked-ae] sweep lam=2.1544346900318834 epoch 15/25 time=0.04s device=cuda
INFO:src.estimators.masked_ae:[masked-ae] sweep lam=2.1544346900318834 epoch 16/25 time=0.04s device=cuda
INFO:src.estimators.masked_ae:[masked-ae] sweep lam=2.1544346900318834 epoch 17/25 time=0.04s device=cuda
INFO:src.estimators.masked_ae:[masked-ae] sweep lam=2.1544346900318834 epoch 18/25 time=0.04s device=cuda
INFO:src.estimators.masked_ae:[masked-ae] sweep lam=2.1544346900318834 epoch 19/25 time=0.04s device=cuda
INFO:src.estimators.masked_ae:[masked-ae] sweep lam=2.1544346900318834 epoch 20/25 time=0.04s device=cuda
INFO:src.estimators.masked_ae:[masked-ae] sweep lam=2.1544346900318834 epoch 21/25 time=0.03s device=cuda
INFO:src.estimators.masked_ae:[masked-ae] sweep lam=2.1544346900318834 epoch 22/25 time=0.03s device=cuda
INFO:src.estimators.masked_ae:[masked-ae] sweep lam=2.1544346900318834 epoch 23/25 time=0.04s device=cuda
INFO:src.estimators.masked_ae:[masked-ae] sweep lam=2.1544346900318834 epoch 24/25 time=0.10s device=cuda
INFO:src.estimators.masked_ae:[masked-ae] sweep lam=2.1544346900318834 epoch 25/25 time=0.03s device=cuda
INFO:src.estimators.masked_ae:[masked-ae] sweep lam=3.593813663804626 epoch 1/25 time=0.04s device=cuda
INFO:src.estimators.masked_ae:[masked-ae] sweep lam=3.593813663804626 epoch 2/25 time=0.04s device=cuda
INFO:src.estimators.masked_ae:[masked-ae] sweep lam=3.593813663804626 epoch 3/25 time=0.04s device=cuda
INFO:src.estimators.masked_ae:[masked-ae] sweep lam=3.593813663804626 epoch 4/25 time=0.04s device=cuda
INFO:src.estimators.masked_ae:[masked-ae] sweep lam=3.593813663804626 epoch 5/25 time=0.03s device=cuda
INFO:src.estimators.masked_ae:[masked-ae] sweep lam=3.593813663804626 epoch 6/25 time=0.03s device=cuda
INFO:src.estimators.masked_ae:[masked-ae] sweep lam=3.593813663804626 epoch 7/25 time=0.04s device=cuda
INFO:src.estimators.masked_ae:[masked-ae] sweep lam=3.593813663804626 epoch 8/25 time=0.04s device=cuda
INFO:src.estimators.masked_ae:[masked-ae] sweep lam=3.593813663804626 epoch 9/25 time=0.12s device=cuda
INFO:src.estimators.masked_ae:[masked-ae] sweep lam=3.593813663804626 epoch 10/25 time=0.05s device=cuda
INFO:src.estimators.masked_ae:[masked-ae] sweep lam=3.593813663804626 epoch 11/25 time=0.03s device=cuda
INFO:src.estimators.masked_ae:[masked-ae] sweep lam=3.593813663804626 epoch 12/25 time=0.04s device=cuda
INFO:src.estimators.masked_ae:[masked-ae] sweep lam=3.593813663804626 epoch 13/25 time=0.04s device=cuda
INFO:src.estimators.masked_ae:[masked-ae] sweep lam=3.593813663804626 epoch 14/25 time=0.04s device=cuda
INFO:src.estimators.masked_ae:[masked-ae] sweep lam=3.593813663804626 epoch 15/25 time=0.03s device=cuda
INFO:src.estimators.masked_ae:[masked-ae] sweep lam=3.593813663804626 epoch 16/25 time=0.03s device=cuda
INFO:src.estimators.masked_ae:[masked-ae] sweep lam=3.593813663804626 epoch 17/25 time=0.03s device=cuda
INFO:src.estimators.masked_ae:[masked-ae] sweep lam=3.593813663804626 epoch 18/25 time=0.04s device=cuda
INFO:src.estimators.masked_ae:[masked-ae] sweep lam=3.593813663804626 epoch 19/25 time=0.04s device=cuda
INFO:src.estimators.masked_ae:[masked-ae] sweep lam=3.593813663804626 epoch 20/25 time=0.04s device=cuda
INFO:src.estimators.masked_ae:[masked-ae] sweep lam=3.593813663804626 epoch 21/25 time=0.07s device=cuda
INFO:src.estimators.masked_ae:[masked-ae] sweep lam=3.593813663804626 epoch 22/25 time=0.04s device=cuda
INFO:src.estimators.masked_ae:[masked-ae] sweep lam=3.593813663804626 epoch 23/25 time=0.04s device=cuda
INFO:src.estimators.masked_ae:[masked-ae] sweep lam=3.593813663804626 epoch 24/25 time=0.08s device=cuda
INFO:src.estimators.masked_ae:[masked-ae] sweep lam=3.593813663804626 epoch 25/25 time=0.06s device=cuda
INFO:src.estimators.masked_ae:[masked-ae] sweep lam=5.994842503189409 epoch 1/25 time=0.03s device=cuda
INFO:src.estimators.masked_ae:[masked-ae] sweep lam=5.994842503189409 epoch 2/25 time=0.03s device=cuda
INFO:src.estimators.masked_ae:[masked-ae] sweep lam=5.994842503189409 epoch 3/25 time=0.03s device=cuda
INFO:src.estimators.masked_ae:[masked-ae] sweep lam=5.994842503189409 epoch 4/25 time=0.03s device=cuda
INFO:src.estimators.masked_ae:[masked-ae] sweep lam=5.994842503189409 epoch 5/25 time=0.04s device=cuda
INFO:src.estimators.masked_ae:[masked-ae] sweep lam=5.994842503189409 epoch 6/25 time=0.04s device=cuda
INFO:src.estimators.masked_ae:[masked-ae] sweep lam=5.994842503189409 epoch 7/25 time=0.04s device=cuda
INFO:src.estimators.masked_ae:[masked-ae] sweep lam=5.994842503189409 epoch 8/25 time=0.04s device=cuda
INFO:src.estimators.masked_ae:[masked-ae] sweep lam=5.994842503189409 epoch 9/25 time=0.04s device=cuda
INFO:src.estimators.masked_ae:[masked-ae] sweep lam=5.994842503189409 epoch 10/25 time=0.04s device=cuda
INFO:src.estimators.masked_ae:[masked-ae] sweep lam=5.994842503189409 epoch 11/25 time=0.04s device=cuda
INFO:src.estimators.masked_ae:[masked-ae] sweep lam=5.994842503189409 epoch 12/25 time=0.03s device=cuda
INFO:src.estimators.masked_ae:[masked-ae] sweep lam=5.994842503189409 epoch 13/25 time=0.04s device=cuda
INFO:src.estimators.masked_ae:[masked-ae] sweep lam=5.994842503189409 epoch 14/25 time=0.04s device=cuda
INFO:src.estimators.masked_ae:[masked-ae] sweep lam=5.994842503189409 epoch 15/25 time=0.04s device=cuda
INFO:src.estimators.masked_ae:[masked-ae] sweep lam=5.994842503189409 epoch 16/25 time=0.03s device=cuda
INFO:src.estimators.masked_ae:[masked-ae] sweep lam=5.994842503189409 epoch 17/25 time=0.04s device=cuda
INFO:src.estimators.masked_ae:[masked-ae] sweep lam=5.994842503189409 epoch 18/25 time=0.04s device=cuda
INFO:src.estimators.masked_ae:[masked-ae] sweep lam=5.994842503189409 epoch 19/25 time=0.04s device=cuda
INFO:src.estimators.masked_ae:[masked-ae] sweep lam=5.994842503189409 epoch 20/25 time=0.05s device=cuda
INFO:src.estimators.masked_ae:[masked-ae] sweep lam=5.994842503189409 epoch 21/25 time=0.03s device=cuda
INFO:src.estimators.masked_ae:[masked-ae] sweep lam=5.994842503189409 epoch 22/25 time=0.04s device=cuda
INFO:src.estimators.masked_ae:[masked-ae] sweep lam=5.994842503189409 epoch 23/25 time=0.04s device=cuda
INFO:src.estimators.masked_ae:[masked-ae] sweep lam=5.994842503189409 epoch 24/25 time=0.04s device=cuda
INFO:src.estimators.masked_ae:[masked-ae] sweep lam=5.994842503189409 epoch 25/25 time=0.03s device=cuda
INFO:src.estimators.masked_ae:[masked-ae] sweep lam=10.0 epoch 1/25 time=0.04s device=cuda
INFO:src.estimators.masked_ae:[masked-ae] sweep lam=10.0 epoch 2/25 time=0.04s device=cuda
INFO:src.estimators.masked_ae:[masked-ae] sweep lam=10.0 epoch 3/25 time=0.04s device=cuda
INFO:src.estimators.masked_ae:[masked-ae] sweep lam=10.0 epoch 4/25 time=0.04s device=cuda
INFO:src.estimators.masked_ae:[masked-ae] sweep lam=10.0 epoch 5/25 time=0.04s device=cuda
INFO:src.estimators.masked_ae:[masked-ae] sweep lam=10.0 epoch 6/25 time=0.04s device=cuda
INFO:src.estimators.masked_ae:[masked-ae] sweep lam=10.0 epoch 7/25 time=0.04s device=cuda
INFO:src.estimators.masked_ae:[masked-ae] sweep lam=10.0 epoch 8/25 time=0.04s device=cuda
INFO:src.estimators.masked_ae:[masked-ae] sweep lam=10.0 epoch 9/25 time=0.03s device=cuda
INFO:src.estimators.masked_ae:[masked-ae] sweep lam=10.0 epoch 10/25 time=0.04s device=cuda
INFO:src.estimators.masked_ae:[masked-ae] sweep lam=10.0 epoch 11/25 time=0.04s device=cuda
INFO:src.estimators.masked_ae:[masked-ae] sweep lam=10.0 epoch 12/25 time=0.04s device=cuda
INFO:src.estimators.masked_ae:[masked-ae] sweep lam=10.0 epoch 13/25 time=0.04s device=cuda
INFO:src.estimators.masked_ae:[masked-ae] sweep lam=10.0 epoch 14/25 time=0.03s device=cuda
INFO:src.estimators.masked_ae:[masked-ae] sweep lam=10.0 epoch 15/25 time=0.03s device=cuda
INFO:src.estimators.masked_ae:[masked-ae] sweep lam=10.0 epoch 16/25 time=0.04s device=cuda
INFO:src.estimators.masked_ae:[masked-ae] sweep lam=10.0 epoch 17/25 time=0.04s device=cuda
INFO:src.estimators.masked_ae:[masked-ae] sweep lam=10.0 epoch 18/25 time=0.04s device=cuda
INFO:src.estimators.masked_ae:[masked-ae] sweep lam=10.0 epoch 19/25 time=0.04s device=cuda
INFO:src.estimators.masked_ae:[masked-ae] sweep lam=10.0 epoch 20/25 time=0.04s device=cuda
INFO:src.estimators.masked_ae:[masked-ae] sweep lam=10.0 epoch 21/25 time=0.04s device=cuda
INFO:src.estimators.masked_ae:[masked-ae] sweep lam=10.0 epoch 22/25 time=0.04s device=cuda
INFO:src.estimators.masked_ae:[masked-ae] sweep lam=10.0 epoch 23/25 time=0.04s device=cuda
INFO:src.estimators.masked_ae:[masked-ae] sweep lam=10.0 epoch 24/25 time=0.04s device=cuda
INFO:src.estimators.masked_ae:[masked-ae] sweep lam=10.0 epoch 25/25 time=0.04s device=cuda
INFO:src.estimators.masked_ae:[masked-ae] retrain epoch 1/35 time=0.04s device=cuda
INFO:src.estimators.masked_ae:[masked-ae] retrain epoch 2/35 time=0.07s device=cuda
INFO:src.estimators.masked_ae:[masked-ae] retrain epoch 3/35 time=0.03s device=cuda
INFO:src.estimators.masked_ae:[masked-ae] retrain epoch 4/35 time=0.03s device=cuda
INFO:src.estimators.masked_ae:[masked-ae] retrain epoch 5/35 time=0.04s device=cuda
INFO:src.estimators.masked_ae:[masked-ae] retrain epoch 6/35 time=0.04s device=cuda
INFO:src.estimators.masked_ae:[masked-ae] retrain epoch 7/35 time=0.04s device=cuda
INFO:src.estimators.masked_ae:[masked-ae] retrain epoch 8/35 time=0.04s device=cuda
INFO:src.estimators.masked_ae:[masked-ae] retrain epoch 9/35 time=0.03s device=cuda
INFO:src.estimators.masked_ae:[masked-ae] retrain epoch 10/35 time=0.03s device=cuda
INFO:src.estimators.masked_ae:[masked-ae] retrain epoch 11/35 time=0.03s device=cuda
INFO:src.estimators.masked_ae:[masked-ae] retrain epoch 12/35 time=0.03s device=cuda
INFO:src.estimators.masked_ae:[masked-ae] retrain epoch 13/35 time=0.04s device=cuda
INFO:src.estimators.masked_ae:[masked-ae] retrain epoch 14/35 time=0.04s device=cuda
INFO:src.estimators.masked_ae:[masked-ae] retrain epoch 15/35 time=0.03s device=cuda
INFO:src.estimators.masked_ae:[masked-ae] retrain epoch 16/35 time=0.04s device=cuda
INFO:src.estimators.masked_ae:[masked-ae] retrain epoch 17/35 time=0.04s device=cuda
INFO:src.estimators.masked_ae:[masked-ae] retrain epoch 18/35 time=0.04s device=cuda
INFO:src.estimators.masked_ae:[masked-ae] retrain epoch 19/35 time=0.04s device=cuda
INFO:src.estimators.masked_ae:[masked-ae] retrain epoch 20/35 time=0.04s device=cuda
INFO:src.estimators.masked_ae:[masked-ae] retrain epoch 21/35 time=0.04s device=cuda
INFO:src.estimators.masked_ae:[masked-ae] retrain epoch 22/35 time=0.04s device=cuda
INFO:src.estimators.masked_ae:[masked-ae] retrain epoch 23/35 time=0.04s device=cuda
INFO:src.estimators.masked_ae:[masked-ae] retrain epoch 24/35 time=0.04s device=cuda
INFO:src.estimators.masked_ae:[masked-ae] retrain epoch 25/35 time=0.04s device=cuda
INFO:src.estimators.masked_ae:[masked-ae] retrain epoch 26/35 time=0.03s device=cuda
INFO:src.estimators.masked_ae:[masked-ae] retrain epoch 27/35 time=0.03s device=cuda
INFO:src.estimators.masked_ae:[masked-ae] retrain epoch 28/35 time=0.04s device=cuda
INFO:src.estimators.masked_ae:[masked-ae] retrain epoch 29/35 time=0.03s device=cuda
INFO:src.estimators.masked_ae:[masked-ae] retrain epoch 30/35 time=0.03s device=cuda
INFO:src.estimators.masked_ae:[masked-ae] retrain epoch 31/35 time=0.03s device=cuda
INFO:src.estimators.masked_ae:[masked-ae] retrain epoch 32/35 time=0.04s device=cuda
INFO:src.estimators.masked_ae:[masked-ae] retrain epoch 33/35 time=0.04s device=cuda
INFO:src.estimators.masked_ae:[masked-ae] retrain epoch 34/35 time=0.04s device=cuda
INFO:src.estimators.masked_ae:[masked-ae] retrain epoch 35/35 time=0.03s device=cuda
INFO:repair_masked_ae:Group ('mnist', 5, 1.0, 1) repaired: estimate=16.0 elapsed_s=11.95 device=cuda samples=2000 rows=5
INFO:repair_masked_ae:Processing group key=('mnist', 7, 0.0, 1) with 5 rows; example row 205
INFO:src.estimators.masked_ae:[masked-ae] pretrain epoch 1/10 time=1.10s device=cuda
INFO:src.estimators.masked_ae:[masked-ae] pretrain epoch 2/10 time=1.10s device=cuda
INFO:src.estimators.masked_ae:[masked-ae] pretrain epoch 3/10 time=1.01s device=cuda
INFO:src.estimators.masked_ae:[masked-ae] pretrain epoch 4/10 time=1.19s device=cuda
INFO:src.estimators.masked_ae:[masked-ae] pretrain epoch 5/10 time=0.98s device=cuda
INFO:src.estimators.masked_ae:[masked-ae] pretrain epoch 6/10 time=1.08s device=cuda
INFO:src.estimators.masked_ae:[masked-ae] pretrain epoch 7/10 time=1.04s device=cuda
INFO:src.estimators.masked_ae:[masked-ae] pretrain epoch 8/10 time=0.97s device=cuda
INFO:src.estimators.masked_ae:[masked-ae] pretrain epoch 9/10 time=1.20s device=cuda
INFO:src.estimators.masked_ae:[masked-ae] pretrain epoch 10/10 time=1.08s device=cuda
INFO:src.estimators.masked_ae:[masked-ae] sweep lam=0.1 epoch 1/25 time=1.15s device=cuda
INFO:src.estimators.masked_ae:[masked-ae] sweep lam=0.1 epoch 2/25 time=1.51s device=cuda
INFO:src.estimators.masked_ae:[masked-ae] sweep lam=0.1 epoch 3/25 time=1.13s device=cuda
INFO:src.estimators.masked_ae:[masked-ae] sweep lam=0.1 epoch 4/25 time=1.35s device=cuda
INFO:src.estimators.masked_ae:[masked-ae] sweep lam=0.1 epoch 5/25 time=1.31s device=cuda
INFO:src.estimators.masked_ae:[masked-ae] sweep lam=0.1 epoch 6/25 time=1.07s device=cuda
INFO:src.estimators.masked_ae:[masked-ae] sweep lam=0.1 epoch 7/25 time=1.18s device=cuda
INFO:src.estimators.masked_ae:[masked-ae] sweep lam=0.1 epoch 8/25 time=1.15s device=cuda
INFO:src.estimators.masked_ae:[masked-ae] sweep lam=0.1 epoch 9/25 time=1.30s device=cuda
INFO:src.estimators.masked_ae:[masked-ae] sweep lam=0.1 epoch 10/25 time=1.16s device=cuda
INFO:src.estimators.masked_ae:[masked-ae] sweep lam=0.1 epoch 11/25 time=1.32s device=cuda
INFO:src.estimators.masked_ae:[masked-ae] sweep lam=0.1 epoch 12/25 time=1.14s device=cuda
INFO:src.estimators.masked_ae:[masked-ae] sweep lam=0.1 epoch 13/25 time=1.16s device=cuda
INFO:src.estimators.masked_ae:[masked-ae] sweep lam=0.1 epoch 14/25 time=1.08s device=cuda
INFO:src.estimators.masked_ae:[masked-ae] sweep lam=0.1 epoch 15/25 time=1.11s device=cuda
INFO:src.estimators.masked_ae:[masked-ae] sweep lam=0.1 epoch 16/25 time=1.21s device=cuda
INFO:src.estimators.masked_ae:[masked-ae] sweep lam=0.1 epoch 17/25 time=1.16s device=cuda
INFO:src.estimators.masked_ae:[masked-ae] sweep lam=0.1 epoch 18/25 time=1.15s device=cuda
INFO:src.estimators.masked_ae:[masked-ae] sweep lam=0.1 epoch 19/25 time=1.09s device=cuda
INFO:src.estimators.masked_ae:[masked-ae] sweep lam=0.1 epoch 20/25 time=1.09s device=cuda
INFO:src.estimators.masked_ae:[masked-ae] sweep lam=0.1 epoch 21/25 time=1.17s device=cuda
INFO:src.estimators.masked_ae:[masked-ae] sweep lam=0.1 epoch 22/25 time=1.05s device=cuda
INFO:src.estimators.masked_ae:[masked-ae] sweep lam=0.1 epoch 23/25 time=1.15s device=cuda
INFO:src.estimators.masked_ae:[masked-ae] sweep lam=0.1 epoch 24/25 time=1.38s device=cuda
INFO:src.estimators.masked_ae:[masked-ae] sweep lam=0.1 epoch 25/25 time=1.13s device=cuda
INFO:src.estimators.masked_ae:[masked-ae] sweep lam=0.16681005372000587 epoch 1/25 time=1.27s device=cuda
INFO:src.estimators.masked_ae:[masked-ae] sweep lam=0.16681005372000587 epoch 2/25 time=1.14s device=cuda
INFO:src.estimators.masked_ae:[masked-ae] sweep lam=0.16681005372000587 epoch 3/25 time=1.11s device=cuda
INFO:src.estimators.masked_ae:[masked-ae] sweep lam=0.16681005372000587 epoch 4/25 time=1.13s device=cuda
INFO:src.estimators.masked_ae:[masked-ae] sweep lam=0.16681005372000587 epoch 5/25 time=1.04s device=cuda
INFO:src.estimators.masked_ae:[masked-ae] sweep lam=0.16681005372000587 epoch 6/25 time=1.23s device=cuda
INFO:src.estimators.masked_ae:[masked-ae] sweep lam=0.16681005372000587 epoch 7/25 time=1.04s device=cuda
INFO:src.estimators.masked_ae:[masked-ae] sweep lam=0.16681005372000587 epoch 8/25 time=1.09s device=cuda
INFO:src.estimators.masked_ae:[masked-ae] sweep lam=0.16681005372000587 epoch 9/25 time=1.13s device=cuda
INFO:src.estimators.masked_ae:[masked-ae] sweep lam=0.16681005372000587 epoch 10/25 time=1.13s device=cuda
INFO:src.estimators.masked_ae:[masked-ae] sweep lam=0.16681005372000587 epoch 11/25 time=1.11s device=cuda
INFO:src.estimators.masked_ae:[masked-ae] sweep lam=0.16681005372000587 epoch 12/25 time=1.02s device=cuda
INFO:src.estimators.masked_ae:[masked-ae] sweep lam=0.16681005372000587 epoch 13/25 time=1.28s device=cuda
INFO:src.estimators.masked_ae:[masked-ae] sweep lam=0.16681005372000587 epoch 14/25 time=1.23s device=cuda
INFO:src.estimators.masked_ae:[masked-ae] sweep lam=0.16681005372000587 epoch 15/25 time=1.15s device=cuda
INFO:src.estimators.masked_ae:[masked-ae] sweep lam=0.16681005372000587 epoch 16/25 time=1.18s device=cuda
INFO:src.estimators.masked_ae:[masked-ae] sweep lam=0.16681005372000587 epoch 17/25 time=1.08s device=cuda
INFO:src.estimators.masked_ae:[masked-ae] sweep lam=0.16681005372000587 epoch 18/25 time=1.20s device=cuda
INFO:src.estimators.masked_ae:[masked-ae] sweep lam=0.16681005372000587 epoch 19/25 time=1.19s device=cuda
INFO:src.estimators.masked_ae:[masked-ae] sweep lam=0.16681005372000587 epoch 20/25 time=1.21s device=cuda
INFO:src.estimators.masked_ae:[masked-ae] sweep lam=0.16681005372000587 epoch 21/25 time=1.19s device=cuda
INFO:src.estimators.masked_ae:[masked-ae] sweep lam=0.16681005372000587 epoch 22/25 time=1.23s device=cuda
INFO:src.estimators.masked_ae:[masked-ae] sweep lam=0.16681005372000587 epoch 23/25 time=1.42s device=cuda
INFO:src.estimators.masked_ae:[masked-ae] sweep lam=0.16681005372000587 epoch 24/25 time=1.25s device=cuda
INFO:src.estimators.masked_ae:[masked-ae] sweep lam=0.16681005372000587 epoch 25/25 time=1.27s device=cuda
INFO:src.estimators.masked_ae:[masked-ae] sweep lam=0.2782559402207124 epoch 1/25 time=1.13s device=cuda
INFO:src.estimators.masked_ae:[masked-ae] sweep lam=0.2782559402207124 epoch 2/25 time=1.16s device=cuda
INFO:src.estimators.masked_ae:[masked-ae] sweep lam=0.2782559402207124 epoch 3/25 time=1.08s device=cuda
INFO:src.estimators.masked_ae:[masked-ae] sweep lam=0.2782559402207124 epoch 4/25 time=1.05s device=cuda
INFO:src.estimators.masked_ae:[masked-ae] sweep lam=0.2782559402207124 epoch 5/25 time=1.19s device=cuda
INFO:src.estimators.masked_ae:[masked-ae] sweep lam=0.2782559402207124 epoch 6/25 time=1.13s device=cuda
INFO:src.estimators.masked_ae:[masked-ae] sweep lam=0.2782559402207124 epoch 7/25 time=1.32s device=cuda
INFO:src.estimators.masked_ae:[masked-ae] sweep lam=0.2782559402207124 epoch 8/25 time=1.16s device=cuda
INFO:src.estimators.masked_ae:[masked-ae] sweep lam=0.2782559402207124 epoch 9/25 time=1.29s device=cuda
INFO:src.estimators.masked_ae:[masked-ae] sweep lam=0.2782559402207124 epoch 10/25 time=1.30s device=cuda
INFO:src.estimators.masked_ae:[masked-ae] sweep lam=0.2782559402207124 epoch 11/25 time=1.18s device=cuda
INFO:src.estimators.masked_ae:[masked-ae] sweep lam=0.2782559402207124 epoch 12/25 time=1.09s device=cuda
INFO:src.estimators.masked_ae:[masked-ae] sweep lam=0.2782559402207124 epoch 13/25 time=1.14s device=cuda
INFO:src.estimators.masked_ae:[masked-ae] sweep lam=0.2782559402207124 epoch 14/25 time=1.18s device=cuda
INFO:src.estimators.masked_ae:[masked-ae] sweep lam=0.2782559402207124 epoch 15/25 time=1.27s device=cuda
INFO:src.estimators.masked_ae:[masked-ae] sweep lam=0.2782559402207124 epoch 16/25 time=1.13s device=cuda
INFO:src.estimators.masked_ae:[masked-ae] sweep lam=0.2782559402207124 epoch 17/25 time=1.21s device=cuda
INFO:src.estimators.masked_ae:[masked-ae] sweep lam=0.2782559402207124 epoch 18/25 time=1.13s device=cuda
INFO:src.estimators.masked_ae:[masked-ae] sweep lam=0.2782559402207124 epoch 19/25 time=1.15s device=cuda
INFO:src.estimators.masked_ae:[masked-ae] sweep lam=0.2782559402207124 epoch 20/25 time=1.37s device=cuda
INFO:src.estimators.masked_ae:[masked-ae] sweep lam=0.2782559402207124 epoch 21/25 time=1.22s device=cuda
INFO:src.estimators.masked_ae:[masked-ae] sweep lam=0.2782559402207124 epoch 22/25 time=1.19s device=cuda
INFO:src.estimators.masked_ae:[masked-ae] sweep lam=0.2782559402207124 epoch 23/25 time=1.09s device=cuda
INFO:src.estimators.masked_ae:[masked-ae] sweep lam=0.2782559402207124 epoch 24/25 time=1.10s device=cuda
INFO:src.estimators.masked_ae:[masked-ae] sweep lam=0.2782559402207124 epoch 25/25 time=1.09s device=cuda
INFO:src.estimators.masked_ae:[masked-ae] sweep lam=0.46415888336127786 epoch 1/25 time=1.21s device=cuda
INFO:src.estimators.masked_ae:[masked-ae] sweep lam=0.46415888336127786 epoch 2/25 time=1.15s device=cuda
INFO:src.estimators.masked_ae:[masked-ae] sweep lam=0.46415888336127786 epoch 3/25 time=1.14s device=cuda
INFO:src.estimators.masked_ae:[masked-ae] sweep lam=0.46415888336127786 epoch 4/25 time=1.13s device=cuda
INFO:src.estimators.masked_ae:[masked-ae] sweep lam=0.46415888336127786 epoch 5/25 time=1.16s device=cuda
INFO:src.estimators.masked_ae:[masked-ae] sweep lam=0.46415888336127786 epoch 6/25 time=1.40s device=cuda
INFO:src.estimators.masked_ae:[masked-ae] sweep lam=0.46415888336127786 epoch 7/25 time=1.30s device=cuda
INFO:src.estimators.masked_ae:[masked-ae] sweep lam=0.46415888336127786 epoch 8/25 time=1.15s device=cuda
INFO:src.estimators.masked_ae:[masked-ae] sweep lam=0.46415888336127786 epoch 9/25 time=1.21s device=cuda
INFO:src.estimators.masked_ae:[masked-ae] sweep lam=0.46415888336127786 epoch 10/25 time=1.16s device=cuda
INFO:src.estimators.masked_ae:[masked-ae] sweep lam=0.46415888336127786 epoch 11/25 time=1.09s device=cuda
INFO:src.estimators.masked_ae:[masked-ae] sweep lam=0.46415888336127786 epoch 12/25 time=1.11s device=cuda
INFO:src.estimators.masked_ae:[masked-ae] sweep lam=0.46415888336127786 epoch 13/25 time=1.13s device=cuda
INFO:src.estimators.masked_ae:[masked-ae] sweep lam=0.46415888336127786 epoch 14/25 time=1.17s device=cuda
INFO:src.estimators.masked_ae:[masked-ae] sweep lam=0.46415888336127786 epoch 15/25 time=1.04s device=cuda
INFO:src.estimators.masked_ae:[masked-ae] sweep lam=0.46415888336127786 epoch 16/25 time=1.07s device=cuda
INFO:src.estimators.masked_ae:[masked-ae] sweep lam=0.46415888336127786 epoch 17/25 time=1.10s device=cuda
INFO:src.estimators.masked_ae:[masked-ae] sweep lam=0.46415888336127786 epoch 18/25 time=1.08s device=cuda
INFO:src.estimators.masked_ae:[masked-ae] sweep lam=0.46415888336127786 epoch 19/25 time=1.25s device=cuda
INFO:src.estimators.masked_ae:[masked-ae] sweep lam=0.46415888336127786 epoch 20/25 time=1.02s device=cuda
INFO:src.estimators.masked_ae:[masked-ae] sweep lam=0.46415888336127786 epoch 21/25 time=1.36s device=cuda
INFO:src.estimators.masked_ae:[masked-ae] sweep lam=0.46415888336127786 epoch 22/25 time=1.05s device=cuda
INFO:src.estimators.masked_ae:[masked-ae] sweep lam=0.46415888336127786 epoch 23/25 time=1.05s device=cuda
INFO:src.estimators.masked_ae:[masked-ae] sweep lam=0.46415888336127786 epoch 24/25 time=1.16s device=cuda
INFO:src.estimators.masked_ae:[masked-ae] sweep lam=0.46415888336127786 epoch 25/25 time=1.08s device=cuda
INFO:src.estimators.masked_ae:[masked-ae] sweep lam=0.774263682681127 epoch 1/25 time=1.05s device=cuda
INFO:src.estimators.masked_ae:[masked-ae] sweep lam=0.774263682681127 epoch 2/25 time=1.19s device=cuda
INFO:src.estimators.masked_ae:[masked-ae] sweep lam=0.774263682681127 epoch 3/25 time=1.18s device=cuda
INFO:src.estimators.masked_ae:[masked-ae] sweep lam=0.774263682681127 epoch 4/25 time=1.18s device=cuda
INFO:src.estimators.masked_ae:[masked-ae] sweep lam=0.774263682681127 epoch 5/25 time=1.15s device=cuda
INFO:src.estimators.masked_ae:[masked-ae] sweep lam=0.774263682681127 epoch 6/25 time=1.07s device=cuda
INFO:src.estimators.masked_ae:[masked-ae] sweep lam=0.774263682681127 epoch 7/25 time=1.16s device=cuda
INFO:src.estimators.masked_ae:[masked-ae] sweep lam=0.774263682681127 epoch 8/25 time=1.19s device=cuda
INFO:src.estimators.masked_ae:[masked-ae] sweep lam=0.774263682681127 epoch 9/25 time=1.25s device=cuda
INFO:src.estimators.masked_ae:[masked-ae] sweep lam=0.774263682681127 epoch 10/25 time=1.17s device=cuda
INFO:src.estimators.masked_ae:[masked-ae] sweep lam=0.774263682681127 epoch 11/25 time=1.19s device=cuda
INFO:src.estimators.masked_ae:[masked-ae] sweep lam=0.774263682681127 epoch 12/25 time=1.09s device=cuda
INFO:src.estimators.masked_ae:[masked-ae] sweep lam=0.774263682681127 epoch 13/25 time=1.07s device=cuda
INFO:src.estimators.masked_ae:[masked-ae] sweep lam=0.774263682681127 epoch 14/25 time=1.16s device=cuda
INFO:src.estimators.masked_ae:[masked-ae] sweep lam=0.774263682681127 epoch 15/25 time=1.06s device=cuda
INFO:src.estimators.masked_ae:[masked-ae] sweep lam=0.774263682681127 epoch 16/25 time=1.08s device=cuda
INFO:src.estimators.masked_ae:[masked-ae] sweep lam=0.774263682681127 epoch 17/25 time=1.03s device=cuda
INFO:src.estimators.masked_ae:[masked-ae] sweep lam=0.774263682681127 epoch 18/25 time=1.19s device=cuda
INFO:src.estimators.masked_ae:[masked-ae] sweep lam=0.774263682681127 epoch 19/25 time=1.24s device=cuda
INFO:src.estimators.masked_ae:[masked-ae] sweep lam=0.774263682681127 epoch 20/25 time=1.16s device=cuda
INFO:src.estimators.masked_ae:[masked-ae] sweep lam=0.774263682681127 epoch 21/25 time=1.11s device=cuda
INFO:src.estimators.masked_ae:[masked-ae] sweep lam=0.774263682681127 epoch 22/25 time=1.08s device=cuda
INFO:src.estimators.masked_ae:[masked-ae] sweep lam=0.774263682681127 epoch 23/25 time=1.21s device=cuda
INFO:src.estimators.masked_ae:[masked-ae] sweep lam=0.774263682681127 epoch 24/25 time=1.11s device=cuda
INFO:src.estimators.masked_ae:[masked-ae] sweep lam=0.774263682681127 epoch 25/25 time=1.16s device=cuda
INFO:src.estimators.masked_ae:[masked-ae] sweep lam=1.291549665014884 epoch 1/25 time=1.17s device=cuda
INFO:src.estimators.masked_ae:[masked-ae] sweep lam=1.291549665014884 epoch 2/25 time=1.17s device=cuda
INFO:src.estimators.masked_ae:[masked-ae] sweep lam=1.291549665014884 epoch 3/25 time=1.21s device=cuda
INFO:src.estimators.masked_ae:[masked-ae] sweep lam=1.291549665014884 epoch 4/25 time=1.15s device=cuda
INFO:src.estimators.masked_ae:[masked-ae] sweep lam=1.291549665014884 epoch 5/25 time=1.06s device=cuda
INFO:src.estimators.masked_ae:[masked-ae] sweep lam=1.291549665014884 epoch 6/25 time=1.07s device=cuda
INFO:src.estimators.masked_ae:[masked-ae] sweep lam=1.291549665014884 epoch 7/25 time=1.15s device=cuda
INFO:src.estimators.masked_ae:[masked-ae] sweep lam=1.291549665014884 epoch 8/25 time=1.23s device=cuda
INFO:src.estimators.masked_ae:[masked-ae] sweep lam=1.291549665014884 epoch 9/25 time=1.29s device=cuda
INFO:src.estimators.masked_ae:[masked-ae] sweep lam=1.291549665014884 epoch 10/25 time=1.25s device=cuda
INFO:src.estimators.masked_ae:[masked-ae] sweep lam=1.291549665014884 epoch 11/25 time=1.22s device=cuda
INFO:src.estimators.masked_ae:[masked-ae] sweep lam=1.291549665014884 epoch 12/25 time=1.12s device=cuda
INFO:src.estimators.masked_ae:[masked-ae] sweep lam=1.291549665014884 epoch 13/25 time=1.06s device=cuda
INFO:src.estimators.masked_ae:[masked-ae] sweep lam=1.291549665014884 epoch 14/25 time=1.15s device=cuda
INFO:src.estimators.masked_ae:[masked-ae] sweep lam=1.291549665014884 epoch 15/25 time=1.05s device=cuda
INFO:src.estimators.masked_ae:[masked-ae] sweep lam=1.291549665014884 epoch 16/25 time=1.21s device=cuda
INFO:src.estimators.masked_ae:[masked-ae] sweep lam=1.291549665014884 epoch 17/25 time=1.22s device=cuda
INFO:src.estimators.masked_ae:[masked-ae] sweep lam=1.291549665014884 epoch 18/25 time=1.21s device=cuda
INFO:src.estimators.masked_ae:[masked-ae] sweep lam=1.291549665014884 epoch 19/25 time=1.29s device=cuda
INFO:src.estimators.masked_ae:[masked-ae] sweep lam=1.291549665014884 epoch 20/25 time=1.13s device=cuda
INFO:src.estimators.masked_ae:[masked-ae] sweep lam=1.291549665014884 epoch 21/25 time=1.16s device=cuda
INFO:src.estimators.masked_ae:[masked-ae] sweep lam=1.291549665014884 epoch 22/25 time=1.07s device=cuda
INFO:src.estimators.masked_ae:[masked-ae] sweep lam=1.291549665014884 epoch 23/25 time=1.09s device=cuda
INFO:src.estimators.masked_ae:[masked-ae] sweep lam=1.291549665014884 epoch 24/25 time=1.07s device=cuda
INFO:src.estimators.masked_ae:[masked-ae] sweep lam=1.291549665014884 epoch 25/25 time=1.30s device=cuda
INFO:src.estimators.masked_ae:[masked-ae] sweep lam=2.1544346900318834 epoch 1/25 time=1.17s device=cuda
INFO:src.estimators.masked_ae:[masked-ae] sweep lam=2.1544346900318834 epoch 2/25 time=1.19s device=cuda
INFO:src.estimators.masked_ae:[masked-ae] sweep lam=2.1544346900318834 epoch 3/25 time=1.15s device=cuda
INFO:src.estimators.masked_ae:[masked-ae] sweep lam=2.1544346900318834 epoch 4/25 time=1.11s device=cuda
INFO:src.estimators.masked_ae:[masked-ae] sweep lam=2.1544346900318834 epoch 5/25 time=1.02s device=cuda
INFO:src.estimators.masked_ae:[masked-ae] sweep lam=2.1544346900318834 epoch 6/25 time=1.25s device=cuda
INFO:src.estimators.masked_ae:[masked-ae] sweep lam=2.1544346900318834 epoch 7/25 time=1.16s device=cuda
INFO:src.estimators.masked_ae:[masked-ae] sweep lam=2.1544346900318834 epoch 8/25 time=1.15s device=cuda
INFO:src.estimators.masked_ae:[masked-ae] sweep lam=2.1544346900318834 epoch 9/25 time=1.12s device=cuda
INFO:src.estimators.masked_ae:[masked-ae] sweep lam=2.1544346900318834 epoch 10/25 time=1.22s device=cuda
INFO:src.estimators.masked_ae:[masked-ae] sweep lam=2.1544346900318834 epoch 11/25 time=1.20s device=cuda
INFO:src.estimators.masked_ae:[masked-ae] sweep lam=2.1544346900318834 epoch 12/25 time=1.32s device=cuda
INFO:src.estimators.masked_ae:[masked-ae] sweep lam=2.1544346900318834 epoch 13/25 time=1.18s device=cuda
INFO:src.estimators.masked_ae:[masked-ae] sweep lam=2.1544346900318834 epoch 14/25 time=1.07s device=cuda
INFO:src.estimators.masked_ae:[masked-ae] sweep lam=2.1544346900318834 epoch 15/25 time=1.11s device=cuda
INFO:src.estimators.masked_ae:[masked-ae] sweep lam=2.1544346900318834 epoch 16/25 time=1.01s device=cuda
INFO:src.estimators.masked_ae:[masked-ae] sweep lam=2.1544346900318834 epoch 17/25 time=1.09s device=cuda
INFO:src.estimators.masked_ae:[masked-ae] sweep lam=2.1544346900318834 epoch 18/25 time=1.19s device=cuda
INFO:src.estimators.masked_ae:[masked-ae] sweep lam=2.1544346900318834 epoch 19/25 time=1.11s device=cuda
INFO:src.estimators.masked_ae:[masked-ae] sweep lam=2.1544346900318834 epoch 20/25 time=1.19s device=cuda
INFO:src.estimators.masked_ae:[masked-ae] sweep lam=2.1544346900318834 epoch 21/25 time=1.08s device=cuda
INFO:src.estimators.masked_ae:[masked-ae] sweep lam=2.1544346900318834 epoch 22/25 time=1.06s device=cuda
INFO:src.estimators.masked_ae:[masked-ae] sweep lam=2.1544346900318834 epoch 23/25 time=1.08s device=cuda
INFO:src.estimators.masked_ae:[masked-ae] sweep lam=2.1544346900318834 epoch 24/25 time=1.18s device=cuda
INFO:src.estimators.masked_ae:[masked-ae] sweep lam=2.1544346900318834 epoch 25/25 time=0.99s device=cuda
INFO:src.estimators.masked_ae:[masked-ae] sweep lam=3.593813663804626 epoch 1/25 time=1.12s device=cuda
INFO:src.estimators.masked_ae:[masked-ae] sweep lam=3.593813663804626 epoch 2/25 time=1.17s device=cuda
INFO:src.estimators.masked_ae:[masked-ae] sweep lam=3.593813663804626 epoch 3/25 time=1.12s device=cuda
INFO:src.estimators.masked_ae:[masked-ae] sweep lam=3.593813663804626 epoch 4/25 time=1.12s device=cuda
INFO:src.estimators.masked_ae:[masked-ae] sweep lam=3.593813663804626 epoch 5/25 time=1.14s device=cuda
INFO:src.estimators.masked_ae:[masked-ae] sweep lam=3.593813663804626 epoch 6/25 time=1.10s device=cuda
INFO:src.estimators.masked_ae:[masked-ae] sweep lam=3.593813663804626 epoch 7/25 time=1.19s device=cuda
INFO:src.estimators.masked_ae:[masked-ae] sweep lam=3.593813663804626 epoch 8/25 time=1.07s device=cuda
INFO:src.estimators.masked_ae:[masked-ae] sweep lam=3.593813663804626 epoch 9/25 time=1.14s device=cuda
INFO:src.estimators.masked_ae:[masked-ae] sweep lam=3.593813663804626 epoch 10/25 time=1.13s device=cuda
INFO:src.estimators.masked_ae:[masked-ae] sweep lam=3.593813663804626 epoch 11/25 time=1.23s device=cuda
INFO:src.estimators.masked_ae:[masked-ae] sweep lam=3.593813663804626 epoch 12/25 time=1.06s device=cuda
INFO:src.estimators.masked_ae:[masked-ae] sweep lam=3.593813663804626 epoch 13/25 time=1.22s device=cuda
INFO:src.estimators.masked_ae:[masked-ae] sweep lam=3.593813663804626 epoch 14/25 time=1.09s device=cuda
INFO:src.estimators.masked_ae:[masked-ae] sweep lam=3.593813663804626 epoch 15/25 time=1.22s device=cuda
INFO:src.estimators.masked_ae:[masked-ae] sweep lam=3.593813663804626 epoch 16/25 time=1.18s device=cuda
INFO:src.estimators.masked_ae:[masked-ae] sweep lam=3.593813663804626 epoch 17/25 time=1.16s device=cuda
INFO:src.estimators.masked_ae:[masked-ae] sweep lam=3.593813663804626 epoch 18/25 time=1.07s device=cuda
INFO:src.estimators.masked_ae:[masked-ae] sweep lam=3.593813663804626 epoch 19/25 time=1.15s device=cuda
INFO:src.estimators.masked_ae:[masked-ae] sweep lam=3.593813663804626 epoch 20/25 time=1.18s device=cuda
INFO:src.estimators.masked_ae:[masked-ae] sweep lam=3.593813663804626 epoch 21/25 time=1.09s device=cuda
INFO:src.estimators.masked_ae:[masked-ae] sweep lam=3.593813663804626 epoch 22/25 time=1.16s device=cuda
INFO:src.estimators.masked_ae:[masked-ae] sweep lam=3.593813663804626 epoch 23/25 time=1.19s device=cuda
INFO:src.estimators.masked_ae:[masked-ae] sweep lam=3.593813663804626 epoch 24/25 time=1.24s device=cuda
INFO:src.estimators.masked_ae:[masked-ae] sweep lam=3.593813663804626 epoch 25/25 time=1.17s device=cuda
INFO:src.estimators.masked_ae:[masked-ae] sweep lam=5.994842503189409 epoch 1/25 time=1.27s device=cuda
INFO:src.estimators.masked_ae:[masked-ae] sweep lam=5.994842503189409 epoch 2/25 time=1.20s device=cuda
INFO:src.estimators.masked_ae:[masked-ae] sweep lam=5.994842503189409 epoch 3/25 time=1.20s device=cuda
INFO:src.estimators.masked_ae:[masked-ae] sweep lam=5.994842503189409 epoch 4/25 time=1.11s device=cuda
INFO:src.estimators.masked_ae:[masked-ae] sweep lam=5.994842503189409 epoch 5/25 time=1.13s device=cuda
INFO:src.estimators.masked_ae:[masked-ae] sweep lam=5.994842503189409 epoch 6/25 time=1.20s device=cuda
INFO:src.estimators.masked_ae:[masked-ae] sweep lam=5.994842503189409 epoch 7/25 time=1.11s device=cuda
INFO:src.estimators.masked_ae:[masked-ae] sweep lam=5.994842503189409 epoch 8/25 time=1.00s device=cuda
INFO:src.estimators.masked_ae:[masked-ae] sweep lam=5.994842503189409 epoch 9/25 time=1.14s device=cuda
INFO:src.estimators.masked_ae:[masked-ae] sweep lam=5.994842503189409 epoch 10/25 time=1.17s device=cuda
INFO:src.estimators.masked_ae:[masked-ae] sweep lam=5.994842503189409 epoch 11/25 time=1.15s device=cuda
INFO:src.estimators.masked_ae:[masked-ae] sweep lam=5.994842503189409 epoch 12/25 time=1.35s device=cuda
INFO:src.estimators.masked_ae:[masked-ae] sweep lam=5.994842503189409 epoch 13/25 time=1.15s device=cuda
INFO:src.estimators.masked_ae:[masked-ae] sweep lam=5.994842503189409 epoch 14/25 time=1.09s device=cuda
INFO:src.estimators.masked_ae:[masked-ae] sweep lam=5.994842503189409 epoch 15/25 time=1.11s device=cuda
INFO:src.estimators.masked_ae:[masked-ae] sweep lam=5.994842503189409 epoch 16/25 time=1.11s device=cuda
INFO:src.estimators.masked_ae:[masked-ae] sweep lam=5.994842503189409 epoch 17/25 time=1.22s device=cuda
INFO:src.estimators.masked_ae:[masked-ae] sweep lam=5.994842503189409 epoch 18/25 time=1.28s device=cuda
INFO:src.estimators.masked_ae:[masked-ae] sweep lam=5.994842503189409 epoch 19/25 time=1.25s device=cuda
INFO:src.estimators.masked_ae:[masked-ae] sweep lam=5.994842503189409 epoch 20/25 time=1.18s device=cuda
INFO:src.estimators.masked_ae:[masked-ae] sweep lam=5.994842503189409 epoch 21/25 time=1.22s device=cuda
INFO:src.estimators.masked_ae:[masked-ae] sweep lam=5.994842503189409 epoch 22/25 time=1.11s device=cuda
INFO:src.estimators.masked_ae:[masked-ae] sweep lam=5.994842503189409 epoch 23/25 time=1.07s device=cuda
INFO:src.estimators.masked_ae:[masked-ae] sweep lam=5.994842503189409 epoch 24/25 time=1.12s device=cuda
INFO:src.estimators.masked_ae:[masked-ae] sweep lam=5.994842503189409 epoch 25/25 time=1.17s device=cuda
INFO:src.estimators.masked_ae:[masked-ae] sweep lam=10.0 epoch 1/25 time=1.14s device=cuda
INFO:src.estimators.masked_ae:[masked-ae] sweep lam=10.0 epoch 2/25 time=1.17s device=cuda
INFO:src.estimators.masked_ae:[masked-ae] sweep lam=10.0 epoch 3/25 time=1.07s device=cuda
INFO:src.estimators.masked_ae:[masked-ae] sweep lam=10.0 epoch 4/25 time=1.18s device=cuda
INFO:src.estimators.masked_ae:[masked-ae] sweep lam=10.0 epoch 5/25 time=1.14s device=cuda
INFO:src.estimators.masked_ae:[masked-ae] sweep lam=10.0 epoch 6/25 time=1.12s device=cuda
INFO:src.estimators.masked_ae:[masked-ae] sweep lam=10.0 epoch 7/25 time=1.19s device=cuda
INFO:src.estimators.masked_ae:[masked-ae] sweep lam=10.0 epoch 8/25 time=1.10s device=cuda
INFO:src.estimators.masked_ae:[masked-ae] sweep lam=10.0 epoch 9/25 time=1.22s device=cuda
INFO:src.estimators.masked_ae:[masked-ae] sweep lam=10.0 epoch 10/25 time=1.32s device=cuda
INFO:src.estimators.masked_ae:[masked-ae] sweep lam=10.0 epoch 11/25 time=1.23s device=cuda
INFO:src.estimators.masked_ae:[masked-ae] sweep lam=10.0 epoch 12/25 time=1.09s device=cuda
INFO:src.estimators.masked_ae:[masked-ae] sweep lam=10.0 epoch 13/25 time=1.14s device=cuda
INFO:src.estimators.masked_ae:[masked-ae] sweep lam=10.0 epoch 14/25 time=1.17s device=cuda
INFO:src.estimators.masked_ae:[masked-ae] sweep lam=10.0 epoch 15/25 time=1.23s device=cuda
INFO:src.estimators.masked_ae:[masked-ae] sweep lam=10.0 epoch 16/25 time=1.10s device=cuda
INFO:src.estimators.masked_ae:[masked-ae] sweep lam=10.0 epoch 17/25 time=1.11s device=cuda
INFO:src.estimators.masked_ae:[masked-ae] sweep lam=10.0 epoch 18/25 time=1.23s device=cuda
INFO:src.estimators.masked_ae:[masked-ae] sweep lam=10.0 epoch 19/25 time=1.11s device=cuda
INFO:src.estimators.masked_ae:[masked-ae] sweep lam=10.0 epoch 20/25 time=1.04s device=cuda
INFO:src.estimators.masked_ae:[masked-ae] sweep lam=10.0 epoch 21/25 time=1.17s device=cuda
INFO:src.estimators.masked_ae:[masked-ae] sweep lam=10.0 epoch 22/25 time=1.08s device=cuda
INFO:src.estimators.masked_ae:[masked-ae] sweep lam=10.0 epoch 23/25 time=1.10s device=cuda
INFO:src.estimators.masked_ae:[masked-ae] sweep lam=10.0 epoch 24/25 time=1.13s device=cuda
INFO:src.estimators.masked_ae:[masked-ae] sweep lam=10.0 epoch 25/25 time=1.21s device=cuda
INFO:src.estimators.masked_ae:[masked-ae] retrain epoch 1/35 time=1.12s device=cuda
INFO:src.estimators.masked_ae:[masked-ae] retrain epoch 2/35 time=1.15s device=cuda
INFO:src.estimators.masked_ae:[masked-ae] retrain epoch 3/35 time=1.09s device=cuda
INFO:src.estimators.masked_ae:[masked-ae] retrain epoch 4/35 time=1.14s device=cuda
INFO:src.estimators.masked_ae:[masked-ae] retrain epoch 5/35 time=1.05s device=cuda
INFO:src.estimators.masked_ae:[masked-ae] retrain epoch 6/35 time=1.11s device=cuda
INFO:src.estimators.masked_ae:[masked-ae] retrain epoch 7/35 time=1.16s device=cuda
INFO:src.estimators.masked_ae:[masked-ae] retrain epoch 8/35 time=1.13s device=cuda
INFO:src.estimators.masked_ae:[masked-ae] retrain epoch 9/35 time=1.31s device=cuda
INFO:src.estimators.masked_ae:[masked-ae] retrain epoch 10/35 time=1.19s device=cuda
INFO:src.estimators.masked_ae:[masked-ae] retrain epoch 11/35 time=1.15s device=cuda
INFO:src.estimators.masked_ae:[masked-ae] retrain epoch 12/35 time=1.17s device=cuda
INFO:src.estimators.masked_ae:[masked-ae] retrain epoch 13/35 time=1.13s device=cuda
INFO:src.estimators.masked_ae:[masked-ae] retrain epoch 14/35 time=1.19s device=cuda
INFO:src.estimators.masked_ae:[masked-ae] retrain epoch 15/35 time=1.12s device=cuda
INFO:src.estimators.masked_ae:[masked-ae] retrain epoch 16/35 time=1.12s device=cuda
INFO:src.estimators.masked_ae:[masked-ae] retrain epoch 17/35 time=1.12s device=cuda
INFO:src.estimators.masked_ae:[masked-ae] retrain epoch 18/35 time=1.15s device=cuda
INFO:src.estimators.masked_ae:[masked-ae] retrain epoch 19/35 time=1.14s device=cuda
INFO:src.estimators.masked_ae:[masked-ae] retrain epoch 20/35 time=1.19s device=cuda
INFO:src.estimators.masked_ae:[masked-ae] retrain epoch 21/35 time=1.05s device=cuda
INFO:src.estimators.masked_ae:[masked-ae] retrain epoch 22/35 time=1.21s device=cuda
INFO:src.estimators.masked_ae:[masked-ae] retrain epoch 23/35 time=1.12s device=cuda
INFO:src.estimators.masked_ae:[masked-ae] retrain epoch 24/35 time=1.09s device=cuda
INFO:src.estimators.masked_ae:[masked-ae] retrain epoch 25/35 time=1.06s device=cuda
INFO:src.estimators.masked_ae:[masked-ae] retrain epoch 26/35 time=1.12s device=cuda
INFO:src.estimators.masked_ae:[masked-ae] retrain epoch 27/35 time=1.08s device=cuda
INFO:src.estimators.masked_ae:[masked-ae] retrain epoch 28/35 time=1.15s device=cuda
INFO:src.estimators.masked_ae:[masked-ae] retrain epoch 29/35 time=1.10s device=cuda
INFO:src.estimators.masked_ae:[masked-ae] retrain epoch 30/35 time=1.11s device=cuda
INFO:src.estimators.masked_ae:[masked-ae] retrain epoch 31/35 time=1.24s device=cuda
INFO:src.estimators.masked_ae:[masked-ae] retrain epoch 32/35 time=1.22s device=cuda
INFO:src.estimators.masked_ae:[masked-ae] retrain epoch 33/35 time=1.16s device=cuda
INFO:src.estimators.masked_ae:[masked-ae] retrain epoch 34/35 time=1.10s device=cuda
INFO:src.estimators.masked_ae:[masked-ae] retrain epoch 35/35 time=1.24s device=cuda
INFO:repair_masked_ae:Group ('mnist', 7, 0.0, 1) repaired: estimate=15.0 elapsed_s=344.95 device=cuda samples=60000 rows=5
INFO:repair_masked_ae:Processing group key=('mnist', 7, 0.25, 1) with 5 rows; example row 240
INFO:src.estimators.masked_ae:[masked-ae] pretrain epoch 1/10 time=1.21s device=cuda
INFO:src.estimators.masked_ae:[masked-ae] pretrain epoch 2/10 time=0.98s device=cuda
INFO:src.estimators.masked_ae:[masked-ae] pretrain epoch 3/10 time=1.08s device=cuda
INFO:src.estimators.masked_ae:[masked-ae] pretrain epoch 4/10 time=1.02s device=cuda
INFO:src.estimators.masked_ae:[masked-ae] pretrain epoch 5/10 time=1.01s device=cuda
INFO:src.estimators.masked_ae:[masked-ae] pretrain epoch 6/10 time=1.08s device=cuda
INFO:src.estimators.masked_ae:[masked-ae] pretrain epoch 7/10 time=0.97s device=cuda
INFO:src.estimators.masked_ae:[masked-ae] pretrain epoch 8/10 time=1.16s device=cuda
INFO:src.estimators.masked_ae:[masked-ae] pretrain epoch 9/10 time=1.02s device=cuda
INFO:src.estimators.masked_ae:[masked-ae] pretrain epoch 10/10 time=1.12s device=cuda
INFO:src.estimators.masked_ae:[masked-ae] sweep lam=0.1 epoch 1/25 time=1.20s device=cuda
INFO:src.estimators.masked_ae:[masked-ae] sweep lam=0.1 epoch 2/25 time=1.14s device=cuda
INFO:src.estimators.masked_ae:[masked-ae] sweep lam=0.1 epoch 3/25 time=1.17s device=cuda
INFO:src.estimators.masked_ae:[masked-ae] sweep lam=0.1 epoch 4/25 time=1.29s device=cuda
INFO:src.estimators.masked_ae:[masked-ae] sweep lam=0.1 epoch 5/25 time=1.10s device=cuda
INFO:src.estimators.masked_ae:[masked-ae] sweep lam=0.1 epoch 6/25 time=1.09s device=cuda
INFO:src.estimators.masked_ae:[masked-ae] sweep lam=0.1 epoch 7/25 time=1.18s device=cuda
INFO:src.estimators.masked_ae:[masked-ae] sweep lam=0.1 epoch 8/25 time=1.24s device=cuda
INFO:src.estimators.masked_ae:[masked-ae] sweep lam=0.1 epoch 9/25 time=1.10s device=cuda
INFO:src.estimators.masked_ae:[masked-ae] sweep lam=0.1 epoch 10/25 time=1.12s device=cuda
INFO:src.estimators.masked_ae:[masked-ae] sweep lam=0.1 epoch 11/25 time=1.07s device=cuda
INFO:src.estimators.masked_ae:[masked-ae] sweep lam=0.1 epoch 12/25 time=1.12s device=cuda
INFO:src.estimators.masked_ae:[masked-ae] sweep lam=0.1 epoch 13/25 time=1.12s device=cuda
INFO:src.estimators.masked_ae:[masked-ae] sweep lam=0.1 epoch 14/25 time=1.16s device=cuda
INFO:src.estimators.masked_ae:[masked-ae] sweep lam=0.1 epoch 15/25 time=1.42s device=cuda
INFO:src.estimators.masked_ae:[masked-ae] sweep lam=0.1 epoch 16/25 time=1.04s device=cuda
INFO:src.estimators.masked_ae:[masked-ae] sweep lam=0.1 epoch 17/25 time=1.13s device=cuda
INFO:src.estimators.masked_ae:[masked-ae] sweep lam=0.1 epoch 18/25 time=1.11s device=cuda
INFO:src.estimators.masked_ae:[masked-ae] sweep lam=0.1 epoch 19/25 time=1.29s device=cuda
INFO:src.estimators.masked_ae:[masked-ae] sweep lam=0.1 epoch 20/25 time=1.10s device=cuda
INFO:src.estimators.masked_ae:[masked-ae] sweep lam=0.1 epoch 21/25 time=1.20s device=cuda
INFO:src.estimators.masked_ae:[masked-ae] sweep lam=0.1 epoch 22/25 time=1.21s device=cuda
INFO:src.estimators.masked_ae:[masked-ae] sweep lam=0.1 epoch 23/25 time=1.13s device=cuda
INFO:src.estimators.masked_ae:[masked-ae] sweep lam=0.1 epoch 24/25 time=1.11s device=cuda
INFO:src.estimators.masked_ae:[masked-ae] sweep lam=0.1 epoch 25/25 time=1.07s device=cuda
INFO:src.estimators.masked_ae:[masked-ae] sweep lam=0.16681005372000587 epoch 1/25 time=1.28s device=cuda
INFO:src.estimators.masked_ae:[masked-ae] sweep lam=0.16681005372000587 epoch 2/25 time=1.38s device=cuda
INFO:src.estimators.masked_ae:[masked-ae] sweep lam=0.16681005372000587 epoch 3/25 time=1.21s device=cuda
INFO:src.estimators.masked_ae:[masked-ae] sweep lam=0.16681005372000587 epoch 4/25 time=1.16s device=cuda
INFO:src.estimators.masked_ae:[masked-ae] sweep lam=0.16681005372000587 epoch 5/25 time=1.17s device=cuda
INFO:src.estimators.masked_ae:[masked-ae] sweep lam=0.16681005372000587 epoch 6/25 time=1.21s device=cuda
INFO:src.estimators.masked_ae:[masked-ae] sweep lam=0.16681005372000587 epoch 7/25 time=1.15s device=cuda
INFO:src.estimators.masked_ae:[masked-ae] sweep lam=0.16681005372000587 epoch 8/25 time=1.16s device=cuda
INFO:src.estimators.masked_ae:[masked-ae] sweep lam=0.16681005372000587 epoch 9/25 time=1.17s device=cuda
INFO:src.estimators.masked_ae:[masked-ae] sweep lam=0.16681005372000587 epoch 10/25 time=1.15s device=cuda
INFO:src.estimators.masked_ae:[masked-ae] sweep lam=0.16681005372000587 epoch 11/25 time=1.26s device=cuda
INFO:src.estimators.masked_ae:[masked-ae] sweep lam=0.16681005372000587 epoch 12/25 time=1.10s device=cuda
INFO:src.estimators.masked_ae:[masked-ae] sweep lam=0.16681005372000587 epoch 13/25 time=1.15s device=cuda
INFO:src.estimators.masked_ae:[masked-ae] sweep lam=0.16681005372000587 epoch 14/25 time=1.36s device=cuda
INFO:src.estimators.masked_ae:[masked-ae] sweep lam=0.16681005372000587 epoch 15/25 time=1.11s device=cuda
INFO:src.estimators.masked_ae:[masked-ae] sweep lam=0.16681005372000587 epoch 16/25 time=1.15s device=cuda
INFO:src.estimators.masked_ae:[masked-ae] sweep lam=0.16681005372000587 epoch 17/25 time=1.23s device=cuda
INFO:src.estimators.masked_ae:[masked-ae] sweep lam=0.16681005372000587 epoch 18/25 time=1.21s device=cuda
INFO:src.estimators.masked_ae:[masked-ae] sweep lam=0.16681005372000587 epoch 19/25 time=1.24s device=cuda
INFO:src.estimators.masked_ae:[masked-ae] sweep lam=0.16681005372000587 epoch 20/25 time=1.23s device=cuda
INFO:src.estimators.masked_ae:[masked-ae] sweep lam=0.16681005372000587 epoch 21/25 time=1.20s device=cuda
INFO:src.estimators.masked_ae:[masked-ae] sweep lam=0.16681005372000587 epoch 22/25 time=1.21s device=cuda
INFO:src.estimators.masked_ae:[masked-ae] sweep lam=0.16681005372000587 epoch 23/25 time=1.13s device=cuda
INFO:src.estimators.masked_ae:[masked-ae] sweep lam=0.16681005372000587 epoch 24/25 time=1.27s device=cuda
INFO:src.estimators.masked_ae:[masked-ae] sweep lam=0.16681005372000587 epoch 25/25 time=1.20s device=cuda
INFO:src.estimators.masked_ae:[masked-ae] sweep lam=0.2782559402207124 epoch 1/25 time=1.25s device=cuda
INFO:src.estimators.masked_ae:[masked-ae] sweep lam=0.2782559402207124 epoch 2/25 time=1.12s device=cuda
INFO:src.estimators.masked_ae:[masked-ae] sweep lam=0.2782559402207124 epoch 3/25 time=1.24s device=cuda
INFO:src.estimators.masked_ae:[masked-ae] sweep lam=0.2782559402207124 epoch 4/25 time=1.18s device=cuda
INFO:src.estimators.masked_ae:[masked-ae] sweep lam=0.2782559402207124 epoch 5/25 time=1.13s device=cuda
INFO:src.estimators.masked_ae:[masked-ae] sweep lam=0.2782559402207124 epoch 6/25 time=1.31s device=cuda
INFO:src.estimators.masked_ae:[masked-ae] sweep lam=0.2782559402207124 epoch 7/25 time=1.26s device=cuda
INFO:src.estimators.masked_ae:[masked-ae] sweep lam=0.2782559402207124 epoch 8/25 time=1.20s device=cuda
INFO:src.estimators.masked_ae:[masked-ae] sweep lam=0.2782559402207124 epoch 9/25 time=1.18s device=cuda
INFO:src.estimators.masked_ae:[masked-ae] sweep lam=0.2782559402207124 epoch 10/25 time=1.13s device=cuda
INFO:src.estimators.masked_ae:[masked-ae] sweep lam=0.2782559402207124 epoch 11/25 time=1.28s device=cuda
INFO:src.estimators.masked_ae:[masked-ae] sweep lam=0.2782559402207124 epoch 12/25 time=1.14s device=cuda
INFO:src.estimators.masked_ae:[masked-ae] sweep lam=0.2782559402207124 epoch 13/25 time=1.08s device=cuda
INFO:src.estimators.masked_ae:[masked-ae] sweep lam=0.2782559402207124 epoch 14/25 time=1.13s device=cuda
INFO:src.estimators.masked_ae:[masked-ae] sweep lam=0.2782559402207124 epoch 15/25 time=1.11s device=cuda
INFO:src.estimators.masked_ae:[masked-ae] sweep lam=0.2782559402207124 epoch 16/25 time=1.14s device=cuda
INFO:src.estimators.masked_ae:[masked-ae] sweep lam=0.2782559402207124 epoch 17/25 time=1.11s device=cuda
INFO:src.estimators.masked_ae:[masked-ae] sweep lam=0.2782559402207124 epoch 18/25 time=1.15s device=cuda
INFO:src.estimators.masked_ae:[masked-ae] sweep lam=0.2782559402207124 epoch 19/25 time=1.10s device=cuda
INFO:src.estimators.masked_ae:[masked-ae] sweep lam=0.2782559402207124 epoch 20/25 time=1.20s device=cuda
INFO:src.estimators.masked_ae:[masked-ae] sweep lam=0.2782559402207124 epoch 21/25 time=1.19s device=cuda
INFO:src.estimators.masked_ae:[masked-ae] sweep lam=0.2782559402207124 epoch 22/25 time=1.17s device=cuda
INFO:src.estimators.masked_ae:[masked-ae] sweep lam=0.2782559402207124 epoch 23/25 time=1.09s device=cuda
INFO:src.estimators.masked_ae:[masked-ae] sweep lam=0.2782559402207124 epoch 24/25 time=1.24s device=cuda
INFO:src.estimators.masked_ae:[masked-ae] sweep lam=0.2782559402207124 epoch 25/25 time=1.23s device=cuda
INFO:src.estimators.masked_ae:[masked-ae] sweep lam=0.46415888336127786 epoch 1/25 time=1.13s device=cuda
INFO:src.estimators.masked_ae:[masked-ae] sweep lam=0.46415888336127786 epoch 2/25 time=1.12s device=cuda
INFO:src.estimators.masked_ae:[masked-ae] sweep lam=0.46415888336127786 epoch 3/25 time=1.12s device=cuda
INFO:src.estimators.masked_ae:[masked-ae] sweep lam=0.46415888336127786 epoch 4/25 time=1.17s device=cuda
INFO:src.estimators.masked_ae:[masked-ae] sweep lam=0.46415888336127786 epoch 5/25 time=1.19s device=cuda
INFO:src.estimators.masked_ae:[masked-ae] sweep lam=0.46415888336127786 epoch 6/25 time=1.14s device=cuda
INFO:src.estimators.masked_ae:[masked-ae] sweep lam=0.46415888336127786 epoch 7/25 time=1.19s device=cuda
INFO:src.estimators.masked_ae:[masked-ae] sweep lam=0.46415888336127786 epoch 8/25 time=1.15s device=cuda
INFO:src.estimators.masked_ae:[masked-ae] sweep lam=0.46415888336127786 epoch 9/25 time=1.20s device=cuda
INFO:src.estimators.masked_ae:[masked-ae] sweep lam=0.46415888336127786 epoch 10/25 time=1.13s device=cuda
INFO:src.estimators.masked_ae:[masked-ae] sweep lam=0.46415888336127786 epoch 11/25 time=1.20s device=cuda
INFO:src.estimators.masked_ae:[masked-ae] sweep lam=0.46415888336127786 epoch 12/25 time=1.20s device=cuda
INFO:src.estimators.masked_ae:[masked-ae] sweep lam=0.46415888336127786 epoch 13/25 time=1.15s device=cuda
INFO:src.estimators.masked_ae:[masked-ae] sweep lam=0.46415888336127786 epoch 14/25 time=1.05s device=cuda
INFO:src.estimators.masked_ae:[masked-ae] sweep lam=0.46415888336127786 epoch 15/25 time=1.06s device=cuda
INFO:src.estimators.masked_ae:[masked-ae] sweep lam=0.46415888336127786 epoch 16/25 time=1.11s device=cuda
INFO:src.estimators.masked_ae:[masked-ae] sweep lam=0.46415888336127786 epoch 17/25 time=1.42s device=cuda
INFO:src.estimators.masked_ae:[masked-ae] sweep lam=0.46415888336127786 epoch 18/25 time=1.08s device=cuda
INFO:src.estimators.masked_ae:[masked-ae] sweep lam=0.46415888336127786 epoch 19/25 time=1.02s device=cuda
INFO:src.estimators.masked_ae:[masked-ae] sweep lam=0.46415888336127786 epoch 20/25 time=1.02s device=cuda
INFO:src.estimators.masked_ae:[masked-ae] sweep lam=0.46415888336127786 epoch 21/25 time=1.15s device=cuda
INFO:src.estimators.masked_ae:[masked-ae] sweep lam=0.46415888336127786 epoch 22/25 time=1.06s device=cuda
INFO:src.estimators.masked_ae:[masked-ae] sweep lam=0.46415888336127786 epoch 23/25 time=1.12s device=cuda
INFO:src.estimators.masked_ae:[masked-ae] sweep lam=0.46415888336127786 epoch 24/25 time=1.16s device=cuda
INFO:src.estimators.masked_ae:[masked-ae] sweep lam=0.46415888336127786 epoch 25/25 time=1.04s device=cuda
INFO:src.estimators.masked_ae:[masked-ae] sweep lam=0.774263682681127 epoch 1/25 time=1.11s device=cuda
INFO:src.estimators.masked_ae:[masked-ae] sweep lam=0.774263682681127 epoch 2/25 time=1.19s device=cuda
INFO:src.estimators.masked_ae:[masked-ae] sweep lam=0.774263682681127 epoch 3/25 time=1.18s device=cuda
INFO:src.estimators.masked_ae:[masked-ae] sweep lam=0.774263682681127 epoch 4/25 time=1.28s device=cuda
INFO:src.estimators.masked_ae:[masked-ae] sweep lam=0.774263682681127 epoch 5/25 time=1.06s device=cuda
INFO:src.estimators.masked_ae:[masked-ae] sweep lam=0.774263682681127 epoch 6/25 time=1.05s device=cuda
INFO:src.estimators.masked_ae:[masked-ae] sweep lam=0.774263682681127 epoch 7/25 time=1.04s device=cuda
INFO:src.estimators.masked_ae:[masked-ae] sweep lam=0.774263682681127 epoch 8/25 time=1.08s device=cuda
INFO:src.estimators.masked_ae:[masked-ae] sweep lam=0.774263682681127 epoch 9/25 time=1.22s device=cuda
INFO:src.estimators.masked_ae:[masked-ae] sweep lam=0.774263682681127 epoch 10/25 time=1.10s device=cuda
INFO:src.estimators.masked_ae:[masked-ae] sweep lam=0.774263682681127 epoch 11/25 time=1.14s device=cuda
INFO:src.estimators.masked_ae:[masked-ae] sweep lam=0.774263682681127 epoch 12/25 time=1.16s device=cuda
INFO:src.estimators.masked_ae:[masked-ae] sweep lam=0.774263682681127 epoch 13/25 time=1.23s device=cuda
INFO:src.estimators.masked_ae:[masked-ae] sweep lam=0.774263682681127 epoch 14/25 time=1.10s device=cuda
INFO:src.estimators.masked_ae:[masked-ae] sweep lam=0.774263682681127 epoch 15/25 time=1.19s device=cuda
INFO:src.estimators.masked_ae:[masked-ae] sweep lam=0.774263682681127 epoch 16/25 time=1.12s device=cuda
INFO:src.estimators.masked_ae:[masked-ae] sweep lam=0.774263682681127 epoch 17/25 time=1.07s device=cuda
INFO:src.estimators.masked_ae:[masked-ae] sweep lam=0.774263682681127 epoch 18/25 time=1.16s device=cuda
INFO:src.estimators.masked_ae:[masked-ae] sweep lam=0.774263682681127 epoch 19/25 time=1.10s device=cuda
INFO:src.estimators.masked_ae:[masked-ae] sweep lam=0.774263682681127 epoch 20/25 time=1.10s device=cuda
INFO:src.estimators.masked_ae:[masked-ae] sweep lam=0.774263682681127 epoch 21/25 time=1.16s device=cuda
INFO:src.estimators.masked_ae:[masked-ae] sweep lam=0.774263682681127 epoch 22/25 time=1.17s device=cuda
INFO:src.estimators.masked_ae:[masked-ae] sweep lam=0.774263682681127 epoch 23/25 time=1.21s device=cuda
INFO:src.estimators.masked_ae:[masked-ae] sweep lam=0.774263682681127 epoch 24/25 time=1.15s device=cuda
INFO:src.estimators.masked_ae:[masked-ae] sweep lam=0.774263682681127 epoch 25/25 time=1.19s device=cuda
INFO:src.estimators.masked_ae:[masked-ae] sweep lam=1.291549665014884 epoch 1/25 time=1.20s device=cuda
INFO:src.estimators.masked_ae:[masked-ae] sweep lam=1.291549665014884 epoch 2/25 time=1.23s device=cuda
INFO:src.estimators.masked_ae:[masked-ae] sweep lam=1.291549665014884 epoch 3/25 time=1.12s device=cuda
INFO:src.estimators.masked_ae:[masked-ae] sweep lam=1.291549665014884 epoch 4/25 time=1.06s device=cuda
INFO:src.estimators.masked_ae:[masked-ae] sweep lam=1.291549665014884 epoch 5/25 time=1.15s device=cuda
INFO:src.estimators.masked_ae:[masked-ae] sweep lam=1.291549665014884 epoch 6/25 time=1.18s device=cuda
INFO:src.estimators.masked_ae:[masked-ae] sweep lam=1.291549665014884 epoch 7/25 time=1.16s device=cuda
INFO:src.estimators.masked_ae:[masked-ae] sweep lam=1.291549665014884 epoch 8/25 time=1.25s device=cuda
INFO:src.estimators.masked_ae:[masked-ae] sweep lam=1.291549665014884 epoch 9/25 time=1.09s device=cuda
INFO:src.estimators.masked_ae:[masked-ae] sweep lam=1.291549665014884 epoch 10/25 time=1.20s device=cuda
INFO:src.estimators.masked_ae:[masked-ae] sweep lam=1.291549665014884 epoch 11/25 time=1.13s device=cuda
INFO:src.estimators.masked_ae:[masked-ae] sweep lam=1.291549665014884 epoch 12/25 time=1.03s device=cuda
INFO:src.estimators.masked_ae:[masked-ae] sweep lam=1.291549665014884 epoch 13/25 time=1.14s device=cuda
INFO:src.estimators.masked_ae:[masked-ae] sweep lam=1.291549665014884 epoch 14/25 time=1.13s device=cuda
INFO:src.estimators.masked_ae:[masked-ae] sweep lam=1.291549665014884 epoch 15/25 time=1.08s device=cuda
INFO:src.estimators.masked_ae:[masked-ae] sweep lam=1.291549665014884 epoch 16/25 time=1.05s device=cuda
INFO:src.estimators.masked_ae:[masked-ae] sweep lam=1.291549665014884 epoch 17/25 time=1.14s device=cuda
INFO:src.estimators.masked_ae:[masked-ae] sweep lam=1.291549665014884 epoch 18/25 time=1.16s device=cuda
INFO:src.estimators.masked_ae:[masked-ae] sweep lam=1.291549665014884 epoch 19/25 time=1.16s device=cuda
INFO:src.estimators.masked_ae:[masked-ae] sweep lam=1.291549665014884 epoch 20/25 time=1.18s device=cuda
INFO:src.estimators.masked_ae:[masked-ae] sweep lam=1.291549665014884 epoch 21/25 time=1.07s device=cuda
INFO:src.estimators.masked_ae:[masked-ae] sweep lam=1.291549665014884 epoch 22/25 time=1.11s device=cuda
INFO:src.estimators.masked_ae:[masked-ae] sweep lam=1.291549665014884 epoch 23/25 time=1.19s device=cuda
INFO:src.estimators.masked_ae:[masked-ae] sweep lam=1.291549665014884 epoch 24/25 time=1.26s device=cuda
INFO:src.estimators.masked_ae:[masked-ae] sweep lam=1.291549665014884 epoch 25/25 time=1.23s device=cuda
INFO:src.estimators.masked_ae:[masked-ae] sweep lam=2.1544346900318834 epoch 1/25 time=1.00s device=cuda
INFO:src.estimators.masked_ae:[masked-ae] sweep lam=2.1544346900318834 epoch 2/25 time=1.06s device=cuda
INFO:src.estimators.masked_ae:[masked-ae] sweep lam=2.1544346900318834 epoch 3/25 time=1.12s device=cuda
INFO:src.estimators.masked_ae:[masked-ae] sweep lam=2.1544346900318834 epoch 4/25 time=1.00s device=cuda
INFO:src.estimators.masked_ae:[masked-ae] sweep lam=2.1544346900318834 epoch 5/25 time=1.08s device=cuda
INFO:src.estimators.masked_ae:[masked-ae] sweep lam=2.1544346900318834 epoch 6/25 time=1.06s device=cuda
INFO:src.estimators.masked_ae:[masked-ae] sweep lam=2.1544346900318834 epoch 7/25 time=1.08s device=cuda
INFO:src.estimators.masked_ae:[masked-ae] sweep lam=2.1544346900318834 epoch 8/25 time=1.09s device=cuda
INFO:src.estimators.masked_ae:[masked-ae] sweep lam=2.1544346900318834 epoch 9/25 time=1.10s device=cuda
INFO:src.estimators.masked_ae:[masked-ae] sweep lam=2.1544346900318834 epoch 10/25 time=1.26s device=cuda
INFO:src.estimators.masked_ae:[masked-ae] sweep lam=2.1544346900318834 epoch 11/25 time=1.17s device=cuda
INFO:src.estimators.masked_ae:[masked-ae] sweep lam=2.1544346900318834 epoch 12/25 time=1.00s device=cuda
INFO:src.estimators.masked_ae:[masked-ae] sweep lam=2.1544346900318834 epoch 13/25 time=1.03s device=cuda
INFO:src.estimators.masked_ae:[masked-ae] sweep lam=2.1544346900318834 epoch 14/25 time=1.25s device=cuda
INFO:src.estimators.masked_ae:[masked-ae] sweep lam=2.1544346900318834 epoch 15/25 time=1.11s device=cuda
INFO:src.estimators.masked_ae:[masked-ae] sweep lam=2.1544346900318834 epoch 16/25 time=1.14s device=cuda
INFO:src.estimators.masked_ae:[masked-ae] sweep lam=2.1544346900318834 epoch 17/25 time=1.05s device=cuda
INFO:src.estimators.masked_ae:[masked-ae] sweep lam=2.1544346900318834 epoch 18/25 time=1.19s device=cuda
INFO:src.estimators.masked_ae:[masked-ae] sweep lam=2.1544346900318834 epoch 19/25 time=1.20s device=cuda
INFO:src.estimators.masked_ae:[masked-ae] sweep lam=2.1544346900318834 epoch 20/25 time=1.08s device=cuda
INFO:src.estimators.masked_ae:[masked-ae] sweep lam=2.1544346900318834 epoch 21/25 time=1.10s device=cuda
INFO:src.estimators.masked_ae:[masked-ae] sweep lam=2.1544346900318834 epoch 22/25 time=1.37s device=cuda
INFO:src.estimators.masked_ae:[masked-ae] sweep lam=2.1544346900318834 epoch 23/25 time=1.19s device=cuda
INFO:src.estimators.masked_ae:[masked-ae] sweep lam=2.1544346900318834 epoch 24/25 time=1.27s device=cuda
INFO:src.estimators.masked_ae:[masked-ae] sweep lam=2.1544346900318834 epoch 25/25 time=1.07s device=cuda
INFO:src.estimators.masked_ae:[masked-ae] sweep lam=3.593813663804626 epoch 1/25 time=1.03s device=cuda
INFO:src.estimators.masked_ae:[masked-ae] sweep lam=3.593813663804626 epoch 2/25 time=1.13s device=cuda
INFO:src.estimators.masked_ae:[masked-ae] sweep lam=3.593813663804626 epoch 3/25 time=1.25s device=cuda
INFO:src.estimators.masked_ae:[masked-ae] sweep lam=3.593813663804626 epoch 4/25 time=1.05s device=cuda
INFO:src.estimators.masked_ae:[masked-ae] sweep lam=3.593813663804626 epoch 5/25 time=1.07s device=cuda
INFO:src.estimators.masked_ae:[masked-ae] sweep lam=3.593813663804626 epoch 6/25 time=1.05s device=cuda
INFO:src.estimators.masked_ae:[masked-ae] sweep lam=3.593813663804626 epoch 7/25 time=1.15s device=cuda
INFO:src.estimators.masked_ae:[masked-ae] sweep lam=3.593813663804626 epoch 8/25 time=1.15s device=cuda
INFO:src.estimators.masked_ae:[masked-ae] sweep lam=3.593813663804626 epoch 9/25 time=1.14s device=cuda
INFO:src.estimators.masked_ae:[masked-ae] sweep lam=3.593813663804626 epoch 10/25 time=1.07s device=cuda
INFO:src.estimators.masked_ae:[masked-ae] sweep lam=3.593813663804626 epoch 11/25 time=1.17s device=cuda
INFO:src.estimators.masked_ae:[masked-ae] sweep lam=3.593813663804626 epoch 12/25 time=1.18s device=cuda
INFO:src.estimators.masked_ae:[masked-ae] sweep lam=3.593813663804626 epoch 13/25 time=1.15s device=cuda
INFO:src.estimators.masked_ae:[masked-ae] sweep lam=3.593813663804626 epoch 14/25 time=1.15s device=cuda
INFO:src.estimators.masked_ae:[masked-ae] sweep lam=3.593813663804626 epoch 15/25 time=1.05s device=cuda
INFO:src.estimators.masked_ae:[masked-ae] sweep lam=3.593813663804626 epoch 16/25 time=1.05s device=cuda
INFO:src.estimators.masked_ae:[masked-ae] sweep lam=3.593813663804626 epoch 17/25 time=1.05s device=cuda
INFO:src.estimators.masked_ae:[masked-ae] sweep lam=3.593813663804626 epoch 18/25 time=1.10s device=cuda
INFO:src.estimators.masked_ae:[masked-ae] sweep lam=3.593813663804626 epoch 19/25 time=1.05s device=cuda
INFO:src.estimators.masked_ae:[masked-ae] sweep lam=3.593813663804626 epoch 20/25 time=1.30s device=cuda
INFO:src.estimators.masked_ae:[masked-ae] sweep lam=3.593813663804626 epoch 21/25 time=1.08s device=cuda
INFO:src.estimators.masked_ae:[masked-ae] sweep lam=3.593813663804626 epoch 22/25 time=1.08s device=cuda
INFO:src.estimators.masked_ae:[masked-ae] sweep lam=3.593813663804626 epoch 23/25 time=1.16s device=cuda
INFO:src.estimators.masked_ae:[masked-ae] sweep lam=3.593813663804626 epoch 24/25 time=1.19s device=cuda
INFO:src.estimators.masked_ae:[masked-ae] sweep lam=3.593813663804626 epoch 25/25 time=1.06s device=cuda
INFO:src.estimators.masked_ae:[masked-ae] sweep lam=5.994842503189409 epoch 1/25 time=1.28s device=cuda
INFO:src.estimators.masked_ae:[masked-ae] sweep lam=5.994842503189409 epoch 2/25 time=1.09s device=cuda
INFO:src.estimators.masked_ae:[masked-ae] sweep lam=5.994842503189409 epoch 3/25 time=1.25s device=cuda
INFO:src.estimators.masked_ae:[masked-ae] sweep lam=5.994842503189409 epoch 4/25 time=1.12s device=cuda
INFO:src.estimators.masked_ae:[masked-ae] sweep lam=5.994842503189409 epoch 5/25 time=1.10s device=cuda
INFO:src.estimators.masked_ae:[masked-ae] sweep lam=5.994842503189409 epoch 6/25 time=1.32s device=cuda
INFO:src.estimators.masked_ae:[masked-ae] sweep lam=5.994842503189409 epoch 7/25 time=1.17s device=cuda
INFO:src.estimators.masked_ae:[masked-ae] sweep lam=5.994842503189409 epoch 8/25 time=1.17s device=cuda
INFO:src.estimators.masked_ae:[masked-ae] sweep lam=5.994842503189409 epoch 9/25 time=1.28s device=cuda
INFO:src.estimators.masked_ae:[masked-ae] sweep lam=5.994842503189409 epoch 10/25 time=1.24s device=cuda
INFO:src.estimators.masked_ae:[masked-ae] sweep lam=5.994842503189409 epoch 11/25 time=1.13s device=cuda
INFO:src.estimators.masked_ae:[masked-ae] sweep lam=5.994842503189409 epoch 12/25 time=1.10s device=cuda
INFO:src.estimators.masked_ae:[masked-ae] sweep lam=5.994842503189409 epoch 13/25 time=1.05s device=cuda
INFO:src.estimators.masked_ae:[masked-ae] sweep lam=5.994842503189409 epoch 14/25 time=1.29s device=cuda
INFO:src.estimators.masked_ae:[masked-ae] sweep lam=5.994842503189409 epoch 15/25 time=1.26s device=cuda
INFO:src.estimators.masked_ae:[masked-ae] sweep lam=5.994842503189409 epoch 16/25 time=1.08s device=cuda
INFO:src.estimators.masked_ae:[masked-ae] sweep lam=5.994842503189409 epoch 17/25 time=1.04s device=cuda
INFO:src.estimators.masked_ae:[masked-ae] sweep lam=5.994842503189409 epoch 18/25 time=1.22s device=cuda
INFO:src.estimators.masked_ae:[masked-ae] sweep lam=5.994842503189409 epoch 19/25 time=1.21s device=cuda
INFO:src.estimators.masked_ae:[masked-ae] sweep lam=5.994842503189409 epoch 20/25 time=1.31s device=cuda
INFO:src.estimators.masked_ae:[masked-ae] sweep lam=5.994842503189409 epoch 21/25 time=1.23s device=cuda
INFO:src.estimators.masked_ae:[masked-ae] sweep lam=5.994842503189409 epoch 22/25 time=1.20s device=cuda
INFO:src.estimators.masked_ae:[masked-ae] sweep lam=5.994842503189409 epoch 23/25 time=1.15s device=cuda
INFO:src.estimators.masked_ae:[masked-ae] sweep lam=5.994842503189409 epoch 24/25 time=1.08s device=cuda
INFO:src.estimators.masked_ae:[masked-ae] sweep lam=5.994842503189409 epoch 25/25 time=1.30s device=cuda
INFO:src.estimators.masked_ae:[masked-ae] sweep lam=10.0 epoch 1/25 time=1.07s device=cuda
INFO:src.estimators.masked_ae:[masked-ae] sweep lam=10.0 epoch 2/25 time=1.07s device=cuda
INFO:src.estimators.masked_ae:[masked-ae] sweep lam=10.0 epoch 3/25 time=1.08s device=cuda
INFO:src.estimators.masked_ae:[masked-ae] sweep lam=10.0 epoch 4/25 time=1.02s device=cuda
INFO:src.estimators.masked_ae:[masked-ae] sweep lam=10.0 epoch 5/25 time=1.27s device=cuda
INFO:src.estimators.masked_ae:[masked-ae] sweep lam=10.0 epoch 6/25 time=1.27s device=cuda
INFO:src.estimators.masked_ae:[masked-ae] sweep lam=10.0 epoch 7/25 time=1.13s device=cuda
INFO:src.estimators.masked_ae:[masked-ae] sweep lam=10.0 epoch 8/25 time=1.13s device=cuda
INFO:src.estimators.masked_ae:[masked-ae] sweep lam=10.0 epoch 9/25 time=1.04s device=cuda
INFO:src.estimators.masked_ae:[masked-ae] sweep lam=10.0 epoch 10/25 time=1.25s device=cuda
INFO:src.estimators.masked_ae:[masked-ae] sweep lam=10.0 epoch 11/25 time=1.16s device=cuda
INFO:src.estimators.masked_ae:[masked-ae] sweep lam=10.0 epoch 12/25 time=1.08s device=cuda
INFO:src.estimators.masked_ae:[masked-ae] sweep lam=10.0 epoch 13/25 time=1.24s device=cuda
INFO:src.estimators.masked_ae:[masked-ae] sweep lam=10.0 epoch 14/25 time=1.30s device=cuda
INFO:src.estimators.masked_ae:[masked-ae] sweep lam=10.0 epoch 15/25 time=1.21s device=cuda
INFO:src.estimators.masked_ae:[masked-ae] sweep lam=10.0 epoch 16/25 time=1.12s device=cuda
INFO:src.estimators.masked_ae:[masked-ae] sweep lam=10.0 epoch 17/25 time=1.15s device=cuda
INFO:src.estimators.masked_ae:[masked-ae] sweep lam=10.0 epoch 18/25 time=1.14s device=cuda
INFO:src.estimators.masked_ae:[masked-ae] sweep lam=10.0 epoch 19/25 time=1.20s device=cuda
INFO:src.estimators.masked_ae:[masked-ae] sweep lam=10.0 epoch 20/25 time=1.24s device=cuda
INFO:src.estimators.masked_ae:[masked-ae] sweep lam=10.0 epoch 21/25 time=1.17s device=cuda
INFO:src.estimators.masked_ae:[masked-ae] sweep lam=10.0 epoch 22/25 time=1.12s device=cuda
INFO:src.estimators.masked_ae:[masked-ae] sweep lam=10.0 epoch 23/25 time=1.15s device=cuda
INFO:src.estimators.masked_ae:[masked-ae] sweep lam=10.0 epoch 24/25 time=1.10s device=cuda
INFO:src.estimators.masked_ae:[masked-ae] sweep lam=10.0 epoch 25/25 time=1.28s device=cuda
INFO:src.estimators.masked_ae:[masked-ae] retrain epoch 1/35 time=1.13s device=cuda
INFO:src.estimators.masked_ae:[masked-ae] retrain epoch 2/35 time=1.32s device=cuda
INFO:src.estimators.masked_ae:[masked-ae] retrain epoch 3/35 time=1.18s device=cuda
INFO:src.estimators.masked_ae:[masked-ae] retrain epoch 4/35 time=1.11s device=cuda
INFO:src.estimators.masked_ae:[masked-ae] retrain epoch 5/35 time=1.22s device=cuda
INFO:src.estimators.masked_ae:[masked-ae] retrain epoch 6/35 time=1.09s device=cuda
INFO:src.estimators.masked_ae:[masked-ae] retrain epoch 7/35 time=1.20s device=cuda
INFO:src.estimators.masked_ae:[masked-ae] retrain epoch 8/35 time=1.19s device=cuda
INFO:src.estimators.masked_ae:[masked-ae] retrain epoch 9/35 time=1.11s device=cuda
INFO:src.estimators.masked_ae:[masked-ae] retrain epoch 10/35 time=1.11s device=cuda
INFO:src.estimators.masked_ae:[masked-ae] retrain epoch 11/35 time=1.22s device=cuda
INFO:src.estimators.masked_ae:[masked-ae] retrain epoch 12/35 time=1.09s device=cuda
INFO:src.estimators.masked_ae:[masked-ae] retrain epoch 13/35 time=1.09s device=cuda
INFO:src.estimators.masked_ae:[masked-ae] retrain epoch 14/35 time=1.09s device=cuda
INFO:src.estimators.masked_ae:[masked-ae] retrain epoch 15/35 time=1.05s device=cuda
INFO:src.estimators.masked_ae:[masked-ae] retrain epoch 16/35 time=1.13s device=cuda
INFO:src.estimators.masked_ae:[masked-ae] retrain epoch 17/35 time=1.19s device=cuda
INFO:src.estimators.masked_ae:[masked-ae] retrain epoch 18/35 time=1.34s device=cuda
INFO:src.estimators.masked_ae:[masked-ae] retrain epoch 19/35 time=1.06s device=cuda
INFO:src.estimators.masked_ae:[masked-ae] retrain epoch 20/35 time=1.10s device=cuda
INFO:src.estimators.masked_ae:[masked-ae] retrain epoch 21/35 time=1.10s device=cuda
INFO:src.estimators.masked_ae:[masked-ae] retrain epoch 22/35 time=1.12s device=cuda
INFO:src.estimators.masked_ae:[masked-ae] retrain epoch 23/35 time=1.11s device=cuda
INFO:src.estimators.masked_ae:[masked-ae] retrain epoch 24/35 time=1.14s device=cuda
INFO:src.estimators.masked_ae:[masked-ae] retrain epoch 25/35 time=1.27s device=cuda
INFO:src.estimators.masked_ae:[masked-ae] retrain epoch 26/35 time=1.20s device=cuda
INFO:src.estimators.masked_ae:[masked-ae] retrain epoch 27/35 time=1.16s device=cuda
INFO:src.estimators.masked_ae:[masked-ae] retrain epoch 28/35 time=1.29s device=cuda
INFO:src.estimators.masked_ae:[masked-ae] retrain epoch 29/35 time=1.11s device=cuda
INFO:src.estimators.masked_ae:[masked-ae] retrain epoch 30/35 time=1.10s device=cuda
INFO:src.estimators.masked_ae:[masked-ae] retrain epoch 31/35 time=1.33s device=cuda
INFO:src.estimators.masked_ae:[masked-ae] retrain epoch 32/35 time=1.11s device=cuda
INFO:src.estimators.masked_ae:[masked-ae] retrain epoch 33/35 time=1.19s device=cuda
INFO:src.estimators.masked_ae:[masked-ae] retrain epoch 34/35 time=1.15s device=cuda
INFO:src.estimators.masked_ae:[masked-ae] retrain epoch 35/35 time=1.10s device=cuda
INFO:repair_masked_ae:Group ('mnist', 7, 0.25, 1) repaired: estimate=14.0 elapsed_s=344.30 device=cuda samples=60000 rows=5
INFO:repair_masked_ae:Processing group key=('mnist', 7, 0.5, 1) with 5 rows; example row 275
INFO:src.estimators.masked_ae:[masked-ae] pretrain epoch 1/10 time=1.02s device=cuda
INFO:src.estimators.masked_ae:[masked-ae] pretrain epoch 2/10 time=1.20s device=cuda
INFO:src.estimators.masked_ae:[masked-ae] pretrain epoch 3/10 time=1.09s device=cuda
INFO:src.estimators.masked_ae:[masked-ae] pretrain epoch 4/10 time=1.03s device=cuda
INFO:src.estimators.masked_ae:[masked-ae] pretrain epoch 5/10 time=0.99s device=cuda
INFO:src.estimators.masked_ae:[masked-ae] pretrain epoch 6/10 time=0.99s device=cuda
INFO:src.estimators.masked_ae:[masked-ae] pretrain epoch 7/10 time=1.05s device=cuda
INFO:src.estimators.masked_ae:[masked-ae] pretrain epoch 8/10 time=1.06s device=cuda
INFO:src.estimators.masked_ae:[masked-ae] pretrain epoch 9/10 time=0.97s device=cuda
INFO:src.estimators.masked_ae:[masked-ae] pretrain epoch 10/10 time=0.97s device=cuda
INFO:src.estimators.masked_ae:[masked-ae] sweep lam=0.1 epoch 1/25 time=1.13s device=cuda
INFO:src.estimators.masked_ae:[masked-ae] sweep lam=0.1 epoch 2/25 time=1.12s device=cuda
INFO:src.estimators.masked_ae:[masked-ae] sweep lam=0.1 epoch 3/25 time=1.22s device=cuda
INFO:src.estimators.masked_ae:[masked-ae] sweep lam=0.1 epoch 4/25 time=1.15s device=cuda
INFO:src.estimators.masked_ae:[masked-ae] sweep lam=0.1 epoch 5/25 time=1.17s device=cuda
INFO:src.estimators.masked_ae:[masked-ae] sweep lam=0.1 epoch 6/25 time=1.08s device=cuda
INFO:src.estimators.masked_ae:[masked-ae] sweep lam=0.1 epoch 7/25 time=1.01s device=cuda
INFO:src.estimators.masked_ae:[masked-ae] sweep lam=0.1 epoch 8/25 time=1.19s device=cuda
INFO:src.estimators.masked_ae:[masked-ae] sweep lam=0.1 epoch 9/25 time=1.03s device=cuda
INFO:src.estimators.masked_ae:[masked-ae] sweep lam=0.1 epoch 10/25 time=1.04s device=cuda
INFO:src.estimators.masked_ae:[masked-ae] sweep lam=0.1 epoch 11/25 time=1.13s device=cuda
INFO:src.estimators.masked_ae:[masked-ae] sweep lam=0.1 epoch 12/25 time=1.15s device=cuda
INFO:src.estimators.masked_ae:[masked-ae] sweep lam=0.1 epoch 13/25 time=1.16s device=cuda
INFO:src.estimators.masked_ae:[masked-ae] sweep lam=0.1 epoch 14/25 time=1.05s device=cuda
INFO:src.estimators.masked_ae:[masked-ae] sweep lam=0.1 epoch 15/25 time=1.09s device=cuda
INFO:src.estimators.masked_ae:[masked-ae] sweep lam=0.1 epoch 16/25 time=1.16s device=cuda
INFO:src.estimators.masked_ae:[masked-ae] sweep lam=0.1 epoch 17/25 time=1.25s device=cuda
INFO:src.estimators.masked_ae:[masked-ae] sweep lam=0.1 epoch 18/25 time=1.05s device=cuda
INFO:src.estimators.masked_ae:[masked-ae] sweep lam=0.1 epoch 19/25 time=1.31s device=cuda
INFO:src.estimators.masked_ae:[masked-ae] sweep lam=0.1 epoch 20/25 time=1.15s device=cuda
INFO:src.estimators.masked_ae:[masked-ae] sweep lam=0.1 epoch 21/25 time=1.19s device=cuda
INFO:src.estimators.masked_ae:[masked-ae] sweep lam=0.1 epoch 22/25 time=1.12s device=cuda
INFO:src.estimators.masked_ae:[masked-ae] sweep lam=0.1 epoch 23/25 time=1.09s device=cuda
INFO:src.estimators.masked_ae:[masked-ae] sweep lam=0.1 epoch 24/25 time=1.15s device=cuda
INFO:src.estimators.masked_ae:[masked-ae] sweep lam=0.1 epoch 25/25 time=1.14s device=cuda
INFO:src.estimators.masked_ae:[masked-ae] sweep lam=0.16681005372000587 epoch 1/25 time=1.14s device=cuda
INFO:src.estimators.masked_ae:[masked-ae] sweep lam=0.16681005372000587 epoch 2/25 time=1.22s device=cuda
INFO:src.estimators.masked_ae:[masked-ae] sweep lam=0.16681005372000587 epoch 3/25 time=1.17s device=cuda
INFO:src.estimators.masked_ae:[masked-ae] sweep lam=0.16681005372000587 epoch 4/25 time=1.06s device=cuda
INFO:src.estimators.masked_ae:[masked-ae] sweep lam=0.16681005372000587 epoch 5/25 time=1.14s device=cuda
INFO:src.estimators.masked_ae:[masked-ae] sweep lam=0.16681005372000587 epoch 6/25 time=1.24s device=cuda
INFO:src.estimators.masked_ae:[masked-ae] sweep lam=0.16681005372000587 epoch 7/25 time=1.16s device=cuda
INFO:src.estimators.masked_ae:[masked-ae] sweep lam=0.16681005372000587 epoch 8/25 time=1.18s device=cuda
INFO:src.estimators.masked_ae:[masked-ae] sweep lam=0.16681005372000587 epoch 9/25 time=1.18s device=cuda
INFO:src.estimators.masked_ae:[masked-ae] sweep lam=0.16681005372000587 epoch 10/25 time=1.16s device=cuda
INFO:src.estimators.masked_ae:[masked-ae] sweep lam=0.16681005372000587 epoch 11/25 time=1.13s device=cuda
INFO:src.estimators.masked_ae:[masked-ae] sweep lam=0.16681005372000587 epoch 12/25 time=1.15s device=cuda
INFO:src.estimators.masked_ae:[masked-ae] sweep lam=0.16681005372000587 epoch 13/25 time=1.13s device=cuda
INFO:src.estimators.masked_ae:[masked-ae] sweep lam=0.16681005372000587 epoch 14/25 time=1.16s device=cuda
INFO:src.estimators.masked_ae:[masked-ae] sweep lam=0.16681005372000587 epoch 15/25 time=1.24s device=cuda
INFO:src.estimators.masked_ae:[masked-ae] sweep lam=0.16681005372000587 epoch 16/25 time=1.33s device=cuda
INFO:src.estimators.masked_ae:[masked-ae] sweep lam=0.16681005372000587 epoch 17/25 time=1.12s device=cuda
INFO:src.estimators.masked_ae:[masked-ae] sweep lam=0.16681005372000587 epoch 18/25 time=1.17s device=cuda
INFO:src.estimators.masked_ae:[masked-ae] sweep lam=0.16681005372000587 epoch 19/25 time=1.25s device=cuda
INFO:src.estimators.masked_ae:[masked-ae] sweep lam=0.16681005372000587 epoch 20/25 time=1.13s device=cuda
INFO:src.estimators.masked_ae:[masked-ae] sweep lam=0.16681005372000587 epoch 21/25 time=1.02s device=cuda
INFO:src.estimators.masked_ae:[masked-ae] sweep lam=0.16681005372000587 epoch 22/25 time=1.29s device=cuda
INFO:src.estimators.masked_ae:[masked-ae] sweep lam=0.16681005372000587 epoch 23/25 time=1.03s device=cuda
INFO:src.estimators.masked_ae:[masked-ae] sweep lam=0.16681005372000587 epoch 24/25 time=1.14s device=cuda
INFO:src.estimators.masked_ae:[masked-ae] sweep lam=0.16681005372000587 epoch 25/25 time=1.16s device=cuda
INFO:src.estimators.masked_ae:[masked-ae] sweep lam=0.2782559402207124 epoch 1/25 time=1.30s device=cuda
INFO:src.estimators.masked_ae:[masked-ae] sweep lam=0.2782559402207124 epoch 2/25 time=1.08s device=cuda
INFO:src.estimators.masked_ae:[masked-ae] sweep lam=0.2782559402207124 epoch 3/25 time=1.21s device=cuda
INFO:src.estimators.masked_ae:[masked-ae] sweep lam=0.2782559402207124 epoch 4/25 time=1.11s device=cuda
INFO:src.estimators.masked_ae:[masked-ae] sweep lam=0.2782559402207124 epoch 5/25 time=1.12s device=cuda
INFO:src.estimators.masked_ae:[masked-ae] sweep lam=0.2782559402207124 epoch 6/25 time=1.19s device=cuda
INFO:src.estimators.masked_ae:[masked-ae] sweep lam=0.2782559402207124 epoch 7/25 time=1.13s device=cuda
INFO:src.estimators.masked_ae:[masked-ae] sweep lam=0.2782559402207124 epoch 8/25 time=1.08s device=cuda
INFO:src.estimators.masked_ae:[masked-ae] sweep lam=0.2782559402207124 epoch 9/25 time=1.10s device=cuda
INFO:src.estimators.masked_ae:[masked-ae] sweep lam=0.2782559402207124 epoch 10/25 time=1.22s device=cuda
INFO:src.estimators.masked_ae:[masked-ae] sweep lam=0.2782559402207124 epoch 11/25 time=1.13s device=cuda
INFO:src.estimators.masked_ae:[masked-ae] sweep lam=0.2782559402207124 epoch 12/25 time=1.10s device=cuda
INFO:src.estimators.masked_ae:[masked-ae] sweep lam=0.2782559402207124 epoch 13/25 time=1.23s device=cuda
INFO:src.estimators.masked_ae:[masked-ae] sweep lam=0.2782559402207124 epoch 14/25 time=1.14s device=cuda
INFO:src.estimators.masked_ae:[masked-ae] sweep lam=0.2782559402207124 epoch 15/25 time=1.18s device=cuda
INFO:src.estimators.masked_ae:[masked-ae] sweep lam=0.2782559402207124 epoch 16/25 time=1.20s device=cuda
INFO:src.estimators.masked_ae:[masked-ae] sweep lam=0.2782559402207124 epoch 17/25 time=1.11s device=cuda
INFO:src.estimators.masked_ae:[masked-ae] sweep lam=0.2782559402207124 epoch 18/25 time=1.24s device=cuda
INFO:src.estimators.masked_ae:[masked-ae] sweep lam=0.2782559402207124 epoch 19/25 time=1.25s device=cuda
INFO:src.estimators.masked_ae:[masked-ae] sweep lam=0.2782559402207124 epoch 20/25 time=1.28s device=cuda
INFO:src.estimators.masked_ae:[masked-ae] sweep lam=0.2782559402207124 epoch 21/25 time=1.13s device=cuda
INFO:src.estimators.masked_ae:[masked-ae] sweep lam=0.2782559402207124 epoch 22/25 time=1.15s device=cuda
INFO:src.estimators.masked_ae:[masked-ae] sweep lam=0.2782559402207124 epoch 23/25 time=1.06s device=cuda
INFO:src.estimators.masked_ae:[masked-ae] sweep lam=0.2782559402207124 epoch 24/25 time=1.12s device=cuda
INFO:src.estimators.masked_ae:[masked-ae] sweep lam=0.2782559402207124 epoch 25/25 time=1.21s device=cuda
INFO:src.estimators.masked_ae:[masked-ae] sweep lam=0.46415888336127786 epoch 1/25 time=1.16s device=cuda
INFO:src.estimators.masked_ae:[masked-ae] sweep lam=0.46415888336127786 epoch 2/25 time=1.17s device=cuda
INFO:src.estimators.masked_ae:[masked-ae] sweep lam=0.46415888336127786 epoch 3/25 time=1.13s device=cuda
INFO:src.estimators.masked_ae:[masked-ae] sweep lam=0.46415888336127786 epoch 4/25 time=1.12s device=cuda
INFO:src.estimators.masked_ae:[masked-ae] sweep lam=0.46415888336127786 epoch 5/25 time=1.18s device=cuda
INFO:src.estimators.masked_ae:[masked-ae] sweep lam=0.46415888336127786 epoch 6/25 time=1.11s device=cuda
INFO:src.estimators.masked_ae:[masked-ae] sweep lam=0.46415888336127786 epoch 7/25 time=1.15s device=cuda
INFO:src.estimators.masked_ae:[masked-ae] sweep lam=0.46415888336127786 epoch 8/25 time=1.10s device=cuda
INFO:src.estimators.masked_ae:[masked-ae] sweep lam=0.46415888336127786 epoch 9/25 time=1.08s device=cuda
INFO:src.estimators.masked_ae:[masked-ae] sweep lam=0.46415888336127786 epoch 10/25 time=1.19s device=cuda
INFO:src.estimators.masked_ae:[masked-ae] sweep lam=0.46415888336127786 epoch 11/25 time=1.09s device=cuda
INFO:src.estimators.masked_ae:[masked-ae] sweep lam=0.46415888336127786 epoch 12/25 time=1.03s device=cuda
INFO:src.estimators.masked_ae:[masked-ae] sweep lam=0.46415888336127786 epoch 13/25 time=1.02s device=cuda
INFO:src.estimators.masked_ae:[masked-ae] sweep lam=0.46415888336127786 epoch 14/25 time=1.10s device=cuda
INFO:src.estimators.masked_ae:[masked-ae] sweep lam=0.46415888336127786 epoch 15/25 time=1.15s device=cuda
INFO:src.estimators.masked_ae:[masked-ae] sweep lam=0.46415888336127786 epoch 16/25 time=1.09s device=cuda
INFO:src.estimators.masked_ae:[masked-ae] sweep lam=0.46415888336127786 epoch 17/25 time=1.26s device=cuda
INFO:src.estimators.masked_ae:[masked-ae] sweep lam=0.46415888336127786 epoch 18/25 time=1.15s device=cuda
INFO:src.estimators.masked_ae:[masked-ae] sweep lam=0.46415888336127786 epoch 19/25 time=1.06s device=cuda
INFO:src.estimators.masked_ae:[masked-ae] sweep lam=0.46415888336127786 epoch 20/25 time=1.29s device=cuda
INFO:src.estimators.masked_ae:[masked-ae] sweep lam=0.46415888336127786 epoch 21/25 time=1.28s device=cuda
INFO:src.estimators.masked_ae:[masked-ae] sweep lam=0.46415888336127786 epoch 22/25 time=1.27s device=cuda
INFO:src.estimators.masked_ae:[masked-ae] sweep lam=0.46415888336127786 epoch 23/25 time=1.26s device=cuda
INFO:src.estimators.masked_ae:[masked-ae] sweep lam=0.46415888336127786 epoch 24/25 time=1.21s device=cuda
INFO:src.estimators.masked_ae:[masked-ae] sweep lam=0.46415888336127786 epoch 25/25 time=1.15s device=cuda
INFO:src.estimators.masked_ae:[masked-ae] sweep lam=0.774263682681127 epoch 1/25 time=1.23s device=cuda
INFO:src.estimators.masked_ae:[masked-ae] sweep lam=0.774263682681127 epoch 2/25 time=1.14s device=cuda
INFO:src.estimators.masked_ae:[masked-ae] sweep lam=0.774263682681127 epoch 3/25 time=1.09s device=cuda
INFO:src.estimators.masked_ae:[masked-ae] sweep lam=0.774263682681127 epoch 4/25 time=1.10s device=cuda
INFO:src.estimators.masked_ae:[masked-ae] sweep lam=0.774263682681127 epoch 5/25 time=1.20s device=cuda
INFO:src.estimators.masked_ae:[masked-ae] sweep lam=0.774263682681127 epoch 6/25 time=1.14s device=cuda
INFO:src.estimators.masked_ae:[masked-ae] sweep lam=0.774263682681127 epoch 7/25 time=1.15s device=cuda
INFO:src.estimators.masked_ae:[masked-ae] sweep lam=0.774263682681127 epoch 8/25 time=1.11s device=cuda
INFO:src.estimators.masked_ae:[masked-ae] sweep lam=0.774263682681127 epoch 9/25 time=1.16s device=cuda
INFO:src.estimators.masked_ae:[masked-ae] sweep lam=0.774263682681127 epoch 10/25 time=1.09s device=cuda
INFO:src.estimators.masked_ae:[masked-ae] sweep lam=0.774263682681127 epoch 11/25 time=1.10s device=cuda
INFO:src.estimators.masked_ae:[masked-ae] sweep lam=0.774263682681127 epoch 12/25 time=1.22s device=cuda
INFO:src.estimators.masked_ae:[masked-ae] sweep lam=0.774263682681127 epoch 13/25 time=1.08s device=cuda
INFO:src.estimators.masked_ae:[masked-ae] sweep lam=0.774263682681127 epoch 14/25 time=1.15s device=cuda
INFO:src.estimators.masked_ae:[masked-ae] sweep lam=0.774263682681127 epoch 15/25 time=1.14s device=cuda
INFO:src.estimators.masked_ae:[masked-ae] sweep lam=0.774263682681127 epoch 16/25 time=1.07s device=cuda
INFO:src.estimators.masked_ae:[masked-ae] sweep lam=0.774263682681127 epoch 17/25 time=1.13s device=cuda
INFO:src.estimators.masked_ae:[masked-ae] sweep lam=0.774263682681127 epoch 18/25 time=1.16s device=cuda
INFO:src.estimators.masked_ae:[masked-ae] sweep lam=0.774263682681127 epoch 19/25 time=1.16s device=cuda
INFO:src.estimators.masked_ae:[masked-ae] sweep lam=0.774263682681127 epoch 20/25 time=1.21s device=cuda
INFO:src.estimators.masked_ae:[masked-ae] sweep lam=0.774263682681127 epoch 21/25 time=1.15s device=cuda
INFO:src.estimators.masked_ae:[masked-ae] sweep lam=0.774263682681127 epoch 22/25 time=1.10s device=cuda
INFO:src.estimators.masked_ae:[masked-ae] sweep lam=0.774263682681127 epoch 23/25 time=1.07s device=cuda
INFO:src.estimators.masked_ae:[masked-ae] sweep lam=0.774263682681127 epoch 24/25 time=1.17s device=cuda
INFO:src.estimators.masked_ae:[masked-ae] sweep lam=0.774263682681127 epoch 25/25 time=1.20s device=cuda
INFO:src.estimators.masked_ae:[masked-ae] sweep lam=1.291549665014884 epoch 1/25 time=1.29s device=cuda
INFO:src.estimators.masked_ae:[masked-ae] sweep lam=1.291549665014884 epoch 2/25 time=1.17s device=cuda
INFO:src.estimators.masked_ae:[masked-ae] sweep lam=1.291549665014884 epoch 3/25 time=1.14s device=cuda
INFO:src.estimators.masked_ae:[masked-ae] sweep lam=1.291549665014884 epoch 4/25 time=1.27s device=cuda
INFO:src.estimators.masked_ae:[masked-ae] sweep lam=1.291549665014884 epoch 5/25 time=1.24s device=cuda
INFO:src.estimators.masked_ae:[masked-ae] sweep lam=1.291549665014884 epoch 6/25 time=1.14s device=cuda
INFO:src.estimators.masked_ae:[masked-ae] sweep lam=1.291549665014884 epoch 7/25 time=1.07s device=cuda
INFO:src.estimators.masked_ae:[masked-ae] sweep lam=1.291549665014884 epoch 8/25 time=1.07s device=cuda
INFO:src.estimators.masked_ae:[masked-ae] sweep lam=1.291549665014884 epoch 9/25 time=1.24s device=cuda
INFO:src.estimators.masked_ae:[masked-ae] sweep lam=1.291549665014884 epoch 10/25 time=1.11s device=cuda
INFO:src.estimators.masked_ae:[masked-ae] sweep lam=1.291549665014884 epoch 11/25 time=1.13s device=cuda
INFO:src.estimators.masked_ae:[masked-ae] sweep lam=1.291549665014884 epoch 12/25 time=1.27s device=cuda
INFO:src.estimators.masked_ae:[masked-ae] sweep lam=1.291549665014884 epoch 13/25 time=1.16s device=cuda
INFO:src.estimators.masked_ae:[masked-ae] sweep lam=1.291549665014884 epoch 14/25 time=1.12s device=cuda
INFO:src.estimators.masked_ae:[masked-ae] sweep lam=1.291549665014884 epoch 15/25 time=1.11s device=cuda
INFO:src.estimators.masked_ae:[masked-ae] sweep lam=1.291549665014884 epoch 16/25 time=1.18s device=cuda
INFO:src.estimators.masked_ae:[masked-ae] sweep lam=1.291549665014884 epoch 17/25 time=1.14s device=cuda
INFO:src.estimators.masked_ae:[masked-ae] sweep lam=1.291549665014884 epoch 18/25 time=1.18s device=cuda
INFO:src.estimators.masked_ae:[masked-ae] sweep lam=1.291549665014884 epoch 19/25 time=1.05s device=cuda
INFO:src.estimators.masked_ae:[masked-ae] sweep lam=1.291549665014884 epoch 20/25 time=1.19s device=cuda
INFO:src.estimators.masked_ae:[masked-ae] sweep lam=1.291549665014884 epoch 21/25 time=1.12s device=cuda
INFO:src.estimators.masked_ae:[masked-ae] sweep lam=1.291549665014884 epoch 22/25 time=1.06s device=cuda
INFO:src.estimators.masked_ae:[masked-ae] sweep lam=1.291549665014884 epoch 23/25 time=1.22s device=cuda
INFO:src.estimators.masked_ae:[masked-ae] sweep lam=1.291549665014884 epoch 24/25 time=1.09s device=cuda
INFO:src.estimators.masked_ae:[masked-ae] sweep lam=1.291549665014884 epoch 25/25 time=1.11s device=cuda
INFO:src.estimators.masked_ae:[masked-ae] sweep lam=2.1544346900318834 epoch 1/25 time=1.26s device=cuda
INFO:src.estimators.masked_ae:[masked-ae] sweep lam=2.1544346900318834 epoch 2/25 time=1.16s device=cuda
INFO:src.estimators.masked_ae:[masked-ae] sweep lam=2.1544346900318834 epoch 3/25 time=1.08s device=cuda
INFO:src.estimators.masked_ae:[masked-ae] sweep lam=2.1544346900318834 epoch 4/25 time=1.17s device=cuda
INFO:src.estimators.masked_ae:[masked-ae] sweep lam=2.1544346900318834 epoch 5/25 time=1.14s device=cuda
INFO:src.estimators.masked_ae:[masked-ae] sweep lam=2.1544346900318834 epoch 6/25 time=1.08s device=cuda
INFO:src.estimators.masked_ae:[masked-ae] sweep lam=2.1544346900318834 epoch 7/25 time=1.21s device=cuda
INFO:src.estimators.masked_ae:[masked-ae] sweep lam=2.1544346900318834 epoch 8/25 time=1.13s device=cuda
INFO:src.estimators.masked_ae:[masked-ae] sweep lam=2.1544346900318834 epoch 9/25 time=1.23s device=cuda
INFO:src.estimators.masked_ae:[masked-ae] sweep lam=2.1544346900318834 epoch 10/25 time=1.06s device=cuda
INFO:src.estimators.masked_ae:[masked-ae] sweep lam=2.1544346900318834 epoch 11/25 time=1.13s device=cuda
INFO:src.estimators.masked_ae:[masked-ae] sweep lam=2.1544346900318834 epoch 12/25 time=1.30s device=cuda
INFO:src.estimators.masked_ae:[masked-ae] sweep lam=2.1544346900318834 epoch 13/25 time=1.09s device=cuda
INFO:src.estimators.masked_ae:[masked-ae] sweep lam=2.1544346900318834 epoch 14/25 time=1.16s device=cuda
INFO:src.estimators.masked_ae:[masked-ae] sweep lam=2.1544346900318834 epoch 15/25 time=1.12s device=cuda
INFO:src.estimators.masked_ae:[masked-ae] sweep lam=2.1544346900318834 epoch 16/25 time=1.01s device=cuda
INFO:src.estimators.masked_ae:[masked-ae] sweep lam=2.1544346900318834 epoch 17/25 time=1.10s device=cuda
INFO:src.estimators.masked_ae:[masked-ae] sweep lam=2.1544346900318834 epoch 18/25 time=1.18s device=cuda
INFO:src.estimators.masked_ae:[masked-ae] sweep lam=2.1544346900318834 epoch 19/25 time=1.09s device=cuda
INFO:src.estimators.masked_ae:[masked-ae] sweep lam=2.1544346900318834 epoch 20/25 time=1.08s device=cuda
INFO:src.estimators.masked_ae:[masked-ae] sweep lam=2.1544346900318834 epoch 21/25 time=1.17s device=cuda
INFO:src.estimators.masked_ae:[masked-ae] sweep lam=2.1544346900318834 epoch 22/25 time=1.15s device=cuda
INFO:src.estimators.masked_ae:[masked-ae] sweep lam=2.1544346900318834 epoch 23/25 time=1.17s device=cuda
INFO:src.estimators.masked_ae:[masked-ae] sweep lam=2.1544346900318834 epoch 24/25 time=1.14s device=cuda
INFO:src.estimators.masked_ae:[masked-ae] sweep lam=2.1544346900318834 epoch 25/25 time=1.10s device=cuda
INFO:src.estimators.masked_ae:[masked-ae] sweep lam=3.593813663804626 epoch 1/25 time=1.14s device=cuda
INFO:src.estimators.masked_ae:[masked-ae] sweep lam=3.593813663804626 epoch 2/25 time=1.28s device=cuda
INFO:src.estimators.masked_ae:[masked-ae] sweep lam=3.593813663804626 epoch 3/25 time=1.05s device=cuda
INFO:src.estimators.masked_ae:[masked-ae] sweep lam=3.593813663804626 epoch 4/25 time=1.22s device=cuda
INFO:src.estimators.masked_ae:[masked-ae] sweep lam=3.593813663804626 epoch 5/25 time=1.21s device=cuda
INFO:src.estimators.masked_ae:[masked-ae] sweep lam=3.593813663804626 epoch 6/25 time=1.09s device=cuda
INFO:src.estimators.masked_ae:[masked-ae] sweep lam=3.593813663804626 epoch 7/25 time=1.14s device=cuda
INFO:src.estimators.masked_ae:[masked-ae] sweep lam=3.593813663804626 epoch 8/25 time=1.11s device=cuda
INFO:src.estimators.masked_ae:[masked-ae] sweep lam=3.593813663804626 epoch 9/25 time=1.08s device=cuda
INFO:src.estimators.masked_ae:[masked-ae] sweep lam=3.593813663804626 epoch 10/25 time=1.14s device=cuda
INFO:src.estimators.masked_ae:[masked-ae] sweep lam=3.593813663804626 epoch 11/25 time=1.10s device=cuda
INFO:src.estimators.masked_ae:[masked-ae] sweep lam=3.593813663804626 epoch 12/25 time=1.12s device=cuda
INFO:src.estimators.masked_ae:[masked-ae] sweep lam=3.593813663804626 epoch 13/25 time=1.17s device=cuda
INFO:src.estimators.masked_ae:[masked-ae] sweep lam=3.593813663804626 epoch 14/25 time=1.27s device=cuda
INFO:src.estimators.masked_ae:[masked-ae] sweep lam=3.593813663804626 epoch 15/25 time=1.10s device=cuda
INFO:src.estimators.masked_ae:[masked-ae] sweep lam=3.593813663804626 epoch 16/25 time=1.11s device=cuda
INFO:src.estimators.masked_ae:[masked-ae] sweep lam=3.593813663804626 epoch 17/25 time=1.10s device=cuda
INFO:src.estimators.masked_ae:[masked-ae] sweep lam=3.593813663804626 epoch 18/25 time=1.18s device=cuda
INFO:src.estimators.masked_ae:[masked-ae] sweep lam=3.593813663804626 epoch 19/25 time=1.30s device=cuda
INFO:src.estimators.masked_ae:[masked-ae] sweep lam=3.593813663804626 epoch 20/25 time=1.14s device=cuda
INFO:src.estimators.masked_ae:[masked-ae] sweep lam=3.593813663804626 epoch 21/25 time=1.24s device=cuda
INFO:src.estimators.masked_ae:[masked-ae] sweep lam=3.593813663804626 epoch 22/25 time=1.13s device=cuda
INFO:src.estimators.masked_ae:[masked-ae] sweep lam=3.593813663804626 epoch 23/25 time=1.14s device=cuda
INFO:src.estimators.masked_ae:[masked-ae] sweep lam=3.593813663804626 epoch 24/25 time=1.12s device=cuda
INFO:src.estimators.masked_ae:[masked-ae] sweep lam=3.593813663804626 epoch 25/25 time=1.14s device=cuda
INFO:src.estimators.masked_ae:[masked-ae] sweep lam=5.994842503189409 epoch 1/25 time=1.22s device=cuda
INFO:src.estimators.masked_ae:[masked-ae] sweep lam=5.994842503189409 epoch 2/25 time=1.11s device=cuda
INFO:src.estimators.masked_ae:[masked-ae] sweep lam=5.994842503189409 epoch 3/25 time=1.14s device=cuda
INFO:src.estimators.masked_ae:[masked-ae] sweep lam=5.994842503189409 epoch 4/25 time=1.08s device=cuda
INFO:src.estimators.masked_ae:[masked-ae] sweep lam=5.994842503189409 epoch 5/25 time=1.10s device=cuda
INFO:src.estimators.masked_ae:[masked-ae] sweep lam=5.994842503189409 epoch 6/25 time=1.24s device=cuda
INFO:src.estimators.masked_ae:[masked-ae] sweep lam=5.994842503189409 epoch 7/25 time=1.10s device=cuda
INFO:src.estimators.masked_ae:[masked-ae] sweep lam=5.994842503189409 epoch 8/25 time=1.09s device=cuda
INFO:src.estimators.masked_ae:[masked-ae] sweep lam=5.994842503189409 epoch 9/25 time=1.10s device=cuda
INFO:src.estimators.masked_ae:[masked-ae] sweep lam=5.994842503189409 epoch 10/25 time=1.11s device=cuda
INFO:src.estimators.masked_ae:[masked-ae] sweep lam=5.994842503189409 epoch 11/25 time=1.05s device=cuda
INFO:src.estimators.masked_ae:[masked-ae] sweep lam=5.994842503189409 epoch 12/25 time=1.16s device=cuda
INFO:src.estimators.masked_ae:[masked-ae] sweep lam=5.994842503189409 epoch 13/25 time=1.27s device=cuda
INFO:src.estimators.masked_ae:[masked-ae] sweep lam=5.994842503189409 epoch 14/25 time=1.20s device=cuda
INFO:src.estimators.masked_ae:[masked-ae] sweep lam=5.994842503189409 epoch 15/25 time=1.05s device=cuda
INFO:src.estimators.masked_ae:[masked-ae] sweep lam=5.994842503189409 epoch 16/25 time=1.25s device=cuda
INFO:src.estimators.masked_ae:[masked-ae] sweep lam=5.994842503189409 epoch 17/25 time=1.07s device=cuda
INFO:src.estimators.masked_ae:[masked-ae] sweep lam=5.994842503189409 epoch 18/25 time=1.16s device=cuda
INFO:src.estimators.masked_ae:[masked-ae] sweep lam=5.994842503189409 epoch 19/25 time=1.19s device=cuda
INFO:src.estimators.masked_ae:[masked-ae] sweep lam=5.994842503189409 epoch 20/25 time=1.16s device=cuda
INFO:src.estimators.masked_ae:[masked-ae] sweep lam=5.994842503189409 epoch 21/25 time=1.19s device=cuda
INFO:src.estimators.masked_ae:[masked-ae] sweep lam=5.994842503189409 epoch 22/25 time=1.02s device=cuda
INFO:src.estimators.masked_ae:[masked-ae] sweep lam=5.994842503189409 epoch 23/25 time=1.00s device=cuda
INFO:src.estimators.masked_ae:[masked-ae] sweep lam=5.994842503189409 epoch 24/25 time=1.18s device=cuda
INFO:src.estimators.masked_ae:[masked-ae] sweep lam=5.994842503189409 epoch 25/25 time=1.27s device=cuda
INFO:src.estimators.masked_ae:[masked-ae] sweep lam=10.0 epoch 1/25 time=1.18s device=cuda
INFO:src.estimators.masked_ae:[masked-ae] sweep lam=10.0 epoch 2/25 time=1.17s device=cuda
INFO:src.estimators.masked_ae:[masked-ae] sweep lam=10.0 epoch 3/25 time=1.22s device=cuda
INFO:src.estimators.masked_ae:[masked-ae] sweep lam=10.0 epoch 4/25 time=1.25s device=cuda
INFO:src.estimators.masked_ae:[masked-ae] sweep lam=10.0 epoch 5/25 time=1.16s device=cuda
INFO:src.estimators.masked_ae:[masked-ae] sweep lam=10.0 epoch 6/25 time=1.15s device=cuda
INFO:src.estimators.masked_ae:[masked-ae] sweep lam=10.0 epoch 7/25 time=1.10s device=cuda
INFO:src.estimators.masked_ae:[masked-ae] sweep lam=10.0 epoch 8/25 time=1.05s device=cuda
INFO:src.estimators.masked_ae:[masked-ae] sweep lam=10.0 epoch 9/25 time=1.17s device=cuda
INFO:src.estimators.masked_ae:[masked-ae] sweep lam=10.0 epoch 10/25 time=1.17s device=cuda
INFO:src.estimators.masked_ae:[masked-ae] sweep lam=10.0 epoch 11/25 time=1.43s device=cuda
INFO:src.estimators.masked_ae:[masked-ae] sweep lam=10.0 epoch 12/25 time=1.13s device=cuda
INFO:src.estimators.masked_ae:[masked-ae] sweep lam=10.0 epoch 13/25 time=1.10s device=cuda
INFO:src.estimators.masked_ae:[masked-ae] sweep lam=10.0 epoch 14/25 time=1.26s device=cuda
INFO:src.estimators.masked_ae:[masked-ae] sweep lam=10.0 epoch 15/25 time=1.08s device=cuda
INFO:src.estimators.masked_ae:[masked-ae] sweep lam=10.0 epoch 16/25 time=1.19s device=cuda
INFO:src.estimators.masked_ae:[masked-ae] sweep lam=10.0 epoch 17/25 time=1.20s device=cuda
INFO:src.estimators.masked_ae:[masked-ae] sweep lam=10.0 epoch 18/25 time=1.19s device=cuda
INFO:src.estimators.masked_ae:[masked-ae] sweep lam=10.0 epoch 19/25 time=1.01s device=cuda
INFO:src.estimators.masked_ae:[masked-ae] sweep lam=10.0 epoch 20/25 time=1.18s device=cuda
INFO:src.estimators.masked_ae:[masked-ae] sweep lam=10.0 epoch 21/25 time=1.17s device=cuda
INFO:src.estimators.masked_ae:[masked-ae] sweep lam=10.0 epoch 22/25 time=1.17s device=cuda
INFO:src.estimators.masked_ae:[masked-ae] sweep lam=10.0 epoch 23/25 time=1.10s device=cuda
INFO:src.estimators.masked_ae:[masked-ae] sweep lam=10.0 epoch 24/25 time=1.11s device=cuda
INFO:src.estimators.masked_ae:[masked-ae] sweep lam=10.0 epoch 25/25 time=1.04s device=cuda
INFO:src.estimators.masked_ae:[masked-ae] retrain epoch 1/35 time=1.00s device=cuda
INFO:src.estimators.masked_ae:[masked-ae] retrain epoch 2/35 time=0.98s device=cuda
INFO:src.estimators.masked_ae:[masked-ae] retrain epoch 3/35 time=1.21s device=cuda
INFO:src.estimators.masked_ae:[masked-ae] retrain epoch 4/35 time=1.13s device=cuda
INFO:src.estimators.masked_ae:[masked-ae] retrain epoch 5/35 time=1.24s device=cuda
INFO:src.estimators.masked_ae:[masked-ae] retrain epoch 6/35 time=1.16s device=cuda
INFO:src.estimators.masked_ae:[masked-ae] retrain epoch 7/35 time=1.26s device=cuda
INFO:src.estimators.masked_ae:[masked-ae] retrain epoch 8/35 time=1.13s device=cuda
INFO:src.estimators.masked_ae:[masked-ae] retrain epoch 9/35 time=1.21s device=cuda
INFO:src.estimators.masked_ae:[masked-ae] retrain epoch 10/35 time=1.26s device=cuda
INFO:src.estimators.masked_ae:[masked-ae] retrain epoch 11/35 time=1.15s device=cuda
INFO:src.estimators.masked_ae:[masked-ae] retrain epoch 12/35 time=1.17s device=cuda
INFO:src.estimators.masked_ae:[masked-ae] retrain epoch 13/35 time=1.02s device=cuda
INFO:src.estimators.masked_ae:[masked-ae] retrain epoch 14/35 time=1.02s device=cuda
INFO:src.estimators.masked_ae:[masked-ae] retrain epoch 15/35 time=1.05s device=cuda
INFO:src.estimators.masked_ae:[masked-ae] retrain epoch 16/35 time=1.14s device=cuda
INFO:src.estimators.masked_ae:[masked-ae] retrain epoch 17/35 time=1.11s device=cuda
INFO:src.estimators.masked_ae:[masked-ae] retrain epoch 18/35 time=1.01s device=cuda
INFO:src.estimators.masked_ae:[masked-ae] retrain epoch 19/35 time=1.04s device=cuda
INFO:src.estimators.masked_ae:[masked-ae] retrain epoch 20/35 time=1.12s device=cuda
INFO:src.estimators.masked_ae:[masked-ae] retrain epoch 21/35 time=1.17s device=cuda
INFO:src.estimators.masked_ae:[masked-ae] retrain epoch 22/35 time=1.23s device=cuda
INFO:src.estimators.masked_ae:[masked-ae] retrain epoch 23/35 time=1.13s device=cuda
INFO:src.estimators.masked_ae:[masked-ae] retrain epoch 24/35 time=1.14s device=cuda
INFO:src.estimators.masked_ae:[masked-ae] retrain epoch 25/35 time=1.19s device=cuda
INFO:src.estimators.masked_ae:[masked-ae] retrain epoch 26/35 time=1.11s device=cuda
INFO:src.estimators.masked_ae:[masked-ae] retrain epoch 27/35 time=1.15s device=cuda
INFO:src.estimators.masked_ae:[masked-ae] retrain epoch 28/35 time=1.12s device=cuda
INFO:src.estimators.masked_ae:[masked-ae] retrain epoch 29/35 time=1.05s device=cuda
INFO:src.estimators.masked_ae:[masked-ae] retrain epoch 30/35 time=1.14s device=cuda
INFO:src.estimators.masked_ae:[masked-ae] retrain epoch 31/35 time=1.02s device=cuda
INFO:src.estimators.masked_ae:[masked-ae] retrain epoch 32/35 time=1.10s device=cuda
INFO:src.estimators.masked_ae:[masked-ae] retrain epoch 33/35 time=1.14s device=cuda
INFO:src.estimators.masked_ae:[masked-ae] retrain epoch 34/35 time=1.01s device=cuda
INFO:src.estimators.masked_ae:[masked-ae] retrain epoch 35/35 time=1.00s device=cuda
INFO:repair_masked_ae:Group ('mnist', 7, 0.5, 1) repaired: estimate=14.0 elapsed_s=341.66 device=cuda samples=60000 rows=5
INFO:repair_masked_ae:Processing group key=('mnist', 7, 0.75, 1) with 5 rows; example row 310
INFO:src.estimators.masked_ae:[masked-ae] pretrain epoch 1/10 time=1.01s device=cuda
INFO:src.estimators.masked_ae:[masked-ae] pretrain epoch 2/10 time=1.03s device=cuda
INFO:src.estimators.masked_ae:[masked-ae] pretrain epoch 3/10 time=0.95s device=cuda
INFO:src.estimators.masked_ae:[masked-ae] pretrain epoch 4/10 time=1.13s device=cuda
INFO:src.estimators.masked_ae:[masked-ae] pretrain epoch 5/10 time=1.10s device=cuda
INFO:src.estimators.masked_ae:[masked-ae] pretrain epoch 6/10 time=0.93s device=cuda
INFO:src.estimators.masked_ae:[masked-ae] pretrain epoch 7/10 time=0.97s device=cuda
INFO:src.estimators.masked_ae:[masked-ae] pretrain epoch 8/10 time=0.99s device=cuda
INFO:src.estimators.masked_ae:[masked-ae] pretrain epoch 9/10 time=1.02s device=cuda
INFO:src.estimators.masked_ae:[masked-ae] pretrain epoch 10/10 time=1.15s device=cuda
INFO:src.estimators.masked_ae:[masked-ae] sweep lam=0.1 epoch 1/25 time=1.10s device=cuda
INFO:src.estimators.masked_ae:[masked-ae] sweep lam=0.1 epoch 2/25 time=1.13s device=cuda
INFO:src.estimators.masked_ae:[masked-ae] sweep lam=0.1 epoch 3/25 time=1.09s device=cuda
INFO:src.estimators.masked_ae:[masked-ae] sweep lam=0.1 epoch 4/25 time=1.26s device=cuda
INFO:src.estimators.masked_ae:[masked-ae] sweep lam=0.1 epoch 5/25 time=1.15s device=cuda
INFO:src.estimators.masked_ae:[masked-ae] sweep lam=0.1 epoch 6/25 time=1.19s device=cuda
INFO:src.estimators.masked_ae:[masked-ae] sweep lam=0.1 epoch 7/25 time=1.32s device=cuda
INFO:src.estimators.masked_ae:[masked-ae] sweep lam=0.1 epoch 8/25 time=1.21s device=cuda
INFO:src.estimators.masked_ae:[masked-ae] sweep lam=0.1 epoch 9/25 time=1.06s device=cuda
INFO:src.estimators.masked_ae:[masked-ae] sweep lam=0.1 epoch 10/25 time=1.33s device=cuda
INFO:src.estimators.masked_ae:[masked-ae] sweep lam=0.1 epoch 11/25 time=1.21s device=cuda
INFO:src.estimators.masked_ae:[masked-ae] sweep lam=0.1 epoch 12/25 time=1.06s device=cuda
INFO:src.estimators.masked_ae:[masked-ae] sweep lam=0.1 epoch 13/25 time=1.21s device=cuda
INFO:src.estimators.masked_ae:[masked-ae] sweep lam=0.1 epoch 14/25 time=1.01s device=cuda
INFO:src.estimators.masked_ae:[masked-ae] sweep lam=0.1 epoch 15/25 time=1.07s device=cuda
INFO:src.estimators.masked_ae:[masked-ae] sweep lam=0.1 epoch 16/25 time=1.13s device=cuda
INFO:src.estimators.masked_ae:[masked-ae] sweep lam=0.1 epoch 17/25 time=1.20s device=cuda
INFO:src.estimators.masked_ae:[masked-ae] sweep lam=0.1 epoch 18/25 time=1.19s device=cuda
INFO:src.estimators.masked_ae:[masked-ae] sweep lam=0.1 epoch 19/25 time=1.15s device=cuda
INFO:src.estimators.masked_ae:[masked-ae] sweep lam=0.1 epoch 20/25 time=1.18s device=cuda
INFO:src.estimators.masked_ae:[masked-ae] sweep lam=0.1 epoch 21/25 time=1.25s device=cuda
INFO:src.estimators.masked_ae:[masked-ae] sweep lam=0.1 epoch 22/25 time=1.43s device=cuda
INFO:src.estimators.masked_ae:[masked-ae] sweep lam=0.1 epoch 23/25 time=1.11s device=cuda
INFO:src.estimators.masked_ae:[masked-ae] sweep lam=0.1 epoch 24/25 time=1.20s device=cuda
INFO:src.estimators.masked_ae:[masked-ae] sweep lam=0.1 epoch 25/25 time=1.09s device=cuda
INFO:src.estimators.masked_ae:[masked-ae] sweep lam=0.16681005372000587 epoch 1/25 time=1.24s device=cuda
INFO:src.estimators.masked_ae:[masked-ae] sweep lam=0.16681005372000587 epoch 2/25 time=1.06s device=cuda
INFO:src.estimators.masked_ae:[masked-ae] sweep lam=0.16681005372000587 epoch 3/25 time=1.20s device=cuda
INFO:src.estimators.masked_ae:[masked-ae] sweep lam=0.16681005372000587 epoch 4/25 time=1.20s device=cuda
INFO:src.estimators.masked_ae:[masked-ae] sweep lam=0.16681005372000587 epoch 5/25 time=1.13s device=cuda
INFO:src.estimators.masked_ae:[masked-ae] sweep lam=0.16681005372000587 epoch 6/25 time=1.11s device=cuda
INFO:src.estimators.masked_ae:[masked-ae] sweep lam=0.16681005372000587 epoch 7/25 time=1.24s device=cuda
INFO:src.estimators.masked_ae:[masked-ae] sweep lam=0.16681005372000587 epoch 8/25 time=1.12s device=cuda
INFO:src.estimators.masked_ae:[masked-ae] sweep lam=0.16681005372000587 epoch 9/25 time=1.14s device=cuda
INFO:src.estimators.masked_ae:[masked-ae] sweep lam=0.16681005372000587 epoch 10/25 time=1.26s device=cuda
INFO:src.estimators.masked_ae:[masked-ae] sweep lam=0.16681005372000587 epoch 11/25 time=1.09s device=cuda
INFO:src.estimators.masked_ae:[masked-ae] sweep lam=0.16681005372000587 epoch 12/25 time=1.22s device=cuda
INFO:src.estimators.masked_ae:[masked-ae] sweep lam=0.16681005372000587 epoch 13/25 time=1.10s device=cuda
INFO:src.estimators.masked_ae:[masked-ae] sweep lam=0.16681005372000587 epoch 14/25 time=1.12s device=cuda
INFO:src.estimators.masked_ae:[masked-ae] sweep lam=0.16681005372000587 epoch 15/25 time=1.06s device=cuda
INFO:src.estimators.masked_ae:[masked-ae] sweep lam=0.16681005372000587 epoch 16/25 time=1.12s device=cuda
INFO:src.estimators.masked_ae:[masked-ae] sweep lam=0.16681005372000587 epoch 17/25 time=1.22s device=cuda
INFO:src.estimators.masked_ae:[masked-ae] sweep lam=0.16681005372000587 epoch 18/25 time=1.23s device=cuda
INFO:src.estimators.masked_ae:[masked-ae] sweep lam=0.16681005372000587 epoch 19/25 time=1.19s device=cuda
INFO:src.estimators.masked_ae:[masked-ae] sweep lam=0.16681005372000587 epoch 20/25 time=1.09s device=cuda
INFO:src.estimators.masked_ae:[masked-ae] sweep lam=0.16681005372000587 epoch 21/25 time=1.15s device=cuda
INFO:src.estimators.masked_ae:[masked-ae] sweep lam=0.16681005372000587 epoch 22/25 time=1.10s device=cuda
INFO:src.estimators.masked_ae:[masked-ae] sweep lam=0.16681005372000587 epoch 23/25 time=1.11s device=cuda
INFO:src.estimators.masked_ae:[masked-ae] sweep lam=0.16681005372000587 epoch 24/25 time=1.13s device=cuda
INFO:src.estimators.masked_ae:[masked-ae] sweep lam=0.16681005372000587 epoch 25/25 time=1.17s device=cuda
INFO:src.estimators.masked_ae:[masked-ae] sweep lam=0.2782559402207124 epoch 1/25 time=1.18s device=cuda
INFO:src.estimators.masked_ae:[masked-ae] sweep lam=0.2782559402207124 epoch 2/25 time=1.15s device=cuda
INFO:src.estimators.masked_ae:[masked-ae] sweep lam=0.2782559402207124 epoch 3/25 time=1.23s device=cuda
INFO:src.estimators.masked_ae:[masked-ae] sweep lam=0.2782559402207124 epoch 4/25 time=1.13s device=cuda
INFO:src.estimators.masked_ae:[masked-ae] sweep lam=0.2782559402207124 epoch 5/25 time=1.14s device=cuda
INFO:src.estimators.masked_ae:[masked-ae] sweep lam=0.2782559402207124 epoch 6/25 time=1.10s device=cuda
INFO:src.estimators.masked_ae:[masked-ae] sweep lam=0.2782559402207124 epoch 7/25 time=1.15s device=cuda
INFO:src.estimators.masked_ae:[masked-ae] sweep lam=0.2782559402207124 epoch 8/25 time=1.13s device=cuda
INFO:src.estimators.masked_ae:[masked-ae] sweep lam=0.2782559402207124 epoch 9/25 time=1.09s device=cuda
INFO:src.estimators.masked_ae:[masked-ae] sweep lam=0.2782559402207124 epoch 10/25 time=1.17s device=cuda
INFO:src.estimators.masked_ae:[masked-ae] sweep lam=0.2782559402207124 epoch 11/25 time=1.19s device=cuda
INFO:src.estimators.masked_ae:[masked-ae] sweep lam=0.2782559402207124 epoch 12/25 time=1.04s device=cuda
INFO:src.estimators.masked_ae:[masked-ae] sweep lam=0.2782559402207124 epoch 13/25 time=1.30s device=cuda
INFO:src.estimators.masked_ae:[masked-ae] sweep lam=0.2782559402207124 epoch 14/25 time=1.17s device=cuda
INFO:src.estimators.masked_ae:[masked-ae] sweep lam=0.2782559402207124 epoch 15/25 time=1.14s device=cuda
INFO:src.estimators.masked_ae:[masked-ae] sweep lam=0.2782559402207124 epoch 16/25 time=1.14s device=cuda
INFO:src.estimators.masked_ae:[masked-ae] sweep lam=0.2782559402207124 epoch 17/25 time=1.12s device=cuda
INFO:src.estimators.masked_ae:[masked-ae] sweep lam=0.2782559402207124 epoch 18/25 time=1.06s device=cuda
INFO:src.estimators.masked_ae:[masked-ae] sweep lam=0.2782559402207124 epoch 19/25 time=1.09s device=cuda
INFO:src.estimators.masked_ae:[masked-ae] sweep lam=0.2782559402207124 epoch 20/25 time=1.13s device=cuda
INFO:src.estimators.masked_ae:[masked-ae] sweep lam=0.2782559402207124 epoch 21/25 time=1.15s device=cuda
INFO:src.estimators.masked_ae:[masked-ae] sweep lam=0.2782559402207124 epoch 22/25 time=1.06s device=cuda
INFO:src.estimators.masked_ae:[masked-ae] sweep lam=0.2782559402207124 epoch 23/25 time=1.06s device=cuda
INFO:src.estimators.masked_ae:[masked-ae] sweep lam=0.2782559402207124 epoch 24/25 time=1.30s device=cuda
INFO:src.estimators.masked_ae:[masked-ae] sweep lam=0.2782559402207124 epoch 25/25 time=1.30s device=cuda
INFO:src.estimators.masked_ae:[masked-ae] sweep lam=0.46415888336127786 epoch 1/25 time=1.10s device=cuda
INFO:src.estimators.masked_ae:[masked-ae] sweep lam=0.46415888336127786 epoch 2/25 time=1.07s device=cuda
INFO:src.estimators.masked_ae:[masked-ae] sweep lam=0.46415888336127786 epoch 3/25 time=1.10s device=cuda
INFO:src.estimators.masked_ae:[masked-ae] sweep lam=0.46415888336127786 epoch 4/25 time=1.11s device=cuda
INFO:src.estimators.masked_ae:[masked-ae] sweep lam=0.46415888336127786 epoch 5/25 time=1.18s device=cuda
INFO:src.estimators.masked_ae:[masked-ae] sweep lam=0.46415888336127786 epoch 6/25 time=1.04s device=cuda
INFO:src.estimators.masked_ae:[masked-ae] sweep lam=0.46415888336127786 epoch 7/25 time=1.21s device=cuda
INFO:src.estimators.masked_ae:[masked-ae] sweep lam=0.46415888336127786 epoch 8/25 time=1.13s device=cuda
INFO:src.estimators.masked_ae:[masked-ae] sweep lam=0.46415888336127786 epoch 9/25 time=1.07s device=cuda
INFO:src.estimators.masked_ae:[masked-ae] sweep lam=0.46415888336127786 epoch 10/25 time=1.11s device=cuda
INFO:src.estimators.masked_ae:[masked-ae] sweep lam=0.46415888336127786 epoch 11/25 time=1.13s device=cuda
INFO:src.estimators.masked_ae:[masked-ae] sweep lam=0.46415888336127786 epoch 12/25 time=1.06s device=cuda
INFO:src.estimators.masked_ae:[masked-ae] sweep lam=0.46415888336127786 epoch 13/25 time=1.12s device=cuda
INFO:src.estimators.masked_ae:[masked-ae] sweep lam=0.46415888336127786 epoch 14/25 time=1.14s device=cuda
INFO:src.estimators.masked_ae:[masked-ae] sweep lam=0.46415888336127786 epoch 15/25 time=1.11s device=cuda
INFO:src.estimators.masked_ae:[masked-ae] sweep lam=0.46415888336127786 epoch 16/25 time=1.16s device=cuda
INFO:src.estimators.masked_ae:[masked-ae] sweep lam=0.46415888336127786 epoch 17/25 time=1.35s device=cuda
INFO:src.estimators.masked_ae:[masked-ae] sweep lam=0.46415888336127786 epoch 18/25 time=1.14s device=cuda
INFO:src.estimators.masked_ae:[masked-ae] sweep lam=0.46415888336127786 epoch 19/25 time=1.07s device=cuda
INFO:src.estimators.masked_ae:[masked-ae] sweep lam=0.46415888336127786 epoch 20/25 time=1.07s device=cuda
INFO:src.estimators.masked_ae:[masked-ae] sweep lam=0.46415888336127786 epoch 21/25 time=1.20s device=cuda
INFO:src.estimators.masked_ae:[masked-ae] sweep lam=0.46415888336127786 epoch 22/25 time=1.15s device=cuda
INFO:src.estimators.masked_ae:[masked-ae] sweep lam=0.46415888336127786 epoch 23/25 time=1.20s device=cuda
INFO:src.estimators.masked_ae:[masked-ae] sweep lam=0.46415888336127786 epoch 24/25 time=1.33s device=cuda
INFO:src.estimators.masked_ae:[masked-ae] sweep lam=0.46415888336127786 epoch 25/25 time=1.22s device=cuda
INFO:src.estimators.masked_ae:[masked-ae] sweep lam=0.774263682681127 epoch 1/25 time=1.13s device=cuda
INFO:src.estimators.masked_ae:[masked-ae] sweep lam=0.774263682681127 epoch 2/25 time=1.19s device=cuda
INFO:src.estimators.masked_ae:[masked-ae] sweep lam=0.774263682681127 epoch 3/25 time=1.10s device=cuda
INFO:src.estimators.masked_ae:[masked-ae] sweep lam=0.774263682681127 epoch 4/25 time=1.10s device=cuda
INFO:src.estimators.masked_ae:[masked-ae] sweep lam=0.774263682681127 epoch 5/25 time=1.19s device=cuda
INFO:src.estimators.masked_ae:[masked-ae] sweep lam=0.774263682681127 epoch 6/25 time=1.17s device=cuda
INFO:src.estimators.masked_ae:[masked-ae] sweep lam=0.774263682681127 epoch 7/25 time=1.09s device=cuda
INFO:src.estimators.masked_ae:[masked-ae] sweep lam=0.774263682681127 epoch 8/25 time=1.07s device=cuda
INFO:src.estimators.masked_ae:[masked-ae] sweep lam=0.774263682681127 epoch 9/25 time=1.15s device=cuda
INFO:src.estimators.masked_ae:[masked-ae] sweep lam=0.774263682681127 epoch 10/25 time=1.13s device=cuda
INFO:src.estimators.masked_ae:[masked-ae] sweep lam=0.774263682681127 epoch 11/25 time=1.15s device=cuda
INFO:src.estimators.masked_ae:[masked-ae] sweep lam=0.774263682681127 epoch 12/25 time=1.13s device=cuda
INFO:src.estimators.masked_ae:[masked-ae] sweep lam=0.774263682681127 epoch 13/25 time=1.10s device=cuda
INFO:src.estimators.masked_ae:[masked-ae] sweep lam=0.774263682681127 epoch 14/25 time=1.10s device=cuda
INFO:src.estimators.masked_ae:[masked-ae] sweep lam=0.774263682681127 epoch 15/25 time=1.06s device=cuda
INFO:src.estimators.masked_ae:[masked-ae] sweep lam=0.774263682681127 epoch 16/25 time=1.16s device=cuda
INFO:src.estimators.masked_ae:[masked-ae] sweep lam=0.774263682681127 epoch 17/25 time=1.08s device=cuda
INFO:src.estimators.masked_ae:[masked-ae] sweep lam=0.774263682681127 epoch 18/25 time=1.16s device=cuda
INFO:src.estimators.masked_ae:[masked-ae] sweep lam=0.774263682681127 epoch 19/25 time=1.01s device=cuda
INFO:src.estimators.masked_ae:[masked-ae] sweep lam=0.774263682681127 epoch 20/25 time=1.14s device=cuda
INFO:src.estimators.masked_ae:[masked-ae] sweep lam=0.774263682681127 epoch 21/25 time=1.15s device=cuda
INFO:src.estimators.masked_ae:[masked-ae] sweep lam=0.774263682681127 epoch 22/25 time=1.10s device=cuda
INFO:src.estimators.masked_ae:[masked-ae] sweep lam=0.774263682681127 epoch 23/25 time=1.08s device=cuda
INFO:src.estimators.masked_ae:[masked-ae] sweep lam=0.774263682681127 epoch 24/25 time=1.13s device=cuda
INFO:src.estimators.masked_ae:[masked-ae] sweep lam=0.774263682681127 epoch 25/25 time=1.10s device=cuda
INFO:src.estimators.masked_ae:[masked-ae] sweep lam=1.291549665014884 epoch 1/25 time=1.14s device=cuda
INFO:src.estimators.masked_ae:[masked-ae] sweep lam=1.291549665014884 epoch 2/25 time=1.11s device=cuda
INFO:src.estimators.masked_ae:[masked-ae] sweep lam=1.291549665014884 epoch 3/25 time=1.17s device=cuda
INFO:src.estimators.masked_ae:[masked-ae] sweep lam=1.291549665014884 epoch 4/25 time=1.15s device=cuda
INFO:src.estimators.masked_ae:[masked-ae] sweep lam=1.291549665014884 epoch 5/25 time=1.09s device=cuda
INFO:src.estimators.masked_ae:[masked-ae] sweep lam=1.291549665014884 epoch 6/25 time=1.07s device=cuda
INFO:src.estimators.masked_ae:[masked-ae] sweep lam=1.291549665014884 epoch 7/25 time=1.10s device=cuda
INFO:src.estimators.masked_ae:[masked-ae] sweep lam=1.291549665014884 epoch 8/25 time=1.10s device=cuda
INFO:src.estimators.masked_ae:[masked-ae] sweep lam=1.291549665014884 epoch 9/25 time=1.12s device=cuda
INFO:src.estimators.masked_ae:[masked-ae] sweep lam=1.291549665014884 epoch 10/25 time=1.21s device=cuda
INFO:src.estimators.masked_ae:[masked-ae] sweep lam=1.291549665014884 epoch 11/25 time=1.24s device=cuda
INFO:src.estimators.masked_ae:[masked-ae] sweep lam=1.291549665014884 epoch 12/25 time=1.11s device=cuda
INFO:src.estimators.masked_ae:[masked-ae] sweep lam=1.291549665014884 epoch 13/25 time=1.21s device=cuda
INFO:src.estimators.masked_ae:[masked-ae] sweep lam=1.291549665014884 epoch 14/25 time=1.11s device=cuda
INFO:src.estimators.masked_ae:[masked-ae] sweep lam=1.291549665014884 epoch 15/25 time=1.17s device=cuda
INFO:src.estimators.masked_ae:[masked-ae] sweep lam=1.291549665014884 epoch 16/25 time=1.16s device=cuda
INFO:src.estimators.masked_ae:[masked-ae] sweep lam=1.291549665014884 epoch 17/25 time=1.08s device=cuda
INFO:src.estimators.masked_ae:[masked-ae] sweep lam=1.291549665014884 epoch 18/25 time=1.12s device=cuda
INFO:src.estimators.masked_ae:[masked-ae] sweep lam=1.291549665014884 epoch 19/25 time=1.10s device=cuda
INFO:src.estimators.masked_ae:[masked-ae] sweep lam=1.291549665014884 epoch 20/25 time=1.10s device=cuda
INFO:src.estimators.masked_ae:[masked-ae] sweep lam=1.291549665014884 epoch 21/25 time=1.17s device=cuda
INFO:src.estimators.masked_ae:[masked-ae] sweep lam=1.291549665014884 epoch 22/25 time=1.29s device=cuda
INFO:src.estimators.masked_ae:[masked-ae] sweep lam=1.291549665014884 epoch 23/25 time=1.14s device=cuda
INFO:src.estimators.masked_ae:[masked-ae] sweep lam=1.291549665014884 epoch 24/25 time=1.18s device=cuda
INFO:src.estimators.masked_ae:[masked-ae] sweep lam=1.291549665014884 epoch 25/25 time=1.08s device=cuda
INFO:src.estimators.masked_ae:[masked-ae] sweep lam=2.1544346900318834 epoch 1/25 time=1.30s device=cuda
INFO:src.estimators.masked_ae:[masked-ae] sweep lam=2.1544346900318834 epoch 2/25 time=1.09s device=cuda
INFO:src.estimators.masked_ae:[masked-ae] sweep lam=2.1544346900318834 epoch 3/25 time=1.10s device=cuda
INFO:src.estimators.masked_ae:[masked-ae] sweep lam=2.1544346900318834 epoch 4/25 time=1.20s device=cuda
INFO:src.estimators.masked_ae:[masked-ae] sweep lam=2.1544346900318834 epoch 5/25 time=1.26s device=cuda
INFO:src.estimators.masked_ae:[masked-ae] sweep lam=2.1544346900318834 epoch 6/25 time=1.19s device=cuda
INFO:src.estimators.masked_ae:[masked-ae] sweep lam=2.1544346900318834 epoch 7/25 time=1.28s device=cuda
INFO:src.estimators.masked_ae:[masked-ae] sweep lam=2.1544346900318834 epoch 8/25 time=1.09s device=cuda
INFO:src.estimators.masked_ae:[masked-ae] sweep lam=2.1544346900318834 epoch 9/25 time=1.05s device=cuda
INFO:src.estimators.masked_ae:[masked-ae] sweep lam=2.1544346900318834 epoch 10/25 time=1.14s device=cuda
INFO:src.estimators.masked_ae:[masked-ae] sweep lam=2.1544346900318834 epoch 11/25 time=1.25s device=cuda
INFO:src.estimators.masked_ae:[masked-ae] sweep lam=2.1544346900318834 epoch 12/25 time=1.14s device=cuda
INFO:src.estimators.masked_ae:[masked-ae] sweep lam=2.1544346900318834 epoch 13/25 time=1.16s device=cuda
INFO:src.estimators.masked_ae:[masked-ae] sweep lam=2.1544346900318834 epoch 14/25 time=1.07s device=cuda
INFO:src.estimators.masked_ae:[masked-ae] sweep lam=2.1544346900318834 epoch 15/25 time=1.19s device=cuda
INFO:src.estimators.masked_ae:[masked-ae] sweep lam=2.1544346900318834 epoch 16/25 time=1.10s device=cuda
INFO:src.estimators.masked_ae:[masked-ae] sweep lam=2.1544346900318834 epoch 17/25 time=1.16s device=cuda
INFO:src.estimators.masked_ae:[masked-ae] sweep lam=2.1544346900318834 epoch 18/25 time=1.06s device=cuda
INFO:src.estimators.masked_ae:[masked-ae] sweep lam=2.1544346900318834 epoch 19/25 time=1.15s device=cuda
INFO:src.estimators.masked_ae:[masked-ae] sweep lam=2.1544346900318834 epoch 20/25 time=1.11s device=cuda
INFO:src.estimators.masked_ae:[masked-ae] sweep lam=2.1544346900318834 epoch 21/25 time=1.22s device=cuda
INFO:src.estimators.masked_ae:[masked-ae] sweep lam=2.1544346900318834 epoch 22/25 time=1.08s device=cuda
INFO:src.estimators.masked_ae:[masked-ae] sweep lam=2.1544346900318834 epoch 23/25 time=1.07s device=cuda
INFO:src.estimators.masked_ae:[masked-ae] sweep lam=2.1544346900318834 epoch 24/25 time=1.18s device=cuda
INFO:src.estimators.masked_ae:[masked-ae] sweep lam=2.1544346900318834 epoch 25/25 time=1.18s device=cuda
INFO:src.estimators.masked_ae:[masked-ae] sweep lam=3.593813663804626 epoch 1/25 time=1.17s device=cuda
INFO:src.estimators.masked_ae:[masked-ae] sweep lam=3.593813663804626 epoch 2/25 time=1.18s device=cuda
INFO:src.estimators.masked_ae:[masked-ae] sweep lam=3.593813663804626 epoch 3/25 time=1.14s device=cuda
INFO:src.estimators.masked_ae:[masked-ae] sweep lam=3.593813663804626 epoch 4/25 time=1.21s device=cuda
INFO:src.estimators.masked_ae:[masked-ae] sweep lam=3.593813663804626 epoch 5/25 time=1.14s device=cuda
INFO:src.estimators.masked_ae:[masked-ae] sweep lam=3.593813663804626 epoch 6/25 time=1.13s device=cuda
INFO:src.estimators.masked_ae:[masked-ae] sweep lam=3.593813663804626 epoch 7/25 time=1.06s device=cuda
INFO:src.estimators.masked_ae:[masked-ae] sweep lam=3.593813663804626 epoch 8/25 time=1.09s device=cuda
INFO:src.estimators.masked_ae:[masked-ae] sweep lam=3.593813663804626 epoch 9/25 time=1.17s device=cuda
INFO:src.estimators.masked_ae:[masked-ae] sweep lam=3.593813663804626 epoch 10/25 time=1.10s device=cuda
INFO:src.estimators.masked_ae:[masked-ae] sweep lam=3.593813663804626 epoch 11/25 time=1.22s device=cuda
INFO:src.estimators.masked_ae:[masked-ae] sweep lam=3.593813663804626 epoch 12/25 time=1.18s device=cuda
INFO:src.estimators.masked_ae:[masked-ae] sweep lam=3.593813663804626 epoch 13/25 time=1.17s device=cuda
INFO:src.estimators.masked_ae:[masked-ae] sweep lam=3.593813663804626 epoch 14/25 time=1.10s device=cuda
INFO:src.estimators.masked_ae:[masked-ae] sweep lam=3.593813663804626 epoch 15/25 time=1.05s device=cuda
INFO:src.estimators.masked_ae:[masked-ae] sweep lam=3.593813663804626 epoch 16/25 time=1.21s device=cuda
INFO:src.estimators.masked_ae:[masked-ae] sweep lam=3.593813663804626 epoch 17/25 time=1.30s device=cuda
INFO:src.estimators.masked_ae:[masked-ae] sweep lam=3.593813663804626 epoch 18/25 time=1.12s device=cuda
INFO:src.estimators.masked_ae:[masked-ae] sweep lam=3.593813663804626 epoch 19/25 time=1.54s device=cuda
INFO:src.estimators.masked_ae:[masked-ae] sweep lam=3.593813663804626 epoch 20/25 time=1.38s device=cuda
INFO:src.estimators.masked_ae:[masked-ae] sweep lam=3.593813663804626 epoch 21/25 time=1.18s device=cuda
INFO:src.estimators.masked_ae:[masked-ae] sweep lam=3.593813663804626 epoch 22/25 time=1.18s device=cuda
INFO:src.estimators.masked_ae:[masked-ae] sweep lam=3.593813663804626 epoch 23/25 time=1.17s device=cuda
INFO:src.estimators.masked_ae:[masked-ae] sweep lam=3.593813663804626 epoch 24/25 time=1.19s device=cuda
INFO:src.estimators.masked_ae:[masked-ae] sweep lam=3.593813663804626 epoch 25/25 time=1.12s device=cuda
INFO:src.estimators.masked_ae:[masked-ae] sweep lam=5.994842503189409 epoch 1/25 time=1.14s device=cuda
INFO:src.estimators.masked_ae:[masked-ae] sweep lam=5.994842503189409 epoch 2/25 time=1.23s device=cuda
INFO:src.estimators.masked_ae:[masked-ae] sweep lam=5.994842503189409 epoch 3/25 time=1.08s device=cuda
INFO:src.estimators.masked_ae:[masked-ae] sweep lam=5.994842503189409 epoch 4/25 time=1.09s device=cuda
INFO:src.estimators.masked_ae:[masked-ae] sweep lam=5.994842503189409 epoch 5/25 time=1.09s device=cuda
INFO:src.estimators.masked_ae:[masked-ae] sweep lam=5.994842503189409 epoch 6/25 time=1.07s device=cuda
INFO:src.estimators.masked_ae:[masked-ae] sweep lam=5.994842503189409 epoch 7/25 time=1.05s device=cuda
INFO:src.estimators.masked_ae:[masked-ae] sweep lam=5.994842503189409 epoch 8/25 time=1.11s device=cuda
INFO:src.estimators.masked_ae:[masked-ae] sweep lam=5.994842503189409 epoch 9/25 time=1.15s device=cuda
INFO:src.estimators.masked_ae:[masked-ae] sweep lam=5.994842503189409 epoch 10/25 time=1.18s device=cuda
INFO:src.estimators.masked_ae:[masked-ae] sweep lam=5.994842503189409 epoch 11/25 time=1.15s device=cuda
INFO:src.estimators.masked_ae:[masked-ae] sweep lam=5.994842503189409 epoch 12/25 time=1.08s device=cuda
INFO:src.estimators.masked_ae:[masked-ae] sweep lam=5.994842503189409 epoch 13/25 time=1.18s device=cuda
INFO:src.estimators.masked_ae:[masked-ae] sweep lam=5.994842503189409 epoch 14/25 time=1.20s device=cuda
INFO:src.estimators.masked_ae:[masked-ae] sweep lam=5.994842503189409 epoch 15/25 time=1.21s device=cuda
INFO:src.estimators.masked_ae:[masked-ae] sweep lam=5.994842503189409 epoch 16/25 time=1.27s device=cuda
INFO:src.estimators.masked_ae:[masked-ae] sweep lam=5.994842503189409 epoch 17/25 time=1.26s device=cuda
INFO:src.estimators.masked_ae:[masked-ae] sweep lam=5.994842503189409 epoch 18/25 time=1.14s device=cuda
INFO:src.estimators.masked_ae:[masked-ae] sweep lam=5.994842503189409 epoch 19/25 time=1.25s device=cuda
INFO:src.estimators.masked_ae:[masked-ae] sweep lam=5.994842503189409 epoch 20/25 time=1.09s device=cuda
INFO:src.estimators.masked_ae:[masked-ae] sweep lam=5.994842503189409 epoch 21/25 time=1.19s device=cuda
INFO:src.estimators.masked_ae:[masked-ae] sweep lam=5.994842503189409 epoch 22/25 time=1.09s device=cuda
INFO:src.estimators.masked_ae:[masked-ae] sweep lam=5.994842503189409 epoch 23/25 time=1.09s device=cuda
INFO:src.estimators.masked_ae:[masked-ae] sweep lam=5.994842503189409 epoch 24/25 time=1.18s device=cuda
INFO:src.estimators.masked_ae:[masked-ae] sweep lam=5.994842503189409 epoch 25/25 time=1.26s device=cuda
INFO:src.estimators.masked_ae:[masked-ae] sweep lam=10.0 epoch 1/25 time=1.15s device=cuda
INFO:src.estimators.masked_ae:[masked-ae] sweep lam=10.0 epoch 2/25 time=1.13s device=cuda
INFO:src.estimators.masked_ae:[masked-ae] sweep lam=10.0 epoch 3/25 time=1.14s device=cuda
INFO:src.estimators.masked_ae:[masked-ae] sweep lam=10.0 epoch 4/25 time=1.06s device=cuda
INFO:src.estimators.masked_ae:[masked-ae] sweep lam=10.0 epoch 5/25 time=1.33s device=cuda
INFO:src.estimators.masked_ae:[masked-ae] sweep lam=10.0 epoch 6/25 time=1.15s device=cuda
INFO:src.estimators.masked_ae:[masked-ae] sweep lam=10.0 epoch 7/25 time=1.04s device=cuda
INFO:src.estimators.masked_ae:[masked-ae] sweep lam=10.0 epoch 8/25 time=1.14s device=cuda
INFO:src.estimators.masked_ae:[masked-ae] sweep lam=10.0 epoch 9/25 time=1.22s device=cuda
INFO:src.estimators.masked_ae:[masked-ae] sweep lam=10.0 epoch 10/25 time=1.54s device=cuda
INFO:src.estimators.masked_ae:[masked-ae] sweep lam=10.0 epoch 11/25 time=1.04s device=cuda
INFO:src.estimators.masked_ae:[masked-ae] sweep lam=10.0 epoch 12/25 time=1.17s device=cuda
INFO:src.estimators.masked_ae:[masked-ae] sweep lam=10.0 epoch 13/25 time=1.06s device=cuda
INFO:src.estimators.masked_ae:[masked-ae] sweep lam=10.0 epoch 14/25 time=1.28s device=cuda
INFO:src.estimators.masked_ae:[masked-ae] sweep lam=10.0 epoch 15/25 time=1.04s device=cuda
INFO:src.estimators.masked_ae:[masked-ae] sweep lam=10.0 epoch 16/25 time=1.12s device=cuda
INFO:src.estimators.masked_ae:[masked-ae] sweep lam=10.0 epoch 17/25 time=1.09s device=cuda
INFO:src.estimators.masked_ae:[masked-ae] sweep lam=10.0 epoch 18/25 time=1.22s device=cuda
INFO:src.estimators.masked_ae:[masked-ae] sweep lam=10.0 epoch 19/25 time=1.13s device=cuda
INFO:src.estimators.masked_ae:[masked-ae] sweep lam=10.0 epoch 20/25 time=1.33s device=cuda
INFO:src.estimators.masked_ae:[masked-ae] sweep lam=10.0 epoch 21/25 time=1.15s device=cuda
INFO:src.estimators.masked_ae:[masked-ae] sweep lam=10.0 epoch 22/25 time=1.06s device=cuda
INFO:src.estimators.masked_ae:[masked-ae] sweep lam=10.0 epoch 23/25 time=1.09s device=cuda
INFO:src.estimators.masked_ae:[masked-ae] sweep lam=10.0 epoch 24/25 time=1.08s device=cuda
INFO:src.estimators.masked_ae:[masked-ae] sweep lam=10.0 epoch 25/25 time=1.23s device=cuda
INFO:src.estimators.masked_ae:[masked-ae] retrain epoch 1/35 time=1.25s device=cuda
INFO:src.estimators.masked_ae:[masked-ae] retrain epoch 2/35 time=1.28s device=cuda
INFO:src.estimators.masked_ae:[masked-ae] retrain epoch 3/35 time=1.19s device=cuda
INFO:src.estimators.masked_ae:[masked-ae] retrain epoch 4/35 time=1.19s device=cuda
INFO:src.estimators.masked_ae:[masked-ae] retrain epoch 5/35 time=1.17s device=cuda
INFO:src.estimators.masked_ae:[masked-ae] retrain epoch 6/35 time=1.05s device=cuda
INFO:src.estimators.masked_ae:[masked-ae] retrain epoch 7/35 time=1.19s device=cuda
INFO:src.estimators.masked_ae:[masked-ae] retrain epoch 8/35 time=1.10s device=cuda
INFO:src.estimators.masked_ae:[masked-ae] retrain epoch 9/35 time=1.13s device=cuda
INFO:src.estimators.masked_ae:[masked-ae] retrain epoch 10/35 time=1.13s device=cuda
INFO:src.estimators.masked_ae:[masked-ae] retrain epoch 11/35 time=1.33s device=cuda
INFO:src.estimators.masked_ae:[masked-ae] retrain epoch 12/35 time=1.11s device=cuda
INFO:src.estimators.masked_ae:[masked-ae] retrain epoch 13/35 time=1.13s device=cuda
INFO:src.estimators.masked_ae:[masked-ae] retrain epoch 14/35 time=1.01s device=cuda
INFO:src.estimators.masked_ae:[masked-ae] retrain epoch 15/35 time=1.08s device=cuda
INFO:src.estimators.masked_ae:[masked-ae] retrain epoch 16/35 time=1.09s device=cuda
INFO:src.estimators.masked_ae:[masked-ae] retrain epoch 17/35 time=1.15s device=cuda
INFO:src.estimators.masked_ae:[masked-ae] retrain epoch 18/35 time=1.08s device=cuda
INFO:src.estimators.masked_ae:[masked-ae] retrain epoch 19/35 time=1.20s device=cuda
INFO:src.estimators.masked_ae:[masked-ae] retrain epoch 20/35 time=1.02s device=cuda
INFO:src.estimators.masked_ae:[masked-ae] retrain epoch 21/35 time=1.26s device=cuda
INFO:src.estimators.masked_ae:[masked-ae] retrain epoch 22/35 time=1.04s device=cuda
INFO:src.estimators.masked_ae:[masked-ae] retrain epoch 23/35 time=1.13s device=cuda
INFO:src.estimators.masked_ae:[masked-ae] retrain epoch 24/35 time=1.10s device=cuda
INFO:src.estimators.masked_ae:[masked-ae] retrain epoch 25/35 time=1.16s device=cuda
INFO:src.estimators.masked_ae:[masked-ae] retrain epoch 26/35 time=1.17s device=cuda
INFO:src.estimators.masked_ae:[masked-ae] retrain epoch 27/35 time=1.29s device=cuda
INFO:src.estimators.masked_ae:[masked-ae] retrain epoch 28/35 time=1.14s device=cuda
INFO:src.estimators.masked_ae:[masked-ae] retrain epoch 29/35 time=1.24s device=cuda
INFO:src.estimators.masked_ae:[masked-ae] retrain epoch 30/35 time=1.12s device=cuda
INFO:src.estimators.masked_ae:[masked-ae] retrain epoch 31/35 time=1.14s device=cuda
INFO:src.estimators.masked_ae:[masked-ae] retrain epoch 32/35 time=1.15s device=cuda
INFO:src.estimators.masked_ae:[masked-ae] retrain epoch 33/35 time=1.10s device=cuda
INFO:src.estimators.masked_ae:[masked-ae] retrain epoch 34/35 time=1.09s device=cuda
INFO:src.estimators.masked_ae:[masked-ae] retrain epoch 35/35 time=1.37s device=cuda
INFO:repair_masked_ae:Group ('mnist', 7, 0.75, 1) repaired: estimate=1.0 elapsed_s=343.14 device=cuda samples=60000 rows=5
INFO:repair_masked_ae:Processing group key=('mnist', 7, 1.0, 1) with 5 rows; example row 345
INFO:src.estimators.masked_ae:[masked-ae] pretrain epoch 1/10 time=0.95s device=cuda
INFO:src.estimators.masked_ae:[masked-ae] pretrain epoch 2/10 time=1.24s device=cuda
INFO:src.estimators.masked_ae:[masked-ae] pretrain epoch 3/10 time=0.99s device=cuda
INFO:src.estimators.masked_ae:[masked-ae] pretrain epoch 4/10 time=1.18s device=cuda
INFO:src.estimators.masked_ae:[masked-ae] pretrain epoch 5/10 time=0.99s device=cuda
INFO:src.estimators.masked_ae:[masked-ae] pretrain epoch 6/10 time=0.97s device=cuda
INFO:src.estimators.masked_ae:[masked-ae] pretrain epoch 7/10 time=1.04s device=cuda
INFO:src.estimators.masked_ae:[masked-ae] pretrain epoch 8/10 time=1.28s device=cuda
INFO:src.estimators.masked_ae:[masked-ae] pretrain epoch 9/10 time=1.15s device=cuda
INFO:src.estimators.masked_ae:[masked-ae] pretrain epoch 10/10 time=1.04s device=cuda
INFO:src.estimators.masked_ae:[masked-ae] sweep lam=0.1 epoch 1/25 time=1.35s device=cuda
INFO:src.estimators.masked_ae:[masked-ae] sweep lam=0.1 epoch 2/25 time=1.20s device=cuda
INFO:src.estimators.masked_ae:[masked-ae] sweep lam=0.1 epoch 3/25 time=1.10s device=cuda
INFO:src.estimators.masked_ae:[masked-ae] sweep lam=0.1 epoch 4/25 time=1.08s device=cuda
INFO:src.estimators.masked_ae:[masked-ae] sweep lam=0.1 epoch 5/25 time=1.07s device=cuda
INFO:src.estimators.masked_ae:[masked-ae] sweep lam=0.1 epoch 6/25 time=1.32s device=cuda
INFO:src.estimators.masked_ae:[masked-ae] sweep lam=0.1 epoch 7/25 time=1.15s device=cuda
INFO:src.estimators.masked_ae:[masked-ae] sweep lam=0.1 epoch 8/25 time=1.14s device=cuda
INFO:src.estimators.masked_ae:[masked-ae] sweep lam=0.1 epoch 9/25 time=1.09s device=cuda
INFO:src.estimators.masked_ae:[masked-ae] sweep lam=0.1 epoch 10/25 time=1.19s device=cuda
INFO:src.estimators.masked_ae:[masked-ae] sweep lam=0.1 epoch 11/25 time=1.16s device=cuda
INFO:src.estimators.masked_ae:[masked-ae] sweep lam=0.1 epoch 12/25 time=1.29s device=cuda
INFO:src.estimators.masked_ae:[masked-ae] sweep lam=0.1 epoch 13/25 time=1.01s device=cuda
INFO:src.estimators.masked_ae:[masked-ae] sweep lam=0.1 epoch 14/25 time=1.16s device=cuda
INFO:src.estimators.masked_ae:[masked-ae] sweep lam=0.1 epoch 15/25 time=1.17s device=cuda
INFO:src.estimators.masked_ae:[masked-ae] sweep lam=0.1 epoch 16/25 time=1.16s device=cuda
INFO:src.estimators.masked_ae:[masked-ae] sweep lam=0.1 epoch 17/25 time=1.26s device=cuda
INFO:src.estimators.masked_ae:[masked-ae] sweep lam=0.1 epoch 18/25 time=1.10s device=cuda
INFO:src.estimators.masked_ae:[masked-ae] sweep lam=0.1 epoch 19/25 time=1.13s device=cuda
INFO:src.estimators.masked_ae:[masked-ae] sweep lam=0.1 epoch 20/25 time=1.25s device=cuda
INFO:src.estimators.masked_ae:[masked-ae] sweep lam=0.1 epoch 21/25 time=1.02s device=cuda
INFO:src.estimators.masked_ae:[masked-ae] sweep lam=0.1 epoch 22/25 time=1.14s device=cuda
INFO:src.estimators.masked_ae:[masked-ae] sweep lam=0.1 epoch 23/25 time=1.14s device=cuda
INFO:src.estimators.masked_ae:[masked-ae] sweep lam=0.1 epoch 24/25 time=1.06s device=cuda
INFO:src.estimators.masked_ae:[masked-ae] sweep lam=0.1 epoch 25/25 time=1.19s device=cuda
INFO:src.estimators.masked_ae:[masked-ae] sweep lam=0.16681005372000587 epoch 1/25 time=1.21s device=cuda
INFO:src.estimators.masked_ae:[masked-ae] sweep lam=0.16681005372000587 epoch 2/25 time=1.22s device=cuda
INFO:src.estimators.masked_ae:[masked-ae] sweep lam=0.16681005372000587 epoch 3/25 time=1.16s device=cuda
INFO:src.estimators.masked_ae:[masked-ae] sweep lam=0.16681005372000587 epoch 4/25 time=1.12s device=cuda
INFO:src.estimators.masked_ae:[masked-ae] sweep lam=0.16681005372000587 epoch 5/25 time=1.47s device=cuda
INFO:src.estimators.masked_ae:[masked-ae] sweep lam=0.16681005372000587 epoch 6/25 time=1.25s device=cuda
INFO:src.estimators.masked_ae:[masked-ae] sweep lam=0.16681005372000587 epoch 7/25 time=1.19s device=cuda
INFO:src.estimators.masked_ae:[masked-ae] sweep lam=0.16681005372000587 epoch 8/25 time=1.15s device=cuda
INFO:src.estimators.masked_ae:[masked-ae] sweep lam=0.16681005372000587 epoch 9/25 time=1.07s device=cuda
INFO:src.estimators.masked_ae:[masked-ae] sweep lam=0.16681005372000587 epoch 10/25 time=1.11s device=cuda
INFO:src.estimators.masked_ae:[masked-ae] sweep lam=0.16681005372000587 epoch 11/25 time=1.20s device=cuda
INFO:src.estimators.masked_ae:[masked-ae] sweep lam=0.16681005372000587 epoch 12/25 time=1.17s device=cuda
INFO:src.estimators.masked_ae:[masked-ae] sweep lam=0.16681005372000587 epoch 13/25 time=1.17s device=cuda
INFO:src.estimators.masked_ae:[masked-ae] sweep lam=0.16681005372000587 epoch 14/25 time=1.22s device=cuda
INFO:src.estimators.masked_ae:[masked-ae] sweep lam=0.16681005372000587 epoch 15/25 time=1.19s device=cuda
INFO:src.estimators.masked_ae:[masked-ae] sweep lam=0.16681005372000587 epoch 16/25 time=1.17s device=cuda
INFO:src.estimators.masked_ae:[masked-ae] sweep lam=0.16681005372000587 epoch 17/25 time=1.26s device=cuda
INFO:src.estimators.masked_ae:[masked-ae] sweep lam=0.16681005372000587 epoch 18/25 time=1.32s device=cuda
INFO:src.estimators.masked_ae:[masked-ae] sweep lam=0.16681005372000587 epoch 19/25 time=1.14s device=cuda
INFO:src.estimators.masked_ae:[masked-ae] sweep lam=0.16681005372000587 epoch 20/25 time=1.20s device=cuda
INFO:src.estimators.masked_ae:[masked-ae] sweep lam=0.16681005372000587 epoch 21/25 time=1.22s device=cuda
INFO:src.estimators.masked_ae:[masked-ae] sweep lam=0.16681005372000587 epoch 22/25 time=1.09s device=cuda
INFO:src.estimators.masked_ae:[masked-ae] sweep lam=0.16681005372000587 epoch 23/25 time=1.08s device=cuda
INFO:src.estimators.masked_ae:[masked-ae] sweep lam=0.16681005372000587 epoch 24/25 time=1.12s device=cuda
INFO:src.estimators.masked_ae:[masked-ae] sweep lam=0.16681005372000587 epoch 25/25 time=1.24s device=cuda
INFO:src.estimators.masked_ae:[masked-ae] sweep lam=0.2782559402207124 epoch 1/25 time=1.23s device=cuda
INFO:src.estimators.masked_ae:[masked-ae] sweep lam=0.2782559402207124 epoch 2/25 time=1.28s device=cuda
INFO:src.estimators.masked_ae:[masked-ae] sweep lam=0.2782559402207124 epoch 3/25 time=1.10s device=cuda
INFO:src.estimators.masked_ae:[masked-ae] sweep lam=0.2782559402207124 epoch 4/25 time=1.18s device=cuda
INFO:src.estimators.masked_ae:[masked-ae] sweep lam=0.2782559402207124 epoch 5/25 time=1.33s device=cuda
INFO:src.estimators.masked_ae:[masked-ae] sweep lam=0.2782559402207124 epoch 6/25 time=1.07s device=cuda
INFO:src.estimators.masked_ae:[masked-ae] sweep lam=0.2782559402207124 epoch 7/25 time=1.12s device=cuda
INFO:src.estimators.masked_ae:[masked-ae] sweep lam=0.2782559402207124 epoch 8/25 time=1.16s device=cuda
INFO:src.estimators.masked_ae:[masked-ae] sweep lam=0.2782559402207124 epoch 9/25 time=1.28s device=cuda
INFO:src.estimators.masked_ae:[masked-ae] sweep lam=0.2782559402207124 epoch 10/25 time=1.10s device=cuda
INFO:src.estimators.masked_ae:[masked-ae] sweep lam=0.2782559402207124 epoch 11/25 time=1.13s device=cuda
INFO:src.estimators.masked_ae:[masked-ae] sweep lam=0.2782559402207124 epoch 12/25 time=1.30s device=cuda
INFO:src.estimators.masked_ae:[masked-ae] sweep lam=0.2782559402207124 epoch 13/25 time=1.31s device=cuda
INFO:src.estimators.masked_ae:[masked-ae] sweep lam=0.2782559402207124 epoch 14/25 time=1.49s device=cuda
INFO:src.estimators.masked_ae:[masked-ae] sweep lam=0.2782559402207124 epoch 15/25 time=1.25s device=cuda
INFO:src.estimators.masked_ae:[masked-ae] sweep lam=0.2782559402207124 epoch 16/25 time=1.15s device=cuda
INFO:src.estimators.masked_ae:[masked-ae] sweep lam=0.2782559402207124 epoch 17/25 time=1.05s device=cuda
INFO:src.estimators.masked_ae:[masked-ae] sweep lam=0.2782559402207124 epoch 18/25 time=1.18s device=cuda
INFO:src.estimators.masked_ae:[masked-ae] sweep lam=0.2782559402207124 epoch 19/25 time=1.22s device=cuda
INFO:src.estimators.masked_ae:[masked-ae] sweep lam=0.2782559402207124 epoch 20/25 time=1.12s device=cuda
INFO:src.estimators.masked_ae:[masked-ae] sweep lam=0.2782559402207124 epoch 21/25 time=1.10s device=cuda
INFO:src.estimators.masked_ae:[masked-ae] sweep lam=0.2782559402207124 epoch 22/25 time=1.19s device=cuda
INFO:src.estimators.masked_ae:[masked-ae] sweep lam=0.2782559402207124 epoch 23/25 time=1.06s device=cuda
INFO:src.estimators.masked_ae:[masked-ae] sweep lam=0.2782559402207124 epoch 24/25 time=1.21s device=cuda
INFO:src.estimators.masked_ae:[masked-ae] sweep lam=0.2782559402207124 epoch 25/25 time=1.15s device=cuda
INFO:src.estimators.masked_ae:[masked-ae] sweep lam=0.46415888336127786 epoch 1/25 time=1.11s device=cuda
INFO:src.estimators.masked_ae:[masked-ae] sweep lam=0.46415888336127786 epoch 2/25 time=1.07s device=cuda
INFO:src.estimators.masked_ae:[masked-ae] sweep lam=0.46415888336127786 epoch 3/25 time=1.13s device=cuda
INFO:src.estimators.masked_ae:[masked-ae] sweep lam=0.46415888336127786 epoch 4/25 time=1.10s device=cuda
INFO:src.estimators.masked_ae:[masked-ae] sweep lam=0.46415888336127786 epoch 5/25 time=1.12s device=cuda
INFO:src.estimators.masked_ae:[masked-ae] sweep lam=0.46415888336127786 epoch 6/25 time=1.22s device=cuda
INFO:src.estimators.masked_ae:[masked-ae] sweep lam=0.46415888336127786 epoch 7/25 time=1.12s device=cuda
INFO:src.estimators.masked_ae:[masked-ae] sweep lam=0.46415888336127786 epoch 8/25 time=1.11s device=cuda
INFO:src.estimators.masked_ae:[masked-ae] sweep lam=0.46415888336127786 epoch 9/25 time=1.29s device=cuda
INFO:src.estimators.masked_ae:[masked-ae] sweep lam=0.46415888336127786 epoch 10/25 time=1.06s device=cuda
INFO:src.estimators.masked_ae:[masked-ae] sweep lam=0.46415888336127786 epoch 11/25 time=1.11s device=cuda
INFO:src.estimators.masked_ae:[masked-ae] sweep lam=0.46415888336127786 epoch 12/25 time=1.12s device=cuda
INFO:src.estimators.masked_ae:[masked-ae] sweep lam=0.46415888336127786 epoch 13/25 time=1.30s device=cuda
INFO:src.estimators.masked_ae:[masked-ae] sweep lam=0.46415888336127786 epoch 14/25 time=1.07s device=cuda
INFO:src.estimators.masked_ae:[masked-ae] sweep lam=0.46415888336127786 epoch 15/25 time=1.19s device=cuda
INFO:src.estimators.masked_ae:[masked-ae] sweep lam=0.46415888336127786 epoch 16/25 time=1.19s device=cuda
INFO:src.estimators.masked_ae:[masked-ae] sweep lam=0.46415888336127786 epoch 17/25 time=1.26s device=cuda
INFO:src.estimators.masked_ae:[masked-ae] sweep lam=0.46415888336127786 epoch 18/25 time=1.10s device=cuda
INFO:src.estimators.masked_ae:[masked-ae] sweep lam=0.46415888336127786 epoch 19/25 time=1.13s device=cuda
INFO:src.estimators.masked_ae:[masked-ae] sweep lam=0.46415888336127786 epoch 20/25 time=1.41s device=cuda
INFO:src.estimators.masked_ae:[masked-ae] sweep lam=0.46415888336127786 epoch 21/25 time=1.13s device=cuda
INFO:src.estimators.masked_ae:[masked-ae] sweep lam=0.46415888336127786 epoch 22/25 time=1.17s device=cuda
INFO:src.estimators.masked_ae:[masked-ae] sweep lam=0.46415888336127786 epoch 23/25 time=1.19s device=cuda
INFO:src.estimators.masked_ae:[masked-ae] sweep lam=0.46415888336127786 epoch 24/25 time=1.18s device=cuda
INFO:src.estimators.masked_ae:[masked-ae] sweep lam=0.46415888336127786 epoch 25/25 time=1.17s device=cuda
INFO:src.estimators.masked_ae:[masked-ae] sweep lam=0.774263682681127 epoch 1/25 time=1.18s device=cuda
INFO:src.estimators.masked_ae:[masked-ae] sweep lam=0.774263682681127 epoch 2/25 time=1.18s device=cuda
INFO:src.estimators.masked_ae:[masked-ae] sweep lam=0.774263682681127 epoch 3/25 time=1.15s device=cuda
INFO:src.estimators.masked_ae:[masked-ae] sweep lam=0.774263682681127 epoch 4/25 time=1.14s device=cuda
INFO:src.estimators.masked_ae:[masked-ae] sweep lam=0.774263682681127 epoch 5/25 time=1.11s device=cuda
INFO:src.estimators.masked_ae:[masked-ae] sweep lam=0.774263682681127 epoch 6/25 time=1.17s device=cuda
INFO:src.estimators.masked_ae:[masked-ae] sweep lam=0.774263682681127 epoch 7/25 time=1.35s device=cuda
INFO:src.estimators.masked_ae:[masked-ae] sweep lam=0.774263682681127 epoch 8/25 time=1.05s device=cuda
INFO:src.estimators.masked_ae:[masked-ae] sweep lam=0.774263682681127 epoch 9/25 time=1.20s device=cuda
INFO:src.estimators.masked_ae:[masked-ae] sweep lam=0.774263682681127 epoch 10/25 time=1.20s device=cuda
INFO:src.estimators.masked_ae:[masked-ae] sweep lam=0.774263682681127 epoch 11/25 time=1.16s device=cuda
INFO:src.estimators.masked_ae:[masked-ae] sweep lam=0.774263682681127 epoch 12/25 time=1.16s device=cuda
INFO:src.estimators.masked_ae:[masked-ae] sweep lam=0.774263682681127 epoch 13/25 time=1.07s device=cuda
INFO:src.estimators.masked_ae:[masked-ae] sweep lam=0.774263682681127 epoch 14/25 time=1.32s device=cuda
INFO:src.estimators.masked_ae:[masked-ae] sweep lam=0.774263682681127 epoch 15/25 time=1.32s device=cuda
INFO:src.estimators.masked_ae:[masked-ae] sweep lam=0.774263682681127 epoch 16/25 time=1.08s device=cuda
INFO:src.estimators.masked_ae:[masked-ae] sweep lam=0.774263682681127 epoch 17/25 time=1.07s device=cuda
INFO:src.estimators.masked_ae:[masked-ae] sweep lam=0.774263682681127 epoch 18/25 time=1.04s device=cuda
INFO:src.estimators.masked_ae:[masked-ae] sweep lam=0.774263682681127 epoch 19/25 time=1.14s device=cuda
INFO:src.estimators.masked_ae:[masked-ae] sweep lam=0.774263682681127 epoch 20/25 time=1.27s device=cuda
INFO:src.estimators.masked_ae:[masked-ae] sweep lam=0.774263682681127 epoch 21/25 time=1.20s device=cuda
INFO:src.estimators.masked_ae:[masked-ae] sweep lam=0.774263682681127 epoch 22/25 time=1.23s device=cuda
INFO:src.estimators.masked_ae:[masked-ae] sweep lam=0.774263682681127 epoch 23/25 time=1.05s device=cuda
INFO:src.estimators.masked_ae:[masked-ae] sweep lam=0.774263682681127 epoch 24/25 time=1.15s device=cuda
INFO:src.estimators.masked_ae:[masked-ae] sweep lam=0.774263682681127 epoch 25/25 time=1.29s device=cuda
INFO:src.estimators.masked_ae:[masked-ae] sweep lam=1.291549665014884 epoch 1/25 time=1.12s device=cuda
INFO:src.estimators.masked_ae:[masked-ae] sweep lam=1.291549665014884 epoch 2/25 time=1.19s device=cuda
INFO:src.estimators.masked_ae:[masked-ae] sweep lam=1.291549665014884 epoch 3/25 time=1.08s device=cuda
INFO:src.estimators.masked_ae:[masked-ae] sweep lam=1.291549665014884 epoch 4/25 time=1.19s device=cuda
INFO:src.estimators.masked_ae:[masked-ae] sweep lam=1.291549665014884 epoch 5/25 time=1.29s device=cuda
INFO:src.estimators.masked_ae:[masked-ae] sweep lam=1.291549665014884 epoch 6/25 time=1.23s device=cuda
INFO:src.estimators.masked_ae:[masked-ae] sweep lam=1.291549665014884 epoch 7/25 time=1.11s device=cuda
INFO:src.estimators.masked_ae:[masked-ae] sweep lam=1.291549665014884 epoch 8/25 time=1.11s device=cuda
INFO:src.estimators.masked_ae:[masked-ae] sweep lam=1.291549665014884 epoch 9/25 time=1.18s device=cuda
INFO:src.estimators.masked_ae:[masked-ae] sweep lam=1.291549665014884 epoch 10/25 time=1.15s device=cuda
INFO:src.estimators.masked_ae:[masked-ae] sweep lam=1.291549665014884 epoch 11/25 time=1.12s device=cuda
INFO:src.estimators.masked_ae:[masked-ae] sweep lam=1.291549665014884 epoch 12/25 time=1.07s device=cuda
INFO:src.estimators.masked_ae:[masked-ae] sweep lam=1.291549665014884 epoch 13/25 time=1.21s device=cuda
INFO:src.estimators.masked_ae:[masked-ae] sweep lam=1.291549665014884 epoch 14/25 time=1.11s device=cuda
INFO:src.estimators.masked_ae:[masked-ae] sweep lam=1.291549665014884 epoch 15/25 time=1.21s device=cuda
INFO:src.estimators.masked_ae:[masked-ae] sweep lam=1.291549665014884 epoch 16/25 time=1.12s device=cuda
INFO:src.estimators.masked_ae:[masked-ae] sweep lam=1.291549665014884 epoch 17/25 time=1.15s device=cuda
INFO:src.estimators.masked_ae:[masked-ae] sweep lam=1.291549665014884 epoch 18/25 time=1.13s device=cuda
INFO:src.estimators.masked_ae:[masked-ae] sweep lam=1.291549665014884 epoch 19/25 time=1.14s device=cuda
INFO:src.estimators.masked_ae:[masked-ae] sweep lam=1.291549665014884 epoch 20/25 time=1.07s device=cuda
INFO:src.estimators.masked_ae:[masked-ae] sweep lam=1.291549665014884 epoch 21/25 time=1.13s device=cuda
INFO:src.estimators.masked_ae:[masked-ae] sweep lam=1.291549665014884 epoch 22/25 time=1.10s device=cuda
INFO:src.estimators.masked_ae:[masked-ae] sweep lam=1.291549665014884 epoch 23/25 time=1.18s device=cuda
INFO:src.estimators.masked_ae:[masked-ae] sweep lam=1.291549665014884 epoch 24/25 time=1.11s device=cuda
INFO:src.estimators.masked_ae:[masked-ae] sweep lam=1.291549665014884 epoch 25/25 time=1.18s device=cuda
INFO:src.estimators.masked_ae:[masked-ae] sweep lam=2.1544346900318834 epoch 1/25 time=1.15s device=cuda
INFO:src.estimators.masked_ae:[masked-ae] sweep lam=2.1544346900318834 epoch 2/25 time=1.22s device=cuda
INFO:src.estimators.masked_ae:[masked-ae] sweep lam=2.1544346900318834 epoch 3/25 time=1.09s device=cuda
INFO:src.estimators.masked_ae:[masked-ae] sweep lam=2.1544346900318834 epoch 4/25 time=1.08s device=cuda
INFO:src.estimators.masked_ae:[masked-ae] sweep lam=2.1544346900318834 epoch 5/25 time=1.25s device=cuda
INFO:src.estimators.masked_ae:[masked-ae] sweep lam=2.1544346900318834 epoch 6/25 time=1.21s device=cuda
INFO:src.estimators.masked_ae:[masked-ae] sweep lam=2.1544346900318834 epoch 7/25 time=1.02s device=cuda
INFO:src.estimators.masked_ae:[masked-ae] sweep lam=2.1544346900318834 epoch 8/25 time=1.11s device=cuda
INFO:src.estimators.masked_ae:[masked-ae] sweep lam=2.1544346900318834 epoch 9/25 time=1.08s device=cuda
INFO:src.estimators.masked_ae:[masked-ae] sweep lam=2.1544346900318834 epoch 10/25 time=1.18s device=cuda
INFO:src.estimators.masked_ae:[masked-ae] sweep lam=2.1544346900318834 epoch 11/25 time=1.21s device=cuda
INFO:src.estimators.masked_ae:[masked-ae] sweep lam=2.1544346900318834 epoch 12/25 time=1.11s device=cuda
INFO:src.estimators.masked_ae:[masked-ae] sweep lam=2.1544346900318834 epoch 13/25 time=1.15s device=cuda
INFO:src.estimators.masked_ae:[masked-ae] sweep lam=2.1544346900318834 epoch 14/25 time=1.10s device=cuda
INFO:src.estimators.masked_ae:[masked-ae] sweep lam=2.1544346900318834 epoch 15/25 time=1.20s device=cuda
INFO:src.estimators.masked_ae:[masked-ae] sweep lam=2.1544346900318834 epoch 16/25 time=1.12s device=cuda
INFO:src.estimators.masked_ae:[masked-ae] sweep lam=2.1544346900318834 epoch 17/25 time=1.11s device=cuda
INFO:src.estimators.masked_ae:[masked-ae] sweep lam=2.1544346900318834 epoch 18/25 time=1.11s device=cuda
INFO:src.estimators.masked_ae:[masked-ae] sweep lam=2.1544346900318834 epoch 19/25 time=1.14s device=cuda
INFO:src.estimators.masked_ae:[masked-ae] sweep lam=2.1544346900318834 epoch 20/25 time=1.05s device=cuda
INFO:src.estimators.masked_ae:[masked-ae] sweep lam=2.1544346900318834 epoch 21/25 time=1.19s device=cuda
INFO:src.estimators.masked_ae:[masked-ae] sweep lam=2.1544346900318834 epoch 22/25 time=1.09s device=cuda
INFO:src.estimators.masked_ae:[masked-ae] sweep lam=2.1544346900318834 epoch 23/25 time=1.14s device=cuda
INFO:src.estimators.masked_ae:[masked-ae] sweep lam=2.1544346900318834 epoch 24/25 time=1.19s device=cuda
INFO:src.estimators.masked_ae:[masked-ae] sweep lam=2.1544346900318834 epoch 25/25 time=1.13s device=cuda
INFO:src.estimators.masked_ae:[masked-ae] sweep lam=3.593813663804626 epoch 1/25 time=1.13s device=cuda
INFO:src.estimators.masked_ae:[masked-ae] sweep lam=3.593813663804626 epoch 2/25 time=1.15s device=cuda
INFO:src.estimators.masked_ae:[masked-ae] sweep lam=3.593813663804626 epoch 3/25 time=1.10s device=cuda
INFO:src.estimators.masked_ae:[masked-ae] sweep lam=3.593813663804626 epoch 4/25 time=1.26s device=cuda
INFO:src.estimators.masked_ae:[masked-ae] sweep lam=3.593813663804626 epoch 5/25 time=1.11s device=cuda
INFO:src.estimators.masked_ae:[masked-ae] sweep lam=3.593813663804626 epoch 6/25 time=1.30s device=cuda
INFO:src.estimators.masked_ae:[masked-ae] sweep lam=3.593813663804626 epoch 7/25 time=1.08s device=cuda
INFO:src.estimators.masked_ae:[masked-ae] sweep lam=3.593813663804626 epoch 8/25 time=1.08s device=cuda
INFO:src.estimators.masked_ae:[masked-ae] sweep lam=3.593813663804626 epoch 9/25 time=1.14s device=cuda
INFO:src.estimators.masked_ae:[masked-ae] sweep lam=3.593813663804626 epoch 10/25 time=1.16s device=cuda
INFO:src.estimators.masked_ae:[masked-ae] sweep lam=3.593813663804626 epoch 11/25 time=1.04s device=cuda
INFO:src.estimators.masked_ae:[masked-ae] sweep lam=3.593813663804626 epoch 12/25 time=1.23s device=cuda
INFO:src.estimators.masked_ae:[masked-ae] sweep lam=3.593813663804626 epoch 13/25 time=1.16s device=cuda
INFO:src.estimators.masked_ae:[masked-ae] sweep lam=3.593813663804626 epoch 14/25 time=1.18s device=cuda
INFO:src.estimators.masked_ae:[masked-ae] sweep lam=3.593813663804626 epoch 15/25 time=1.13s device=cuda
INFO:src.estimators.masked_ae:[masked-ae] sweep lam=3.593813663804626 epoch 16/25 time=1.04s device=cuda
INFO:src.estimators.masked_ae:[masked-ae] sweep lam=3.593813663804626 epoch 17/25 time=1.18s device=cuda
INFO:src.estimators.masked_ae:[masked-ae] sweep lam=3.593813663804626 epoch 18/25 time=1.16s device=cuda
INFO:src.estimators.masked_ae:[masked-ae] sweep lam=3.593813663804626 epoch 19/25 time=1.10s device=cuda
INFO:src.estimators.masked_ae:[masked-ae] sweep lam=3.593813663804626 epoch 20/25 time=1.07s device=cuda
INFO:src.estimators.masked_ae:[masked-ae] sweep lam=3.593813663804626 epoch 21/25 time=1.18s device=cuda
INFO:src.estimators.masked_ae:[masked-ae] sweep lam=3.593813663804626 epoch 22/25 time=1.15s device=cuda
INFO:src.estimators.masked_ae:[masked-ae] sweep lam=3.593813663804626 epoch 23/25 time=1.27s device=cuda
INFO:src.estimators.masked_ae:[masked-ae] sweep lam=3.593813663804626 epoch 24/25 time=1.19s device=cuda
INFO:src.estimators.masked_ae:[masked-ae] sweep lam=3.593813663804626 epoch 25/25 time=1.13s device=cuda
INFO:src.estimators.masked_ae:[masked-ae] sweep lam=5.994842503189409 epoch 1/25 time=1.21s device=cuda
INFO:src.estimators.masked_ae:[masked-ae] sweep lam=5.994842503189409 epoch 2/25 time=1.02s device=cuda
INFO:src.estimators.masked_ae:[masked-ae] sweep lam=5.994842503189409 epoch 3/25 time=1.15s device=cuda
INFO:src.estimators.masked_ae:[masked-ae] sweep lam=5.994842503189409 epoch 4/25 time=1.27s device=cuda
INFO:src.estimators.masked_ae:[masked-ae] sweep lam=5.994842503189409 epoch 5/25 time=1.09s device=cuda
INFO:src.estimators.masked_ae:[masked-ae] sweep lam=5.994842503189409 epoch 6/25 time=1.10s device=cuda
INFO:src.estimators.masked_ae:[masked-ae] sweep lam=5.994842503189409 epoch 7/25 time=1.17s device=cuda
INFO:src.estimators.masked_ae:[masked-ae] sweep lam=5.994842503189409 epoch 8/25 time=1.21s device=cuda
INFO:src.estimators.masked_ae:[masked-ae] sweep lam=5.994842503189409 epoch 9/25 time=1.16s device=cuda
INFO:src.estimators.masked_ae:[masked-ae] sweep lam=5.994842503189409 epoch 10/25 time=1.19s device=cuda
INFO:src.estimators.masked_ae:[masked-ae] sweep lam=5.994842503189409 epoch 11/25 time=1.27s device=cuda
INFO:src.estimators.masked_ae:[masked-ae] sweep lam=5.994842503189409 epoch 12/25 time=1.17s device=cuda
INFO:src.estimators.masked_ae:[masked-ae] sweep lam=5.994842503189409 epoch 13/25 time=1.05s device=cuda
INFO:src.estimators.masked_ae:[masked-ae] sweep lam=5.994842503189409 epoch 14/25 time=1.09s device=cuda
INFO:src.estimators.masked_ae:[masked-ae] sweep lam=5.994842503189409 epoch 15/25 time=1.07s device=cuda
INFO:src.estimators.masked_ae:[masked-ae] sweep lam=5.994842503189409 epoch 16/25 time=1.07s device=cuda
INFO:src.estimators.masked_ae:[masked-ae] sweep lam=5.994842503189409 epoch 17/25 time=1.12s device=cuda
INFO:src.estimators.masked_ae:[masked-ae] sweep lam=5.994842503189409 epoch 18/25 time=1.15s device=cuda
INFO:src.estimators.masked_ae:[masked-ae] sweep lam=5.994842503189409 epoch 19/25 time=1.32s device=cuda
INFO:src.estimators.masked_ae:[masked-ae] sweep lam=5.994842503189409 epoch 20/25 time=1.13s device=cuda
INFO:src.estimators.masked_ae:[masked-ae] sweep lam=5.994842503189409 epoch 21/25 time=1.04s device=cuda
INFO:src.estimators.masked_ae:[masked-ae] sweep lam=5.994842503189409 epoch 22/25 time=1.09s device=cuda
INFO:src.estimators.masked_ae:[masked-ae] sweep lam=5.994842503189409 epoch 23/25 time=1.41s device=cuda
INFO:src.estimators.masked_ae:[masked-ae] sweep lam=5.994842503189409 epoch 24/25 time=1.21s device=cuda
INFO:src.estimators.masked_ae:[masked-ae] sweep lam=5.994842503189409 epoch 25/25 time=1.14s device=cuda
INFO:src.estimators.masked_ae:[masked-ae] sweep lam=10.0 epoch 1/25 time=1.15s device=cuda
INFO:src.estimators.masked_ae:[masked-ae] sweep lam=10.0 epoch 2/25 time=1.10s device=cuda
INFO:src.estimators.masked_ae:[masked-ae] sweep lam=10.0 epoch 3/25 time=1.06s device=cuda
INFO:src.estimators.masked_ae:[masked-ae] sweep lam=10.0 epoch 4/25 time=1.28s device=cuda
INFO:src.estimators.masked_ae:[masked-ae] sweep lam=10.0 epoch 5/25 time=1.07s device=cuda
INFO:src.estimators.masked_ae:[masked-ae] sweep lam=10.0 epoch 6/25 time=1.12s device=cuda
INFO:src.estimators.masked_ae:[masked-ae] sweep lam=10.0 epoch 7/25 time=1.03s device=cuda
INFO:src.estimators.masked_ae:[masked-ae] sweep lam=10.0 epoch 8/25 time=1.03s device=cuda
INFO:src.estimators.masked_ae:[masked-ae] sweep lam=10.0 epoch 9/25 time=1.15s device=cuda
INFO:src.estimators.masked_ae:[masked-ae] sweep lam=10.0 epoch 10/25 time=1.11s device=cuda
INFO:src.estimators.masked_ae:[masked-ae] sweep lam=10.0 epoch 11/25 time=1.06s device=cuda
INFO:src.estimators.masked_ae:[masked-ae] sweep lam=10.0 epoch 12/25 time=1.10s device=cuda
INFO:src.estimators.masked_ae:[masked-ae] sweep lam=10.0 epoch 13/25 time=1.23s device=cuda
INFO:src.estimators.masked_ae:[masked-ae] sweep lam=10.0 epoch 14/25 time=1.08s device=cuda
INFO:src.estimators.masked_ae:[masked-ae] sweep lam=10.0 epoch 15/25 time=1.08s device=cuda
INFO:src.estimators.masked_ae:[masked-ae] sweep lam=10.0 epoch 16/25 time=1.12s device=cuda
INFO:src.estimators.masked_ae:[masked-ae] sweep lam=10.0 epoch 17/25 time=1.07s device=cuda
INFO:src.estimators.masked_ae:[masked-ae] sweep lam=10.0 epoch 18/25 time=1.01s device=cuda
INFO:src.estimators.masked_ae:[masked-ae] sweep lam=10.0 epoch 19/25 time=1.15s device=cuda
INFO:src.estimators.masked_ae:[masked-ae] sweep lam=10.0 epoch 20/25 time=1.16s device=cuda
INFO:src.estimators.masked_ae:[masked-ae] sweep lam=10.0 epoch 21/25 time=1.08s device=cuda
INFO:src.estimators.masked_ae:[masked-ae] sweep lam=10.0 epoch 22/25 time=1.04s device=cuda
INFO:src.estimators.masked_ae:[masked-ae] sweep lam=10.0 epoch 23/25 time=1.28s device=cuda
INFO:src.estimators.masked_ae:[masked-ae] sweep lam=10.0 epoch 24/25 time=1.07s device=cuda
INFO:src.estimators.masked_ae:[masked-ae] sweep lam=10.0 epoch 25/25 time=1.26s device=cuda
INFO:src.estimators.masked_ae:[masked-ae] retrain epoch 1/35 time=1.03s device=cuda
INFO:src.estimators.masked_ae:[masked-ae] retrain epoch 2/35 time=1.04s device=cuda
INFO:src.estimators.masked_ae:[masked-ae] retrain epoch 3/35 time=1.17s device=cuda
INFO:src.estimators.masked_ae:[masked-ae] retrain epoch 4/35 time=1.20s device=cuda
INFO:src.estimators.masked_ae:[masked-ae] retrain epoch 5/35 time=1.13s device=cuda
INFO:src.estimators.masked_ae:[masked-ae] retrain epoch 6/35 time=1.19s device=cuda
INFO:src.estimators.masked_ae:[masked-ae] retrain epoch 7/35 time=1.30s device=cuda
INFO:src.estimators.masked_ae:[masked-ae] retrain epoch 8/35 time=1.15s device=cuda
INFO:src.estimators.masked_ae:[masked-ae] retrain epoch 9/35 time=1.08s device=cuda
INFO:src.estimators.masked_ae:[masked-ae] retrain epoch 10/35 time=1.09s device=cuda
INFO:src.estimators.masked_ae:[masked-ae] retrain epoch 11/35 time=1.40s device=cuda
INFO:src.estimators.masked_ae:[masked-ae] retrain epoch 12/35 time=1.22s device=cuda
INFO:src.estimators.masked_ae:[masked-ae] retrain epoch 13/35 time=1.25s device=cuda
INFO:src.estimators.masked_ae:[masked-ae] retrain epoch 14/35 time=1.09s device=cuda
INFO:src.estimators.masked_ae:[masked-ae] retrain epoch 15/35 time=1.27s device=cuda
INFO:src.estimators.masked_ae:[masked-ae] retrain epoch 16/35 time=1.24s device=cuda
INFO:src.estimators.masked_ae:[masked-ae] retrain epoch 17/35 time=1.26s device=cuda
INFO:src.estimators.masked_ae:[masked-ae] retrain epoch 18/35 time=1.09s device=cuda
INFO:src.estimators.masked_ae:[masked-ae] retrain epoch 19/35 time=1.24s device=cuda
INFO:src.estimators.masked_ae:[masked-ae] retrain epoch 20/35 time=1.12s device=cuda
INFO:src.estimators.masked_ae:[masked-ae] retrain epoch 21/35 time=1.25s device=cuda
INFO:src.estimators.masked_ae:[masked-ae] retrain epoch 22/35 time=1.19s device=cuda
INFO:src.estimators.masked_ae:[masked-ae] retrain epoch 23/35 time=1.14s device=cuda
INFO:src.estimators.masked_ae:[masked-ae] retrain epoch 24/35 time=1.13s device=cuda
INFO:src.estimators.masked_ae:[masked-ae] retrain epoch 25/35 time=1.09s device=cuda
INFO:src.estimators.masked_ae:[masked-ae] retrain epoch 26/35 time=1.24s device=cuda
INFO:src.estimators.masked_ae:[masked-ae] retrain epoch 27/35 time=1.09s device=cuda
INFO:src.estimators.masked_ae:[masked-ae] retrain epoch 28/35 time=1.20s device=cuda
INFO:src.estimators.masked_ae:[masked-ae] retrain epoch 29/35 time=1.45s device=cuda
INFO:src.estimators.masked_ae:[masked-ae] retrain epoch 30/35 time=1.14s device=cuda
INFO:src.estimators.masked_ae:[masked-ae] retrain epoch 31/35 time=1.09s device=cuda
INFO:src.estimators.masked_ae:[masked-ae] retrain epoch 32/35 time=1.08s device=cuda
INFO:src.estimators.masked_ae:[masked-ae] retrain epoch 33/35 time=1.22s device=cuda
INFO:src.estimators.masked_ae:[masked-ae] retrain epoch 34/35 time=1.43s device=cuda
INFO:src.estimators.masked_ae:[masked-ae] retrain epoch 35/35 time=1.23s device=cuda
INFO:repair_masked_ae:Group ('mnist', 7, 1.0, 1) repaired: estimate=13.0 elapsed_s=346.25 device=cuda samples=60000 rows=5
INFO:repair_masked_ae:Processing group key=('mnist', 9, 0.0, 1) with 5 rows; example row 380
INFO:src.estimators.masked_ae:[masked-ae] pretrain epoch 1/10 time=1.09s device=cuda
INFO:src.estimators.masked_ae:[masked-ae] pretrain epoch 2/10 time=1.03s device=cuda
INFO:src.estimators.masked_ae:[masked-ae] pretrain epoch 3/10 time=1.09s device=cuda
INFO:src.estimators.masked_ae:[masked-ae] pretrain epoch 4/10 time=1.17s device=cuda
INFO:src.estimators.masked_ae:[masked-ae] pretrain epoch 5/10 time=1.16s device=cuda
INFO:src.estimators.masked_ae:[masked-ae] pretrain epoch 6/10 time=1.03s device=cuda
INFO:src.estimators.masked_ae:[masked-ae] pretrain epoch 7/10 time=1.00s device=cuda
INFO:src.estimators.masked_ae:[masked-ae] pretrain epoch 8/10 time=1.08s device=cuda
INFO:src.estimators.masked_ae:[masked-ae] pretrain epoch 9/10 time=1.18s device=cuda
INFO:src.estimators.masked_ae:[masked-ae] pretrain epoch 10/10 time=1.26s device=cuda
INFO:src.estimators.masked_ae:[masked-ae] sweep lam=0.1 epoch 1/25 time=1.13s device=cuda
INFO:src.estimators.masked_ae:[masked-ae] sweep lam=0.1 epoch 2/25 time=1.10s device=cuda
INFO:src.estimators.masked_ae:[masked-ae] sweep lam=0.1 epoch 3/25 time=1.18s device=cuda
INFO:src.estimators.masked_ae:[masked-ae] sweep lam=0.1 epoch 4/25 time=1.09s device=cuda
INFO:src.estimators.masked_ae:[masked-ae] sweep lam=0.1 epoch 5/25 time=1.18s device=cuda
INFO:src.estimators.masked_ae:[masked-ae] sweep lam=0.1 epoch 6/25 time=1.20s device=cuda
INFO:src.estimators.masked_ae:[masked-ae] sweep lam=0.1 epoch 7/25 time=1.11s device=cuda
INFO:src.estimators.masked_ae:[masked-ae] sweep lam=0.1 epoch 8/25 time=1.30s device=cuda
INFO:src.estimators.masked_ae:[masked-ae] sweep lam=0.1 epoch 9/25 time=1.16s device=cuda
INFO:src.estimators.masked_ae:[masked-ae] sweep lam=0.1 epoch 10/25 time=1.18s device=cuda
INFO:src.estimators.masked_ae:[masked-ae] sweep lam=0.1 epoch 11/25 time=1.09s device=cuda
INFO:src.estimators.masked_ae:[masked-ae] sweep lam=0.1 epoch 12/25 time=1.09s device=cuda
INFO:src.estimators.masked_ae:[masked-ae] sweep lam=0.1 epoch 13/25 time=1.18s device=cuda
INFO:src.estimators.masked_ae:[masked-ae] sweep lam=0.1 epoch 14/25 time=1.15s device=cuda
INFO:src.estimators.masked_ae:[masked-ae] sweep lam=0.1 epoch 15/25 time=1.13s device=cuda
INFO:src.estimators.masked_ae:[masked-ae] sweep lam=0.1 epoch 16/25 time=1.13s device=cuda
INFO:src.estimators.masked_ae:[masked-ae] sweep lam=0.1 epoch 17/25 time=1.12s device=cuda
INFO:src.estimators.masked_ae:[masked-ae] sweep lam=0.1 epoch 18/25 time=1.07s device=cuda
INFO:src.estimators.masked_ae:[masked-ae] sweep lam=0.1 epoch 19/25 time=1.10s device=cuda
INFO:src.estimators.masked_ae:[masked-ae] sweep lam=0.1 epoch 20/25 time=1.12s device=cuda
INFO:src.estimators.masked_ae:[masked-ae] sweep lam=0.1 epoch 21/25 time=1.15s device=cuda
INFO:src.estimators.masked_ae:[masked-ae] sweep lam=0.1 epoch 22/25 time=1.17s device=cuda
INFO:src.estimators.masked_ae:[masked-ae] sweep lam=0.1 epoch 23/25 time=1.20s device=cuda
INFO:src.estimators.masked_ae:[masked-ae] sweep lam=0.1 epoch 24/25 time=1.17s device=cuda
INFO:src.estimators.masked_ae:[masked-ae] sweep lam=0.1 epoch 25/25 time=1.27s device=cuda
INFO:src.estimators.masked_ae:[masked-ae] sweep lam=0.16681005372000587 epoch 1/25 time=1.09s device=cuda
INFO:src.estimators.masked_ae:[masked-ae] sweep lam=0.16681005372000587 epoch 2/25 time=1.21s device=cuda
INFO:src.estimators.masked_ae:[masked-ae] sweep lam=0.16681005372000587 epoch 3/25 time=1.12s device=cuda
INFO:src.estimators.masked_ae:[masked-ae] sweep lam=0.16681005372000587 epoch 4/25 time=1.06s device=cuda
INFO:src.estimators.masked_ae:[masked-ae] sweep lam=0.16681005372000587 epoch 5/25 time=1.13s device=cuda
INFO:src.estimators.masked_ae:[masked-ae] sweep lam=0.16681005372000587 epoch 6/25 time=1.16s device=cuda
INFO:src.estimators.masked_ae:[masked-ae] sweep lam=0.16681005372000587 epoch 7/25 time=1.11s device=cuda
INFO:src.estimators.masked_ae:[masked-ae] sweep lam=0.16681005372000587 epoch 8/25 time=1.15s device=cuda
INFO:src.estimators.masked_ae:[masked-ae] sweep lam=0.16681005372000587 epoch 9/25 time=1.10s device=cuda
INFO:src.estimators.masked_ae:[masked-ae] sweep lam=0.16681005372000587 epoch 10/25 time=1.17s device=cuda
INFO:src.estimators.masked_ae:[masked-ae] sweep lam=0.16681005372000587 epoch 11/25 time=1.28s device=cuda
INFO:src.estimators.masked_ae:[masked-ae] sweep lam=0.16681005372000587 epoch 12/25 time=1.20s device=cuda
INFO:src.estimators.masked_ae:[masked-ae] sweep lam=0.16681005372000587 epoch 13/25 time=1.03s device=cuda
INFO:src.estimators.masked_ae:[masked-ae] sweep lam=0.16681005372000587 epoch 14/25 time=1.21s device=cuda
INFO:src.estimators.masked_ae:[masked-ae] sweep lam=0.16681005372000587 epoch 15/25 time=1.06s device=cuda
INFO:src.estimators.masked_ae:[masked-ae] sweep lam=0.16681005372000587 epoch 16/25 time=1.13s device=cuda
INFO:src.estimators.masked_ae:[masked-ae] sweep lam=0.16681005372000587 epoch 17/25 time=1.15s device=cuda
INFO:src.estimators.masked_ae:[masked-ae] sweep lam=0.16681005372000587 epoch 18/25 time=1.09s device=cuda
INFO:src.estimators.masked_ae:[masked-ae] sweep lam=0.16681005372000587 epoch 19/25 time=1.12s device=cuda
INFO:src.estimators.masked_ae:[masked-ae] sweep lam=0.16681005372000587 epoch 20/25 time=1.08s device=cuda
INFO:src.estimators.masked_ae:[masked-ae] sweep lam=0.16681005372000587 epoch 21/25 time=1.31s device=cuda
INFO:src.estimators.masked_ae:[masked-ae] sweep lam=0.16681005372000587 epoch 22/25 time=1.16s device=cuda
INFO:src.estimators.masked_ae:[masked-ae] sweep lam=0.16681005372000587 epoch 23/25 time=1.05s device=cuda
INFO:src.estimators.masked_ae:[masked-ae] sweep lam=0.16681005372000587 epoch 24/25 time=1.04s device=cuda
INFO:src.estimators.masked_ae:[masked-ae] sweep lam=0.16681005372000587 epoch 25/25 time=1.09s device=cuda
INFO:src.estimators.masked_ae:[masked-ae] sweep lam=0.2782559402207124 epoch 1/25 time=1.05s device=cuda
INFO:src.estimators.masked_ae:[masked-ae] sweep lam=0.2782559402207124 epoch 2/25 time=1.14s device=cuda
INFO:src.estimators.masked_ae:[masked-ae] sweep lam=0.2782559402207124 epoch 3/25 time=1.18s device=cuda
INFO:src.estimators.masked_ae:[masked-ae] sweep lam=0.2782559402207124 epoch 4/25 time=1.08s device=cuda
INFO:src.estimators.masked_ae:[masked-ae] sweep lam=0.2782559402207124 epoch 5/25 time=1.20s device=cuda
INFO:src.estimators.masked_ae:[masked-ae] sweep lam=0.2782559402207124 epoch 6/25 time=1.12s device=cuda
INFO:src.estimators.masked_ae:[masked-ae] sweep lam=0.2782559402207124 epoch 7/25 time=1.10s device=cuda
INFO:src.estimators.masked_ae:[masked-ae] sweep lam=0.2782559402207124 epoch 8/25 time=1.04s device=cuda
INFO:src.estimators.masked_ae:[masked-ae] sweep lam=0.2782559402207124 epoch 9/25 time=1.02s device=cuda
INFO:src.estimators.masked_ae:[masked-ae] sweep lam=0.2782559402207124 epoch 10/25 time=1.27s device=cuda
INFO:src.estimators.masked_ae:[masked-ae] sweep lam=0.2782559402207124 epoch 11/25 time=1.08s device=cuda
INFO:src.estimators.masked_ae:[masked-ae] sweep lam=0.2782559402207124 epoch 12/25 time=1.17s device=cuda
INFO:src.estimators.masked_ae:[masked-ae] sweep lam=0.2782559402207124 epoch 13/25 time=1.37s device=cuda
INFO:src.estimators.masked_ae:[masked-ae] sweep lam=0.2782559402207124 epoch 14/25 time=1.21s device=cuda
INFO:src.estimators.masked_ae:[masked-ae] sweep lam=0.2782559402207124 epoch 15/25 time=1.14s device=cuda
INFO:src.estimators.masked_ae:[masked-ae] sweep lam=0.2782559402207124 epoch 16/25 time=1.13s device=cuda
INFO:src.estimators.masked_ae:[masked-ae] sweep lam=0.2782559402207124 epoch 17/25 time=1.25s device=cuda
INFO:src.estimators.masked_ae:[masked-ae] sweep lam=0.2782559402207124 epoch 18/25 time=1.12s device=cuda
INFO:src.estimators.masked_ae:[masked-ae] sweep lam=0.2782559402207124 epoch 19/25 time=1.13s device=cuda
INFO:src.estimators.masked_ae:[masked-ae] sweep lam=0.2782559402207124 epoch 20/25 time=1.22s device=cuda
INFO:src.estimators.masked_ae:[masked-ae] sweep lam=0.2782559402207124 epoch 21/25 time=1.03s device=cuda
INFO:src.estimators.masked_ae:[masked-ae] sweep lam=0.2782559402207124 epoch 22/25 time=1.20s device=cuda
INFO:src.estimators.masked_ae:[masked-ae] sweep lam=0.2782559402207124 epoch 23/25 time=1.19s device=cuda
INFO:src.estimators.masked_ae:[masked-ae] sweep lam=0.2782559402207124 epoch 24/25 time=1.25s device=cuda
INFO:src.estimators.masked_ae:[masked-ae] sweep lam=0.2782559402207124 epoch 25/25 time=1.18s device=cuda
INFO:src.estimators.masked_ae:[masked-ae] sweep lam=0.46415888336127786 epoch 1/25 time=1.05s device=cuda
INFO:src.estimators.masked_ae:[masked-ae] sweep lam=0.46415888336127786 epoch 2/25 time=1.13s device=cuda
INFO:src.estimators.masked_ae:[masked-ae] sweep lam=0.46415888336127786 epoch 3/25 time=1.16s device=cuda
INFO:src.estimators.masked_ae:[masked-ae] sweep lam=0.46415888336127786 epoch 4/25 time=1.10s device=cuda
INFO:src.estimators.masked_ae:[masked-ae] sweep lam=0.46415888336127786 epoch 5/25 time=1.03s device=cuda
INFO:src.estimators.masked_ae:[masked-ae] sweep lam=0.46415888336127786 epoch 6/25 time=1.15s device=cuda
INFO:src.estimators.masked_ae:[masked-ae] sweep lam=0.46415888336127786 epoch 7/25 time=1.16s device=cuda
INFO:src.estimators.masked_ae:[masked-ae] sweep lam=0.46415888336127786 epoch 8/25 time=1.29s device=cuda
INFO:src.estimators.masked_ae:[masked-ae] sweep lam=0.46415888336127786 epoch 9/25 time=1.19s device=cuda
INFO:src.estimators.masked_ae:[masked-ae] sweep lam=0.46415888336127786 epoch 10/25 time=1.11s device=cuda
INFO:src.estimators.masked_ae:[masked-ae] sweep lam=0.46415888336127786 epoch 11/25 time=1.08s device=cuda
INFO:src.estimators.masked_ae:[masked-ae] sweep lam=0.46415888336127786 epoch 12/25 time=1.05s device=cuda
INFO:src.estimators.masked_ae:[masked-ae] sweep lam=0.46415888336127786 epoch 13/25 time=1.09s device=cuda
INFO:src.estimators.masked_ae:[masked-ae] sweep lam=0.46415888336127786 epoch 14/25 time=1.05s device=cuda
INFO:src.estimators.masked_ae:[masked-ae] sweep lam=0.46415888336127786 epoch 15/25 time=1.14s device=cuda
INFO:src.estimators.masked_ae:[masked-ae] sweep lam=0.46415888336127786 epoch 16/25 time=1.08s device=cuda
INFO:src.estimators.masked_ae:[masked-ae] sweep lam=0.46415888336127786 epoch 17/25 time=1.15s device=cuda
INFO:src.estimators.masked_ae:[masked-ae] sweep lam=0.46415888336127786 epoch 18/25 time=1.18s device=cuda
INFO:src.estimators.masked_ae:[masked-ae] sweep lam=0.46415888336127786 epoch 19/25 time=1.20s device=cuda
INFO:src.estimators.masked_ae:[masked-ae] sweep lam=0.46415888336127786 epoch 20/25 time=1.14s device=cuda
INFO:src.estimators.masked_ae:[masked-ae] sweep lam=0.46415888336127786 epoch 21/25 time=1.02s device=cuda
INFO:src.estimators.masked_ae:[masked-ae] sweep lam=0.46415888336127786 epoch 22/25 time=1.22s device=cuda
INFO:src.estimators.masked_ae:[masked-ae] sweep lam=0.46415888336127786 epoch 23/25 time=1.07s device=cuda
INFO:src.estimators.masked_ae:[masked-ae] sweep lam=0.46415888336127786 epoch 24/25 time=1.09s device=cuda
INFO:src.estimators.masked_ae:[masked-ae] sweep lam=0.46415888336127786 epoch 25/25 time=1.17s device=cuda
INFO:src.estimators.masked_ae:[masked-ae] sweep lam=0.774263682681127 epoch 1/25 time=1.10s device=cuda
INFO:src.estimators.masked_ae:[masked-ae] sweep lam=0.774263682681127 epoch 2/25 time=1.02s device=cuda
INFO:src.estimators.masked_ae:[masked-ae] sweep lam=0.774263682681127 epoch 3/25 time=1.19s device=cuda
INFO:src.estimators.masked_ae:[masked-ae] sweep lam=0.774263682681127 epoch 4/25 time=1.36s device=cuda
INFO:src.estimators.masked_ae:[masked-ae] sweep lam=0.774263682681127 epoch 5/25 time=1.10s device=cuda
INFO:src.estimators.masked_ae:[masked-ae] sweep lam=0.774263682681127 epoch 6/25 time=1.18s device=cuda
INFO:src.estimators.masked_ae:[masked-ae] sweep lam=0.774263682681127 epoch 7/25 time=1.15s device=cuda
INFO:src.estimators.masked_ae:[masked-ae] sweep lam=0.774263682681127 epoch 8/25 time=1.31s device=cuda
INFO:src.estimators.masked_ae:[masked-ae] sweep lam=0.774263682681127 epoch 9/25 time=1.18s device=cuda
INFO:src.estimators.masked_ae:[masked-ae] sweep lam=0.774263682681127 epoch 10/25 time=1.25s device=cuda
INFO:src.estimators.masked_ae:[masked-ae] sweep lam=0.774263682681127 epoch 11/25 time=1.09s device=cuda
INFO:src.estimators.masked_ae:[masked-ae] sweep lam=0.774263682681127 epoch 12/25 time=1.03s device=cuda
INFO:src.estimators.masked_ae:[masked-ae] sweep lam=0.774263682681127 epoch 13/25 time=1.08s device=cuda
INFO:src.estimators.masked_ae:[masked-ae] sweep lam=0.774263682681127 epoch 14/25 time=1.16s device=cuda
INFO:src.estimators.masked_ae:[masked-ae] sweep lam=0.774263682681127 epoch 15/25 time=1.07s device=cuda
INFO:src.estimators.masked_ae:[masked-ae] sweep lam=0.774263682681127 epoch 16/25 time=1.09s device=cuda
INFO:src.estimators.masked_ae:[masked-ae] sweep lam=0.774263682681127 epoch 17/25 time=1.10s device=cuda
INFO:src.estimators.masked_ae:[masked-ae] sweep lam=0.774263682681127 epoch 18/25 time=1.20s device=cuda
INFO:src.estimators.masked_ae:[masked-ae] sweep lam=0.774263682681127 epoch 19/25 time=1.17s device=cuda
INFO:src.estimators.masked_ae:[masked-ae] sweep lam=0.774263682681127 epoch 20/25 time=1.23s device=cuda
INFO:src.estimators.masked_ae:[masked-ae] sweep lam=0.774263682681127 epoch 21/25 time=1.11s device=cuda
INFO:src.estimators.masked_ae:[masked-ae] sweep lam=0.774263682681127 epoch 22/25 time=1.11s device=cuda
INFO:src.estimators.masked_ae:[masked-ae] sweep lam=0.774263682681127 epoch 23/25 time=1.13s device=cuda
INFO:src.estimators.masked_ae:[masked-ae] sweep lam=0.774263682681127 epoch 24/25 time=1.24s device=cuda
INFO:src.estimators.masked_ae:[masked-ae] sweep lam=0.774263682681127 epoch 25/25 time=1.13s device=cuda
INFO:src.estimators.masked_ae:[masked-ae] sweep lam=1.291549665014884 epoch 1/25 time=1.12s device=cuda
INFO:src.estimators.masked_ae:[masked-ae] sweep lam=1.291549665014884 epoch 2/25 time=1.17s device=cuda
INFO:src.estimators.masked_ae:[masked-ae] sweep lam=1.291549665014884 epoch 3/25 time=1.31s device=cuda
INFO:src.estimators.masked_ae:[masked-ae] sweep lam=1.291549665014884 epoch 4/25 time=1.20s device=cuda
INFO:src.estimators.masked_ae:[masked-ae] sweep lam=1.291549665014884 epoch 5/25 time=1.27s device=cuda
INFO:src.estimators.masked_ae:[masked-ae] sweep lam=1.291549665014884 epoch 6/25 time=1.16s device=cuda
INFO:src.estimators.masked_ae:[masked-ae] sweep lam=1.291549665014884 epoch 7/25 time=1.07s device=cuda
INFO:src.estimators.masked_ae:[masked-ae] sweep lam=1.291549665014884 epoch 8/25 time=0.97s device=cuda
INFO:src.estimators.masked_ae:[masked-ae] sweep lam=1.291549665014884 epoch 9/25 time=1.40s device=cuda
INFO:src.estimators.masked_ae:[masked-ae] sweep lam=1.291549665014884 epoch 10/25 time=1.12s device=cuda
INFO:src.estimators.masked_ae:[masked-ae] sweep lam=1.291549665014884 epoch 11/25 time=1.03s device=cuda
INFO:src.estimators.masked_ae:[masked-ae] sweep lam=1.291549665014884 epoch 12/25 time=1.18s device=cuda
INFO:src.estimators.masked_ae:[masked-ae] sweep lam=1.291549665014884 epoch 13/25 time=1.10s device=cuda
INFO:src.estimators.masked_ae:[masked-ae] sweep lam=1.291549665014884 epoch 14/25 time=1.14s device=cuda
INFO:src.estimators.masked_ae:[masked-ae] sweep lam=1.291549665014884 epoch 15/25 time=1.08s device=cuda
INFO:src.estimators.masked_ae:[masked-ae] sweep lam=1.291549665014884 epoch 16/25 time=1.17s device=cuda
INFO:src.estimators.masked_ae:[masked-ae] sweep lam=1.291549665014884 epoch 17/25 time=1.07s device=cuda
INFO:src.estimators.masked_ae:[masked-ae] sweep lam=1.291549665014884 epoch 18/25 time=1.17s device=cuda
INFO:src.estimators.masked_ae:[masked-ae] sweep lam=1.291549665014884 epoch 19/25 time=1.20s device=cuda
INFO:src.estimators.masked_ae:[masked-ae] sweep lam=1.291549665014884 epoch 20/25 time=1.02s device=cuda
INFO:src.estimators.masked_ae:[masked-ae] sweep lam=1.291549665014884 epoch 21/25 time=1.19s device=cuda
INFO:src.estimators.masked_ae:[masked-ae] sweep lam=1.291549665014884 epoch 22/25 time=1.27s device=cuda
INFO:src.estimators.masked_ae:[masked-ae] sweep lam=1.291549665014884 epoch 23/25 time=1.07s device=cuda
INFO:src.estimators.masked_ae:[masked-ae] sweep lam=1.291549665014884 epoch 24/25 time=1.19s device=cuda
INFO:src.estimators.masked_ae:[masked-ae] sweep lam=1.291549665014884 epoch 25/25 time=1.04s device=cuda
INFO:src.estimators.masked_ae:[masked-ae] sweep lam=2.1544346900318834 epoch 1/25 time=1.01s device=cuda
INFO:src.estimators.masked_ae:[masked-ae] sweep lam=2.1544346900318834 epoch 2/25 time=1.06s device=cuda
INFO:src.estimators.masked_ae:[masked-ae] sweep lam=2.1544346900318834 epoch 3/25 time=1.07s device=cuda
INFO:src.estimators.masked_ae:[masked-ae] sweep lam=2.1544346900318834 epoch 4/25 time=1.10s device=cuda
INFO:src.estimators.masked_ae:[masked-ae] sweep lam=2.1544346900318834 epoch 5/25 time=1.08s device=cuda
INFO:src.estimators.masked_ae:[masked-ae] sweep lam=2.1544346900318834 epoch 6/25 time=1.25s device=cuda
INFO:src.estimators.masked_ae:[masked-ae] sweep lam=2.1544346900318834 epoch 7/25 time=1.28s device=cuda
INFO:src.estimators.masked_ae:[masked-ae] sweep lam=2.1544346900318834 epoch 8/25 time=1.09s device=cuda
INFO:src.estimators.masked_ae:[masked-ae] sweep lam=2.1544346900318834 epoch 9/25 time=1.18s device=cuda
INFO:src.estimators.masked_ae:[masked-ae] sweep lam=2.1544346900318834 epoch 10/25 time=1.20s device=cuda
INFO:src.estimators.masked_ae:[masked-ae] sweep lam=2.1544346900318834 epoch 11/25 time=1.17s device=cuda
INFO:src.estimators.masked_ae:[masked-ae] sweep lam=2.1544346900318834 epoch 12/25 time=1.03s device=cuda
INFO:src.estimators.masked_ae:[masked-ae] sweep lam=2.1544346900318834 epoch 13/25 time=1.30s device=cuda
INFO:src.estimators.masked_ae:[masked-ae] sweep lam=2.1544346900318834 epoch 14/25 time=1.10s device=cuda
INFO:src.estimators.masked_ae:[masked-ae] sweep lam=2.1544346900318834 epoch 15/25 time=1.02s device=cuda
INFO:src.estimators.masked_ae:[masked-ae] sweep lam=2.1544346900318834 epoch 16/25 time=1.13s device=cuda
INFO:src.estimators.masked_ae:[masked-ae] sweep lam=2.1544346900318834 epoch 17/25 time=1.15s device=cuda
INFO:src.estimators.masked_ae:[masked-ae] sweep lam=2.1544346900318834 epoch 18/25 time=1.07s device=cuda
INFO:src.estimators.masked_ae:[masked-ae] sweep lam=2.1544346900318834 epoch 19/25 time=1.11s device=cuda
INFO:src.estimators.masked_ae:[masked-ae] sweep lam=2.1544346900318834 epoch 20/25 time=1.12s device=cuda
INFO:src.estimators.masked_ae:[masked-ae] sweep lam=2.1544346900318834 epoch 21/25 time=1.06s device=cuda
INFO:src.estimators.masked_ae:[masked-ae] sweep lam=2.1544346900318834 epoch 22/25 time=1.16s device=cuda
INFO:src.estimators.masked_ae:[masked-ae] sweep lam=2.1544346900318834 epoch 23/25 time=1.10s device=cuda
INFO:src.estimators.masked_ae:[masked-ae] sweep lam=2.1544346900318834 epoch 24/25 time=1.14s device=cuda
INFO:src.estimators.masked_ae:[masked-ae] sweep lam=2.1544346900318834 epoch 25/25 time=1.18s device=cuda
INFO:src.estimators.masked_ae:[masked-ae] sweep lam=3.593813663804626 epoch 1/25 time=1.07s device=cuda
INFO:src.estimators.masked_ae:[masked-ae] sweep lam=3.593813663804626 epoch 2/25 time=1.07s device=cuda
INFO:src.estimators.masked_ae:[masked-ae] sweep lam=3.593813663804626 epoch 3/25 time=1.14s device=cuda
INFO:src.estimators.masked_ae:[masked-ae] sweep lam=3.593813663804626 epoch 4/25 time=1.09s device=cuda
INFO:src.estimators.masked_ae:[masked-ae] sweep lam=3.593813663804626 epoch 5/25 time=1.15s device=cuda
INFO:src.estimators.masked_ae:[masked-ae] sweep lam=3.593813663804626 epoch 6/25 time=1.19s device=cuda
INFO:src.estimators.masked_ae:[masked-ae] sweep lam=3.593813663804626 epoch 7/25 time=1.00s device=cuda
INFO:src.estimators.masked_ae:[masked-ae] sweep lam=3.593813663804626 epoch 8/25 time=1.14s device=cuda
INFO:src.estimators.masked_ae:[masked-ae] sweep lam=3.593813663804626 epoch 9/25 time=1.19s device=cuda
INFO:src.estimators.masked_ae:[masked-ae] sweep lam=3.593813663804626 epoch 10/25 time=1.15s device=cuda
INFO:src.estimators.masked_ae:[masked-ae] sweep lam=3.593813663804626 epoch 11/25 time=1.06s device=cuda
INFO:src.estimators.masked_ae:[masked-ae] sweep lam=3.593813663804626 epoch 12/25 time=1.00s device=cuda
INFO:src.estimators.masked_ae:[masked-ae] sweep lam=3.593813663804626 epoch 13/25 time=1.22s device=cuda
INFO:src.estimators.masked_ae:[masked-ae] sweep lam=3.593813663804626 epoch 14/25 time=1.03s device=cuda
INFO:src.estimators.masked_ae:[masked-ae] sweep lam=3.593813663804626 epoch 15/25 time=1.07s device=cuda
INFO:src.estimators.masked_ae:[masked-ae] sweep lam=3.593813663804626 epoch 16/25 time=1.01s device=cuda
INFO:src.estimators.masked_ae:[masked-ae] sweep lam=3.593813663804626 epoch 17/25 time=1.10s device=cuda
INFO:src.estimators.masked_ae:[masked-ae] sweep lam=3.593813663804626 epoch 18/25 time=0.98s device=cuda
INFO:src.estimators.masked_ae:[masked-ae] sweep lam=3.593813663804626 epoch 19/25 time=1.01s device=cuda
INFO:src.estimators.masked_ae:[masked-ae] sweep lam=3.593813663804626 epoch 20/25 time=1.09s device=cuda
INFO:src.estimators.masked_ae:[masked-ae] sweep lam=3.593813663804626 epoch 21/25 time=1.02s device=cuda
INFO:src.estimators.masked_ae:[masked-ae] sweep lam=3.593813663804626 epoch 22/25 time=1.12s device=cuda
INFO:src.estimators.masked_ae:[masked-ae] sweep lam=3.593813663804626 epoch 23/25 time=1.10s device=cuda
INFO:src.estimators.masked_ae:[masked-ae] sweep lam=3.593813663804626 epoch 24/25 time=1.07s device=cuda
INFO:src.estimators.masked_ae:[masked-ae] sweep lam=3.593813663804626 epoch 25/25 time=1.26s device=cuda
INFO:src.estimators.masked_ae:[masked-ae] sweep lam=5.994842503189409 epoch 1/25 time=1.21s device=cuda
INFO:src.estimators.masked_ae:[masked-ae] sweep lam=5.994842503189409 epoch 2/25 time=1.30s device=cuda
INFO:src.estimators.masked_ae:[masked-ae] sweep lam=5.994842503189409 epoch 3/25 time=1.11s device=cuda
INFO:src.estimators.masked_ae:[masked-ae] sweep lam=5.994842503189409 epoch 4/25 time=1.05s device=cuda
INFO:src.estimators.masked_ae:[masked-ae] sweep lam=5.994842503189409 epoch 5/25 time=1.11s device=cuda
INFO:src.estimators.masked_ae:[masked-ae] sweep lam=5.994842503189409 epoch 6/25 time=1.02s device=cuda
INFO:src.estimators.masked_ae:[masked-ae] sweep lam=5.994842503189409 epoch 7/25 time=1.19s device=cuda
INFO:src.estimators.masked_ae:[masked-ae] sweep lam=5.994842503189409 epoch 8/25 time=1.07s device=cuda
INFO:src.estimators.masked_ae:[masked-ae] sweep lam=5.994842503189409 epoch 9/25 time=1.22s device=cuda
INFO:src.estimators.masked_ae:[masked-ae] sweep lam=5.994842503189409 epoch 10/25 time=1.11s device=cuda
INFO:src.estimators.masked_ae:[masked-ae] sweep lam=5.994842503189409 epoch 11/25 time=1.12s device=cuda
INFO:src.estimators.masked_ae:[masked-ae] sweep lam=5.994842503189409 epoch 12/25 time=1.04s device=cuda
INFO:src.estimators.masked_ae:[masked-ae] sweep lam=5.994842503189409 epoch 13/25 time=1.08s device=cuda
INFO:src.estimators.masked_ae:[masked-ae] sweep lam=5.994842503189409 epoch 14/25 time=1.13s device=cuda
INFO:src.estimators.masked_ae:[masked-ae] sweep lam=5.994842503189409 epoch 15/25 time=1.18s device=cuda
INFO:src.estimators.masked_ae:[masked-ae] sweep lam=5.994842503189409 epoch 16/25 time=1.03s device=cuda
INFO:src.estimators.masked_ae:[masked-ae] sweep lam=5.994842503189409 epoch 17/25 time=1.02s device=cuda
INFO:src.estimators.masked_ae:[masked-ae] sweep lam=5.994842503189409 epoch 18/25 time=1.12s device=cuda
INFO:src.estimators.masked_ae:[masked-ae] sweep lam=5.994842503189409 epoch 19/25 time=1.24s device=cuda
INFO:src.estimators.masked_ae:[masked-ae] sweep lam=5.994842503189409 epoch 20/25 time=1.29s device=cuda
INFO:src.estimators.masked_ae:[masked-ae] sweep lam=5.994842503189409 epoch 21/25 time=1.00s device=cuda
INFO:src.estimators.masked_ae:[masked-ae] sweep lam=5.994842503189409 epoch 22/25 time=1.06s device=cuda
INFO:src.estimators.masked_ae:[masked-ae] sweep lam=5.994842503189409 epoch 23/25 time=1.22s device=cuda
INFO:src.estimators.masked_ae:[masked-ae] sweep lam=5.994842503189409 epoch 24/25 time=1.07s device=cuda
INFO:src.estimators.masked_ae:[masked-ae] sweep lam=5.994842503189409 epoch 25/25 time=1.21s device=cuda
INFO:src.estimators.masked_ae:[masked-ae] sweep lam=10.0 epoch 1/25 time=1.08s device=cuda
INFO:src.estimators.masked_ae:[masked-ae] sweep lam=10.0 epoch 2/25 time=1.04s device=cuda
INFO:src.estimators.masked_ae:[masked-ae] sweep lam=10.0 epoch 3/25 time=1.22s device=cuda
INFO:src.estimators.masked_ae:[masked-ae] sweep lam=10.0 epoch 4/25 time=1.12s device=cuda
INFO:src.estimators.masked_ae:[masked-ae] sweep lam=10.0 epoch 5/25 time=1.11s device=cuda
INFO:src.estimators.masked_ae:[masked-ae] sweep lam=10.0 epoch 6/25 time=1.11s device=cuda
INFO:src.estimators.masked_ae:[masked-ae] sweep lam=10.0 epoch 7/25 time=1.20s device=cuda
INFO:src.estimators.masked_ae:[masked-ae] sweep lam=10.0 epoch 8/25 time=1.09s device=cuda
INFO:src.estimators.masked_ae:[masked-ae] sweep lam=10.0 epoch 9/25 time=1.14s device=cuda
INFO:src.estimators.masked_ae:[masked-ae] sweep lam=10.0 epoch 10/25 time=1.12s device=cuda
INFO:src.estimators.masked_ae:[masked-ae] sweep lam=10.0 epoch 11/25 time=1.03s device=cuda
INFO:src.estimators.masked_ae:[masked-ae] sweep lam=10.0 epoch 12/25 time=1.12s device=cuda
INFO:src.estimators.masked_ae:[masked-ae] sweep lam=10.0 epoch 13/25 time=1.09s device=cuda
INFO:src.estimators.masked_ae:[masked-ae] sweep lam=10.0 epoch 14/25 time=1.04s device=cuda
INFO:src.estimators.masked_ae:[masked-ae] sweep lam=10.0 epoch 15/25 time=1.07s device=cuda
INFO:src.estimators.masked_ae:[masked-ae] sweep lam=10.0 epoch 16/25 time=1.19s device=cuda
INFO:src.estimators.masked_ae:[masked-ae] sweep lam=10.0 epoch 17/25 time=1.02s device=cuda
INFO:src.estimators.masked_ae:[masked-ae] sweep lam=10.0 epoch 18/25 time=1.09s device=cuda
INFO:src.estimators.masked_ae:[masked-ae] sweep lam=10.0 epoch 19/25 time=1.05s device=cuda
INFO:src.estimators.masked_ae:[masked-ae] sweep lam=10.0 epoch 20/25 time=1.04s device=cuda
INFO:src.estimators.masked_ae:[masked-ae] sweep lam=10.0 epoch 21/25 time=1.16s device=cuda
INFO:src.estimators.masked_ae:[masked-ae] sweep lam=10.0 epoch 22/25 time=1.08s device=cuda
INFO:src.estimators.masked_ae:[masked-ae] sweep lam=10.0 epoch 23/25 time=1.03s device=cuda
INFO:src.estimators.masked_ae:[masked-ae] sweep lam=10.0 epoch 24/25 time=1.06s device=cuda
INFO:src.estimators.masked_ae:[masked-ae] sweep lam=10.0 epoch 25/25 time=1.13s device=cuda
INFO:src.estimators.masked_ae:[masked-ae] retrain epoch 1/35 time=1.06s device=cuda
INFO:src.estimators.masked_ae:[masked-ae] retrain epoch 2/35 time=1.03s device=cuda
INFO:src.estimators.masked_ae:[masked-ae] retrain epoch 3/35 time=1.15s device=cuda
INFO:src.estimators.masked_ae:[masked-ae] retrain epoch 4/35 time=1.29s device=cuda
INFO:src.estimators.masked_ae:[masked-ae] retrain epoch 5/35 time=1.14s device=cuda
INFO:src.estimators.masked_ae:[masked-ae] retrain epoch 6/35 time=1.05s device=cuda
INFO:src.estimators.masked_ae:[masked-ae] retrain epoch 7/35 time=1.02s device=cuda
INFO:src.estimators.masked_ae:[masked-ae] retrain epoch 8/35 time=1.12s device=cuda
INFO:src.estimators.masked_ae:[masked-ae] retrain epoch 9/35 time=1.09s device=cuda
INFO:src.estimators.masked_ae:[masked-ae] retrain epoch 10/35 time=0.99s device=cuda
INFO:src.estimators.masked_ae:[masked-ae] retrain epoch 11/35 time=1.18s device=cuda
INFO:src.estimators.masked_ae:[masked-ae] retrain epoch 12/35 time=1.07s device=cuda
INFO:src.estimators.masked_ae:[masked-ae] retrain epoch 13/35 time=1.07s device=cuda
INFO:src.estimators.masked_ae:[masked-ae] retrain epoch 14/35 time=1.16s device=cuda
INFO:src.estimators.masked_ae:[masked-ae] retrain epoch 15/35 time=1.17s device=cuda
INFO:src.estimators.masked_ae:[masked-ae] retrain epoch 16/35 time=1.07s device=cuda
INFO:src.estimators.masked_ae:[masked-ae] retrain epoch 17/35 time=1.24s device=cuda
INFO:src.estimators.masked_ae:[masked-ae] retrain epoch 18/35 time=1.02s device=cuda
INFO:src.estimators.masked_ae:[masked-ae] retrain epoch 19/35 time=1.17s device=cuda
INFO:src.estimators.masked_ae:[masked-ae] retrain epoch 20/35 time=1.25s device=cuda
INFO:src.estimators.masked_ae:[masked-ae] retrain epoch 21/35 time=1.13s device=cuda
INFO:src.estimators.masked_ae:[masked-ae] retrain epoch 22/35 time=1.07s device=cuda
INFO:src.estimators.masked_ae:[masked-ae] retrain epoch 23/35 time=1.18s device=cuda
INFO:src.estimators.masked_ae:[masked-ae] retrain epoch 24/35 time=1.33s device=cuda
INFO:src.estimators.masked_ae:[masked-ae] retrain epoch 25/35 time=1.15s device=cuda
INFO:src.estimators.masked_ae:[masked-ae] retrain epoch 26/35 time=1.07s device=cuda
INFO:src.estimators.masked_ae:[masked-ae] retrain epoch 27/35 time=1.25s device=cuda
INFO:src.estimators.masked_ae:[masked-ae] retrain epoch 28/35 time=1.18s device=cuda
INFO:src.estimators.masked_ae:[masked-ae] retrain epoch 29/35 time=1.26s device=cuda
INFO:src.estimators.masked_ae:[masked-ae] retrain epoch 30/35 time=1.11s device=cuda
INFO:src.estimators.masked_ae:[masked-ae] retrain epoch 31/35 time=1.39s device=cuda
INFO:src.estimators.masked_ae:[masked-ae] retrain epoch 32/35 time=1.29s device=cuda
INFO:src.estimators.masked_ae:[masked-ae] retrain epoch 33/35 time=1.11s device=cuda
INFO:src.estimators.masked_ae:[masked-ae] retrain epoch 34/35 time=1.27s device=cuda
INFO:src.estimators.masked_ae:[masked-ae] retrain epoch 35/35 time=1.13s device=cuda
INFO:repair_masked_ae:Group ('mnist', 9, 0.0, 1) repaired: estimate=19.0 elapsed_s=338.54 device=cuda samples=60000 rows=5
INFO:repair_masked_ae:Processing group key=('mnist', 9, 0.25, 1) with 5 rows; example row 415
INFO:src.estimators.masked_ae:[masked-ae] pretrain epoch 1/10 time=1.06s device=cuda
INFO:src.estimators.masked_ae:[masked-ae] pretrain epoch 2/10 time=1.03s device=cuda
INFO:src.estimators.masked_ae:[masked-ae] pretrain epoch 3/10 time=1.04s device=cuda
INFO:src.estimators.masked_ae:[masked-ae] pretrain epoch 4/10 time=1.03s device=cuda
INFO:src.estimators.masked_ae:[masked-ae] pretrain epoch 5/10 time=0.98s device=cuda
INFO:src.estimators.masked_ae:[masked-ae] pretrain epoch 6/10 time=1.00s device=cuda
INFO:src.estimators.masked_ae:[masked-ae] pretrain epoch 7/10 time=1.62s device=cuda
INFO:src.estimators.masked_ae:[masked-ae] pretrain epoch 8/10 time=1.13s device=cuda
INFO:src.estimators.masked_ae:[masked-ae] pretrain epoch 9/10 time=1.01s device=cuda
INFO:src.estimators.masked_ae:[masked-ae] pretrain epoch 10/10 time=1.04s device=cuda
INFO:src.estimators.masked_ae:[masked-ae] sweep lam=0.1 epoch 1/25 time=1.12s device=cuda
INFO:src.estimators.masked_ae:[masked-ae] sweep lam=0.1 epoch 2/25 time=1.33s device=cuda
INFO:src.estimators.masked_ae:[masked-ae] sweep lam=0.1 epoch 3/25 time=1.10s device=cuda
INFO:src.estimators.masked_ae:[masked-ae] sweep lam=0.1 epoch 4/25 time=1.14s device=cuda
INFO:src.estimators.masked_ae:[masked-ae] sweep lam=0.1 epoch 5/25 time=1.35s device=cuda
INFO:src.estimators.masked_ae:[masked-ae] sweep lam=0.1 epoch 6/25 time=1.12s device=cuda
INFO:src.estimators.masked_ae:[masked-ae] sweep lam=0.1 epoch 7/25 time=1.12s device=cuda
INFO:src.estimators.masked_ae:[masked-ae] sweep lam=0.1 epoch 8/25 time=1.25s device=cuda
INFO:src.estimators.masked_ae:[masked-ae] sweep lam=0.1 epoch 9/25 time=1.12s device=cuda
INFO:src.estimators.masked_ae:[masked-ae] sweep lam=0.1 epoch 10/25 time=1.06s device=cuda
INFO:src.estimators.masked_ae:[masked-ae] sweep lam=0.1 epoch 11/25 time=1.12s device=cuda
INFO:src.estimators.masked_ae:[masked-ae] sweep lam=0.1 epoch 12/25 time=1.14s device=cuda
INFO:src.estimators.masked_ae:[masked-ae] sweep lam=0.1 epoch 13/25 time=1.16s device=cuda
INFO:src.estimators.masked_ae:[masked-ae] sweep lam=0.1 epoch 14/25 time=1.15s device=cuda
INFO:src.estimators.masked_ae:[masked-ae] sweep lam=0.1 epoch 15/25 time=1.13s device=cuda
INFO:src.estimators.masked_ae:[masked-ae] sweep lam=0.1 epoch 16/25 time=1.22s device=cuda
INFO:src.estimators.masked_ae:[masked-ae] sweep lam=0.1 epoch 17/25 time=1.09s device=cuda
INFO:src.estimators.masked_ae:[masked-ae] sweep lam=0.1 epoch 18/25 time=1.11s device=cuda
INFO:src.estimators.masked_ae:[masked-ae] sweep lam=0.1 epoch 19/25 time=1.12s device=cuda
INFO:src.estimators.masked_ae:[masked-ae] sweep lam=0.1 epoch 20/25 time=1.12s device=cuda
INFO:src.estimators.masked_ae:[masked-ae] sweep lam=0.1 epoch 21/25 time=1.06s device=cuda
INFO:src.estimators.masked_ae:[masked-ae] sweep lam=0.1 epoch 22/25 time=1.14s device=cuda
INFO:src.estimators.masked_ae:[masked-ae] sweep lam=0.1 epoch 23/25 time=1.15s device=cuda
INFO:src.estimators.masked_ae:[masked-ae] sweep lam=0.1 epoch 24/25 time=1.10s device=cuda
INFO:src.estimators.masked_ae:[masked-ae] sweep lam=0.1 epoch 25/25 time=1.10s device=cuda
INFO:src.estimators.masked_ae:[masked-ae] sweep lam=0.16681005372000587 epoch 1/25 time=1.20s device=cuda
INFO:src.estimators.masked_ae:[masked-ae] sweep lam=0.16681005372000587 epoch 2/25 time=1.25s device=cuda
INFO:src.estimators.masked_ae:[masked-ae] sweep lam=0.16681005372000587 epoch 3/25 time=1.17s device=cuda
INFO:src.estimators.masked_ae:[masked-ae] sweep lam=0.16681005372000587 epoch 4/25 time=1.28s device=cuda
INFO:src.estimators.masked_ae:[masked-ae] sweep lam=0.16681005372000587 epoch 5/25 time=1.08s device=cuda
INFO:src.estimators.masked_ae:[masked-ae] sweep lam=0.16681005372000587 epoch 6/25 time=1.09s device=cuda
INFO:src.estimators.masked_ae:[masked-ae] sweep lam=0.16681005372000587 epoch 7/25 time=1.20s device=cuda
INFO:src.estimators.masked_ae:[masked-ae] sweep lam=0.16681005372000587 epoch 8/25 time=1.17s device=cuda
INFO:src.estimators.masked_ae:[masked-ae] sweep lam=0.16681005372000587 epoch 9/25 time=1.16s device=cuda
INFO:src.estimators.masked_ae:[masked-ae] sweep lam=0.16681005372000587 epoch 10/25 time=1.15s device=cuda
INFO:src.estimators.masked_ae:[masked-ae] sweep lam=0.16681005372000587 epoch 11/25 time=1.31s device=cuda
INFO:src.estimators.masked_ae:[masked-ae] sweep lam=0.16681005372000587 epoch 12/25 time=1.11s device=cuda
INFO:src.estimators.masked_ae:[masked-ae] sweep lam=0.16681005372000587 epoch 13/25 time=1.11s device=cuda
INFO:src.estimators.masked_ae:[masked-ae] sweep lam=0.16681005372000587 epoch 14/25 time=1.10s device=cuda
INFO:src.estimators.masked_ae:[masked-ae] sweep lam=0.16681005372000587 epoch 15/25 time=1.18s device=cuda
INFO:src.estimators.masked_ae:[masked-ae] sweep lam=0.16681005372000587 epoch 16/25 time=1.15s device=cuda
INFO:src.estimators.masked_ae:[masked-ae] sweep lam=0.16681005372000587 epoch 17/25 time=1.21s device=cuda
INFO:src.estimators.masked_ae:[masked-ae] sweep lam=0.16681005372000587 epoch 18/25 time=1.19s device=cuda
INFO:src.estimators.masked_ae:[masked-ae] sweep lam=0.16681005372000587 epoch 19/25 time=1.10s device=cuda
INFO:src.estimators.masked_ae:[masked-ae] sweep lam=0.16681005372000587 epoch 20/25 time=1.11s device=cuda
INFO:src.estimators.masked_ae:[masked-ae] sweep lam=0.16681005372000587 epoch 21/25 time=1.13s device=cuda
INFO:src.estimators.masked_ae:[masked-ae] sweep lam=0.16681005372000587 epoch 22/25 time=1.22s device=cuda
INFO:src.estimators.masked_ae:[masked-ae] sweep lam=0.16681005372000587 epoch 23/25 time=1.29s device=cuda
INFO:src.estimators.masked_ae:[masked-ae] sweep lam=0.16681005372000587 epoch 24/25 time=1.22s device=cuda
INFO:src.estimators.masked_ae:[masked-ae] sweep lam=0.16681005372000587 epoch 25/25 time=1.15s device=cuda
INFO:src.estimators.masked_ae:[masked-ae] sweep lam=0.2782559402207124 epoch 1/25 time=1.10s device=cuda
INFO:src.estimators.masked_ae:[masked-ae] sweep lam=0.2782559402207124 epoch 2/25 time=1.16s device=cuda
INFO:src.estimators.masked_ae:[masked-ae] sweep lam=0.2782559402207124 epoch 3/25 time=1.06s device=cuda
INFO:src.estimators.masked_ae:[masked-ae] sweep lam=0.2782559402207124 epoch 4/25 time=1.33s device=cuda
INFO:src.estimators.masked_ae:[masked-ae] sweep lam=0.2782559402207124 epoch 5/25 time=1.16s device=cuda
INFO:src.estimators.masked_ae:[masked-ae] sweep lam=0.2782559402207124 epoch 6/25 time=1.09s device=cuda
INFO:src.estimators.masked_ae:[masked-ae] sweep lam=0.2782559402207124 epoch 7/25 time=1.28s device=cuda
INFO:src.estimators.masked_ae:[masked-ae] sweep lam=0.2782559402207124 epoch 8/25 time=1.10s device=cuda
INFO:src.estimators.masked_ae:[masked-ae] sweep lam=0.2782559402207124 epoch 9/25 time=1.07s device=cuda
INFO:src.estimators.masked_ae:[masked-ae] sweep lam=0.2782559402207124 epoch 10/25 time=1.12s device=cuda
INFO:src.estimators.masked_ae:[masked-ae] sweep lam=0.2782559402207124 epoch 11/25 time=1.15s device=cuda
INFO:src.estimators.masked_ae:[masked-ae] sweep lam=0.2782559402207124 epoch 12/25 time=1.13s device=cuda
INFO:src.estimators.masked_ae:[masked-ae] sweep lam=0.2782559402207124 epoch 13/25 time=1.15s device=cuda
INFO:src.estimators.masked_ae:[masked-ae] sweep lam=0.2782559402207124 epoch 14/25 time=1.11s device=cuda
INFO:src.estimators.masked_ae:[masked-ae] sweep lam=0.2782559402207124 epoch 15/25 time=1.07s device=cuda
INFO:src.estimators.masked_ae:[masked-ae] sweep lam=0.2782559402207124 epoch 16/25 time=1.10s device=cuda
INFO:src.estimators.masked_ae:[masked-ae] sweep lam=0.2782559402207124 epoch 17/25 time=1.02s device=cuda
INFO:src.estimators.masked_ae:[masked-ae] sweep lam=0.2782559402207124 epoch 18/25 time=1.04s device=cuda
INFO:src.estimators.masked_ae:[masked-ae] sweep lam=0.2782559402207124 epoch 19/25 time=1.23s device=cuda
INFO:src.estimators.masked_ae:[masked-ae] sweep lam=0.2782559402207124 epoch 20/25 time=1.14s device=cuda
INFO:src.estimators.masked_ae:[masked-ae] sweep lam=0.2782559402207124 epoch 21/25 time=1.19s device=cuda
INFO:src.estimators.masked_ae:[masked-ae] sweep lam=0.2782559402207124 epoch 22/25 time=1.12s device=cuda
INFO:src.estimators.masked_ae:[masked-ae] sweep lam=0.2782559402207124 epoch 23/25 time=1.20s device=cuda
INFO:src.estimators.masked_ae:[masked-ae] sweep lam=0.2782559402207124 epoch 24/25 time=1.17s device=cuda
INFO:src.estimators.masked_ae:[masked-ae] sweep lam=0.2782559402207124 epoch 25/25 time=1.23s device=cuda
INFO:src.estimators.masked_ae:[masked-ae] sweep lam=0.46415888336127786 epoch 1/25 time=1.30s device=cuda
INFO:src.estimators.masked_ae:[masked-ae] sweep lam=0.46415888336127786 epoch 2/25 time=1.27s device=cuda
INFO:src.estimators.masked_ae:[masked-ae] sweep lam=0.46415888336127786 epoch 3/25 time=1.19s device=cuda
INFO:src.estimators.masked_ae:[masked-ae] sweep lam=0.46415888336127786 epoch 4/25 time=1.10s device=cuda
INFO:src.estimators.masked_ae:[masked-ae] sweep lam=0.46415888336127786 epoch 5/25 time=1.16s device=cuda
INFO:src.estimators.masked_ae:[masked-ae] sweep lam=0.46415888336127786 epoch 6/25 time=1.21s device=cuda
INFO:src.estimators.masked_ae:[masked-ae] sweep lam=0.46415888336127786 epoch 7/25 time=1.15s device=cuda
INFO:src.estimators.masked_ae:[masked-ae] sweep lam=0.46415888336127786 epoch 8/25 time=1.22s device=cuda
INFO:src.estimators.masked_ae:[masked-ae] sweep lam=0.46415888336127786 epoch 9/25 time=1.11s device=cuda
INFO:src.estimators.masked_ae:[masked-ae] sweep lam=0.46415888336127786 epoch 10/25 time=1.14s device=cuda
INFO:src.estimators.masked_ae:[masked-ae] sweep lam=0.46415888336127786 epoch 11/25 time=1.09s device=cuda
INFO:src.estimators.masked_ae:[masked-ae] sweep lam=0.46415888336127786 epoch 12/25 time=1.09s device=cuda
INFO:src.estimators.masked_ae:[masked-ae] sweep lam=0.46415888336127786 epoch 13/25 time=1.17s device=cuda
INFO:src.estimators.masked_ae:[masked-ae] sweep lam=0.46415888336127786 epoch 14/25 time=1.12s device=cuda
INFO:src.estimators.masked_ae:[masked-ae] sweep lam=0.46415888336127786 epoch 15/25 time=1.21s device=cuda
INFO:src.estimators.masked_ae:[masked-ae] sweep lam=0.46415888336127786 epoch 16/25 time=1.13s device=cuda
INFO:src.estimators.masked_ae:[masked-ae] sweep lam=0.46415888336127786 epoch 17/25 time=1.15s device=cuda
INFO:src.estimators.masked_ae:[masked-ae] sweep lam=0.46415888336127786 epoch 18/25 time=1.15s device=cuda
INFO:src.estimators.masked_ae:[masked-ae] sweep lam=0.46415888336127786 epoch 19/25 time=1.15s device=cuda
INFO:src.estimators.masked_ae:[masked-ae] sweep lam=0.46415888336127786 epoch 20/25 time=1.14s device=cuda
INFO:src.estimators.masked_ae:[masked-ae] sweep lam=0.46415888336127786 epoch 21/25 time=1.13s device=cuda
INFO:src.estimators.masked_ae:[masked-ae] sweep lam=0.46415888336127786 epoch 22/25 time=1.07s device=cuda
INFO:src.estimators.masked_ae:[masked-ae] sweep lam=0.46415888336127786 epoch 23/25 time=1.17s device=cuda
INFO:src.estimators.masked_ae:[masked-ae] sweep lam=0.46415888336127786 epoch 24/25 time=1.21s device=cuda
INFO:src.estimators.masked_ae:[masked-ae] sweep lam=0.46415888336127786 epoch 25/25 time=1.07s device=cuda
INFO:src.estimators.masked_ae:[masked-ae] sweep lam=0.774263682681127 epoch 1/25 time=1.14s device=cuda
INFO:src.estimators.masked_ae:[masked-ae] sweep lam=0.774263682681127 epoch 2/25 time=1.16s device=cuda
INFO:src.estimators.masked_ae:[masked-ae] sweep lam=0.774263682681127 epoch 3/25 time=1.20s device=cuda
INFO:src.estimators.masked_ae:[masked-ae] sweep lam=0.774263682681127 epoch 4/25 time=1.13s device=cuda
INFO:src.estimators.masked_ae:[masked-ae] sweep lam=0.774263682681127 epoch 5/25 time=1.09s device=cuda
INFO:src.estimators.masked_ae:[masked-ae] sweep lam=0.774263682681127 epoch 6/25 time=1.21s device=cuda
INFO:src.estimators.masked_ae:[masked-ae] sweep lam=0.774263682681127 epoch 7/25 time=1.14s device=cuda
INFO:src.estimators.masked_ae:[masked-ae] sweep lam=0.774263682681127 epoch 8/25 time=1.17s device=cuda
INFO:src.estimators.masked_ae:[masked-ae] sweep lam=0.774263682681127 epoch 9/25 time=1.13s device=cuda
INFO:src.estimators.masked_ae:[masked-ae] sweep lam=0.774263682681127 epoch 10/25 time=1.15s device=cuda
INFO:src.estimators.masked_ae:[masked-ae] sweep lam=0.774263682681127 epoch 11/25 time=1.25s device=cuda
INFO:src.estimators.masked_ae:[masked-ae] sweep lam=0.774263682681127 epoch 12/25 time=1.19s device=cuda
INFO:src.estimators.masked_ae:[masked-ae] sweep lam=0.774263682681127 epoch 13/25 time=1.17s device=cuda
INFO:src.estimators.masked_ae:[masked-ae] sweep lam=0.774263682681127 epoch 14/25 time=1.16s device=cuda
INFO:src.estimators.masked_ae:[masked-ae] sweep lam=0.774263682681127 epoch 15/25 time=1.10s device=cuda
INFO:src.estimators.masked_ae:[masked-ae] sweep lam=0.774263682681127 epoch 16/25 time=1.10s device=cuda
INFO:src.estimators.masked_ae:[masked-ae] sweep lam=0.774263682681127 epoch 17/25 time=1.20s device=cuda
INFO:src.estimators.masked_ae:[masked-ae] sweep lam=0.774263682681127 epoch 18/25 time=1.12s device=cuda
INFO:src.estimators.masked_ae:[masked-ae] sweep lam=0.774263682681127 epoch 19/25 time=1.13s device=cuda
INFO:src.estimators.masked_ae:[masked-ae] sweep lam=0.774263682681127 epoch 20/25 time=1.11s device=cuda
INFO:src.estimators.masked_ae:[masked-ae] sweep lam=0.774263682681127 epoch 21/25 time=1.19s device=cuda
INFO:src.estimators.masked_ae:[masked-ae] sweep lam=0.774263682681127 epoch 22/25 time=1.19s device=cuda
INFO:src.estimators.masked_ae:[masked-ae] sweep lam=0.774263682681127 epoch 23/25 time=1.13s device=cuda
INFO:src.estimators.masked_ae:[masked-ae] sweep lam=0.774263682681127 epoch 24/25 time=1.10s device=cuda
INFO:src.estimators.masked_ae:[masked-ae] sweep lam=0.774263682681127 epoch 25/25 time=1.11s device=cuda
INFO:src.estimators.masked_ae:[masked-ae] sweep lam=1.291549665014884 epoch 1/25 time=1.08s device=cuda
INFO:src.estimators.masked_ae:[masked-ae] sweep lam=1.291549665014884 epoch 2/25 time=1.16s device=cuda
INFO:src.estimators.masked_ae:[masked-ae] sweep lam=1.291549665014884 epoch 3/25 time=1.07s device=cuda
INFO:src.estimators.masked_ae:[masked-ae] sweep lam=1.291549665014884 epoch 4/25 time=1.14s device=cuda
INFO:src.estimators.masked_ae:[masked-ae] sweep lam=1.291549665014884 epoch 5/25 time=1.14s device=cuda
INFO:src.estimators.masked_ae:[masked-ae] sweep lam=1.291549665014884 epoch 6/25 time=1.13s device=cuda
INFO:src.estimators.masked_ae:[masked-ae] sweep lam=1.291549665014884 epoch 7/25 time=1.33s device=cuda
INFO:src.estimators.masked_ae:[masked-ae] sweep lam=1.291549665014884 epoch 8/25 time=1.31s device=cuda
INFO:src.estimators.masked_ae:[masked-ae] sweep lam=1.291549665014884 epoch 9/25 time=1.11s device=cuda
INFO:src.estimators.masked_ae:[masked-ae] sweep lam=1.291549665014884 epoch 10/25 time=1.19s device=cuda
INFO:src.estimators.masked_ae:[masked-ae] sweep lam=1.291549665014884 epoch 11/25 time=1.11s device=cuda
INFO:src.estimators.masked_ae:[masked-ae] sweep lam=1.291549665014884 epoch 12/25 time=1.25s device=cuda
INFO:src.estimators.masked_ae:[masked-ae] sweep lam=1.291549665014884 epoch 13/25 time=1.13s device=cuda
INFO:src.estimators.masked_ae:[masked-ae] sweep lam=1.291549665014884 epoch 14/25 time=1.02s device=cuda
INFO:src.estimators.masked_ae:[masked-ae] sweep lam=1.291549665014884 epoch 15/25 time=1.16s device=cuda
INFO:src.estimators.masked_ae:[masked-ae] sweep lam=1.291549665014884 epoch 16/25 time=1.15s device=cuda
INFO:src.estimators.masked_ae:[masked-ae] sweep lam=1.291549665014884 epoch 17/25 time=1.26s device=cuda
INFO:src.estimators.masked_ae:[masked-ae] sweep lam=1.291549665014884 epoch 18/25 time=1.35s device=cuda
INFO:src.estimators.masked_ae:[masked-ae] sweep lam=1.291549665014884 epoch 19/25 time=1.17s device=cuda
INFO:src.estimators.masked_ae:[masked-ae] sweep lam=1.291549665014884 epoch 20/25 time=1.17s device=cuda
INFO:src.estimators.masked_ae:[masked-ae] sweep lam=1.291549665014884 epoch 21/25 time=1.23s device=cuda
INFO:src.estimators.masked_ae:[masked-ae] sweep lam=1.291549665014884 epoch 22/25 time=1.20s device=cuda
INFO:src.estimators.masked_ae:[masked-ae] sweep lam=1.291549665014884 epoch 23/25 time=1.11s device=cuda
INFO:src.estimators.masked_ae:[masked-ae] sweep lam=1.291549665014884 epoch 24/25 time=1.09s device=cuda
INFO:src.estimators.masked_ae:[masked-ae] sweep lam=1.291549665014884 epoch 25/25 time=1.11s device=cuda
INFO:src.estimators.masked_ae:[masked-ae] sweep lam=2.1544346900318834 epoch 1/25 time=1.28s device=cuda
INFO:src.estimators.masked_ae:[masked-ae] sweep lam=2.1544346900318834 epoch 2/25 time=1.13s device=cuda
INFO:src.estimators.masked_ae:[masked-ae] sweep lam=2.1544346900318834 epoch 3/25 time=1.14s device=cuda
INFO:src.estimators.masked_ae:[masked-ae] sweep lam=2.1544346900318834 epoch 4/25 time=1.15s device=cuda
INFO:src.estimators.masked_ae:[masked-ae] sweep lam=2.1544346900318834 epoch 5/25 time=1.15s device=cuda
INFO:src.estimators.masked_ae:[masked-ae] sweep lam=2.1544346900318834 epoch 6/25 time=1.09s device=cuda
INFO:src.estimators.masked_ae:[masked-ae] sweep lam=2.1544346900318834 epoch 7/25 time=1.10s device=cuda
INFO:src.estimators.masked_ae:[masked-ae] sweep lam=2.1544346900318834 epoch 8/25 time=1.16s device=cuda
INFO:src.estimators.masked_ae:[masked-ae] sweep lam=2.1544346900318834 epoch 9/25 time=1.13s device=cuda
INFO:src.estimators.masked_ae:[masked-ae] sweep lam=2.1544346900318834 epoch 10/25 time=1.06s device=cuda
INFO:src.estimators.masked_ae:[masked-ae] sweep lam=2.1544346900318834 epoch 11/25 time=1.20s device=cuda
INFO:src.estimators.masked_ae:[masked-ae] sweep lam=2.1544346900318834 epoch 12/25 time=1.10s device=cuda
INFO:src.estimators.masked_ae:[masked-ae] sweep lam=2.1544346900318834 epoch 13/25 time=1.16s device=cuda
INFO:src.estimators.masked_ae:[masked-ae] sweep lam=2.1544346900318834 epoch 14/25 time=1.16s device=cuda
INFO:src.estimators.masked_ae:[masked-ae] sweep lam=2.1544346900318834 epoch 15/25 time=1.10s device=cuda
INFO:src.estimators.masked_ae:[masked-ae] sweep lam=2.1544346900318834 epoch 16/25 time=1.11s device=cuda
INFO:src.estimators.masked_ae:[masked-ae] sweep lam=2.1544346900318834 epoch 17/25 time=1.13s device=cuda
INFO:src.estimators.masked_ae:[masked-ae] sweep lam=2.1544346900318834 epoch 18/25 time=1.12s device=cuda
INFO:src.estimators.masked_ae:[masked-ae] sweep lam=2.1544346900318834 epoch 19/25 time=1.11s device=cuda
INFO:src.estimators.masked_ae:[masked-ae] sweep lam=2.1544346900318834 epoch 20/25 time=1.07s device=cuda
INFO:src.estimators.masked_ae:[masked-ae] sweep lam=2.1544346900318834 epoch 21/25 time=1.15s device=cuda
INFO:src.estimators.masked_ae:[masked-ae] sweep lam=2.1544346900318834 epoch 22/25 time=1.03s device=cuda
INFO:src.estimators.masked_ae:[masked-ae] sweep lam=2.1544346900318834 epoch 23/25 time=1.25s device=cuda
INFO:src.estimators.masked_ae:[masked-ae] sweep lam=2.1544346900318834 epoch 24/25 time=1.05s device=cuda
INFO:src.estimators.masked_ae:[masked-ae] sweep lam=2.1544346900318834 epoch 25/25 time=1.07s device=cuda
INFO:src.estimators.masked_ae:[masked-ae] sweep lam=3.593813663804626 epoch 1/25 time=1.18s device=cuda
INFO:src.estimators.masked_ae:[masked-ae] sweep lam=3.593813663804626 epoch 2/25 time=1.08s device=cuda
INFO:src.estimators.masked_ae:[masked-ae] sweep lam=3.593813663804626 epoch 3/25 time=1.13s device=cuda
INFO:src.estimators.masked_ae:[masked-ae] sweep lam=3.593813663804626 epoch 4/25 time=1.11s device=cuda
INFO:src.estimators.masked_ae:[masked-ae] sweep lam=3.593813663804626 epoch 5/25 time=1.16s device=cuda
INFO:src.estimators.masked_ae:[masked-ae] sweep lam=3.593813663804626 epoch 6/25 time=1.19s device=cuda
INFO:src.estimators.masked_ae:[masked-ae] sweep lam=3.593813663804626 epoch 7/25 time=1.14s device=cuda
INFO:src.estimators.masked_ae:[masked-ae] sweep lam=3.593813663804626 epoch 8/25 time=1.16s device=cuda
INFO:src.estimators.masked_ae:[masked-ae] sweep lam=3.593813663804626 epoch 9/25 time=1.04s device=cuda
INFO:src.estimators.masked_ae:[masked-ae] sweep lam=3.593813663804626 epoch 10/25 time=1.03s device=cuda
INFO:src.estimators.masked_ae:[masked-ae] sweep lam=3.593813663804626 epoch 11/25 time=1.20s device=cuda
INFO:src.estimators.masked_ae:[masked-ae] sweep lam=3.593813663804626 epoch 12/25 time=1.15s device=cuda
INFO:src.estimators.masked_ae:[masked-ae] sweep lam=3.593813663804626 epoch 13/25 time=1.09s device=cuda
INFO:src.estimators.masked_ae:[masked-ae] sweep lam=3.593813663804626 epoch 14/25 time=1.21s device=cuda
INFO:src.estimators.masked_ae:[masked-ae] sweep lam=3.593813663804626 epoch 15/25 time=1.05s device=cuda
INFO:src.estimators.masked_ae:[masked-ae] sweep lam=3.593813663804626 epoch 16/25 time=1.18s device=cuda
INFO:src.estimators.masked_ae:[masked-ae] sweep lam=3.593813663804626 epoch 17/25 time=1.11s device=cuda
INFO:src.estimators.masked_ae:[masked-ae] sweep lam=3.593813663804626 epoch 18/25 time=1.16s device=cuda
INFO:src.estimators.masked_ae:[masked-ae] sweep lam=3.593813663804626 epoch 19/25 time=1.08s device=cuda
INFO:src.estimators.masked_ae:[masked-ae] sweep lam=3.593813663804626 epoch 20/25 time=1.25s device=cuda
INFO:src.estimators.masked_ae:[masked-ae] sweep lam=3.593813663804626 epoch 21/25 time=1.14s device=cuda
INFO:src.estimators.masked_ae:[masked-ae] sweep lam=3.593813663804626 epoch 22/25 time=1.24s device=cuda
INFO:src.estimators.masked_ae:[masked-ae] sweep lam=3.593813663804626 epoch 23/25 time=1.07s device=cuda
INFO:src.estimators.masked_ae:[masked-ae] sweep lam=3.593813663804626 epoch 24/25 time=1.06s device=cuda
INFO:src.estimators.masked_ae:[masked-ae] sweep lam=3.593813663804626 epoch 25/25 time=1.16s device=cuda
INFO:src.estimators.masked_ae:[masked-ae] sweep lam=5.994842503189409 epoch 1/25 time=1.10s device=cuda
INFO:src.estimators.masked_ae:[masked-ae] sweep lam=5.994842503189409 epoch 2/25 time=1.17s device=cuda
INFO:src.estimators.masked_ae:[masked-ae] sweep lam=5.994842503189409 epoch 3/25 time=1.22s device=cuda
INFO:src.estimators.masked_ae:[masked-ae] sweep lam=5.994842503189409 epoch 4/25 time=1.08s device=cuda
INFO:src.estimators.masked_ae:[masked-ae] sweep lam=5.994842503189409 epoch 5/25 time=1.12s device=cuda
INFO:src.estimators.masked_ae:[masked-ae] sweep lam=5.994842503189409 epoch 6/25 time=1.22s device=cuda
INFO:src.estimators.masked_ae:[masked-ae] sweep lam=5.994842503189409 epoch 7/25 time=1.17s device=cuda
INFO:src.estimators.masked_ae:[masked-ae] sweep lam=5.994842503189409 epoch 8/25 time=1.27s device=cuda
INFO:src.estimators.masked_ae:[masked-ae] sweep lam=5.994842503189409 epoch 9/25 time=1.13s device=cuda
INFO:src.estimators.masked_ae:[masked-ae] sweep lam=5.994842503189409 epoch 10/25 time=1.10s device=cuda
INFO:src.estimators.masked_ae:[masked-ae] sweep lam=5.994842503189409 epoch 11/25 time=1.07s device=cuda
INFO:src.estimators.masked_ae:[masked-ae] sweep lam=5.994842503189409 epoch 12/25 time=1.15s device=cuda
INFO:src.estimators.masked_ae:[masked-ae] sweep lam=5.994842503189409 epoch 13/25 time=1.35s device=cuda
INFO:src.estimators.masked_ae:[masked-ae] sweep lam=5.994842503189409 epoch 14/25 time=1.08s device=cuda
INFO:src.estimators.masked_ae:[masked-ae] sweep lam=5.994842503189409 epoch 15/25 time=1.07s device=cuda
INFO:src.estimators.masked_ae:[masked-ae] sweep lam=5.994842503189409 epoch 16/25 time=1.13s device=cuda
INFO:src.estimators.masked_ae:[masked-ae] sweep lam=5.994842503189409 epoch 17/25 time=1.08s device=cuda
INFO:src.estimators.masked_ae:[masked-ae] sweep lam=5.994842503189409 epoch 18/25 time=1.19s device=cuda
INFO:src.estimators.masked_ae:[masked-ae] sweep lam=5.994842503189409 epoch 19/25 time=1.26s device=cuda
INFO:src.estimators.masked_ae:[masked-ae] sweep lam=5.994842503189409 epoch 20/25 time=1.10s device=cuda
INFO:src.estimators.masked_ae:[masked-ae] sweep lam=5.994842503189409 epoch 21/25 time=1.24s device=cuda
INFO:src.estimators.masked_ae:[masked-ae] sweep lam=5.994842503189409 epoch 22/25 time=1.23s device=cuda
INFO:src.estimators.masked_ae:[masked-ae] sweep lam=5.994842503189409 epoch 23/25 time=1.08s device=cuda
INFO:src.estimators.masked_ae:[masked-ae] sweep lam=5.994842503189409 epoch 24/25 time=1.19s device=cuda
INFO:src.estimators.masked_ae:[masked-ae] sweep lam=5.994842503189409 epoch 25/25 time=1.31s device=cuda
INFO:src.estimators.masked_ae:[masked-ae] sweep lam=10.0 epoch 1/25 time=1.09s device=cuda
INFO:src.estimators.masked_ae:[masked-ae] sweep lam=10.0 epoch 2/25 time=1.10s device=cuda
INFO:src.estimators.masked_ae:[masked-ae] sweep lam=10.0 epoch 3/25 time=1.10s device=cuda
INFO:src.estimators.masked_ae:[masked-ae] sweep lam=10.0 epoch 4/25 time=1.10s device=cuda
INFO:src.estimators.masked_ae:[masked-ae] sweep lam=10.0 epoch 5/25 time=1.13s device=cuda
INFO:src.estimators.masked_ae:[masked-ae] sweep lam=10.0 epoch 6/25 time=1.29s device=cuda
INFO:src.estimators.masked_ae:[masked-ae] sweep lam=10.0 epoch 7/25 time=1.15s device=cuda
INFO:src.estimators.masked_ae:[masked-ae] sweep lam=10.0 epoch 8/25 time=1.07s device=cuda
INFO:src.estimators.masked_ae:[masked-ae] sweep lam=10.0 epoch 9/25 time=1.21s device=cuda
INFO:src.estimators.masked_ae:[masked-ae] sweep lam=10.0 epoch 10/25 time=1.17s device=cuda
INFO:src.estimators.masked_ae:[masked-ae] sweep lam=10.0 epoch 11/25 time=1.22s device=cuda
INFO:src.estimators.masked_ae:[masked-ae] sweep lam=10.0 epoch 12/25 time=1.06s device=cuda
INFO:src.estimators.masked_ae:[masked-ae] sweep lam=10.0 epoch 13/25 time=1.19s device=cuda
INFO:src.estimators.masked_ae:[masked-ae] sweep lam=10.0 epoch 14/25 time=1.12s device=cuda
INFO:src.estimators.masked_ae:[masked-ae] sweep lam=10.0 epoch 15/25 time=1.18s device=cuda
INFO:src.estimators.masked_ae:[masked-ae] sweep lam=10.0 epoch 16/25 time=1.05s device=cuda
INFO:src.estimators.masked_ae:[masked-ae] sweep lam=10.0 epoch 17/25 time=1.20s device=cuda
INFO:src.estimators.masked_ae:[masked-ae] sweep lam=10.0 epoch 18/25 time=1.19s device=cuda
INFO:src.estimators.masked_ae:[masked-ae] sweep lam=10.0 epoch 19/25 time=1.07s device=cuda
INFO:src.estimators.masked_ae:[masked-ae] sweep lam=10.0 epoch 20/25 time=1.22s device=cuda
INFO:src.estimators.masked_ae:[masked-ae] sweep lam=10.0 epoch 21/25 time=1.08s device=cuda
INFO:src.estimators.masked_ae:[masked-ae] sweep lam=10.0 epoch 22/25 time=1.16s device=cuda
INFO:src.estimators.masked_ae:[masked-ae] sweep lam=10.0 epoch 23/25 time=1.12s device=cuda
INFO:src.estimators.masked_ae:[masked-ae] sweep lam=10.0 epoch 24/25 time=1.06s device=cuda
INFO:src.estimators.masked_ae:[masked-ae] sweep lam=10.0 epoch 25/25 time=1.12s device=cuda
INFO:src.estimators.masked_ae:[masked-ae] retrain epoch 1/35 time=1.06s device=cuda
INFO:src.estimators.masked_ae:[masked-ae] retrain epoch 2/35 time=1.16s device=cuda
INFO:src.estimators.masked_ae:[masked-ae] retrain epoch 3/35 time=1.36s device=cuda
INFO:src.estimators.masked_ae:[masked-ae] retrain epoch 4/35 time=1.10s device=cuda
INFO:src.estimators.masked_ae:[masked-ae] retrain epoch 5/35 time=1.18s device=cuda
INFO:src.estimators.masked_ae:[masked-ae] retrain epoch 6/35 time=1.27s device=cuda
INFO:src.estimators.masked_ae:[masked-ae] retrain epoch 7/35 time=1.15s device=cuda
INFO:src.estimators.masked_ae:[masked-ae] retrain epoch 8/35 time=1.24s device=cuda
INFO:src.estimators.masked_ae:[masked-ae] retrain epoch 9/35 time=1.25s device=cuda
INFO:src.estimators.masked_ae:[masked-ae] retrain epoch 10/35 time=1.23s device=cuda
INFO:src.estimators.masked_ae:[masked-ae] retrain epoch 11/35 time=1.08s device=cuda
INFO:src.estimators.masked_ae:[masked-ae] retrain epoch 12/35 time=1.12s device=cuda
INFO:src.estimators.masked_ae:[masked-ae] retrain epoch 13/35 time=1.03s device=cuda
INFO:src.estimators.masked_ae:[masked-ae] retrain epoch 14/35 time=1.11s device=cuda
INFO:src.estimators.masked_ae:[masked-ae] retrain epoch 15/35 time=1.05s device=cuda
INFO:src.estimators.masked_ae:[masked-ae] retrain epoch 16/35 time=1.16s device=cuda
INFO:src.estimators.masked_ae:[masked-ae] retrain epoch 17/35 time=1.17s device=cuda
INFO:src.estimators.masked_ae:[masked-ae] retrain epoch 18/35 time=1.14s device=cuda
INFO:src.estimators.masked_ae:[masked-ae] retrain epoch 19/35 time=1.16s device=cuda
INFO:src.estimators.masked_ae:[masked-ae] retrain epoch 20/35 time=1.07s device=cuda
INFO:src.estimators.masked_ae:[masked-ae] retrain epoch 21/35 time=1.04s device=cuda
INFO:src.estimators.masked_ae:[masked-ae] retrain epoch 22/35 time=1.15s device=cuda
INFO:src.estimators.masked_ae:[masked-ae] retrain epoch 23/35 time=0.99s device=cuda
INFO:src.estimators.masked_ae:[masked-ae] retrain epoch 24/35 time=1.13s device=cuda
INFO:src.estimators.masked_ae:[masked-ae] retrain epoch 25/35 time=1.11s device=cuda
INFO:src.estimators.masked_ae:[masked-ae] retrain epoch 26/35 time=1.13s device=cuda
INFO:src.estimators.masked_ae:[masked-ae] retrain epoch 27/35 time=1.26s device=cuda
INFO:src.estimators.masked_ae:[masked-ae] retrain epoch 28/35 time=1.04s device=cuda
INFO:src.estimators.masked_ae:[masked-ae] retrain epoch 29/35 time=1.09s device=cuda
INFO:src.estimators.masked_ae:[masked-ae] retrain epoch 30/35 time=1.08s device=cuda
INFO:src.estimators.masked_ae:[masked-ae] retrain epoch 31/35 time=1.08s device=cuda
INFO:src.estimators.masked_ae:[masked-ae] retrain epoch 32/35 time=1.24s device=cuda
INFO:src.estimators.masked_ae:[masked-ae] retrain epoch 33/35 time=1.09s device=cuda
INFO:src.estimators.masked_ae:[masked-ae] retrain epoch 34/35 time=1.08s device=cuda
INFO:src.estimators.masked_ae:[masked-ae] retrain epoch 35/35 time=1.24s device=cuda
INFO:repair_masked_ae:Group ('mnist', 9, 0.25, 1) repaired: estimate=52.0 elapsed_s=342.83 device=cuda samples=60000 rows=5
INFO:repair_masked_ae:Processing group key=('mnist', 9, 0.5, 1) with 5 rows; example row 450
INFO:src.estimators.masked_ae:[masked-ae] pretrain epoch 1/10 time=1.16s device=cuda
INFO:src.estimators.masked_ae:[masked-ae] pretrain epoch 2/10 time=1.24s device=cuda
INFO:src.estimators.masked_ae:[masked-ae] pretrain epoch 3/10 time=0.93s device=cuda
INFO:src.estimators.masked_ae:[masked-ae] pretrain epoch 4/10 time=1.01s device=cuda
INFO:src.estimators.masked_ae:[masked-ae] pretrain epoch 5/10 time=0.96s device=cuda
INFO:src.estimators.masked_ae:[masked-ae] pretrain epoch 6/10 time=1.01s device=cuda
INFO:src.estimators.masked_ae:[masked-ae] pretrain epoch 7/10 time=1.00s device=cuda
INFO:src.estimators.masked_ae:[masked-ae] pretrain epoch 8/10 time=1.15s device=cuda
INFO:src.estimators.masked_ae:[masked-ae] pretrain epoch 9/10 time=1.06s device=cuda
INFO:src.estimators.masked_ae:[masked-ae] pretrain epoch 10/10 time=1.21s device=cuda
INFO:src.estimators.masked_ae:[masked-ae] sweep lam=0.1 epoch 1/25 time=1.13s device=cuda
INFO:src.estimators.masked_ae:[masked-ae] sweep lam=0.1 epoch 2/25 time=1.20s device=cuda
INFO:src.estimators.masked_ae:[masked-ae] sweep lam=0.1 epoch 3/25 time=1.09s device=cuda
INFO:src.estimators.masked_ae:[masked-ae] sweep lam=0.1 epoch 4/25 time=1.23s device=cuda
INFO:src.estimators.masked_ae:[masked-ae] sweep lam=0.1 epoch 5/25 time=1.13s device=cuda
INFO:src.estimators.masked_ae:[masked-ae] sweep lam=0.1 epoch 6/25 time=1.24s device=cuda
INFO:src.estimators.masked_ae:[masked-ae] sweep lam=0.1 epoch 7/25 time=1.10s device=cuda
INFO:src.estimators.masked_ae:[masked-ae] sweep lam=0.1 epoch 8/25 time=1.17s device=cuda
INFO:src.estimators.masked_ae:[masked-ae] sweep lam=0.1 epoch 9/25 time=1.29s device=cuda
INFO:src.estimators.masked_ae:[masked-ae] sweep lam=0.1 epoch 10/25 time=1.07s device=cuda
INFO:src.estimators.masked_ae:[masked-ae] sweep lam=0.1 epoch 11/25 time=1.30s device=cuda
INFO:src.estimators.masked_ae:[masked-ae] sweep lam=0.1 epoch 12/25 time=1.20s device=cuda
INFO:src.estimators.masked_ae:[masked-ae] sweep lam=0.1 epoch 13/25 time=1.14s device=cuda
INFO:src.estimators.masked_ae:[masked-ae] sweep lam=0.1 epoch 14/25 time=1.04s device=cuda
INFO:src.estimators.masked_ae:[masked-ae] sweep lam=0.1 epoch 15/25 time=1.30s device=cuda
INFO:src.estimators.masked_ae:[masked-ae] sweep lam=0.1 epoch 16/25 time=1.13s device=cuda
INFO:src.estimators.masked_ae:[masked-ae] sweep lam=0.1 epoch 17/25 time=1.07s device=cuda
INFO:src.estimators.masked_ae:[masked-ae] sweep lam=0.1 epoch 18/25 time=1.23s device=cuda
INFO:src.estimators.masked_ae:[masked-ae] sweep lam=0.1 epoch 19/25 time=1.10s device=cuda
INFO:src.estimators.masked_ae:[masked-ae] sweep lam=0.1 epoch 20/25 time=1.09s device=cuda
INFO:src.estimators.masked_ae:[masked-ae] sweep lam=0.1 epoch 21/25 time=1.22s device=cuda
INFO:src.estimators.masked_ae:[masked-ae] sweep lam=0.1 epoch 22/25 time=1.11s device=cuda
INFO:src.estimators.masked_ae:[masked-ae] sweep lam=0.1 epoch 23/25 time=1.19s device=cuda
INFO:src.estimators.masked_ae:[masked-ae] sweep lam=0.1 epoch 24/25 time=1.17s device=cuda
INFO:src.estimators.masked_ae:[masked-ae] sweep lam=0.1 epoch 25/25 time=1.16s device=cuda
INFO:src.estimators.masked_ae:[masked-ae] sweep lam=0.16681005372000587 epoch 1/25 time=1.13s device=cuda
INFO:src.estimators.masked_ae:[masked-ae] sweep lam=0.16681005372000587 epoch 2/25 time=1.05s device=cuda
INFO:src.estimators.masked_ae:[masked-ae] sweep lam=0.16681005372000587 epoch 3/25 time=1.23s device=cuda
INFO:src.estimators.masked_ae:[masked-ae] sweep lam=0.16681005372000587 epoch 4/25 time=1.04s device=cuda
INFO:src.estimators.masked_ae:[masked-ae] sweep lam=0.16681005372000587 epoch 5/25 time=1.15s device=cuda
INFO:src.estimators.masked_ae:[masked-ae] sweep lam=0.16681005372000587 epoch 6/25 time=1.25s device=cuda
INFO:src.estimators.masked_ae:[masked-ae] sweep lam=0.16681005372000587 epoch 7/25 time=1.10s device=cuda
INFO:src.estimators.masked_ae:[masked-ae] sweep lam=0.16681005372000587 epoch 8/25 time=1.28s device=cuda
INFO:src.estimators.masked_ae:[masked-ae] sweep lam=0.16681005372000587 epoch 9/25 time=1.09s device=cuda
INFO:src.estimators.masked_ae:[masked-ae] sweep lam=0.16681005372000587 epoch 10/25 time=1.26s device=cuda
INFO:src.estimators.masked_ae:[masked-ae] sweep lam=0.16681005372000587 epoch 11/25 time=1.27s device=cuda
INFO:src.estimators.masked_ae:[masked-ae] sweep lam=0.16681005372000587 epoch 12/25 time=1.04s device=cuda
INFO:src.estimators.masked_ae:[masked-ae] sweep lam=0.16681005372000587 epoch 13/25 time=1.17s device=cuda
INFO:src.estimators.masked_ae:[masked-ae] sweep lam=0.16681005372000587 epoch 14/25 time=1.10s device=cuda
INFO:src.estimators.masked_ae:[masked-ae] sweep lam=0.16681005372000587 epoch 15/25 time=1.12s device=cuda
INFO:src.estimators.masked_ae:[masked-ae] sweep lam=0.16681005372000587 epoch 16/25 time=1.23s device=cuda
INFO:src.estimators.masked_ae:[masked-ae] sweep lam=0.16681005372000587 epoch 17/25 time=1.09s device=cuda
INFO:src.estimators.masked_ae:[masked-ae] sweep lam=0.16681005372000587 epoch 18/25 time=1.11s device=cuda
INFO:src.estimators.masked_ae:[masked-ae] sweep lam=0.16681005372000587 epoch 19/25 time=1.08s device=cuda
INFO:src.estimators.masked_ae:[masked-ae] sweep lam=0.16681005372000587 epoch 20/25 time=1.24s device=cuda
INFO:src.estimators.masked_ae:[masked-ae] sweep lam=0.16681005372000587 epoch 21/25 time=1.31s device=cuda
INFO:src.estimators.masked_ae:[masked-ae] sweep lam=0.16681005372000587 epoch 22/25 time=1.24s device=cuda
INFO:src.estimators.masked_ae:[masked-ae] sweep lam=0.16681005372000587 epoch 23/25 time=1.20s device=cuda
INFO:src.estimators.masked_ae:[masked-ae] sweep lam=0.16681005372000587 epoch 24/25 time=1.13s device=cuda
INFO:src.estimators.masked_ae:[masked-ae] sweep lam=0.16681005372000587 epoch 25/25 time=1.17s device=cuda
INFO:src.estimators.masked_ae:[masked-ae] sweep lam=0.2782559402207124 epoch 1/25 time=1.10s device=cuda
INFO:src.estimators.masked_ae:[masked-ae] sweep lam=0.2782559402207124 epoch 2/25 time=1.16s device=cuda
INFO:src.estimators.masked_ae:[masked-ae] sweep lam=0.2782559402207124 epoch 3/25 time=1.19s device=cuda
INFO:src.estimators.masked_ae:[masked-ae] sweep lam=0.2782559402207124 epoch 4/25 time=1.17s device=cuda
INFO:src.estimators.masked_ae:[masked-ae] sweep lam=0.2782559402207124 epoch 5/25 time=1.18s device=cuda
INFO:src.estimators.masked_ae:[masked-ae] sweep lam=0.2782559402207124 epoch 6/25 time=1.10s device=cuda
INFO:src.estimators.masked_ae:[masked-ae] sweep lam=0.2782559402207124 epoch 7/25 time=1.10s device=cuda
INFO:src.estimators.masked_ae:[masked-ae] sweep lam=0.2782559402207124 epoch 8/25 time=1.27s device=cuda
INFO:src.estimators.masked_ae:[masked-ae] sweep lam=0.2782559402207124 epoch 9/25 time=1.07s device=cuda
INFO:src.estimators.masked_ae:[masked-ae] sweep lam=0.2782559402207124 epoch 10/25 time=1.09s device=cuda
INFO:src.estimators.masked_ae:[masked-ae] sweep lam=0.2782559402207124 epoch 11/25 time=1.15s device=cuda
INFO:src.estimators.masked_ae:[masked-ae] sweep lam=0.2782559402207124 epoch 12/25 time=1.06s device=cuda
INFO:src.estimators.masked_ae:[masked-ae] sweep lam=0.2782559402207124 epoch 13/25 time=1.23s device=cuda
INFO:src.estimators.masked_ae:[masked-ae] sweep lam=0.2782559402207124 epoch 14/25 time=1.03s device=cuda
INFO:src.estimators.masked_ae:[masked-ae] sweep lam=0.2782559402207124 epoch 15/25 time=1.24s device=cuda
INFO:src.estimators.masked_ae:[masked-ae] sweep lam=0.2782559402207124 epoch 16/25 time=1.11s device=cuda
INFO:src.estimators.masked_ae:[masked-ae] sweep lam=0.2782559402207124 epoch 17/25 time=1.10s device=cuda
INFO:src.estimators.masked_ae:[masked-ae] sweep lam=0.2782559402207124 epoch 18/25 time=1.20s device=cuda
INFO:src.estimators.masked_ae:[masked-ae] sweep lam=0.2782559402207124 epoch 19/25 time=1.19s device=cuda
INFO:src.estimators.masked_ae:[masked-ae] sweep lam=0.2782559402207124 epoch 20/25 time=1.18s device=cuda
INFO:src.estimators.masked_ae:[masked-ae] sweep lam=0.2782559402207124 epoch 21/25 time=1.10s device=cuda
INFO:src.estimators.masked_ae:[masked-ae] sweep lam=0.2782559402207124 epoch 22/25 time=1.15s device=cuda
INFO:src.estimators.masked_ae:[masked-ae] sweep lam=0.2782559402207124 epoch 23/25 time=1.14s device=cuda
INFO:src.estimators.masked_ae:[masked-ae] sweep lam=0.2782559402207124 epoch 24/25 time=1.32s device=cuda
INFO:src.estimators.masked_ae:[masked-ae] sweep lam=0.2782559402207124 epoch 25/25 time=1.16s device=cuda
INFO:src.estimators.masked_ae:[masked-ae] sweep lam=0.46415888336127786 epoch 1/25 time=1.12s device=cuda
INFO:src.estimators.masked_ae:[masked-ae] sweep lam=0.46415888336127786 epoch 2/25 time=1.27s device=cuda
INFO:src.estimators.masked_ae:[masked-ae] sweep lam=0.46415888336127786 epoch 3/25 time=1.18s device=cuda
INFO:src.estimators.masked_ae:[masked-ae] sweep lam=0.46415888336127786 epoch 4/25 time=1.24s device=cuda
INFO:src.estimators.masked_ae:[masked-ae] sweep lam=0.46415888336127786 epoch 5/25 time=1.16s device=cuda
INFO:src.estimators.masked_ae:[masked-ae] sweep lam=0.46415888336127786 epoch 6/25 time=1.23s device=cuda
INFO:src.estimators.masked_ae:[masked-ae] sweep lam=0.46415888336127786 epoch 7/25 time=1.22s device=cuda
INFO:src.estimators.masked_ae:[masked-ae] sweep lam=0.46415888336127786 epoch 8/25 time=1.14s device=cuda
INFO:src.estimators.masked_ae:[masked-ae] sweep lam=0.46415888336127786 epoch 9/25 time=1.18s device=cuda
INFO:src.estimators.masked_ae:[masked-ae] sweep lam=0.46415888336127786 epoch 10/25 time=1.20s device=cuda
INFO:src.estimators.masked_ae:[masked-ae] sweep lam=0.46415888336127786 epoch 11/25 time=1.14s device=cuda
INFO:src.estimators.masked_ae:[masked-ae] sweep lam=0.46415888336127786 epoch 12/25 time=1.18s device=cuda
INFO:src.estimators.masked_ae:[masked-ae] sweep lam=0.46415888336127786 epoch 13/25 time=1.20s device=cuda
INFO:src.estimators.masked_ae:[masked-ae] sweep lam=0.46415888336127786 epoch 14/25 time=1.22s device=cuda
INFO:src.estimators.masked_ae:[masked-ae] sweep lam=0.46415888336127786 epoch 15/25 time=1.21s device=cuda
INFO:src.estimators.masked_ae:[masked-ae] sweep lam=0.46415888336127786 epoch 16/25 time=1.23s device=cuda
INFO:src.estimators.masked_ae:[masked-ae] sweep lam=0.46415888336127786 epoch 17/25 time=1.34s device=cuda
INFO:src.estimators.masked_ae:[masked-ae] sweep lam=0.46415888336127786 epoch 18/25 time=1.17s device=cuda
INFO:src.estimators.masked_ae:[masked-ae] sweep lam=0.46415888336127786 epoch 19/25 time=1.11s device=cuda
INFO:src.estimators.masked_ae:[masked-ae] sweep lam=0.46415888336127786 epoch 20/25 time=1.19s device=cuda
INFO:src.estimators.masked_ae:[masked-ae] sweep lam=0.46415888336127786 epoch 21/25 time=1.07s device=cuda
INFO:src.estimators.masked_ae:[masked-ae] sweep lam=0.46415888336127786 epoch 22/25 time=1.34s device=cuda
INFO:src.estimators.masked_ae:[masked-ae] sweep lam=0.46415888336127786 epoch 23/25 time=1.20s device=cuda
INFO:src.estimators.masked_ae:[masked-ae] sweep lam=0.46415888336127786 epoch 24/25 time=1.13s device=cuda
INFO:src.estimators.masked_ae:[masked-ae] sweep lam=0.46415888336127786 epoch 25/25 time=1.10s device=cuda
INFO:src.estimators.masked_ae:[masked-ae] sweep lam=0.774263682681127 epoch 1/25 time=1.10s device=cuda
INFO:src.estimators.masked_ae:[masked-ae] sweep lam=0.774263682681127 epoch 2/25 time=1.18s device=cuda
INFO:src.estimators.masked_ae:[masked-ae] sweep lam=0.774263682681127 epoch 3/25 time=1.00s device=cuda
INFO:src.estimators.masked_ae:[masked-ae] sweep lam=0.774263682681127 epoch 4/25 time=1.08s device=cuda
INFO:src.estimators.masked_ae:[masked-ae] sweep lam=0.774263682681127 epoch 5/25 time=1.08s device=cuda
INFO:src.estimators.masked_ae:[masked-ae] sweep lam=0.774263682681127 epoch 6/25 time=1.14s device=cuda
INFO:src.estimators.masked_ae:[masked-ae] sweep lam=0.774263682681127 epoch 7/25 time=1.19s device=cuda
INFO:src.estimators.masked_ae:[masked-ae] sweep lam=0.774263682681127 epoch 8/25 time=1.15s device=cuda
INFO:src.estimators.masked_ae:[masked-ae] sweep lam=0.774263682681127 epoch 9/25 time=1.21s device=cuda
INFO:src.estimators.masked_ae:[masked-ae] sweep lam=0.774263682681127 epoch 10/25 time=1.10s device=cuda
INFO:src.estimators.masked_ae:[masked-ae] sweep lam=0.774263682681127 epoch 11/25 time=1.15s device=cuda
INFO:src.estimators.masked_ae:[masked-ae] sweep lam=0.774263682681127 epoch 12/25 time=1.08s device=cuda
INFO:src.estimators.masked_ae:[masked-ae] sweep lam=0.774263682681127 epoch 13/25 time=1.07s device=cuda
INFO:src.estimators.masked_ae:[masked-ae] sweep lam=0.774263682681127 epoch 14/25 time=1.01s device=cuda
INFO:src.estimators.masked_ae:[masked-ae] sweep lam=0.774263682681127 epoch 15/25 time=1.06s device=cuda
INFO:src.estimators.masked_ae:[masked-ae] sweep lam=0.774263682681127 epoch 16/25 time=1.08s device=cuda
INFO:src.estimators.masked_ae:[masked-ae] sweep lam=0.774263682681127 epoch 17/25 time=1.14s device=cuda
INFO:src.estimators.masked_ae:[masked-ae] sweep lam=0.774263682681127 epoch 18/25 time=1.12s device=cuda
INFO:src.estimators.masked_ae:[masked-ae] sweep lam=0.774263682681127 epoch 19/25 time=1.10s device=cuda
INFO:src.estimators.masked_ae:[masked-ae] sweep lam=0.774263682681127 epoch 20/25 time=1.20s device=cuda
INFO:src.estimators.masked_ae:[masked-ae] sweep lam=0.774263682681127 epoch 21/25 time=1.18s device=cuda
INFO:src.estimators.masked_ae:[masked-ae] sweep lam=0.774263682681127 epoch 22/25 time=1.31s device=cuda
INFO:src.estimators.masked_ae:[masked-ae] sweep lam=0.774263682681127 epoch 23/25 time=1.17s device=cuda
INFO:src.estimators.masked_ae:[masked-ae] sweep lam=0.774263682681127 epoch 24/25 time=1.20s device=cuda
INFO:src.estimators.masked_ae:[masked-ae] sweep lam=0.774263682681127 epoch 25/25 time=1.21s device=cuda
INFO:src.estimators.masked_ae:[masked-ae] sweep lam=1.291549665014884 epoch 1/25 time=1.19s device=cuda
INFO:src.estimators.masked_ae:[masked-ae] sweep lam=1.291549665014884 epoch 2/25 time=1.34s device=cuda
INFO:src.estimators.masked_ae:[masked-ae] sweep lam=1.291549665014884 epoch 3/25 time=1.15s device=cuda
INFO:src.estimators.masked_ae:[masked-ae] sweep lam=1.291549665014884 epoch 4/25 time=1.20s device=cuda
INFO:src.estimators.masked_ae:[masked-ae] sweep lam=1.291549665014884 epoch 5/25 time=1.20s device=cuda
INFO:src.estimators.masked_ae:[masked-ae] sweep lam=1.291549665014884 epoch 6/25 time=1.13s device=cuda
INFO:src.estimators.masked_ae:[masked-ae] sweep lam=1.291549665014884 epoch 7/25 time=1.14s device=cuda
INFO:src.estimators.masked_ae:[masked-ae] sweep lam=1.291549665014884 epoch 8/25 time=1.12s device=cuda
INFO:src.estimators.masked_ae:[masked-ae] sweep lam=1.291549665014884 epoch 9/25 time=1.15s device=cuda
INFO:src.estimators.masked_ae:[masked-ae] sweep lam=1.291549665014884 epoch 10/25 time=1.19s device=cuda
INFO:src.estimators.masked_ae:[masked-ae] sweep lam=1.291549665014884 epoch 11/25 time=1.16s device=cuda
INFO:src.estimators.masked_ae:[masked-ae] sweep lam=1.291549665014884 epoch 12/25 time=1.23s device=cuda
INFO:src.estimators.masked_ae:[masked-ae] sweep lam=1.291549665014884 epoch 13/25 time=1.06s device=cuda
INFO:src.estimators.masked_ae:[masked-ae] sweep lam=1.291549665014884 epoch 14/25 time=1.12s device=cuda
INFO:src.estimators.masked_ae:[masked-ae] sweep lam=1.291549665014884 epoch 15/25 time=1.15s device=cuda
INFO:src.estimators.masked_ae:[masked-ae] sweep lam=1.291549665014884 epoch 16/25 time=1.08s device=cuda
INFO:src.estimators.masked_ae:[masked-ae] sweep lam=1.291549665014884 epoch 17/25 time=1.17s device=cuda
INFO:src.estimators.masked_ae:[masked-ae] sweep lam=1.291549665014884 epoch 18/25 time=1.08s device=cuda
INFO:src.estimators.masked_ae:[masked-ae] sweep lam=1.291549665014884 epoch 19/25 time=1.21s device=cuda
INFO:src.estimators.masked_ae:[masked-ae] sweep lam=1.291549665014884 epoch 20/25 time=1.13s device=cuda
INFO:src.estimators.masked_ae:[masked-ae] sweep lam=1.291549665014884 epoch 21/25 time=1.11s device=cuda
INFO:src.estimators.masked_ae:[masked-ae] sweep lam=1.291549665014884 epoch 22/25 time=1.11s device=cuda
INFO:src.estimators.masked_ae:[masked-ae] sweep lam=1.291549665014884 epoch 23/25 time=1.06s device=cuda
INFO:src.estimators.masked_ae:[masked-ae] sweep lam=1.291549665014884 epoch 24/25 time=1.10s device=cuda
INFO:src.estimators.masked_ae:[masked-ae] sweep lam=1.291549665014884 epoch 25/25 time=1.15s device=cuda
INFO:src.estimators.masked_ae:[masked-ae] sweep lam=2.1544346900318834 epoch 1/25 time=1.12s device=cuda
INFO:src.estimators.masked_ae:[masked-ae] sweep lam=2.1544346900318834 epoch 2/25 time=1.14s device=cuda
INFO:src.estimators.masked_ae:[masked-ae] sweep lam=2.1544346900318834 epoch 3/25 time=1.31s device=cuda
INFO:src.estimators.masked_ae:[masked-ae] sweep lam=2.1544346900318834 epoch 4/25 time=1.10s device=cuda
INFO:src.estimators.masked_ae:[masked-ae] sweep lam=2.1544346900318834 epoch 5/25 time=1.06s device=cuda
INFO:src.estimators.masked_ae:[masked-ae] sweep lam=2.1544346900318834 epoch 6/25 time=1.11s device=cuda
INFO:src.estimators.masked_ae:[masked-ae] sweep lam=2.1544346900318834 epoch 7/25 time=1.21s device=cuda
INFO:src.estimators.masked_ae:[masked-ae] sweep lam=2.1544346900318834 epoch 8/25 time=1.15s device=cuda
INFO:src.estimators.masked_ae:[masked-ae] sweep lam=2.1544346900318834 epoch 9/25 time=1.11s device=cuda
INFO:src.estimators.masked_ae:[masked-ae] sweep lam=2.1544346900318834 epoch 10/25 time=1.09s device=cuda
INFO:src.estimators.masked_ae:[masked-ae] sweep lam=2.1544346900318834 epoch 11/25 time=1.28s device=cuda
INFO:src.estimators.masked_ae:[masked-ae] sweep lam=2.1544346900318834 epoch 12/25 time=1.08s device=cuda
INFO:src.estimators.masked_ae:[masked-ae] sweep lam=2.1544346900318834 epoch 13/25 time=1.07s device=cuda
INFO:src.estimators.masked_ae:[masked-ae] sweep lam=2.1544346900318834 epoch 14/25 time=1.33s device=cuda
INFO:src.estimators.masked_ae:[masked-ae] sweep lam=2.1544346900318834 epoch 15/25 time=1.10s device=cuda
INFO:src.estimators.masked_ae:[masked-ae] sweep lam=2.1544346900318834 epoch 16/25 time=1.10s device=cuda
INFO:src.estimators.masked_ae:[masked-ae] sweep lam=2.1544346900318834 epoch 17/25 time=1.03s device=cuda
INFO:src.estimators.masked_ae:[masked-ae] sweep lam=2.1544346900318834 epoch 18/25 time=1.32s device=cuda
INFO:src.estimators.masked_ae:[masked-ae] sweep lam=2.1544346900318834 epoch 19/25 time=1.20s device=cuda
INFO:src.estimators.masked_ae:[masked-ae] sweep lam=2.1544346900318834 epoch 20/25 time=1.10s device=cuda
INFO:src.estimators.masked_ae:[masked-ae] sweep lam=2.1544346900318834 epoch 21/25 time=1.14s device=cuda
INFO:src.estimators.masked_ae:[masked-ae] sweep lam=2.1544346900318834 epoch 22/25 time=1.32s device=cuda
INFO:src.estimators.masked_ae:[masked-ae] sweep lam=2.1544346900318834 epoch 23/25 time=1.04s device=cuda
INFO:src.estimators.masked_ae:[masked-ae] sweep lam=2.1544346900318834 epoch 24/25 time=1.06s device=cuda
INFO:src.estimators.masked_ae:[masked-ae] sweep lam=2.1544346900318834 epoch 25/25 time=1.06s device=cuda
INFO:src.estimators.masked_ae:[masked-ae] sweep lam=3.593813663804626 epoch 1/25 time=1.12s device=cuda
INFO:src.estimators.masked_ae:[masked-ae] sweep lam=3.593813663804626 epoch 2/25 time=1.13s device=cuda
INFO:src.estimators.masked_ae:[masked-ae] sweep lam=3.593813663804626 epoch 3/25 time=1.20s device=cuda
INFO:src.estimators.masked_ae:[masked-ae] sweep lam=3.593813663804626 epoch 4/25 time=1.10s device=cuda
INFO:src.estimators.masked_ae:[masked-ae] sweep lam=3.593813663804626 epoch 5/25 time=1.10s device=cuda
INFO:src.estimators.masked_ae:[masked-ae] sweep lam=3.593813663804626 epoch 6/25 time=1.20s device=cuda
INFO:src.estimators.masked_ae:[masked-ae] sweep lam=3.593813663804626 epoch 7/25 time=1.07s device=cuda
INFO:src.estimators.masked_ae:[masked-ae] sweep lam=3.593813663804626 epoch 8/25 time=1.21s device=cuda
INFO:src.estimators.masked_ae:[masked-ae] sweep lam=3.593813663804626 epoch 9/25 time=1.13s device=cuda
INFO:src.estimators.masked_ae:[masked-ae] sweep lam=3.593813663804626 epoch 10/25 time=1.05s device=cuda
INFO:src.estimators.masked_ae:[masked-ae] sweep lam=3.593813663804626 epoch 11/25 time=1.05s device=cuda
INFO:src.estimators.masked_ae:[masked-ae] sweep lam=3.593813663804626 epoch 12/25 time=1.12s device=cuda
INFO:src.estimators.masked_ae:[masked-ae] sweep lam=3.593813663804626 epoch 13/25 time=1.15s device=cuda
INFO:src.estimators.masked_ae:[masked-ae] sweep lam=3.593813663804626 epoch 14/25 time=1.02s device=cuda
INFO:src.estimators.masked_ae:[masked-ae] sweep lam=3.593813663804626 epoch 15/25 time=1.22s device=cuda
INFO:src.estimators.masked_ae:[masked-ae] sweep lam=3.593813663804626 epoch 16/25 time=1.09s device=cuda
INFO:src.estimators.masked_ae:[masked-ae] sweep lam=3.593813663804626 epoch 17/25 time=1.00s device=cuda
INFO:src.estimators.masked_ae:[masked-ae] sweep lam=3.593813663804626 epoch 18/25 time=1.17s device=cuda
INFO:src.estimators.masked_ae:[masked-ae] sweep lam=3.593813663804626 epoch 19/25 time=1.30s device=cuda
INFO:src.estimators.masked_ae:[masked-ae] sweep lam=3.593813663804626 epoch 20/25 time=1.11s device=cuda
INFO:src.estimators.masked_ae:[masked-ae] sweep lam=3.593813663804626 epoch 21/25 time=1.19s device=cuda
INFO:src.estimators.masked_ae:[masked-ae] sweep lam=3.593813663804626 epoch 22/25 time=1.51s device=cuda
INFO:src.estimators.masked_ae:[masked-ae] sweep lam=3.593813663804626 epoch 23/25 time=1.13s device=cuda
INFO:src.estimators.masked_ae:[masked-ae] sweep lam=3.593813663804626 epoch 24/25 time=1.10s device=cuda
INFO:src.estimators.masked_ae:[masked-ae] sweep lam=3.593813663804626 epoch 25/25 time=1.23s device=cuda
INFO:src.estimators.masked_ae:[masked-ae] sweep lam=5.994842503189409 epoch 1/25 time=1.08s device=cuda
INFO:src.estimators.masked_ae:[masked-ae] sweep lam=5.994842503189409 epoch 2/25 time=1.11s device=cuda
INFO:src.estimators.masked_ae:[masked-ae] sweep lam=5.994842503189409 epoch 3/25 time=1.14s device=cuda
INFO:src.estimators.masked_ae:[masked-ae] sweep lam=5.994842503189409 epoch 4/25 time=1.08s device=cuda
INFO:src.estimators.masked_ae:[masked-ae] sweep lam=5.994842503189409 epoch 5/25 time=1.13s device=cuda
INFO:src.estimators.masked_ae:[masked-ae] sweep lam=5.994842503189409 epoch 6/25 time=1.11s device=cuda
INFO:src.estimators.masked_ae:[masked-ae] sweep lam=5.994842503189409 epoch 7/25 time=1.13s device=cuda
INFO:src.estimators.masked_ae:[masked-ae] sweep lam=5.994842503189409 epoch 8/25 time=1.10s device=cuda
INFO:src.estimators.masked_ae:[masked-ae] sweep lam=5.994842503189409 epoch 9/25 time=1.18s device=cuda
INFO:src.estimators.masked_ae:[masked-ae] sweep lam=5.994842503189409 epoch 10/25 time=1.13s device=cuda
INFO:src.estimators.masked_ae:[masked-ae] sweep lam=5.994842503189409 epoch 11/25 time=1.17s device=cuda
INFO:src.estimators.masked_ae:[masked-ae] sweep lam=5.994842503189409 epoch 12/25 time=1.10s device=cuda
INFO:src.estimators.masked_ae:[masked-ae] sweep lam=5.994842503189409 epoch 13/25 time=1.17s device=cuda
INFO:src.estimators.masked_ae:[masked-ae] sweep lam=5.994842503189409 epoch 14/25 time=1.13s device=cuda
INFO:src.estimators.masked_ae:[masked-ae] sweep lam=5.994842503189409 epoch 15/25 time=1.06s device=cuda
INFO:src.estimators.masked_ae:[masked-ae] sweep lam=5.994842503189409 epoch 16/25 time=1.18s device=cuda
INFO:src.estimators.masked_ae:[masked-ae] sweep lam=5.994842503189409 epoch 17/25 time=1.20s device=cuda
INFO:src.estimators.masked_ae:[masked-ae] sweep lam=5.994842503189409 epoch 18/25 time=1.15s device=cuda
INFO:src.estimators.masked_ae:[masked-ae] sweep lam=5.994842503189409 epoch 19/25 time=1.07s device=cuda
INFO:src.estimators.masked_ae:[masked-ae] sweep lam=5.994842503189409 epoch 20/25 time=1.09s device=cuda
INFO:src.estimators.masked_ae:[masked-ae] sweep lam=5.994842503189409 epoch 21/25 time=1.28s device=cuda
INFO:src.estimators.masked_ae:[masked-ae] sweep lam=5.994842503189409 epoch 22/25 time=1.23s device=cuda
INFO:src.estimators.masked_ae:[masked-ae] sweep lam=5.994842503189409 epoch 23/25 time=1.06s device=cuda
INFO:src.estimators.masked_ae:[masked-ae] sweep lam=5.994842503189409 epoch 24/25 time=1.20s device=cuda
INFO:src.estimators.masked_ae:[masked-ae] sweep lam=5.994842503189409 epoch 25/25 time=1.10s device=cuda
INFO:src.estimators.masked_ae:[masked-ae] sweep lam=10.0 epoch 1/25 time=1.08s device=cuda
INFO:src.estimators.masked_ae:[masked-ae] sweep lam=10.0 epoch 2/25 time=1.23s device=cuda
INFO:src.estimators.masked_ae:[masked-ae] sweep lam=10.0 epoch 3/25 time=1.18s device=cuda
INFO:src.estimators.masked_ae:[masked-ae] sweep lam=10.0 epoch 4/25 time=1.18s device=cuda
INFO:src.estimators.masked_ae:[masked-ae] sweep lam=10.0 epoch 5/25 time=1.15s device=cuda
INFO:src.estimators.masked_ae:[masked-ae] sweep lam=10.0 epoch 6/25 time=1.05s device=cuda
INFO:src.estimators.masked_ae:[masked-ae] sweep lam=10.0 epoch 7/25 time=1.20s device=cuda
INFO:src.estimators.masked_ae:[masked-ae] sweep lam=10.0 epoch 8/25 time=1.11s device=cuda
INFO:src.estimators.masked_ae:[masked-ae] sweep lam=10.0 epoch 9/25 time=1.21s device=cuda
INFO:src.estimators.masked_ae:[masked-ae] sweep lam=10.0 epoch 10/25 time=1.24s device=cuda
INFO:src.estimators.masked_ae:[masked-ae] sweep lam=10.0 epoch 11/25 time=1.11s device=cuda
INFO:src.estimators.masked_ae:[masked-ae] sweep lam=10.0 epoch 12/25 time=1.14s device=cuda
INFO:src.estimators.masked_ae:[masked-ae] sweep lam=10.0 epoch 13/25 time=1.07s device=cuda
INFO:src.estimators.masked_ae:[masked-ae] sweep lam=10.0 epoch 14/25 time=1.12s device=cuda
INFO:src.estimators.masked_ae:[masked-ae] sweep lam=10.0 epoch 15/25 time=1.08s device=cuda
INFO:src.estimators.masked_ae:[masked-ae] sweep lam=10.0 epoch 16/25 time=1.24s device=cuda
INFO:src.estimators.masked_ae:[masked-ae] sweep lam=10.0 epoch 17/25 time=1.43s device=cuda
INFO:src.estimators.masked_ae:[masked-ae] sweep lam=10.0 epoch 18/25 time=1.22s device=cuda
INFO:src.estimators.masked_ae:[masked-ae] sweep lam=10.0 epoch 19/25 time=1.13s device=cuda
INFO:src.estimators.masked_ae:[masked-ae] sweep lam=10.0 epoch 20/25 time=1.12s device=cuda
INFO:src.estimators.masked_ae:[masked-ae] sweep lam=10.0 epoch 21/25 time=1.09s device=cuda
INFO:src.estimators.masked_ae:[masked-ae] sweep lam=10.0 epoch 22/25 time=1.11s device=cuda
INFO:src.estimators.masked_ae:[masked-ae] sweep lam=10.0 epoch 23/25 time=1.09s device=cuda
INFO:src.estimators.masked_ae:[masked-ae] sweep lam=10.0 epoch 24/25 time=1.12s device=cuda
INFO:src.estimators.masked_ae:[masked-ae] sweep lam=10.0 epoch 25/25 time=1.19s device=cuda
INFO:src.estimators.masked_ae:[masked-ae] retrain epoch 1/35 time=1.17s device=cuda
INFO:src.estimators.masked_ae:[masked-ae] retrain epoch 2/35 time=1.08s device=cuda
INFO:src.estimators.masked_ae:[masked-ae] retrain epoch 3/35 time=1.13s device=cuda
INFO:src.estimators.masked_ae:[masked-ae] retrain epoch 4/35 time=1.10s device=cuda
INFO:src.estimators.masked_ae:[masked-ae] retrain epoch 5/35 time=1.24s device=cuda
INFO:src.estimators.masked_ae:[masked-ae] retrain epoch 6/35 time=1.21s device=cuda
INFO:src.estimators.masked_ae:[masked-ae] retrain epoch 7/35 time=1.10s device=cuda
INFO:src.estimators.masked_ae:[masked-ae] retrain epoch 8/35 time=1.05s device=cuda
INFO:src.estimators.masked_ae:[masked-ae] retrain epoch 9/35 time=1.07s device=cuda
INFO:src.estimators.masked_ae:[masked-ae] retrain epoch 10/35 time=1.39s device=cuda
INFO:src.estimators.masked_ae:[masked-ae] retrain epoch 11/35 time=1.22s device=cuda
INFO:src.estimators.masked_ae:[masked-ae] retrain epoch 12/35 time=1.09s device=cuda
INFO:src.estimators.masked_ae:[masked-ae] retrain epoch 13/35 time=1.17s device=cuda
INFO:src.estimators.masked_ae:[masked-ae] retrain epoch 14/35 time=1.21s device=cuda
INFO:src.estimators.masked_ae:[masked-ae] retrain epoch 15/35 time=1.26s device=cuda
INFO:src.estimators.masked_ae:[masked-ae] retrain epoch 16/35 time=1.19s device=cuda
INFO:src.estimators.masked_ae:[masked-ae] retrain epoch 17/35 time=1.12s device=cuda
INFO:src.estimators.masked_ae:[masked-ae] retrain epoch 18/35 time=1.13s device=cuda
INFO:src.estimators.masked_ae:[masked-ae] retrain epoch 19/35 time=1.05s device=cuda
INFO:src.estimators.masked_ae:[masked-ae] retrain epoch 20/35 time=1.16s device=cuda
INFO:src.estimators.masked_ae:[masked-ae] retrain epoch 21/35 time=1.11s device=cuda
INFO:src.estimators.masked_ae:[masked-ae] retrain epoch 22/35 time=1.08s device=cuda
INFO:src.estimators.masked_ae:[masked-ae] retrain epoch 23/35 time=1.16s device=cuda
INFO:src.estimators.masked_ae:[masked-ae] retrain epoch 24/35 time=1.02s device=cuda
INFO:src.estimators.masked_ae:[masked-ae] retrain epoch 25/35 time=1.16s device=cuda
INFO:src.estimators.masked_ae:[masked-ae] retrain epoch 26/35 time=1.12s device=cuda
INFO:src.estimators.masked_ae:[masked-ae] retrain epoch 27/35 time=1.15s device=cuda
INFO:src.estimators.masked_ae:[masked-ae] retrain epoch 28/35 time=1.12s device=cuda
INFO:src.estimators.masked_ae:[masked-ae] retrain epoch 29/35 time=1.10s device=cuda
INFO:src.estimators.masked_ae:[masked-ae] retrain epoch 30/35 time=1.12s device=cuda
INFO:src.estimators.masked_ae:[masked-ae] retrain epoch 31/35 time=1.12s device=cuda
INFO:src.estimators.masked_ae:[masked-ae] retrain epoch 32/35 time=1.15s device=cuda
INFO:src.estimators.masked_ae:[masked-ae] retrain epoch 33/35 time=1.18s device=cuda
INFO:src.estimators.masked_ae:[masked-ae] retrain epoch 34/35 time=1.13s device=cuda
INFO:src.estimators.masked_ae:[masked-ae] retrain epoch 35/35 time=1.12s device=cuda
INFO:repair_masked_ae:Group ('mnist', 9, 0.5, 1) repaired: estimate=19.0 elapsed_s=343.61 device=cuda samples=60000 rows=5
INFO:repair_masked_ae:Processing group key=('mnist', 9, 0.75, 1) with 5 rows; example row 485
INFO:src.estimators.masked_ae:[masked-ae] pretrain epoch 1/10 time=1.16s device=cuda
INFO:src.estimators.masked_ae:[masked-ae] pretrain epoch 2/10 time=1.05s device=cuda
INFO:src.estimators.masked_ae:[masked-ae] pretrain epoch 3/10 time=1.08s device=cuda
INFO:src.estimators.masked_ae:[masked-ae] pretrain epoch 4/10 time=1.05s device=cuda
INFO:src.estimators.masked_ae:[masked-ae] pretrain epoch 5/10 time=1.05s device=cuda
INFO:src.estimators.masked_ae:[masked-ae] pretrain epoch 6/10 time=1.02s device=cuda
INFO:src.estimators.masked_ae:[masked-ae] pretrain epoch 7/10 time=1.18s device=cuda
INFO:src.estimators.masked_ae:[masked-ae] pretrain epoch 8/10 time=1.09s device=cuda
INFO:src.estimators.masked_ae:[masked-ae] pretrain epoch 9/10 time=1.11s device=cuda
INFO:src.estimators.masked_ae:[masked-ae] pretrain epoch 10/10 time=1.08s device=cuda
INFO:src.estimators.masked_ae:[masked-ae] sweep lam=0.1 epoch 1/25 time=1.16s device=cuda
INFO:src.estimators.masked_ae:[masked-ae] sweep lam=0.1 epoch 2/25 time=1.20s device=cuda
INFO:src.estimators.masked_ae:[masked-ae] sweep lam=0.1 epoch 3/25 time=1.06s device=cuda
INFO:src.estimators.masked_ae:[masked-ae] sweep lam=0.1 epoch 4/25 time=1.06s device=cuda
INFO:src.estimators.masked_ae:[masked-ae] sweep lam=0.1 epoch 5/25 time=1.05s device=cuda
INFO:src.estimators.masked_ae:[masked-ae] sweep lam=0.1 epoch 6/25 time=1.19s device=cuda
INFO:src.estimators.masked_ae:[masked-ae] sweep lam=0.1 epoch 7/25 time=1.17s device=cuda
INFO:src.estimators.masked_ae:[masked-ae] sweep lam=0.1 epoch 8/25 time=1.10s device=cuda
INFO:src.estimators.masked_ae:[masked-ae] sweep lam=0.1 epoch 9/25 time=1.28s device=cuda
INFO:src.estimators.masked_ae:[masked-ae] sweep lam=0.1 epoch 10/25 time=1.08s device=cuda
INFO:src.estimators.masked_ae:[masked-ae] sweep lam=0.1 epoch 11/25 time=1.14s device=cuda
INFO:src.estimators.masked_ae:[masked-ae] sweep lam=0.1 epoch 12/25 time=1.17s device=cuda
INFO:src.estimators.masked_ae:[masked-ae] sweep lam=0.1 epoch 13/25 time=1.14s device=cuda
INFO:src.estimators.masked_ae:[masked-ae] sweep lam=0.1 epoch 14/25 time=1.08s device=cuda
INFO:src.estimators.masked_ae:[masked-ae] sweep lam=0.1 epoch 15/25 time=1.04s device=cuda
INFO:src.estimators.masked_ae:[masked-ae] sweep lam=0.1 epoch 16/25 time=1.37s device=cuda
INFO:src.estimators.masked_ae:[masked-ae] sweep lam=0.1 epoch 17/25 time=1.16s device=cuda
INFO:src.estimators.masked_ae:[masked-ae] sweep lam=0.1 epoch 18/25 time=1.16s device=cuda
INFO:src.estimators.masked_ae:[masked-ae] sweep lam=0.1 epoch 19/25 time=1.11s device=cuda
INFO:src.estimators.masked_ae:[masked-ae] sweep lam=0.1 epoch 20/25 time=1.03s device=cuda
INFO:src.estimators.masked_ae:[masked-ae] sweep lam=0.1 epoch 21/25 time=1.11s device=cuda
INFO:src.estimators.masked_ae:[masked-ae] sweep lam=0.1 epoch 22/25 time=1.11s device=cuda
INFO:src.estimators.masked_ae:[masked-ae] sweep lam=0.1 epoch 23/25 time=1.16s device=cuda
INFO:src.estimators.masked_ae:[masked-ae] sweep lam=0.1 epoch 24/25 time=1.20s device=cuda
INFO:src.estimators.masked_ae:[masked-ae] sweep lam=0.1 epoch 25/25 time=1.19s device=cuda
INFO:src.estimators.masked_ae:[masked-ae] sweep lam=0.16681005372000587 epoch 1/25 time=1.14s device=cuda
INFO:src.estimators.masked_ae:[masked-ae] sweep lam=0.16681005372000587 epoch 2/25 time=1.08s device=cuda
INFO:src.estimators.masked_ae:[masked-ae] sweep lam=0.16681005372000587 epoch 3/25 time=1.19s device=cuda
INFO:src.estimators.masked_ae:[masked-ae] sweep lam=0.16681005372000587 epoch 4/25 time=1.23s device=cuda
INFO:src.estimators.masked_ae:[masked-ae] sweep lam=0.16681005372000587 epoch 5/25 time=1.17s device=cuda
INFO:src.estimators.masked_ae:[masked-ae] sweep lam=0.16681005372000587 epoch 6/25 time=1.13s device=cuda
INFO:src.estimators.masked_ae:[masked-ae] sweep lam=0.16681005372000587 epoch 7/25 time=1.24s device=cuda
INFO:src.estimators.masked_ae:[masked-ae] sweep lam=0.16681005372000587 epoch 8/25 time=1.14s device=cuda
INFO:src.estimators.masked_ae:[masked-ae] sweep lam=0.16681005372000587 epoch 9/25 time=1.17s device=cuda
INFO:src.estimators.masked_ae:[masked-ae] sweep lam=0.16681005372000587 epoch 10/25 time=1.09s device=cuda
INFO:src.estimators.masked_ae:[masked-ae] sweep lam=0.16681005372000587 epoch 11/25 time=1.14s device=cuda
INFO:src.estimators.masked_ae:[masked-ae] sweep lam=0.16681005372000587 epoch 12/25 time=1.22s device=cuda
INFO:src.estimators.masked_ae:[masked-ae] sweep lam=0.16681005372000587 epoch 13/25 time=1.15s device=cuda
INFO:src.estimators.masked_ae:[masked-ae] sweep lam=0.16681005372000587 epoch 14/25 time=1.18s device=cuda
INFO:src.estimators.masked_ae:[masked-ae] sweep lam=0.16681005372000587 epoch 15/25 time=1.10s device=cuda
INFO:src.estimators.masked_ae:[masked-ae] sweep lam=0.16681005372000587 epoch 16/25 time=1.18s device=cuda
INFO:src.estimators.masked_ae:[masked-ae] sweep lam=0.16681005372000587 epoch 17/25 time=1.30s device=cuda
INFO:src.estimators.masked_ae:[masked-ae] sweep lam=0.16681005372000587 epoch 18/25 time=1.22s device=cuda
INFO:src.estimators.masked_ae:[masked-ae] sweep lam=0.16681005372000587 epoch 19/25 time=1.11s device=cuda
INFO:src.estimators.masked_ae:[masked-ae] sweep lam=0.16681005372000587 epoch 20/25 time=1.16s device=cuda
INFO:src.estimators.masked_ae:[masked-ae] sweep lam=0.16681005372000587 epoch 21/25 time=1.10s device=cuda
INFO:src.estimators.masked_ae:[masked-ae] sweep lam=0.16681005372000587 epoch 22/25 time=1.21s device=cuda
INFO:src.estimators.masked_ae:[masked-ae] sweep lam=0.16681005372000587 epoch 23/25 time=1.07s device=cuda
INFO:src.estimators.masked_ae:[masked-ae] sweep lam=0.16681005372000587 epoch 24/25 time=1.10s device=cuda
INFO:src.estimators.masked_ae:[masked-ae] sweep lam=0.16681005372000587 epoch 25/25 time=1.24s device=cuda
INFO:src.estimators.masked_ae:[masked-ae] sweep lam=0.2782559402207124 epoch 1/25 time=1.19s device=cuda
INFO:src.estimators.masked_ae:[masked-ae] sweep lam=0.2782559402207124 epoch 2/25 time=1.23s device=cuda
INFO:src.estimators.masked_ae:[masked-ae] sweep lam=0.2782559402207124 epoch 3/25 time=1.16s device=cuda
INFO:src.estimators.masked_ae:[masked-ae] sweep lam=0.2782559402207124 epoch 4/25 time=1.26s device=cuda
INFO:src.estimators.masked_ae:[masked-ae] sweep lam=0.2782559402207124 epoch 5/25 time=1.30s device=cuda
INFO:src.estimators.masked_ae:[masked-ae] sweep lam=0.2782559402207124 epoch 6/25 time=1.21s device=cuda
INFO:src.estimators.masked_ae:[masked-ae] sweep lam=0.2782559402207124 epoch 7/25 time=1.13s device=cuda
INFO:src.estimators.masked_ae:[masked-ae] sweep lam=0.2782559402207124 epoch 8/25 time=1.19s device=cuda
INFO:src.estimators.masked_ae:[masked-ae] sweep lam=0.2782559402207124 epoch 9/25 time=1.19s device=cuda
INFO:src.estimators.masked_ae:[masked-ae] sweep lam=0.2782559402207124 epoch 10/25 time=1.30s device=cuda
INFO:src.estimators.masked_ae:[masked-ae] sweep lam=0.2782559402207124 epoch 11/25 time=1.13s device=cuda
INFO:src.estimators.masked_ae:[masked-ae] sweep lam=0.2782559402207124 epoch 12/25 time=1.18s device=cuda
INFO:src.estimators.masked_ae:[masked-ae] sweep lam=0.2782559402207124 epoch 13/25 time=1.09s device=cuda
INFO:src.estimators.masked_ae:[masked-ae] sweep lam=0.2782559402207124 epoch 14/25 time=1.26s device=cuda
INFO:src.estimators.masked_ae:[masked-ae] sweep lam=0.2782559402207124 epoch 15/25 time=1.14s device=cuda
INFO:src.estimators.masked_ae:[masked-ae] sweep lam=0.2782559402207124 epoch 16/25 time=1.15s device=cuda
INFO:src.estimators.masked_ae:[masked-ae] sweep lam=0.2782559402207124 epoch 17/25 time=1.17s device=cuda
INFO:src.estimators.masked_ae:[masked-ae] sweep lam=0.2782559402207124 epoch 18/25 time=1.13s device=cuda
INFO:src.estimators.masked_ae:[masked-ae] sweep lam=0.2782559402207124 epoch 19/25 time=1.24s device=cuda
INFO:src.estimators.masked_ae:[masked-ae] sweep lam=0.2782559402207124 epoch 20/25 time=1.12s device=cuda
INFO:src.estimators.masked_ae:[masked-ae] sweep lam=0.2782559402207124 epoch 21/25 time=1.26s device=cuda
INFO:src.estimators.masked_ae:[masked-ae] sweep lam=0.2782559402207124 epoch 22/25 time=1.14s device=cuda
INFO:src.estimators.masked_ae:[masked-ae] sweep lam=0.2782559402207124 epoch 23/25 time=1.28s device=cuda
INFO:src.estimators.masked_ae:[masked-ae] sweep lam=0.2782559402207124 epoch 24/25 time=1.37s device=cuda
INFO:src.estimators.masked_ae:[masked-ae] sweep lam=0.2782559402207124 epoch 25/25 time=1.15s device=cuda
INFO:src.estimators.masked_ae:[masked-ae] sweep lam=0.46415888336127786 epoch 1/25 time=1.11s device=cuda
INFO:src.estimators.masked_ae:[masked-ae] sweep lam=0.46415888336127786 epoch 2/25 time=1.17s device=cuda
INFO:src.estimators.masked_ae:[masked-ae] sweep lam=0.46415888336127786 epoch 3/25 time=1.12s device=cuda
INFO:src.estimators.masked_ae:[masked-ae] sweep lam=0.46415888336127786 epoch 4/25 time=1.13s device=cuda
INFO:src.estimators.masked_ae:[masked-ae] sweep lam=0.46415888336127786 epoch 5/25 time=1.18s device=cuda
INFO:src.estimators.masked_ae:[masked-ae] sweep lam=0.46415888336127786 epoch 6/25 time=1.16s device=cuda
INFO:src.estimators.masked_ae:[masked-ae] sweep lam=0.46415888336127786 epoch 7/25 time=1.11s device=cuda
INFO:src.estimators.masked_ae:[masked-ae] sweep lam=0.46415888336127786 epoch 8/25 time=1.19s device=cuda
INFO:src.estimators.masked_ae:[masked-ae] sweep lam=0.46415888336127786 epoch 9/25 time=1.19s device=cuda
INFO:src.estimators.masked_ae:[masked-ae] sweep lam=0.46415888336127786 epoch 10/25 time=1.15s device=cuda
INFO:src.estimators.masked_ae:[masked-ae] sweep lam=0.46415888336127786 epoch 11/25 time=1.23s device=cuda
INFO:src.estimators.masked_ae:[masked-ae] sweep lam=0.46415888336127786 epoch 12/25 time=1.14s device=cuda
INFO:src.estimators.masked_ae:[masked-ae] sweep lam=0.46415888336127786 epoch 13/25 time=1.05s device=cuda
INFO:src.estimators.masked_ae:[masked-ae] sweep lam=0.46415888336127786 epoch 14/25 time=1.07s device=cuda
INFO:src.estimators.masked_ae:[masked-ae] sweep lam=0.46415888336127786 epoch 15/25 time=1.15s device=cuda
INFO:src.estimators.masked_ae:[masked-ae] sweep lam=0.46415888336127786 epoch 16/25 time=1.19s device=cuda
INFO:src.estimators.masked_ae:[masked-ae] sweep lam=0.46415888336127786 epoch 17/25 time=1.20s device=cuda
INFO:src.estimators.masked_ae:[masked-ae] sweep lam=0.46415888336127786 epoch 18/25 time=1.24s device=cuda
INFO:src.estimators.masked_ae:[masked-ae] sweep lam=0.46415888336127786 epoch 19/25 time=1.12s device=cuda
INFO:src.estimators.masked_ae:[masked-ae] sweep lam=0.46415888336127786 epoch 20/25 time=1.14s device=cuda
INFO:src.estimators.masked_ae:[masked-ae] sweep lam=0.46415888336127786 epoch 21/25 time=1.10s device=cuda
INFO:src.estimators.masked_ae:[masked-ae] sweep lam=0.46415888336127786 epoch 22/25 time=1.02s device=cuda
INFO:src.estimators.masked_ae:[masked-ae] sweep lam=0.46415888336127786 epoch 23/25 time=1.27s device=cuda
INFO:src.estimators.masked_ae:[masked-ae] sweep lam=0.46415888336127786 epoch 24/25 time=1.13s device=cuda
INFO:src.estimators.masked_ae:[masked-ae] sweep lam=0.46415888336127786 epoch 25/25 time=1.07s device=cuda
INFO:src.estimators.masked_ae:[masked-ae] sweep lam=0.774263682681127 epoch 1/25 time=1.19s device=cuda
INFO:src.estimators.masked_ae:[masked-ae] sweep lam=0.774263682681127 epoch 2/25 time=1.09s device=cuda
INFO:src.estimators.masked_ae:[masked-ae] sweep lam=0.774263682681127 epoch 3/25 time=1.11s device=cuda
INFO:src.estimators.masked_ae:[masked-ae] sweep lam=0.774263682681127 epoch 4/25 time=1.24s device=cuda
INFO:src.estimators.masked_ae:[masked-ae] sweep lam=0.774263682681127 epoch 5/25 time=1.26s device=cuda
INFO:src.estimators.masked_ae:[masked-ae] sweep lam=0.774263682681127 epoch 6/25 time=1.14s device=cuda
INFO:src.estimators.masked_ae:[masked-ae] sweep lam=0.774263682681127 epoch 7/25 time=1.14s device=cuda
INFO:src.estimators.masked_ae:[masked-ae] sweep lam=0.774263682681127 epoch 8/25 time=1.12s device=cuda
INFO:src.estimators.masked_ae:[masked-ae] sweep lam=0.774263682681127 epoch 9/25 time=1.10s device=cuda
INFO:src.estimators.masked_ae:[masked-ae] sweep lam=0.774263682681127 epoch 10/25 time=1.16s device=cuda
INFO:src.estimators.masked_ae:[masked-ae] sweep lam=0.774263682681127 epoch 11/25 time=1.15s device=cuda
INFO:src.estimators.masked_ae:[masked-ae] sweep lam=0.774263682681127 epoch 12/25 time=1.28s device=cuda
INFO:src.estimators.masked_ae:[masked-ae] sweep lam=0.774263682681127 epoch 13/25 time=1.14s device=cuda
INFO:src.estimators.masked_ae:[masked-ae] sweep lam=0.774263682681127 epoch 14/25 time=1.02s device=cuda
INFO:src.estimators.masked_ae:[masked-ae] sweep lam=0.774263682681127 epoch 15/25 time=1.14s device=cuda
INFO:src.estimators.masked_ae:[masked-ae] sweep lam=0.774263682681127 epoch 16/25 time=1.39s device=cuda
INFO:src.estimators.masked_ae:[masked-ae] sweep lam=0.774263682681127 epoch 17/25 time=1.08s device=cuda
INFO:src.estimators.masked_ae:[masked-ae] sweep lam=0.774263682681127 epoch 18/25 time=1.08s device=cuda
INFO:src.estimators.masked_ae:[masked-ae] sweep lam=0.774263682681127 epoch 19/25 time=1.18s device=cuda
INFO:src.estimators.masked_ae:[masked-ae] sweep lam=0.774263682681127 epoch 20/25 time=1.28s device=cuda
INFO:src.estimators.masked_ae:[masked-ae] sweep lam=0.774263682681127 epoch 21/25 time=1.11s device=cuda
INFO:src.estimators.masked_ae:[masked-ae] sweep lam=0.774263682681127 epoch 22/25 time=1.04s device=cuda
INFO:src.estimators.masked_ae:[masked-ae] sweep lam=0.774263682681127 epoch 23/25 time=1.10s device=cuda
INFO:src.estimators.masked_ae:[masked-ae] sweep lam=0.774263682681127 epoch 24/25 time=1.02s device=cuda
INFO:src.estimators.masked_ae:[masked-ae] sweep lam=0.774263682681127 epoch 25/25 time=1.04s device=cuda
INFO:src.estimators.masked_ae:[masked-ae] sweep lam=1.291549665014884 epoch 1/25 time=1.23s device=cuda
INFO:src.estimators.masked_ae:[masked-ae] sweep lam=1.291549665014884 epoch 2/25 time=1.26s device=cuda
INFO:src.estimators.masked_ae:[masked-ae] sweep lam=1.291549665014884 epoch 3/25 time=1.19s device=cuda
INFO:src.estimators.masked_ae:[masked-ae] sweep lam=1.291549665014884 epoch 4/25 time=1.20s device=cuda
INFO:src.estimators.masked_ae:[masked-ae] sweep lam=1.291549665014884 epoch 5/25 time=1.13s device=cuda
INFO:src.estimators.masked_ae:[masked-ae] sweep lam=1.291549665014884 epoch 6/25 time=1.15s device=cuda
INFO:src.estimators.masked_ae:[masked-ae] sweep lam=1.291549665014884 epoch 7/25 time=1.02s device=cuda
INFO:src.estimators.masked_ae:[masked-ae] sweep lam=1.291549665014884 epoch 8/25 time=1.13s device=cuda
INFO:src.estimators.masked_ae:[masked-ae] sweep lam=1.291549665014884 epoch 9/25 time=1.07s device=cuda
INFO:src.estimators.masked_ae:[masked-ae] sweep lam=1.291549665014884 epoch 10/25 time=1.06s device=cuda
INFO:src.estimators.masked_ae:[masked-ae] sweep lam=1.291549665014884 epoch 11/25 time=1.23s device=cuda
INFO:src.estimators.masked_ae:[masked-ae] sweep lam=1.291549665014884 epoch 12/25 time=1.04s device=cuda
INFO:src.estimators.masked_ae:[masked-ae] sweep lam=1.291549665014884 epoch 13/25 time=1.02s device=cuda
INFO:src.estimators.masked_ae:[masked-ae] sweep lam=1.291549665014884 epoch 14/25 time=1.08s device=cuda
INFO:src.estimators.masked_ae:[masked-ae] sweep lam=1.291549665014884 epoch 15/25 time=1.04s device=cuda
INFO:src.estimators.masked_ae:[masked-ae] sweep lam=1.291549665014884 epoch 16/25 time=1.04s device=cuda
INFO:src.estimators.masked_ae:[masked-ae] sweep lam=1.291549665014884 epoch 17/25 time=1.13s device=cuda
INFO:src.estimators.masked_ae:[masked-ae] sweep lam=1.291549665014884 epoch 18/25 time=1.04s device=cuda
INFO:src.estimators.masked_ae:[masked-ae] sweep lam=1.291549665014884 epoch 19/25 time=1.17s device=cuda
INFO:src.estimators.masked_ae:[masked-ae] sweep lam=1.291549665014884 epoch 20/25 time=1.19s device=cuda
INFO:src.estimators.masked_ae:[masked-ae] sweep lam=1.291549665014884 epoch 21/25 time=1.18s device=cuda
INFO:src.estimators.masked_ae:[masked-ae] sweep lam=1.291549665014884 epoch 22/25 time=1.16s device=cuda
INFO:src.estimators.masked_ae:[masked-ae] sweep lam=1.291549665014884 epoch 23/25 time=1.07s device=cuda
INFO:src.estimators.masked_ae:[masked-ae] sweep lam=1.291549665014884 epoch 24/25 time=1.05s device=cuda
INFO:src.estimators.masked_ae:[masked-ae] sweep lam=1.291549665014884 epoch 25/25 time=1.29s device=cuda
INFO:src.estimators.masked_ae:[masked-ae] sweep lam=2.1544346900318834 epoch 1/25 time=1.20s device=cuda
INFO:src.estimators.masked_ae:[masked-ae] sweep lam=2.1544346900318834 epoch 2/25 time=1.11s device=cuda
INFO:src.estimators.masked_ae:[masked-ae] sweep lam=2.1544346900318834 epoch 3/25 time=1.09s device=cuda
INFO:src.estimators.masked_ae:[masked-ae] sweep lam=2.1544346900318834 epoch 4/25 time=1.28s device=cuda
INFO:src.estimators.masked_ae:[masked-ae] sweep lam=2.1544346900318834 epoch 5/25 time=1.17s device=cuda
INFO:src.estimators.masked_ae:[masked-ae] sweep lam=2.1544346900318834 epoch 6/25 time=1.14s device=cuda
INFO:src.estimators.masked_ae:[masked-ae] sweep lam=2.1544346900318834 epoch 7/25 time=1.11s device=cuda
INFO:src.estimators.masked_ae:[masked-ae] sweep lam=2.1544346900318834 epoch 8/25 time=1.15s device=cuda
INFO:src.estimators.masked_ae:[masked-ae] sweep lam=2.1544346900318834 epoch 9/25 time=1.14s device=cuda
INFO:src.estimators.masked_ae:[masked-ae] sweep lam=2.1544346900318834 epoch 10/25 time=1.20s device=cuda
INFO:src.estimators.masked_ae:[masked-ae] sweep lam=2.1544346900318834 epoch 11/25 time=1.33s device=cuda
INFO:src.estimators.masked_ae:[masked-ae] sweep lam=2.1544346900318834 epoch 12/25 time=1.07s device=cuda
INFO:src.estimators.masked_ae:[masked-ae] sweep lam=2.1544346900318834 epoch 13/25 time=1.11s device=cuda
INFO:src.estimators.masked_ae:[masked-ae] sweep lam=2.1544346900318834 epoch 14/25 time=1.08s device=cuda
INFO:src.estimators.masked_ae:[masked-ae] sweep lam=2.1544346900318834 epoch 15/25 time=1.03s device=cuda
INFO:src.estimators.masked_ae:[masked-ae] sweep lam=2.1544346900318834 epoch 16/25 time=1.26s device=cuda
INFO:src.estimators.masked_ae:[masked-ae] sweep lam=2.1544346900318834 epoch 17/25 time=1.08s device=cuda
INFO:src.estimators.masked_ae:[masked-ae] sweep lam=2.1544346900318834 epoch 18/25 time=1.20s device=cuda
INFO:src.estimators.masked_ae:[masked-ae] sweep lam=2.1544346900318834 epoch 19/25 time=1.14s device=cuda
INFO:src.estimators.masked_ae:[masked-ae] sweep lam=2.1544346900318834 epoch 20/25 time=1.09s device=cuda
INFO:src.estimators.masked_ae:[masked-ae] sweep lam=2.1544346900318834 epoch 21/25 time=1.06s device=cuda
INFO:src.estimators.masked_ae:[masked-ae] sweep lam=2.1544346900318834 epoch 22/25 time=1.11s device=cuda
INFO:src.estimators.masked_ae:[masked-ae] sweep lam=2.1544346900318834 epoch 23/25 time=1.06s device=cuda
INFO:src.estimators.masked_ae:[masked-ae] sweep lam=2.1544346900318834 epoch 24/25 time=1.21s device=cuda
INFO:src.estimators.masked_ae:[masked-ae] sweep lam=2.1544346900318834 epoch 25/25 time=1.08s device=cuda
INFO:src.estimators.masked_ae:[masked-ae] sweep lam=3.593813663804626 epoch 1/25 time=1.06s device=cuda
INFO:src.estimators.masked_ae:[masked-ae] sweep lam=3.593813663804626 epoch 2/25 time=1.16s device=cuda
INFO:src.estimators.masked_ae:[masked-ae] sweep lam=3.593813663804626 epoch 3/25 time=1.04s device=cuda
INFO:src.estimators.masked_ae:[masked-ae] sweep lam=3.593813663804626 epoch 4/25 time=1.16s device=cuda
INFO:src.estimators.masked_ae:[masked-ae] sweep lam=3.593813663804626 epoch 5/25 time=1.12s device=cuda
INFO:src.estimators.masked_ae:[masked-ae] sweep lam=3.593813663804626 epoch 6/25 time=1.19s device=cuda
INFO:src.estimators.masked_ae:[masked-ae] sweep lam=3.593813663804626 epoch 7/25 time=1.10s device=cuda
INFO:src.estimators.masked_ae:[masked-ae] sweep lam=3.593813663804626 epoch 8/25 time=1.13s device=cuda
INFO:src.estimators.masked_ae:[masked-ae] sweep lam=3.593813663804626 epoch 9/25 time=1.12s device=cuda
INFO:src.estimators.masked_ae:[masked-ae] sweep lam=3.593813663804626 epoch 10/25 time=1.12s device=cuda
INFO:src.estimators.masked_ae:[masked-ae] sweep lam=3.593813663804626 epoch 11/25 time=1.14s device=cuda
INFO:src.estimators.masked_ae:[masked-ae] sweep lam=3.593813663804626 epoch 12/25 time=1.10s device=cuda
INFO:src.estimators.masked_ae:[masked-ae] sweep lam=3.593813663804626 epoch 13/25 time=1.08s device=cuda
INFO:src.estimators.masked_ae:[masked-ae] sweep lam=3.593813663804626 epoch 14/25 time=1.02s device=cuda
INFO:src.estimators.masked_ae:[masked-ae] sweep lam=3.593813663804626 epoch 15/25 time=1.32s device=cuda
INFO:src.estimators.masked_ae:[masked-ae] sweep lam=3.593813663804626 epoch 16/25 time=1.04s device=cuda
INFO:src.estimators.masked_ae:[masked-ae] sweep lam=3.593813663804626 epoch 17/25 time=1.14s device=cuda
INFO:src.estimators.masked_ae:[masked-ae] sweep lam=3.593813663804626 epoch 18/25 time=1.18s device=cuda
INFO:src.estimators.masked_ae:[masked-ae] sweep lam=3.593813663804626 epoch 19/25 time=1.22s device=cuda
INFO:src.estimators.masked_ae:[masked-ae] sweep lam=3.593813663804626 epoch 20/25 time=1.18s device=cuda
INFO:src.estimators.masked_ae:[masked-ae] sweep lam=3.593813663804626 epoch 21/25 time=1.07s device=cuda
INFO:src.estimators.masked_ae:[masked-ae] sweep lam=3.593813663804626 epoch 22/25 time=1.08s device=cuda
INFO:src.estimators.masked_ae:[masked-ae] sweep lam=3.593813663804626 epoch 23/25 time=1.19s device=cuda
INFO:src.estimators.masked_ae:[masked-ae] sweep lam=3.593813663804626 epoch 24/25 time=1.03s device=cuda
INFO:src.estimators.masked_ae:[masked-ae] sweep lam=3.593813663804626 epoch 25/25 time=1.32s device=cuda
INFO:src.estimators.masked_ae:[masked-ae] sweep lam=5.994842503189409 epoch 1/25 time=1.17s device=cuda
INFO:src.estimators.masked_ae:[masked-ae] sweep lam=5.994842503189409 epoch 2/25 time=1.10s device=cuda
INFO:src.estimators.masked_ae:[masked-ae] sweep lam=5.994842503189409 epoch 3/25 time=1.05s device=cuda
INFO:src.estimators.masked_ae:[masked-ae] sweep lam=5.994842503189409 epoch 4/25 time=1.10s device=cuda
INFO:src.estimators.masked_ae:[masked-ae] sweep lam=5.994842503189409 epoch 5/25 time=1.22s device=cuda
INFO:src.estimators.masked_ae:[masked-ae] sweep lam=5.994842503189409 epoch 6/25 time=1.10s device=cuda
INFO:src.estimators.masked_ae:[masked-ae] sweep lam=5.994842503189409 epoch 7/25 time=1.21s device=cuda
INFO:src.estimators.masked_ae:[masked-ae] sweep lam=5.994842503189409 epoch 8/25 time=1.59s device=cuda
INFO:src.estimators.masked_ae:[masked-ae] sweep lam=5.994842503189409 epoch 9/25 time=1.18s device=cuda
INFO:src.estimators.masked_ae:[masked-ae] sweep lam=5.994842503189409 epoch 10/25 time=1.39s device=cuda
INFO:src.estimators.masked_ae:[masked-ae] sweep lam=5.994842503189409 epoch 11/25 time=1.08s device=cuda
INFO:src.estimators.masked_ae:[masked-ae] sweep lam=5.994842503189409 epoch 12/25 time=1.09s device=cuda
INFO:src.estimators.masked_ae:[masked-ae] sweep lam=5.994842503189409 epoch 13/25 time=1.08s device=cuda
INFO:src.estimators.masked_ae:[masked-ae] sweep lam=5.994842503189409 epoch 14/25 time=1.12s device=cuda
INFO:src.estimators.masked_ae:[masked-ae] sweep lam=5.994842503189409 epoch 15/25 time=1.16s device=cuda
INFO:src.estimators.masked_ae:[masked-ae] sweep lam=5.994842503189409 epoch 16/25 time=1.12s device=cuda
INFO:src.estimators.masked_ae:[masked-ae] sweep lam=5.994842503189409 epoch 17/25 time=1.09s device=cuda
INFO:src.estimators.masked_ae:[masked-ae] sweep lam=5.994842503189409 epoch 18/25 time=1.15s device=cuda
INFO:src.estimators.masked_ae:[masked-ae] sweep lam=5.994842503189409 epoch 19/25 time=1.12s device=cuda
INFO:src.estimators.masked_ae:[masked-ae] sweep lam=5.994842503189409 epoch 20/25 time=1.14s device=cuda
INFO:src.estimators.masked_ae:[masked-ae] sweep lam=5.994842503189409 epoch 21/25 time=1.27s device=cuda
INFO:src.estimators.masked_ae:[masked-ae] sweep lam=5.994842503189409 epoch 22/25 time=1.02s device=cuda
INFO:src.estimators.masked_ae:[masked-ae] sweep lam=5.994842503189409 epoch 23/25 time=1.06s device=cuda
INFO:src.estimators.masked_ae:[masked-ae] sweep lam=5.994842503189409 epoch 24/25 time=1.24s device=cuda
INFO:src.estimators.masked_ae:[masked-ae] sweep lam=5.994842503189409 epoch 25/25 time=1.06s device=cuda
INFO:src.estimators.masked_ae:[masked-ae] sweep lam=10.0 epoch 1/25 time=1.18s device=cuda
INFO:src.estimators.masked_ae:[masked-ae] sweep lam=10.0 epoch 2/25 time=1.31s device=cuda
INFO:src.estimators.masked_ae:[masked-ae] sweep lam=10.0 epoch 3/25 time=1.18s device=cuda
INFO:src.estimators.masked_ae:[masked-ae] sweep lam=10.0 epoch 4/25 time=1.33s device=cuda
INFO:src.estimators.masked_ae:[masked-ae] sweep lam=10.0 epoch 5/25 time=1.16s device=cuda
INFO:src.estimators.masked_ae:[masked-ae] sweep lam=10.0 epoch 6/25 time=1.12s device=cuda
INFO:src.estimators.masked_ae:[masked-ae] sweep lam=10.0 epoch 7/25 time=1.08s device=cuda
INFO:src.estimators.masked_ae:[masked-ae] sweep lam=10.0 epoch 8/25 time=1.18s device=cuda
INFO:src.estimators.masked_ae:[masked-ae] sweep lam=10.0 epoch 9/25 time=1.17s device=cuda
INFO:src.estimators.masked_ae:[masked-ae] sweep lam=10.0 epoch 10/25 time=1.12s device=cuda
INFO:src.estimators.masked_ae:[masked-ae] sweep lam=10.0 epoch 11/25 time=1.18s device=cuda
INFO:src.estimators.masked_ae:[masked-ae] sweep lam=10.0 epoch 12/25 time=1.08s device=cuda
INFO:src.estimators.masked_ae:[masked-ae] sweep lam=10.0 epoch 13/25 time=1.20s device=cuda
INFO:src.estimators.masked_ae:[masked-ae] sweep lam=10.0 epoch 14/25 time=1.09s device=cuda
INFO:src.estimators.masked_ae:[masked-ae] sweep lam=10.0 epoch 15/25 time=1.11s device=cuda
INFO:src.estimators.masked_ae:[masked-ae] sweep lam=10.0 epoch 16/25 time=1.10s device=cuda
INFO:src.estimators.masked_ae:[masked-ae] sweep lam=10.0 epoch 17/25 time=1.03s device=cuda
INFO:src.estimators.masked_ae:[masked-ae] sweep lam=10.0 epoch 18/25 time=1.05s device=cuda
INFO:src.estimators.masked_ae:[masked-ae] sweep lam=10.0 epoch 19/25 time=1.23s device=cuda
INFO:src.estimators.masked_ae:[masked-ae] sweep lam=10.0 epoch 20/25 time=1.09s device=cuda
INFO:src.estimators.masked_ae:[masked-ae] sweep lam=10.0 epoch 21/25 time=1.26s device=cuda
INFO:src.estimators.masked_ae:[masked-ae] sweep lam=10.0 epoch 22/25 time=1.16s device=cuda
INFO:src.estimators.masked_ae:[masked-ae] sweep lam=10.0 epoch 23/25 time=1.18s device=cuda
INFO:src.estimators.masked_ae:[masked-ae] sweep lam=10.0 epoch 24/25 time=1.17s device=cuda
INFO:src.estimators.masked_ae:[masked-ae] sweep lam=10.0 epoch 25/25 time=1.12s device=cuda
INFO:src.estimators.masked_ae:[masked-ae] retrain epoch 1/35 time=1.15s device=cuda
INFO:src.estimators.masked_ae:[masked-ae] retrain epoch 2/35 time=1.02s device=cuda
INFO:src.estimators.masked_ae:[masked-ae] retrain epoch 3/35 time=1.03s device=cuda
INFO:src.estimators.masked_ae:[masked-ae] retrain epoch 4/35 time=1.11s device=cuda
INFO:src.estimators.masked_ae:[masked-ae] retrain epoch 5/35 time=1.33s device=cuda
INFO:src.estimators.masked_ae:[masked-ae] retrain epoch 6/35 time=1.03s device=cuda
INFO:src.estimators.masked_ae:[masked-ae] retrain epoch 7/35 time=1.05s device=cuda
INFO:src.estimators.masked_ae:[masked-ae] retrain epoch 8/35 time=1.10s device=cuda
INFO:src.estimators.masked_ae:[masked-ae] retrain epoch 9/35 time=1.18s device=cuda
INFO:src.estimators.masked_ae:[masked-ae] retrain epoch 10/35 time=1.05s device=cuda
INFO:src.estimators.masked_ae:[masked-ae] retrain epoch 11/35 time=1.15s device=cuda
INFO:src.estimators.masked_ae:[masked-ae] retrain epoch 12/35 time=1.06s device=cuda
INFO:src.estimators.masked_ae:[masked-ae] retrain epoch 13/35 time=1.10s device=cuda
INFO:src.estimators.masked_ae:[masked-ae] retrain epoch 14/35 time=1.15s device=cuda
INFO:src.estimators.masked_ae:[masked-ae] retrain epoch 15/35 time=1.19s device=cuda
INFO:src.estimators.masked_ae:[masked-ae] retrain epoch 16/35 time=1.36s device=cuda
INFO:src.estimators.masked_ae:[masked-ae] retrain epoch 17/35 time=1.08s device=cuda
INFO:src.estimators.masked_ae:[masked-ae] retrain epoch 18/35 time=1.16s device=cuda
INFO:src.estimators.masked_ae:[masked-ae] retrain epoch 19/35 time=1.02s device=cuda
INFO:src.estimators.masked_ae:[masked-ae] retrain epoch 20/35 time=1.05s device=cuda
INFO:src.estimators.masked_ae:[masked-ae] retrain epoch 21/35 time=1.16s device=cuda
INFO:src.estimators.masked_ae:[masked-ae] retrain epoch 22/35 time=1.04s device=cuda
INFO:src.estimators.masked_ae:[masked-ae] retrain epoch 23/35 time=1.05s device=cuda
INFO:src.estimators.masked_ae:[masked-ae] retrain epoch 24/35 time=1.04s device=cuda
INFO:src.estimators.masked_ae:[masked-ae] retrain epoch 25/35 time=1.11s device=cuda
INFO:src.estimators.masked_ae:[masked-ae] retrain epoch 26/35 time=1.09s device=cuda
INFO:src.estimators.masked_ae:[masked-ae] retrain epoch 27/35 time=1.12s device=cuda
INFO:src.estimators.masked_ae:[masked-ae] retrain epoch 28/35 time=1.18s device=cuda
INFO:src.estimators.masked_ae:[masked-ae] retrain epoch 29/35 time=1.17s device=cuda
INFO:src.estimators.masked_ae:[masked-ae] retrain epoch 30/35 time=1.27s device=cuda
INFO:src.estimators.masked_ae:[masked-ae] retrain epoch 31/35 time=1.04s device=cuda
INFO:src.estimators.masked_ae:[masked-ae] retrain epoch 32/35 time=1.02s device=cuda
INFO:src.estimators.masked_ae:[masked-ae] retrain epoch 33/35 time=1.06s device=cuda
INFO:src.estimators.masked_ae:[masked-ae] retrain epoch 34/35 time=1.06s device=cuda
INFO:src.estimators.masked_ae:[masked-ae] retrain epoch 35/35 time=1.22s device=cuda
INFO:repair_masked_ae:Group ('mnist', 9, 0.75, 1) repaired: estimate=53.0 elapsed_s=341.93 device=cuda samples=60000 rows=5
INFO:repair_masked_ae:Processing group key=('mnist', 9, 1.0, 1) with 5 rows; example row 520
INFO:src.estimators.masked_ae:[masked-ae] pretrain epoch 1/10 time=1.10s device=cuda
INFO:src.estimators.masked_ae:[masked-ae] pretrain epoch 2/10 time=1.07s device=cuda
INFO:src.estimators.masked_ae:[masked-ae] pretrain epoch 3/10 time=1.14s device=cuda
INFO:src.estimators.masked_ae:[masked-ae] pretrain epoch 4/10 time=1.10s device=cuda
INFO:src.estimators.masked_ae:[masked-ae] pretrain epoch 5/10 time=0.96s device=cuda
INFO:src.estimators.masked_ae:[masked-ae] pretrain epoch 6/10 time=1.07s device=cuda
INFO:src.estimators.masked_ae:[masked-ae] pretrain epoch 7/10 time=0.97s device=cuda
INFO:src.estimators.masked_ae:[masked-ae] pretrain epoch 8/10 time=0.93s device=cuda
INFO:src.estimators.masked_ae:[masked-ae] pretrain epoch 9/10 time=1.02s device=cuda
INFO:src.estimators.masked_ae:[masked-ae] pretrain epoch 10/10 time=0.94s device=cuda
INFO:src.estimators.masked_ae:[masked-ae] sweep lam=0.1 epoch 1/25 time=1.10s device=cuda
INFO:src.estimators.masked_ae:[masked-ae] sweep lam=0.1 epoch 2/25 time=1.22s device=cuda
INFO:src.estimators.masked_ae:[masked-ae] sweep lam=0.1 epoch 3/25 time=1.10s device=cuda
INFO:src.estimators.masked_ae:[masked-ae] sweep lam=0.1 epoch 4/25 time=1.12s device=cuda
INFO:src.estimators.masked_ae:[masked-ae] sweep lam=0.1 epoch 5/25 time=1.09s device=cuda
INFO:src.estimators.masked_ae:[masked-ae] sweep lam=0.1 epoch 6/25 time=1.07s device=cuda
INFO:src.estimators.masked_ae:[masked-ae] sweep lam=0.1 epoch 7/25 time=1.14s device=cuda
INFO:src.estimators.masked_ae:[masked-ae] sweep lam=0.1 epoch 8/25 time=1.23s device=cuda
INFO:src.estimators.masked_ae:[masked-ae] sweep lam=0.1 epoch 9/25 time=1.22s device=cuda
INFO:src.estimators.masked_ae:[masked-ae] sweep lam=0.1 epoch 10/25 time=1.06s device=cuda
INFO:src.estimators.masked_ae:[masked-ae] sweep lam=0.1 epoch 11/25 time=1.11s device=cuda
INFO:src.estimators.masked_ae:[masked-ae] sweep lam=0.1 epoch 12/25 time=1.21s device=cuda
INFO:src.estimators.masked_ae:[masked-ae] sweep lam=0.1 epoch 13/25 time=1.06s device=cuda
INFO:src.estimators.masked_ae:[masked-ae] sweep lam=0.1 epoch 14/25 time=1.15s device=cuda
INFO:src.estimators.masked_ae:[masked-ae] sweep lam=0.1 epoch 15/25 time=1.18s device=cuda
INFO:src.estimators.masked_ae:[masked-ae] sweep lam=0.1 epoch 16/25 time=1.09s device=cuda
INFO:src.estimators.masked_ae:[masked-ae] sweep lam=0.1 epoch 17/25 time=1.24s device=cuda
INFO:src.estimators.masked_ae:[masked-ae] sweep lam=0.1 epoch 18/25 time=1.15s device=cuda
INFO:src.estimators.masked_ae:[masked-ae] sweep lam=0.1 epoch 19/25 time=1.26s device=cuda
INFO:src.estimators.masked_ae:[masked-ae] sweep lam=0.1 epoch 20/25 time=1.20s device=cuda
INFO:src.estimators.masked_ae:[masked-ae] sweep lam=0.1 epoch 21/25 time=1.07s device=cuda
INFO:src.estimators.masked_ae:[masked-ae] sweep lam=0.1 epoch 22/25 time=1.16s device=cuda
INFO:src.estimators.masked_ae:[masked-ae] sweep lam=0.1 epoch 23/25 time=1.16s device=cuda
INFO:src.estimators.masked_ae:[masked-ae] sweep lam=0.1 epoch 24/25 time=1.04s device=cuda
INFO:src.estimators.masked_ae:[masked-ae] sweep lam=0.1 epoch 25/25 time=1.19s device=cuda
INFO:src.estimators.masked_ae:[masked-ae] sweep lam=0.16681005372000587 epoch 1/25 time=1.21s device=cuda
INFO:src.estimators.masked_ae:[masked-ae] sweep lam=0.16681005372000587 epoch 2/25 time=1.16s device=cuda
INFO:src.estimators.masked_ae:[masked-ae] sweep lam=0.16681005372000587 epoch 3/25 time=1.21s device=cuda
INFO:src.estimators.masked_ae:[masked-ae] sweep lam=0.16681005372000587 epoch 4/25 time=1.05s device=cuda
INFO:src.estimators.masked_ae:[masked-ae] sweep lam=0.16681005372000587 epoch 5/25 time=1.19s device=cuda
INFO:src.estimators.masked_ae:[masked-ae] sweep lam=0.16681005372000587 epoch 6/25 time=1.18s device=cuda
INFO:src.estimators.masked_ae:[masked-ae] sweep lam=0.16681005372000587 epoch 7/25 time=1.17s device=cuda
INFO:src.estimators.masked_ae:[masked-ae] sweep lam=0.16681005372000587 epoch 8/25 time=1.06s device=cuda
INFO:src.estimators.masked_ae:[masked-ae] sweep lam=0.16681005372000587 epoch 9/25 time=1.18s device=cuda
INFO:src.estimators.masked_ae:[masked-ae] sweep lam=0.16681005372000587 epoch 10/25 time=1.18s device=cuda
INFO:src.estimators.masked_ae:[masked-ae] sweep lam=0.16681005372000587 epoch 11/25 time=1.09s device=cuda
INFO:src.estimators.masked_ae:[masked-ae] sweep lam=0.16681005372000587 epoch 12/25 time=1.27s device=cuda
INFO:src.estimators.masked_ae:[masked-ae] sweep lam=0.16681005372000587 epoch 13/25 time=1.07s device=cuda
INFO:src.estimators.masked_ae:[masked-ae] sweep lam=0.16681005372000587 epoch 14/25 time=1.10s device=cuda
INFO:src.estimators.masked_ae:[masked-ae] sweep lam=0.16681005372000587 epoch 15/25 time=1.08s device=cuda
INFO:src.estimators.masked_ae:[masked-ae] sweep lam=0.16681005372000587 epoch 16/25 time=1.20s device=cuda
INFO:src.estimators.masked_ae:[masked-ae] sweep lam=0.16681005372000587 epoch 17/25 time=1.19s device=cuda
INFO:src.estimators.masked_ae:[masked-ae] sweep lam=0.16681005372000587 epoch 18/25 time=1.18s device=cuda
INFO:src.estimators.masked_ae:[masked-ae] sweep lam=0.16681005372000587 epoch 19/25 time=1.29s device=cuda
INFO:src.estimators.masked_ae:[masked-ae] sweep lam=0.16681005372000587 epoch 20/25 time=1.24s device=cuda
INFO:src.estimators.masked_ae:[masked-ae] sweep lam=0.16681005372000587 epoch 21/25 time=0.99s device=cuda
INFO:src.estimators.masked_ae:[masked-ae] sweep lam=0.16681005372000587 epoch 22/25 time=1.11s device=cuda
INFO:src.estimators.masked_ae:[masked-ae] sweep lam=0.16681005372000587 epoch 23/25 time=1.13s device=cuda
INFO:src.estimators.masked_ae:[masked-ae] sweep lam=0.16681005372000587 epoch 24/25 time=1.19s device=cuda
INFO:src.estimators.masked_ae:[masked-ae] sweep lam=0.16681005372000587 epoch 25/25 time=1.19s device=cuda
INFO:src.estimators.masked_ae:[masked-ae] sweep lam=0.2782559402207124 epoch 1/25 time=1.15s device=cuda
INFO:src.estimators.masked_ae:[masked-ae] sweep lam=0.2782559402207124 epoch 2/25 time=1.03s device=cuda
INFO:src.estimators.masked_ae:[masked-ae] sweep lam=0.2782559402207124 epoch 3/25 time=1.21s device=cuda
INFO:src.estimators.masked_ae:[masked-ae] sweep lam=0.2782559402207124 epoch 4/25 time=1.12s device=cuda
INFO:src.estimators.masked_ae:[masked-ae] sweep lam=0.2782559402207124 epoch 5/25 time=1.25s device=cuda
INFO:src.estimators.masked_ae:[masked-ae] sweep lam=0.2782559402207124 epoch 6/25 time=1.16s device=cuda
INFO:src.estimators.masked_ae:[masked-ae] sweep lam=0.2782559402207124 epoch 7/25 time=1.23s device=cuda
INFO:src.estimators.masked_ae:[masked-ae] sweep lam=0.2782559402207124 epoch 8/25 time=1.12s device=cuda
INFO:src.estimators.masked_ae:[masked-ae] sweep lam=0.2782559402207124 epoch 9/25 time=1.05s device=cuda
INFO:src.estimators.masked_ae:[masked-ae] sweep lam=0.2782559402207124 epoch 10/25 time=1.13s device=cuda
INFO:src.estimators.masked_ae:[masked-ae] sweep lam=0.2782559402207124 epoch 11/25 time=1.20s device=cuda
INFO:src.estimators.masked_ae:[masked-ae] sweep lam=0.2782559402207124 epoch 12/25 time=1.19s device=cuda
INFO:src.estimators.masked_ae:[masked-ae] sweep lam=0.2782559402207124 epoch 13/25 time=1.11s device=cuda
INFO:src.estimators.masked_ae:[masked-ae] sweep lam=0.2782559402207124 epoch 14/25 time=1.15s device=cuda
INFO:src.estimators.masked_ae:[masked-ae] sweep lam=0.2782559402207124 epoch 15/25 time=1.19s device=cuda
INFO:src.estimators.masked_ae:[masked-ae] sweep lam=0.2782559402207124 epoch 16/25 time=1.24s device=cuda
INFO:src.estimators.masked_ae:[masked-ae] sweep lam=0.2782559402207124 epoch 17/25 time=1.19s device=cuda
INFO:src.estimators.masked_ae:[masked-ae] sweep lam=0.2782559402207124 epoch 18/25 time=1.14s device=cuda
INFO:src.estimators.masked_ae:[masked-ae] sweep lam=0.2782559402207124 epoch 19/25 time=1.10s device=cuda
INFO:src.estimators.masked_ae:[masked-ae] sweep lam=0.2782559402207124 epoch 20/25 time=1.15s device=cuda
INFO:src.estimators.masked_ae:[masked-ae] sweep lam=0.2782559402207124 epoch 21/25 time=1.09s device=cuda
INFO:src.estimators.masked_ae:[masked-ae] sweep lam=0.2782559402207124 epoch 22/25 time=1.05s device=cuda
INFO:src.estimators.masked_ae:[masked-ae] sweep lam=0.2782559402207124 epoch 23/25 time=1.16s device=cuda
INFO:src.estimators.masked_ae:[masked-ae] sweep lam=0.2782559402207124 epoch 24/25 time=1.24s device=cuda
INFO:src.estimators.masked_ae:[masked-ae] sweep lam=0.2782559402207124 epoch 25/25 time=1.09s device=cuda
INFO:src.estimators.masked_ae:[masked-ae] sweep lam=0.46415888336127786 epoch 1/25 time=1.16s device=cuda
INFO:src.estimators.masked_ae:[masked-ae] sweep lam=0.46415888336127786 epoch 2/25 time=1.42s device=cuda
INFO:src.estimators.masked_ae:[masked-ae] sweep lam=0.46415888336127786 epoch 3/25 time=1.10s device=cuda
INFO:src.estimators.masked_ae:[masked-ae] sweep lam=0.46415888336127786 epoch 4/25 time=1.08s device=cuda
INFO:src.estimators.masked_ae:[masked-ae] sweep lam=0.46415888336127786 epoch 5/25 time=1.19s device=cuda
INFO:src.estimators.masked_ae:[masked-ae] sweep lam=0.46415888336127786 epoch 6/25 time=1.05s device=cuda
INFO:src.estimators.masked_ae:[masked-ae] sweep lam=0.46415888336127786 epoch 7/25 time=1.31s device=cuda
INFO:src.estimators.masked_ae:[masked-ae] sweep lam=0.46415888336127786 epoch 8/25 time=1.07s device=cuda
INFO:src.estimators.masked_ae:[masked-ae] sweep lam=0.46415888336127786 epoch 9/25 time=1.35s device=cuda
INFO:src.estimators.masked_ae:[masked-ae] sweep lam=0.46415888336127786 epoch 10/25 time=1.03s device=cuda
INFO:src.estimators.masked_ae:[masked-ae] sweep lam=0.46415888336127786 epoch 11/25 time=1.10s device=cuda
INFO:src.estimators.masked_ae:[masked-ae] sweep lam=0.46415888336127786 epoch 12/25 time=1.11s device=cuda
INFO:src.estimators.masked_ae:[masked-ae] sweep lam=0.46415888336127786 epoch 13/25 time=1.10s device=cuda
INFO:src.estimators.masked_ae:[masked-ae] sweep lam=0.46415888336127786 epoch 14/25 time=1.17s device=cuda
INFO:src.estimators.masked_ae:[masked-ae] sweep lam=0.46415888336127786 epoch 15/25 time=1.31s device=cuda
INFO:src.estimators.masked_ae:[masked-ae] sweep lam=0.46415888336127786 epoch 16/25 time=1.13s device=cuda
INFO:src.estimators.masked_ae:[masked-ae] sweep lam=0.46415888336127786 epoch 17/25 time=1.14s device=cuda
INFO:src.estimators.masked_ae:[masked-ae] sweep lam=0.46415888336127786 epoch 18/25 time=1.11s device=cuda
INFO:src.estimators.masked_ae:[masked-ae] sweep lam=0.46415888336127786 epoch 19/25 time=1.23s device=cuda
INFO:src.estimators.masked_ae:[masked-ae] sweep lam=0.46415888336127786 epoch 20/25 time=1.11s device=cuda
INFO:src.estimators.masked_ae:[masked-ae] sweep lam=0.46415888336127786 epoch 21/25 time=1.09s device=cuda
INFO:src.estimators.masked_ae:[masked-ae] sweep lam=0.46415888336127786 epoch 22/25 time=1.13s device=cuda
INFO:src.estimators.masked_ae:[masked-ae] sweep lam=0.46415888336127786 epoch 23/25 time=1.30s device=cuda
INFO:src.estimators.masked_ae:[masked-ae] sweep lam=0.46415888336127786 epoch 24/25 time=1.11s device=cuda
INFO:src.estimators.masked_ae:[masked-ae] sweep lam=0.46415888336127786 epoch 25/25 time=1.26s device=cuda
INFO:src.estimators.masked_ae:[masked-ae] sweep lam=0.774263682681127 epoch 1/25 time=1.18s device=cuda
INFO:src.estimators.masked_ae:[masked-ae] sweep lam=0.774263682681127 epoch 2/25 time=1.18s device=cuda
INFO:src.estimators.masked_ae:[masked-ae] sweep lam=0.774263682681127 epoch 3/25 time=1.03s device=cuda
INFO:src.estimators.masked_ae:[masked-ae] sweep lam=0.774263682681127 epoch 4/25 time=1.07s device=cuda
INFO:src.estimators.masked_ae:[masked-ae] sweep lam=0.774263682681127 epoch 5/25 time=1.08s device=cuda
INFO:src.estimators.masked_ae:[masked-ae] sweep lam=0.774263682681127 epoch 6/25 time=1.17s device=cuda
INFO:src.estimators.masked_ae:[masked-ae] sweep lam=0.774263682681127 epoch 7/25 time=1.22s device=cuda
INFO:src.estimators.masked_ae:[masked-ae] sweep lam=0.774263682681127 epoch 8/25 time=1.15s device=cuda
INFO:src.estimators.masked_ae:[masked-ae] sweep lam=0.774263682681127 epoch 9/25 time=1.07s device=cuda
INFO:src.estimators.masked_ae:[masked-ae] sweep lam=0.774263682681127 epoch 10/25 time=1.14s device=cuda
INFO:src.estimators.masked_ae:[masked-ae] sweep lam=0.774263682681127 epoch 11/25 time=1.10s device=cuda
INFO:src.estimators.masked_ae:[masked-ae] sweep lam=0.774263682681127 epoch 12/25 time=1.09s device=cuda
INFO:src.estimators.masked_ae:[masked-ae] sweep lam=0.774263682681127 epoch 13/25 time=1.01s device=cuda
INFO:src.estimators.masked_ae:[masked-ae] sweep lam=0.774263682681127 epoch 14/25 time=1.05s device=cuda
INFO:src.estimators.masked_ae:[masked-ae] sweep lam=0.774263682681127 epoch 15/25 time=0.99s device=cuda
INFO:src.estimators.masked_ae:[masked-ae] sweep lam=0.774263682681127 epoch 16/25 time=1.00s device=cuda
INFO:src.estimators.masked_ae:[masked-ae] sweep lam=0.774263682681127 epoch 17/25 time=1.01s device=cuda
INFO:src.estimators.masked_ae:[masked-ae] sweep lam=0.774263682681127 epoch 18/25 time=1.23s device=cuda
INFO:src.estimators.masked_ae:[masked-ae] sweep lam=0.774263682681127 epoch 19/25 time=1.29s device=cuda
INFO:src.estimators.masked_ae:[masked-ae] sweep lam=0.774263682681127 epoch 20/25 time=1.32s device=cuda
INFO:src.estimators.masked_ae:[masked-ae] sweep lam=0.774263682681127 epoch 21/25 time=1.24s device=cuda
INFO:src.estimators.masked_ae:[masked-ae] sweep lam=0.774263682681127 epoch 22/25 time=1.13s device=cuda
INFO:src.estimators.masked_ae:[masked-ae] sweep lam=0.774263682681127 epoch 23/25 time=1.08s device=cuda
INFO:src.estimators.masked_ae:[masked-ae] sweep lam=0.774263682681127 epoch 24/25 time=1.18s device=cuda
INFO:src.estimators.masked_ae:[masked-ae] sweep lam=0.774263682681127 epoch 25/25 time=1.07s device=cuda
INFO:src.estimators.masked_ae:[masked-ae] sweep lam=1.291549665014884 epoch 1/25 time=1.08s device=cuda
INFO:src.estimators.masked_ae:[masked-ae] sweep lam=1.291549665014884 epoch 2/25 time=1.12s device=cuda
INFO:src.estimators.masked_ae:[masked-ae] sweep lam=1.291549665014884 epoch 3/25 time=1.06s device=cuda
INFO:src.estimators.masked_ae:[masked-ae] sweep lam=1.291549665014884 epoch 4/25 time=1.16s device=cuda
INFO:src.estimators.masked_ae:[masked-ae] sweep lam=1.291549665014884 epoch 5/25 time=1.06s device=cuda
INFO:src.estimators.masked_ae:[masked-ae] sweep lam=1.291549665014884 epoch 6/25 time=1.12s device=cuda
INFO:src.estimators.masked_ae:[masked-ae] sweep lam=1.291549665014884 epoch 7/25 time=1.14s device=cuda
INFO:src.estimators.masked_ae:[masked-ae] sweep lam=1.291549665014884 epoch 8/25 time=1.05s device=cuda
INFO:src.estimators.masked_ae:[masked-ae] sweep lam=1.291549665014884 epoch 9/25 time=1.13s device=cuda
INFO:src.estimators.masked_ae:[masked-ae] sweep lam=1.291549665014884 epoch 10/25 time=1.29s device=cuda
INFO:src.estimators.masked_ae:[masked-ae] sweep lam=1.291549665014884 epoch 11/25 time=1.06s device=cuda
INFO:src.estimators.masked_ae:[masked-ae] sweep lam=1.291549665014884 epoch 12/25 time=1.25s device=cuda
INFO:src.estimators.masked_ae:[masked-ae] sweep lam=1.291549665014884 epoch 13/25 time=1.15s device=cuda
INFO:src.estimators.masked_ae:[masked-ae] sweep lam=1.291549665014884 epoch 14/25 time=1.13s device=cuda
INFO:src.estimators.masked_ae:[masked-ae] sweep lam=1.291549665014884 epoch 15/25 time=1.16s device=cuda
INFO:src.estimators.masked_ae:[masked-ae] sweep lam=1.291549665014884 epoch 16/25 time=1.13s device=cuda
INFO:src.estimators.masked_ae:[masked-ae] sweep lam=1.291549665014884 epoch 17/25 time=1.18s device=cuda
INFO:src.estimators.masked_ae:[masked-ae] sweep lam=1.291549665014884 epoch 18/25 time=1.14s device=cuda
INFO:src.estimators.masked_ae:[masked-ae] sweep lam=1.291549665014884 epoch 19/25 time=1.08s device=cuda
INFO:src.estimators.masked_ae:[masked-ae] sweep lam=1.291549665014884 epoch 20/25 time=1.00s device=cuda
INFO:src.estimators.masked_ae:[masked-ae] sweep lam=1.291549665014884 epoch 21/25 time=1.11s device=cuda
INFO:src.estimators.masked_ae:[masked-ae] sweep lam=1.291549665014884 epoch 22/25 time=1.13s device=cuda
INFO:src.estimators.masked_ae:[masked-ae] sweep lam=1.291549665014884 epoch 23/25 time=1.16s device=cuda
INFO:src.estimators.masked_ae:[masked-ae] sweep lam=1.291549665014884 epoch 24/25 time=1.24s device=cuda
INFO:src.estimators.masked_ae:[masked-ae] sweep lam=1.291549665014884 epoch 25/25 time=1.12s device=cuda
INFO:src.estimators.masked_ae:[masked-ae] sweep lam=2.1544346900318834 epoch 1/25 time=1.19s device=cuda
INFO:src.estimators.masked_ae:[masked-ae] sweep lam=2.1544346900318834 epoch 2/25 time=1.13s device=cuda
INFO:src.estimators.masked_ae:[masked-ae] sweep lam=2.1544346900318834 epoch 3/25 time=1.22s device=cuda
INFO:src.estimators.masked_ae:[masked-ae] sweep lam=2.1544346900318834 epoch 4/25 time=1.10s device=cuda
INFO:src.estimators.masked_ae:[masked-ae] sweep lam=2.1544346900318834 epoch 5/25 time=1.33s device=cuda
INFO:src.estimators.masked_ae:[masked-ae] sweep lam=2.1544346900318834 epoch 6/25 time=1.10s device=cuda
INFO:src.estimators.masked_ae:[masked-ae] sweep lam=2.1544346900318834 epoch 7/25 time=1.18s device=cuda
INFO:src.estimators.masked_ae:[masked-ae] sweep lam=2.1544346900318834 epoch 8/25 time=1.14s device=cuda
INFO:src.estimators.masked_ae:[masked-ae] sweep lam=2.1544346900318834 epoch 9/25 time=1.27s device=cuda
INFO:src.estimators.masked_ae:[masked-ae] sweep lam=2.1544346900318834 epoch 10/25 time=1.26s device=cuda
INFO:src.estimators.masked_ae:[masked-ae] sweep lam=2.1544346900318834 epoch 11/25 time=1.15s device=cuda
INFO:src.estimators.masked_ae:[masked-ae] sweep lam=2.1544346900318834 epoch 12/25 time=1.16s device=cuda
INFO:src.estimators.masked_ae:[masked-ae] sweep lam=2.1544346900318834 epoch 13/25 time=1.13s device=cuda
INFO:src.estimators.masked_ae:[masked-ae] sweep lam=2.1544346900318834 epoch 14/25 time=1.29s device=cuda
INFO:src.estimators.masked_ae:[masked-ae] sweep lam=2.1544346900318834 epoch 15/25 time=1.16s device=cuda
INFO:src.estimators.masked_ae:[masked-ae] sweep lam=2.1544346900318834 epoch 16/25 time=1.02s device=cuda
INFO:src.estimators.masked_ae:[masked-ae] sweep lam=2.1544346900318834 epoch 17/25 time=1.07s device=cuda
INFO:src.estimators.masked_ae:[masked-ae] sweep lam=2.1544346900318834 epoch 18/25 time=1.29s device=cuda
INFO:src.estimators.masked_ae:[masked-ae] sweep lam=2.1544346900318834 epoch 19/25 time=1.11s device=cuda
INFO:src.estimators.masked_ae:[masked-ae] sweep lam=2.1544346900318834 epoch 20/25 time=1.33s device=cuda
INFO:src.estimators.masked_ae:[masked-ae] sweep lam=2.1544346900318834 epoch 21/25 time=1.11s device=cuda
INFO:src.estimators.masked_ae:[masked-ae] sweep lam=2.1544346900318834 epoch 22/25 time=1.42s device=cuda
INFO:src.estimators.masked_ae:[masked-ae] sweep lam=2.1544346900318834 epoch 23/25 time=1.23s device=cuda
INFO:src.estimators.masked_ae:[masked-ae] sweep lam=2.1544346900318834 epoch 24/25 time=1.09s device=cuda
INFO:src.estimators.masked_ae:[masked-ae] sweep lam=2.1544346900318834 epoch 25/25 time=1.30s device=cuda
INFO:src.estimators.masked_ae:[masked-ae] sweep lam=3.593813663804626 epoch 1/25 time=1.19s device=cuda
INFO:src.estimators.masked_ae:[masked-ae] sweep lam=3.593813663804626 epoch 2/25 time=1.10s device=cuda
INFO:src.estimators.masked_ae:[masked-ae] sweep lam=3.593813663804626 epoch 3/25 time=1.10s device=cuda
INFO:src.estimators.masked_ae:[masked-ae] sweep lam=3.593813663804626 epoch 4/25 time=1.10s device=cuda
INFO:src.estimators.masked_ae:[masked-ae] sweep lam=3.593813663804626 epoch 5/25 time=1.23s device=cuda
INFO:src.estimators.masked_ae:[masked-ae] sweep lam=3.593813663804626 epoch 6/25 time=1.19s device=cuda
INFO:src.estimators.masked_ae:[masked-ae] sweep lam=3.593813663804626 epoch 7/25 time=1.14s device=cuda
INFO:src.estimators.masked_ae:[masked-ae] sweep lam=3.593813663804626 epoch 8/25 time=1.18s device=cuda
INFO:src.estimators.masked_ae:[masked-ae] sweep lam=3.593813663804626 epoch 9/25 time=1.15s device=cuda
INFO:src.estimators.masked_ae:[masked-ae] sweep lam=3.593813663804626 epoch 10/25 time=1.06s device=cuda
INFO:src.estimators.masked_ae:[masked-ae] sweep lam=3.593813663804626 epoch 11/25 time=1.02s device=cuda
INFO:src.estimators.masked_ae:[masked-ae] sweep lam=3.593813663804626 epoch 12/25 time=1.00s device=cuda
INFO:src.estimators.masked_ae:[masked-ae] sweep lam=3.593813663804626 epoch 13/25 time=1.17s device=cuda
INFO:src.estimators.masked_ae:[masked-ae] sweep lam=3.593813663804626 epoch 14/25 time=1.20s device=cuda
INFO:src.estimators.masked_ae:[masked-ae] sweep lam=3.593813663804626 epoch 15/25 time=1.12s device=cuda
INFO:src.estimators.masked_ae:[masked-ae] sweep lam=3.593813663804626 epoch 16/25 time=1.07s device=cuda
INFO:src.estimators.masked_ae:[masked-ae] sweep lam=3.593813663804626 epoch 17/25 time=1.08s device=cuda
INFO:src.estimators.masked_ae:[masked-ae] sweep lam=3.593813663804626 epoch 18/25 time=1.11s device=cuda
INFO:src.estimators.masked_ae:[masked-ae] sweep lam=3.593813663804626 epoch 19/25 time=1.14s device=cuda
INFO:src.estimators.masked_ae:[masked-ae] sweep lam=3.593813663804626 epoch 20/25 time=1.14s device=cuda
INFO:src.estimators.masked_ae:[masked-ae] sweep lam=3.593813663804626 epoch 21/25 time=1.07s device=cuda
INFO:src.estimators.masked_ae:[masked-ae] sweep lam=3.593813663804626 epoch 22/25 time=1.11s device=cuda
INFO:src.estimators.masked_ae:[masked-ae] sweep lam=3.593813663804626 epoch 23/25 time=1.27s device=cuda
INFO:src.estimators.masked_ae:[masked-ae] sweep lam=3.593813663804626 epoch 24/25 time=1.18s device=cuda
INFO:src.estimators.masked_ae:[masked-ae] sweep lam=3.593813663804626 epoch 25/25 time=1.11s device=cuda
INFO:src.estimators.masked_ae:[masked-ae] sweep lam=5.994842503189409 epoch 1/25 time=1.12s device=cuda
INFO:src.estimators.masked_ae:[masked-ae] sweep lam=5.994842503189409 epoch 2/25 time=1.35s device=cuda
INFO:src.estimators.masked_ae:[masked-ae] sweep lam=5.994842503189409 epoch 3/25 time=1.09s device=cuda
INFO:src.estimators.masked_ae:[masked-ae] sweep lam=5.994842503189409 epoch 4/25 time=1.12s device=cuda
INFO:src.estimators.masked_ae:[masked-ae] sweep lam=5.994842503189409 epoch 5/25 time=1.07s device=cuda
INFO:src.estimators.masked_ae:[masked-ae] sweep lam=5.994842503189409 epoch 6/25 time=1.14s device=cuda
INFO:src.estimators.masked_ae:[masked-ae] sweep lam=5.994842503189409 epoch 7/25 time=1.24s device=cuda
INFO:src.estimators.masked_ae:[masked-ae] sweep lam=5.994842503189409 epoch 8/25 time=1.11s device=cuda
INFO:src.estimators.masked_ae:[masked-ae] sweep lam=5.994842503189409 epoch 9/25 time=1.07s device=cuda
INFO:src.estimators.masked_ae:[masked-ae] sweep lam=5.994842503189409 epoch 10/25 time=1.14s device=cuda
INFO:src.estimators.masked_ae:[masked-ae] sweep lam=5.994842503189409 epoch 11/25 time=1.12s device=cuda
INFO:src.estimators.masked_ae:[masked-ae] sweep lam=5.994842503189409 epoch 12/25 time=1.25s device=cuda
INFO:src.estimators.masked_ae:[masked-ae] sweep lam=5.994842503189409 epoch 13/25 time=1.12s device=cuda
INFO:src.estimators.masked_ae:[masked-ae] sweep lam=5.994842503189409 epoch 14/25 time=1.19s device=cuda
INFO:src.estimators.masked_ae:[masked-ae] sweep lam=5.994842503189409 epoch 15/25 time=1.11s device=cuda
INFO:src.estimators.masked_ae:[masked-ae] sweep lam=5.994842503189409 epoch 16/25 time=1.05s device=cuda
INFO:src.estimators.masked_ae:[masked-ae] sweep lam=5.994842503189409 epoch 17/25 time=1.09s device=cuda
INFO:src.estimators.masked_ae:[masked-ae] sweep lam=5.994842503189409 epoch 18/25 time=1.06s device=cuda
INFO:src.estimators.masked_ae:[masked-ae] sweep lam=5.994842503189409 epoch 19/25 time=1.13s device=cuda
INFO:src.estimators.masked_ae:[masked-ae] sweep lam=5.994842503189409 epoch 20/25 time=1.11s device=cuda
INFO:src.estimators.masked_ae:[masked-ae] sweep lam=5.994842503189409 epoch 21/25 time=1.23s device=cuda
INFO:src.estimators.masked_ae:[masked-ae] sweep lam=5.994842503189409 epoch 22/25 time=1.15s device=cuda
INFO:src.estimators.masked_ae:[masked-ae] sweep lam=5.994842503189409 epoch 23/25 time=1.07s device=cuda
INFO:src.estimators.masked_ae:[masked-ae] sweep lam=5.994842503189409 epoch 24/25 time=1.08s device=cuda
INFO:src.estimators.masked_ae:[masked-ae] sweep lam=5.994842503189409 epoch 25/25 time=1.13s device=cuda
INFO:src.estimators.masked_ae:[masked-ae] sweep lam=10.0 epoch 1/25 time=1.19s device=cuda
INFO:src.estimators.masked_ae:[masked-ae] sweep lam=10.0 epoch 2/25 time=1.23s device=cuda
INFO:src.estimators.masked_ae:[masked-ae] sweep lam=10.0 epoch 3/25 time=1.17s device=cuda
INFO:src.estimators.masked_ae:[masked-ae] sweep lam=10.0 epoch 4/25 time=1.07s device=cuda
INFO:src.estimators.masked_ae:[masked-ae] sweep lam=10.0 epoch 5/25 time=1.23s device=cuda
INFO:src.estimators.masked_ae:[masked-ae] sweep lam=10.0 epoch 6/25 time=1.12s device=cuda
INFO:src.estimators.masked_ae:[masked-ae] sweep lam=10.0 epoch 7/25 time=1.17s device=cuda
INFO:src.estimators.masked_ae:[masked-ae] sweep lam=10.0 epoch 8/25 time=1.23s device=cuda
INFO:src.estimators.masked_ae:[masked-ae] sweep lam=10.0 epoch 9/25 time=1.04s device=cuda
INFO:src.estimators.masked_ae:[masked-ae] sweep lam=10.0 epoch 10/25 time=1.04s device=cuda
INFO:src.estimators.masked_ae:[masked-ae] sweep lam=10.0 epoch 11/25 time=1.13s device=cuda
INFO:src.estimators.masked_ae:[masked-ae] sweep lam=10.0 epoch 12/25 time=1.23s device=cuda
INFO:src.estimators.masked_ae:[masked-ae] sweep lam=10.0 epoch 13/25 time=1.23s device=cuda
INFO:src.estimators.masked_ae:[masked-ae] sweep lam=10.0 epoch 14/25 time=1.11s device=cuda
INFO:src.estimators.masked_ae:[masked-ae] sweep lam=10.0 epoch 15/25 time=1.17s device=cuda
INFO:src.estimators.masked_ae:[masked-ae] sweep lam=10.0 epoch 16/25 time=1.24s device=cuda
INFO:src.estimators.masked_ae:[masked-ae] sweep lam=10.0 epoch 17/25 time=1.16s device=cuda
INFO:src.estimators.masked_ae:[masked-ae] sweep lam=10.0 epoch 18/25 time=1.16s device=cuda
INFO:src.estimators.masked_ae:[masked-ae] sweep lam=10.0 epoch 19/25 time=1.22s device=cuda
INFO:src.estimators.masked_ae:[masked-ae] sweep lam=10.0 epoch 20/25 time=1.13s device=cuda
INFO:src.estimators.masked_ae:[masked-ae] sweep lam=10.0 epoch 21/25 time=1.07s device=cuda
INFO:src.estimators.masked_ae:[masked-ae] sweep lam=10.0 epoch 22/25 time=1.36s device=cuda
INFO:src.estimators.masked_ae:[masked-ae] sweep lam=10.0 epoch 23/25 time=1.11s device=cuda
INFO:src.estimators.masked_ae:[masked-ae] sweep lam=10.0 epoch 24/25 time=1.16s device=cuda
INFO:src.estimators.masked_ae:[masked-ae] sweep lam=10.0 epoch 25/25 time=1.21s device=cuda
INFO:src.estimators.masked_ae:[masked-ae] retrain epoch 1/35 time=1.10s device=cuda
INFO:src.estimators.masked_ae:[masked-ae] retrain epoch 2/35 time=1.11s device=cuda
INFO:src.estimators.masked_ae:[masked-ae] retrain epoch 3/35 time=1.30s device=cuda
INFO:src.estimators.masked_ae:[masked-ae] retrain epoch 4/35 time=1.22s device=cuda
INFO:src.estimators.masked_ae:[masked-ae] retrain epoch 5/35 time=1.11s device=cuda
INFO:src.estimators.masked_ae:[masked-ae] retrain epoch 6/35 time=1.07s device=cuda
INFO:src.estimators.masked_ae:[masked-ae] retrain epoch 7/35 time=1.21s device=cuda
INFO:src.estimators.masked_ae:[masked-ae] retrain epoch 8/35 time=1.15s device=cuda
INFO:src.estimators.masked_ae:[masked-ae] retrain epoch 9/35 time=1.29s device=cuda
INFO:src.estimators.masked_ae:[masked-ae] retrain epoch 10/35 time=1.09s device=cuda
INFO:src.estimators.masked_ae:[masked-ae] retrain epoch 11/35 time=1.24s device=cuda
INFO:src.estimators.masked_ae:[masked-ae] retrain epoch 12/35 time=1.15s device=cuda
INFO:src.estimators.masked_ae:[masked-ae] retrain epoch 13/35 time=1.16s device=cuda
INFO:src.estimators.masked_ae:[masked-ae] retrain epoch 14/35 time=1.04s device=cuda
INFO:src.estimators.masked_ae:[masked-ae] retrain epoch 15/35 time=1.02s device=cuda
INFO:src.estimators.masked_ae:[masked-ae] retrain epoch 16/35 time=1.18s device=cuda
INFO:src.estimators.masked_ae:[masked-ae] retrain epoch 17/35 time=1.19s device=cuda
INFO:src.estimators.masked_ae:[masked-ae] retrain epoch 18/35 time=1.21s device=cuda
INFO:src.estimators.masked_ae:[masked-ae] retrain epoch 19/35 time=1.08s device=cuda
INFO:src.estimators.masked_ae:[masked-ae] retrain epoch 20/35 time=1.11s device=cuda
INFO:src.estimators.masked_ae:[masked-ae] retrain epoch 21/35 time=1.08s device=cuda
INFO:src.estimators.masked_ae:[masked-ae] retrain epoch 22/35 time=1.17s device=cuda
INFO:src.estimators.masked_ae:[masked-ae] retrain epoch 23/35 time=1.19s device=cuda
INFO:src.estimators.masked_ae:[masked-ae] retrain epoch 24/35 time=1.24s device=cuda
INFO:src.estimators.masked_ae:[masked-ae] retrain epoch 25/35 time=1.07s device=cuda
INFO:src.estimators.masked_ae:[masked-ae] retrain epoch 26/35 time=1.31s device=cuda
INFO:src.estimators.masked_ae:[masked-ae] retrain epoch 27/35 time=1.23s device=cuda
INFO:src.estimators.masked_ae:[masked-ae] retrain epoch 28/35 time=1.12s device=cuda
INFO:src.estimators.masked_ae:[masked-ae] retrain epoch 29/35 time=1.10s device=cuda
INFO:src.estimators.masked_ae:[masked-ae] retrain epoch 30/35 time=1.16s device=cuda
INFO:src.estimators.masked_ae:[masked-ae] retrain epoch 31/35 time=1.08s device=cuda
INFO:src.estimators.masked_ae:[masked-ae] retrain epoch 32/35 time=1.17s device=cuda
INFO:src.estimators.masked_ae:[masked-ae] retrain epoch 33/35 time=1.17s device=cuda
INFO:src.estimators.masked_ae:[masked-ae] retrain epoch 34/35 time=1.06s device=cuda
INFO:src.estimators.masked_ae:[masked-ae] retrain epoch 35/35 time=1.14s device=cuda
INFO:repair_masked_ae:Group ('mnist', 9, 1.0, 1) repaired: estimate=12.0 elapsed_s=342.33 device=cuda samples=60000 rows=5
INFO:repair_masked_ae:Processing group key=('mnist', 12, 0.0, 1) with 5 rows; example row 555
INFO:src.estimators.masked_ae:[masked-ae] pretrain epoch 1/10 time=0.99s device=cuda
INFO:src.estimators.masked_ae:[masked-ae] pretrain epoch 2/10 time=0.98s device=cuda
INFO:src.estimators.masked_ae:[masked-ae] pretrain epoch 3/10 time=0.94s device=cuda
INFO:src.estimators.masked_ae:[masked-ae] pretrain epoch 4/10 time=1.07s device=cuda
INFO:src.estimators.masked_ae:[masked-ae] pretrain epoch 5/10 time=0.96s device=cuda
INFO:src.estimators.masked_ae:[masked-ae] pretrain epoch 6/10 time=1.02s device=cuda
INFO:src.estimators.masked_ae:[masked-ae] pretrain epoch 7/10 time=1.16s device=cuda
INFO:src.estimators.masked_ae:[masked-ae] pretrain epoch 8/10 time=1.11s device=cuda
INFO:src.estimators.masked_ae:[masked-ae] pretrain epoch 9/10 time=1.02s device=cuda
INFO:src.estimators.masked_ae:[masked-ae] pretrain epoch 10/10 time=0.97s device=cuda
INFO:src.estimators.masked_ae:[masked-ae] sweep lam=0.1 epoch 1/25 time=1.11s device=cuda
INFO:src.estimators.masked_ae:[masked-ae] sweep lam=0.1 epoch 2/25 time=1.09s device=cuda
INFO:src.estimators.masked_ae:[masked-ae] sweep lam=0.1 epoch 3/25 time=1.13s device=cuda
INFO:src.estimators.masked_ae:[masked-ae] sweep lam=0.1 epoch 4/25 time=1.11s device=cuda
INFO:src.estimators.masked_ae:[masked-ae] sweep lam=0.1 epoch 5/25 time=1.06s device=cuda
INFO:src.estimators.masked_ae:[masked-ae] sweep lam=0.1 epoch 6/25 time=1.19s device=cuda
INFO:src.estimators.masked_ae:[masked-ae] sweep lam=0.1 epoch 7/25 time=1.16s device=cuda
INFO:src.estimators.masked_ae:[masked-ae] sweep lam=0.1 epoch 8/25 time=1.26s device=cuda
INFO:src.estimators.masked_ae:[masked-ae] sweep lam=0.1 epoch 9/25 time=1.11s device=cuda
INFO:src.estimators.masked_ae:[masked-ae] sweep lam=0.1 epoch 10/25 time=1.21s device=cuda
INFO:src.estimators.masked_ae:[masked-ae] sweep lam=0.1 epoch 11/25 time=1.17s device=cuda
INFO:src.estimators.masked_ae:[masked-ae] sweep lam=0.1 epoch 12/25 time=1.08s device=cuda
INFO:src.estimators.masked_ae:[masked-ae] sweep lam=0.1 epoch 13/25 time=1.20s device=cuda
INFO:src.estimators.masked_ae:[masked-ae] sweep lam=0.1 epoch 14/25 time=1.14s device=cuda
INFO:src.estimators.masked_ae:[masked-ae] sweep lam=0.1 epoch 15/25 time=1.11s device=cuda
INFO:src.estimators.masked_ae:[masked-ae] sweep lam=0.1 epoch 16/25 time=1.29s device=cuda
INFO:src.estimators.masked_ae:[masked-ae] sweep lam=0.1 epoch 17/25 time=1.25s device=cuda
INFO:src.estimators.masked_ae:[masked-ae] sweep lam=0.1 epoch 18/25 time=1.13s device=cuda
INFO:src.estimators.masked_ae:[masked-ae] sweep lam=0.1 epoch 19/25 time=1.11s device=cuda
INFO:src.estimators.masked_ae:[masked-ae] sweep lam=0.1 epoch 20/25 time=1.13s device=cuda
INFO:src.estimators.masked_ae:[masked-ae] sweep lam=0.1 epoch 21/25 time=1.20s device=cuda
INFO:src.estimators.masked_ae:[masked-ae] sweep lam=0.1 epoch 22/25 time=1.15s device=cuda
INFO:src.estimators.masked_ae:[masked-ae] sweep lam=0.1 epoch 23/25 time=1.33s device=cuda
INFO:src.estimators.masked_ae:[masked-ae] sweep lam=0.1 epoch 24/25 time=1.15s device=cuda
INFO:src.estimators.masked_ae:[masked-ae] sweep lam=0.1 epoch 25/25 time=1.10s device=cuda
INFO:src.estimators.masked_ae:[masked-ae] sweep lam=0.16681005372000587 epoch 1/25 time=1.16s device=cuda
INFO:src.estimators.masked_ae:[masked-ae] sweep lam=0.16681005372000587 epoch 2/25 time=1.14s device=cuda
INFO:src.estimators.masked_ae:[masked-ae] sweep lam=0.16681005372000587 epoch 3/25 time=1.16s device=cuda
INFO:src.estimators.masked_ae:[masked-ae] sweep lam=0.16681005372000587 epoch 4/25 time=1.17s device=cuda
INFO:src.estimators.masked_ae:[masked-ae] sweep lam=0.16681005372000587 epoch 5/25 time=1.17s device=cuda
INFO:src.estimators.masked_ae:[masked-ae] sweep lam=0.16681005372000587 epoch 6/25 time=1.12s device=cuda
INFO:src.estimators.masked_ae:[masked-ae] sweep lam=0.16681005372000587 epoch 7/25 time=1.10s device=cuda
INFO:src.estimators.masked_ae:[masked-ae] sweep lam=0.16681005372000587 epoch 8/25 time=1.13s device=cuda
INFO:src.estimators.masked_ae:[masked-ae] sweep lam=0.16681005372000587 epoch 9/25 time=1.06s device=cuda
INFO:src.estimators.masked_ae:[masked-ae] sweep lam=0.16681005372000587 epoch 10/25 time=1.14s device=cuda
INFO:src.estimators.masked_ae:[masked-ae] sweep lam=0.16681005372000587 epoch 11/25 time=1.17s device=cuda
INFO:src.estimators.masked_ae:[masked-ae] sweep lam=0.16681005372000587 epoch 12/25 time=1.34s device=cuda
INFO:src.estimators.masked_ae:[masked-ae] sweep lam=0.16681005372000587 epoch 13/25 time=1.23s device=cuda
INFO:src.estimators.masked_ae:[masked-ae] sweep lam=0.16681005372000587 epoch 14/25 time=1.12s device=cuda
INFO:src.estimators.masked_ae:[masked-ae] sweep lam=0.16681005372000587 epoch 15/25 time=1.10s device=cuda
INFO:src.estimators.masked_ae:[masked-ae] sweep lam=0.16681005372000587 epoch 16/25 time=1.08s device=cuda
INFO:src.estimators.masked_ae:[masked-ae] sweep lam=0.16681005372000587 epoch 17/25 time=1.03s device=cuda
INFO:src.estimators.masked_ae:[masked-ae] sweep lam=0.16681005372000587 epoch 18/25 time=1.09s device=cuda
INFO:src.estimators.masked_ae:[masked-ae] sweep lam=0.16681005372000587 epoch 19/25 time=1.01s device=cuda
INFO:src.estimators.masked_ae:[masked-ae] sweep lam=0.16681005372000587 epoch 20/25 time=1.10s device=cuda
INFO:src.estimators.masked_ae:[masked-ae] sweep lam=0.16681005372000587 epoch 21/25 time=1.26s device=cuda
INFO:src.estimators.masked_ae:[masked-ae] sweep lam=0.16681005372000587 epoch 22/25 time=1.14s device=cuda
INFO:src.estimators.masked_ae:[masked-ae] sweep lam=0.16681005372000587 epoch 23/25 time=1.15s device=cuda
INFO:src.estimators.masked_ae:[masked-ae] sweep lam=0.16681005372000587 epoch 24/25 time=1.17s device=cuda
INFO:src.estimators.masked_ae:[masked-ae] sweep lam=0.16681005372000587 epoch 25/25 time=1.04s device=cuda
INFO:src.estimators.masked_ae:[masked-ae] sweep lam=0.2782559402207124 epoch 1/25 time=1.14s device=cuda
INFO:src.estimators.masked_ae:[masked-ae] sweep lam=0.2782559402207124 epoch 2/25 time=1.20s device=cuda
INFO:src.estimators.masked_ae:[masked-ae] sweep lam=0.2782559402207124 epoch 3/25 time=1.00s device=cuda
INFO:src.estimators.masked_ae:[masked-ae] sweep lam=0.2782559402207124 epoch 4/25 time=1.07s device=cuda
INFO:src.estimators.masked_ae:[masked-ae] sweep lam=0.2782559402207124 epoch 5/25 time=1.02s device=cuda
INFO:src.estimators.masked_ae:[masked-ae] sweep lam=0.2782559402207124 epoch 6/25 time=1.09s device=cuda
INFO:src.estimators.masked_ae:[masked-ae] sweep lam=0.2782559402207124 epoch 7/25 time=1.16s device=cuda
INFO:src.estimators.masked_ae:[masked-ae] sweep lam=0.2782559402207124 epoch 8/25 time=1.09s device=cuda
INFO:src.estimators.masked_ae:[masked-ae] sweep lam=0.2782559402207124 epoch 9/25 time=1.35s device=cuda
INFO:src.estimators.masked_ae:[masked-ae] sweep lam=0.2782559402207124 epoch 10/25 time=1.18s device=cuda
INFO:src.estimators.masked_ae:[masked-ae] sweep lam=0.2782559402207124 epoch 11/25 time=1.06s device=cuda
INFO:src.estimators.masked_ae:[masked-ae] sweep lam=0.2782559402207124 epoch 12/25 time=1.10s device=cuda
INFO:src.estimators.masked_ae:[masked-ae] sweep lam=0.2782559402207124 epoch 13/25 time=1.05s device=cuda
INFO:src.estimators.masked_ae:[masked-ae] sweep lam=0.2782559402207124 epoch 14/25 time=1.22s device=cuda
INFO:src.estimators.masked_ae:[masked-ae] sweep lam=0.2782559402207124 epoch 15/25 time=1.06s device=cuda
INFO:src.estimators.masked_ae:[masked-ae] sweep lam=0.2782559402207124 epoch 16/25 time=1.20s device=cuda
INFO:src.estimators.masked_ae:[masked-ae] sweep lam=0.2782559402207124 epoch 17/25 time=1.14s device=cuda
INFO:src.estimators.masked_ae:[masked-ae] sweep lam=0.2782559402207124 epoch 18/25 time=1.10s device=cuda
INFO:src.estimators.masked_ae:[masked-ae] sweep lam=0.2782559402207124 epoch 19/25 time=1.18s device=cuda
INFO:src.estimators.masked_ae:[masked-ae] sweep lam=0.2782559402207124 epoch 20/25 time=1.15s device=cuda
INFO:src.estimators.masked_ae:[masked-ae] sweep lam=0.2782559402207124 epoch 21/25 time=1.07s device=cuda
INFO:src.estimators.masked_ae:[masked-ae] sweep lam=0.2782559402207124 epoch 22/25 time=1.12s device=cuda
INFO:src.estimators.masked_ae:[masked-ae] sweep lam=0.2782559402207124 epoch 23/25 time=1.20s device=cuda
INFO:src.estimators.masked_ae:[masked-ae] sweep lam=0.2782559402207124 epoch 24/25 time=1.18s device=cuda
INFO:src.estimators.masked_ae:[masked-ae] sweep lam=0.2782559402207124 epoch 25/25 time=1.36s device=cuda
INFO:src.estimators.masked_ae:[masked-ae] sweep lam=0.46415888336127786 epoch 1/25 time=1.15s device=cuda
INFO:src.estimators.masked_ae:[masked-ae] sweep lam=0.46415888336127786 epoch 2/25 time=1.23s device=cuda
INFO:src.estimators.masked_ae:[masked-ae] sweep lam=0.46415888336127786 epoch 3/25 time=1.21s device=cuda
INFO:src.estimators.masked_ae:[masked-ae] sweep lam=0.46415888336127786 epoch 4/25 time=1.08s device=cuda
INFO:src.estimators.masked_ae:[masked-ae] sweep lam=0.46415888336127786 epoch 5/25 time=1.10s device=cuda
INFO:src.estimators.masked_ae:[masked-ae] sweep lam=0.46415888336127786 epoch 6/25 time=1.12s device=cuda
INFO:src.estimators.masked_ae:[masked-ae] sweep lam=0.46415888336127786 epoch 7/25 time=1.04s device=cuda
INFO:src.estimators.masked_ae:[masked-ae] sweep lam=0.46415888336127786 epoch 8/25 time=1.04s device=cuda
INFO:src.estimators.masked_ae:[masked-ae] sweep lam=0.46415888336127786 epoch 9/25 time=1.20s device=cuda
INFO:src.estimators.masked_ae:[masked-ae] sweep lam=0.46415888336127786 epoch 10/25 time=1.05s device=cuda
INFO:src.estimators.masked_ae:[masked-ae] sweep lam=0.46415888336127786 epoch 11/25 time=1.09s device=cuda
INFO:src.estimators.masked_ae:[masked-ae] sweep lam=0.46415888336127786 epoch 12/25 time=1.07s device=cuda
INFO:src.estimators.masked_ae:[masked-ae] sweep lam=0.46415888336127786 epoch 13/25 time=1.29s device=cuda
INFO:src.estimators.masked_ae:[masked-ae] sweep lam=0.46415888336127786 epoch 14/25 time=1.11s device=cuda
INFO:src.estimators.masked_ae:[masked-ae] sweep lam=0.46415888336127786 epoch 15/25 time=1.32s device=cuda
INFO:src.estimators.masked_ae:[masked-ae] sweep lam=0.46415888336127786 epoch 16/25 time=1.30s device=cuda
INFO:src.estimators.masked_ae:[masked-ae] sweep lam=0.46415888336127786 epoch 17/25 time=1.13s device=cuda
INFO:src.estimators.masked_ae:[masked-ae] sweep lam=0.46415888336127786 epoch 18/25 time=1.06s device=cuda
INFO:src.estimators.masked_ae:[masked-ae] sweep lam=0.46415888336127786 epoch 19/25 time=1.08s device=cuda
INFO:src.estimators.masked_ae:[masked-ae] sweep lam=0.46415888336127786 epoch 20/25 time=1.14s device=cuda
INFO:src.estimators.masked_ae:[masked-ae] sweep lam=0.46415888336127786 epoch 21/25 time=1.07s device=cuda
INFO:src.estimators.masked_ae:[masked-ae] sweep lam=0.46415888336127786 epoch 22/25 time=1.34s device=cuda
INFO:src.estimators.masked_ae:[masked-ae] sweep lam=0.46415888336127786 epoch 23/25 time=1.09s device=cuda
INFO:src.estimators.masked_ae:[masked-ae] sweep lam=0.46415888336127786 epoch 24/25 time=1.12s device=cuda
INFO:src.estimators.masked_ae:[masked-ae] sweep lam=0.46415888336127786 epoch 25/25 time=1.03s device=cuda
INFO:src.estimators.masked_ae:[masked-ae] sweep lam=0.774263682681127 epoch 1/25 time=1.15s device=cuda
INFO:src.estimators.masked_ae:[masked-ae] sweep lam=0.774263682681127 epoch 2/25 time=1.15s device=cuda
INFO:src.estimators.masked_ae:[masked-ae] sweep lam=0.774263682681127 epoch 3/25 time=1.03s device=cuda
INFO:src.estimators.masked_ae:[masked-ae] sweep lam=0.774263682681127 epoch 4/25 time=1.17s device=cuda
INFO:src.estimators.masked_ae:[masked-ae] sweep lam=0.774263682681127 epoch 5/25 time=1.01s device=cuda
INFO:src.estimators.masked_ae:[masked-ae] sweep lam=0.774263682681127 epoch 6/25 time=1.16s device=cuda
INFO:src.estimators.masked_ae:[masked-ae] sweep lam=0.774263682681127 epoch 7/25 time=1.33s device=cuda
INFO:src.estimators.masked_ae:[masked-ae] sweep lam=0.774263682681127 epoch 8/25 time=1.12s device=cuda
INFO:src.estimators.masked_ae:[masked-ae] sweep lam=0.774263682681127 epoch 9/25 time=1.12s device=cuda
INFO:src.estimators.masked_ae:[masked-ae] sweep lam=0.774263682681127 epoch 10/25 time=1.07s device=cuda
INFO:src.estimators.masked_ae:[masked-ae] sweep lam=0.774263682681127 epoch 11/25 time=1.08s device=cuda
INFO:src.estimators.masked_ae:[masked-ae] sweep lam=0.774263682681127 epoch 12/25 time=1.21s device=cuda
INFO:src.estimators.masked_ae:[masked-ae] sweep lam=0.774263682681127 epoch 13/25 time=1.10s device=cuda
INFO:src.estimators.masked_ae:[masked-ae] sweep lam=0.774263682681127 epoch 14/25 time=1.02s device=cuda
INFO:src.estimators.masked_ae:[masked-ae] sweep lam=0.774263682681127 epoch 15/25 time=1.06s device=cuda
INFO:src.estimators.masked_ae:[masked-ae] sweep lam=0.774263682681127 epoch 16/25 time=1.05s device=cuda
INFO:src.estimators.masked_ae:[masked-ae] sweep lam=0.774263682681127 epoch 17/25 time=1.07s device=cuda
INFO:src.estimators.masked_ae:[masked-ae] sweep lam=0.774263682681127 epoch 18/25 time=1.10s device=cuda
INFO:src.estimators.masked_ae:[masked-ae] sweep lam=0.774263682681127 epoch 19/25 time=1.17s device=cuda
INFO:src.estimators.masked_ae:[masked-ae] sweep lam=0.774263682681127 epoch 20/25 time=1.22s device=cuda
INFO:src.estimators.masked_ae:[masked-ae] sweep lam=0.774263682681127 epoch 21/25 time=1.13s device=cuda
INFO:src.estimators.masked_ae:[masked-ae] sweep lam=0.774263682681127 epoch 22/25 time=1.11s device=cuda
INFO:src.estimators.masked_ae:[masked-ae] sweep lam=0.774263682681127 epoch 23/25 time=1.16s device=cuda
INFO:src.estimators.masked_ae:[masked-ae] sweep lam=0.774263682681127 epoch 24/25 time=1.21s device=cuda
INFO:src.estimators.masked_ae:[masked-ae] sweep lam=0.774263682681127 epoch 25/25 time=1.12s device=cuda
INFO:src.estimators.masked_ae:[masked-ae] sweep lam=1.291549665014884 epoch 1/25 time=1.09s device=cuda
INFO:src.estimators.masked_ae:[masked-ae] sweep lam=1.291549665014884 epoch 2/25 time=1.06s device=cuda
INFO:src.estimators.masked_ae:[masked-ae] sweep lam=1.291549665014884 epoch 3/25 time=1.05s device=cuda
INFO:src.estimators.masked_ae:[masked-ae] sweep lam=1.291549665014884 epoch 4/25 time=1.09s device=cuda
INFO:src.estimators.masked_ae:[masked-ae] sweep lam=1.291549665014884 epoch 5/25 time=1.21s device=cuda
INFO:src.estimators.masked_ae:[masked-ae] sweep lam=1.291549665014884 epoch 6/25 time=1.28s device=cuda
INFO:src.estimators.masked_ae:[masked-ae] sweep lam=1.291549665014884 epoch 7/25 time=1.21s device=cuda
INFO:src.estimators.masked_ae:[masked-ae] sweep lam=1.291549665014884 epoch 8/25 time=1.12s device=cuda
INFO:src.estimators.masked_ae:[masked-ae] sweep lam=1.291549665014884 epoch 9/25 time=1.14s device=cuda
INFO:src.estimators.masked_ae:[masked-ae] sweep lam=1.291549665014884 epoch 10/25 time=1.15s device=cuda
INFO:src.estimators.masked_ae:[masked-ae] sweep lam=1.291549665014884 epoch 11/25 time=1.12s device=cuda
INFO:src.estimators.masked_ae:[masked-ae] sweep lam=1.291549665014884 epoch 12/25 time=1.15s device=cuda
INFO:src.estimators.masked_ae:[masked-ae] sweep lam=1.291549665014884 epoch 13/25 time=1.14s device=cuda
INFO:src.estimators.masked_ae:[masked-ae] sweep lam=1.291549665014884 epoch 14/25 time=1.16s device=cuda
INFO:src.estimators.masked_ae:[masked-ae] sweep lam=1.291549665014884 epoch 15/25 time=1.11s device=cuda
INFO:src.estimators.masked_ae:[masked-ae] sweep lam=1.291549665014884 epoch 16/25 time=1.32s device=cuda
INFO:src.estimators.masked_ae:[masked-ae] sweep lam=1.291549665014884 epoch 17/25 time=1.31s device=cuda
INFO:src.estimators.masked_ae:[masked-ae] sweep lam=1.291549665014884 epoch 18/25 time=1.23s device=cuda
INFO:src.estimators.masked_ae:[masked-ae] sweep lam=1.291549665014884 epoch 19/25 time=1.17s device=cuda
INFO:src.estimators.masked_ae:[masked-ae] sweep lam=1.291549665014884 epoch 20/25 time=1.15s device=cuda
INFO:src.estimators.masked_ae:[masked-ae] sweep lam=1.291549665014884 epoch 21/25 time=1.14s device=cuda
INFO:src.estimators.masked_ae:[masked-ae] sweep lam=1.291549665014884 epoch 22/25 time=1.05s device=cuda
INFO:src.estimators.masked_ae:[masked-ae] sweep lam=1.291549665014884 epoch 23/25 time=1.13s device=cuda
INFO:src.estimators.masked_ae:[masked-ae] sweep lam=1.291549665014884 epoch 24/25 time=1.10s device=cuda
INFO:src.estimators.masked_ae:[masked-ae] sweep lam=1.291549665014884 epoch 25/25 time=1.06s device=cuda
INFO:src.estimators.masked_ae:[masked-ae] sweep lam=2.1544346900318834 epoch 1/25 time=1.51s device=cuda
INFO:src.estimators.masked_ae:[masked-ae] sweep lam=2.1544346900318834 epoch 2/25 time=1.08s device=cuda
INFO:src.estimators.masked_ae:[masked-ae] sweep lam=2.1544346900318834 epoch 3/25 time=1.18s device=cuda
INFO:src.estimators.masked_ae:[masked-ae] sweep lam=2.1544346900318834 epoch 4/25 time=1.21s device=cuda
INFO:src.estimators.masked_ae:[masked-ae] sweep lam=2.1544346900318834 epoch 5/25 time=1.21s device=cuda
INFO:src.estimators.masked_ae:[masked-ae] sweep lam=2.1544346900318834 epoch 6/25 time=1.16s device=cuda
INFO:src.estimators.masked_ae:[masked-ae] sweep lam=2.1544346900318834 epoch 7/25 time=1.16s device=cuda
INFO:src.estimators.masked_ae:[masked-ae] sweep lam=2.1544346900318834 epoch 8/25 time=1.07s device=cuda
INFO:src.estimators.masked_ae:[masked-ae] sweep lam=2.1544346900318834 epoch 9/25 time=1.20s device=cuda
INFO:src.estimators.masked_ae:[masked-ae] sweep lam=2.1544346900318834 epoch 10/25 time=1.10s device=cuda
INFO:src.estimators.masked_ae:[masked-ae] sweep lam=2.1544346900318834 epoch 11/25 time=1.25s device=cuda
INFO:src.estimators.masked_ae:[masked-ae] sweep lam=2.1544346900318834 epoch 12/25 time=1.26s device=cuda
INFO:src.estimators.masked_ae:[masked-ae] sweep lam=2.1544346900318834 epoch 13/25 time=1.42s device=cuda
INFO:src.estimators.masked_ae:[masked-ae] sweep lam=2.1544346900318834 epoch 14/25 time=1.16s device=cuda
INFO:src.estimators.masked_ae:[masked-ae] sweep lam=2.1544346900318834 epoch 15/25 time=1.12s device=cuda
INFO:src.estimators.masked_ae:[masked-ae] sweep lam=2.1544346900318834 epoch 16/25 time=1.26s device=cuda
INFO:src.estimators.masked_ae:[masked-ae] sweep lam=2.1544346900318834 epoch 17/25 time=1.24s device=cuda
INFO:src.estimators.masked_ae:[masked-ae] sweep lam=2.1544346900318834 epoch 18/25 time=1.08s device=cuda
INFO:src.estimators.masked_ae:[masked-ae] sweep lam=2.1544346900318834 epoch 19/25 time=1.09s device=cuda
INFO:src.estimators.masked_ae:[masked-ae] sweep lam=2.1544346900318834 epoch 20/25 time=1.26s device=cuda
INFO:src.estimators.masked_ae:[masked-ae] sweep lam=2.1544346900318834 epoch 21/25 time=1.16s device=cuda
INFO:src.estimators.masked_ae:[masked-ae] sweep lam=2.1544346900318834 epoch 22/25 time=1.00s device=cuda
INFO:src.estimators.masked_ae:[masked-ae] sweep lam=2.1544346900318834 epoch 23/25 time=1.24s device=cuda
INFO:src.estimators.masked_ae:[masked-ae] sweep lam=2.1544346900318834 epoch 24/25 time=1.16s device=cuda
INFO:src.estimators.masked_ae:[masked-ae] sweep lam=2.1544346900318834 epoch 25/25 time=1.14s device=cuda
INFO:src.estimators.masked_ae:[masked-ae] sweep lam=3.593813663804626 epoch 1/25 time=1.09s device=cuda
INFO:src.estimators.masked_ae:[masked-ae] sweep lam=3.593813663804626 epoch 2/25 time=1.15s device=cuda
INFO:src.estimators.masked_ae:[masked-ae] sweep lam=3.593813663804626 epoch 3/25 time=1.11s device=cuda
INFO:src.estimators.masked_ae:[masked-ae] sweep lam=3.593813663804626 epoch 4/25 time=1.38s device=cuda
INFO:src.estimators.masked_ae:[masked-ae] sweep lam=3.593813663804626 epoch 5/25 time=1.11s device=cuda
INFO:src.estimators.masked_ae:[masked-ae] sweep lam=3.593813663804626 epoch 6/25 time=1.08s device=cuda
INFO:src.estimators.masked_ae:[masked-ae] sweep lam=3.593813663804626 epoch 7/25 time=1.15s device=cuda
INFO:src.estimators.masked_ae:[masked-ae] sweep lam=3.593813663804626 epoch 8/25 time=1.31s device=cuda
INFO:src.estimators.masked_ae:[masked-ae] sweep lam=3.593813663804626 epoch 9/25 time=1.12s device=cuda
INFO:src.estimators.masked_ae:[masked-ae] sweep lam=3.593813663804626 epoch 10/25 time=1.09s device=cuda
INFO:src.estimators.masked_ae:[masked-ae] sweep lam=3.593813663804626 epoch 11/25 time=1.10s device=cuda
INFO:src.estimators.masked_ae:[masked-ae] sweep lam=3.593813663804626 epoch 12/25 time=1.17s device=cuda
INFO:src.estimators.masked_ae:[masked-ae] sweep lam=3.593813663804626 epoch 13/25 time=1.15s device=cuda
INFO:src.estimators.masked_ae:[masked-ae] sweep lam=3.593813663804626 epoch 14/25 time=1.14s device=cuda
INFO:src.estimators.masked_ae:[masked-ae] sweep lam=3.593813663804626 epoch 15/25 time=1.35s device=cuda
INFO:src.estimators.masked_ae:[masked-ae] sweep lam=3.593813663804626 epoch 16/25 time=1.16s device=cuda
INFO:src.estimators.masked_ae:[masked-ae] sweep lam=3.593813663804626 epoch 17/25 time=1.20s device=cuda
INFO:src.estimators.masked_ae:[masked-ae] sweep lam=3.593813663804626 epoch 18/25 time=1.11s device=cuda
INFO:src.estimators.masked_ae:[masked-ae] sweep lam=3.593813663804626 epoch 19/25 time=1.14s device=cuda
INFO:src.estimators.masked_ae:[masked-ae] sweep lam=3.593813663804626 epoch 20/25 time=1.22s device=cuda
INFO:src.estimators.masked_ae:[masked-ae] sweep lam=3.593813663804626 epoch 21/25 time=1.14s device=cuda
INFO:src.estimators.masked_ae:[masked-ae] sweep lam=3.593813663804626 epoch 22/25 time=1.14s device=cuda
INFO:src.estimators.masked_ae:[masked-ae] sweep lam=3.593813663804626 epoch 23/25 time=1.15s device=cuda
INFO:src.estimators.masked_ae:[masked-ae] sweep lam=3.593813663804626 epoch 24/25 time=1.13s device=cuda
INFO:src.estimators.masked_ae:[masked-ae] sweep lam=3.593813663804626 epoch 25/25 time=1.06s device=cuda
INFO:src.estimators.masked_ae:[masked-ae] sweep lam=5.994842503189409 epoch 1/25 time=1.06s device=cuda
INFO:src.estimators.masked_ae:[masked-ae] sweep lam=5.994842503189409 epoch 2/25 time=1.11s device=cuda
INFO:src.estimators.masked_ae:[masked-ae] sweep lam=5.994842503189409 epoch 3/25 time=1.24s device=cuda
INFO:src.estimators.masked_ae:[masked-ae] sweep lam=5.994842503189409 epoch 4/25 time=1.20s device=cuda
INFO:src.estimators.masked_ae:[masked-ae] sweep lam=5.994842503189409 epoch 5/25 time=1.29s device=cuda
INFO:src.estimators.masked_ae:[masked-ae] sweep lam=5.994842503189409 epoch 6/25 time=1.14s device=cuda
INFO:src.estimators.masked_ae:[masked-ae] sweep lam=5.994842503189409 epoch 7/25 time=1.12s device=cuda
INFO:src.estimators.masked_ae:[masked-ae] sweep lam=5.994842503189409 epoch 8/25 time=1.21s device=cuda
INFO:src.estimators.masked_ae:[masked-ae] sweep lam=5.994842503189409 epoch 9/25 time=1.13s device=cuda
INFO:src.estimators.masked_ae:[masked-ae] sweep lam=5.994842503189409 epoch 10/25 time=1.18s device=cuda
INFO:src.estimators.masked_ae:[masked-ae] sweep lam=5.994842503189409 epoch 11/25 time=1.11s device=cuda
INFO:src.estimators.masked_ae:[masked-ae] sweep lam=5.994842503189409 epoch 12/25 time=1.22s device=cuda
INFO:src.estimators.masked_ae:[masked-ae] sweep lam=5.994842503189409 epoch 13/25 time=1.32s device=cuda
INFO:src.estimators.masked_ae:[masked-ae] sweep lam=5.994842503189409 epoch 14/25 time=1.09s device=cuda
INFO:src.estimators.masked_ae:[masked-ae] sweep lam=5.994842503189409 epoch 15/25 time=1.22s device=cuda
INFO:src.estimators.masked_ae:[masked-ae] sweep lam=5.994842503189409 epoch 16/25 time=1.20s device=cuda
INFO:src.estimators.masked_ae:[masked-ae] sweep lam=5.994842503189409 epoch 17/25 time=1.06s device=cuda
INFO:src.estimators.masked_ae:[masked-ae] sweep lam=5.994842503189409 epoch 18/25 time=1.10s device=cuda
INFO:src.estimators.masked_ae:[masked-ae] sweep lam=5.994842503189409 epoch 19/25 time=1.23s device=cuda
INFO:src.estimators.masked_ae:[masked-ae] sweep lam=5.994842503189409 epoch 20/25 time=1.21s device=cuda
INFO:src.estimators.masked_ae:[masked-ae] sweep lam=5.994842503189409 epoch 21/25 time=1.09s device=cuda
INFO:src.estimators.masked_ae:[masked-ae] sweep lam=5.994842503189409 epoch 22/25 time=1.12s device=cuda
INFO:src.estimators.masked_ae:[masked-ae] sweep lam=5.994842503189409 epoch 23/25 time=1.25s device=cuda
INFO:src.estimators.masked_ae:[masked-ae] sweep lam=5.994842503189409 epoch 24/25 time=1.25s device=cuda
INFO:src.estimators.masked_ae:[masked-ae] sweep lam=5.994842503189409 epoch 25/25 time=1.15s device=cuda
INFO:src.estimators.masked_ae:[masked-ae] sweep lam=10.0 epoch 1/25 time=1.05s device=cuda
INFO:src.estimators.masked_ae:[masked-ae] sweep lam=10.0 epoch 2/25 time=1.10s device=cuda
INFO:src.estimators.masked_ae:[masked-ae] sweep lam=10.0 epoch 3/25 time=1.30s device=cuda
INFO:src.estimators.masked_ae:[masked-ae] sweep lam=10.0 epoch 4/25 time=1.08s device=cuda
INFO:src.estimators.masked_ae:[masked-ae] sweep lam=10.0 epoch 5/25 time=1.08s device=cuda
INFO:src.estimators.masked_ae:[masked-ae] sweep lam=10.0 epoch 6/25 time=1.08s device=cuda
INFO:src.estimators.masked_ae:[masked-ae] sweep lam=10.0 epoch 7/25 time=1.09s device=cuda
INFO:src.estimators.masked_ae:[masked-ae] sweep lam=10.0 epoch 8/25 time=1.07s device=cuda
INFO:src.estimators.masked_ae:[masked-ae] sweep lam=10.0 epoch 9/25 time=1.18s device=cuda
INFO:src.estimators.masked_ae:[masked-ae] sweep lam=10.0 epoch 10/25 time=1.12s device=cuda
INFO:src.estimators.masked_ae:[masked-ae] sweep lam=10.0 epoch 11/25 time=1.06s device=cuda
INFO:src.estimators.masked_ae:[masked-ae] sweep lam=10.0 epoch 12/25 time=1.14s device=cuda
INFO:src.estimators.masked_ae:[masked-ae] sweep lam=10.0 epoch 13/25 time=1.07s device=cuda
INFO:src.estimators.masked_ae:[masked-ae] sweep lam=10.0 epoch 14/25 time=1.14s device=cuda
INFO:src.estimators.masked_ae:[masked-ae] sweep lam=10.0 epoch 15/25 time=1.11s device=cuda
INFO:src.estimators.masked_ae:[masked-ae] sweep lam=10.0 epoch 16/25 time=1.12s device=cuda
INFO:src.estimators.masked_ae:[masked-ae] sweep lam=10.0 epoch 17/25 time=1.31s device=cuda
INFO:src.estimators.masked_ae:[masked-ae] sweep lam=10.0 epoch 18/25 time=1.21s device=cuda
INFO:src.estimators.masked_ae:[masked-ae] sweep lam=10.0 epoch 19/25 time=1.06s device=cuda
INFO:src.estimators.masked_ae:[masked-ae] sweep lam=10.0 epoch 20/25 time=1.17s device=cuda
INFO:src.estimators.masked_ae:[masked-ae] sweep lam=10.0 epoch 21/25 time=1.23s device=cuda
INFO:src.estimators.masked_ae:[masked-ae] sweep lam=10.0 epoch 22/25 time=1.20s device=cuda
INFO:src.estimators.masked_ae:[masked-ae] sweep lam=10.0 epoch 23/25 time=1.20s device=cuda
INFO:src.estimators.masked_ae:[masked-ae] sweep lam=10.0 epoch 24/25 time=1.16s device=cuda
INFO:src.estimators.masked_ae:[masked-ae] sweep lam=10.0 epoch 25/25 time=1.13s device=cuda
INFO:src.estimators.masked_ae:[masked-ae] retrain epoch 1/35 time=1.11s device=cuda
INFO:src.estimators.masked_ae:[masked-ae] retrain epoch 2/35 time=1.09s device=cuda
INFO:src.estimators.masked_ae:[masked-ae] retrain epoch 3/35 time=1.12s device=cuda
INFO:src.estimators.masked_ae:[masked-ae] retrain epoch 4/35 time=1.12s device=cuda
INFO:src.estimators.masked_ae:[masked-ae] retrain epoch 5/35 time=1.14s device=cuda
INFO:src.estimators.masked_ae:[masked-ae] retrain epoch 6/35 time=1.16s device=cuda
INFO:src.estimators.masked_ae:[masked-ae] retrain epoch 7/35 time=1.21s device=cuda
INFO:src.estimators.masked_ae:[masked-ae] retrain epoch 8/35 time=1.11s device=cuda
INFO:src.estimators.masked_ae:[masked-ae] retrain epoch 9/35 time=1.13s device=cuda
INFO:src.estimators.masked_ae:[masked-ae] retrain epoch 10/35 time=1.13s device=cuda
INFO:src.estimators.masked_ae:[masked-ae] retrain epoch 11/35 time=1.08s device=cuda
INFO:src.estimators.masked_ae:[masked-ae] retrain epoch 12/35 time=1.13s device=cuda
INFO:src.estimators.masked_ae:[masked-ae] retrain epoch 13/35 time=1.13s device=cuda
INFO:src.estimators.masked_ae:[masked-ae] retrain epoch 14/35 time=1.23s device=cuda
INFO:src.estimators.masked_ae:[masked-ae] retrain epoch 15/35 time=1.13s device=cuda
INFO:src.estimators.masked_ae:[masked-ae] retrain epoch 16/35 time=1.10s device=cuda
INFO:src.estimators.masked_ae:[masked-ae] retrain epoch 17/35 time=1.13s device=cuda
INFO:src.estimators.masked_ae:[masked-ae] retrain epoch 18/35 time=1.08s device=cuda
INFO:src.estimators.masked_ae:[masked-ae] retrain epoch 19/35 time=1.14s device=cuda
INFO:src.estimators.masked_ae:[masked-ae] retrain epoch 20/35 time=1.25s device=cuda
INFO:src.estimators.masked_ae:[masked-ae] retrain epoch 21/35 time=1.39s device=cuda
INFO:src.estimators.masked_ae:[masked-ae] retrain epoch 22/35 time=1.19s device=cuda
INFO:src.estimators.masked_ae:[masked-ae] retrain epoch 23/35 time=1.21s device=cuda
INFO:src.estimators.masked_ae:[masked-ae] retrain epoch 24/35 time=1.29s device=cuda
INFO:src.estimators.masked_ae:[masked-ae] retrain epoch 25/35 time=1.16s device=cuda
INFO:src.estimators.masked_ae:[masked-ae] retrain epoch 26/35 time=1.28s device=cuda
INFO:src.estimators.masked_ae:[masked-ae] retrain epoch 27/35 time=1.15s device=cuda
INFO:src.estimators.masked_ae:[masked-ae] retrain epoch 28/35 time=1.17s device=cuda
INFO:src.estimators.masked_ae:[masked-ae] retrain epoch 29/35 time=1.26s device=cuda
INFO:src.estimators.masked_ae:[masked-ae] retrain epoch 30/35 time=1.17s device=cuda
INFO:src.estimators.masked_ae:[masked-ae] retrain epoch 31/35 time=1.32s device=cuda
INFO:src.estimators.masked_ae:[masked-ae] retrain epoch 32/35 time=1.18s device=cuda
INFO:src.estimators.masked_ae:[masked-ae] retrain epoch 33/35 time=1.12s device=cuda
INFO:src.estimators.masked_ae:[masked-ae] retrain epoch 34/35 time=1.15s device=cuda
INFO:src.estimators.masked_ae:[masked-ae] retrain epoch 35/35 time=1.30s device=cuda
INFO:repair_masked_ae:Group ('mnist', 12, 0.0, 1) repaired: estimate=12.0 elapsed_s=343.32 device=cuda samples=60000 rows=5
INFO:repair_masked_ae:Processing group key=('mnist', 12, 0.25, 1) with 5 rows; example row 590
INFO:src.estimators.masked_ae:[masked-ae] pretrain epoch 1/10 time=1.01s device=cuda
INFO:src.estimators.masked_ae:[masked-ae] pretrain epoch 2/10 time=0.98s device=cuda
INFO:src.estimators.masked_ae:[masked-ae] pretrain epoch 3/10 time=1.09s device=cuda
INFO:src.estimators.masked_ae:[masked-ae] pretrain epoch 4/10 time=1.04s device=cuda
INFO:src.estimators.masked_ae:[masked-ae] pretrain epoch 5/10 time=0.98s device=cuda
INFO:src.estimators.masked_ae:[masked-ae] pretrain epoch 6/10 time=0.98s device=cuda
INFO:src.estimators.masked_ae:[masked-ae] pretrain epoch 7/10 time=1.00s device=cuda
INFO:src.estimators.masked_ae:[masked-ae] pretrain epoch 8/10 time=1.11s device=cuda
INFO:src.estimators.masked_ae:[masked-ae] pretrain epoch 9/10 time=1.02s device=cuda
INFO:src.estimators.masked_ae:[masked-ae] pretrain epoch 10/10 time=0.99s device=cuda
INFO:src.estimators.masked_ae:[masked-ae] sweep lam=0.1 epoch 1/25 time=1.09s device=cuda
INFO:src.estimators.masked_ae:[masked-ae] sweep lam=0.1 epoch 2/25 time=1.17s device=cuda
INFO:src.estimators.masked_ae:[masked-ae] sweep lam=0.1 epoch 3/25 time=1.16s device=cuda
INFO:src.estimators.masked_ae:[masked-ae] sweep lam=0.1 epoch 4/25 time=1.24s device=cuda
INFO:src.estimators.masked_ae:[masked-ae] sweep lam=0.1 epoch 5/25 time=1.23s device=cuda
INFO:src.estimators.masked_ae:[masked-ae] sweep lam=0.1 epoch 6/25 time=1.19s device=cuda
INFO:src.estimators.masked_ae:[masked-ae] sweep lam=0.1 epoch 7/25 time=1.32s device=cuda
INFO:src.estimators.masked_ae:[masked-ae] sweep lam=0.1 epoch 8/25 time=1.27s device=cuda
INFO:src.estimators.masked_ae:[masked-ae] sweep lam=0.1 epoch 9/25 time=1.07s device=cuda
INFO:src.estimators.masked_ae:[masked-ae] sweep lam=0.1 epoch 10/25 time=1.12s device=cuda
INFO:src.estimators.masked_ae:[masked-ae] sweep lam=0.1 epoch 11/25 time=1.19s device=cuda
INFO:src.estimators.masked_ae:[masked-ae] sweep lam=0.1 epoch 12/25 time=1.13s device=cuda
INFO:src.estimators.masked_ae:[masked-ae] sweep lam=0.1 epoch 13/25 time=1.39s device=cuda
INFO:src.estimators.masked_ae:[masked-ae] sweep lam=0.1 epoch 14/25 time=1.37s device=cuda
INFO:src.estimators.masked_ae:[masked-ae] sweep lam=0.1 epoch 15/25 time=1.16s device=cuda
INFO:src.estimators.masked_ae:[masked-ae] sweep lam=0.1 epoch 16/25 time=1.16s device=cuda
INFO:src.estimators.masked_ae:[masked-ae] sweep lam=0.1 epoch 17/25 time=1.17s device=cuda
INFO:src.estimators.masked_ae:[masked-ae] sweep lam=0.1 epoch 18/25 time=1.07s device=cuda
INFO:src.estimators.masked_ae:[masked-ae] sweep lam=0.1 epoch 19/25 time=1.28s device=cuda
INFO:src.estimators.masked_ae:[masked-ae] sweep lam=0.1 epoch 20/25 time=1.26s device=cuda
INFO:src.estimators.masked_ae:[masked-ae] sweep lam=0.1 epoch 21/25 time=1.20s device=cuda
INFO:src.estimators.masked_ae:[masked-ae] sweep lam=0.1 epoch 22/25 time=1.12s device=cuda
INFO:src.estimators.masked_ae:[masked-ae] sweep lam=0.1 epoch 23/25 time=1.10s device=cuda
INFO:src.estimators.masked_ae:[masked-ae] sweep lam=0.1 epoch 24/25 time=1.26s device=cuda
INFO:src.estimators.masked_ae:[masked-ae] sweep lam=0.1 epoch 25/25 time=1.31s device=cuda
INFO:src.estimators.masked_ae:[masked-ae] sweep lam=0.16681005372000587 epoch 1/25 time=1.10s device=cuda
INFO:src.estimators.masked_ae:[masked-ae] sweep lam=0.16681005372000587 epoch 2/25 time=1.19s device=cuda
INFO:src.estimators.masked_ae:[masked-ae] sweep lam=0.16681005372000587 epoch 3/25 time=1.14s device=cuda
INFO:src.estimators.masked_ae:[masked-ae] sweep lam=0.16681005372000587 epoch 4/25 time=1.30s device=cuda
INFO:src.estimators.masked_ae:[masked-ae] sweep lam=0.16681005372000587 epoch 5/25 time=1.12s device=cuda
INFO:src.estimators.masked_ae:[masked-ae] sweep lam=0.16681005372000587 epoch 6/25 time=1.04s device=cuda
INFO:src.estimators.masked_ae:[masked-ae] sweep lam=0.16681005372000587 epoch 7/25 time=1.22s device=cuda
INFO:src.estimators.masked_ae:[masked-ae] sweep lam=0.16681005372000587 epoch 8/25 time=1.10s device=cuda
INFO:src.estimators.masked_ae:[masked-ae] sweep lam=0.16681005372000587 epoch 9/25 time=1.16s device=cuda
INFO:src.estimators.masked_ae:[masked-ae] sweep lam=0.16681005372000587 epoch 10/25 time=1.16s device=cuda
INFO:src.estimators.masked_ae:[masked-ae] sweep lam=0.16681005372000587 epoch 11/25 time=1.17s device=cuda
INFO:src.estimators.masked_ae:[masked-ae] sweep lam=0.16681005372000587 epoch 12/25 time=1.09s device=cuda
INFO:src.estimators.masked_ae:[masked-ae] sweep lam=0.16681005372000587 epoch 13/25 time=1.04s device=cuda
INFO:src.estimators.masked_ae:[masked-ae] sweep lam=0.16681005372000587 epoch 14/25 time=1.15s device=cuda
INFO:src.estimators.masked_ae:[masked-ae] sweep lam=0.16681005372000587 epoch 15/25 time=1.20s device=cuda
INFO:src.estimators.masked_ae:[masked-ae] sweep lam=0.16681005372000587 epoch 16/25 time=1.21s device=cuda
INFO:src.estimators.masked_ae:[masked-ae] sweep lam=0.16681005372000587 epoch 17/25 time=1.08s device=cuda
INFO:src.estimators.masked_ae:[masked-ae] sweep lam=0.16681005372000587 epoch 18/25 time=1.11s device=cuda
INFO:src.estimators.masked_ae:[masked-ae] sweep lam=0.16681005372000587 epoch 19/25 time=1.14s device=cuda
INFO:src.estimators.masked_ae:[masked-ae] sweep lam=0.16681005372000587 epoch 20/25 time=1.26s device=cuda
INFO:src.estimators.masked_ae:[masked-ae] sweep lam=0.16681005372000587 epoch 21/25 time=1.10s device=cuda
INFO:src.estimators.masked_ae:[masked-ae] sweep lam=0.16681005372000587 epoch 22/25 time=1.08s device=cuda
INFO:src.estimators.masked_ae:[masked-ae] sweep lam=0.16681005372000587 epoch 23/25 time=1.17s device=cuda
INFO:src.estimators.masked_ae:[masked-ae] sweep lam=0.16681005372000587 epoch 24/25 time=1.16s device=cuda
INFO:src.estimators.masked_ae:[masked-ae] sweep lam=0.16681005372000587 epoch 25/25 time=1.13s device=cuda
INFO:src.estimators.masked_ae:[masked-ae] sweep lam=0.2782559402207124 epoch 1/25 time=1.06s device=cuda
INFO:src.estimators.masked_ae:[masked-ae] sweep lam=0.2782559402207124 epoch 2/25 time=1.15s device=cuda
INFO:src.estimators.masked_ae:[masked-ae] sweep lam=0.2782559402207124 epoch 3/25 time=1.10s device=cuda
INFO:src.estimators.masked_ae:[masked-ae] sweep lam=0.2782559402207124 epoch 4/25 time=1.40s device=cuda
INFO:src.estimators.masked_ae:[masked-ae] sweep lam=0.2782559402207124 epoch 5/25 time=1.17s device=cuda
INFO:src.estimators.masked_ae:[masked-ae] sweep lam=0.2782559402207124 epoch 6/25 time=1.11s device=cuda
INFO:src.estimators.masked_ae:[masked-ae] sweep lam=0.2782559402207124 epoch 7/25 time=1.15s device=cuda
INFO:src.estimators.masked_ae:[masked-ae] sweep lam=0.2782559402207124 epoch 8/25 time=1.09s device=cuda
INFO:src.estimators.masked_ae:[masked-ae] sweep lam=0.2782559402207124 epoch 9/25 time=1.06s device=cuda
INFO:src.estimators.masked_ae:[masked-ae] sweep lam=0.2782559402207124 epoch 10/25 time=1.02s device=cuda
INFO:src.estimators.masked_ae:[masked-ae] sweep lam=0.2782559402207124 epoch 11/25 time=1.11s device=cuda
INFO:src.estimators.masked_ae:[masked-ae] sweep lam=0.2782559402207124 epoch 12/25 time=1.20s device=cuda
INFO:src.estimators.masked_ae:[masked-ae] sweep lam=0.2782559402207124 epoch 13/25 time=1.09s device=cuda
INFO:src.estimators.masked_ae:[masked-ae] sweep lam=0.2782559402207124 epoch 14/25 time=1.10s device=cuda
INFO:src.estimators.masked_ae:[masked-ae] sweep lam=0.2782559402207124 epoch 15/25 time=1.18s device=cuda
INFO:src.estimators.masked_ae:[masked-ae] sweep lam=0.2782559402207124 epoch 16/25 time=1.17s device=cuda
INFO:src.estimators.masked_ae:[masked-ae] sweep lam=0.2782559402207124 epoch 17/25 time=1.10s device=cuda
INFO:src.estimators.masked_ae:[masked-ae] sweep lam=0.2782559402207124 epoch 18/25 time=1.26s device=cuda
INFO:src.estimators.masked_ae:[masked-ae] sweep lam=0.2782559402207124 epoch 19/25 time=1.28s device=cuda
INFO:src.estimators.masked_ae:[masked-ae] sweep lam=0.2782559402207124 epoch 20/25 time=1.08s device=cuda
INFO:src.estimators.masked_ae:[masked-ae] sweep lam=0.2782559402207124 epoch 21/25 time=1.12s device=cuda
INFO:src.estimators.masked_ae:[masked-ae] sweep lam=0.2782559402207124 epoch 22/25 time=1.17s device=cuda
INFO:src.estimators.masked_ae:[masked-ae] sweep lam=0.2782559402207124 epoch 23/25 time=1.19s device=cuda
INFO:src.estimators.masked_ae:[masked-ae] sweep lam=0.2782559402207124 epoch 24/25 time=1.07s device=cuda
INFO:src.estimators.masked_ae:[masked-ae] sweep lam=0.2782559402207124 epoch 25/25 time=1.06s device=cuda
INFO:src.estimators.masked_ae:[masked-ae] sweep lam=0.46415888336127786 epoch 1/25 time=1.29s device=cuda
INFO:src.estimators.masked_ae:[masked-ae] sweep lam=0.46415888336127786 epoch 2/25 time=1.16s device=cuda
INFO:src.estimators.masked_ae:[masked-ae] sweep lam=0.46415888336127786 epoch 3/25 time=1.20s device=cuda
INFO:src.estimators.masked_ae:[masked-ae] sweep lam=0.46415888336127786 epoch 4/25 time=1.30s device=cuda
INFO:src.estimators.masked_ae:[masked-ae] sweep lam=0.46415888336127786 epoch 5/25 time=1.07s device=cuda
INFO:src.estimators.masked_ae:[masked-ae] sweep lam=0.46415888336127786 epoch 6/25 time=1.15s device=cuda
INFO:src.estimators.masked_ae:[masked-ae] sweep lam=0.46415888336127786 epoch 7/25 time=1.18s device=cuda
INFO:src.estimators.masked_ae:[masked-ae] sweep lam=0.46415888336127786 epoch 8/25 time=1.23s device=cuda
INFO:src.estimators.masked_ae:[masked-ae] sweep lam=0.46415888336127786 epoch 9/25 time=1.18s device=cuda
INFO:src.estimators.masked_ae:[masked-ae] sweep lam=0.46415888336127786 epoch 10/25 time=1.24s device=cuda
INFO:src.estimators.masked_ae:[masked-ae] sweep lam=0.46415888336127786 epoch 11/25 time=1.15s device=cuda
INFO:src.estimators.masked_ae:[masked-ae] sweep lam=0.46415888336127786 epoch 12/25 time=1.11s device=cuda
INFO:src.estimators.masked_ae:[masked-ae] sweep lam=0.46415888336127786 epoch 13/25 time=1.11s device=cuda
INFO:src.estimators.masked_ae:[masked-ae] sweep lam=0.46415888336127786 epoch 14/25 time=1.04s device=cuda
INFO:src.estimators.masked_ae:[masked-ae] sweep lam=0.46415888336127786 epoch 15/25 time=1.13s device=cuda
INFO:src.estimators.masked_ae:[masked-ae] sweep lam=0.46415888336127786 epoch 16/25 time=1.18s device=cuda
INFO:src.estimators.masked_ae:[masked-ae] sweep lam=0.46415888336127786 epoch 17/25 time=1.30s device=cuda
INFO:src.estimators.masked_ae:[masked-ae] sweep lam=0.46415888336127786 epoch 18/25 time=1.17s device=cuda
INFO:src.estimators.masked_ae:[masked-ae] sweep lam=0.46415888336127786 epoch 19/25 time=1.19s device=cuda
INFO:src.estimators.masked_ae:[masked-ae] sweep lam=0.46415888336127786 epoch 20/25 time=1.07s device=cuda
INFO:src.estimators.masked_ae:[masked-ae] sweep lam=0.46415888336127786 epoch 21/25 time=1.19s device=cuda
INFO:src.estimators.masked_ae:[masked-ae] sweep lam=0.46415888336127786 epoch 22/25 time=1.18s device=cuda
INFO:src.estimators.masked_ae:[masked-ae] sweep lam=0.46415888336127786 epoch 23/25 time=1.16s device=cuda
INFO:src.estimators.masked_ae:[masked-ae] sweep lam=0.46415888336127786 epoch 24/25 time=1.19s device=cuda
INFO:src.estimators.masked_ae:[masked-ae] sweep lam=0.46415888336127786 epoch 25/25 time=1.14s device=cuda
INFO:src.estimators.masked_ae:[masked-ae] sweep lam=0.774263682681127 epoch 1/25 time=1.07s device=cuda
INFO:src.estimators.masked_ae:[masked-ae] sweep lam=0.774263682681127 epoch 2/25 time=1.10s device=cuda
INFO:src.estimators.masked_ae:[masked-ae] sweep lam=0.774263682681127 epoch 3/25 time=1.16s device=cuda
INFO:src.estimators.masked_ae:[masked-ae] sweep lam=0.774263682681127 epoch 4/25 time=1.08s device=cuda
INFO:src.estimators.masked_ae:[masked-ae] sweep lam=0.774263682681127 epoch 5/25 time=1.11s device=cuda
INFO:src.estimators.masked_ae:[masked-ae] sweep lam=0.774263682681127 epoch 6/25 time=1.14s device=cuda
INFO:src.estimators.masked_ae:[masked-ae] sweep lam=0.774263682681127 epoch 7/25 time=1.12s device=cuda
INFO:src.estimators.masked_ae:[masked-ae] sweep lam=0.774263682681127 epoch 8/25 time=1.27s device=cuda
INFO:src.estimators.masked_ae:[masked-ae] sweep lam=0.774263682681127 epoch 9/25 time=1.35s device=cuda
INFO:src.estimators.masked_ae:[masked-ae] sweep lam=0.774263682681127 epoch 10/25 time=1.07s device=cuda
INFO:src.estimators.masked_ae:[masked-ae] sweep lam=0.774263682681127 epoch 11/25 time=1.64s device=cuda
INFO:src.estimators.masked_ae:[masked-ae] sweep lam=0.774263682681127 epoch 12/25 time=1.12s device=cuda
INFO:src.estimators.masked_ae:[masked-ae] sweep lam=0.774263682681127 epoch 13/25 time=1.32s device=cuda
INFO:src.estimators.masked_ae:[masked-ae] sweep lam=0.774263682681127 epoch 14/25 time=1.36s device=cuda
INFO:src.estimators.masked_ae:[masked-ae] sweep lam=0.774263682681127 epoch 15/25 time=1.19s device=cuda
INFO:src.estimators.masked_ae:[masked-ae] sweep lam=0.774263682681127 epoch 16/25 time=1.22s device=cuda
INFO:src.estimators.masked_ae:[masked-ae] sweep lam=0.774263682681127 epoch 17/25 time=1.12s device=cuda
INFO:src.estimators.masked_ae:[masked-ae] sweep lam=0.774263682681127 epoch 18/25 time=1.18s device=cuda
INFO:src.estimators.masked_ae:[masked-ae] sweep lam=0.774263682681127 epoch 19/25 time=1.08s device=cuda
INFO:src.estimators.masked_ae:[masked-ae] sweep lam=0.774263682681127 epoch 20/25 time=1.09s device=cuda
INFO:src.estimators.masked_ae:[masked-ae] sweep lam=0.774263682681127 epoch 21/25 time=1.19s device=cuda
INFO:src.estimators.masked_ae:[masked-ae] sweep lam=0.774263682681127 epoch 22/25 time=1.22s device=cuda
INFO:src.estimators.masked_ae:[masked-ae] sweep lam=0.774263682681127 epoch 23/25 time=1.07s device=cuda
INFO:src.estimators.masked_ae:[masked-ae] sweep lam=0.774263682681127 epoch 24/25 time=1.16s device=cuda
INFO:src.estimators.masked_ae:[masked-ae] sweep lam=0.774263682681127 epoch 25/25 time=1.12s device=cuda
INFO:src.estimators.masked_ae:[masked-ae] sweep lam=1.291549665014884 epoch 1/25 time=1.11s device=cuda
INFO:src.estimators.masked_ae:[masked-ae] sweep lam=1.291549665014884 epoch 2/25 time=1.29s device=cuda
INFO:src.estimators.masked_ae:[masked-ae] sweep lam=1.291549665014884 epoch 3/25 time=1.27s device=cuda
INFO:src.estimators.masked_ae:[masked-ae] sweep lam=1.291549665014884 epoch 4/25 time=1.24s device=cuda
INFO:src.estimators.masked_ae:[masked-ae] sweep lam=1.291549665014884 epoch 5/25 time=1.17s device=cuda
INFO:src.estimators.masked_ae:[masked-ae] sweep lam=1.291549665014884 epoch 6/25 time=1.04s device=cuda
INFO:src.estimators.masked_ae:[masked-ae] sweep lam=1.291549665014884 epoch 7/25 time=1.02s device=cuda
INFO:src.estimators.masked_ae:[masked-ae] sweep lam=1.291549665014884 epoch 8/25 time=1.11s device=cuda
INFO:src.estimators.masked_ae:[masked-ae] sweep lam=1.291549665014884 epoch 9/25 time=1.36s device=cuda
INFO:src.estimators.masked_ae:[masked-ae] sweep lam=1.291549665014884 epoch 10/25 time=1.20s device=cuda
INFO:src.estimators.masked_ae:[masked-ae] sweep lam=1.291549665014884 epoch 11/25 time=1.37s device=cuda
INFO:src.estimators.masked_ae:[masked-ae] sweep lam=1.291549665014884 epoch 12/25 time=1.13s device=cuda
INFO:src.estimators.masked_ae:[masked-ae] sweep lam=1.291549665014884 epoch 13/25 time=1.26s device=cuda
INFO:src.estimators.masked_ae:[masked-ae] sweep lam=1.291549665014884 epoch 14/25 time=1.12s device=cuda
INFO:src.estimators.masked_ae:[masked-ae] sweep lam=1.291549665014884 epoch 15/25 time=1.14s device=cuda
INFO:src.estimators.masked_ae:[masked-ae] sweep lam=1.291549665014884 epoch 16/25 time=1.21s device=cuda
INFO:src.estimators.masked_ae:[masked-ae] sweep lam=1.291549665014884 epoch 17/25 time=1.22s device=cuda
INFO:src.estimators.masked_ae:[masked-ae] sweep lam=1.291549665014884 epoch 18/25 time=1.06s device=cuda
INFO:src.estimators.masked_ae:[masked-ae] sweep lam=1.291549665014884 epoch 19/25 time=1.20s device=cuda
INFO:src.estimators.masked_ae:[masked-ae] sweep lam=1.291549665014884 epoch 20/25 time=1.16s device=cuda
INFO:src.estimators.masked_ae:[masked-ae] sweep lam=1.291549665014884 epoch 21/25 time=1.05s device=cuda
INFO:src.estimators.masked_ae:[masked-ae] sweep lam=1.291549665014884 epoch 22/25 time=1.08s device=cuda
INFO:src.estimators.masked_ae:[masked-ae] sweep lam=1.291549665014884 epoch 23/25 time=1.07s device=cuda
INFO:src.estimators.masked_ae:[masked-ae] sweep lam=1.291549665014884 epoch 24/25 time=1.24s device=cuda
INFO:src.estimators.masked_ae:[masked-ae] sweep lam=1.291549665014884 epoch 25/25 time=1.14s device=cuda
INFO:src.estimators.masked_ae:[masked-ae] sweep lam=2.1544346900318834 epoch 1/25 time=1.36s device=cuda
INFO:src.estimators.masked_ae:[masked-ae] sweep lam=2.1544346900318834 epoch 2/25 time=1.09s device=cuda
INFO:src.estimators.masked_ae:[masked-ae] sweep lam=2.1544346900318834 epoch 3/25 time=1.16s device=cuda
INFO:src.estimators.masked_ae:[masked-ae] sweep lam=2.1544346900318834 epoch 4/25 time=1.30s device=cuda
INFO:src.estimators.masked_ae:[masked-ae] sweep lam=2.1544346900318834 epoch 5/25 time=1.31s device=cuda
INFO:src.estimators.masked_ae:[masked-ae] sweep lam=2.1544346900318834 epoch 6/25 time=1.17s device=cuda
INFO:src.estimators.masked_ae:[masked-ae] sweep lam=2.1544346900318834 epoch 7/25 time=1.29s device=cuda
INFO:src.estimators.masked_ae:[masked-ae] sweep lam=2.1544346900318834 epoch 8/25 time=1.34s device=cuda
INFO:src.estimators.masked_ae:[masked-ae] sweep lam=2.1544346900318834 epoch 9/25 time=1.02s device=cuda
INFO:src.estimators.masked_ae:[masked-ae] sweep lam=2.1544346900318834 epoch 10/25 time=1.13s device=cuda
INFO:src.estimators.masked_ae:[masked-ae] sweep lam=2.1544346900318834 epoch 11/25 time=1.11s device=cuda
INFO:src.estimators.masked_ae:[masked-ae] sweep lam=2.1544346900318834 epoch 12/25 time=1.24s device=cuda
INFO:src.estimators.masked_ae:[masked-ae] sweep lam=2.1544346900318834 epoch 13/25 time=1.18s device=cuda
INFO:src.estimators.masked_ae:[masked-ae] sweep lam=2.1544346900318834 epoch 14/25 time=1.14s device=cuda
INFO:src.estimators.masked_ae:[masked-ae] sweep lam=2.1544346900318834 epoch 15/25 time=1.16s device=cuda
INFO:src.estimators.masked_ae:[masked-ae] sweep lam=2.1544346900318834 epoch 16/25 time=1.23s device=cuda
INFO:src.estimators.masked_ae:[masked-ae] sweep lam=2.1544346900318834 epoch 17/25 time=1.24s device=cuda
INFO:src.estimators.masked_ae:[masked-ae] sweep lam=2.1544346900318834 epoch 18/25 time=1.30s device=cuda
INFO:src.estimators.masked_ae:[masked-ae] sweep lam=2.1544346900318834 epoch 19/25 time=1.13s device=cuda
INFO:src.estimators.masked_ae:[masked-ae] sweep lam=2.1544346900318834 epoch 20/25 time=1.15s device=cuda
INFO:src.estimators.masked_ae:[masked-ae] sweep lam=2.1544346900318834 epoch 21/25 time=1.09s device=cuda
INFO:src.estimators.masked_ae:[masked-ae] sweep lam=2.1544346900318834 epoch 22/25 time=1.19s device=cuda
INFO:src.estimators.masked_ae:[masked-ae] sweep lam=2.1544346900318834 epoch 23/25 time=1.13s device=cuda
INFO:src.estimators.masked_ae:[masked-ae] sweep lam=2.1544346900318834 epoch 24/25 time=1.16s device=cuda
INFO:src.estimators.masked_ae:[masked-ae] sweep lam=2.1544346900318834 epoch 25/25 time=1.11s device=cuda
INFO:src.estimators.masked_ae:[masked-ae] sweep lam=3.593813663804626 epoch 1/25 time=1.23s device=cuda
INFO:src.estimators.masked_ae:[masked-ae] sweep lam=3.593813663804626 epoch 2/25 time=1.23s device=cuda
INFO:src.estimators.masked_ae:[masked-ae] sweep lam=3.593813663804626 epoch 3/25 time=1.17s device=cuda
INFO:src.estimators.masked_ae:[masked-ae] sweep lam=3.593813663804626 epoch 4/25 time=1.21s device=cuda
INFO:src.estimators.masked_ae:[masked-ae] sweep lam=3.593813663804626 epoch 5/25 time=1.27s device=cuda
INFO:src.estimators.masked_ae:[masked-ae] sweep lam=3.593813663804626 epoch 6/25 time=1.25s device=cuda
INFO:src.estimators.masked_ae:[masked-ae] sweep lam=3.593813663804626 epoch 7/25 time=1.15s device=cuda
INFO:src.estimators.masked_ae:[masked-ae] sweep lam=3.593813663804626 epoch 8/25 time=1.16s device=cuda
INFO:src.estimators.masked_ae:[masked-ae] sweep lam=3.593813663804626 epoch 9/25 time=1.16s device=cuda
INFO:src.estimators.masked_ae:[masked-ae] sweep lam=3.593813663804626 epoch 10/25 time=1.12s device=cuda
INFO:src.estimators.masked_ae:[masked-ae] sweep lam=3.593813663804626 epoch 11/25 time=1.09s device=cuda
INFO:src.estimators.masked_ae:[masked-ae] sweep lam=3.593813663804626 epoch 12/25 time=1.09s device=cuda
INFO:src.estimators.masked_ae:[masked-ae] sweep lam=3.593813663804626 epoch 13/25 time=1.11s device=cuda
INFO:src.estimators.masked_ae:[masked-ae] sweep lam=3.593813663804626 epoch 14/25 time=1.12s device=cuda
INFO:src.estimators.masked_ae:[masked-ae] sweep lam=3.593813663804626 epoch 15/25 time=1.24s device=cuda
INFO:src.estimators.masked_ae:[masked-ae] sweep lam=3.593813663804626 epoch 16/25 time=1.08s device=cuda
INFO:src.estimators.masked_ae:[masked-ae] sweep lam=3.593813663804626 epoch 17/25 time=1.25s device=cuda
INFO:src.estimators.masked_ae:[masked-ae] sweep lam=3.593813663804626 epoch 18/25 time=1.23s device=cuda
INFO:src.estimators.masked_ae:[masked-ae] sweep lam=3.593813663804626 epoch 19/25 time=1.20s device=cuda
INFO:src.estimators.masked_ae:[masked-ae] sweep lam=3.593813663804626 epoch 20/25 time=1.19s device=cuda
INFO:src.estimators.masked_ae:[masked-ae] sweep lam=3.593813663804626 epoch 21/25 time=1.28s device=cuda
INFO:src.estimators.masked_ae:[masked-ae] sweep lam=3.593813663804626 epoch 22/25 time=1.24s device=cuda
INFO:src.estimators.masked_ae:[masked-ae] sweep lam=3.593813663804626 epoch 23/25 time=1.33s device=cuda
INFO:src.estimators.masked_ae:[masked-ae] sweep lam=3.593813663804626 epoch 24/25 time=1.25s device=cuda
INFO:src.estimators.masked_ae:[masked-ae] sweep lam=3.593813663804626 epoch 25/25 time=1.16s device=cuda
INFO:src.estimators.masked_ae:[masked-ae] sweep lam=5.994842503189409 epoch 1/25 time=1.20s device=cuda
INFO:src.estimators.masked_ae:[masked-ae] sweep lam=5.994842503189409 epoch 2/25 time=1.30s device=cuda
INFO:src.estimators.masked_ae:[masked-ae] sweep lam=5.994842503189409 epoch 3/25 time=1.12s device=cuda
INFO:src.estimators.masked_ae:[masked-ae] sweep lam=5.994842503189409 epoch 4/25 time=1.16s device=cuda
INFO:src.estimators.masked_ae:[masked-ae] sweep lam=5.994842503189409 epoch 5/25 time=1.12s device=cuda
INFO:src.estimators.masked_ae:[masked-ae] sweep lam=5.994842503189409 epoch 6/25 time=1.17s device=cuda
INFO:src.estimators.masked_ae:[masked-ae] sweep lam=5.994842503189409 epoch 7/25 time=1.11s device=cuda
INFO:src.estimators.masked_ae:[masked-ae] sweep lam=5.994842503189409 epoch 8/25 time=1.17s device=cuda
INFO:src.estimators.masked_ae:[masked-ae] sweep lam=5.994842503189409 epoch 9/25 time=1.18s device=cuda
INFO:src.estimators.masked_ae:[masked-ae] sweep lam=5.994842503189409 epoch 10/25 time=1.14s device=cuda
INFO:src.estimators.masked_ae:[masked-ae] sweep lam=5.994842503189409 epoch 11/25 time=1.22s device=cuda
INFO:src.estimators.masked_ae:[masked-ae] sweep lam=5.994842503189409 epoch 12/25 time=1.19s device=cuda
INFO:src.estimators.masked_ae:[masked-ae] sweep lam=5.994842503189409 epoch 13/25 time=1.10s device=cuda
INFO:src.estimators.masked_ae:[masked-ae] sweep lam=5.994842503189409 epoch 14/25 time=1.21s device=cuda
INFO:src.estimators.masked_ae:[masked-ae] sweep lam=5.994842503189409 epoch 15/25 time=1.27s device=cuda
INFO:src.estimators.masked_ae:[masked-ae] sweep lam=5.994842503189409 epoch 16/25 time=1.20s device=cuda
INFO:src.estimators.masked_ae:[masked-ae] sweep lam=5.994842503189409 epoch 17/25 time=1.12s device=cuda
INFO:src.estimators.masked_ae:[masked-ae] sweep lam=5.994842503189409 epoch 18/25 time=1.11s device=cuda
INFO:src.estimators.masked_ae:[masked-ae] sweep lam=5.994842503189409 epoch 19/25 time=1.20s device=cuda
INFO:src.estimators.masked_ae:[masked-ae] sweep lam=5.994842503189409 epoch 20/25 time=1.12s device=cuda
INFO:src.estimators.masked_ae:[masked-ae] sweep lam=5.994842503189409 epoch 21/25 time=1.19s device=cuda
INFO:src.estimators.masked_ae:[masked-ae] sweep lam=5.994842503189409 epoch 22/25 time=1.02s device=cuda
INFO:src.estimators.masked_ae:[masked-ae] sweep lam=5.994842503189409 epoch 23/25 time=1.07s device=cuda
INFO:src.estimators.masked_ae:[masked-ae] sweep lam=5.994842503189409 epoch 24/25 time=1.26s device=cuda
INFO:src.estimators.masked_ae:[masked-ae] sweep lam=5.994842503189409 epoch 25/25 time=1.06s device=cuda
INFO:src.estimators.masked_ae:[masked-ae] sweep lam=10.0 epoch 1/25 time=1.13s device=cuda
INFO:src.estimators.masked_ae:[masked-ae] sweep lam=10.0 epoch 2/25 time=1.17s device=cuda
INFO:src.estimators.masked_ae:[masked-ae] sweep lam=10.0 epoch 3/25 time=1.16s device=cuda
INFO:src.estimators.masked_ae:[masked-ae] sweep lam=10.0 epoch 4/25 time=1.28s device=cuda
INFO:src.estimators.masked_ae:[masked-ae] sweep lam=10.0 epoch 5/25 time=1.12s device=cuda
INFO:src.estimators.masked_ae:[masked-ae] sweep lam=10.0 epoch 6/25 time=1.31s device=cuda
INFO:src.estimators.masked_ae:[masked-ae] sweep lam=10.0 epoch 7/25 time=1.20s device=cuda
INFO:src.estimators.masked_ae:[masked-ae] sweep lam=10.0 epoch 8/25 time=1.18s device=cuda
INFO:src.estimators.masked_ae:[masked-ae] sweep lam=10.0 epoch 9/25 time=1.10s device=cuda
INFO:src.estimators.masked_ae:[masked-ae] sweep lam=10.0 epoch 10/25 time=1.09s device=cuda
INFO:src.estimators.masked_ae:[masked-ae] sweep lam=10.0 epoch 11/25 time=1.13s device=cuda
INFO:src.estimators.masked_ae:[masked-ae] sweep lam=10.0 epoch 12/25 time=1.08s device=cuda
INFO:src.estimators.masked_ae:[masked-ae] sweep lam=10.0 epoch 13/25 time=1.14s device=cuda
INFO:src.estimators.masked_ae:[masked-ae] sweep lam=10.0 epoch 14/25 time=1.20s device=cuda
INFO:src.estimators.masked_ae:[masked-ae] sweep lam=10.0 epoch 15/25 time=1.23s device=cuda
INFO:src.estimators.masked_ae:[masked-ae] sweep lam=10.0 epoch 16/25 time=1.07s device=cuda
INFO:src.estimators.masked_ae:[masked-ae] sweep lam=10.0 epoch 17/25 time=1.22s device=cuda
INFO:src.estimators.masked_ae:[masked-ae] sweep lam=10.0 epoch 18/25 time=1.11s device=cuda
INFO:src.estimators.masked_ae:[masked-ae] sweep lam=10.0 epoch 19/25 time=1.11s device=cuda
INFO:src.estimators.masked_ae:[masked-ae] sweep lam=10.0 epoch 20/25 time=1.14s device=cuda
INFO:src.estimators.masked_ae:[masked-ae] sweep lam=10.0 epoch 21/25 time=1.07s device=cuda
INFO:src.estimators.masked_ae:[masked-ae] sweep lam=10.0 epoch 22/25 time=1.12s device=cuda
INFO:src.estimators.masked_ae:[masked-ae] sweep lam=10.0 epoch 23/25 time=1.13s device=cuda
INFO:src.estimators.masked_ae:[masked-ae] sweep lam=10.0 epoch 24/25 time=1.09s device=cuda
INFO:src.estimators.masked_ae:[masked-ae] sweep lam=10.0 epoch 25/25 time=1.11s device=cuda
INFO:src.estimators.masked_ae:[masked-ae] retrain epoch 1/35 time=1.31s device=cuda
INFO:src.estimators.masked_ae:[masked-ae] retrain epoch 2/35 time=1.28s device=cuda
INFO:src.estimators.masked_ae:[masked-ae] retrain epoch 3/35 time=1.07s device=cuda
INFO:src.estimators.masked_ae:[masked-ae] retrain epoch 4/35 time=1.27s device=cuda
INFO:src.estimators.masked_ae:[masked-ae] retrain epoch 5/35 time=1.29s device=cuda
INFO:src.estimators.masked_ae:[masked-ae] retrain epoch 6/35 time=1.17s device=cuda
INFO:src.estimators.masked_ae:[masked-ae] retrain epoch 7/35 time=1.22s device=cuda
INFO:src.estimators.masked_ae:[masked-ae] retrain epoch 8/35 time=1.07s device=cuda
INFO:src.estimators.masked_ae:[masked-ae] retrain epoch 9/35 time=1.20s device=cuda
INFO:src.estimators.masked_ae:[masked-ae] retrain epoch 10/35 time=1.18s device=cuda
INFO:src.estimators.masked_ae:[masked-ae] retrain epoch 11/35 time=1.25s device=cuda
INFO:src.estimators.masked_ae:[masked-ae] retrain epoch 12/35 time=1.23s device=cuda
INFO:src.estimators.masked_ae:[masked-ae] retrain epoch 13/35 time=1.31s device=cuda
INFO:src.estimators.masked_ae:[masked-ae] retrain epoch 14/35 time=1.09s device=cuda
INFO:src.estimators.masked_ae:[masked-ae] retrain epoch 15/35 time=1.36s device=cuda
INFO:src.estimators.masked_ae:[masked-ae] retrain epoch 16/35 time=1.13s device=cuda
INFO:src.estimators.masked_ae:[masked-ae] retrain epoch 17/35 time=1.11s device=cuda
INFO:src.estimators.masked_ae:[masked-ae] retrain epoch 18/35 time=1.07s device=cuda
INFO:src.estimators.masked_ae:[masked-ae] retrain epoch 19/35 time=1.07s device=cuda
INFO:src.estimators.masked_ae:[masked-ae] retrain epoch 20/35 time=1.33s device=cuda
INFO:src.estimators.masked_ae:[masked-ae] retrain epoch 21/35 time=1.22s device=cuda
INFO:src.estimators.masked_ae:[masked-ae] retrain epoch 22/35 time=1.15s device=cuda
INFO:src.estimators.masked_ae:[masked-ae] retrain epoch 23/35 time=1.27s device=cuda
INFO:src.estimators.masked_ae:[masked-ae] retrain epoch 24/35 time=1.26s device=cuda
INFO:src.estimators.masked_ae:[masked-ae] retrain epoch 25/35 time=1.15s device=cuda
INFO:src.estimators.masked_ae:[masked-ae] retrain epoch 26/35 time=1.17s device=cuda
INFO:src.estimators.masked_ae:[masked-ae] retrain epoch 27/35 time=1.08s device=cuda
INFO:src.estimators.masked_ae:[masked-ae] retrain epoch 28/35 time=1.23s device=cuda
INFO:src.estimators.masked_ae:[masked-ae] retrain epoch 29/35 time=1.06s device=cuda
INFO:src.estimators.masked_ae:[masked-ae] retrain epoch 30/35 time=1.25s device=cuda
INFO:src.estimators.masked_ae:[masked-ae] retrain epoch 31/35 time=1.26s device=cuda
INFO:src.estimators.masked_ae:[masked-ae] retrain epoch 32/35 time=1.07s device=cuda
INFO:src.estimators.masked_ae:[masked-ae] retrain epoch 33/35 time=1.12s device=cuda
INFO:src.estimators.masked_ae:[masked-ae] retrain epoch 34/35 time=1.04s device=cuda
INFO:src.estimators.masked_ae:[masked-ae] retrain epoch 35/35 time=1.20s device=cuda
INFO:repair_masked_ae:Group ('mnist', 12, 0.25, 1) repaired: estimate=10.0 elapsed_s=348.93 device=cuda samples=60000 rows=5
INFO:repair_masked_ae:Processing group key=('mnist', 12, 0.5, 1) with 5 rows; example row 625
INFO:src.estimators.masked_ae:[masked-ae] pretrain epoch 1/10 time=1.21s device=cuda
INFO:src.estimators.masked_ae:[masked-ae] pretrain epoch 2/10 time=1.20s device=cuda
INFO:src.estimators.masked_ae:[masked-ae] pretrain epoch 3/10 time=1.05s device=cuda
INFO:src.estimators.masked_ae:[masked-ae] pretrain epoch 4/10 time=1.15s device=cuda
INFO:src.estimators.masked_ae:[masked-ae] pretrain epoch 5/10 time=0.97s device=cuda
INFO:src.estimators.masked_ae:[masked-ae] pretrain epoch 6/10 time=1.11s device=cuda
INFO:src.estimators.masked_ae:[masked-ae] pretrain epoch 7/10 time=1.07s device=cuda
INFO:src.estimators.masked_ae:[masked-ae] pretrain epoch 8/10 time=1.17s device=cuda
INFO:src.estimators.masked_ae:[masked-ae] pretrain epoch 9/10 time=1.07s device=cuda
INFO:src.estimators.masked_ae:[masked-ae] pretrain epoch 10/10 time=0.93s device=cuda
INFO:src.estimators.masked_ae:[masked-ae] sweep lam=0.1 epoch 1/25 time=1.07s device=cuda
INFO:src.estimators.masked_ae:[masked-ae] sweep lam=0.1 epoch 2/25 time=1.08s device=cuda
INFO:src.estimators.masked_ae:[masked-ae] sweep lam=0.1 epoch 3/25 time=1.18s device=cuda
INFO:src.estimators.masked_ae:[masked-ae] sweep lam=0.1 epoch 4/25 time=1.09s device=cuda
INFO:src.estimators.masked_ae:[masked-ae] sweep lam=0.1 epoch 5/25 time=1.15s device=cuda
INFO:src.estimators.masked_ae:[masked-ae] sweep lam=0.1 epoch 6/25 time=1.13s device=cuda
INFO:src.estimators.masked_ae:[masked-ae] sweep lam=0.1 epoch 7/25 time=1.14s device=cuda
INFO:src.estimators.masked_ae:[masked-ae] sweep lam=0.1 epoch 8/25 time=1.10s device=cuda
INFO:src.estimators.masked_ae:[masked-ae] sweep lam=0.1 epoch 9/25 time=1.11s device=cuda
INFO:src.estimators.masked_ae:[masked-ae] sweep lam=0.1 epoch 10/25 time=1.23s device=cuda
INFO:src.estimators.masked_ae:[masked-ae] sweep lam=0.1 epoch 11/25 time=1.21s device=cuda
INFO:src.estimators.masked_ae:[masked-ae] sweep lam=0.1 epoch 12/25 time=1.23s device=cuda
INFO:src.estimators.masked_ae:[masked-ae] sweep lam=0.1 epoch 13/25 time=1.06s device=cuda
INFO:src.estimators.masked_ae:[masked-ae] sweep lam=0.1 epoch 14/25 time=1.14s device=cuda
INFO:src.estimators.masked_ae:[masked-ae] sweep lam=0.1 epoch 15/25 time=1.17s device=cuda
INFO:src.estimators.masked_ae:[masked-ae] sweep lam=0.1 epoch 16/25 time=1.12s device=cuda
INFO:src.estimators.masked_ae:[masked-ae] sweep lam=0.1 epoch 17/25 time=1.06s device=cuda
INFO:src.estimators.masked_ae:[masked-ae] sweep lam=0.1 epoch 18/25 time=1.13s device=cuda
INFO:src.estimators.masked_ae:[masked-ae] sweep lam=0.1 epoch 19/25 time=1.10s device=cuda
INFO:src.estimators.masked_ae:[masked-ae] sweep lam=0.1 epoch 20/25 time=1.12s device=cuda
INFO:src.estimators.masked_ae:[masked-ae] sweep lam=0.1 epoch 21/25 time=1.20s device=cuda
INFO:src.estimators.masked_ae:[masked-ae] sweep lam=0.1 epoch 22/25 time=1.07s device=cuda
INFO:src.estimators.masked_ae:[masked-ae] sweep lam=0.1 epoch 23/25 time=1.08s device=cuda
INFO:src.estimators.masked_ae:[masked-ae] sweep lam=0.1 epoch 24/25 time=1.14s device=cuda
INFO:src.estimators.masked_ae:[masked-ae] sweep lam=0.1 epoch 25/25 time=1.11s device=cuda
INFO:src.estimators.masked_ae:[masked-ae] sweep lam=0.16681005372000587 epoch 1/25 time=1.29s device=cuda
INFO:src.estimators.masked_ae:[masked-ae] sweep lam=0.16681005372000587 epoch 2/25 time=1.11s device=cuda
INFO:src.estimators.masked_ae:[masked-ae] sweep lam=0.16681005372000587 epoch 3/25 time=1.09s device=cuda
INFO:src.estimators.masked_ae:[masked-ae] sweep lam=0.16681005372000587 epoch 4/25 time=1.12s device=cuda
INFO:src.estimators.masked_ae:[masked-ae] sweep lam=0.16681005372000587 epoch 5/25 time=1.10s device=cuda
INFO:src.estimators.masked_ae:[masked-ae] sweep lam=0.16681005372000587 epoch 6/25 time=1.16s device=cuda
INFO:src.estimators.masked_ae:[masked-ae] sweep lam=0.16681005372000587 epoch 7/25 time=1.26s device=cuda
INFO:src.estimators.masked_ae:[masked-ae] sweep lam=0.16681005372000587 epoch 8/25 time=1.31s device=cuda
INFO:src.estimators.masked_ae:[masked-ae] sweep lam=0.16681005372000587 epoch 9/25 time=1.15s device=cuda
INFO:src.estimators.masked_ae:[masked-ae] sweep lam=0.16681005372000587 epoch 10/25 time=1.08s device=cuda
INFO:src.estimators.masked_ae:[masked-ae] sweep lam=0.16681005372000587 epoch 11/25 time=1.12s device=cuda
INFO:src.estimators.masked_ae:[masked-ae] sweep lam=0.16681005372000587 epoch 12/25 time=1.06s device=cuda
INFO:src.estimators.masked_ae:[masked-ae] sweep lam=0.16681005372000587 epoch 13/25 time=1.12s device=cuda
INFO:src.estimators.masked_ae:[masked-ae] sweep lam=0.16681005372000587 epoch 14/25 time=1.10s device=cuda
INFO:src.estimators.masked_ae:[masked-ae] sweep lam=0.16681005372000587 epoch 15/25 time=1.11s device=cuda
INFO:src.estimators.masked_ae:[masked-ae] sweep lam=0.16681005372000587 epoch 16/25 time=1.15s device=cuda
INFO:src.estimators.masked_ae:[masked-ae] sweep lam=0.16681005372000587 epoch 17/25 time=1.17s device=cuda
INFO:src.estimators.masked_ae:[masked-ae] sweep lam=0.16681005372000587 epoch 18/25 time=1.14s device=cuda
INFO:src.estimators.masked_ae:[masked-ae] sweep lam=0.16681005372000587 epoch 19/25 time=1.05s device=cuda
INFO:src.estimators.masked_ae:[masked-ae] sweep lam=0.16681005372000587 epoch 20/25 time=1.31s device=cuda
INFO:src.estimators.masked_ae:[masked-ae] sweep lam=0.16681005372000587 epoch 21/25 time=1.07s device=cuda
INFO:src.estimators.masked_ae:[masked-ae] sweep lam=0.16681005372000587 epoch 22/25 time=1.21s device=cuda
INFO:src.estimators.masked_ae:[masked-ae] sweep lam=0.16681005372000587 epoch 23/25 time=1.21s device=cuda
INFO:src.estimators.masked_ae:[masked-ae] sweep lam=0.16681005372000587 epoch 24/25 time=1.08s device=cuda
INFO:src.estimators.masked_ae:[masked-ae] sweep lam=0.16681005372000587 epoch 25/25 time=1.06s device=cuda
INFO:src.estimators.masked_ae:[masked-ae] sweep lam=0.2782559402207124 epoch 1/25 time=1.10s device=cuda
INFO:src.estimators.masked_ae:[masked-ae] sweep lam=0.2782559402207124 epoch 2/25 time=1.19s device=cuda
INFO:src.estimators.masked_ae:[masked-ae] sweep lam=0.2782559402207124 epoch 3/25 time=1.19s device=cuda
INFO:src.estimators.masked_ae:[masked-ae] sweep lam=0.2782559402207124 epoch 4/25 time=1.21s device=cuda
INFO:src.estimators.masked_ae:[masked-ae] sweep lam=0.2782559402207124 epoch 5/25 time=1.10s device=cuda
INFO:src.estimators.masked_ae:[masked-ae] sweep lam=0.2782559402207124 epoch 6/25 time=1.24s device=cuda
INFO:src.estimators.masked_ae:[masked-ae] sweep lam=0.2782559402207124 epoch 7/25 time=1.15s device=cuda
INFO:src.estimators.masked_ae:[masked-ae] sweep lam=0.2782559402207124 epoch 8/25 time=1.48s device=cuda
INFO:src.estimators.masked_ae:[masked-ae] sweep lam=0.2782559402207124 epoch 9/25 time=1.09s device=cuda
INFO:src.estimators.masked_ae:[masked-ae] sweep lam=0.2782559402207124 epoch 10/25 time=1.10s device=cuda
INFO:src.estimators.masked_ae:[masked-ae] sweep lam=0.2782559402207124 epoch 11/25 time=1.07s device=cuda
INFO:src.estimators.masked_ae:[masked-ae] sweep lam=0.2782559402207124 epoch 12/25 time=1.02s device=cuda
INFO:src.estimators.masked_ae:[masked-ae] sweep lam=0.2782559402207124 epoch 13/25 time=1.10s device=cuda
INFO:src.estimators.masked_ae:[masked-ae] sweep lam=0.2782559402207124 epoch 14/25 time=1.14s device=cuda
INFO:src.estimators.masked_ae:[masked-ae] sweep lam=0.2782559402207124 epoch 15/25 time=1.11s device=cuda
INFO:src.estimators.masked_ae:[masked-ae] sweep lam=0.2782559402207124 epoch 16/25 time=1.20s device=cuda
INFO:src.estimators.masked_ae:[masked-ae] sweep lam=0.2782559402207124 epoch 17/25 time=1.16s device=cuda
INFO:src.estimators.masked_ae:[masked-ae] sweep lam=0.2782559402207124 epoch 18/25 time=1.04s device=cuda
INFO:src.estimators.masked_ae:[masked-ae] sweep lam=0.2782559402207124 epoch 19/25 time=1.15s device=cuda
INFO:src.estimators.masked_ae:[masked-ae] sweep lam=0.2782559402207124 epoch 20/25 time=1.29s device=cuda
INFO:src.estimators.masked_ae:[masked-ae] sweep lam=0.2782559402207124 epoch 21/25 time=1.05s device=cuda
INFO:src.estimators.masked_ae:[masked-ae] sweep lam=0.2782559402207124 epoch 22/25 time=1.03s device=cuda
INFO:src.estimators.masked_ae:[masked-ae] sweep lam=0.2782559402207124 epoch 23/25 time=1.06s device=cuda
INFO:src.estimators.masked_ae:[masked-ae] sweep lam=0.2782559402207124 epoch 24/25 time=1.10s device=cuda
INFO:src.estimators.masked_ae:[masked-ae] sweep lam=0.2782559402207124 epoch 25/25 time=1.24s device=cuda
INFO:src.estimators.masked_ae:[masked-ae] sweep lam=0.46415888336127786 epoch 1/25 time=1.14s device=cuda
INFO:src.estimators.masked_ae:[masked-ae] sweep lam=0.46415888336127786 epoch 2/25 time=1.13s device=cuda
INFO:src.estimators.masked_ae:[masked-ae] sweep lam=0.46415888336127786 epoch 3/25 time=1.09s device=cuda
INFO:src.estimators.masked_ae:[masked-ae] sweep lam=0.46415888336127786 epoch 4/25 time=1.05s device=cuda
INFO:src.estimators.masked_ae:[masked-ae] sweep lam=0.46415888336127786 epoch 5/25 time=1.11s device=cuda
INFO:src.estimators.masked_ae:[masked-ae] sweep lam=0.46415888336127786 epoch 6/25 time=1.13s device=cuda
INFO:src.estimators.masked_ae:[masked-ae] sweep lam=0.46415888336127786 epoch 7/25 time=1.17s device=cuda
INFO:src.estimators.masked_ae:[masked-ae] sweep lam=0.46415888336127786 epoch 8/25 time=1.08s device=cuda
INFO:src.estimators.masked_ae:[masked-ae] sweep lam=0.46415888336127786 epoch 9/25 time=1.06s device=cuda
INFO:src.estimators.masked_ae:[masked-ae] sweep lam=0.46415888336127786 epoch 10/25 time=1.10s device=cuda
INFO:src.estimators.masked_ae:[masked-ae] sweep lam=0.46415888336127786 epoch 11/25 time=1.10s device=cuda
INFO:src.estimators.masked_ae:[masked-ae] sweep lam=0.46415888336127786 epoch 12/25 time=1.06s device=cuda
INFO:src.estimators.masked_ae:[masked-ae] sweep lam=0.46415888336127786 epoch 13/25 time=0.99s device=cuda
INFO:src.estimators.masked_ae:[masked-ae] sweep lam=0.46415888336127786 epoch 14/25 time=1.18s device=cuda
INFO:src.estimators.masked_ae:[masked-ae] sweep lam=0.46415888336127786 epoch 15/25 time=1.07s device=cuda
INFO:src.estimators.masked_ae:[masked-ae] sweep lam=0.46415888336127786 epoch 16/25 time=1.08s device=cuda
INFO:src.estimators.masked_ae:[masked-ae] sweep lam=0.46415888336127786 epoch 17/25 time=1.06s device=cuda
INFO:src.estimators.masked_ae:[masked-ae] sweep lam=0.46415888336127786 epoch 18/25 time=1.02s device=cuda
INFO:src.estimators.masked_ae:[masked-ae] sweep lam=0.46415888336127786 epoch 19/25 time=1.07s device=cuda
INFO:src.estimators.masked_ae:[masked-ae] sweep lam=0.46415888336127786 epoch 20/25 time=1.08s device=cuda
INFO:src.estimators.masked_ae:[masked-ae] sweep lam=0.46415888336127786 epoch 21/25 time=1.30s device=cuda
INFO:src.estimators.masked_ae:[masked-ae] sweep lam=0.46415888336127786 epoch 22/25 time=1.16s device=cuda
INFO:src.estimators.masked_ae:[masked-ae] sweep lam=0.46415888336127786 epoch 23/25 time=1.17s device=cuda
INFO:src.estimators.masked_ae:[masked-ae] sweep lam=0.46415888336127786 epoch 24/25 time=1.03s device=cuda
INFO:src.estimators.masked_ae:[masked-ae] sweep lam=0.46415888336127786 epoch 25/25 time=1.23s device=cuda
INFO:src.estimators.masked_ae:[masked-ae] sweep lam=0.774263682681127 epoch 1/25 time=1.44s device=cuda
INFO:src.estimators.masked_ae:[masked-ae] sweep lam=0.774263682681127 epoch 2/25 time=1.14s device=cuda
INFO:src.estimators.masked_ae:[masked-ae] sweep lam=0.774263682681127 epoch 3/25 time=1.11s device=cuda
INFO:src.estimators.masked_ae:[masked-ae] sweep lam=0.774263682681127 epoch 4/25 time=1.13s device=cuda
INFO:src.estimators.masked_ae:[masked-ae] sweep lam=0.774263682681127 epoch 5/25 time=1.08s device=cuda
INFO:src.estimators.masked_ae:[masked-ae] sweep lam=0.774263682681127 epoch 6/25 time=1.04s device=cuda
INFO:src.estimators.masked_ae:[masked-ae] sweep lam=0.774263682681127 epoch 7/25 time=1.06s device=cuda
INFO:src.estimators.masked_ae:[masked-ae] sweep lam=0.774263682681127 epoch 8/25 time=1.04s device=cuda
INFO:src.estimators.masked_ae:[masked-ae] sweep lam=0.774263682681127 epoch 9/25 time=1.11s device=cuda
INFO:src.estimators.masked_ae:[masked-ae] sweep lam=0.774263682681127 epoch 10/25 time=1.24s device=cuda
INFO:src.estimators.masked_ae:[masked-ae] sweep lam=0.774263682681127 epoch 11/25 time=1.19s device=cuda
INFO:src.estimators.masked_ae:[masked-ae] sweep lam=0.774263682681127 epoch 12/25 time=1.10s device=cuda
INFO:src.estimators.masked_ae:[masked-ae] sweep lam=0.774263682681127 epoch 13/25 time=1.07s device=cuda
INFO:src.estimators.masked_ae:[masked-ae] sweep lam=0.774263682681127 epoch 14/25 time=1.04s device=cuda
INFO:src.estimators.masked_ae:[masked-ae] sweep lam=0.774263682681127 epoch 15/25 time=1.07s device=cuda
INFO:src.estimators.masked_ae:[masked-ae] sweep lam=0.774263682681127 epoch 16/25 time=1.22s device=cuda
INFO:src.estimators.masked_ae:[masked-ae] sweep lam=0.774263682681127 epoch 17/25 time=1.04s device=cuda
INFO:src.estimators.masked_ae:[masked-ae] sweep lam=0.774263682681127 epoch 18/25 time=1.22s device=cuda
INFO:src.estimators.masked_ae:[masked-ae] sweep lam=0.774263682681127 epoch 19/25 time=1.11s device=cuda
INFO:src.estimators.masked_ae:[masked-ae] sweep lam=0.774263682681127 epoch 20/25 time=1.13s device=cuda
INFO:src.estimators.masked_ae:[masked-ae] sweep lam=0.774263682681127 epoch 21/25 time=1.07s device=cuda
INFO:src.estimators.masked_ae:[masked-ae] sweep lam=0.774263682681127 epoch 22/25 time=1.16s device=cuda
INFO:src.estimators.masked_ae:[masked-ae] sweep lam=0.774263682681127 epoch 23/25 time=1.10s device=cuda
INFO:src.estimators.masked_ae:[masked-ae] sweep lam=0.774263682681127 epoch 24/25 time=1.08s device=cuda
INFO:src.estimators.masked_ae:[masked-ae] sweep lam=0.774263682681127 epoch 25/25 time=1.14s device=cuda
INFO:src.estimators.masked_ae:[masked-ae] sweep lam=1.291549665014884 epoch 1/25 time=1.02s device=cuda
INFO:src.estimators.masked_ae:[masked-ae] sweep lam=1.291549665014884 epoch 2/25 time=1.11s device=cuda
INFO:src.estimators.masked_ae:[masked-ae] sweep lam=1.291549665014884 epoch 3/25 time=1.07s device=cuda
INFO:src.estimators.masked_ae:[masked-ae] sweep lam=1.291549665014884 epoch 4/25 time=1.06s device=cuda
INFO:src.estimators.masked_ae:[masked-ae] sweep lam=1.291549665014884 epoch 5/25 time=1.05s device=cuda
INFO:src.estimators.masked_ae:[masked-ae] sweep lam=1.291549665014884 epoch 6/25 time=1.02s device=cuda
INFO:src.estimators.masked_ae:[masked-ae] sweep lam=1.291549665014884 epoch 7/25 time=1.05s device=cuda
INFO:src.estimators.masked_ae:[masked-ae] sweep lam=1.291549665014884 epoch 8/25 time=1.40s device=cuda
INFO:src.estimators.masked_ae:[masked-ae] sweep lam=1.291549665014884 epoch 9/25 time=1.22s device=cuda
INFO:src.estimators.masked_ae:[masked-ae] sweep lam=1.291549665014884 epoch 10/25 time=1.13s device=cuda
INFO:src.estimators.masked_ae:[masked-ae] sweep lam=1.291549665014884 epoch 11/25 time=1.15s device=cuda
INFO:src.estimators.masked_ae:[masked-ae] sweep lam=1.291549665014884 epoch 12/25 time=1.05s device=cuda
INFO:src.estimators.masked_ae:[masked-ae] sweep lam=1.291549665014884 epoch 13/25 time=1.09s device=cuda
INFO:src.estimators.masked_ae:[masked-ae] sweep lam=1.291549665014884 epoch 14/25 time=1.08s device=cuda
INFO:src.estimators.masked_ae:[masked-ae] sweep lam=1.291549665014884 epoch 15/25 time=1.11s device=cuda
INFO:src.estimators.masked_ae:[masked-ae] sweep lam=1.291549665014884 epoch 16/25 time=1.12s device=cuda
INFO:src.estimators.masked_ae:[masked-ae] sweep lam=1.291549665014884 epoch 17/25 time=1.15s device=cuda
INFO:src.estimators.masked_ae:[masked-ae] sweep lam=1.291549665014884 epoch 18/25 time=1.02s device=cuda
INFO:src.estimators.masked_ae:[masked-ae] sweep lam=1.291549665014884 epoch 19/25 time=1.36s device=cuda
INFO:src.estimators.masked_ae:[masked-ae] sweep lam=1.291549665014884 epoch 20/25 time=1.02s device=cuda
INFO:src.estimators.masked_ae:[masked-ae] sweep lam=1.291549665014884 epoch 21/25 time=1.04s device=cuda
INFO:src.estimators.masked_ae:[masked-ae] sweep lam=1.291549665014884 epoch 22/25 time=1.16s device=cuda
INFO:src.estimators.masked_ae:[masked-ae] sweep lam=1.291549665014884 epoch 23/25 time=1.18s device=cuda
INFO:src.estimators.masked_ae:[masked-ae] sweep lam=1.291549665014884 epoch 24/25 time=1.14s device=cuda
INFO:src.estimators.masked_ae:[masked-ae] sweep lam=1.291549665014884 epoch 25/25 time=1.27s device=cuda
INFO:src.estimators.masked_ae:[masked-ae] sweep lam=2.1544346900318834 epoch 1/25 time=1.08s device=cuda
INFO:src.estimators.masked_ae:[masked-ae] sweep lam=2.1544346900318834 epoch 2/25 time=1.09s device=cuda
INFO:src.estimators.masked_ae:[masked-ae] sweep lam=2.1544346900318834 epoch 3/25 time=1.19s device=cuda
INFO:src.estimators.masked_ae:[masked-ae] sweep lam=2.1544346900318834 epoch 4/25 time=1.07s device=cuda
INFO:src.estimators.masked_ae:[masked-ae] sweep lam=2.1544346900318834 epoch 5/25 time=1.12s device=cuda
INFO:src.estimators.masked_ae:[masked-ae] sweep lam=2.1544346900318834 epoch 6/25 time=1.03s device=cuda
INFO:src.estimators.masked_ae:[masked-ae] sweep lam=2.1544346900318834 epoch 7/25 time=1.07s device=cuda
INFO:src.estimators.masked_ae:[masked-ae] sweep lam=2.1544346900318834 epoch 8/25 time=1.14s device=cuda
INFO:src.estimators.masked_ae:[masked-ae] sweep lam=2.1544346900318834 epoch 9/25 time=1.15s device=cuda
INFO:src.estimators.masked_ae:[masked-ae] sweep lam=2.1544346900318834 epoch 10/25 time=1.15s device=cuda
INFO:src.estimators.masked_ae:[masked-ae] sweep lam=2.1544346900318834 epoch 11/25 time=1.17s device=cuda
INFO:src.estimators.masked_ae:[masked-ae] sweep lam=2.1544346900318834 epoch 12/25 time=1.03s device=cuda
INFO:src.estimators.masked_ae:[masked-ae] sweep lam=2.1544346900318834 epoch 13/25 time=1.14s device=cuda
INFO:src.estimators.masked_ae:[masked-ae] sweep lam=2.1544346900318834 epoch 14/25 time=1.15s device=cuda
INFO:src.estimators.masked_ae:[masked-ae] sweep lam=2.1544346900318834 epoch 15/25 time=1.12s device=cuda
INFO:src.estimators.masked_ae:[masked-ae] sweep lam=2.1544346900318834 epoch 16/25 time=1.26s device=cuda
INFO:src.estimators.masked_ae:[masked-ae] sweep lam=2.1544346900318834 epoch 17/25 time=1.05s device=cuda
INFO:src.estimators.masked_ae:[masked-ae] sweep lam=2.1544346900318834 epoch 18/25 time=1.12s device=cuda
INFO:src.estimators.masked_ae:[masked-ae] sweep lam=2.1544346900318834 epoch 19/25 time=1.26s device=cuda
INFO:src.estimators.masked_ae:[masked-ae] sweep lam=2.1544346900318834 epoch 20/25 time=1.07s device=cuda
INFO:src.estimators.masked_ae:[masked-ae] sweep lam=2.1544346900318834 epoch 21/25 time=1.08s device=cuda
INFO:src.estimators.masked_ae:[masked-ae] sweep lam=2.1544346900318834 epoch 22/25 time=1.28s device=cuda
INFO:src.estimators.masked_ae:[masked-ae] sweep lam=2.1544346900318834 epoch 23/25 time=1.16s device=cuda
INFO:src.estimators.masked_ae:[masked-ae] sweep lam=2.1544346900318834 epoch 24/25 time=1.09s device=cuda
INFO:src.estimators.masked_ae:[masked-ae] sweep lam=2.1544346900318834 epoch 25/25 time=1.16s device=cuda
INFO:src.estimators.masked_ae:[masked-ae] sweep lam=3.593813663804626 epoch 1/25 time=1.17s device=cuda
INFO:src.estimators.masked_ae:[masked-ae] sweep lam=3.593813663804626 epoch 2/25 time=1.19s device=cuda
INFO:src.estimators.masked_ae:[masked-ae] sweep lam=3.593813663804626 epoch 3/25 time=1.09s device=cuda
INFO:src.estimators.masked_ae:[masked-ae] sweep lam=3.593813663804626 epoch 4/25 time=1.09s device=cuda
INFO:src.estimators.masked_ae:[masked-ae] sweep lam=3.593813663804626 epoch 5/25 time=1.22s device=cuda
INFO:src.estimators.masked_ae:[masked-ae] sweep lam=3.593813663804626 epoch 6/25 time=1.18s device=cuda
INFO:src.estimators.masked_ae:[masked-ae] sweep lam=3.593813663804626 epoch 7/25 time=1.31s device=cuda
INFO:src.estimators.masked_ae:[masked-ae] sweep lam=3.593813663804626 epoch 8/25 time=1.27s device=cuda
INFO:src.estimators.masked_ae:[masked-ae] sweep lam=3.593813663804626 epoch 9/25 time=1.11s device=cuda
INFO:src.estimators.masked_ae:[masked-ae] sweep lam=3.593813663804626 epoch 10/25 time=1.28s device=cuda
INFO:src.estimators.masked_ae:[masked-ae] sweep lam=3.593813663804626 epoch 11/25 time=1.15s device=cuda
INFO:src.estimators.masked_ae:[masked-ae] sweep lam=3.593813663804626 epoch 12/25 time=1.06s device=cuda
INFO:src.estimators.masked_ae:[masked-ae] sweep lam=3.593813663804626 epoch 13/25 time=1.16s device=cuda
INFO:src.estimators.masked_ae:[masked-ae] sweep lam=3.593813663804626 epoch 14/25 time=1.11s device=cuda
INFO:src.estimators.masked_ae:[masked-ae] sweep lam=3.593813663804626 epoch 15/25 time=1.16s device=cuda
INFO:src.estimators.masked_ae:[masked-ae] sweep lam=3.593813663804626 epoch 16/25 time=1.22s device=cuda
INFO:src.estimators.masked_ae:[masked-ae] sweep lam=3.593813663804626 epoch 17/25 time=1.22s device=cuda
INFO:src.estimators.masked_ae:[masked-ae] sweep lam=3.593813663804626 epoch 18/25 time=1.40s device=cuda
INFO:src.estimators.masked_ae:[masked-ae] sweep lam=3.593813663804626 epoch 19/25 time=1.11s device=cuda
INFO:src.estimators.masked_ae:[masked-ae] sweep lam=3.593813663804626 epoch 20/25 time=1.05s device=cuda
INFO:src.estimators.masked_ae:[masked-ae] sweep lam=3.593813663804626 epoch 21/25 time=1.12s device=cuda
INFO:src.estimators.masked_ae:[masked-ae] sweep lam=3.593813663804626 epoch 22/25 time=1.13s device=cuda
INFO:src.estimators.masked_ae:[masked-ae] sweep lam=3.593813663804626 epoch 23/25 time=1.20s device=cuda
INFO:src.estimators.masked_ae:[masked-ae] sweep lam=3.593813663804626 epoch 24/25 time=1.12s device=cuda
INFO:src.estimators.masked_ae:[masked-ae] sweep lam=3.593813663804626 epoch 25/25 time=1.12s device=cuda
INFO:src.estimators.masked_ae:[masked-ae] sweep lam=5.994842503189409 epoch 1/25 time=1.18s device=cuda
INFO:src.estimators.masked_ae:[masked-ae] sweep lam=5.994842503189409 epoch 2/25 time=1.15s device=cuda
INFO:src.estimators.masked_ae:[masked-ae] sweep lam=5.994842503189409 epoch 3/25 time=1.24s device=cuda
INFO:src.estimators.masked_ae:[masked-ae] sweep lam=5.994842503189409 epoch 4/25 time=1.14s device=cuda
INFO:src.estimators.masked_ae:[masked-ae] sweep lam=5.994842503189409 epoch 5/25 time=1.10s device=cuda
INFO:src.estimators.masked_ae:[masked-ae] sweep lam=5.994842503189409 epoch 6/25 time=1.18s device=cuda
INFO:src.estimators.masked_ae:[masked-ae] sweep lam=5.994842503189409 epoch 7/25 time=1.19s device=cuda
INFO:src.estimators.masked_ae:[masked-ae] sweep lam=5.994842503189409 epoch 8/25 time=1.13s device=cuda
INFO:src.estimators.masked_ae:[masked-ae] sweep lam=5.994842503189409 epoch 9/25 time=1.15s device=cuda
INFO:src.estimators.masked_ae:[masked-ae] sweep lam=5.994842503189409 epoch 10/25 time=1.15s device=cuda
INFO:src.estimators.masked_ae:[masked-ae] sweep lam=5.994842503189409 epoch 11/25 time=1.08s device=cuda
INFO:src.estimators.masked_ae:[masked-ae] sweep lam=5.994842503189409 epoch 12/25 time=1.12s device=cuda
INFO:src.estimators.masked_ae:[masked-ae] sweep lam=5.994842503189409 epoch 13/25 time=1.20s device=cuda
INFO:src.estimators.masked_ae:[masked-ae] sweep lam=5.994842503189409 epoch 14/25 time=1.17s device=cuda
INFO:src.estimators.masked_ae:[masked-ae] sweep lam=5.994842503189409 epoch 15/25 time=1.11s device=cuda
INFO:src.estimators.masked_ae:[masked-ae] sweep lam=5.994842503189409 epoch 16/25 time=1.17s device=cuda
INFO:src.estimators.masked_ae:[masked-ae] sweep lam=5.994842503189409 epoch 17/25 time=1.24s device=cuda
INFO:src.estimators.masked_ae:[masked-ae] sweep lam=5.994842503189409 epoch 18/25 time=1.09s device=cuda
INFO:src.estimators.masked_ae:[masked-ae] sweep lam=5.994842503189409 epoch 19/25 time=1.15s device=cuda
INFO:src.estimators.masked_ae:[masked-ae] sweep lam=5.994842503189409 epoch 20/25 time=1.10s device=cuda
INFO:src.estimators.masked_ae:[masked-ae] sweep lam=5.994842503189409 epoch 21/25 time=1.42s device=cuda
INFO:src.estimators.masked_ae:[masked-ae] sweep lam=5.994842503189409 epoch 22/25 time=1.13s device=cuda
INFO:src.estimators.masked_ae:[masked-ae] sweep lam=5.994842503189409 epoch 23/25 time=1.34s device=cuda
INFO:src.estimators.masked_ae:[masked-ae] sweep lam=5.994842503189409 epoch 24/25 time=1.38s device=cuda
INFO:src.estimators.masked_ae:[masked-ae] sweep lam=5.994842503189409 epoch 25/25 time=1.08s device=cuda
INFO:src.estimators.masked_ae:[masked-ae] sweep lam=10.0 epoch 1/25 time=1.14s device=cuda
INFO:src.estimators.masked_ae:[masked-ae] sweep lam=10.0 epoch 2/25 time=1.28s device=cuda
INFO:src.estimators.masked_ae:[masked-ae] sweep lam=10.0 epoch 3/25 time=1.11s device=cuda
INFO:src.estimators.masked_ae:[masked-ae] sweep lam=10.0 epoch 4/25 time=1.22s device=cuda
INFO:src.estimators.masked_ae:[masked-ae] sweep lam=10.0 epoch 5/25 time=1.17s device=cuda
INFO:src.estimators.masked_ae:[masked-ae] sweep lam=10.0 epoch 6/25 time=1.11s device=cuda
INFO:src.estimators.masked_ae:[masked-ae] sweep lam=10.0 epoch 7/25 time=1.11s device=cuda
INFO:src.estimators.masked_ae:[masked-ae] sweep lam=10.0 epoch 8/25 time=1.18s device=cuda
INFO:src.estimators.masked_ae:[masked-ae] sweep lam=10.0 epoch 9/25 time=1.10s device=cuda
INFO:src.estimators.masked_ae:[masked-ae] sweep lam=10.0 epoch 10/25 time=1.17s device=cuda
INFO:src.estimators.masked_ae:[masked-ae] sweep lam=10.0 epoch 11/25 time=1.26s device=cuda
INFO:src.estimators.masked_ae:[masked-ae] sweep lam=10.0 epoch 12/25 time=1.08s device=cuda
INFO:src.estimators.masked_ae:[masked-ae] sweep lam=10.0 epoch 13/25 time=1.22s device=cuda
INFO:src.estimators.masked_ae:[masked-ae] sweep lam=10.0 epoch 14/25 time=1.12s device=cuda
INFO:src.estimators.masked_ae:[masked-ae] sweep lam=10.0 epoch 15/25 time=1.12s device=cuda
INFO:src.estimators.masked_ae:[masked-ae] sweep lam=10.0 epoch 16/25 time=1.08s device=cuda
INFO:src.estimators.masked_ae:[masked-ae] sweep lam=10.0 epoch 17/25 time=1.13s device=cuda
INFO:src.estimators.masked_ae:[masked-ae] sweep lam=10.0 epoch 18/25 time=1.17s device=cuda
INFO:src.estimators.masked_ae:[masked-ae] sweep lam=10.0 epoch 19/25 time=1.10s device=cuda
INFO:src.estimators.masked_ae:[masked-ae] sweep lam=10.0 epoch 20/25 time=1.10s device=cuda
INFO:src.estimators.masked_ae:[masked-ae] sweep lam=10.0 epoch 21/25 time=1.15s device=cuda
INFO:src.estimators.masked_ae:[masked-ae] sweep lam=10.0 epoch 22/25 time=1.12s device=cuda
INFO:src.estimators.masked_ae:[masked-ae] sweep lam=10.0 epoch 23/25 time=1.08s device=cuda
INFO:src.estimators.masked_ae:[masked-ae] sweep lam=10.0 epoch 24/25 time=1.03s device=cuda
INFO:src.estimators.masked_ae:[masked-ae] sweep lam=10.0 epoch 25/25 time=1.08s device=cuda
INFO:src.estimators.masked_ae:[masked-ae] retrain epoch 1/35 time=1.23s device=cuda
INFO:src.estimators.masked_ae:[masked-ae] retrain epoch 2/35 time=1.14s device=cuda
INFO:src.estimators.masked_ae:[masked-ae] retrain epoch 3/35 time=1.23s device=cuda
INFO:src.estimators.masked_ae:[masked-ae] retrain epoch 4/35 time=1.09s device=cuda
INFO:src.estimators.masked_ae:[masked-ae] retrain epoch 5/35 time=1.09s device=cuda
INFO:src.estimators.masked_ae:[masked-ae] retrain epoch 6/35 time=1.09s device=cuda
INFO:src.estimators.masked_ae:[masked-ae] retrain epoch 7/35 time=1.10s device=cuda
INFO:src.estimators.masked_ae:[masked-ae] retrain epoch 8/35 time=1.12s device=cuda
INFO:src.estimators.masked_ae:[masked-ae] retrain epoch 9/35 time=1.06s device=cuda
INFO:src.estimators.masked_ae:[masked-ae] retrain epoch 10/35 time=1.06s device=cuda
INFO:src.estimators.masked_ae:[masked-ae] retrain epoch 11/35 time=1.07s device=cuda
INFO:src.estimators.masked_ae:[masked-ae] retrain epoch 12/35 time=1.23s device=cuda
INFO:src.estimators.masked_ae:[masked-ae] retrain epoch 13/35 time=1.13s device=cuda
INFO:src.estimators.masked_ae:[masked-ae] retrain epoch 14/35 time=1.09s device=cuda
INFO:src.estimators.masked_ae:[masked-ae] retrain epoch 15/35 time=1.20s device=cuda
INFO:src.estimators.masked_ae:[masked-ae] retrain epoch 16/35 time=1.13s device=cuda
INFO:src.estimators.masked_ae:[masked-ae] retrain epoch 17/35 time=1.11s device=cuda
INFO:src.estimators.masked_ae:[masked-ae] retrain epoch 18/35 time=1.16s device=cuda
INFO:src.estimators.masked_ae:[masked-ae] retrain epoch 19/35 time=1.16s device=cuda
INFO:src.estimators.masked_ae:[masked-ae] retrain epoch 20/35 time=1.24s device=cuda
INFO:src.estimators.masked_ae:[masked-ae] retrain epoch 21/35 time=1.13s device=cuda
INFO:src.estimators.masked_ae:[masked-ae] retrain epoch 22/35 time=1.12s device=cuda
INFO:src.estimators.masked_ae:[masked-ae] retrain epoch 23/35 time=1.19s device=cuda
INFO:src.estimators.masked_ae:[masked-ae] retrain epoch 24/35 time=1.23s device=cuda
INFO:src.estimators.masked_ae:[masked-ae] retrain epoch 25/35 time=1.09s device=cuda
INFO:src.estimators.masked_ae:[masked-ae] retrain epoch 26/35 time=1.09s device=cuda
INFO:src.estimators.masked_ae:[masked-ae] retrain epoch 27/35 time=1.11s device=cuda
INFO:src.estimators.masked_ae:[masked-ae] retrain epoch 28/35 time=1.22s device=cuda
INFO:src.estimators.masked_ae:[masked-ae] retrain epoch 29/35 time=1.19s device=cuda
INFO:src.estimators.masked_ae:[masked-ae] retrain epoch 30/35 time=1.14s device=cuda
INFO:src.estimators.masked_ae:[masked-ae] retrain epoch 31/35 time=1.09s device=cuda
INFO:src.estimators.masked_ae:[masked-ae] retrain epoch 32/35 time=1.15s device=cuda
INFO:src.estimators.masked_ae:[masked-ae] retrain epoch 33/35 time=1.13s device=cuda
INFO:src.estimators.masked_ae:[masked-ae] retrain epoch 34/35 time=1.18s device=cuda
INFO:src.estimators.masked_ae:[masked-ae] retrain epoch 35/35 time=1.10s device=cuda
INFO:repair_masked_ae:Group ('mnist', 12, 0.5, 1) repaired: estimate=9.0 elapsed_s=339.97 device=cuda samples=60000 rows=5
INFO:repair_masked_ae:Processing group key=('mnist', 12, 0.75, 1) with 5 rows; example row 660
INFO:src.estimators.masked_ae:[masked-ae] pretrain epoch 1/10 time=1.02s device=cuda
INFO:src.estimators.masked_ae:[masked-ae] pretrain epoch 2/10 time=0.98s device=cuda
INFO:src.estimators.masked_ae:[masked-ae] pretrain epoch 3/10 time=1.09s device=cuda
INFO:src.estimators.masked_ae:[masked-ae] pretrain epoch 4/10 time=1.08s device=cuda
INFO:src.estimators.masked_ae:[masked-ae] pretrain epoch 5/10 time=1.06s device=cuda
INFO:src.estimators.masked_ae:[masked-ae] pretrain epoch 6/10 time=1.14s device=cuda
INFO:src.estimators.masked_ae:[masked-ae] pretrain epoch 7/10 time=1.02s device=cuda
INFO:src.estimators.masked_ae:[masked-ae] pretrain epoch 8/10 time=0.99s device=cuda
INFO:src.estimators.masked_ae:[masked-ae] pretrain epoch 9/10 time=1.06s device=cuda
INFO:src.estimators.masked_ae:[masked-ae] pretrain epoch 10/10 time=0.97s device=cuda
INFO:src.estimators.masked_ae:[masked-ae] sweep lam=0.1 epoch 1/25 time=1.27s device=cuda
INFO:src.estimators.masked_ae:[masked-ae] sweep lam=0.1 epoch 2/25 time=1.11s device=cuda
INFO:src.estimators.masked_ae:[masked-ae] sweep lam=0.1 epoch 3/25 time=1.20s device=cuda
INFO:src.estimators.masked_ae:[masked-ae] sweep lam=0.1 epoch 4/25 time=1.13s device=cuda
INFO:src.estimators.masked_ae:[masked-ae] sweep lam=0.1 epoch 5/25 time=1.08s device=cuda
INFO:src.estimators.masked_ae:[masked-ae] sweep lam=0.1 epoch 6/25 time=1.11s device=cuda
INFO:src.estimators.masked_ae:[masked-ae] sweep lam=0.1 epoch 7/25 time=1.12s device=cuda
INFO:src.estimators.masked_ae:[masked-ae] sweep lam=0.1 epoch 8/25 time=1.13s device=cuda
INFO:src.estimators.masked_ae:[masked-ae] sweep lam=0.1 epoch 9/25 time=1.13s device=cuda
INFO:src.estimators.masked_ae:[masked-ae] sweep lam=0.1 epoch 10/25 time=1.07s device=cuda
INFO:src.estimators.masked_ae:[masked-ae] sweep lam=0.1 epoch 11/25 time=1.12s device=cuda
INFO:src.estimators.masked_ae:[masked-ae] sweep lam=0.1 epoch 12/25 time=1.09s device=cuda
INFO:src.estimators.masked_ae:[masked-ae] sweep lam=0.1 epoch 13/25 time=1.10s device=cuda
INFO:src.estimators.masked_ae:[masked-ae] sweep lam=0.1 epoch 14/25 time=1.13s device=cuda
INFO:src.estimators.masked_ae:[masked-ae] sweep lam=0.1 epoch 15/25 time=1.13s device=cuda
INFO:src.estimators.masked_ae:[masked-ae] sweep lam=0.1 epoch 16/25 time=1.18s device=cuda
INFO:src.estimators.masked_ae:[masked-ae] sweep lam=0.1 epoch 17/25 time=1.14s device=cuda
INFO:src.estimators.masked_ae:[masked-ae] sweep lam=0.1 epoch 18/25 time=1.09s device=cuda
INFO:src.estimators.masked_ae:[masked-ae] sweep lam=0.1 epoch 19/25 time=1.16s device=cuda
INFO:src.estimators.masked_ae:[masked-ae] sweep lam=0.1 epoch 20/25 time=1.14s device=cuda
INFO:src.estimators.masked_ae:[masked-ae] sweep lam=0.1 epoch 21/25 time=1.22s device=cuda
INFO:src.estimators.masked_ae:[masked-ae] sweep lam=0.1 epoch 22/25 time=1.15s device=cuda
INFO:src.estimators.masked_ae:[masked-ae] sweep lam=0.1 epoch 23/25 time=1.21s device=cuda
INFO:src.estimators.masked_ae:[masked-ae] sweep lam=0.1 epoch 24/25 time=1.07s device=cuda
INFO:src.estimators.masked_ae:[masked-ae] sweep lam=0.1 epoch 25/25 time=1.14s device=cuda
INFO:src.estimators.masked_ae:[masked-ae] sweep lam=0.16681005372000587 epoch 1/25 time=1.08s device=cuda
INFO:src.estimators.masked_ae:[masked-ae] sweep lam=0.16681005372000587 epoch 2/25 time=1.12s device=cuda
INFO:src.estimators.masked_ae:[masked-ae] sweep lam=0.16681005372000587 epoch 3/25 time=1.21s device=cuda
INFO:src.estimators.masked_ae:[masked-ae] sweep lam=0.16681005372000587 epoch 4/25 time=1.14s device=cuda
INFO:src.estimators.masked_ae:[masked-ae] sweep lam=0.16681005372000587 epoch 5/25 time=1.06s device=cuda
INFO:src.estimators.masked_ae:[masked-ae] sweep lam=0.16681005372000587 epoch 6/25 time=1.19s device=cuda
INFO:src.estimators.masked_ae:[masked-ae] sweep lam=0.16681005372000587 epoch 7/25 time=1.11s device=cuda
INFO:src.estimators.masked_ae:[masked-ae] sweep lam=0.16681005372000587 epoch 8/25 time=1.10s device=cuda
INFO:src.estimators.masked_ae:[masked-ae] sweep lam=0.16681005372000587 epoch 9/25 time=1.11s device=cuda
INFO:src.estimators.masked_ae:[masked-ae] sweep lam=0.16681005372000587 epoch 10/25 time=1.17s device=cuda
INFO:src.estimators.masked_ae:[masked-ae] sweep lam=0.16681005372000587 epoch 11/25 time=1.08s device=cuda
INFO:src.estimators.masked_ae:[masked-ae] sweep lam=0.16681005372000587 epoch 12/25 time=1.11s device=cuda
INFO:src.estimators.masked_ae:[masked-ae] sweep lam=0.16681005372000587 epoch 13/25 time=1.06s device=cuda
INFO:src.estimators.masked_ae:[masked-ae] sweep lam=0.16681005372000587 epoch 14/25 time=1.12s device=cuda
INFO:src.estimators.masked_ae:[masked-ae] sweep lam=0.16681005372000587 epoch 15/25 time=1.22s device=cuda
INFO:src.estimators.masked_ae:[masked-ae] sweep lam=0.16681005372000587 epoch 16/25 time=1.33s device=cuda
INFO:src.estimators.masked_ae:[masked-ae] sweep lam=0.16681005372000587 epoch 17/25 time=1.22s device=cuda
INFO:src.estimators.masked_ae:[masked-ae] sweep lam=0.16681005372000587 epoch 18/25 time=1.31s device=cuda
INFO:src.estimators.masked_ae:[masked-ae] sweep lam=0.16681005372000587 epoch 19/25 time=1.15s device=cuda
INFO:src.estimators.masked_ae:[masked-ae] sweep lam=0.16681005372000587 epoch 20/25 time=1.09s device=cuda
INFO:src.estimators.masked_ae:[masked-ae] sweep lam=0.16681005372000587 epoch 21/25 time=1.08s device=cuda
INFO:src.estimators.masked_ae:[masked-ae] sweep lam=0.16681005372000587 epoch 22/25 time=1.08s device=cuda
INFO:src.estimators.masked_ae:[masked-ae] sweep lam=0.16681005372000587 epoch 23/25 time=1.12s device=cuda
INFO:src.estimators.masked_ae:[masked-ae] sweep lam=0.16681005372000587 epoch 24/25 time=1.24s device=cuda
INFO:src.estimators.masked_ae:[masked-ae] sweep lam=0.16681005372000587 epoch 25/25 time=1.13s device=cuda
INFO:src.estimators.masked_ae:[masked-ae] sweep lam=0.2782559402207124 epoch 1/25 time=1.09s device=cuda
INFO:src.estimators.masked_ae:[masked-ae] sweep lam=0.2782559402207124 epoch 2/25 time=1.13s device=cuda
INFO:src.estimators.masked_ae:[masked-ae] sweep lam=0.2782559402207124 epoch 3/25 time=1.14s device=cuda
INFO:src.estimators.masked_ae:[masked-ae] sweep lam=0.2782559402207124 epoch 4/25 time=1.11s device=cuda
INFO:src.estimators.masked_ae:[masked-ae] sweep lam=0.2782559402207124 epoch 5/25 time=1.14s device=cuda
INFO:src.estimators.masked_ae:[masked-ae] sweep lam=0.2782559402207124 epoch 6/25 time=1.08s device=cuda
INFO:src.estimators.masked_ae:[masked-ae] sweep lam=0.2782559402207124 epoch 7/25 time=1.15s device=cuda
INFO:src.estimators.masked_ae:[masked-ae] sweep lam=0.2782559402207124 epoch 8/25 time=1.15s device=cuda
INFO:src.estimators.masked_ae:[masked-ae] sweep lam=0.2782559402207124 epoch 9/25 time=1.05s device=cuda
INFO:src.estimators.masked_ae:[masked-ae] sweep lam=0.2782559402207124 epoch 10/25 time=1.16s device=cuda
INFO:src.estimators.masked_ae:[masked-ae] sweep lam=0.2782559402207124 epoch 11/25 time=1.15s device=cuda
INFO:src.estimators.masked_ae:[masked-ae] sweep lam=0.2782559402207124 epoch 12/25 time=1.13s device=cuda
INFO:src.estimators.masked_ae:[masked-ae] sweep lam=0.2782559402207124 epoch 13/25 time=1.27s device=cuda
INFO:src.estimators.masked_ae:[masked-ae] sweep lam=0.2782559402207124 epoch 14/25 time=1.28s device=cuda
INFO:src.estimators.masked_ae:[masked-ae] sweep lam=0.2782559402207124 epoch 15/25 time=1.01s device=cuda
INFO:src.estimators.masked_ae:[masked-ae] sweep lam=0.2782559402207124 epoch 16/25 time=1.22s device=cuda
INFO:src.estimators.masked_ae:[masked-ae] sweep lam=0.2782559402207124 epoch 17/25 time=1.05s device=cuda
INFO:src.estimators.masked_ae:[masked-ae] sweep lam=0.2782559402207124 epoch 18/25 time=1.10s device=cuda
INFO:src.estimators.masked_ae:[masked-ae] sweep lam=0.2782559402207124 epoch 19/25 time=1.18s device=cuda
INFO:src.estimators.masked_ae:[masked-ae] sweep lam=0.2782559402207124 epoch 20/25 time=1.22s device=cuda
INFO:src.estimators.masked_ae:[masked-ae] sweep lam=0.2782559402207124 epoch 21/25 time=1.28s device=cuda
INFO:src.estimators.masked_ae:[masked-ae] sweep lam=0.2782559402207124 epoch 22/25 time=1.16s device=cuda
INFO:src.estimators.masked_ae:[masked-ae] sweep lam=0.2782559402207124 epoch 23/25 time=1.38s device=cuda
INFO:src.estimators.masked_ae:[masked-ae] sweep lam=0.2782559402207124 epoch 24/25 time=1.35s device=cuda
INFO:src.estimators.masked_ae:[masked-ae] sweep lam=0.2782559402207124 epoch 25/25 time=1.20s device=cuda
INFO:src.estimators.masked_ae:[masked-ae] sweep lam=0.46415888336127786 epoch 1/25 time=1.15s device=cuda
INFO:src.estimators.masked_ae:[masked-ae] sweep lam=0.46415888336127786 epoch 2/25 time=1.10s device=cuda
INFO:src.estimators.masked_ae:[masked-ae] sweep lam=0.46415888336127786 epoch 3/25 time=1.11s device=cuda
INFO:src.estimators.masked_ae:[masked-ae] sweep lam=0.46415888336127786 epoch 4/25 time=1.13s device=cuda
INFO:src.estimators.masked_ae:[masked-ae] sweep lam=0.46415888336127786 epoch 5/25 time=1.34s device=cuda
INFO:src.estimators.masked_ae:[masked-ae] sweep lam=0.46415888336127786 epoch 6/25 time=1.10s device=cuda
INFO:src.estimators.masked_ae:[masked-ae] sweep lam=0.46415888336127786 epoch 7/25 time=1.19s device=cuda
INFO:src.estimators.masked_ae:[masked-ae] sweep lam=0.46415888336127786 epoch 8/25 time=1.21s device=cuda
INFO:src.estimators.masked_ae:[masked-ae] sweep lam=0.46415888336127786 epoch 9/25 time=1.19s device=cuda
INFO:src.estimators.masked_ae:[masked-ae] sweep lam=0.46415888336127786 epoch 10/25 time=1.28s device=cuda
INFO:src.estimators.masked_ae:[masked-ae] sweep lam=0.46415888336127786 epoch 11/25 time=1.16s device=cuda
INFO:src.estimators.masked_ae:[masked-ae] sweep lam=0.46415888336127786 epoch 12/25 time=1.15s device=cuda
INFO:src.estimators.masked_ae:[masked-ae] sweep lam=0.46415888336127786 epoch 13/25 time=1.17s device=cuda
INFO:src.estimators.masked_ae:[masked-ae] sweep lam=0.46415888336127786 epoch 14/25 time=1.26s device=cuda
INFO:src.estimators.masked_ae:[masked-ae] sweep lam=0.46415888336127786 epoch 15/25 time=1.21s device=cuda
INFO:src.estimators.masked_ae:[masked-ae] sweep lam=0.46415888336127786 epoch 16/25 time=1.09s device=cuda
INFO:src.estimators.masked_ae:[masked-ae] sweep lam=0.46415888336127786 epoch 17/25 time=1.13s device=cuda
INFO:src.estimators.masked_ae:[masked-ae] sweep lam=0.46415888336127786 epoch 18/25 time=1.22s device=cuda
INFO:src.estimators.masked_ae:[masked-ae] sweep lam=0.46415888336127786 epoch 19/25 time=1.09s device=cuda
INFO:src.estimators.masked_ae:[masked-ae] sweep lam=0.46415888336127786 epoch 20/25 time=1.18s device=cuda
INFO:src.estimators.masked_ae:[masked-ae] sweep lam=0.46415888336127786 epoch 21/25 time=1.09s device=cuda
INFO:src.estimators.masked_ae:[masked-ae] sweep lam=0.46415888336127786 epoch 22/25 time=1.16s device=cuda
INFO:src.estimators.masked_ae:[masked-ae] sweep lam=0.46415888336127786 epoch 23/25 time=1.24s device=cuda
INFO:src.estimators.masked_ae:[masked-ae] sweep lam=0.46415888336127786 epoch 24/25 time=1.07s device=cuda
INFO:src.estimators.masked_ae:[masked-ae] sweep lam=0.46415888336127786 epoch 25/25 time=1.34s device=cuda
INFO:src.estimators.masked_ae:[masked-ae] sweep lam=0.774263682681127 epoch 1/25 time=1.08s device=cuda
INFO:src.estimators.masked_ae:[masked-ae] sweep lam=0.774263682681127 epoch 2/25 time=1.17s device=cuda
INFO:src.estimators.masked_ae:[masked-ae] sweep lam=0.774263682681127 epoch 3/25 time=1.21s device=cuda
INFO:src.estimators.masked_ae:[masked-ae] sweep lam=0.774263682681127 epoch 4/25 time=1.22s device=cuda
INFO:src.estimators.masked_ae:[masked-ae] sweep lam=0.774263682681127 epoch 5/25 time=1.44s device=cuda
INFO:src.estimators.masked_ae:[masked-ae] sweep lam=0.774263682681127 epoch 6/25 time=1.20s device=cuda
INFO:src.estimators.masked_ae:[masked-ae] sweep lam=0.774263682681127 epoch 7/25 time=1.19s device=cuda
INFO:src.estimators.masked_ae:[masked-ae] sweep lam=0.774263682681127 epoch 8/25 time=1.13s device=cuda
INFO:src.estimators.masked_ae:[masked-ae] sweep lam=0.774263682681127 epoch 9/25 time=1.10s device=cuda
INFO:src.estimators.masked_ae:[masked-ae] sweep lam=0.774263682681127 epoch 10/25 time=1.11s device=cuda
INFO:src.estimators.masked_ae:[masked-ae] sweep lam=0.774263682681127 epoch 11/25 time=1.24s device=cuda
INFO:src.estimators.masked_ae:[masked-ae] sweep lam=0.774263682681127 epoch 12/25 time=1.18s device=cuda
INFO:src.estimators.masked_ae:[masked-ae] sweep lam=0.774263682681127 epoch 13/25 time=1.17s device=cuda
INFO:src.estimators.masked_ae:[masked-ae] sweep lam=0.774263682681127 epoch 14/25 time=1.13s device=cuda
INFO:src.estimators.masked_ae:[masked-ae] sweep lam=0.774263682681127 epoch 15/25 time=1.30s device=cuda
INFO:src.estimators.masked_ae:[masked-ae] sweep lam=0.774263682681127 epoch 16/25 time=1.11s device=cuda
INFO:src.estimators.masked_ae:[masked-ae] sweep lam=0.774263682681127 epoch 17/25 time=1.09s device=cuda
INFO:src.estimators.masked_ae:[masked-ae] sweep lam=0.774263682681127 epoch 18/25 time=1.17s device=cuda
INFO:src.estimators.masked_ae:[masked-ae] sweep lam=0.774263682681127 epoch 19/25 time=1.11s device=cuda
INFO:src.estimators.masked_ae:[masked-ae] sweep lam=0.774263682681127 epoch 20/25 time=1.16s device=cuda
INFO:src.estimators.masked_ae:[masked-ae] sweep lam=0.774263682681127 epoch 21/25 time=1.21s device=cuda
INFO:src.estimators.masked_ae:[masked-ae] sweep lam=0.774263682681127 epoch 22/25 time=1.11s device=cuda
INFO:src.estimators.masked_ae:[masked-ae] sweep lam=0.774263682681127 epoch 23/25 time=1.30s device=cuda
INFO:src.estimators.masked_ae:[masked-ae] sweep lam=0.774263682681127 epoch 24/25 time=1.24s device=cuda
INFO:src.estimators.masked_ae:[masked-ae] sweep lam=0.774263682681127 epoch 25/25 time=1.15s device=cuda
INFO:src.estimators.masked_ae:[masked-ae] sweep lam=1.291549665014884 epoch 1/25 time=1.10s device=cuda
INFO:src.estimators.masked_ae:[masked-ae] sweep lam=1.291549665014884 epoch 2/25 time=1.24s device=cuda
INFO:src.estimators.masked_ae:[masked-ae] sweep lam=1.291549665014884 epoch 3/25 time=1.29s device=cuda
INFO:src.estimators.masked_ae:[masked-ae] sweep lam=1.291549665014884 epoch 4/25 time=1.34s device=cuda
INFO:src.estimators.masked_ae:[masked-ae] sweep lam=1.291549665014884 epoch 5/25 time=1.16s device=cuda
INFO:src.estimators.masked_ae:[masked-ae] sweep lam=1.291549665014884 epoch 6/25 time=1.23s device=cuda
INFO:src.estimators.masked_ae:[masked-ae] sweep lam=1.291549665014884 epoch 7/25 time=1.08s device=cuda
INFO:src.estimators.masked_ae:[masked-ae] sweep lam=1.291549665014884 epoch 8/25 time=1.08s device=cuda
INFO:src.estimators.masked_ae:[masked-ae] sweep lam=1.291549665014884 epoch 9/25 time=1.17s device=cuda
INFO:src.estimators.masked_ae:[masked-ae] sweep lam=1.291549665014884 epoch 10/25 time=1.22s device=cuda
INFO:src.estimators.masked_ae:[masked-ae] sweep lam=1.291549665014884 epoch 11/25 time=1.09s device=cuda
INFO:src.estimators.masked_ae:[masked-ae] sweep lam=1.291549665014884 epoch 12/25 time=1.21s device=cuda
INFO:src.estimators.masked_ae:[masked-ae] sweep lam=1.291549665014884 epoch 13/25 time=1.12s device=cuda
INFO:src.estimators.masked_ae:[masked-ae] sweep lam=1.291549665014884 epoch 14/25 time=1.13s device=cuda
INFO:src.estimators.masked_ae:[masked-ae] sweep lam=1.291549665014884 epoch 15/25 time=1.31s device=cuda
INFO:src.estimators.masked_ae:[masked-ae] sweep lam=1.291549665014884 epoch 16/25 time=1.19s device=cuda
INFO:src.estimators.masked_ae:[masked-ae] sweep lam=1.291549665014884 epoch 17/25 time=1.48s device=cuda
INFO:src.estimators.masked_ae:[masked-ae] sweep lam=1.291549665014884 epoch 18/25 time=1.10s device=cuda
INFO:src.estimators.masked_ae:[masked-ae] sweep lam=1.291549665014884 epoch 19/25 time=1.34s device=cuda
INFO:src.estimators.masked_ae:[masked-ae] sweep lam=1.291549665014884 epoch 20/25 time=1.24s device=cuda
INFO:src.estimators.masked_ae:[masked-ae] sweep lam=1.291549665014884 epoch 21/25 time=1.15s device=cuda
INFO:src.estimators.masked_ae:[masked-ae] sweep lam=1.291549665014884 epoch 22/25 time=1.15s device=cuda
INFO:src.estimators.masked_ae:[masked-ae] sweep lam=1.291549665014884 epoch 23/25 time=1.09s device=cuda
INFO:src.estimators.masked_ae:[masked-ae] sweep lam=1.291549665014884 epoch 24/25 time=1.14s device=cuda
INFO:src.estimators.masked_ae:[masked-ae] sweep lam=1.291549665014884 epoch 25/25 time=1.24s device=cuda
INFO:src.estimators.masked_ae:[masked-ae] sweep lam=2.1544346900318834 epoch 1/25 time=1.16s device=cuda
INFO:src.estimators.masked_ae:[masked-ae] sweep lam=2.1544346900318834 epoch 2/25 time=1.18s device=cuda
INFO:src.estimators.masked_ae:[masked-ae] sweep lam=2.1544346900318834 epoch 3/25 time=1.16s device=cuda
INFO:src.estimators.masked_ae:[masked-ae] sweep lam=2.1544346900318834 epoch 4/25 time=1.30s device=cuda
INFO:src.estimators.masked_ae:[masked-ae] sweep lam=2.1544346900318834 epoch 5/25 time=1.28s device=cuda
INFO:src.estimators.masked_ae:[masked-ae] sweep lam=2.1544346900318834 epoch 6/25 time=1.38s device=cuda
INFO:src.estimators.masked_ae:[masked-ae] sweep lam=2.1544346900318834 epoch 7/25 time=1.15s device=cuda
INFO:src.estimators.masked_ae:[masked-ae] sweep lam=2.1544346900318834 epoch 8/25 time=1.09s device=cuda
INFO:src.estimators.masked_ae:[masked-ae] sweep lam=2.1544346900318834 epoch 9/25 time=1.13s device=cuda
INFO:src.estimators.masked_ae:[masked-ae] sweep lam=2.1544346900318834 epoch 10/25 time=1.21s device=cuda
INFO:src.estimators.masked_ae:[masked-ae] sweep lam=2.1544346900318834 epoch 11/25 time=1.16s device=cuda
INFO:src.estimators.masked_ae:[masked-ae] sweep lam=2.1544346900318834 epoch 12/25 time=1.14s device=cuda
INFO:src.estimators.masked_ae:[masked-ae] sweep lam=2.1544346900318834 epoch 13/25 time=1.16s device=cuda
INFO:src.estimators.masked_ae:[masked-ae] sweep lam=2.1544346900318834 epoch 14/25 time=1.22s device=cuda
INFO:src.estimators.masked_ae:[masked-ae] sweep lam=2.1544346900318834 epoch 15/25 time=1.09s device=cuda
INFO:src.estimators.masked_ae:[masked-ae] sweep lam=2.1544346900318834 epoch 16/25 time=1.14s device=cuda
INFO:src.estimators.masked_ae:[masked-ae] sweep lam=2.1544346900318834 epoch 17/25 time=1.31s device=cuda
INFO:src.estimators.masked_ae:[masked-ae] sweep lam=2.1544346900318834 epoch 18/25 time=1.12s device=cuda
INFO:src.estimators.masked_ae:[masked-ae] sweep lam=2.1544346900318834 epoch 19/25 time=1.08s device=cuda
INFO:src.estimators.masked_ae:[masked-ae] sweep lam=2.1544346900318834 epoch 20/25 time=1.34s device=cuda
INFO:src.estimators.masked_ae:[masked-ae] sweep lam=2.1544346900318834 epoch 21/25 time=1.18s device=cuda
INFO:src.estimators.masked_ae:[masked-ae] sweep lam=2.1544346900318834 epoch 22/25 time=1.12s device=cuda
INFO:src.estimators.masked_ae:[masked-ae] sweep lam=2.1544346900318834 epoch 23/25 time=1.05s device=cuda
INFO:src.estimators.masked_ae:[masked-ae] sweep lam=2.1544346900318834 epoch 24/25 time=1.16s device=cuda
INFO:src.estimators.masked_ae:[masked-ae] sweep lam=2.1544346900318834 epoch 25/25 time=1.23s device=cuda
INFO:src.estimators.masked_ae:[masked-ae] sweep lam=3.593813663804626 epoch 1/25 time=1.23s device=cuda
INFO:src.estimators.masked_ae:[masked-ae] sweep lam=3.593813663804626 epoch 2/25 time=1.13s device=cuda
INFO:src.estimators.masked_ae:[masked-ae] sweep lam=3.593813663804626 epoch 3/25 time=1.20s device=cuda
INFO:src.estimators.masked_ae:[masked-ae] sweep lam=3.593813663804626 epoch 4/25 time=1.15s device=cuda
INFO:src.estimators.masked_ae:[masked-ae] sweep lam=3.593813663804626 epoch 5/25 time=1.27s device=cuda
INFO:src.estimators.masked_ae:[masked-ae] sweep lam=3.593813663804626 epoch 6/25 time=1.17s device=cuda
INFO:src.estimators.masked_ae:[masked-ae] sweep lam=3.593813663804626 epoch 7/25 time=1.17s device=cuda
INFO:src.estimators.masked_ae:[masked-ae] sweep lam=3.593813663804626 epoch 8/25 time=1.10s device=cuda
INFO:src.estimators.masked_ae:[masked-ae] sweep lam=3.593813663804626 epoch 9/25 time=1.09s device=cuda
INFO:src.estimators.masked_ae:[masked-ae] sweep lam=3.593813663804626 epoch 10/25 time=1.13s device=cuda
INFO:src.estimators.masked_ae:[masked-ae] sweep lam=3.593813663804626 epoch 11/25 time=1.07s device=cuda
INFO:src.estimators.masked_ae:[masked-ae] sweep lam=3.593813663804626 epoch 12/25 time=1.17s device=cuda
INFO:src.estimators.masked_ae:[masked-ae] sweep lam=3.593813663804626 epoch 13/25 time=1.11s device=cuda
INFO:src.estimators.masked_ae:[masked-ae] sweep lam=3.593813663804626 epoch 14/25 time=1.21s device=cuda
INFO:src.estimators.masked_ae:[masked-ae] sweep lam=3.593813663804626 epoch 15/25 time=1.24s device=cuda
INFO:src.estimators.masked_ae:[masked-ae] sweep lam=3.593813663804626 epoch 16/25 time=1.22s device=cuda
INFO:src.estimators.masked_ae:[masked-ae] sweep lam=3.593813663804626 epoch 17/25 time=1.12s device=cuda
INFO:src.estimators.masked_ae:[masked-ae] sweep lam=3.593813663804626 epoch 18/25 time=1.24s device=cuda
INFO:src.estimators.masked_ae:[masked-ae] sweep lam=3.593813663804626 epoch 19/25 time=1.11s device=cuda
INFO:src.estimators.masked_ae:[masked-ae] sweep lam=3.593813663804626 epoch 20/25 time=1.10s device=cuda
INFO:src.estimators.masked_ae:[masked-ae] sweep lam=3.593813663804626 epoch 21/25 time=1.13s device=cuda
INFO:src.estimators.masked_ae:[masked-ae] sweep lam=3.593813663804626 epoch 22/25 time=1.09s device=cuda
INFO:src.estimators.masked_ae:[masked-ae] sweep lam=3.593813663804626 epoch 23/25 time=1.25s device=cuda
INFO:src.estimators.masked_ae:[masked-ae] sweep lam=3.593813663804626 epoch 24/25 time=1.13s device=cuda
INFO:src.estimators.masked_ae:[masked-ae] sweep lam=3.593813663804626 epoch 25/25 time=1.14s device=cuda
INFO:src.estimators.masked_ae:[masked-ae] sweep lam=5.994842503189409 epoch 1/25 time=1.13s device=cuda
INFO:src.estimators.masked_ae:[masked-ae] sweep lam=5.994842503189409 epoch 2/25 time=1.15s device=cuda
INFO:src.estimators.masked_ae:[masked-ae] sweep lam=5.994842503189409 epoch 3/25 time=1.12s device=cuda
INFO:src.estimators.masked_ae:[masked-ae] sweep lam=5.994842503189409 epoch 4/25 time=1.19s device=cuda
INFO:src.estimators.masked_ae:[masked-ae] sweep lam=5.994842503189409 epoch 5/25 time=1.15s device=cuda
INFO:src.estimators.masked_ae:[masked-ae] sweep lam=5.994842503189409 epoch 6/25 time=1.12s device=cuda
INFO:src.estimators.masked_ae:[masked-ae] sweep lam=5.994842503189409 epoch 7/25 time=1.19s device=cuda
INFO:src.estimators.masked_ae:[masked-ae] sweep lam=5.994842503189409 epoch 8/25 time=1.23s device=cuda
INFO:src.estimators.masked_ae:[masked-ae] sweep lam=5.994842503189409 epoch 9/25 time=1.19s device=cuda
INFO:src.estimators.masked_ae:[masked-ae] sweep lam=5.994842503189409 epoch 10/25 time=1.18s device=cuda
INFO:src.estimators.masked_ae:[masked-ae] sweep lam=5.994842503189409 epoch 11/25 time=1.15s device=cuda
INFO:src.estimators.masked_ae:[masked-ae] sweep lam=5.994842503189409 epoch 12/25 time=1.19s device=cuda
INFO:src.estimators.masked_ae:[masked-ae] sweep lam=5.994842503189409 epoch 13/25 time=1.09s device=cuda
INFO:src.estimators.masked_ae:[masked-ae] sweep lam=5.994842503189409 epoch 14/25 time=1.10s device=cuda
INFO:src.estimators.masked_ae:[masked-ae] sweep lam=5.994842503189409 epoch 15/25 time=1.20s device=cuda
INFO:src.estimators.masked_ae:[masked-ae] sweep lam=5.994842503189409 epoch 16/25 time=1.27s device=cuda
INFO:src.estimators.masked_ae:[masked-ae] sweep lam=5.994842503189409 epoch 17/25 time=1.06s device=cuda
INFO:src.estimators.masked_ae:[masked-ae] sweep lam=5.994842503189409 epoch 18/25 time=1.24s device=cuda
INFO:src.estimators.masked_ae:[masked-ae] sweep lam=5.994842503189409 epoch 19/25 time=1.13s device=cuda
INFO:src.estimators.masked_ae:[masked-ae] sweep lam=5.994842503189409 epoch 20/25 time=1.07s device=cuda
INFO:src.estimators.masked_ae:[masked-ae] sweep lam=5.994842503189409 epoch 21/25 time=1.12s device=cuda
INFO:src.estimators.masked_ae:[masked-ae] sweep lam=5.994842503189409 epoch 22/25 time=1.12s device=cuda
INFO:src.estimators.masked_ae:[masked-ae] sweep lam=5.994842503189409 epoch 23/25 time=1.16s device=cuda
INFO:src.estimators.masked_ae:[masked-ae] sweep lam=5.994842503189409 epoch 24/25 time=1.09s device=cuda
INFO:src.estimators.masked_ae:[masked-ae] sweep lam=5.994842503189409 epoch 25/25 time=1.13s device=cuda
INFO:src.estimators.masked_ae:[masked-ae] sweep lam=10.0 epoch 1/25 time=1.08s device=cuda
INFO:src.estimators.masked_ae:[masked-ae] sweep lam=10.0 epoch 2/25 time=0.99s device=cuda
INFO:src.estimators.masked_ae:[masked-ae] sweep lam=10.0 epoch 3/25 time=1.10s device=cuda
INFO:src.estimators.masked_ae:[masked-ae] sweep lam=10.0 epoch 4/25 time=1.05s device=cuda
INFO:src.estimators.masked_ae:[masked-ae] sweep lam=10.0 epoch 5/25 time=1.21s device=cuda
INFO:src.estimators.masked_ae:[masked-ae] sweep lam=10.0 epoch 6/25 time=1.14s device=cuda
INFO:src.estimators.masked_ae:[masked-ae] sweep lam=10.0 epoch 7/25 time=1.20s device=cuda
INFO:src.estimators.masked_ae:[masked-ae] sweep lam=10.0 epoch 8/25 time=1.15s device=cuda
INFO:src.estimators.masked_ae:[masked-ae] sweep lam=10.0 epoch 9/25 time=1.06s device=cuda
INFO:src.estimators.masked_ae:[masked-ae] sweep lam=10.0 epoch 10/25 time=1.06s device=cuda
INFO:src.estimators.masked_ae:[masked-ae] sweep lam=10.0 epoch 11/25 time=1.13s device=cuda
INFO:src.estimators.masked_ae:[masked-ae] sweep lam=10.0 epoch 12/25 time=1.08s device=cuda
INFO:src.estimators.masked_ae:[masked-ae] sweep lam=10.0 epoch 13/25 time=1.23s device=cuda
INFO:src.estimators.masked_ae:[masked-ae] sweep lam=10.0 epoch 14/25 time=1.18s device=cuda
INFO:src.estimators.masked_ae:[masked-ae] sweep lam=10.0 epoch 15/25 time=1.08s device=cuda
INFO:src.estimators.masked_ae:[masked-ae] sweep lam=10.0 epoch 16/25 time=1.13s device=cuda
INFO:src.estimators.masked_ae:[masked-ae] sweep lam=10.0 epoch 17/25 time=1.16s device=cuda
INFO:src.estimators.masked_ae:[masked-ae] sweep lam=10.0 epoch 18/25 time=1.15s device=cuda
INFO:src.estimators.masked_ae:[masked-ae] sweep lam=10.0 epoch 19/25 time=1.13s device=cuda
INFO:src.estimators.masked_ae:[masked-ae] sweep lam=10.0 epoch 20/25 time=1.20s device=cuda
INFO:src.estimators.masked_ae:[masked-ae] sweep lam=10.0 epoch 21/25 time=1.14s device=cuda
INFO:src.estimators.masked_ae:[masked-ae] sweep lam=10.0 epoch 22/25 time=1.27s device=cuda
INFO:src.estimators.masked_ae:[masked-ae] sweep lam=10.0 epoch 23/25 time=1.07s device=cuda
INFO:src.estimators.masked_ae:[masked-ae] sweep lam=10.0 epoch 24/25 time=1.13s device=cuda
INFO:src.estimators.masked_ae:[masked-ae] sweep lam=10.0 epoch 25/25 time=1.20s device=cuda
INFO:src.estimators.masked_ae:[masked-ae] retrain epoch 1/35 time=1.20s device=cuda
INFO:src.estimators.masked_ae:[masked-ae] retrain epoch 2/35 time=1.09s device=cuda
INFO:src.estimators.masked_ae:[masked-ae] retrain epoch 3/35 time=1.12s device=cuda
INFO:src.estimators.masked_ae:[masked-ae] retrain epoch 4/35 time=1.22s device=cuda
INFO:src.estimators.masked_ae:[masked-ae] retrain epoch 5/35 time=1.25s device=cuda
INFO:src.estimators.masked_ae:[masked-ae] retrain epoch 6/35 time=1.31s device=cuda
INFO:src.estimators.masked_ae:[masked-ae] retrain epoch 7/35 time=1.15s device=cuda
INFO:src.estimators.masked_ae:[masked-ae] retrain epoch 8/35 time=1.24s device=cuda
INFO:src.estimators.masked_ae:[masked-ae] retrain epoch 9/35 time=1.09s device=cuda
INFO:src.estimators.masked_ae:[masked-ae] retrain epoch 10/35 time=1.09s device=cuda
INFO:src.estimators.masked_ae:[masked-ae] retrain epoch 11/35 time=1.09s device=cuda
INFO:src.estimators.masked_ae:[masked-ae] retrain epoch 12/35 time=1.16s device=cuda
INFO:src.estimators.masked_ae:[masked-ae] retrain epoch 13/35 time=1.18s device=cuda
INFO:src.estimators.masked_ae:[masked-ae] retrain epoch 14/35 time=1.23s device=cuda
INFO:src.estimators.masked_ae:[masked-ae] retrain epoch 15/35 time=1.16s device=cuda
INFO:src.estimators.masked_ae:[masked-ae] retrain epoch 16/35 time=1.15s device=cuda
INFO:src.estimators.masked_ae:[masked-ae] retrain epoch 17/35 time=1.18s device=cuda
INFO:src.estimators.masked_ae:[masked-ae] retrain epoch 18/35 time=1.19s device=cuda
INFO:src.estimators.masked_ae:[masked-ae] retrain epoch 19/35 time=1.19s device=cuda
INFO:src.estimators.masked_ae:[masked-ae] retrain epoch 20/35 time=1.31s device=cuda
INFO:src.estimators.masked_ae:[masked-ae] retrain epoch 21/35 time=1.09s device=cuda
INFO:src.estimators.masked_ae:[masked-ae] retrain epoch 22/35 time=1.25s device=cuda
INFO:src.estimators.masked_ae:[masked-ae] retrain epoch 23/35 time=1.14s device=cuda
INFO:src.estimators.masked_ae:[masked-ae] retrain epoch 24/35 time=1.11s device=cuda
INFO:src.estimators.masked_ae:[masked-ae] retrain epoch 25/35 time=1.17s device=cuda
INFO:src.estimators.masked_ae:[masked-ae] retrain epoch 26/35 time=1.09s device=cuda
INFO:src.estimators.masked_ae:[masked-ae] retrain epoch 27/35 time=1.06s device=cuda
INFO:src.estimators.masked_ae:[masked-ae] retrain epoch 28/35 time=1.15s device=cuda
INFO:src.estimators.masked_ae:[masked-ae] retrain epoch 29/35 time=1.15s device=cuda
INFO:src.estimators.masked_ae:[masked-ae] retrain epoch 30/35 time=1.02s device=cuda
INFO:src.estimators.masked_ae:[masked-ae] retrain epoch 31/35 time=1.14s device=cuda
INFO:src.estimators.masked_ae:[masked-ae] retrain epoch 32/35 time=1.09s device=cuda
INFO:src.estimators.masked_ae:[masked-ae] retrain epoch 33/35 time=1.04s device=cuda
INFO:src.estimators.masked_ae:[masked-ae] retrain epoch 34/35 time=1.08s device=cuda
INFO:src.estimators.masked_ae:[masked-ae] retrain epoch 35/35 time=1.16s device=cuda
INFO:repair_masked_ae:Group ('mnist', 12, 0.75, 1) repaired: estimate=7.0 elapsed_s=346.02 device=cuda samples=60000 rows=5
INFO:repair_masked_ae:Processing group key=('mnist', 12, 1.0, 1) with 5 rows; example row 695
INFO:src.estimators.masked_ae:[masked-ae] pretrain epoch 1/10 time=1.07s device=cuda
INFO:src.estimators.masked_ae:[masked-ae] pretrain epoch 2/10 time=0.96s device=cuda
INFO:src.estimators.masked_ae:[masked-ae] pretrain epoch 3/10 time=1.21s device=cuda
INFO:src.estimators.masked_ae:[masked-ae] pretrain epoch 4/10 time=1.06s device=cuda
INFO:src.estimators.masked_ae:[masked-ae] pretrain epoch 5/10 time=1.02s device=cuda
INFO:src.estimators.masked_ae:[masked-ae] pretrain epoch 6/10 time=1.11s device=cuda
INFO:src.estimators.masked_ae:[masked-ae] pretrain epoch 7/10 time=1.12s device=cuda
INFO:src.estimators.masked_ae:[masked-ae] pretrain epoch 8/10 time=0.97s device=cuda
INFO:src.estimators.masked_ae:[masked-ae] pretrain epoch 9/10 time=1.15s device=cuda
INFO:src.estimators.masked_ae:[masked-ae] pretrain epoch 10/10 time=1.00s device=cuda
INFO:src.estimators.masked_ae:[masked-ae] sweep lam=0.1 epoch 1/25 time=1.12s device=cuda
INFO:src.estimators.masked_ae:[masked-ae] sweep lam=0.1 epoch 2/25 time=1.08s device=cuda
INFO:src.estimators.masked_ae:[masked-ae] sweep lam=0.1 epoch 3/25 time=1.05s device=cuda
INFO:src.estimators.masked_ae:[masked-ae] sweep lam=0.1 epoch 4/25 time=1.18s device=cuda
INFO:src.estimators.masked_ae:[masked-ae] sweep lam=0.1 epoch 5/25 time=1.12s device=cuda
INFO:src.estimators.masked_ae:[masked-ae] sweep lam=0.1 epoch 6/25 time=1.08s device=cuda
INFO:src.estimators.masked_ae:[masked-ae] sweep lam=0.1 epoch 7/25 time=1.10s device=cuda
INFO:src.estimators.masked_ae:[masked-ae] sweep lam=0.1 epoch 8/25 time=1.12s device=cuda
INFO:src.estimators.masked_ae:[masked-ae] sweep lam=0.1 epoch 9/25 time=1.10s device=cuda
INFO:src.estimators.masked_ae:[masked-ae] sweep lam=0.1 epoch 10/25 time=1.10s device=cuda
INFO:src.estimators.masked_ae:[masked-ae] sweep lam=0.1 epoch 11/25 time=1.26s device=cuda
INFO:src.estimators.masked_ae:[masked-ae] sweep lam=0.1 epoch 12/25 time=1.16s device=cuda
INFO:src.estimators.masked_ae:[masked-ae] sweep lam=0.1 epoch 13/25 time=1.18s device=cuda
INFO:src.estimators.masked_ae:[masked-ae] sweep lam=0.1 epoch 14/25 time=1.05s device=cuda
INFO:src.estimators.masked_ae:[masked-ae] sweep lam=0.1 epoch 15/25 time=1.14s device=cuda
INFO:src.estimators.masked_ae:[masked-ae] sweep lam=0.1 epoch 16/25 time=1.12s device=cuda
INFO:src.estimators.masked_ae:[masked-ae] sweep lam=0.1 epoch 17/25 time=1.11s device=cuda
INFO:src.estimators.masked_ae:[masked-ae] sweep lam=0.1 epoch 18/25 time=1.01s device=cuda
INFO:src.estimators.masked_ae:[masked-ae] sweep lam=0.1 epoch 19/25 time=1.29s device=cuda
INFO:src.estimators.masked_ae:[masked-ae] sweep lam=0.1 epoch 20/25 time=1.05s device=cuda
INFO:src.estimators.masked_ae:[masked-ae] sweep lam=0.1 epoch 21/25 time=1.04s device=cuda
INFO:src.estimators.masked_ae:[masked-ae] sweep lam=0.1 epoch 22/25 time=1.23s device=cuda
INFO:src.estimators.masked_ae:[masked-ae] sweep lam=0.1 epoch 23/25 time=1.09s device=cuda
INFO:src.estimators.masked_ae:[masked-ae] sweep lam=0.1 epoch 24/25 time=1.17s device=cuda
INFO:src.estimators.masked_ae:[masked-ae] sweep lam=0.1 epoch 25/25 time=1.08s device=cuda
INFO:src.estimators.masked_ae:[masked-ae] sweep lam=0.16681005372000587 epoch 1/25 time=1.15s device=cuda
INFO:src.estimators.masked_ae:[masked-ae] sweep lam=0.16681005372000587 epoch 2/25 time=1.12s device=cuda
INFO:src.estimators.masked_ae:[masked-ae] sweep lam=0.16681005372000587 epoch 3/25 time=1.08s device=cuda
INFO:src.estimators.masked_ae:[masked-ae] sweep lam=0.16681005372000587 epoch 4/25 time=1.10s device=cuda
INFO:src.estimators.masked_ae:[masked-ae] sweep lam=0.16681005372000587 epoch 5/25 time=1.17s device=cuda
INFO:src.estimators.masked_ae:[masked-ae] sweep lam=0.16681005372000587 epoch 6/25 time=1.31s device=cuda
INFO:src.estimators.masked_ae:[masked-ae] sweep lam=0.16681005372000587 epoch 7/25 time=1.13s device=cuda
INFO:src.estimators.masked_ae:[masked-ae] sweep lam=0.16681005372000587 epoch 8/25 time=1.23s device=cuda
INFO:src.estimators.masked_ae:[masked-ae] sweep lam=0.16681005372000587 epoch 9/25 time=1.11s device=cuda
INFO:src.estimators.masked_ae:[masked-ae] sweep lam=0.16681005372000587 epoch 10/25 time=1.13s device=cuda
INFO:src.estimators.masked_ae:[masked-ae] sweep lam=0.16681005372000587 epoch 11/25 time=1.12s device=cuda
INFO:src.estimators.masked_ae:[masked-ae] sweep lam=0.16681005372000587 epoch 12/25 time=1.11s device=cuda
INFO:src.estimators.masked_ae:[masked-ae] sweep lam=0.16681005372000587 epoch 13/25 time=1.00s device=cuda
INFO:src.estimators.masked_ae:[masked-ae] sweep lam=0.16681005372000587 epoch 14/25 time=1.08s device=cuda
INFO:src.estimators.masked_ae:[masked-ae] sweep lam=0.16681005372000587 epoch 15/25 time=1.14s device=cuda
INFO:src.estimators.masked_ae:[masked-ae] sweep lam=0.16681005372000587 epoch 16/25 time=1.23s device=cuda
INFO:src.estimators.masked_ae:[masked-ae] sweep lam=0.16681005372000587 epoch 17/25 time=1.10s device=cuda
INFO:src.estimators.masked_ae:[masked-ae] sweep lam=0.16681005372000587 epoch 18/25 time=1.25s device=cuda
INFO:src.estimators.masked_ae:[masked-ae] sweep lam=0.16681005372000587 epoch 19/25 time=1.13s device=cuda
INFO:src.estimators.masked_ae:[masked-ae] sweep lam=0.16681005372000587 epoch 20/25 time=1.20s device=cuda
INFO:src.estimators.masked_ae:[masked-ae] sweep lam=0.16681005372000587 epoch 21/25 time=1.18s device=cuda
INFO:src.estimators.masked_ae:[masked-ae] sweep lam=0.16681005372000587 epoch 22/25 time=1.09s device=cuda
INFO:src.estimators.masked_ae:[masked-ae] sweep lam=0.16681005372000587 epoch 23/25 time=1.12s device=cuda
INFO:src.estimators.masked_ae:[masked-ae] sweep lam=0.16681005372000587 epoch 24/25 time=1.17s device=cuda
INFO:src.estimators.masked_ae:[masked-ae] sweep lam=0.16681005372000587 epoch 25/25 time=1.11s device=cuda
INFO:src.estimators.masked_ae:[masked-ae] sweep lam=0.2782559402207124 epoch 1/25 time=1.14s device=cuda
INFO:src.estimators.masked_ae:[masked-ae] sweep lam=0.2782559402207124 epoch 2/25 time=1.19s device=cuda
INFO:src.estimators.masked_ae:[masked-ae] sweep lam=0.2782559402207124 epoch 3/25 time=1.08s device=cuda
INFO:src.estimators.masked_ae:[masked-ae] sweep lam=0.2782559402207124 epoch 4/25 time=1.17s device=cuda
INFO:src.estimators.masked_ae:[masked-ae] sweep lam=0.2782559402207124 epoch 5/25 time=1.19s device=cuda
INFO:src.estimators.masked_ae:[masked-ae] sweep lam=0.2782559402207124 epoch 6/25 time=1.08s device=cuda
INFO:src.estimators.masked_ae:[masked-ae] sweep lam=0.2782559402207124 epoch 7/25 time=1.12s device=cuda
INFO:src.estimators.masked_ae:[masked-ae] sweep lam=0.2782559402207124 epoch 8/25 time=1.18s device=cuda
INFO:src.estimators.masked_ae:[masked-ae] sweep lam=0.2782559402207124 epoch 9/25 time=1.13s device=cuda
INFO:src.estimators.masked_ae:[masked-ae] sweep lam=0.2782559402207124 epoch 10/25 time=1.15s device=cuda
INFO:src.estimators.masked_ae:[masked-ae] sweep lam=0.2782559402207124 epoch 11/25 time=1.10s device=cuda
INFO:src.estimators.masked_ae:[masked-ae] sweep lam=0.2782559402207124 epoch 12/25 time=1.13s device=cuda
INFO:src.estimators.masked_ae:[masked-ae] sweep lam=0.2782559402207124 epoch 13/25 time=1.15s device=cuda
INFO:src.estimators.masked_ae:[masked-ae] sweep lam=0.2782559402207124 epoch 14/25 time=1.11s device=cuda
INFO:src.estimators.masked_ae:[masked-ae] sweep lam=0.2782559402207124 epoch 15/25 time=1.14s device=cuda
INFO:src.estimators.masked_ae:[masked-ae] sweep lam=0.2782559402207124 epoch 16/25 time=1.04s device=cuda
INFO:src.estimators.masked_ae:[masked-ae] sweep lam=0.2782559402207124 epoch 17/25 time=1.30s device=cuda
INFO:src.estimators.masked_ae:[masked-ae] sweep lam=0.2782559402207124 epoch 18/25 time=1.16s device=cuda
INFO:src.estimators.masked_ae:[masked-ae] sweep lam=0.2782559402207124 epoch 19/25 time=1.10s device=cuda
INFO:src.estimators.masked_ae:[masked-ae] sweep lam=0.2782559402207124 epoch 20/25 time=1.02s device=cuda
INFO:src.estimators.masked_ae:[masked-ae] sweep lam=0.2782559402207124 epoch 21/25 time=1.09s device=cuda
INFO:src.estimators.masked_ae:[masked-ae] sweep lam=0.2782559402207124 epoch 22/25 time=1.24s device=cuda
INFO:src.estimators.masked_ae:[masked-ae] sweep lam=0.2782559402207124 epoch 23/25 time=1.15s device=cuda
INFO:src.estimators.masked_ae:[masked-ae] sweep lam=0.2782559402207124 epoch 24/25 time=1.13s device=cuda
INFO:src.estimators.masked_ae:[masked-ae] sweep lam=0.2782559402207124 epoch 25/25 time=1.14s device=cuda
INFO:src.estimators.masked_ae:[masked-ae] sweep lam=0.46415888336127786 epoch 1/25 time=1.14s device=cuda
INFO:src.estimators.masked_ae:[masked-ae] sweep lam=0.46415888336127786 epoch 2/25 time=1.10s device=cuda
INFO:src.estimators.masked_ae:[masked-ae] sweep lam=0.46415888336127786 epoch 3/25 time=1.14s device=cuda
INFO:src.estimators.masked_ae:[masked-ae] sweep lam=0.46415888336127786 epoch 4/25 time=1.12s device=cuda
INFO:src.estimators.masked_ae:[masked-ae] sweep lam=0.46415888336127786 epoch 5/25 time=1.22s device=cuda
INFO:src.estimators.masked_ae:[masked-ae] sweep lam=0.46415888336127786 epoch 6/25 time=1.05s device=cuda
INFO:src.estimators.masked_ae:[masked-ae] sweep lam=0.46415888336127786 epoch 7/25 time=1.15s device=cuda
INFO:src.estimators.masked_ae:[masked-ae] sweep lam=0.46415888336127786 epoch 8/25 time=1.21s device=cuda
INFO:src.estimators.masked_ae:[masked-ae] sweep lam=0.46415888336127786 epoch 9/25 time=1.13s device=cuda
INFO:src.estimators.masked_ae:[masked-ae] sweep lam=0.46415888336127786 epoch 10/25 time=1.11s device=cuda
INFO:src.estimators.masked_ae:[masked-ae] sweep lam=0.46415888336127786 epoch 11/25 time=1.11s device=cuda
INFO:src.estimators.masked_ae:[masked-ae] sweep lam=0.46415888336127786 epoch 12/25 time=1.09s device=cuda
INFO:src.estimators.masked_ae:[masked-ae] sweep lam=0.46415888336127786 epoch 13/25 time=1.05s device=cuda
INFO:src.estimators.masked_ae:[masked-ae] sweep lam=0.46415888336127786 epoch 14/25 time=1.09s device=cuda
INFO:src.estimators.masked_ae:[masked-ae] sweep lam=0.46415888336127786 epoch 15/25 time=1.19s device=cuda
INFO:src.estimators.masked_ae:[masked-ae] sweep lam=0.46415888336127786 epoch 16/25 time=1.14s device=cuda
INFO:src.estimators.masked_ae:[masked-ae] sweep lam=0.46415888336127786 epoch 17/25 time=1.13s device=cuda
INFO:src.estimators.masked_ae:[masked-ae] sweep lam=0.46415888336127786 epoch 18/25 time=1.07s device=cuda
INFO:src.estimators.masked_ae:[masked-ae] sweep lam=0.46415888336127786 epoch 19/25 time=1.25s device=cuda
INFO:src.estimators.masked_ae:[masked-ae] sweep lam=0.46415888336127786 epoch 20/25 time=1.24s device=cuda
INFO:src.estimators.masked_ae:[masked-ae] sweep lam=0.46415888336127786 epoch 21/25 time=1.08s device=cuda
INFO:src.estimators.masked_ae:[masked-ae] sweep lam=0.46415888336127786 epoch 22/25 time=1.30s device=cuda
INFO:src.estimators.masked_ae:[masked-ae] sweep lam=0.46415888336127786 epoch 23/25 time=1.12s device=cuda
INFO:src.estimators.masked_ae:[masked-ae] sweep lam=0.46415888336127786 epoch 24/25 time=1.08s device=cuda
INFO:src.estimators.masked_ae:[masked-ae] sweep lam=0.46415888336127786 epoch 25/25 time=1.12s device=cuda
INFO:src.estimators.masked_ae:[masked-ae] sweep lam=0.774263682681127 epoch 1/25 time=1.10s device=cuda
INFO:src.estimators.masked_ae:[masked-ae] sweep lam=0.774263682681127 epoch 2/25 time=1.05s device=cuda
INFO:src.estimators.masked_ae:[masked-ae] sweep lam=0.774263682681127 epoch 3/25 time=1.27s device=cuda
INFO:src.estimators.masked_ae:[masked-ae] sweep lam=0.774263682681127 epoch 4/25 time=1.26s device=cuda
INFO:src.estimators.masked_ae:[masked-ae] sweep lam=0.774263682681127 epoch 5/25 time=1.11s device=cuda
INFO:src.estimators.masked_ae:[masked-ae] sweep lam=0.774263682681127 epoch 6/25 time=1.21s device=cuda
INFO:src.estimators.masked_ae:[masked-ae] sweep lam=0.774263682681127 epoch 7/25 time=0.99s device=cuda
INFO:src.estimators.masked_ae:[masked-ae] sweep lam=0.774263682681127 epoch 8/25 time=1.26s device=cuda
INFO:src.estimators.masked_ae:[masked-ae] sweep lam=0.774263682681127 epoch 9/25 time=1.13s device=cuda
INFO:src.estimators.masked_ae:[masked-ae] sweep lam=0.774263682681127 epoch 10/25 time=1.05s device=cuda
INFO:src.estimators.masked_ae:[masked-ae] sweep lam=0.774263682681127 epoch 11/25 time=1.05s device=cuda
INFO:src.estimators.masked_ae:[masked-ae] sweep lam=0.774263682681127 epoch 12/25 time=1.05s device=cuda
INFO:src.estimators.masked_ae:[masked-ae] sweep lam=0.774263682681127 epoch 13/25 time=1.15s device=cuda
INFO:src.estimators.masked_ae:[masked-ae] sweep lam=0.774263682681127 epoch 14/25 time=1.12s device=cuda
INFO:src.estimators.masked_ae:[masked-ae] sweep lam=0.774263682681127 epoch 15/25 time=1.23s device=cuda
INFO:src.estimators.masked_ae:[masked-ae] sweep lam=0.774263682681127 epoch 16/25 time=1.08s device=cuda
INFO:src.estimators.masked_ae:[masked-ae] sweep lam=0.774263682681127 epoch 17/25 time=1.01s device=cuda
INFO:src.estimators.masked_ae:[masked-ae] sweep lam=0.774263682681127 epoch 18/25 time=1.21s device=cuda
INFO:src.estimators.masked_ae:[masked-ae] sweep lam=0.774263682681127 epoch 19/25 time=1.04s device=cuda
INFO:src.estimators.masked_ae:[masked-ae] sweep lam=0.774263682681127 epoch 20/25 time=1.21s device=cuda
INFO:src.estimators.masked_ae:[masked-ae] sweep lam=0.774263682681127 epoch 21/25 time=1.15s device=cuda
INFO:src.estimators.masked_ae:[masked-ae] sweep lam=0.774263682681127 epoch 22/25 time=1.06s device=cuda
INFO:src.estimators.masked_ae:[masked-ae] sweep lam=0.774263682681127 epoch 23/25 time=1.14s device=cuda
INFO:src.estimators.masked_ae:[masked-ae] sweep lam=0.774263682681127 epoch 24/25 time=1.20s device=cuda
INFO:src.estimators.masked_ae:[masked-ae] sweep lam=0.774263682681127 epoch 25/25 time=1.12s device=cuda
INFO:src.estimators.masked_ae:[masked-ae] sweep lam=1.291549665014884 epoch 1/25 time=1.09s device=cuda
INFO:src.estimators.masked_ae:[masked-ae] sweep lam=1.291549665014884 epoch 2/25 time=1.06s device=cuda
INFO:src.estimators.masked_ae:[masked-ae] sweep lam=1.291549665014884 epoch 3/25 time=1.12s device=cuda
INFO:src.estimators.masked_ae:[masked-ae] sweep lam=1.291549665014884 epoch 4/25 time=1.09s device=cuda
INFO:src.estimators.masked_ae:[masked-ae] sweep lam=1.291549665014884 epoch 5/25 time=1.27s device=cuda
INFO:src.estimators.masked_ae:[masked-ae] sweep lam=1.291549665014884 epoch 6/25 time=1.20s device=cuda
INFO:src.estimators.masked_ae:[masked-ae] sweep lam=1.291549665014884 epoch 7/25 time=1.13s device=cuda
INFO:src.estimators.masked_ae:[masked-ae] sweep lam=1.291549665014884 epoch 8/25 time=1.29s device=cuda
INFO:src.estimators.masked_ae:[masked-ae] sweep lam=1.291549665014884 epoch 9/25 time=1.11s device=cuda
INFO:src.estimators.masked_ae:[masked-ae] sweep lam=1.291549665014884 epoch 10/25 time=1.11s device=cuda
INFO:src.estimators.masked_ae:[masked-ae] sweep lam=1.291549665014884 epoch 11/25 time=1.03s device=cuda
INFO:src.estimators.masked_ae:[masked-ae] sweep lam=1.291549665014884 epoch 12/25 time=1.31s device=cuda
INFO:src.estimators.masked_ae:[masked-ae] sweep lam=1.291549665014884 epoch 13/25 time=1.33s device=cuda
INFO:src.estimators.masked_ae:[masked-ae] sweep lam=1.291549665014884 epoch 14/25 time=1.11s device=cuda
INFO:src.estimators.masked_ae:[masked-ae] sweep lam=1.291549665014884 epoch 15/25 time=1.15s device=cuda
INFO:src.estimators.masked_ae:[masked-ae] sweep lam=1.291549665014884 epoch 16/25 time=1.08s device=cuda
INFO:src.estimators.masked_ae:[masked-ae] sweep lam=1.291549665014884 epoch 17/25 time=1.18s device=cuda
INFO:src.estimators.masked_ae:[masked-ae] sweep lam=1.291549665014884 epoch 18/25 time=1.09s device=cuda
INFO:src.estimators.masked_ae:[masked-ae] sweep lam=1.291549665014884 epoch 19/25 time=1.13s device=cuda
INFO:src.estimators.masked_ae:[masked-ae] sweep lam=1.291549665014884 epoch 20/25 time=1.23s device=cuda
INFO:src.estimators.masked_ae:[masked-ae] sweep lam=1.291549665014884 epoch 21/25 time=1.05s device=cuda
INFO:src.estimators.masked_ae:[masked-ae] sweep lam=1.291549665014884 epoch 22/25 time=1.14s device=cuda
INFO:src.estimators.masked_ae:[masked-ae] sweep lam=1.291549665014884 epoch 23/25 time=1.31s device=cuda
INFO:src.estimators.masked_ae:[masked-ae] sweep lam=1.291549665014884 epoch 24/25 time=1.20s device=cuda
INFO:src.estimators.masked_ae:[masked-ae] sweep lam=1.291549665014884 epoch 25/25 time=1.02s device=cuda
INFO:src.estimators.masked_ae:[masked-ae] sweep lam=2.1544346900318834 epoch 1/25 time=1.07s device=cuda
INFO:src.estimators.masked_ae:[masked-ae] sweep lam=2.1544346900318834 epoch 2/25 time=1.16s device=cuda
INFO:src.estimators.masked_ae:[masked-ae] sweep lam=2.1544346900318834 epoch 3/25 time=1.08s device=cuda
INFO:src.estimators.masked_ae:[masked-ae] sweep lam=2.1544346900318834 epoch 4/25 time=1.12s device=cuda
INFO:src.estimators.masked_ae:[masked-ae] sweep lam=2.1544346900318834 epoch 5/25 time=1.04s device=cuda
INFO:src.estimators.masked_ae:[masked-ae] sweep lam=2.1544346900318834 epoch 6/25 time=1.11s device=cuda
INFO:src.estimators.masked_ae:[masked-ae] sweep lam=2.1544346900318834 epoch 7/25 time=1.14s device=cuda
INFO:src.estimators.masked_ae:[masked-ae] sweep lam=2.1544346900318834 epoch 8/25 time=1.10s device=cuda
INFO:src.estimators.masked_ae:[masked-ae] sweep lam=2.1544346900318834 epoch 9/25 time=1.18s device=cuda
INFO:src.estimators.masked_ae:[masked-ae] sweep lam=2.1544346900318834 epoch 10/25 time=1.26s device=cuda
INFO:src.estimators.masked_ae:[masked-ae] sweep lam=2.1544346900318834 epoch 11/25 time=1.10s device=cuda
INFO:src.estimators.masked_ae:[masked-ae] sweep lam=2.1544346900318834 epoch 12/25 time=1.14s device=cuda
INFO:src.estimators.masked_ae:[masked-ae] sweep lam=2.1544346900318834 epoch 13/25 time=1.13s device=cuda
INFO:src.estimators.masked_ae:[masked-ae] sweep lam=2.1544346900318834 epoch 14/25 time=1.32s device=cuda
INFO:src.estimators.masked_ae:[masked-ae] sweep lam=2.1544346900318834 epoch 15/25 time=1.08s device=cuda
INFO:src.estimators.masked_ae:[masked-ae] sweep lam=2.1544346900318834 epoch 16/25 time=1.19s device=cuda
INFO:src.estimators.masked_ae:[masked-ae] sweep lam=2.1544346900318834 epoch 17/25 time=1.15s device=cuda
INFO:src.estimators.masked_ae:[masked-ae] sweep lam=2.1544346900318834 epoch 18/25 time=1.14s device=cuda
INFO:src.estimators.masked_ae:[masked-ae] sweep lam=2.1544346900318834 epoch 19/25 time=1.21s device=cuda
INFO:src.estimators.masked_ae:[masked-ae] sweep lam=2.1544346900318834 epoch 20/25 time=1.16s device=cuda
INFO:src.estimators.masked_ae:[masked-ae] sweep lam=2.1544346900318834 epoch 21/25 time=1.19s device=cuda
INFO:src.estimators.masked_ae:[masked-ae] sweep lam=2.1544346900318834 epoch 22/25 time=1.04s device=cuda
INFO:src.estimators.masked_ae:[masked-ae] sweep lam=2.1544346900318834 epoch 23/25 time=1.25s device=cuda
INFO:src.estimators.masked_ae:[masked-ae] sweep lam=2.1544346900318834 epoch 24/25 time=1.13s device=cuda
INFO:src.estimators.masked_ae:[masked-ae] sweep lam=2.1544346900318834 epoch 25/25 time=1.14s device=cuda
INFO:src.estimators.masked_ae:[masked-ae] sweep lam=3.593813663804626 epoch 1/25 time=1.18s device=cuda
INFO:src.estimators.masked_ae:[masked-ae] sweep lam=3.593813663804626 epoch 2/25 time=1.10s device=cuda
INFO:src.estimators.masked_ae:[masked-ae] sweep lam=3.593813663804626 epoch 3/25 time=1.17s device=cuda
INFO:src.estimators.masked_ae:[masked-ae] sweep lam=3.593813663804626 epoch 4/25 time=1.21s device=cuda
INFO:src.estimators.masked_ae:[masked-ae] sweep lam=3.593813663804626 epoch 5/25 time=1.15s device=cuda
INFO:src.estimators.masked_ae:[masked-ae] sweep lam=3.593813663804626 epoch 6/25 time=1.12s device=cuda
INFO:src.estimators.masked_ae:[masked-ae] sweep lam=3.593813663804626 epoch 7/25 time=1.17s device=cuda
INFO:src.estimators.masked_ae:[masked-ae] sweep lam=3.593813663804626 epoch 8/25 time=1.12s device=cuda
INFO:src.estimators.masked_ae:[masked-ae] sweep lam=3.593813663804626 epoch 9/25 time=1.12s device=cuda
INFO:src.estimators.masked_ae:[masked-ae] sweep lam=3.593813663804626 epoch 10/25 time=1.05s device=cuda
INFO:src.estimators.masked_ae:[masked-ae] sweep lam=3.593813663804626 epoch 11/25 time=1.22s device=cuda
INFO:src.estimators.masked_ae:[masked-ae] sweep lam=3.593813663804626 epoch 12/25 time=1.13s device=cuda
INFO:src.estimators.masked_ae:[masked-ae] sweep lam=3.593813663804626 epoch 13/25 time=1.18s device=cuda
INFO:src.estimators.masked_ae:[masked-ae] sweep lam=3.593813663804626 epoch 14/25 time=1.12s device=cuda
INFO:src.estimators.masked_ae:[masked-ae] sweep lam=3.593813663804626 epoch 15/25 time=1.15s device=cuda
INFO:src.estimators.masked_ae:[masked-ae] sweep lam=3.593813663804626 epoch 16/25 time=1.09s device=cuda
INFO:src.estimators.masked_ae:[masked-ae] sweep lam=3.593813663804626 epoch 17/25 time=1.28s device=cuda
INFO:src.estimators.masked_ae:[masked-ae] sweep lam=3.593813663804626 epoch 18/25 time=1.16s device=cuda
INFO:src.estimators.masked_ae:[masked-ae] sweep lam=3.593813663804626 epoch 19/25 time=1.09s device=cuda
INFO:src.estimators.masked_ae:[masked-ae] sweep lam=3.593813663804626 epoch 20/25 time=1.12s device=cuda
INFO:src.estimators.masked_ae:[masked-ae] sweep lam=3.593813663804626 epoch 21/25 time=1.13s device=cuda
INFO:src.estimators.masked_ae:[masked-ae] sweep lam=3.593813663804626 epoch 22/25 time=1.17s device=cuda
INFO:src.estimators.masked_ae:[masked-ae] sweep lam=3.593813663804626 epoch 23/25 time=1.26s device=cuda
INFO:src.estimators.masked_ae:[masked-ae] sweep lam=3.593813663804626 epoch 24/25 time=1.19s device=cuda
INFO:src.estimators.masked_ae:[masked-ae] sweep lam=3.593813663804626 epoch 25/25 time=1.09s device=cuda
INFO:src.estimators.masked_ae:[masked-ae] sweep lam=5.994842503189409 epoch 1/25 time=1.06s device=cuda
INFO:src.estimators.masked_ae:[masked-ae] sweep lam=5.994842503189409 epoch 2/25 time=1.11s device=cuda
INFO:src.estimators.masked_ae:[masked-ae] sweep lam=5.994842503189409 epoch 3/25 time=1.18s device=cuda
INFO:src.estimators.masked_ae:[masked-ae] sweep lam=5.994842503189409 epoch 4/25 time=1.08s device=cuda
INFO:src.estimators.masked_ae:[masked-ae] sweep lam=5.994842503189409 epoch 5/25 time=1.15s device=cuda
INFO:src.estimators.masked_ae:[masked-ae] sweep lam=5.994842503189409 epoch 6/25 time=1.16s device=cuda
INFO:src.estimators.masked_ae:[masked-ae] sweep lam=5.994842503189409 epoch 7/25 time=1.06s device=cuda
INFO:src.estimators.masked_ae:[masked-ae] sweep lam=5.994842503189409 epoch 8/25 time=1.09s device=cuda
INFO:src.estimators.masked_ae:[masked-ae] sweep lam=5.994842503189409 epoch 9/25 time=1.12s device=cuda
INFO:src.estimators.masked_ae:[masked-ae] sweep lam=5.994842503189409 epoch 10/25 time=1.19s device=cuda
INFO:src.estimators.masked_ae:[masked-ae] sweep lam=5.994842503189409 epoch 11/25 time=1.14s device=cuda
INFO:src.estimators.masked_ae:[masked-ae] sweep lam=5.994842503189409 epoch 12/25 time=1.12s device=cuda
INFO:src.estimators.masked_ae:[masked-ae] sweep lam=5.994842503189409 epoch 13/25 time=1.20s device=cuda
INFO:src.estimators.masked_ae:[masked-ae] sweep lam=5.994842503189409 epoch 14/25 time=1.04s device=cuda
INFO:src.estimators.masked_ae:[masked-ae] sweep lam=5.994842503189409 epoch 15/25 time=1.11s device=cuda
INFO:src.estimators.masked_ae:[masked-ae] sweep lam=5.994842503189409 epoch 16/25 time=1.09s device=cuda
INFO:src.estimators.masked_ae:[masked-ae] sweep lam=5.994842503189409 epoch 17/25 time=1.12s device=cuda
INFO:src.estimators.masked_ae:[masked-ae] sweep lam=5.994842503189409 epoch 18/25 time=1.14s device=cuda
INFO:src.estimators.masked_ae:[masked-ae] sweep lam=5.994842503189409 epoch 19/25 time=1.13s device=cuda
INFO:src.estimators.masked_ae:[masked-ae] sweep lam=5.994842503189409 epoch 20/25 time=1.14s device=cuda
INFO:src.estimators.masked_ae:[masked-ae] sweep lam=5.994842503189409 epoch 21/25 time=1.18s device=cuda
INFO:src.estimators.masked_ae:[masked-ae] sweep lam=5.994842503189409 epoch 22/25 time=1.17s device=cuda
INFO:src.estimators.masked_ae:[masked-ae] sweep lam=5.994842503189409 epoch 23/25 time=1.08s device=cuda
INFO:src.estimators.masked_ae:[masked-ae] sweep lam=5.994842503189409 epoch 24/25 time=1.16s device=cuda
INFO:src.estimators.masked_ae:[masked-ae] sweep lam=5.994842503189409 epoch 25/25 time=1.16s device=cuda
INFO:src.estimators.masked_ae:[masked-ae] sweep lam=10.0 epoch 1/25 time=1.05s device=cuda
INFO:src.estimators.masked_ae:[masked-ae] sweep lam=10.0 epoch 2/25 time=1.07s device=cuda
INFO:src.estimators.masked_ae:[masked-ae] sweep lam=10.0 epoch 3/25 time=1.06s device=cuda
INFO:src.estimators.masked_ae:[masked-ae] sweep lam=10.0 epoch 4/25 time=1.14s device=cuda
INFO:src.estimators.masked_ae:[masked-ae] sweep lam=10.0 epoch 5/25 time=1.20s device=cuda
INFO:src.estimators.masked_ae:[masked-ae] sweep lam=10.0 epoch 6/25 time=1.08s device=cuda
INFO:src.estimators.masked_ae:[masked-ae] sweep lam=10.0 epoch 7/25 time=1.13s device=cuda
INFO:src.estimators.masked_ae:[masked-ae] sweep lam=10.0 epoch 8/25 time=1.11s device=cuda
INFO:src.estimators.masked_ae:[masked-ae] sweep lam=10.0 epoch 9/25 time=1.08s device=cuda
INFO:src.estimators.masked_ae:[masked-ae] sweep lam=10.0 epoch 10/25 time=1.16s device=cuda
INFO:src.estimators.masked_ae:[masked-ae] sweep lam=10.0 epoch 11/25 time=1.13s device=cuda
INFO:src.estimators.masked_ae:[masked-ae] sweep lam=10.0 epoch 12/25 time=1.15s device=cuda
INFO:src.estimators.masked_ae:[masked-ae] sweep lam=10.0 epoch 13/25 time=1.13s device=cuda
INFO:src.estimators.masked_ae:[masked-ae] sweep lam=10.0 epoch 14/25 time=1.05s device=cuda
INFO:src.estimators.masked_ae:[masked-ae] sweep lam=10.0 epoch 15/25 time=1.32s device=cuda
INFO:src.estimators.masked_ae:[masked-ae] sweep lam=10.0 epoch 16/25 time=1.10s device=cuda
INFO:src.estimators.masked_ae:[masked-ae] sweep lam=10.0 epoch 17/25 time=1.08s device=cuda
INFO:src.estimators.masked_ae:[masked-ae] sweep lam=10.0 epoch 18/25 time=1.20s device=cuda
INFO:src.estimators.masked_ae:[masked-ae] sweep lam=10.0 epoch 19/25 time=1.16s device=cuda
INFO:src.estimators.masked_ae:[masked-ae] sweep lam=10.0 epoch 20/25 time=1.14s device=cuda
INFO:src.estimators.masked_ae:[masked-ae] sweep lam=10.0 epoch 21/25 time=1.11s device=cuda
INFO:src.estimators.masked_ae:[masked-ae] sweep lam=10.0 epoch 22/25 time=1.04s device=cuda
INFO:src.estimators.masked_ae:[masked-ae] sweep lam=10.0 epoch 23/25 time=1.05s device=cuda
INFO:src.estimators.masked_ae:[masked-ae] sweep lam=10.0 epoch 24/25 time=1.08s device=cuda
INFO:src.estimators.masked_ae:[masked-ae] sweep lam=10.0 epoch 25/25 time=1.26s device=cuda
INFO:src.estimators.masked_ae:[masked-ae] retrain epoch 1/35 time=1.09s device=cuda
INFO:src.estimators.masked_ae:[masked-ae] retrain epoch 2/35 time=1.15s device=cuda
INFO:src.estimators.masked_ae:[masked-ae] retrain epoch 3/35 time=1.12s device=cuda
INFO:src.estimators.masked_ae:[masked-ae] retrain epoch 4/35 time=1.14s device=cuda
INFO:src.estimators.masked_ae:[masked-ae] retrain epoch 5/35 time=1.18s device=cuda
INFO:src.estimators.masked_ae:[masked-ae] retrain epoch 6/35 time=1.14s device=cuda
INFO:src.estimators.masked_ae:[masked-ae] retrain epoch 7/35 time=1.20s device=cuda
INFO:src.estimators.masked_ae:[masked-ae] retrain epoch 8/35 time=1.16s device=cuda
INFO:src.estimators.masked_ae:[masked-ae] retrain epoch 9/35 time=1.11s device=cuda
INFO:src.estimators.masked_ae:[masked-ae] retrain epoch 10/35 time=1.16s device=cuda
INFO:src.estimators.masked_ae:[masked-ae] retrain epoch 11/35 time=1.05s device=cuda
INFO:src.estimators.masked_ae:[masked-ae] retrain epoch 12/35 time=1.12s device=cuda
INFO:src.estimators.masked_ae:[masked-ae] retrain epoch 13/35 time=1.19s device=cuda
INFO:src.estimators.masked_ae:[masked-ae] retrain epoch 14/35 time=1.18s device=cuda
INFO:src.estimators.masked_ae:[masked-ae] retrain epoch 15/35 time=1.32s device=cuda
INFO:src.estimators.masked_ae:[masked-ae] retrain epoch 16/35 time=1.10s device=cuda
INFO:src.estimators.masked_ae:[masked-ae] retrain epoch 17/35 time=1.16s device=cuda
INFO:src.estimators.masked_ae:[masked-ae] retrain epoch 18/35 time=1.04s device=cuda
INFO:src.estimators.masked_ae:[masked-ae] retrain epoch 19/35 time=1.08s device=cuda
INFO:src.estimators.masked_ae:[masked-ae] retrain epoch 20/35 time=1.08s device=cuda
INFO:src.estimators.masked_ae:[masked-ae] retrain epoch 21/35 time=1.20s device=cuda
INFO:src.estimators.masked_ae:[masked-ae] retrain epoch 22/35 time=1.12s device=cuda
INFO:src.estimators.masked_ae:[masked-ae] retrain epoch 23/35 time=1.10s device=cuda
INFO:src.estimators.masked_ae:[masked-ae] retrain epoch 24/35 time=1.37s device=cuda
INFO:src.estimators.masked_ae:[masked-ae] retrain epoch 25/35 time=1.12s device=cuda
INFO:src.estimators.masked_ae:[masked-ae] retrain epoch 26/35 time=1.08s device=cuda
INFO:src.estimators.masked_ae:[masked-ae] retrain epoch 27/35 time=1.20s device=cuda
INFO:src.estimators.masked_ae:[masked-ae] retrain epoch 28/35 time=1.18s device=cuda
INFO:src.estimators.masked_ae:[masked-ae] retrain epoch 29/35 time=1.24s device=cuda
INFO:src.estimators.masked_ae:[masked-ae] retrain epoch 30/35 time=1.31s device=cuda
INFO:src.estimators.masked_ae:[masked-ae] retrain epoch 31/35 time=1.30s device=cuda
INFO:src.estimators.masked_ae:[masked-ae] retrain epoch 32/35 time=1.13s device=cuda
INFO:src.estimators.masked_ae:[masked-ae] retrain epoch 33/35 time=1.32s device=cuda
INFO:src.estimators.masked_ae:[masked-ae] retrain epoch 34/35 time=1.11s device=cuda
INFO:src.estimators.masked_ae:[masked-ae] retrain epoch 35/35 time=1.14s device=cuda
INFO:repair_masked_ae:Group ('mnist', 12, 1.0, 1) repaired: estimate=11.0 elapsed_s=340.10 device=cuda samples=60000 rows=5
INFO:repair_masked_ae:Processing group key=('mnist', 15, 0.0, 1) with 5 rows; example row 730
INFO:src.estimators.masked_ae:[masked-ae] pretrain epoch 1/10 time=1.15s device=cuda
INFO:src.estimators.masked_ae:[masked-ae] pretrain epoch 2/10 time=1.04s device=cuda
INFO:src.estimators.masked_ae:[masked-ae] pretrain epoch 3/10 time=1.10s device=cuda
INFO:src.estimators.masked_ae:[masked-ae] pretrain epoch 4/10 time=1.03s device=cuda
INFO:src.estimators.masked_ae:[masked-ae] pretrain epoch 5/10 time=1.10s device=cuda
INFO:src.estimators.masked_ae:[masked-ae] pretrain epoch 6/10 time=1.03s device=cuda
INFO:src.estimators.masked_ae:[masked-ae] pretrain epoch 7/10 time=1.01s device=cuda
INFO:src.estimators.masked_ae:[masked-ae] pretrain epoch 8/10 time=0.94s device=cuda
INFO:src.estimators.masked_ae:[masked-ae] pretrain epoch 9/10 time=1.03s device=cuda
INFO:src.estimators.masked_ae:[masked-ae] pretrain epoch 10/10 time=1.11s device=cuda
INFO:src.estimators.masked_ae:[masked-ae] sweep lam=0.1 epoch 1/25 time=1.21s device=cuda
INFO:src.estimators.masked_ae:[masked-ae] sweep lam=0.1 epoch 2/25 time=1.15s device=cuda
INFO:src.estimators.masked_ae:[masked-ae] sweep lam=0.1 epoch 3/25 time=1.11s device=cuda
INFO:src.estimators.masked_ae:[masked-ae] sweep lam=0.1 epoch 4/25 time=1.12s device=cuda
INFO:src.estimators.masked_ae:[masked-ae] sweep lam=0.1 epoch 5/25 time=1.14s device=cuda
INFO:src.estimators.masked_ae:[masked-ae] sweep lam=0.1 epoch 6/25 time=1.18s device=cuda
INFO:src.estimators.masked_ae:[masked-ae] sweep lam=0.1 epoch 7/25 time=1.10s device=cuda
INFO:src.estimators.masked_ae:[masked-ae] sweep lam=0.1 epoch 8/25 time=1.12s device=cuda
INFO:src.estimators.masked_ae:[masked-ae] sweep lam=0.1 epoch 9/25 time=1.10s device=cuda
INFO:src.estimators.masked_ae:[masked-ae] sweep lam=0.1 epoch 10/25 time=1.05s device=cuda
INFO:src.estimators.masked_ae:[masked-ae] sweep lam=0.1 epoch 11/25 time=1.07s device=cuda
INFO:src.estimators.masked_ae:[masked-ae] sweep lam=0.1 epoch 12/25 time=1.23s device=cuda
INFO:src.estimators.masked_ae:[masked-ae] sweep lam=0.1 epoch 13/25 time=1.12s device=cuda
INFO:src.estimators.masked_ae:[masked-ae] sweep lam=0.1 epoch 14/25 time=1.16s device=cuda
INFO:src.estimators.masked_ae:[masked-ae] sweep lam=0.1 epoch 15/25 time=1.12s device=cuda
INFO:src.estimators.masked_ae:[masked-ae] sweep lam=0.1 epoch 16/25 time=1.30s device=cuda
INFO:src.estimators.masked_ae:[masked-ae] sweep lam=0.1 epoch 17/25 time=1.27s device=cuda
INFO:src.estimators.masked_ae:[masked-ae] sweep lam=0.1 epoch 18/25 time=1.23s device=cuda
INFO:src.estimators.masked_ae:[masked-ae] sweep lam=0.1 epoch 19/25 time=1.08s device=cuda
INFO:src.estimators.masked_ae:[masked-ae] sweep lam=0.1 epoch 20/25 time=1.15s device=cuda
INFO:src.estimators.masked_ae:[masked-ae] sweep lam=0.1 epoch 21/25 time=1.12s device=cuda
INFO:src.estimators.masked_ae:[masked-ae] sweep lam=0.1 epoch 22/25 time=1.10s device=cuda
INFO:src.estimators.masked_ae:[masked-ae] sweep lam=0.1 epoch 23/25 time=1.17s device=cuda
INFO:src.estimators.masked_ae:[masked-ae] sweep lam=0.1 epoch 24/25 time=1.24s device=cuda
INFO:src.estimators.masked_ae:[masked-ae] sweep lam=0.1 epoch 25/25 time=1.11s device=cuda
INFO:src.estimators.masked_ae:[masked-ae] sweep lam=0.16681005372000587 epoch 1/25 time=1.13s device=cuda
INFO:src.estimators.masked_ae:[masked-ae] sweep lam=0.16681005372000587 epoch 2/25 time=1.18s device=cuda
INFO:src.estimators.masked_ae:[masked-ae] sweep lam=0.16681005372000587 epoch 3/25 time=1.09s device=cuda
INFO:src.estimators.masked_ae:[masked-ae] sweep lam=0.16681005372000587 epoch 4/25 time=1.15s device=cuda
INFO:src.estimators.masked_ae:[masked-ae] sweep lam=0.16681005372000587 epoch 5/25 time=1.17s device=cuda
INFO:src.estimators.masked_ae:[masked-ae] sweep lam=0.16681005372000587 epoch 6/25 time=1.15s device=cuda
INFO:src.estimators.masked_ae:[masked-ae] sweep lam=0.16681005372000587 epoch 7/25 time=1.23s device=cuda
INFO:src.estimators.masked_ae:[masked-ae] sweep lam=0.16681005372000587 epoch 8/25 time=1.13s device=cuda
INFO:src.estimators.masked_ae:[masked-ae] sweep lam=0.16681005372000587 epoch 9/25 time=1.10s device=cuda
INFO:src.estimators.masked_ae:[masked-ae] sweep lam=0.16681005372000587 epoch 10/25 time=1.13s device=cuda
INFO:src.estimators.masked_ae:[masked-ae] sweep lam=0.16681005372000587 epoch 11/25 time=1.18s device=cuda
INFO:src.estimators.masked_ae:[masked-ae] sweep lam=0.16681005372000587 epoch 12/25 time=1.09s device=cuda
INFO:src.estimators.masked_ae:[masked-ae] sweep lam=0.16681005372000587 epoch 13/25 time=1.08s device=cuda
INFO:src.estimators.masked_ae:[masked-ae] sweep lam=0.16681005372000587 epoch 14/25 time=1.19s device=cuda
INFO:src.estimators.masked_ae:[masked-ae] sweep lam=0.16681005372000587 epoch 15/25 time=1.21s device=cuda
INFO:src.estimators.masked_ae:[masked-ae] sweep lam=0.16681005372000587 epoch 16/25 time=1.20s device=cuda
INFO:src.estimators.masked_ae:[masked-ae] sweep lam=0.16681005372000587 epoch 17/25 time=1.13s device=cuda
INFO:src.estimators.masked_ae:[masked-ae] sweep lam=0.16681005372000587 epoch 18/25 time=1.17s device=cuda
INFO:src.estimators.masked_ae:[masked-ae] sweep lam=0.16681005372000587 epoch 19/25 time=1.12s device=cuda
INFO:src.estimators.masked_ae:[masked-ae] sweep lam=0.16681005372000587 epoch 20/25 time=1.16s device=cuda
INFO:src.estimators.masked_ae:[masked-ae] sweep lam=0.16681005372000587 epoch 21/25 time=1.04s device=cuda
INFO:src.estimators.masked_ae:[masked-ae] sweep lam=0.16681005372000587 epoch 22/25 time=1.06s device=cuda
INFO:src.estimators.masked_ae:[masked-ae] sweep lam=0.16681005372000587 epoch 23/25 time=1.13s device=cuda
INFO:src.estimators.masked_ae:[masked-ae] sweep lam=0.16681005372000587 epoch 24/25 time=1.09s device=cuda
INFO:src.estimators.masked_ae:[masked-ae] sweep lam=0.16681005372000587 epoch 25/25 time=1.21s device=cuda
INFO:src.estimators.masked_ae:[masked-ae] sweep lam=0.2782559402207124 epoch 1/25 time=1.16s device=cuda
INFO:src.estimators.masked_ae:[masked-ae] sweep lam=0.2782559402207124 epoch 2/25 time=1.18s device=cuda
INFO:src.estimators.masked_ae:[masked-ae] sweep lam=0.2782559402207124 epoch 3/25 time=1.09s device=cuda
INFO:src.estimators.masked_ae:[masked-ae] sweep lam=0.2782559402207124 epoch 4/25 time=1.22s device=cuda
INFO:src.estimators.masked_ae:[masked-ae] sweep lam=0.2782559402207124 epoch 5/25 time=1.08s device=cuda
INFO:src.estimators.masked_ae:[masked-ae] sweep lam=0.2782559402207124 epoch 6/25 time=1.07s device=cuda
INFO:src.estimators.masked_ae:[masked-ae] sweep lam=0.2782559402207124 epoch 7/25 time=1.08s device=cuda
INFO:src.estimators.masked_ae:[masked-ae] sweep lam=0.2782559402207124 epoch 8/25 time=1.25s device=cuda
INFO:src.estimators.masked_ae:[masked-ae] sweep lam=0.2782559402207124 epoch 9/25 time=1.15s device=cuda
INFO:src.estimators.masked_ae:[masked-ae] sweep lam=0.2782559402207124 epoch 10/25 time=1.07s device=cuda
INFO:src.estimators.masked_ae:[masked-ae] sweep lam=0.2782559402207124 epoch 11/25 time=1.05s device=cuda
INFO:src.estimators.masked_ae:[masked-ae] sweep lam=0.2782559402207124 epoch 12/25 time=1.31s device=cuda
INFO:src.estimators.masked_ae:[masked-ae] sweep lam=0.2782559402207124 epoch 13/25 time=1.18s device=cuda
INFO:src.estimators.masked_ae:[masked-ae] sweep lam=0.2782559402207124 epoch 14/25 time=1.10s device=cuda
INFO:src.estimators.masked_ae:[masked-ae] sweep lam=0.2782559402207124 epoch 15/25 time=1.12s device=cuda
INFO:src.estimators.masked_ae:[masked-ae] sweep lam=0.2782559402207124 epoch 16/25 time=1.19s device=cuda
INFO:src.estimators.masked_ae:[masked-ae] sweep lam=0.2782559402207124 epoch 17/25 time=1.22s device=cuda
INFO:src.estimators.masked_ae:[masked-ae] sweep lam=0.2782559402207124 epoch 18/25 time=1.09s device=cuda
INFO:src.estimators.masked_ae:[masked-ae] sweep lam=0.2782559402207124 epoch 19/25 time=1.06s device=cuda
INFO:src.estimators.masked_ae:[masked-ae] sweep lam=0.2782559402207124 epoch 20/25 time=1.13s device=cuda
INFO:src.estimators.masked_ae:[masked-ae] sweep lam=0.2782559402207124 epoch 21/25 time=1.13s device=cuda
INFO:src.estimators.masked_ae:[masked-ae] sweep lam=0.2782559402207124 epoch 22/25 time=1.17s device=cuda
INFO:src.estimators.masked_ae:[masked-ae] sweep lam=0.2782559402207124 epoch 23/25 time=1.12s device=cuda
INFO:src.estimators.masked_ae:[masked-ae] sweep lam=0.2782559402207124 epoch 24/25 time=1.15s device=cuda
INFO:src.estimators.masked_ae:[masked-ae] sweep lam=0.2782559402207124 epoch 25/25 time=1.15s device=cuda
INFO:src.estimators.masked_ae:[masked-ae] sweep lam=0.46415888336127786 epoch 1/25 time=1.22s device=cuda
INFO:src.estimators.masked_ae:[masked-ae] sweep lam=0.46415888336127786 epoch 2/25 time=1.36s device=cuda
INFO:src.estimators.masked_ae:[masked-ae] sweep lam=0.46415888336127786 epoch 3/25 time=1.10s device=cuda
INFO:src.estimators.masked_ae:[masked-ae] sweep lam=0.46415888336127786 epoch 4/25 time=1.09s device=cuda
INFO:src.estimators.masked_ae:[masked-ae] sweep lam=0.46415888336127786 epoch 5/25 time=1.13s device=cuda
INFO:src.estimators.masked_ae:[masked-ae] sweep lam=0.46415888336127786 epoch 6/25 time=1.20s device=cuda
INFO:src.estimators.masked_ae:[masked-ae] sweep lam=0.46415888336127786 epoch 7/25 time=1.22s device=cuda
INFO:src.estimators.masked_ae:[masked-ae] sweep lam=0.46415888336127786 epoch 8/25 time=1.17s device=cuda
INFO:src.estimators.masked_ae:[masked-ae] sweep lam=0.46415888336127786 epoch 9/25 time=1.20s device=cuda
INFO:src.estimators.masked_ae:[masked-ae] sweep lam=0.46415888336127786 epoch 10/25 time=1.11s device=cuda
INFO:src.estimators.masked_ae:[masked-ae] sweep lam=0.46415888336127786 epoch 11/25 time=1.14s device=cuda
INFO:src.estimators.masked_ae:[masked-ae] sweep lam=0.46415888336127786 epoch 12/25 time=1.15s device=cuda
INFO:src.estimators.masked_ae:[masked-ae] sweep lam=0.46415888336127786 epoch 13/25 time=1.13s device=cuda
INFO:src.estimators.masked_ae:[masked-ae] sweep lam=0.46415888336127786 epoch 14/25 time=1.17s device=cuda
INFO:src.estimators.masked_ae:[masked-ae] sweep lam=0.46415888336127786 epoch 15/25 time=1.25s device=cuda
INFO:src.estimators.masked_ae:[masked-ae] sweep lam=0.46415888336127786 epoch 16/25 time=1.12s device=cuda
INFO:src.estimators.masked_ae:[masked-ae] sweep lam=0.46415888336127786 epoch 17/25 time=1.10s device=cuda
INFO:src.estimators.masked_ae:[masked-ae] sweep lam=0.46415888336127786 epoch 18/25 time=1.08s device=cuda
INFO:src.estimators.masked_ae:[masked-ae] sweep lam=0.46415888336127786 epoch 19/25 time=1.21s device=cuda
INFO:src.estimators.masked_ae:[masked-ae] sweep lam=0.46415888336127786 epoch 20/25 time=1.14s device=cuda
INFO:src.estimators.masked_ae:[masked-ae] sweep lam=0.46415888336127786 epoch 21/25 time=1.17s device=cuda
INFO:src.estimators.masked_ae:[masked-ae] sweep lam=0.46415888336127786 epoch 22/25 time=1.13s device=cuda
INFO:src.estimators.masked_ae:[masked-ae] sweep lam=0.46415888336127786 epoch 23/25 time=1.07s device=cuda
INFO:src.estimators.masked_ae:[masked-ae] sweep lam=0.46415888336127786 epoch 24/25 time=1.17s device=cuda
INFO:src.estimators.masked_ae:[masked-ae] sweep lam=0.46415888336127786 epoch 25/25 time=1.23s device=cuda
INFO:src.estimators.masked_ae:[masked-ae] sweep lam=0.774263682681127 epoch 1/25 time=1.15s device=cuda
INFO:src.estimators.masked_ae:[masked-ae] sweep lam=0.774263682681127 epoch 2/25 time=1.15s device=cuda
INFO:src.estimators.masked_ae:[masked-ae] sweep lam=0.774263682681127 epoch 3/25 time=1.08s device=cuda
INFO:src.estimators.masked_ae:[masked-ae] sweep lam=0.774263682681127 epoch 4/25 time=1.09s device=cuda
INFO:src.estimators.masked_ae:[masked-ae] sweep lam=0.774263682681127 epoch 5/25 time=1.21s device=cuda
INFO:src.estimators.masked_ae:[masked-ae] sweep lam=0.774263682681127 epoch 6/25 time=1.04s device=cuda
INFO:src.estimators.masked_ae:[masked-ae] sweep lam=0.774263682681127 epoch 7/25 time=1.14s device=cuda
INFO:src.estimators.masked_ae:[masked-ae] sweep lam=0.774263682681127 epoch 8/25 time=1.13s device=cuda
INFO:src.estimators.masked_ae:[masked-ae] sweep lam=0.774263682681127 epoch 9/25 time=1.18s device=cuda
INFO:src.estimators.masked_ae:[masked-ae] sweep lam=0.774263682681127 epoch 10/25 time=1.12s device=cuda
INFO:src.estimators.masked_ae:[masked-ae] sweep lam=0.774263682681127 epoch 11/25 time=1.16s device=cuda
INFO:src.estimators.masked_ae:[masked-ae] sweep lam=0.774263682681127 epoch 12/25 time=1.09s device=cuda
INFO:src.estimators.masked_ae:[masked-ae] sweep lam=0.774263682681127 epoch 13/25 time=1.14s device=cuda
INFO:src.estimators.masked_ae:[masked-ae] sweep lam=0.774263682681127 epoch 14/25 time=1.23s device=cuda
INFO:src.estimators.masked_ae:[masked-ae] sweep lam=0.774263682681127 epoch 15/25 time=1.08s device=cuda
INFO:src.estimators.masked_ae:[masked-ae] sweep lam=0.774263682681127 epoch 16/25 time=1.17s device=cuda
INFO:src.estimators.masked_ae:[masked-ae] sweep lam=0.774263682681127 epoch 17/25 time=1.14s device=cuda
INFO:src.estimators.masked_ae:[masked-ae] sweep lam=0.774263682681127 epoch 18/25 time=1.17s device=cuda
INFO:src.estimators.masked_ae:[masked-ae] sweep lam=0.774263682681127 epoch 19/25 time=1.27s device=cuda
INFO:src.estimators.masked_ae:[masked-ae] sweep lam=0.774263682681127 epoch 20/25 time=1.29s device=cuda
INFO:src.estimators.masked_ae:[masked-ae] sweep lam=0.774263682681127 epoch 21/25 time=1.24s device=cuda
INFO:src.estimators.masked_ae:[masked-ae] sweep lam=0.774263682681127 epoch 22/25 time=1.11s device=cuda
INFO:src.estimators.masked_ae:[masked-ae] sweep lam=0.774263682681127 epoch 23/25 time=1.28s device=cuda
INFO:src.estimators.masked_ae:[masked-ae] sweep lam=0.774263682681127 epoch 24/25 time=1.19s device=cuda
INFO:src.estimators.masked_ae:[masked-ae] sweep lam=0.774263682681127 epoch 25/25 time=1.20s device=cuda
INFO:src.estimators.masked_ae:[masked-ae] sweep lam=1.291549665014884 epoch 1/25 time=1.10s device=cuda
INFO:src.estimators.masked_ae:[masked-ae] sweep lam=1.291549665014884 epoch 2/25 time=1.06s device=cuda
INFO:src.estimators.masked_ae:[masked-ae] sweep lam=1.291549665014884 epoch 3/25 time=1.24s device=cuda
INFO:src.estimators.masked_ae:[masked-ae] sweep lam=1.291549665014884 epoch 4/25 time=1.20s device=cuda
INFO:src.estimators.masked_ae:[masked-ae] sweep lam=1.291549665014884 epoch 5/25 time=1.01s device=cuda
INFO:src.estimators.masked_ae:[masked-ae] sweep lam=1.291549665014884 epoch 6/25 time=1.19s device=cuda
INFO:src.estimators.masked_ae:[masked-ae] sweep lam=1.291549665014884 epoch 7/25 time=1.16s device=cuda
INFO:src.estimators.masked_ae:[masked-ae] sweep lam=1.291549665014884 epoch 8/25 time=1.14s device=cuda
INFO:src.estimators.masked_ae:[masked-ae] sweep lam=1.291549665014884 epoch 9/25 time=1.11s device=cuda
INFO:src.estimators.masked_ae:[masked-ae] sweep lam=1.291549665014884 epoch 10/25 time=1.00s device=cuda
INFO:src.estimators.masked_ae:[masked-ae] sweep lam=1.291549665014884 epoch 11/25 time=1.05s device=cuda
INFO:src.estimators.masked_ae:[masked-ae] sweep lam=1.291549665014884 epoch 12/25 time=1.10s device=cuda
INFO:src.estimators.masked_ae:[masked-ae] sweep lam=1.291549665014884 epoch 13/25 time=1.50s device=cuda
INFO:src.estimators.masked_ae:[masked-ae] sweep lam=1.291549665014884 epoch 14/25 time=1.10s device=cuda
INFO:src.estimators.masked_ae:[masked-ae] sweep lam=1.291549665014884 epoch 15/25 time=1.07s device=cuda
INFO:src.estimators.masked_ae:[masked-ae] sweep lam=1.291549665014884 epoch 16/25 time=1.19s device=cuda
INFO:src.estimators.masked_ae:[masked-ae] sweep lam=1.291549665014884 epoch 17/25 time=1.14s device=cuda
INFO:src.estimators.masked_ae:[masked-ae] sweep lam=1.291549665014884 epoch 18/25 time=1.07s device=cuda
INFO:src.estimators.masked_ae:[masked-ae] sweep lam=1.291549665014884 epoch 19/25 time=1.11s device=cuda
INFO:src.estimators.masked_ae:[masked-ae] sweep lam=1.291549665014884 epoch 20/25 time=1.09s device=cuda
INFO:src.estimators.masked_ae:[masked-ae] sweep lam=1.291549665014884 epoch 21/25 time=1.15s device=cuda
INFO:src.estimators.masked_ae:[masked-ae] sweep lam=1.291549665014884 epoch 22/25 time=1.07s device=cuda
INFO:src.estimators.masked_ae:[masked-ae] sweep lam=1.291549665014884 epoch 23/25 time=1.24s device=cuda
INFO:src.estimators.masked_ae:[masked-ae] sweep lam=1.291549665014884 epoch 24/25 time=1.10s device=cuda
INFO:src.estimators.masked_ae:[masked-ae] sweep lam=1.291549665014884 epoch 25/25 time=1.07s device=cuda
INFO:src.estimators.masked_ae:[masked-ae] sweep lam=2.1544346900318834 epoch 1/25 time=1.14s device=cuda
INFO:src.estimators.masked_ae:[masked-ae] sweep lam=2.1544346900318834 epoch 2/25 time=1.16s device=cuda
INFO:src.estimators.masked_ae:[masked-ae] sweep lam=2.1544346900318834 epoch 3/25 time=1.11s device=cuda
INFO:src.estimators.masked_ae:[masked-ae] sweep lam=2.1544346900318834 epoch 4/25 time=1.12s device=cuda
INFO:src.estimators.masked_ae:[masked-ae] sweep lam=2.1544346900318834 epoch 5/25 time=1.16s device=cuda
INFO:src.estimators.masked_ae:[masked-ae] sweep lam=2.1544346900318834 epoch 6/25 time=1.21s device=cuda
INFO:src.estimators.masked_ae:[masked-ae] sweep lam=2.1544346900318834 epoch 7/25 time=1.08s device=cuda
INFO:src.estimators.masked_ae:[masked-ae] sweep lam=2.1544346900318834 epoch 8/25 time=1.12s device=cuda
INFO:src.estimators.masked_ae:[masked-ae] sweep lam=2.1544346900318834 epoch 9/25 time=1.13s device=cuda
INFO:src.estimators.masked_ae:[masked-ae] sweep lam=2.1544346900318834 epoch 10/25 time=1.26s device=cuda
INFO:src.estimators.masked_ae:[masked-ae] sweep lam=2.1544346900318834 epoch 11/25 time=1.15s device=cuda
INFO:src.estimators.masked_ae:[masked-ae] sweep lam=2.1544346900318834 epoch 12/25 time=1.07s device=cuda
INFO:src.estimators.masked_ae:[masked-ae] sweep lam=2.1544346900318834 epoch 13/25 time=1.09s device=cuda
INFO:src.estimators.masked_ae:[masked-ae] sweep lam=2.1544346900318834 epoch 14/25 time=1.06s device=cuda
INFO:src.estimators.masked_ae:[masked-ae] sweep lam=2.1544346900318834 epoch 15/25 time=1.08s device=cuda
INFO:src.estimators.masked_ae:[masked-ae] sweep lam=2.1544346900318834 epoch 16/25 time=1.13s device=cuda
INFO:src.estimators.masked_ae:[masked-ae] sweep lam=2.1544346900318834 epoch 17/25 time=1.13s device=cuda
INFO:src.estimators.masked_ae:[masked-ae] sweep lam=2.1544346900318834 epoch 18/25 time=1.15s device=cuda
INFO:src.estimators.masked_ae:[masked-ae] sweep lam=2.1544346900318834 epoch 19/25 time=1.20s device=cuda
INFO:src.estimators.masked_ae:[masked-ae] sweep lam=2.1544346900318834 epoch 20/25 time=1.07s device=cuda
INFO:src.estimators.masked_ae:[masked-ae] sweep lam=2.1544346900318834 epoch 21/25 time=1.07s device=cuda
INFO:src.estimators.masked_ae:[masked-ae] sweep lam=2.1544346900318834 epoch 22/25 time=1.14s device=cuda
INFO:src.estimators.masked_ae:[masked-ae] sweep lam=2.1544346900318834 epoch 23/25 time=1.18s device=cuda
INFO:src.estimators.masked_ae:[masked-ae] sweep lam=2.1544346900318834 epoch 24/25 time=1.02s device=cuda
INFO:src.estimators.masked_ae:[masked-ae] sweep lam=2.1544346900318834 epoch 25/25 time=1.14s device=cuda
INFO:src.estimators.masked_ae:[masked-ae] sweep lam=3.593813663804626 epoch 1/25 time=1.16s device=cuda
INFO:src.estimators.masked_ae:[masked-ae] sweep lam=3.593813663804626 epoch 2/25 time=1.15s device=cuda
INFO:src.estimators.masked_ae:[masked-ae] sweep lam=3.593813663804626 epoch 3/25 time=1.10s device=cuda
INFO:src.estimators.masked_ae:[masked-ae] sweep lam=3.593813663804626 epoch 4/25 time=1.18s device=cuda
INFO:src.estimators.masked_ae:[masked-ae] sweep lam=3.593813663804626 epoch 5/25 time=1.10s device=cuda
INFO:src.estimators.masked_ae:[masked-ae] sweep lam=3.593813663804626 epoch 6/25 time=1.06s device=cuda
INFO:src.estimators.masked_ae:[masked-ae] sweep lam=3.593813663804626 epoch 7/25 time=1.13s device=cuda
INFO:src.estimators.masked_ae:[masked-ae] sweep lam=3.593813663804626 epoch 8/25 time=1.16s device=cuda
INFO:src.estimators.masked_ae:[masked-ae] sweep lam=3.593813663804626 epoch 9/25 time=1.22s device=cuda
INFO:src.estimators.masked_ae:[masked-ae] sweep lam=3.593813663804626 epoch 10/25 time=1.18s device=cuda
INFO:src.estimators.masked_ae:[masked-ae] sweep lam=3.593813663804626 epoch 11/25 time=1.25s device=cuda
INFO:src.estimators.masked_ae:[masked-ae] sweep lam=3.593813663804626 epoch 12/25 time=1.11s device=cuda
INFO:src.estimators.masked_ae:[masked-ae] sweep lam=3.593813663804626 epoch 13/25 time=1.13s device=cuda
INFO:src.estimators.masked_ae:[masked-ae] sweep lam=3.593813663804626 epoch 14/25 time=1.06s device=cuda
INFO:src.estimators.masked_ae:[masked-ae] sweep lam=3.593813663804626 epoch 15/25 time=1.21s device=cuda
INFO:src.estimators.masked_ae:[masked-ae] sweep lam=3.593813663804626 epoch 16/25 time=1.20s device=cuda
INFO:src.estimators.masked_ae:[masked-ae] sweep lam=3.593813663804626 epoch 17/25 time=1.12s device=cuda
INFO:src.estimators.masked_ae:[masked-ae] sweep lam=3.593813663804626 epoch 18/25 time=1.28s device=cuda
INFO:src.estimators.masked_ae:[masked-ae] sweep lam=3.593813663804626 epoch 19/25 time=1.22s device=cuda
INFO:src.estimators.masked_ae:[masked-ae] sweep lam=3.593813663804626 epoch 20/25 time=1.12s device=cuda
INFO:src.estimators.masked_ae:[masked-ae] sweep lam=3.593813663804626 epoch 21/25 time=1.13s device=cuda
INFO:src.estimators.masked_ae:[masked-ae] sweep lam=3.593813663804626 epoch 22/25 time=1.21s device=cuda
INFO:src.estimators.masked_ae:[masked-ae] sweep lam=3.593813663804626 epoch 23/25 time=1.04s device=cuda
INFO:src.estimators.masked_ae:[masked-ae] sweep lam=3.593813663804626 epoch 24/25 time=1.13s device=cuda
INFO:src.estimators.masked_ae:[masked-ae] sweep lam=3.593813663804626 epoch 25/25 time=1.05s device=cuda
INFO:src.estimators.masked_ae:[masked-ae] sweep lam=5.994842503189409 epoch 1/25 time=1.21s device=cuda
INFO:src.estimators.masked_ae:[masked-ae] sweep lam=5.994842503189409 epoch 2/25 time=1.12s device=cuda
INFO:src.estimators.masked_ae:[masked-ae] sweep lam=5.994842503189409 epoch 3/25 time=1.10s device=cuda
INFO:src.estimators.masked_ae:[masked-ae] sweep lam=5.994842503189409 epoch 4/25 time=1.13s device=cuda
INFO:src.estimators.masked_ae:[masked-ae] sweep lam=5.994842503189409 epoch 5/25 time=1.06s device=cuda
INFO:src.estimators.masked_ae:[masked-ae] sweep lam=5.994842503189409 epoch 6/25 time=1.12s device=cuda
INFO:src.estimators.masked_ae:[masked-ae] sweep lam=5.994842503189409 epoch 7/25 time=1.23s device=cuda
INFO:src.estimators.masked_ae:[masked-ae] sweep lam=5.994842503189409 epoch 8/25 time=1.19s device=cuda
INFO:src.estimators.masked_ae:[masked-ae] sweep lam=5.994842503189409 epoch 9/25 time=1.24s device=cuda
INFO:src.estimators.masked_ae:[masked-ae] sweep lam=5.994842503189409 epoch 10/25 time=1.10s device=cuda
INFO:src.estimators.masked_ae:[masked-ae] sweep lam=5.994842503189409 epoch 11/25 time=1.20s device=cuda
INFO:src.estimators.masked_ae:[masked-ae] sweep lam=5.994842503189409 epoch 12/25 time=1.33s device=cuda
INFO:src.estimators.masked_ae:[masked-ae] sweep lam=5.994842503189409 epoch 13/25 time=1.25s device=cuda
INFO:src.estimators.masked_ae:[masked-ae] sweep lam=5.994842503189409 epoch 14/25 time=1.23s device=cuda
INFO:src.estimators.masked_ae:[masked-ae] sweep lam=5.994842503189409 epoch 15/25 time=1.18s device=cuda
INFO:src.estimators.masked_ae:[masked-ae] sweep lam=5.994842503189409 epoch 16/25 time=1.11s device=cuda
INFO:src.estimators.masked_ae:[masked-ae] sweep lam=5.994842503189409 epoch 17/25 time=1.19s device=cuda
INFO:src.estimators.masked_ae:[masked-ae] sweep lam=5.994842503189409 epoch 18/25 time=1.11s device=cuda
INFO:src.estimators.masked_ae:[masked-ae] sweep lam=5.994842503189409 epoch 19/25 time=1.12s device=cuda
INFO:src.estimators.masked_ae:[masked-ae] sweep lam=5.994842503189409 epoch 20/25 time=1.20s device=cuda
INFO:src.estimators.masked_ae:[masked-ae] sweep lam=5.994842503189409 epoch 21/25 time=1.11s device=cuda
INFO:src.estimators.masked_ae:[masked-ae] sweep lam=5.994842503189409 epoch 22/25 time=1.12s device=cuda
INFO:src.estimators.masked_ae:[masked-ae] sweep lam=5.994842503189409 epoch 23/25 time=1.12s device=cuda
INFO:src.estimators.masked_ae:[masked-ae] sweep lam=5.994842503189409 epoch 24/25 time=1.49s device=cuda
INFO:src.estimators.masked_ae:[masked-ae] sweep lam=5.994842503189409 epoch 25/25 time=1.04s device=cuda
INFO:src.estimators.masked_ae:[masked-ae] sweep lam=10.0 epoch 1/25 time=1.22s device=cuda
INFO:src.estimators.masked_ae:[masked-ae] sweep lam=10.0 epoch 2/25 time=1.14s device=cuda
INFO:src.estimators.masked_ae:[masked-ae] sweep lam=10.0 epoch 3/25 time=1.28s device=cuda
INFO:src.estimators.masked_ae:[masked-ae] sweep lam=10.0 epoch 4/25 time=1.19s device=cuda
INFO:src.estimators.masked_ae:[masked-ae] sweep lam=10.0 epoch 5/25 time=1.14s device=cuda
INFO:src.estimators.masked_ae:[masked-ae] sweep lam=10.0 epoch 6/25 time=1.23s device=cuda
INFO:src.estimators.masked_ae:[masked-ae] sweep lam=10.0 epoch 7/25 time=1.25s device=cuda
INFO:src.estimators.masked_ae:[masked-ae] sweep lam=10.0 epoch 8/25 time=1.23s device=cuda
INFO:src.estimators.masked_ae:[masked-ae] sweep lam=10.0 epoch 9/25 time=1.12s device=cuda
INFO:src.estimators.masked_ae:[masked-ae] sweep lam=10.0 epoch 10/25 time=1.07s device=cuda
INFO:src.estimators.masked_ae:[masked-ae] sweep lam=10.0 epoch 11/25 time=1.14s device=cuda
INFO:src.estimators.masked_ae:[masked-ae] sweep lam=10.0 epoch 12/25 time=1.24s device=cuda
INFO:src.estimators.masked_ae:[masked-ae] sweep lam=10.0 epoch 13/25 time=1.12s device=cuda
INFO:src.estimators.masked_ae:[masked-ae] sweep lam=10.0 epoch 14/25 time=1.17s device=cuda
INFO:src.estimators.masked_ae:[masked-ae] sweep lam=10.0 epoch 15/25 time=0.99s device=cuda
INFO:src.estimators.masked_ae:[masked-ae] sweep lam=10.0 epoch 16/25 time=1.10s device=cuda
INFO:src.estimators.masked_ae:[masked-ae] sweep lam=10.0 epoch 17/25 time=1.08s device=cuda
INFO:src.estimators.masked_ae:[masked-ae] sweep lam=10.0 epoch 18/25 time=1.16s device=cuda
INFO:src.estimators.masked_ae:[masked-ae] sweep lam=10.0 epoch 19/25 time=1.14s device=cuda
INFO:src.estimators.masked_ae:[masked-ae] sweep lam=10.0 epoch 20/25 time=1.07s device=cuda
INFO:src.estimators.masked_ae:[masked-ae] sweep lam=10.0 epoch 21/25 time=1.36s device=cuda
INFO:src.estimators.masked_ae:[masked-ae] sweep lam=10.0 epoch 22/25 time=1.10s device=cuda
INFO:src.estimators.masked_ae:[masked-ae] sweep lam=10.0 epoch 23/25 time=1.09s device=cuda
INFO:src.estimators.masked_ae:[masked-ae] sweep lam=10.0 epoch 24/25 time=1.11s device=cuda
INFO:src.estimators.masked_ae:[masked-ae] sweep lam=10.0 epoch 25/25 time=1.04s device=cuda
INFO:src.estimators.masked_ae:[masked-ae] retrain epoch 1/35 time=1.06s device=cuda
INFO:src.estimators.masked_ae:[masked-ae] retrain epoch 2/35 time=1.13s device=cuda
INFO:src.estimators.masked_ae:[masked-ae] retrain epoch 3/35 time=1.24s device=cuda
INFO:src.estimators.masked_ae:[masked-ae] retrain epoch 4/35 time=1.08s device=cuda
INFO:src.estimators.masked_ae:[masked-ae] retrain epoch 5/35 time=1.13s device=cuda
INFO:src.estimators.masked_ae:[masked-ae] retrain epoch 6/35 time=1.15s device=cuda
INFO:src.estimators.masked_ae:[masked-ae] retrain epoch 7/35 time=1.05s device=cuda
INFO:src.estimators.masked_ae:[masked-ae] retrain epoch 8/35 time=1.12s device=cuda
INFO:src.estimators.masked_ae:[masked-ae] retrain epoch 9/35 time=1.11s device=cuda
INFO:src.estimators.masked_ae:[masked-ae] retrain epoch 10/35 time=1.07s device=cuda
INFO:src.estimators.masked_ae:[masked-ae] retrain epoch 11/35 time=1.16s device=cuda
INFO:src.estimators.masked_ae:[masked-ae] retrain epoch 12/35 time=1.30s device=cuda
INFO:src.estimators.masked_ae:[masked-ae] retrain epoch 13/35 time=1.05s device=cuda
INFO:src.estimators.masked_ae:[masked-ae] retrain epoch 14/35 time=1.09s device=cuda
INFO:src.estimators.masked_ae:[masked-ae] retrain epoch 15/35 time=1.14s device=cuda
INFO:src.estimators.masked_ae:[masked-ae] retrain epoch 16/35 time=1.12s device=cuda
INFO:src.estimators.masked_ae:[masked-ae] retrain epoch 17/35 time=1.10s device=cuda
INFO:src.estimators.masked_ae:[masked-ae] retrain epoch 18/35 time=1.13s device=cuda
INFO:src.estimators.masked_ae:[masked-ae] retrain epoch 19/35 time=1.30s device=cuda
INFO:src.estimators.masked_ae:[masked-ae] retrain epoch 20/35 time=1.46s device=cuda
INFO:src.estimators.masked_ae:[masked-ae] retrain epoch 21/35 time=1.10s device=cuda
INFO:src.estimators.masked_ae:[masked-ae] retrain epoch 22/35 time=1.13s device=cuda
INFO:src.estimators.masked_ae:[masked-ae] retrain epoch 23/35 time=1.18s device=cuda
INFO:src.estimators.masked_ae:[masked-ae] retrain epoch 24/35 time=1.34s device=cuda
INFO:src.estimators.masked_ae:[masked-ae] retrain epoch 25/35 time=1.08s device=cuda
INFO:src.estimators.masked_ae:[masked-ae] retrain epoch 26/35 time=1.37s device=cuda
INFO:src.estimators.masked_ae:[masked-ae] retrain epoch 27/35 time=1.17s device=cuda
INFO:src.estimators.masked_ae:[masked-ae] retrain epoch 28/35 time=1.17s device=cuda
INFO:src.estimators.masked_ae:[masked-ae] retrain epoch 29/35 time=1.14s device=cuda
INFO:src.estimators.masked_ae:[masked-ae] retrain epoch 30/35 time=1.08s device=cuda
INFO:src.estimators.masked_ae:[masked-ae] retrain epoch 31/35 time=1.25s device=cuda
INFO:src.estimators.masked_ae:[masked-ae] retrain epoch 32/35 time=1.07s device=cuda
INFO:src.estimators.masked_ae:[masked-ae] retrain epoch 33/35 time=1.10s device=cuda
INFO:src.estimators.masked_ae:[masked-ae] retrain epoch 34/35 time=1.07s device=cuda
INFO:src.estimators.masked_ae:[masked-ae] retrain epoch 35/35 time=1.14s device=cuda
INFO:repair_masked_ae:Group ('mnist', 15, 0.0, 1) repaired: estimate=15.0 elapsed_s=342.43 device=cuda samples=60000 rows=5
INFO:repair_masked_ae:Processing group key=('mnist', 15, 0.25, 1) with 5 rows; example row 765
INFO:src.estimators.masked_ae:[masked-ae] pretrain epoch 1/10 time=1.08s device=cuda
INFO:src.estimators.masked_ae:[masked-ae] pretrain epoch 2/10 time=1.02s device=cuda
INFO:src.estimators.masked_ae:[masked-ae] pretrain epoch 3/10 time=1.01s device=cuda
INFO:src.estimators.masked_ae:[masked-ae] pretrain epoch 4/10 time=1.15s device=cuda
INFO:src.estimators.masked_ae:[masked-ae] pretrain epoch 5/10 time=0.91s device=cuda
INFO:src.estimators.masked_ae:[masked-ae] pretrain epoch 6/10 time=1.06s device=cuda
INFO:src.estimators.masked_ae:[masked-ae] pretrain epoch 7/10 time=1.04s device=cuda
INFO:src.estimators.masked_ae:[masked-ae] pretrain epoch 8/10 time=1.11s device=cuda
INFO:src.estimators.masked_ae:[masked-ae] pretrain epoch 9/10 time=0.94s device=cuda
INFO:src.estimators.masked_ae:[masked-ae] pretrain epoch 10/10 time=1.05s device=cuda
INFO:src.estimators.masked_ae:[masked-ae] sweep lam=0.1 epoch 1/25 time=1.20s device=cuda
INFO:src.estimators.masked_ae:[masked-ae] sweep lam=0.1 epoch 2/25 time=1.32s device=cuda
INFO:src.estimators.masked_ae:[masked-ae] sweep lam=0.1 epoch 3/25 time=1.09s device=cuda
INFO:src.estimators.masked_ae:[masked-ae] sweep lam=0.1 epoch 4/25 time=1.16s device=cuda
INFO:src.estimators.masked_ae:[masked-ae] sweep lam=0.1 epoch 5/25 time=1.15s device=cuda
INFO:src.estimators.masked_ae:[masked-ae] sweep lam=0.1 epoch 6/25 time=1.21s device=cuda
INFO:src.estimators.masked_ae:[masked-ae] sweep lam=0.1 epoch 7/25 time=1.15s device=cuda
INFO:src.estimators.masked_ae:[masked-ae] sweep lam=0.1 epoch 8/25 time=1.26s device=cuda
INFO:src.estimators.masked_ae:[masked-ae] sweep lam=0.1 epoch 9/25 time=1.27s device=cuda
INFO:src.estimators.masked_ae:[masked-ae] sweep lam=0.1 epoch 10/25 time=1.24s device=cuda
INFO:src.estimators.masked_ae:[masked-ae] sweep lam=0.1 epoch 11/25 time=1.14s device=cuda
INFO:src.estimators.masked_ae:[masked-ae] sweep lam=0.1 epoch 12/25 time=1.22s device=cuda
INFO:src.estimators.masked_ae:[masked-ae] sweep lam=0.1 epoch 13/25 time=1.20s device=cuda
INFO:src.estimators.masked_ae:[masked-ae] sweep lam=0.1 epoch 14/25 time=1.19s device=cuda
INFO:src.estimators.masked_ae:[masked-ae] sweep lam=0.1 epoch 15/25 time=1.09s device=cuda
INFO:src.estimators.masked_ae:[masked-ae] sweep lam=0.1 epoch 16/25 time=1.15s device=cuda
INFO:src.estimators.masked_ae:[masked-ae] sweep lam=0.1 epoch 17/25 time=1.18s device=cuda
INFO:src.estimators.masked_ae:[masked-ae] sweep lam=0.1 epoch 18/25 time=1.16s device=cuda
INFO:src.estimators.masked_ae:[masked-ae] sweep lam=0.1 epoch 19/25 time=1.34s device=cuda
INFO:src.estimators.masked_ae:[masked-ae] sweep lam=0.1 epoch 20/25 time=1.15s device=cuda
INFO:src.estimators.masked_ae:[masked-ae] sweep lam=0.1 epoch 21/25 time=1.23s device=cuda
INFO:src.estimators.masked_ae:[masked-ae] sweep lam=0.1 epoch 22/25 time=1.09s device=cuda
INFO:src.estimators.masked_ae:[masked-ae] sweep lam=0.1 epoch 23/25 time=1.15s device=cuda
INFO:src.estimators.masked_ae:[masked-ae] sweep lam=0.1 epoch 24/25 time=1.17s device=cuda
INFO:src.estimators.masked_ae:[masked-ae] sweep lam=0.1 epoch 25/25 time=1.11s device=cuda
INFO:src.estimators.masked_ae:[masked-ae] sweep lam=0.16681005372000587 epoch 1/25 time=1.07s device=cuda
INFO:src.estimators.masked_ae:[masked-ae] sweep lam=0.16681005372000587 epoch 2/25 time=1.26s device=cuda
INFO:src.estimators.masked_ae:[masked-ae] sweep lam=0.16681005372000587 epoch 3/25 time=1.05s device=cuda
INFO:src.estimators.masked_ae:[masked-ae] sweep lam=0.16681005372000587 epoch 4/25 time=1.15s device=cuda
INFO:src.estimators.masked_ae:[masked-ae] sweep lam=0.16681005372000587 epoch 5/25 time=1.29s device=cuda
INFO:src.estimators.masked_ae:[masked-ae] sweep lam=0.16681005372000587 epoch 6/25 time=1.17s device=cuda
INFO:src.estimators.masked_ae:[masked-ae] sweep lam=0.16681005372000587 epoch 7/25 time=1.13s device=cuda
INFO:src.estimators.masked_ae:[masked-ae] sweep lam=0.16681005372000587 epoch 8/25 time=1.21s device=cuda
INFO:src.estimators.masked_ae:[masked-ae] sweep lam=0.16681005372000587 epoch 9/25 time=1.11s device=cuda
INFO:src.estimators.masked_ae:[masked-ae] sweep lam=0.16681005372000587 epoch 10/25 time=1.23s device=cuda
INFO:src.estimators.masked_ae:[masked-ae] sweep lam=0.16681005372000587 epoch 11/25 time=1.24s device=cuda
INFO:src.estimators.masked_ae:[masked-ae] sweep lam=0.16681005372000587 epoch 12/25 time=1.22s device=cuda
INFO:src.estimators.masked_ae:[masked-ae] sweep lam=0.16681005372000587 epoch 13/25 time=1.13s device=cuda
INFO:src.estimators.masked_ae:[masked-ae] sweep lam=0.16681005372000587 epoch 14/25 time=1.27s device=cuda
INFO:src.estimators.masked_ae:[masked-ae] sweep lam=0.16681005372000587 epoch 15/25 time=1.28s device=cuda
INFO:src.estimators.masked_ae:[masked-ae] sweep lam=0.16681005372000587 epoch 16/25 time=1.12s device=cuda
INFO:src.estimators.masked_ae:[masked-ae] sweep lam=0.16681005372000587 epoch 17/25 time=1.09s device=cuda
INFO:src.estimators.masked_ae:[masked-ae] sweep lam=0.16681005372000587 epoch 18/25 time=1.14s device=cuda
INFO:src.estimators.masked_ae:[masked-ae] sweep lam=0.16681005372000587 epoch 19/25 time=1.16s device=cuda
INFO:src.estimators.masked_ae:[masked-ae] sweep lam=0.16681005372000587 epoch 20/25 time=1.19s device=cuda
INFO:src.estimators.masked_ae:[masked-ae] sweep lam=0.16681005372000587 epoch 21/25 time=1.19s device=cuda
INFO:src.estimators.masked_ae:[masked-ae] sweep lam=0.16681005372000587 epoch 22/25 time=1.10s device=cuda
INFO:src.estimators.masked_ae:[masked-ae] sweep lam=0.16681005372000587 epoch 23/25 time=1.30s device=cuda
INFO:src.estimators.masked_ae:[masked-ae] sweep lam=0.16681005372000587 epoch 24/25 time=1.15s device=cuda
INFO:src.estimators.masked_ae:[masked-ae] sweep lam=0.16681005372000587 epoch 25/25 time=1.10s device=cuda
INFO:src.estimators.masked_ae:[masked-ae] sweep lam=0.2782559402207124 epoch 1/25 time=1.12s device=cuda
INFO:src.estimators.masked_ae:[masked-ae] sweep lam=0.2782559402207124 epoch 2/25 time=1.20s device=cuda
INFO:src.estimators.masked_ae:[masked-ae] sweep lam=0.2782559402207124 epoch 3/25 time=1.25s device=cuda
INFO:src.estimators.masked_ae:[masked-ae] sweep lam=0.2782559402207124 epoch 4/25 time=1.11s device=cuda
INFO:src.estimators.masked_ae:[masked-ae] sweep lam=0.2782559402207124 epoch 5/25 time=1.09s device=cuda
INFO:src.estimators.masked_ae:[masked-ae] sweep lam=0.2782559402207124 epoch 6/25 time=1.22s device=cuda
INFO:src.estimators.masked_ae:[masked-ae] sweep lam=0.2782559402207124 epoch 7/25 time=1.22s device=cuda
INFO:src.estimators.masked_ae:[masked-ae] sweep lam=0.2782559402207124 epoch 8/25 time=1.20s device=cuda
INFO:src.estimators.masked_ae:[masked-ae] sweep lam=0.2782559402207124 epoch 9/25 time=1.31s device=cuda
INFO:src.estimators.masked_ae:[masked-ae] sweep lam=0.2782559402207124 epoch 10/25 time=1.23s device=cuda
INFO:src.estimators.masked_ae:[masked-ae] sweep lam=0.2782559402207124 epoch 11/25 time=1.09s device=cuda
INFO:src.estimators.masked_ae:[masked-ae] sweep lam=0.2782559402207124 epoch 12/25 time=1.16s device=cuda
INFO:src.estimators.masked_ae:[masked-ae] sweep lam=0.2782559402207124 epoch 13/25 time=1.20s device=cuda
INFO:src.estimators.masked_ae:[masked-ae] sweep lam=0.2782559402207124 epoch 14/25 time=1.19s device=cuda
INFO:src.estimators.masked_ae:[masked-ae] sweep lam=0.2782559402207124 epoch 15/25 time=1.15s device=cuda
INFO:src.estimators.masked_ae:[masked-ae] sweep lam=0.2782559402207124 epoch 16/25 time=1.23s device=cuda
INFO:src.estimators.masked_ae:[masked-ae] sweep lam=0.2782559402207124 epoch 17/25 time=1.25s device=cuda
INFO:src.estimators.masked_ae:[masked-ae] sweep lam=0.2782559402207124 epoch 18/25 time=1.17s device=cuda
INFO:src.estimators.masked_ae:[masked-ae] sweep lam=0.2782559402207124 epoch 19/25 time=1.20s device=cuda
INFO:src.estimators.masked_ae:[masked-ae] sweep lam=0.2782559402207124 epoch 20/25 time=1.19s device=cuda
INFO:src.estimators.masked_ae:[masked-ae] sweep lam=0.2782559402207124 epoch 21/25 time=1.29s device=cuda
INFO:src.estimators.masked_ae:[masked-ae] sweep lam=0.2782559402207124 epoch 22/25 time=1.01s device=cuda
INFO:src.estimators.masked_ae:[masked-ae] sweep lam=0.2782559402207124 epoch 23/25 time=1.25s device=cuda
INFO:src.estimators.masked_ae:[masked-ae] sweep lam=0.2782559402207124 epoch 24/25 time=1.16s device=cuda
INFO:src.estimators.masked_ae:[masked-ae] sweep lam=0.2782559402207124 epoch 25/25 time=1.17s device=cuda
INFO:src.estimators.masked_ae:[masked-ae] sweep lam=0.46415888336127786 epoch 1/25 time=1.30s device=cuda
INFO:src.estimators.masked_ae:[masked-ae] sweep lam=0.46415888336127786 epoch 2/25 time=1.10s device=cuda
INFO:src.estimators.masked_ae:[masked-ae] sweep lam=0.46415888336127786 epoch 3/25 time=1.10s device=cuda
INFO:src.estimators.masked_ae:[masked-ae] sweep lam=0.46415888336127786 epoch 4/25 time=1.21s device=cuda
INFO:src.estimators.masked_ae:[masked-ae] sweep lam=0.46415888336127786 epoch 5/25 time=1.15s device=cuda
INFO:src.estimators.masked_ae:[masked-ae] sweep lam=0.46415888336127786 epoch 6/25 time=1.22s device=cuda
INFO:src.estimators.masked_ae:[masked-ae] sweep lam=0.46415888336127786 epoch 7/25 time=1.34s device=cuda
INFO:src.estimators.masked_ae:[masked-ae] sweep lam=0.46415888336127786 epoch 8/25 time=1.17s device=cuda
INFO:src.estimators.masked_ae:[masked-ae] sweep lam=0.46415888336127786 epoch 9/25 time=1.08s device=cuda
INFO:src.estimators.masked_ae:[masked-ae] sweep lam=0.46415888336127786 epoch 10/25 time=1.17s device=cuda
INFO:src.estimators.masked_ae:[masked-ae] sweep lam=0.46415888336127786 epoch 11/25 time=1.23s device=cuda
INFO:src.estimators.masked_ae:[masked-ae] sweep lam=0.46415888336127786 epoch 12/25 time=1.20s device=cuda
INFO:src.estimators.masked_ae:[masked-ae] sweep lam=0.46415888336127786 epoch 13/25 time=1.15s device=cuda
INFO:src.estimators.masked_ae:[masked-ae] sweep lam=0.46415888336127786 epoch 14/25 time=1.09s device=cuda
INFO:src.estimators.masked_ae:[masked-ae] sweep lam=0.46415888336127786 epoch 15/25 time=1.18s device=cuda
INFO:src.estimators.masked_ae:[masked-ae] sweep lam=0.46415888336127786 epoch 16/25 time=1.29s device=cuda
INFO:src.estimators.masked_ae:[masked-ae] sweep lam=0.46415888336127786 epoch 17/25 time=1.29s device=cuda
INFO:src.estimators.masked_ae:[masked-ae] sweep lam=0.46415888336127786 epoch 18/25 time=1.13s device=cuda
INFO:src.estimators.masked_ae:[masked-ae] sweep lam=0.46415888336127786 epoch 19/25 time=1.21s device=cuda
INFO:src.estimators.masked_ae:[masked-ae] sweep lam=0.46415888336127786 epoch 20/25 time=1.12s device=cuda
INFO:src.estimators.masked_ae:[masked-ae] sweep lam=0.46415888336127786 epoch 21/25 time=1.15s device=cuda
INFO:src.estimators.masked_ae:[masked-ae] sweep lam=0.46415888336127786 epoch 22/25 time=1.17s device=cuda
INFO:src.estimators.masked_ae:[masked-ae] sweep lam=0.46415888336127786 epoch 23/25 time=1.25s device=cuda
INFO:src.estimators.masked_ae:[masked-ae] sweep lam=0.46415888336127786 epoch 24/25 time=1.14s device=cuda
INFO:src.estimators.masked_ae:[masked-ae] sweep lam=0.46415888336127786 epoch 25/25 time=1.21s device=cuda
INFO:src.estimators.masked_ae:[masked-ae] sweep lam=0.774263682681127 epoch 1/25 time=1.12s device=cuda
INFO:src.estimators.masked_ae:[masked-ae] sweep lam=0.774263682681127 epoch 2/25 time=1.08s device=cuda
INFO:src.estimators.masked_ae:[masked-ae] sweep lam=0.774263682681127 epoch 3/25 time=1.14s device=cuda
INFO:src.estimators.masked_ae:[masked-ae] sweep lam=0.774263682681127 epoch 4/25 time=1.24s device=cuda
INFO:src.estimators.masked_ae:[masked-ae] sweep lam=0.774263682681127 epoch 5/25 time=1.18s device=cuda
INFO:src.estimators.masked_ae:[masked-ae] sweep lam=0.774263682681127 epoch 6/25 time=1.03s device=cuda
INFO:src.estimators.masked_ae:[masked-ae] sweep lam=0.774263682681127 epoch 7/25 time=1.20s device=cuda
INFO:src.estimators.masked_ae:[masked-ae] sweep lam=0.774263682681127 epoch 8/25 time=1.18s device=cuda
INFO:src.estimators.masked_ae:[masked-ae] sweep lam=0.774263682681127 epoch 9/25 time=1.26s device=cuda
INFO:src.estimators.masked_ae:[masked-ae] sweep lam=0.774263682681127 epoch 10/25 time=1.20s device=cuda
INFO:src.estimators.masked_ae:[masked-ae] sweep lam=0.774263682681127 epoch 11/25 time=1.19s device=cuda
INFO:src.estimators.masked_ae:[masked-ae] sweep lam=0.774263682681127 epoch 12/25 time=1.12s device=cuda
INFO:src.estimators.masked_ae:[masked-ae] sweep lam=0.774263682681127 epoch 13/25 time=1.09s device=cuda
INFO:src.estimators.masked_ae:[masked-ae] sweep lam=0.774263682681127 epoch 14/25 time=1.12s device=cuda
INFO:src.estimators.masked_ae:[masked-ae] sweep lam=0.774263682681127 epoch 15/25 time=1.13s device=cuda
INFO:src.estimators.masked_ae:[masked-ae] sweep lam=0.774263682681127 epoch 16/25 time=1.17s device=cuda
INFO:src.estimators.masked_ae:[masked-ae] sweep lam=0.774263682681127 epoch 17/25 time=1.08s device=cuda
INFO:src.estimators.masked_ae:[masked-ae] sweep lam=0.774263682681127 epoch 18/25 time=1.16s device=cuda
INFO:src.estimators.masked_ae:[masked-ae] sweep lam=0.774263682681127 epoch 19/25 time=1.05s device=cuda
INFO:src.estimators.masked_ae:[masked-ae] sweep lam=0.774263682681127 epoch 20/25 time=1.13s device=cuda
INFO:src.estimators.masked_ae:[masked-ae] sweep lam=0.774263682681127 epoch 21/25 time=1.14s device=cuda
INFO:src.estimators.masked_ae:[masked-ae] sweep lam=0.774263682681127 epoch 22/25 time=1.09s device=cuda
INFO:src.estimators.masked_ae:[masked-ae] sweep lam=0.774263682681127 epoch 23/25 time=1.09s device=cuda
INFO:src.estimators.masked_ae:[masked-ae] sweep lam=0.774263682681127 epoch 24/25 time=1.10s device=cuda
INFO:src.estimators.masked_ae:[masked-ae] sweep lam=0.774263682681127 epoch 25/25 time=1.29s device=cuda
INFO:src.estimators.masked_ae:[masked-ae] sweep lam=1.291549665014884 epoch 1/25 time=1.03s device=cuda
INFO:src.estimators.masked_ae:[masked-ae] sweep lam=1.291549665014884 epoch 2/25 time=1.02s device=cuda
INFO:src.estimators.masked_ae:[masked-ae] sweep lam=1.291549665014884 epoch 3/25 time=1.07s device=cuda
INFO:src.estimators.masked_ae:[masked-ae] sweep lam=1.291549665014884 epoch 4/25 time=1.09s device=cuda
INFO:src.estimators.masked_ae:[masked-ae] sweep lam=1.291549665014884 epoch 5/25 time=1.08s device=cuda
INFO:src.estimators.masked_ae:[masked-ae] sweep lam=1.291549665014884 epoch 6/25 time=1.21s device=cuda
INFO:src.estimators.masked_ae:[masked-ae] sweep lam=1.291549665014884 epoch 7/25 time=1.05s device=cuda
INFO:src.estimators.masked_ae:[masked-ae] sweep lam=1.291549665014884 epoch 8/25 time=1.06s device=cuda
INFO:src.estimators.masked_ae:[masked-ae] sweep lam=1.291549665014884 epoch 9/25 time=1.00s device=cuda
INFO:src.estimators.masked_ae:[masked-ae] sweep lam=1.291549665014884 epoch 10/25 time=1.15s device=cuda
INFO:src.estimators.masked_ae:[masked-ae] sweep lam=1.291549665014884 epoch 11/25 time=1.07s device=cuda
INFO:src.estimators.masked_ae:[masked-ae] sweep lam=1.291549665014884 epoch 12/25 time=1.16s device=cuda
INFO:src.estimators.masked_ae:[masked-ae] sweep lam=1.291549665014884 epoch 13/25 time=1.12s device=cuda
INFO:src.estimators.masked_ae:[masked-ae] sweep lam=1.291549665014884 epoch 14/25 time=1.21s device=cuda
INFO:src.estimators.masked_ae:[masked-ae] sweep lam=1.291549665014884 epoch 15/25 time=1.02s device=cuda
INFO:src.estimators.masked_ae:[masked-ae] sweep lam=1.291549665014884 epoch 16/25 time=1.08s device=cuda
INFO:src.estimators.masked_ae:[masked-ae] sweep lam=1.291549665014884 epoch 17/25 time=1.20s device=cuda
INFO:src.estimators.masked_ae:[masked-ae] sweep lam=1.291549665014884 epoch 18/25 time=1.03s device=cuda
INFO:src.estimators.masked_ae:[masked-ae] sweep lam=1.291549665014884 epoch 19/25 time=1.17s device=cuda
INFO:src.estimators.masked_ae:[masked-ae] sweep lam=1.291549665014884 epoch 20/25 time=1.06s device=cuda
INFO:src.estimators.masked_ae:[masked-ae] sweep lam=1.291549665014884 epoch 21/25 time=1.31s device=cuda
INFO:src.estimators.masked_ae:[masked-ae] sweep lam=1.291549665014884 epoch 22/25 time=1.14s device=cuda
INFO:src.estimators.masked_ae:[masked-ae] sweep lam=1.291549665014884 epoch 23/25 time=1.11s device=cuda
INFO:src.estimators.masked_ae:[masked-ae] sweep lam=1.291549665014884 epoch 24/25 time=1.08s device=cuda
INFO:src.estimators.masked_ae:[masked-ae] sweep lam=1.291549665014884 epoch 25/25 time=1.15s device=cuda
INFO:src.estimators.masked_ae:[masked-ae] sweep lam=2.1544346900318834 epoch 1/25 time=1.13s device=cuda
INFO:src.estimators.masked_ae:[masked-ae] sweep lam=2.1544346900318834 epoch 2/25 time=1.10s device=cuda
INFO:src.estimators.masked_ae:[masked-ae] sweep lam=2.1544346900318834 epoch 3/25 time=1.12s device=cuda
INFO:src.estimators.masked_ae:[masked-ae] sweep lam=2.1544346900318834 epoch 4/25 time=1.10s device=cuda
INFO:src.estimators.masked_ae:[masked-ae] sweep lam=2.1544346900318834 epoch 5/25 time=1.34s device=cuda
INFO:src.estimators.masked_ae:[masked-ae] sweep lam=2.1544346900318834 epoch 6/25 time=1.10s device=cuda
INFO:src.estimators.masked_ae:[masked-ae] sweep lam=2.1544346900318834 epoch 7/25 time=1.12s device=cuda
INFO:src.estimators.masked_ae:[masked-ae] sweep lam=2.1544346900318834 epoch 8/25 time=1.01s device=cuda
INFO:src.estimators.masked_ae:[masked-ae] sweep lam=2.1544346900318834 epoch 9/25 time=1.07s device=cuda
INFO:src.estimators.masked_ae:[masked-ae] sweep lam=2.1544346900318834 epoch 10/25 time=1.02s device=cuda
INFO:src.estimators.masked_ae:[masked-ae] sweep lam=2.1544346900318834 epoch 11/25 time=1.14s device=cuda
INFO:src.estimators.masked_ae:[masked-ae] sweep lam=2.1544346900318834 epoch 12/25 time=1.03s device=cuda
INFO:src.estimators.masked_ae:[masked-ae] sweep lam=2.1544346900318834 epoch 13/25 time=1.06s device=cuda
INFO:src.estimators.masked_ae:[masked-ae] sweep lam=2.1544346900318834 epoch 14/25 time=1.12s device=cuda
INFO:src.estimators.masked_ae:[masked-ae] sweep lam=2.1544346900318834 epoch 15/25 time=1.10s device=cuda
INFO:src.estimators.masked_ae:[masked-ae] sweep lam=2.1544346900318834 epoch 16/25 time=1.17s device=cuda
INFO:src.estimators.masked_ae:[masked-ae] sweep lam=2.1544346900318834 epoch 17/25 time=1.06s device=cuda
INFO:src.estimators.masked_ae:[masked-ae] sweep lam=2.1544346900318834 epoch 18/25 time=1.06s device=cuda
INFO:src.estimators.masked_ae:[masked-ae] sweep lam=2.1544346900318834 epoch 19/25 time=1.11s device=cuda
INFO:src.estimators.masked_ae:[masked-ae] sweep lam=2.1544346900318834 epoch 20/25 time=1.16s device=cuda
INFO:src.estimators.masked_ae:[masked-ae] sweep lam=2.1544346900318834 epoch 21/25 time=1.07s device=cuda
INFO:src.estimators.masked_ae:[masked-ae] sweep lam=2.1544346900318834 epoch 22/25 time=1.04s device=cuda
INFO:src.estimators.masked_ae:[masked-ae] sweep lam=2.1544346900318834 epoch 23/25 time=1.02s device=cuda
INFO:src.estimators.masked_ae:[masked-ae] sweep lam=2.1544346900318834 epoch 24/25 time=1.21s device=cuda
INFO:src.estimators.masked_ae:[masked-ae] sweep lam=2.1544346900318834 epoch 25/25 time=1.13s device=cuda
INFO:src.estimators.masked_ae:[masked-ae] sweep lam=3.593813663804626 epoch 1/25 time=1.21s device=cuda
INFO:src.estimators.masked_ae:[masked-ae] sweep lam=3.593813663804626 epoch 2/25 time=1.13s device=cuda
INFO:src.estimators.masked_ae:[masked-ae] sweep lam=3.593813663804626 epoch 3/25 time=1.15s device=cuda
INFO:src.estimators.masked_ae:[masked-ae] sweep lam=3.593813663804626 epoch 4/25 time=1.14s device=cuda
INFO:src.estimators.masked_ae:[masked-ae] sweep lam=3.593813663804626 epoch 5/25 time=1.23s device=cuda
INFO:src.estimators.masked_ae:[masked-ae] sweep lam=3.593813663804626 epoch 6/25 time=1.03s device=cuda
INFO:src.estimators.masked_ae:[masked-ae] sweep lam=3.593813663804626 epoch 7/25 time=1.11s device=cuda
INFO:src.estimators.masked_ae:[masked-ae] sweep lam=3.593813663804626 epoch 8/25 time=1.20s device=cuda
INFO:src.estimators.masked_ae:[masked-ae] sweep lam=3.593813663804626 epoch 9/25 time=1.06s device=cuda
INFO:src.estimators.masked_ae:[masked-ae] sweep lam=3.593813663804626 epoch 10/25 time=1.09s device=cuda
INFO:src.estimators.masked_ae:[masked-ae] sweep lam=3.593813663804626 epoch 11/25 time=1.18s device=cuda
INFO:src.estimators.masked_ae:[masked-ae] sweep lam=3.593813663804626 epoch 12/25 time=1.12s device=cuda
INFO:src.estimators.masked_ae:[masked-ae] sweep lam=3.593813663804626 epoch 13/25 time=1.19s device=cuda
INFO:src.estimators.masked_ae:[masked-ae] sweep lam=3.593813663804626 epoch 14/25 time=1.09s device=cuda
INFO:src.estimators.masked_ae:[masked-ae] sweep lam=3.593813663804626 epoch 15/25 time=1.10s device=cuda
INFO:src.estimators.masked_ae:[masked-ae] sweep lam=3.593813663804626 epoch 16/25 time=1.17s device=cuda
INFO:src.estimators.masked_ae:[masked-ae] sweep lam=3.593813663804626 epoch 17/25 time=1.14s device=cuda
INFO:src.estimators.masked_ae:[masked-ae] sweep lam=3.593813663804626 epoch 18/25 time=1.28s device=cuda
INFO:src.estimators.masked_ae:[masked-ae] sweep lam=3.593813663804626 epoch 19/25 time=1.00s device=cuda
INFO:src.estimators.masked_ae:[masked-ae] sweep lam=3.593813663804626 epoch 20/25 time=1.21s device=cuda
INFO:src.estimators.masked_ae:[masked-ae] sweep lam=3.593813663804626 epoch 21/25 time=1.07s device=cuda
INFO:src.estimators.masked_ae:[masked-ae] sweep lam=3.593813663804626 epoch 22/25 time=1.17s device=cuda
INFO:src.estimators.masked_ae:[masked-ae] sweep lam=3.593813663804626 epoch 23/25 time=1.11s device=cuda
INFO:src.estimators.masked_ae:[masked-ae] sweep lam=3.593813663804626 epoch 24/25 time=1.09s device=cuda
INFO:src.estimators.masked_ae:[masked-ae] sweep lam=3.593813663804626 epoch 25/25 time=1.04s device=cuda
INFO:src.estimators.masked_ae:[masked-ae] sweep lam=5.994842503189409 epoch 1/25 time=1.08s device=cuda
INFO:src.estimators.masked_ae:[masked-ae] sweep lam=5.994842503189409 epoch 2/25 time=1.29s device=cuda
INFO:src.estimators.masked_ae:[masked-ae] sweep lam=5.994842503189409 epoch 3/25 time=1.16s device=cuda
INFO:src.estimators.masked_ae:[masked-ae] sweep lam=5.994842503189409 epoch 4/25 time=1.03s device=cuda
INFO:src.estimators.masked_ae:[masked-ae] sweep lam=5.994842503189409 epoch 5/25 time=1.06s device=cuda
INFO:src.estimators.masked_ae:[masked-ae] sweep lam=5.994842503189409 epoch 6/25 time=1.24s device=cuda
INFO:src.estimators.masked_ae:[masked-ae] sweep lam=5.994842503189409 epoch 7/25 time=1.18s device=cuda
INFO:src.estimators.masked_ae:[masked-ae] sweep lam=5.994842503189409 epoch 8/25 time=1.20s device=cuda
INFO:src.estimators.masked_ae:[masked-ae] sweep lam=5.994842503189409 epoch 9/25 time=1.12s device=cuda
INFO:src.estimators.masked_ae:[masked-ae] sweep lam=5.994842503189409 epoch 10/25 time=1.12s device=cuda
INFO:src.estimators.masked_ae:[masked-ae] sweep lam=5.994842503189409 epoch 11/25 time=1.19s device=cuda
INFO:src.estimators.masked_ae:[masked-ae] sweep lam=5.994842503189409 epoch 12/25 time=1.03s device=cuda
INFO:src.estimators.masked_ae:[masked-ae] sweep lam=5.994842503189409 epoch 13/25 time=1.10s device=cuda
INFO:src.estimators.masked_ae:[masked-ae] sweep lam=5.994842503189409 epoch 14/25 time=1.23s device=cuda
INFO:src.estimators.masked_ae:[masked-ae] sweep lam=5.994842503189409 epoch 15/25 time=1.13s device=cuda
INFO:src.estimators.masked_ae:[masked-ae] sweep lam=5.994842503189409 epoch 16/25 time=1.08s device=cuda
INFO:src.estimators.masked_ae:[masked-ae] sweep lam=5.994842503189409 epoch 17/25 time=1.14s device=cuda
INFO:src.estimators.masked_ae:[masked-ae] sweep lam=5.994842503189409 epoch 18/25 time=1.09s device=cuda
INFO:src.estimators.masked_ae:[masked-ae] sweep lam=5.994842503189409 epoch 19/25 time=1.35s device=cuda
INFO:src.estimators.masked_ae:[masked-ae] sweep lam=5.994842503189409 epoch 20/25 time=1.08s device=cuda
INFO:src.estimators.masked_ae:[masked-ae] sweep lam=5.994842503189409 epoch 21/25 time=1.07s device=cuda
INFO:src.estimators.masked_ae:[masked-ae] sweep lam=5.994842503189409 epoch 22/25 time=1.13s device=cuda
INFO:src.estimators.masked_ae:[masked-ae] sweep lam=5.994842503189409 epoch 23/25 time=1.05s device=cuda
INFO:src.estimators.masked_ae:[masked-ae] sweep lam=5.994842503189409 epoch 24/25 time=1.06s device=cuda
INFO:src.estimators.masked_ae:[masked-ae] sweep lam=5.994842503189409 epoch 25/25 time=1.08s device=cuda
INFO:src.estimators.masked_ae:[masked-ae] sweep lam=10.0 epoch 1/25 time=1.17s device=cuda
INFO:src.estimators.masked_ae:[masked-ae] sweep lam=10.0 epoch 2/25 time=1.15s device=cuda
INFO:src.estimators.masked_ae:[masked-ae] sweep lam=10.0 epoch 3/25 time=1.11s device=cuda
INFO:src.estimators.masked_ae:[masked-ae] sweep lam=10.0 epoch 4/25 time=1.10s device=cuda
INFO:src.estimators.masked_ae:[masked-ae] sweep lam=10.0 epoch 5/25 time=1.14s device=cuda
INFO:src.estimators.masked_ae:[masked-ae] sweep lam=10.0 epoch 6/25 time=1.13s device=cuda
INFO:src.estimators.masked_ae:[masked-ae] sweep lam=10.0 epoch 7/25 time=1.20s device=cuda
INFO:src.estimators.masked_ae:[masked-ae] sweep lam=10.0 epoch 8/25 time=1.13s device=cuda
INFO:src.estimators.masked_ae:[masked-ae] sweep lam=10.0 epoch 9/25 time=1.17s device=cuda
INFO:src.estimators.masked_ae:[masked-ae] sweep lam=10.0 epoch 10/25 time=1.02s device=cuda
INFO:src.estimators.masked_ae:[masked-ae] sweep lam=10.0 epoch 11/25 time=1.11s device=cuda
INFO:src.estimators.masked_ae:[masked-ae] sweep lam=10.0 epoch 12/25 time=1.22s device=cuda
INFO:src.estimators.masked_ae:[masked-ae] sweep lam=10.0 epoch 13/25 time=1.22s device=cuda
INFO:src.estimators.masked_ae:[masked-ae] sweep lam=10.0 epoch 14/25 time=1.23s device=cuda
INFO:src.estimators.masked_ae:[masked-ae] sweep lam=10.0 epoch 15/25 time=1.05s device=cuda
INFO:src.estimators.masked_ae:[masked-ae] sweep lam=10.0 epoch 16/25 time=1.25s device=cuda
INFO:src.estimators.masked_ae:[masked-ae] sweep lam=10.0 epoch 17/25 time=1.20s device=cuda
INFO:src.estimators.masked_ae:[masked-ae] sweep lam=10.0 epoch 18/25 time=1.24s device=cuda
INFO:src.estimators.masked_ae:[masked-ae] sweep lam=10.0 epoch 19/25 time=1.15s device=cuda
INFO:src.estimators.masked_ae:[masked-ae] sweep lam=10.0 epoch 20/25 time=1.13s device=cuda
INFO:src.estimators.masked_ae:[masked-ae] sweep lam=10.0 epoch 21/25 time=1.07s device=cuda
INFO:src.estimators.masked_ae:[masked-ae] sweep lam=10.0 epoch 22/25 time=1.22s device=cuda
INFO:src.estimators.masked_ae:[masked-ae] sweep lam=10.0 epoch 23/25 time=1.16s device=cuda
INFO:src.estimators.masked_ae:[masked-ae] sweep lam=10.0 epoch 24/25 time=1.29s device=cuda
INFO:src.estimators.masked_ae:[masked-ae] sweep lam=10.0 epoch 25/25 time=1.14s device=cuda
INFO:src.estimators.masked_ae:[masked-ae] retrain epoch 1/35 time=1.30s device=cuda
INFO:src.estimators.masked_ae:[masked-ae] retrain epoch 2/35 time=1.15s device=cuda
INFO:src.estimators.masked_ae:[masked-ae] retrain epoch 3/35 time=1.14s device=cuda
INFO:src.estimators.masked_ae:[masked-ae] retrain epoch 4/35 time=1.09s device=cuda
INFO:src.estimators.masked_ae:[masked-ae] retrain epoch 5/35 time=1.10s device=cuda
INFO:src.estimators.masked_ae:[masked-ae] retrain epoch 6/35 time=1.38s device=cuda
INFO:src.estimators.masked_ae:[masked-ae] retrain epoch 7/35 time=1.18s device=cuda
INFO:src.estimators.masked_ae:[masked-ae] retrain epoch 8/35 time=1.21s device=cuda
INFO:src.estimators.masked_ae:[masked-ae] retrain epoch 9/35 time=1.12s device=cuda
INFO:src.estimators.masked_ae:[masked-ae] retrain epoch 10/35 time=1.09s device=cuda
INFO:src.estimators.masked_ae:[masked-ae] retrain epoch 11/35 time=1.19s device=cuda
INFO:src.estimators.masked_ae:[masked-ae] retrain epoch 12/35 time=1.13s device=cuda
INFO:src.estimators.masked_ae:[masked-ae] retrain epoch 13/35 time=1.34s device=cuda
INFO:src.estimators.masked_ae:[masked-ae] retrain epoch 14/35 time=1.12s device=cuda
INFO:src.estimators.masked_ae:[masked-ae] retrain epoch 15/35 time=1.22s device=cuda
INFO:src.estimators.masked_ae:[masked-ae] retrain epoch 16/35 time=1.27s device=cuda
INFO:src.estimators.masked_ae:[masked-ae] retrain epoch 17/35 time=1.17s device=cuda
INFO:src.estimators.masked_ae:[masked-ae] retrain epoch 18/35 time=1.10s device=cuda
INFO:src.estimators.masked_ae:[masked-ae] retrain epoch 19/35 time=1.12s device=cuda
INFO:src.estimators.masked_ae:[masked-ae] retrain epoch 20/35 time=1.34s device=cuda
INFO:src.estimators.masked_ae:[masked-ae] retrain epoch 21/35 time=1.24s device=cuda
INFO:src.estimators.masked_ae:[masked-ae] retrain epoch 22/35 time=1.21s device=cuda
INFO:src.estimators.masked_ae:[masked-ae] retrain epoch 23/35 time=1.09s device=cuda
INFO:src.estimators.masked_ae:[masked-ae] retrain epoch 24/35 time=1.02s device=cuda
INFO:src.estimators.masked_ae:[masked-ae] retrain epoch 25/35 time=1.21s device=cuda
INFO:src.estimators.masked_ae:[masked-ae] retrain epoch 26/35 time=1.22s device=cuda
INFO:src.estimators.masked_ae:[masked-ae] retrain epoch 27/35 time=1.20s device=cuda
INFO:src.estimators.masked_ae:[masked-ae] retrain epoch 28/35 time=1.31s device=cuda
INFO:src.estimators.masked_ae:[masked-ae] retrain epoch 29/35 time=1.17s device=cuda
INFO:src.estimators.masked_ae:[masked-ae] retrain epoch 30/35 time=1.19s device=cuda
INFO:src.estimators.masked_ae:[masked-ae] retrain epoch 31/35 time=1.26s device=cuda
INFO:src.estimators.masked_ae:[masked-ae] retrain epoch 32/35 time=1.37s device=cuda
INFO:src.estimators.masked_ae:[masked-ae] retrain epoch 33/35 time=1.19s device=cuda
INFO:src.estimators.masked_ae:[masked-ae] retrain epoch 34/35 time=1.47s device=cuda
INFO:src.estimators.masked_ae:[masked-ae] retrain epoch 35/35 time=1.08s device=cuda
INFO:repair_masked_ae:Group ('mnist', 15, 0.25, 1) repaired: estimate=13.0 elapsed_s=344.58 device=cuda samples=60000 rows=5
INFO:repair_masked_ae:Processing group key=('mnist', 15, 0.5, 1) with 5 rows; example row 800
INFO:src.estimators.masked_ae:[masked-ae] pretrain epoch 1/10 time=1.13s device=cuda
INFO:src.estimators.masked_ae:[masked-ae] pretrain epoch 2/10 time=1.11s device=cuda
INFO:src.estimators.masked_ae:[masked-ae] pretrain epoch 3/10 time=0.99s device=cuda
INFO:src.estimators.masked_ae:[masked-ae] pretrain epoch 4/10 time=0.99s device=cuda
INFO:src.estimators.masked_ae:[masked-ae] pretrain epoch 5/10 time=1.04s device=cuda
INFO:src.estimators.masked_ae:[masked-ae] pretrain epoch 6/10 time=1.11s device=cuda
INFO:src.estimators.masked_ae:[masked-ae] pretrain epoch 7/10 time=1.11s device=cuda
INFO:src.estimators.masked_ae:[masked-ae] pretrain epoch 8/10 time=1.07s device=cuda
INFO:src.estimators.masked_ae:[masked-ae] pretrain epoch 9/10 time=1.08s device=cuda
INFO:src.estimators.masked_ae:[masked-ae] pretrain epoch 10/10 time=1.10s device=cuda
INFO:src.estimators.masked_ae:[masked-ae] sweep lam=0.1 epoch 1/25 time=1.17s device=cuda
INFO:src.estimators.masked_ae:[masked-ae] sweep lam=0.1 epoch 2/25 time=1.23s device=cuda
INFO:src.estimators.masked_ae:[masked-ae] sweep lam=0.1 epoch 3/25 time=1.24s device=cuda
INFO:src.estimators.masked_ae:[masked-ae] sweep lam=0.1 epoch 4/25 time=1.17s device=cuda
INFO:src.estimators.masked_ae:[masked-ae] sweep lam=0.1 epoch 5/25 time=1.15s device=cuda
INFO:src.estimators.masked_ae:[masked-ae] sweep lam=0.1 epoch 6/25 time=1.18s device=cuda
INFO:src.estimators.masked_ae:[masked-ae] sweep lam=0.1 epoch 7/25 time=1.15s device=cuda
INFO:src.estimators.masked_ae:[masked-ae] sweep lam=0.1 epoch 8/25 time=1.07s device=cuda
INFO:src.estimators.masked_ae:[masked-ae] sweep lam=0.1 epoch 9/25 time=1.33s device=cuda
INFO:src.estimators.masked_ae:[masked-ae] sweep lam=0.1 epoch 10/25 time=1.10s device=cuda
INFO:src.estimators.masked_ae:[masked-ae] sweep lam=0.1 epoch 11/25 time=1.13s device=cuda
INFO:src.estimators.masked_ae:[masked-ae] sweep lam=0.1 epoch 12/25 time=1.23s device=cuda
INFO:src.estimators.masked_ae:[masked-ae] sweep lam=0.1 epoch 13/25 time=1.23s device=cuda
INFO:src.estimators.masked_ae:[masked-ae] sweep lam=0.1 epoch 14/25 time=1.23s device=cuda
INFO:src.estimators.masked_ae:[masked-ae] sweep lam=0.1 epoch 15/25 time=1.21s device=cuda
INFO:src.estimators.masked_ae:[masked-ae] sweep lam=0.1 epoch 16/25 time=1.12s device=cuda
INFO:src.estimators.masked_ae:[masked-ae] sweep lam=0.1 epoch 17/25 time=1.14s device=cuda
INFO:src.estimators.masked_ae:[masked-ae] sweep lam=0.1 epoch 18/25 time=1.40s device=cuda
INFO:src.estimators.masked_ae:[masked-ae] sweep lam=0.1 epoch 19/25 time=1.14s device=cuda
INFO:src.estimators.masked_ae:[masked-ae] sweep lam=0.1 epoch 20/25 time=1.10s device=cuda
INFO:src.estimators.masked_ae:[masked-ae] sweep lam=0.1 epoch 21/25 time=1.17s device=cuda
INFO:src.estimators.masked_ae:[masked-ae] sweep lam=0.1 epoch 22/25 time=1.02s device=cuda
INFO:src.estimators.masked_ae:[masked-ae] sweep lam=0.1 epoch 23/25 time=1.10s device=cuda
INFO:src.estimators.masked_ae:[masked-ae] sweep lam=0.1 epoch 24/25 time=1.14s device=cuda
INFO:src.estimators.masked_ae:[masked-ae] sweep lam=0.1 epoch 25/25 time=1.21s device=cuda
INFO:src.estimators.masked_ae:[masked-ae] sweep lam=0.16681005372000587 epoch 1/25 time=1.36s device=cuda
INFO:src.estimators.masked_ae:[masked-ae] sweep lam=0.16681005372000587 epoch 2/25 time=1.31s device=cuda
INFO:src.estimators.masked_ae:[masked-ae] sweep lam=0.16681005372000587 epoch 3/25 time=1.10s device=cuda
INFO:src.estimators.masked_ae:[masked-ae] sweep lam=0.16681005372000587 epoch 4/25 time=1.11s device=cuda
INFO:src.estimators.masked_ae:[masked-ae] sweep lam=0.16681005372000587 epoch 5/25 time=1.16s device=cuda
INFO:src.estimators.masked_ae:[masked-ae] sweep lam=0.16681005372000587 epoch 6/25 time=1.17s device=cuda
INFO:src.estimators.masked_ae:[masked-ae] sweep lam=0.16681005372000587 epoch 7/25 time=1.29s device=cuda
INFO:src.estimators.masked_ae:[masked-ae] sweep lam=0.16681005372000587 epoch 8/25 time=1.15s device=cuda
INFO:src.estimators.masked_ae:[masked-ae] sweep lam=0.16681005372000587 epoch 9/25 time=1.12s device=cuda
INFO:src.estimators.masked_ae:[masked-ae] sweep lam=0.16681005372000587 epoch 10/25 time=1.08s device=cuda
INFO:src.estimators.masked_ae:[masked-ae] sweep lam=0.16681005372000587 epoch 11/25 time=1.17s device=cuda
INFO:src.estimators.masked_ae:[masked-ae] sweep lam=0.16681005372000587 epoch 12/25 time=1.09s device=cuda
INFO:src.estimators.masked_ae:[masked-ae] sweep lam=0.16681005372000587 epoch 13/25 time=1.02s device=cuda
INFO:src.estimators.masked_ae:[masked-ae] sweep lam=0.16681005372000587 epoch 14/25 time=1.19s device=cuda
INFO:src.estimators.masked_ae:[masked-ae] sweep lam=0.16681005372000587 epoch 15/25 time=1.02s device=cuda
INFO:src.estimators.masked_ae:[masked-ae] sweep lam=0.16681005372000587 epoch 16/25 time=1.10s device=cuda
INFO:src.estimators.masked_ae:[masked-ae] sweep lam=0.16681005372000587 epoch 17/25 time=1.19s device=cuda
INFO:src.estimators.masked_ae:[masked-ae] sweep lam=0.16681005372000587 epoch 18/25 time=1.05s device=cuda
INFO:src.estimators.masked_ae:[masked-ae] sweep lam=0.16681005372000587 epoch 19/25 time=1.22s device=cuda
INFO:src.estimators.masked_ae:[masked-ae] sweep lam=0.16681005372000587 epoch 20/25 time=1.28s device=cuda
INFO:src.estimators.masked_ae:[masked-ae] sweep lam=0.16681005372000587 epoch 21/25 time=1.12s device=cuda
INFO:src.estimators.masked_ae:[masked-ae] sweep lam=0.16681005372000587 epoch 22/25 time=1.10s device=cuda
INFO:src.estimators.masked_ae:[masked-ae] sweep lam=0.16681005372000587 epoch 23/25 time=1.09s device=cuda
INFO:src.estimators.masked_ae:[masked-ae] sweep lam=0.16681005372000587 epoch 24/25 time=1.14s device=cuda
INFO:src.estimators.masked_ae:[masked-ae] sweep lam=0.16681005372000587 epoch 25/25 time=1.06s device=cuda
INFO:src.estimators.masked_ae:[masked-ae] sweep lam=0.2782559402207124 epoch 1/25 time=1.02s device=cuda
INFO:src.estimators.masked_ae:[masked-ae] sweep lam=0.2782559402207124 epoch 2/25 time=1.23s device=cuda
INFO:src.estimators.masked_ae:[masked-ae] sweep lam=0.2782559402207124 epoch 3/25 time=1.07s device=cuda
INFO:src.estimators.masked_ae:[masked-ae] sweep lam=0.2782559402207124 epoch 4/25 time=1.11s device=cuda
INFO:src.estimators.masked_ae:[masked-ae] sweep lam=0.2782559402207124 epoch 5/25 time=1.02s device=cuda
INFO:src.estimators.masked_ae:[masked-ae] sweep lam=0.2782559402207124 epoch 6/25 time=1.17s device=cuda
INFO:src.estimators.masked_ae:[masked-ae] sweep lam=0.2782559402207124 epoch 7/25 time=1.18s device=cuda
INFO:src.estimators.masked_ae:[masked-ae] sweep lam=0.2782559402207124 epoch 8/25 time=1.18s device=cuda
INFO:src.estimators.masked_ae:[masked-ae] sweep lam=0.2782559402207124 epoch 9/25 time=1.14s device=cuda
INFO:src.estimators.masked_ae:[masked-ae] sweep lam=0.2782559402207124 epoch 10/25 time=1.11s device=cuda
INFO:src.estimators.masked_ae:[masked-ae] sweep lam=0.2782559402207124 epoch 11/25 time=1.01s device=cuda
INFO:src.estimators.masked_ae:[masked-ae] sweep lam=0.2782559402207124 epoch 12/25 time=1.10s device=cuda
INFO:src.estimators.masked_ae:[masked-ae] sweep lam=0.2782559402207124 epoch 13/25 time=1.04s device=cuda
INFO:src.estimators.masked_ae:[masked-ae] sweep lam=0.2782559402207124 epoch 14/25 time=1.14s device=cuda
INFO:src.estimators.masked_ae:[masked-ae] sweep lam=0.2782559402207124 epoch 15/25 time=1.12s device=cuda
INFO:src.estimators.masked_ae:[masked-ae] sweep lam=0.2782559402207124 epoch 16/25 time=1.09s device=cuda
INFO:src.estimators.masked_ae:[masked-ae] sweep lam=0.2782559402207124 epoch 17/25 time=1.06s device=cuda
INFO:src.estimators.masked_ae:[masked-ae] sweep lam=0.2782559402207124 epoch 18/25 time=1.06s device=cuda
INFO:src.estimators.masked_ae:[masked-ae] sweep lam=0.2782559402207124 epoch 19/25 time=1.12s device=cuda
INFO:src.estimators.masked_ae:[masked-ae] sweep lam=0.2782559402207124 epoch 20/25 time=1.11s device=cuda
INFO:src.estimators.masked_ae:[masked-ae] sweep lam=0.2782559402207124 epoch 21/25 time=1.17s device=cuda
INFO:src.estimators.masked_ae:[masked-ae] sweep lam=0.2782559402207124 epoch 22/25 time=1.15s device=cuda
INFO:src.estimators.masked_ae:[masked-ae] sweep lam=0.2782559402207124 epoch 23/25 time=1.23s device=cuda
INFO:src.estimators.masked_ae:[masked-ae] sweep lam=0.2782559402207124 epoch 24/25 time=1.10s device=cuda
INFO:src.estimators.masked_ae:[masked-ae] sweep lam=0.2782559402207124 epoch 25/25 time=1.30s device=cuda
INFO:src.estimators.masked_ae:[masked-ae] sweep lam=0.46415888336127786 epoch 1/25 time=1.05s device=cuda
INFO:src.estimators.masked_ae:[masked-ae] sweep lam=0.46415888336127786 epoch 2/25 time=1.06s device=cuda
INFO:src.estimators.masked_ae:[masked-ae] sweep lam=0.46415888336127786 epoch 3/25 time=1.09s device=cuda
INFO:src.estimators.masked_ae:[masked-ae] sweep lam=0.46415888336127786 epoch 4/25 time=1.26s device=cuda
INFO:src.estimators.masked_ae:[masked-ae] sweep lam=0.46415888336127786 epoch 5/25 time=1.17s device=cuda
INFO:src.estimators.masked_ae:[masked-ae] sweep lam=0.46415888336127786 epoch 6/25 time=1.19s device=cuda
INFO:src.estimators.masked_ae:[masked-ae] sweep lam=0.46415888336127786 epoch 7/25 time=1.20s device=cuda
INFO:src.estimators.masked_ae:[masked-ae] sweep lam=0.46415888336127786 epoch 8/25 time=1.10s device=cuda
INFO:src.estimators.masked_ae:[masked-ae] sweep lam=0.46415888336127786 epoch 9/25 time=1.20s device=cuda
INFO:src.estimators.masked_ae:[masked-ae] sweep lam=0.46415888336127786 epoch 10/25 time=1.02s device=cuda
INFO:src.estimators.masked_ae:[masked-ae] sweep lam=0.46415888336127786 epoch 11/25 time=1.25s device=cuda
INFO:src.estimators.masked_ae:[masked-ae] sweep lam=0.46415888336127786 epoch 12/25 time=1.28s device=cuda
INFO:src.estimators.masked_ae:[masked-ae] sweep lam=0.46415888336127786 epoch 13/25 time=1.09s device=cuda
INFO:src.estimators.masked_ae:[masked-ae] sweep lam=0.46415888336127786 epoch 14/25 time=1.16s device=cuda
INFO:src.estimators.masked_ae:[masked-ae] sweep lam=0.46415888336127786 epoch 15/25 time=1.15s device=cuda
INFO:src.estimators.masked_ae:[masked-ae] sweep lam=0.46415888336127786 epoch 16/25 time=1.06s device=cuda
INFO:src.estimators.masked_ae:[masked-ae] sweep lam=0.46415888336127786 epoch 17/25 time=1.06s device=cuda
INFO:src.estimators.masked_ae:[masked-ae] sweep lam=0.46415888336127786 epoch 18/25 time=1.24s device=cuda
INFO:src.estimators.masked_ae:[masked-ae] sweep lam=0.46415888336127786 epoch 19/25 time=1.04s device=cuda
INFO:src.estimators.masked_ae:[masked-ae] sweep lam=0.46415888336127786 epoch 20/25 time=1.03s device=cuda
INFO:src.estimators.masked_ae:[masked-ae] sweep lam=0.46415888336127786 epoch 21/25 time=1.05s device=cuda
INFO:src.estimators.masked_ae:[masked-ae] sweep lam=0.46415888336127786 epoch 22/25 time=1.11s device=cuda
INFO:src.estimators.masked_ae:[masked-ae] sweep lam=0.46415888336127786 epoch 23/25 time=1.04s device=cuda
INFO:src.estimators.masked_ae:[masked-ae] sweep lam=0.46415888336127786 epoch 24/25 time=1.11s device=cuda
INFO:src.estimators.masked_ae:[masked-ae] sweep lam=0.46415888336127786 epoch 25/25 time=1.06s device=cuda
INFO:src.estimators.masked_ae:[masked-ae] sweep lam=0.774263682681127 epoch 1/25 time=1.11s device=cuda
INFO:src.estimators.masked_ae:[masked-ae] sweep lam=0.774263682681127 epoch 2/25 time=1.04s device=cuda
INFO:src.estimators.masked_ae:[masked-ae] sweep lam=0.774263682681127 epoch 3/25 time=1.08s device=cuda
INFO:src.estimators.masked_ae:[masked-ae] sweep lam=0.774263682681127 epoch 4/25 time=1.04s device=cuda
INFO:src.estimators.masked_ae:[masked-ae] sweep lam=0.774263682681127 epoch 5/25 time=1.06s device=cuda
INFO:src.estimators.masked_ae:[masked-ae] sweep lam=0.774263682681127 epoch 6/25 time=1.13s device=cuda
INFO:src.estimators.masked_ae:[masked-ae] sweep lam=0.774263682681127 epoch 7/25 time=1.10s device=cuda
INFO:src.estimators.masked_ae:[masked-ae] sweep lam=0.774263682681127 epoch 8/25 time=1.11s device=cuda
INFO:src.estimators.masked_ae:[masked-ae] sweep lam=0.774263682681127 epoch 9/25 time=1.07s device=cuda
INFO:src.estimators.masked_ae:[masked-ae] sweep lam=0.774263682681127 epoch 10/25 time=1.05s device=cuda
INFO:src.estimators.masked_ae:[masked-ae] sweep lam=0.774263682681127 epoch 11/25 time=1.21s device=cuda
INFO:src.estimators.masked_ae:[masked-ae] sweep lam=0.774263682681127 epoch 12/25 time=1.22s device=cuda
INFO:src.estimators.masked_ae:[masked-ae] sweep lam=0.774263682681127 epoch 13/25 time=1.22s device=cuda
INFO:src.estimators.masked_ae:[masked-ae] sweep lam=0.774263682681127 epoch 14/25 time=1.07s device=cuda
INFO:src.estimators.masked_ae:[masked-ae] sweep lam=0.774263682681127 epoch 15/25 time=1.08s device=cuda
INFO:src.estimators.masked_ae:[masked-ae] sweep lam=0.774263682681127 epoch 16/25 time=1.17s device=cuda
INFO:src.estimators.masked_ae:[masked-ae] sweep lam=0.774263682681127 epoch 17/25 time=1.18s device=cuda
INFO:src.estimators.masked_ae:[masked-ae] sweep lam=0.774263682681127 epoch 18/25 time=1.15s device=cuda
INFO:src.estimators.masked_ae:[masked-ae] sweep lam=0.774263682681127 epoch 19/25 time=1.11s device=cuda
INFO:src.estimators.masked_ae:[masked-ae] sweep lam=0.774263682681127 epoch 20/25 time=1.05s device=cuda
INFO:src.estimators.masked_ae:[masked-ae] sweep lam=0.774263682681127 epoch 21/25 time=1.06s device=cuda
INFO:src.estimators.masked_ae:[masked-ae] sweep lam=0.774263682681127 epoch 22/25 time=1.12s device=cuda
INFO:src.estimators.masked_ae:[masked-ae] sweep lam=0.774263682681127 epoch 23/25 time=1.13s device=cuda
INFO:src.estimators.masked_ae:[masked-ae] sweep lam=0.774263682681127 epoch 24/25 time=1.13s device=cuda
INFO:src.estimators.masked_ae:[masked-ae] sweep lam=0.774263682681127 epoch 25/25 time=1.07s device=cuda
INFO:src.estimators.masked_ae:[masked-ae] sweep lam=1.291549665014884 epoch 1/25 time=1.13s device=cuda
INFO:src.estimators.masked_ae:[masked-ae] sweep lam=1.291549665014884 epoch 2/25 time=1.10s device=cuda
INFO:src.estimators.masked_ae:[masked-ae] sweep lam=1.291549665014884 epoch 3/25 time=1.09s device=cuda
INFO:src.estimators.masked_ae:[masked-ae] sweep lam=1.291549665014884 epoch 4/25 time=1.08s device=cuda
INFO:src.estimators.masked_ae:[masked-ae] sweep lam=1.291549665014884 epoch 5/25 time=1.06s device=cuda
INFO:src.estimators.masked_ae:[masked-ae] sweep lam=1.291549665014884 epoch 6/25 time=1.04s device=cuda
INFO:src.estimators.masked_ae:[masked-ae] sweep lam=1.291549665014884 epoch 7/25 time=1.01s device=cuda
INFO:src.estimators.masked_ae:[masked-ae] sweep lam=1.291549665014884 epoch 8/25 time=1.13s device=cuda
INFO:src.estimators.masked_ae:[masked-ae] sweep lam=1.291549665014884 epoch 9/25 time=1.05s device=cuda
INFO:src.estimators.masked_ae:[masked-ae] sweep lam=1.291549665014884 epoch 10/25 time=1.14s device=cuda
INFO:src.estimators.masked_ae:[masked-ae] sweep lam=1.291549665014884 epoch 11/25 time=1.10s device=cuda
INFO:src.estimators.masked_ae:[masked-ae] sweep lam=1.291549665014884 epoch 12/25 time=1.19s device=cuda
INFO:src.estimators.masked_ae:[masked-ae] sweep lam=1.291549665014884 epoch 13/25 time=1.19s device=cuda
INFO:src.estimators.masked_ae:[masked-ae] sweep lam=1.291549665014884 epoch 14/25 time=1.06s device=cuda
INFO:src.estimators.masked_ae:[masked-ae] sweep lam=1.291549665014884 epoch 15/25 time=1.06s device=cuda
INFO:src.estimators.masked_ae:[masked-ae] sweep lam=1.291549665014884 epoch 16/25 time=1.09s device=cuda
INFO:src.estimators.masked_ae:[masked-ae] sweep lam=1.291549665014884 epoch 17/25 time=1.02s device=cuda
INFO:src.estimators.masked_ae:[masked-ae] sweep lam=1.291549665014884 epoch 18/25 time=1.31s device=cuda
INFO:src.estimators.masked_ae:[masked-ae] sweep lam=1.291549665014884 epoch 19/25 time=1.09s device=cuda
INFO:src.estimators.masked_ae:[masked-ae] sweep lam=1.291549665014884 epoch 20/25 time=1.23s device=cuda
INFO:src.estimators.masked_ae:[masked-ae] sweep lam=1.291549665014884 epoch 21/25 time=1.06s device=cuda
INFO:src.estimators.masked_ae:[masked-ae] sweep lam=1.291549665014884 epoch 22/25 time=1.03s device=cuda
INFO:src.estimators.masked_ae:[masked-ae] sweep lam=1.291549665014884 epoch 23/25 time=1.07s device=cuda
INFO:src.estimators.masked_ae:[masked-ae] sweep lam=1.291549665014884 epoch 24/25 time=1.13s device=cuda
INFO:src.estimators.masked_ae:[masked-ae] sweep lam=1.291549665014884 epoch 25/25 time=1.07s device=cuda
INFO:src.estimators.masked_ae:[masked-ae] sweep lam=2.1544346900318834 epoch 1/25 time=1.10s device=cuda
INFO:src.estimators.masked_ae:[masked-ae] sweep lam=2.1544346900318834 epoch 2/25 time=1.32s device=cuda
INFO:src.estimators.masked_ae:[masked-ae] sweep lam=2.1544346900318834 epoch 3/25 time=1.02s device=cuda
INFO:src.estimators.masked_ae:[masked-ae] sweep lam=2.1544346900318834 epoch 4/25 time=1.16s device=cuda
INFO:src.estimators.masked_ae:[masked-ae] sweep lam=2.1544346900318834 epoch 5/25 time=1.04s device=cuda
INFO:src.estimators.masked_ae:[masked-ae] sweep lam=2.1544346900318834 epoch 6/25 time=1.16s device=cuda
INFO:src.estimators.masked_ae:[masked-ae] sweep lam=2.1544346900318834 epoch 7/25 time=1.01s device=cuda
INFO:src.estimators.masked_ae:[masked-ae] sweep lam=2.1544346900318834 epoch 8/25 time=1.08s device=cuda
INFO:src.estimators.masked_ae:[masked-ae] sweep lam=2.1544346900318834 epoch 9/25 time=1.17s device=cuda
INFO:src.estimators.masked_ae:[masked-ae] sweep lam=2.1544346900318834 epoch 10/25 time=1.08s device=cuda
INFO:src.estimators.masked_ae:[masked-ae] sweep lam=2.1544346900318834 epoch 11/25 time=1.12s device=cuda
INFO:src.estimators.masked_ae:[masked-ae] sweep lam=2.1544346900318834 epoch 12/25 time=1.05s device=cuda
INFO:src.estimators.masked_ae:[masked-ae] sweep lam=2.1544346900318834 epoch 13/25 time=1.06s device=cuda
INFO:src.estimators.masked_ae:[masked-ae] sweep lam=2.1544346900318834 epoch 14/25 time=1.14s device=cuda
INFO:src.estimators.masked_ae:[masked-ae] sweep lam=2.1544346900318834 epoch 15/25 time=1.17s device=cuda
INFO:src.estimators.masked_ae:[masked-ae] sweep lam=2.1544346900318834 epoch 16/25 time=1.30s device=cuda
INFO:src.estimators.masked_ae:[masked-ae] sweep lam=2.1544346900318834 epoch 17/25 time=1.12s device=cuda
INFO:src.estimators.masked_ae:[masked-ae] sweep lam=2.1544346900318834 epoch 18/25 time=1.13s device=cuda
INFO:src.estimators.masked_ae:[masked-ae] sweep lam=2.1544346900318834 epoch 19/25 time=1.06s device=cuda
INFO:src.estimators.masked_ae:[masked-ae] sweep lam=2.1544346900318834 epoch 20/25 time=1.01s device=cuda
INFO:src.estimators.masked_ae:[masked-ae] sweep lam=2.1544346900318834 epoch 21/25 time=1.09s device=cuda
INFO:src.estimators.masked_ae:[masked-ae] sweep lam=2.1544346900318834 epoch 22/25 time=1.11s device=cuda
INFO:src.estimators.masked_ae:[masked-ae] sweep lam=2.1544346900318834 epoch 23/25 time=1.12s device=cuda
INFO:src.estimators.masked_ae:[masked-ae] sweep lam=2.1544346900318834 epoch 24/25 time=1.09s device=cuda
INFO:src.estimators.masked_ae:[masked-ae] sweep lam=2.1544346900318834 epoch 25/25 time=1.27s device=cuda
INFO:src.estimators.masked_ae:[masked-ae] sweep lam=3.593813663804626 epoch 1/25 time=1.13s device=cuda
INFO:src.estimators.masked_ae:[masked-ae] sweep lam=3.593813663804626 epoch 2/25 time=1.08s device=cuda
INFO:src.estimators.masked_ae:[masked-ae] sweep lam=3.593813663804626 epoch 3/25 time=1.04s device=cuda
INFO:src.estimators.masked_ae:[masked-ae] sweep lam=3.593813663804626 epoch 4/25 time=1.07s device=cuda
INFO:src.estimators.masked_ae:[masked-ae] sweep lam=3.593813663804626 epoch 5/25 time=1.05s device=cuda
INFO:src.estimators.masked_ae:[masked-ae] sweep lam=3.593813663804626 epoch 6/25 time=1.02s device=cuda
INFO:src.estimators.masked_ae:[masked-ae] sweep lam=3.593813663804626 epoch 7/25 time=1.24s device=cuda
INFO:src.estimators.masked_ae:[masked-ae] sweep lam=3.593813663804626 epoch 8/25 time=1.03s device=cuda
INFO:src.estimators.masked_ae:[masked-ae] sweep lam=3.593813663804626 epoch 9/25 time=1.02s device=cuda
INFO:src.estimators.masked_ae:[masked-ae] sweep lam=3.593813663804626 epoch 10/25 time=1.00s device=cuda
INFO:src.estimators.masked_ae:[masked-ae] sweep lam=3.593813663804626 epoch 11/25 time=1.11s device=cuda
INFO:src.estimators.masked_ae:[masked-ae] sweep lam=3.593813663804626 epoch 12/25 time=1.00s device=cuda
INFO:src.estimators.masked_ae:[masked-ae] sweep lam=3.593813663804626 epoch 13/25 time=1.01s device=cuda
INFO:src.estimators.masked_ae:[masked-ae] sweep lam=3.593813663804626 epoch 14/25 time=1.21s device=cuda
INFO:src.estimators.masked_ae:[masked-ae] sweep lam=3.593813663804626 epoch 15/25 time=1.05s device=cuda
INFO:src.estimators.masked_ae:[masked-ae] sweep lam=3.593813663804626 epoch 16/25 time=1.11s device=cuda
INFO:src.estimators.masked_ae:[masked-ae] sweep lam=3.593813663804626 epoch 17/25 time=1.07s device=cuda
INFO:src.estimators.masked_ae:[masked-ae] sweep lam=3.593813663804626 epoch 18/25 time=1.12s device=cuda
INFO:src.estimators.masked_ae:[masked-ae] sweep lam=3.593813663804626 epoch 19/25 time=1.08s device=cuda
INFO:src.estimators.masked_ae:[masked-ae] sweep lam=3.593813663804626 epoch 20/25 time=1.11s device=cuda
INFO:src.estimators.masked_ae:[masked-ae] sweep lam=3.593813663804626 epoch 21/25 time=1.21s device=cuda
INFO:src.estimators.masked_ae:[masked-ae] sweep lam=3.593813663804626 epoch 22/25 time=1.26s device=cuda
INFO:src.estimators.masked_ae:[masked-ae] sweep lam=3.593813663804626 epoch 23/25 time=1.03s device=cuda
INFO:src.estimators.masked_ae:[masked-ae] sweep lam=3.593813663804626 epoch 24/25 time=1.04s device=cuda
INFO:src.estimators.masked_ae:[masked-ae] sweep lam=3.593813663804626 epoch 25/25 time=1.06s device=cuda
INFO:src.estimators.masked_ae:[masked-ae] sweep lam=5.994842503189409 epoch 1/25 time=1.05s device=cuda
INFO:src.estimators.masked_ae:[masked-ae] sweep lam=5.994842503189409 epoch 2/25 time=1.14s device=cuda
INFO:src.estimators.masked_ae:[masked-ae] sweep lam=5.994842503189409 epoch 3/25 time=1.08s device=cuda
INFO:src.estimators.masked_ae:[masked-ae] sweep lam=5.994842503189409 epoch 4/25 time=1.22s device=cuda
INFO:src.estimators.masked_ae:[masked-ae] sweep lam=5.994842503189409 epoch 5/25 time=1.18s device=cuda
INFO:src.estimators.masked_ae:[masked-ae] sweep lam=5.994842503189409 epoch 6/25 time=1.10s device=cuda
INFO:src.estimators.masked_ae:[masked-ae] sweep lam=5.994842503189409 epoch 7/25 time=1.08s device=cuda
INFO:src.estimators.masked_ae:[masked-ae] sweep lam=5.994842503189409 epoch 8/25 time=1.04s device=cuda
INFO:src.estimators.masked_ae:[masked-ae] sweep lam=5.994842503189409 epoch 9/25 time=1.06s device=cuda
INFO:src.estimators.masked_ae:[masked-ae] sweep lam=5.994842503189409 epoch 10/25 time=1.02s device=cuda
INFO:src.estimators.masked_ae:[masked-ae] sweep lam=5.994842503189409 epoch 11/25 time=1.04s device=cuda
INFO:src.estimators.masked_ae:[masked-ae] sweep lam=5.994842503189409 epoch 12/25 time=1.16s device=cuda
INFO:src.estimators.masked_ae:[masked-ae] sweep lam=5.994842503189409 epoch 13/25 time=1.07s device=cuda
INFO:src.estimators.masked_ae:[masked-ae] sweep lam=5.994842503189409 epoch 14/25 time=1.31s device=cuda
INFO:src.estimators.masked_ae:[masked-ae] sweep lam=5.994842503189409 epoch 15/25 time=1.05s device=cuda
INFO:src.estimators.masked_ae:[masked-ae] sweep lam=5.994842503189409 epoch 16/25 time=1.05s device=cuda
INFO:src.estimators.masked_ae:[masked-ae] sweep lam=5.994842503189409 epoch 17/25 time=1.02s device=cuda
INFO:src.estimators.masked_ae:[masked-ae] sweep lam=5.994842503189409 epoch 18/25 time=1.14s device=cuda
INFO:src.estimators.masked_ae:[masked-ae] sweep lam=5.994842503189409 epoch 19/25 time=1.18s device=cuda
INFO:src.estimators.masked_ae:[masked-ae] sweep lam=5.994842503189409 epoch 20/25 time=1.05s device=cuda
INFO:src.estimators.masked_ae:[masked-ae] sweep lam=5.994842503189409 epoch 21/25 time=1.06s device=cuda
INFO:src.estimators.masked_ae:[masked-ae] sweep lam=5.994842503189409 epoch 22/25 time=1.23s device=cuda
INFO:src.estimators.masked_ae:[masked-ae] sweep lam=5.994842503189409 epoch 23/25 time=1.12s device=cuda
INFO:src.estimators.masked_ae:[masked-ae] sweep lam=5.994842503189409 epoch 24/25 time=1.14s device=cuda
INFO:src.estimators.masked_ae:[masked-ae] sweep lam=5.994842503189409 epoch 25/25 time=1.30s device=cuda
INFO:src.estimators.masked_ae:[masked-ae] sweep lam=10.0 epoch 1/25 time=1.20s device=cuda
INFO:src.estimators.masked_ae:[masked-ae] sweep lam=10.0 epoch 2/25 time=1.10s device=cuda
INFO:src.estimators.masked_ae:[masked-ae] sweep lam=10.0 epoch 3/25 time=1.11s device=cuda
INFO:src.estimators.masked_ae:[masked-ae] sweep lam=10.0 epoch 4/25 time=1.08s device=cuda
INFO:src.estimators.masked_ae:[masked-ae] sweep lam=10.0 epoch 5/25 time=1.16s device=cuda
INFO:src.estimators.masked_ae:[masked-ae] sweep lam=10.0 epoch 6/25 time=1.13s device=cuda
INFO:src.estimators.masked_ae:[masked-ae] sweep lam=10.0 epoch 7/25 time=1.07s device=cuda
INFO:src.estimators.masked_ae:[masked-ae] sweep lam=10.0 epoch 8/25 time=1.11s device=cuda
INFO:src.estimators.masked_ae:[masked-ae] sweep lam=10.0 epoch 9/25 time=1.07s device=cuda
INFO:src.estimators.masked_ae:[masked-ae] sweep lam=10.0 epoch 10/25 time=1.11s device=cuda
INFO:src.estimators.masked_ae:[masked-ae] sweep lam=10.0 epoch 11/25 time=1.11s device=cuda
INFO:src.estimators.masked_ae:[masked-ae] sweep lam=10.0 epoch 12/25 time=1.07s device=cuda
INFO:src.estimators.masked_ae:[masked-ae] sweep lam=10.0 epoch 13/25 time=1.12s device=cuda
INFO:src.estimators.masked_ae:[masked-ae] sweep lam=10.0 epoch 14/25 time=1.17s device=cuda
INFO:src.estimators.masked_ae:[masked-ae] sweep lam=10.0 epoch 15/25 time=1.07s device=cuda
INFO:src.estimators.masked_ae:[masked-ae] sweep lam=10.0 epoch 16/25 time=1.22s device=cuda
INFO:src.estimators.masked_ae:[masked-ae] sweep lam=10.0 epoch 17/25 time=1.08s device=cuda
INFO:src.estimators.masked_ae:[masked-ae] sweep lam=10.0 epoch 18/25 time=1.10s device=cuda
INFO:src.estimators.masked_ae:[masked-ae] sweep lam=10.0 epoch 19/25 time=1.27s device=cuda
INFO:src.estimators.masked_ae:[masked-ae] sweep lam=10.0 epoch 20/25 time=1.11s device=cuda
INFO:src.estimators.masked_ae:[masked-ae] sweep lam=10.0 epoch 21/25 time=1.12s device=cuda
INFO:src.estimators.masked_ae:[masked-ae] sweep lam=10.0 epoch 22/25 time=1.17s device=cuda
INFO:src.estimators.masked_ae:[masked-ae] sweep lam=10.0 epoch 23/25 time=1.13s device=cuda
INFO:src.estimators.masked_ae:[masked-ae] sweep lam=10.0 epoch 24/25 time=1.11s device=cuda
INFO:src.estimators.masked_ae:[masked-ae] sweep lam=10.0 epoch 25/25 time=1.16s device=cuda
INFO:src.estimators.masked_ae:[masked-ae] retrain epoch 1/35 time=1.10s device=cuda
INFO:src.estimators.masked_ae:[masked-ae] retrain epoch 2/35 time=1.11s device=cuda
INFO:src.estimators.masked_ae:[masked-ae] retrain epoch 3/35 time=1.19s device=cuda
INFO:src.estimators.masked_ae:[masked-ae] retrain epoch 4/35 time=1.15s device=cuda
INFO:src.estimators.masked_ae:[masked-ae] retrain epoch 5/35 time=1.22s device=cuda
INFO:src.estimators.masked_ae:[masked-ae] retrain epoch 6/35 time=1.14s device=cuda
INFO:src.estimators.masked_ae:[masked-ae] retrain epoch 7/35 time=1.17s device=cuda
INFO:src.estimators.masked_ae:[masked-ae] retrain epoch 8/35 time=1.15s device=cuda
INFO:src.estimators.masked_ae:[masked-ae] retrain epoch 9/35 time=1.19s device=cuda
INFO:src.estimators.masked_ae:[masked-ae] retrain epoch 10/35 time=1.08s device=cuda
INFO:src.estimators.masked_ae:[masked-ae] retrain epoch 11/35 time=1.10s device=cuda
INFO:src.estimators.masked_ae:[masked-ae] retrain epoch 12/35 time=1.14s device=cuda
INFO:src.estimators.masked_ae:[masked-ae] retrain epoch 13/35 time=1.12s device=cuda
INFO:src.estimators.masked_ae:[masked-ae] retrain epoch 14/35 time=1.13s device=cuda
INFO:src.estimators.masked_ae:[masked-ae] retrain epoch 15/35 time=1.23s device=cuda
INFO:src.estimators.masked_ae:[masked-ae] retrain epoch 16/35 time=1.14s device=cuda
INFO:src.estimators.masked_ae:[masked-ae] retrain epoch 17/35 time=1.11s device=cuda
INFO:src.estimators.masked_ae:[masked-ae] retrain epoch 18/35 time=1.10s device=cuda
INFO:src.estimators.masked_ae:[masked-ae] retrain epoch 19/35 time=1.15s device=cuda
INFO:src.estimators.masked_ae:[masked-ae] retrain epoch 20/35 time=1.21s device=cuda
INFO:src.estimators.masked_ae:[masked-ae] retrain epoch 21/35 time=1.20s device=cuda
INFO:src.estimators.masked_ae:[masked-ae] retrain epoch 22/35 time=1.15s device=cuda
INFO:src.estimators.masked_ae:[masked-ae] retrain epoch 23/35 time=1.20s device=cuda
INFO:src.estimators.masked_ae:[masked-ae] retrain epoch 24/35 time=1.11s device=cuda
INFO:src.estimators.masked_ae:[masked-ae] retrain epoch 25/35 time=1.23s device=cuda
INFO:src.estimators.masked_ae:[masked-ae] retrain epoch 26/35 time=1.21s device=cuda
INFO:src.estimators.masked_ae:[masked-ae] retrain epoch 27/35 time=1.12s device=cuda
INFO:src.estimators.masked_ae:[masked-ae] retrain epoch 28/35 time=1.10s device=cuda
INFO:src.estimators.masked_ae:[masked-ae] retrain epoch 29/35 time=1.13s device=cuda
INFO:src.estimators.masked_ae:[masked-ae] retrain epoch 30/35 time=1.29s device=cuda
INFO:src.estimators.masked_ae:[masked-ae] retrain epoch 31/35 time=1.17s device=cuda
INFO:src.estimators.masked_ae:[masked-ae] retrain epoch 32/35 time=1.09s device=cuda
INFO:src.estimators.masked_ae:[masked-ae] retrain epoch 33/35 time=1.04s device=cuda
INFO:src.estimators.masked_ae:[masked-ae] retrain epoch 34/35 time=1.26s device=cuda
INFO:src.estimators.masked_ae:[masked-ae] retrain epoch 35/35 time=1.31s device=cuda
INFO:repair_masked_ae:Group ('mnist', 15, 0.5, 1) repaired: estimate=17.0 elapsed_s=336.27 device=cuda samples=60000 rows=5
INFO:repair_masked_ae:Processing group key=('mnist', 15, 0.75, 1) with 5 rows; example row 835
INFO:src.estimators.masked_ae:[masked-ae] pretrain epoch 1/10 time=1.00s device=cuda
INFO:src.estimators.masked_ae:[masked-ae] pretrain epoch 2/10 time=1.22s device=cuda
INFO:src.estimators.masked_ae:[masked-ae] pretrain epoch 3/10 time=1.00s device=cuda
INFO:src.estimators.masked_ae:[masked-ae] pretrain epoch 4/10 time=1.00s device=cuda
INFO:src.estimators.masked_ae:[masked-ae] pretrain epoch 5/10 time=1.02s device=cuda
INFO:src.estimators.masked_ae:[masked-ae] pretrain epoch 6/10 time=0.96s device=cuda
INFO:src.estimators.masked_ae:[masked-ae] pretrain epoch 7/10 time=1.15s device=cuda
INFO:src.estimators.masked_ae:[masked-ae] pretrain epoch 8/10 time=0.95s device=cuda
INFO:src.estimators.masked_ae:[masked-ae] pretrain epoch 9/10 time=0.97s device=cuda
INFO:src.estimators.masked_ae:[masked-ae] pretrain epoch 10/10 time=1.04s device=cuda
INFO:src.estimators.masked_ae:[masked-ae] sweep lam=0.1 epoch 1/25 time=1.17s device=cuda
INFO:src.estimators.masked_ae:[masked-ae] sweep lam=0.1 epoch 2/25 time=1.23s device=cuda
INFO:src.estimators.masked_ae:[masked-ae] sweep lam=0.1 epoch 3/25 time=1.11s device=cuda
INFO:src.estimators.masked_ae:[masked-ae] sweep lam=0.1 epoch 4/25 time=1.15s device=cuda
INFO:src.estimators.masked_ae:[masked-ae] sweep lam=0.1 epoch 5/25 time=1.06s device=cuda
INFO:src.estimators.masked_ae:[masked-ae] sweep lam=0.1 epoch 6/25 time=1.16s device=cuda
INFO:src.estimators.masked_ae:[masked-ae] sweep lam=0.1 epoch 7/25 time=1.32s device=cuda
INFO:src.estimators.masked_ae:[masked-ae] sweep lam=0.1 epoch 8/25 time=1.11s device=cuda
INFO:src.estimators.masked_ae:[masked-ae] sweep lam=0.1 epoch 9/25 time=1.13s device=cuda
INFO:src.estimators.masked_ae:[masked-ae] sweep lam=0.1 epoch 10/25 time=1.15s device=cuda
INFO:src.estimators.masked_ae:[masked-ae] sweep lam=0.1 epoch 11/25 time=1.16s device=cuda
INFO:src.estimators.masked_ae:[masked-ae] sweep lam=0.1 epoch 12/25 time=1.05s device=cuda
INFO:src.estimators.masked_ae:[masked-ae] sweep lam=0.1 epoch 13/25 time=1.12s device=cuda
INFO:src.estimators.masked_ae:[masked-ae] sweep lam=0.1 epoch 14/25 time=1.19s device=cuda
INFO:src.estimators.masked_ae:[masked-ae] sweep lam=0.1 epoch 15/25 time=1.14s device=cuda
INFO:src.estimators.masked_ae:[masked-ae] sweep lam=0.1 epoch 16/25 time=1.23s device=cuda
INFO:src.estimators.masked_ae:[masked-ae] sweep lam=0.1 epoch 17/25 time=1.16s device=cuda
INFO:src.estimators.masked_ae:[masked-ae] sweep lam=0.1 epoch 18/25 time=1.19s device=cuda
INFO:src.estimators.masked_ae:[masked-ae] sweep lam=0.1 epoch 19/25 time=1.21s device=cuda
INFO:src.estimators.masked_ae:[masked-ae] sweep lam=0.1 epoch 20/25 time=1.12s device=cuda
INFO:src.estimators.masked_ae:[masked-ae] sweep lam=0.1 epoch 21/25 time=1.16s device=cuda
INFO:src.estimators.masked_ae:[masked-ae] sweep lam=0.1 epoch 22/25 time=1.10s device=cuda
INFO:src.estimators.masked_ae:[masked-ae] sweep lam=0.1 epoch 23/25 time=1.16s device=cuda
INFO:src.estimators.masked_ae:[masked-ae] sweep lam=0.1 epoch 24/25 time=1.07s device=cuda
INFO:src.estimators.masked_ae:[masked-ae] sweep lam=0.1 epoch 25/25 time=1.09s device=cuda
INFO:src.estimators.masked_ae:[masked-ae] sweep lam=0.16681005372000587 epoch 1/25 time=1.26s device=cuda
INFO:src.estimators.masked_ae:[masked-ae] sweep lam=0.16681005372000587 epoch 2/25 time=1.08s device=cuda
INFO:src.estimators.masked_ae:[masked-ae] sweep lam=0.16681005372000587 epoch 3/25 time=1.12s device=cuda
INFO:src.estimators.masked_ae:[masked-ae] sweep lam=0.16681005372000587 epoch 4/25 time=1.17s device=cuda
INFO:src.estimators.masked_ae:[masked-ae] sweep lam=0.16681005372000587 epoch 5/25 time=1.16s device=cuda
INFO:src.estimators.masked_ae:[masked-ae] sweep lam=0.16681005372000587 epoch 6/25 time=1.46s device=cuda
INFO:src.estimators.masked_ae:[masked-ae] sweep lam=0.16681005372000587 epoch 7/25 time=1.06s device=cuda
INFO:src.estimators.masked_ae:[masked-ae] sweep lam=0.16681005372000587 epoch 8/25 time=1.17s device=cuda
INFO:src.estimators.masked_ae:[masked-ae] sweep lam=0.16681005372000587 epoch 9/25 time=1.04s device=cuda
INFO:src.estimators.masked_ae:[masked-ae] sweep lam=0.16681005372000587 epoch 10/25 time=1.10s device=cuda
INFO:src.estimators.masked_ae:[masked-ae] sweep lam=0.16681005372000587 epoch 11/25 time=1.14s device=cuda
INFO:src.estimators.masked_ae:[masked-ae] sweep lam=0.16681005372000587 epoch 12/25 time=1.35s device=cuda
INFO:src.estimators.masked_ae:[masked-ae] sweep lam=0.16681005372000587 epoch 13/25 time=1.10s device=cuda
INFO:src.estimators.masked_ae:[masked-ae] sweep lam=0.16681005372000587 epoch 14/25 time=1.00s device=cuda
INFO:src.estimators.masked_ae:[masked-ae] sweep lam=0.16681005372000587 epoch 15/25 time=1.14s device=cuda
INFO:src.estimators.masked_ae:[masked-ae] sweep lam=0.16681005372000587 epoch 16/25 time=1.22s device=cuda
INFO:src.estimators.masked_ae:[masked-ae] sweep lam=0.16681005372000587 epoch 17/25 time=1.06s device=cuda
INFO:src.estimators.masked_ae:[masked-ae] sweep lam=0.16681005372000587 epoch 18/25 time=1.28s device=cuda
INFO:src.estimators.masked_ae:[masked-ae] sweep lam=0.16681005372000587 epoch 19/25 time=1.20s device=cuda
INFO:src.estimators.masked_ae:[masked-ae] sweep lam=0.16681005372000587 epoch 20/25 time=1.20s device=cuda
INFO:src.estimators.masked_ae:[masked-ae] sweep lam=0.16681005372000587 epoch 21/25 time=1.19s device=cuda
INFO:src.estimators.masked_ae:[masked-ae] sweep lam=0.16681005372000587 epoch 22/25 time=1.30s device=cuda
INFO:src.estimators.masked_ae:[masked-ae] sweep lam=0.16681005372000587 epoch 23/25 time=1.13s device=cuda
INFO:src.estimators.masked_ae:[masked-ae] sweep lam=0.16681005372000587 epoch 24/25 time=1.16s device=cuda
INFO:src.estimators.masked_ae:[masked-ae] sweep lam=0.16681005372000587 epoch 25/25 time=1.08s device=cuda
INFO:src.estimators.masked_ae:[masked-ae] sweep lam=0.2782559402207124 epoch 1/25 time=1.09s device=cuda
INFO:src.estimators.masked_ae:[masked-ae] sweep lam=0.2782559402207124 epoch 2/25 time=1.23s device=cuda
INFO:src.estimators.masked_ae:[masked-ae] sweep lam=0.2782559402207124 epoch 3/25 time=1.08s device=cuda
INFO:src.estimators.masked_ae:[masked-ae] sweep lam=0.2782559402207124 epoch 4/25 time=1.28s device=cuda
INFO:src.estimators.masked_ae:[masked-ae] sweep lam=0.2782559402207124 epoch 5/25 time=1.09s device=cuda
INFO:src.estimators.masked_ae:[masked-ae] sweep lam=0.2782559402207124 epoch 6/25 time=1.11s device=cuda
INFO:src.estimators.masked_ae:[masked-ae] sweep lam=0.2782559402207124 epoch 7/25 time=1.09s device=cuda
INFO:src.estimators.masked_ae:[masked-ae] sweep lam=0.2782559402207124 epoch 8/25 time=1.24s device=cuda
INFO:src.estimators.masked_ae:[masked-ae] sweep lam=0.2782559402207124 epoch 9/25 time=1.11s device=cuda
INFO:src.estimators.masked_ae:[masked-ae] sweep lam=0.2782559402207124 epoch 10/25 time=1.07s device=cuda
INFO:src.estimators.masked_ae:[masked-ae] sweep lam=0.2782559402207124 epoch 11/25 time=1.06s device=cuda
INFO:src.estimators.masked_ae:[masked-ae] sweep lam=0.2782559402207124 epoch 12/25 time=1.09s device=cuda
INFO:src.estimators.masked_ae:[masked-ae] sweep lam=0.2782559402207124 epoch 13/25 time=1.31s device=cuda
INFO:src.estimators.masked_ae:[masked-ae] sweep lam=0.2782559402207124 epoch 14/25 time=1.22s device=cuda
INFO:src.estimators.masked_ae:[masked-ae] sweep lam=0.2782559402207124 epoch 15/25 time=1.07s device=cuda
INFO:src.estimators.masked_ae:[masked-ae] sweep lam=0.2782559402207124 epoch 16/25 time=1.14s device=cuda
INFO:src.estimators.masked_ae:[masked-ae] sweep lam=0.2782559402207124 epoch 17/25 time=1.10s device=cuda
INFO:src.estimators.masked_ae:[masked-ae] sweep lam=0.2782559402207124 epoch 18/25 time=1.31s device=cuda
INFO:src.estimators.masked_ae:[masked-ae] sweep lam=0.2782559402207124 epoch 19/25 time=1.27s device=cuda
INFO:src.estimators.masked_ae:[masked-ae] sweep lam=0.2782559402207124 epoch 20/25 time=1.10s device=cuda
INFO:src.estimators.masked_ae:[masked-ae] sweep lam=0.2782559402207124 epoch 21/25 time=1.22s device=cuda
INFO:src.estimators.masked_ae:[masked-ae] sweep lam=0.2782559402207124 epoch 22/25 time=1.05s device=cuda
INFO:src.estimators.masked_ae:[masked-ae] sweep lam=0.2782559402207124 epoch 23/25 time=1.08s device=cuda
INFO:src.estimators.masked_ae:[masked-ae] sweep lam=0.2782559402207124 epoch 24/25 time=1.09s device=cuda
INFO:src.estimators.masked_ae:[masked-ae] sweep lam=0.2782559402207124 epoch 25/25 time=1.29s device=cuda
INFO:src.estimators.masked_ae:[masked-ae] sweep lam=0.46415888336127786 epoch 1/25 time=1.19s device=cuda
INFO:src.estimators.masked_ae:[masked-ae] sweep lam=0.46415888336127786 epoch 2/25 time=1.11s device=cuda
INFO:src.estimators.masked_ae:[masked-ae] sweep lam=0.46415888336127786 epoch 3/25 time=1.20s device=cuda
INFO:src.estimators.masked_ae:[masked-ae] sweep lam=0.46415888336127786 epoch 4/25 time=1.05s device=cuda
INFO:src.estimators.masked_ae:[masked-ae] sweep lam=0.46415888336127786 epoch 5/25 time=1.21s device=cuda
INFO:src.estimators.masked_ae:[masked-ae] sweep lam=0.46415888336127786 epoch 6/25 time=1.16s device=cuda
INFO:src.estimators.masked_ae:[masked-ae] sweep lam=0.46415888336127786 epoch 7/25 time=1.14s device=cuda
INFO:src.estimators.masked_ae:[masked-ae] sweep lam=0.46415888336127786 epoch 8/25 time=1.24s device=cuda
INFO:src.estimators.masked_ae:[masked-ae] sweep lam=0.46415888336127786 epoch 9/25 time=1.24s device=cuda
INFO:src.estimators.masked_ae:[masked-ae] sweep lam=0.46415888336127786 epoch 10/25 time=1.12s device=cuda
INFO:src.estimators.masked_ae:[masked-ae] sweep lam=0.46415888336127786 epoch 11/25 time=1.04s device=cuda
INFO:src.estimators.masked_ae:[masked-ae] sweep lam=0.46415888336127786 epoch 12/25 time=1.05s device=cuda
INFO:src.estimators.masked_ae:[masked-ae] sweep lam=0.46415888336127786 epoch 13/25 time=1.06s device=cuda
INFO:src.estimators.masked_ae:[masked-ae] sweep lam=0.46415888336127786 epoch 14/25 time=1.23s device=cuda
INFO:src.estimators.masked_ae:[masked-ae] sweep lam=0.46415888336127786 epoch 15/25 time=1.19s device=cuda
INFO:src.estimators.masked_ae:[masked-ae] sweep lam=0.46415888336127786 epoch 16/25 time=1.07s device=cuda
INFO:src.estimators.masked_ae:[masked-ae] sweep lam=0.46415888336127786 epoch 17/25 time=1.18s device=cuda
INFO:src.estimators.masked_ae:[masked-ae] sweep lam=0.46415888336127786 epoch 18/25 time=1.29s device=cuda
INFO:src.estimators.masked_ae:[masked-ae] sweep lam=0.46415888336127786 epoch 19/25 time=1.19s device=cuda
INFO:src.estimators.masked_ae:[masked-ae] sweep lam=0.46415888336127786 epoch 20/25 time=1.15s device=cuda
INFO:src.estimators.masked_ae:[masked-ae] sweep lam=0.46415888336127786 epoch 21/25 time=1.28s device=cuda
INFO:src.estimators.masked_ae:[masked-ae] sweep lam=0.46415888336127786 epoch 22/25 time=1.18s device=cuda
INFO:src.estimators.masked_ae:[masked-ae] sweep lam=0.46415888336127786 epoch 23/25 time=1.25s device=cuda
INFO:src.estimators.masked_ae:[masked-ae] sweep lam=0.46415888336127786 epoch 24/25 time=1.55s device=cuda
INFO:src.estimators.masked_ae:[masked-ae] sweep lam=0.46415888336127786 epoch 25/25 time=1.09s device=cuda
INFO:src.estimators.masked_ae:[masked-ae] sweep lam=0.774263682681127 epoch 1/25 time=1.10s device=cuda
INFO:src.estimators.masked_ae:[masked-ae] sweep lam=0.774263682681127 epoch 2/25 time=1.09s device=cuda
INFO:src.estimators.masked_ae:[masked-ae] sweep lam=0.774263682681127 epoch 3/25 time=1.24s device=cuda
INFO:src.estimators.masked_ae:[masked-ae] sweep lam=0.774263682681127 epoch 4/25 time=1.17s device=cuda
INFO:src.estimators.masked_ae:[masked-ae] sweep lam=0.774263682681127 epoch 5/25 time=1.18s device=cuda
INFO:src.estimators.masked_ae:[masked-ae] sweep lam=0.774263682681127 epoch 6/25 time=1.11s device=cuda
INFO:src.estimators.masked_ae:[masked-ae] sweep lam=0.774263682681127 epoch 7/25 time=1.09s device=cuda
INFO:src.estimators.masked_ae:[masked-ae] sweep lam=0.774263682681127 epoch 8/25 time=1.20s device=cuda
INFO:src.estimators.masked_ae:[masked-ae] sweep lam=0.774263682681127 epoch 9/25 time=1.20s device=cuda
INFO:src.estimators.masked_ae:[masked-ae] sweep lam=0.774263682681127 epoch 10/25 time=1.05s device=cuda
INFO:src.estimators.masked_ae:[masked-ae] sweep lam=0.774263682681127 epoch 11/25 time=1.12s device=cuda
INFO:src.estimators.masked_ae:[masked-ae] sweep lam=0.774263682681127 epoch 12/25 time=1.16s device=cuda
INFO:src.estimators.masked_ae:[masked-ae] sweep lam=0.774263682681127 epoch 13/25 time=1.11s device=cuda
INFO:src.estimators.masked_ae:[masked-ae] sweep lam=0.774263682681127 epoch 14/25 time=1.17s device=cuda
INFO:src.estimators.masked_ae:[masked-ae] sweep lam=0.774263682681127 epoch 15/25 time=1.11s device=cuda
INFO:src.estimators.masked_ae:[masked-ae] sweep lam=0.774263682681127 epoch 16/25 time=1.18s device=cuda
INFO:src.estimators.masked_ae:[masked-ae] sweep lam=0.774263682681127 epoch 17/25 time=1.16s device=cuda
INFO:src.estimators.masked_ae:[masked-ae] sweep lam=0.774263682681127 epoch 18/25 time=1.07s device=cuda
INFO:src.estimators.masked_ae:[masked-ae] sweep lam=0.774263682681127 epoch 19/25 time=1.12s device=cuda
INFO:src.estimators.masked_ae:[masked-ae] sweep lam=0.774263682681127 epoch 20/25 time=1.14s device=cuda
INFO:src.estimators.masked_ae:[masked-ae] sweep lam=0.774263682681127 epoch 21/25 time=1.17s device=cuda
INFO:src.estimators.masked_ae:[masked-ae] sweep lam=0.774263682681127 epoch 22/25 time=1.11s device=cuda
INFO:src.estimators.masked_ae:[masked-ae] sweep lam=0.774263682681127 epoch 23/25 time=1.19s device=cuda
INFO:src.estimators.masked_ae:[masked-ae] sweep lam=0.774263682681127 epoch 24/25 time=1.06s device=cuda
INFO:src.estimators.masked_ae:[masked-ae] sweep lam=0.774263682681127 epoch 25/25 time=1.10s device=cuda
INFO:src.estimators.masked_ae:[masked-ae] sweep lam=1.291549665014884 epoch 1/25 time=1.10s device=cuda
INFO:src.estimators.masked_ae:[masked-ae] sweep lam=1.291549665014884 epoch 2/25 time=1.13s device=cuda
INFO:src.estimators.masked_ae:[masked-ae] sweep lam=1.291549665014884 epoch 3/25 time=1.15s device=cuda
INFO:src.estimators.masked_ae:[masked-ae] sweep lam=1.291549665014884 epoch 4/25 time=1.15s device=cuda
INFO:src.estimators.masked_ae:[masked-ae] sweep lam=1.291549665014884 epoch 5/25 time=1.08s device=cuda
INFO:src.estimators.masked_ae:[masked-ae] sweep lam=1.291549665014884 epoch 6/25 time=1.03s device=cuda
INFO:src.estimators.masked_ae:[masked-ae] sweep lam=1.291549665014884 epoch 7/25 time=1.22s device=cuda
INFO:src.estimators.masked_ae:[masked-ae] sweep lam=1.291549665014884 epoch 8/25 time=1.20s device=cuda
INFO:src.estimators.masked_ae:[masked-ae] sweep lam=1.291549665014884 epoch 9/25 time=1.16s device=cuda
INFO:src.estimators.masked_ae:[masked-ae] sweep lam=1.291549665014884 epoch 10/25 time=1.11s device=cuda
INFO:src.estimators.masked_ae:[masked-ae] sweep lam=1.291549665014884 epoch 11/25 time=1.12s device=cuda
INFO:src.estimators.masked_ae:[masked-ae] sweep lam=1.291549665014884 epoch 12/25 time=1.08s device=cuda
INFO:src.estimators.masked_ae:[masked-ae] sweep lam=1.291549665014884 epoch 13/25 time=1.10s device=cuda
INFO:src.estimators.masked_ae:[masked-ae] sweep lam=1.291549665014884 epoch 14/25 time=1.23s device=cuda
INFO:src.estimators.masked_ae:[masked-ae] sweep lam=1.291549665014884 epoch 15/25 time=1.01s device=cuda
INFO:src.estimators.masked_ae:[masked-ae] sweep lam=1.291549665014884 epoch 16/25 time=1.05s device=cuda
INFO:src.estimators.masked_ae:[masked-ae] sweep lam=1.291549665014884 epoch 17/25 time=1.23s device=cuda
INFO:src.estimators.masked_ae:[masked-ae] sweep lam=1.291549665014884 epoch 18/25 time=1.03s device=cuda
INFO:src.estimators.masked_ae:[masked-ae] sweep lam=1.291549665014884 epoch 19/25 time=1.07s device=cuda
INFO:src.estimators.masked_ae:[masked-ae] sweep lam=1.291549665014884 epoch 20/25 time=1.09s device=cuda
INFO:src.estimators.masked_ae:[masked-ae] sweep lam=1.291549665014884 epoch 21/25 time=1.06s device=cuda
INFO:src.estimators.masked_ae:[masked-ae] sweep lam=1.291549665014884 epoch 22/25 time=1.02s device=cuda
INFO:src.estimators.masked_ae:[masked-ae] sweep lam=1.291549665014884 epoch 23/25 time=1.03s device=cuda
INFO:src.estimators.masked_ae:[masked-ae] sweep lam=1.291549665014884 epoch 24/25 time=1.09s device=cuda
INFO:src.estimators.masked_ae:[masked-ae] sweep lam=1.291549665014884 epoch 25/25 time=1.14s device=cuda
INFO:src.estimators.masked_ae:[masked-ae] sweep lam=2.1544346900318834 epoch 1/25 time=1.08s device=cuda
INFO:src.estimators.masked_ae:[masked-ae] sweep lam=2.1544346900318834 epoch 2/25 time=1.14s device=cuda
INFO:src.estimators.masked_ae:[masked-ae] sweep lam=2.1544346900318834 epoch 3/25 time=1.16s device=cuda
INFO:src.estimators.masked_ae:[masked-ae] sweep lam=2.1544346900318834 epoch 4/25 time=1.11s device=cuda
INFO:src.estimators.masked_ae:[masked-ae] sweep lam=2.1544346900318834 epoch 5/25 time=1.18s device=cuda
INFO:src.estimators.masked_ae:[masked-ae] sweep lam=2.1544346900318834 epoch 6/25 time=1.07s device=cuda
INFO:src.estimators.masked_ae:[masked-ae] sweep lam=2.1544346900318834 epoch 7/25 time=1.13s device=cuda
INFO:src.estimators.masked_ae:[masked-ae] sweep lam=2.1544346900318834 epoch 8/25 time=1.31s device=cuda
INFO:src.estimators.masked_ae:[masked-ae] sweep lam=2.1544346900318834 epoch 9/25 time=1.07s device=cuda
INFO:src.estimators.masked_ae:[masked-ae] sweep lam=2.1544346900318834 epoch 10/25 time=1.25s device=cuda
INFO:src.estimators.masked_ae:[masked-ae] sweep lam=2.1544346900318834 epoch 11/25 time=1.20s device=cuda
INFO:src.estimators.masked_ae:[masked-ae] sweep lam=2.1544346900318834 epoch 12/25 time=1.11s device=cuda
INFO:src.estimators.masked_ae:[masked-ae] sweep lam=2.1544346900318834 epoch 13/25 time=1.08s device=cuda
INFO:src.estimators.masked_ae:[masked-ae] sweep lam=2.1544346900318834 epoch 14/25 time=1.04s device=cuda
INFO:src.estimators.masked_ae:[masked-ae] sweep lam=2.1544346900318834 epoch 15/25 time=1.21s device=cuda
INFO:src.estimators.masked_ae:[masked-ae] sweep lam=2.1544346900318834 epoch 16/25 time=1.26s device=cuda
INFO:src.estimators.masked_ae:[masked-ae] sweep lam=2.1544346900318834 epoch 17/25 time=1.02s device=cuda
INFO:src.estimators.masked_ae:[masked-ae] sweep lam=2.1544346900318834 epoch 18/25 time=1.19s device=cuda
INFO:src.estimators.masked_ae:[masked-ae] sweep lam=2.1544346900318834 epoch 19/25 time=1.10s device=cuda
INFO:src.estimators.masked_ae:[masked-ae] sweep lam=2.1544346900318834 epoch 20/25 time=1.10s device=cuda
INFO:src.estimators.masked_ae:[masked-ae] sweep lam=2.1544346900318834 epoch 21/25 time=1.10s device=cuda
INFO:src.estimators.masked_ae:[masked-ae] sweep lam=2.1544346900318834 epoch 22/25 time=1.13s device=cuda
INFO:src.estimators.masked_ae:[masked-ae] sweep lam=2.1544346900318834 epoch 23/25 time=1.10s device=cuda
INFO:src.estimators.masked_ae:[masked-ae] sweep lam=2.1544346900318834 epoch 24/25 time=1.07s device=cuda
INFO:src.estimators.masked_ae:[masked-ae] sweep lam=2.1544346900318834 epoch 25/25 time=1.13s device=cuda
INFO:src.estimators.masked_ae:[masked-ae] sweep lam=3.593813663804626 epoch 1/25 time=1.15s device=cuda
INFO:src.estimators.masked_ae:[masked-ae] sweep lam=3.593813663804626 epoch 2/25 time=1.12s device=cuda
INFO:src.estimators.masked_ae:[masked-ae] sweep lam=3.593813663804626 epoch 3/25 time=1.22s device=cuda
INFO:src.estimators.masked_ae:[masked-ae] sweep lam=3.593813663804626 epoch 4/25 time=1.27s device=cuda
INFO:src.estimators.masked_ae:[masked-ae] sweep lam=3.593813663804626 epoch 5/25 time=1.12s device=cuda
INFO:src.estimators.masked_ae:[masked-ae] sweep lam=3.593813663804626 epoch 6/25 time=1.10s device=cuda
INFO:src.estimators.masked_ae:[masked-ae] sweep lam=3.593813663804626 epoch 7/25 time=1.10s device=cuda
INFO:src.estimators.masked_ae:[masked-ae] sweep lam=3.593813663804626 epoch 8/25 time=1.24s device=cuda
INFO:src.estimators.masked_ae:[masked-ae] sweep lam=3.593813663804626 epoch 9/25 time=1.06s device=cuda
INFO:src.estimators.masked_ae:[masked-ae] sweep lam=3.593813663804626 epoch 10/25 time=1.18s device=cuda
INFO:src.estimators.masked_ae:[masked-ae] sweep lam=3.593813663804626 epoch 11/25 time=1.04s device=cuda
INFO:src.estimators.masked_ae:[masked-ae] sweep lam=3.593813663804626 epoch 12/25 time=1.26s device=cuda
INFO:src.estimators.masked_ae:[masked-ae] sweep lam=3.593813663804626 epoch 13/25 time=1.25s device=cuda
INFO:src.estimators.masked_ae:[masked-ae] sweep lam=3.593813663804626 epoch 14/25 time=1.10s device=cuda
INFO:src.estimators.masked_ae:[masked-ae] sweep lam=3.593813663804626 epoch 15/25 time=1.26s device=cuda
INFO:src.estimators.masked_ae:[masked-ae] sweep lam=3.593813663804626 epoch 16/25 time=1.17s device=cuda
INFO:src.estimators.masked_ae:[masked-ae] sweep lam=3.593813663804626 epoch 17/25 time=1.01s device=cuda
INFO:src.estimators.masked_ae:[masked-ae] sweep lam=3.593813663804626 epoch 18/25 time=1.13s device=cuda
INFO:src.estimators.masked_ae:[masked-ae] sweep lam=3.593813663804626 epoch 19/25 time=1.18s device=cuda
INFO:src.estimators.masked_ae:[masked-ae] sweep lam=3.593813663804626 epoch 20/25 time=1.15s device=cuda
INFO:src.estimators.masked_ae:[masked-ae] sweep lam=3.593813663804626 epoch 21/25 time=1.17s device=cuda
INFO:src.estimators.masked_ae:[masked-ae] sweep lam=3.593813663804626 epoch 22/25 time=1.13s device=cuda
INFO:src.estimators.masked_ae:[masked-ae] sweep lam=3.593813663804626 epoch 23/25 time=1.08s device=cuda
INFO:src.estimators.masked_ae:[masked-ae] sweep lam=3.593813663804626 epoch 24/25 time=1.10s device=cuda
INFO:src.estimators.masked_ae:[masked-ae] sweep lam=3.593813663804626 epoch 25/25 time=1.20s device=cuda
INFO:src.estimators.masked_ae:[masked-ae] sweep lam=5.994842503189409 epoch 1/25 time=1.13s device=cuda
INFO:src.estimators.masked_ae:[masked-ae] sweep lam=5.994842503189409 epoch 2/25 time=1.36s device=cuda
INFO:src.estimators.masked_ae:[masked-ae] sweep lam=5.994842503189409 epoch 3/25 time=1.24s device=cuda
INFO:src.estimators.masked_ae:[masked-ae] sweep lam=5.994842503189409 epoch 4/25 time=1.10s device=cuda
INFO:src.estimators.masked_ae:[masked-ae] sweep lam=5.994842503189409 epoch 5/25 time=1.13s device=cuda
INFO:src.estimators.masked_ae:[masked-ae] sweep lam=5.994842503189409 epoch 6/25 time=1.05s device=cuda
INFO:src.estimators.masked_ae:[masked-ae] sweep lam=5.994842503189409 epoch 7/25 time=1.23s device=cuda
INFO:src.estimators.masked_ae:[masked-ae] sweep lam=5.994842503189409 epoch 8/25 time=1.21s device=cuda
INFO:src.estimators.masked_ae:[masked-ae] sweep lam=5.994842503189409 epoch 9/25 time=1.15s device=cuda
INFO:src.estimators.masked_ae:[masked-ae] sweep lam=5.994842503189409 epoch 10/25 time=1.06s device=cuda
INFO:src.estimators.masked_ae:[masked-ae] sweep lam=5.994842503189409 epoch 11/25 time=1.24s device=cuda
INFO:src.estimators.masked_ae:[masked-ae] sweep lam=5.994842503189409 epoch 12/25 time=1.17s device=cuda
INFO:src.estimators.masked_ae:[masked-ae] sweep lam=5.994842503189409 epoch 13/25 time=1.24s device=cuda
INFO:src.estimators.masked_ae:[masked-ae] sweep lam=5.994842503189409 epoch 14/25 time=1.11s device=cuda
INFO:src.estimators.masked_ae:[masked-ae] sweep lam=5.994842503189409 epoch 15/25 time=1.09s device=cuda
INFO:src.estimators.masked_ae:[masked-ae] sweep lam=5.994842503189409 epoch 16/25 time=1.12s device=cuda
INFO:src.estimators.masked_ae:[masked-ae] sweep lam=5.994842503189409 epoch 17/25 time=1.19s device=cuda
INFO:src.estimators.masked_ae:[masked-ae] sweep lam=5.994842503189409 epoch 18/25 time=1.17s device=cuda
INFO:src.estimators.masked_ae:[masked-ae] sweep lam=5.994842503189409 epoch 19/25 time=1.27s device=cuda
INFO:src.estimators.masked_ae:[masked-ae] sweep lam=5.994842503189409 epoch 20/25 time=1.12s device=cuda
INFO:src.estimators.masked_ae:[masked-ae] sweep lam=5.994842503189409 epoch 21/25 time=1.08s device=cuda
INFO:src.estimators.masked_ae:[masked-ae] sweep lam=5.994842503189409 epoch 22/25 time=1.14s device=cuda
INFO:src.estimators.masked_ae:[masked-ae] sweep lam=5.994842503189409 epoch 23/25 time=1.08s device=cuda
INFO:src.estimators.masked_ae:[masked-ae] sweep lam=5.994842503189409 epoch 24/25 time=1.12s device=cuda
INFO:src.estimators.masked_ae:[masked-ae] sweep lam=5.994842503189409 epoch 25/25 time=1.09s device=cuda
INFO:src.estimators.masked_ae:[masked-ae] sweep lam=10.0 epoch 1/25 time=1.12s device=cuda
INFO:src.estimators.masked_ae:[masked-ae] sweep lam=10.0 epoch 2/25 time=1.17s device=cuda
INFO:src.estimators.masked_ae:[masked-ae] sweep lam=10.0 epoch 3/25 time=1.06s device=cuda
INFO:src.estimators.masked_ae:[masked-ae] sweep lam=10.0 epoch 4/25 time=1.15s device=cuda
INFO:src.estimators.masked_ae:[masked-ae] sweep lam=10.0 epoch 5/25 time=1.23s device=cuda
INFO:src.estimators.masked_ae:[masked-ae] sweep lam=10.0 epoch 6/25 time=1.07s device=cuda
INFO:src.estimators.masked_ae:[masked-ae] sweep lam=10.0 epoch 7/25 time=1.30s device=cuda
INFO:src.estimators.masked_ae:[masked-ae] sweep lam=10.0 epoch 8/25 time=1.15s device=cuda
INFO:src.estimators.masked_ae:[masked-ae] sweep lam=10.0 epoch 9/25 time=1.22s device=cuda
INFO:src.estimators.masked_ae:[masked-ae] sweep lam=10.0 epoch 10/25 time=1.29s device=cuda
INFO:src.estimators.masked_ae:[masked-ae] sweep lam=10.0 epoch 11/25 time=1.02s device=cuda
INFO:src.estimators.masked_ae:[masked-ae] sweep lam=10.0 epoch 12/25 time=1.24s device=cuda
INFO:src.estimators.masked_ae:[masked-ae] sweep lam=10.0 epoch 13/25 time=1.22s device=cuda
INFO:src.estimators.masked_ae:[masked-ae] sweep lam=10.0 epoch 14/25 time=1.12s device=cuda
INFO:src.estimators.masked_ae:[masked-ae] sweep lam=10.0 epoch 15/25 time=1.22s device=cuda
INFO:src.estimators.masked_ae:[masked-ae] sweep lam=10.0 epoch 16/25 time=1.27s device=cuda
INFO:src.estimators.masked_ae:[masked-ae] sweep lam=10.0 epoch 17/25 time=1.15s device=cuda
INFO:src.estimators.masked_ae:[masked-ae] sweep lam=10.0 epoch 18/25 time=1.09s device=cuda
INFO:src.estimators.masked_ae:[masked-ae] sweep lam=10.0 epoch 19/25 time=1.06s device=cuda
INFO:src.estimators.masked_ae:[masked-ae] sweep lam=10.0 epoch 20/25 time=1.08s device=cuda
INFO:src.estimators.masked_ae:[masked-ae] sweep lam=10.0 epoch 21/25 time=1.19s device=cuda
INFO:src.estimators.masked_ae:[masked-ae] sweep lam=10.0 epoch 22/25 time=1.01s device=cuda
INFO:src.estimators.masked_ae:[masked-ae] sweep lam=10.0 epoch 23/25 time=1.16s device=cuda
INFO:src.estimators.masked_ae:[masked-ae] sweep lam=10.0 epoch 24/25 time=1.32s device=cuda
INFO:src.estimators.masked_ae:[masked-ae] sweep lam=10.0 epoch 25/25 time=1.14s device=cuda
INFO:src.estimators.masked_ae:[masked-ae] retrain epoch 1/35 time=1.08s device=cuda
INFO:src.estimators.masked_ae:[masked-ae] retrain epoch 2/35 time=1.16s device=cuda
INFO:src.estimators.masked_ae:[masked-ae] retrain epoch 3/35 time=1.16s device=cuda
INFO:src.estimators.masked_ae:[masked-ae] retrain epoch 4/35 time=1.07s device=cuda
INFO:src.estimators.masked_ae:[masked-ae] retrain epoch 5/35 time=1.17s device=cuda
INFO:src.estimators.masked_ae:[masked-ae] retrain epoch 6/35 time=1.08s device=cuda
INFO:src.estimators.masked_ae:[masked-ae] retrain epoch 7/35 time=1.19s device=cuda
INFO:src.estimators.masked_ae:[masked-ae] retrain epoch 8/35 time=1.20s device=cuda
INFO:src.estimators.masked_ae:[masked-ae] retrain epoch 9/35 time=1.14s device=cuda
INFO:src.estimators.masked_ae:[masked-ae] retrain epoch 10/35 time=1.40s device=cuda
INFO:src.estimators.masked_ae:[masked-ae] retrain epoch 11/35 time=1.24s device=cuda
INFO:src.estimators.masked_ae:[masked-ae] retrain epoch 12/35 time=1.10s device=cuda
INFO:src.estimators.masked_ae:[masked-ae] retrain epoch 13/35 time=1.28s device=cuda
INFO:src.estimators.masked_ae:[masked-ae] retrain epoch 14/35 time=1.43s device=cuda
INFO:src.estimators.masked_ae:[masked-ae] retrain epoch 15/35 time=1.12s device=cuda
INFO:src.estimators.masked_ae:[masked-ae] retrain epoch 16/35 time=1.33s device=cuda
INFO:src.estimators.masked_ae:[masked-ae] retrain epoch 17/35 time=1.09s device=cuda
INFO:src.estimators.masked_ae:[masked-ae] retrain epoch 18/35 time=1.17s device=cuda
INFO:src.estimators.masked_ae:[masked-ae] retrain epoch 19/35 time=1.11s device=cuda
INFO:src.estimators.masked_ae:[masked-ae] retrain epoch 20/35 time=1.10s device=cuda
INFO:src.estimators.masked_ae:[masked-ae] retrain epoch 21/35 time=1.26s device=cuda
INFO:src.estimators.masked_ae:[masked-ae] retrain epoch 22/35 time=1.21s device=cuda
INFO:src.estimators.masked_ae:[masked-ae] retrain epoch 23/35 time=1.12s device=cuda
INFO:src.estimators.masked_ae:[masked-ae] retrain epoch 24/35 time=1.10s device=cuda
INFO:src.estimators.masked_ae:[masked-ae] retrain epoch 25/35 time=1.14s device=cuda
INFO:src.estimators.masked_ae:[masked-ae] retrain epoch 26/35 time=1.12s device=cuda
INFO:src.estimators.masked_ae:[masked-ae] retrain epoch 27/35 time=1.18s device=cuda
INFO:src.estimators.masked_ae:[masked-ae] retrain epoch 28/35 time=1.13s device=cuda
INFO:src.estimators.masked_ae:[masked-ae] retrain epoch 29/35 time=1.20s device=cuda
INFO:src.estimators.masked_ae:[masked-ae] retrain epoch 30/35 time=1.11s device=cuda
INFO:src.estimators.masked_ae:[masked-ae] retrain epoch 31/35 time=1.18s device=cuda
INFO:src.estimators.masked_ae:[masked-ae] retrain epoch 32/35 time=1.15s device=cuda
INFO:src.estimators.masked_ae:[masked-ae] retrain epoch 33/35 time=1.16s device=cuda
INFO:src.estimators.masked_ae:[masked-ae] retrain epoch 34/35 time=1.10s device=cuda
INFO:src.estimators.masked_ae:[masked-ae] retrain epoch 35/35 time=1.13s device=cuda
INFO:repair_masked_ae:Group ('mnist', 15, 0.75, 1) repaired: estimate=8.0 elapsed_s=343.17 device=cuda samples=60000 rows=5
INFO:repair_masked_ae:Processing group key=('mnist', 15, 1.0, 1) with 5 rows; example row 870
INFO:src.estimators.masked_ae:[masked-ae] pretrain epoch 1/10 time=1.20s device=cuda
INFO:src.estimators.masked_ae:[masked-ae] pretrain epoch 2/10 time=1.02s device=cuda
INFO:src.estimators.masked_ae:[masked-ae] pretrain epoch 3/10 time=1.05s device=cuda
INFO:src.estimators.masked_ae:[masked-ae] pretrain epoch 4/10 time=1.01s device=cuda
INFO:src.estimators.masked_ae:[masked-ae] pretrain epoch 5/10 time=1.18s device=cuda
INFO:src.estimators.masked_ae:[masked-ae] pretrain epoch 6/10 time=1.08s device=cuda
INFO:src.estimators.masked_ae:[masked-ae] pretrain epoch 7/10 time=1.02s device=cuda
INFO:src.estimators.masked_ae:[masked-ae] pretrain epoch 8/10 time=0.98s device=cuda
INFO:src.estimators.masked_ae:[masked-ae] pretrain epoch 9/10 time=1.02s device=cuda
INFO:src.estimators.masked_ae:[masked-ae] pretrain epoch 10/10 time=1.12s device=cuda
INFO:src.estimators.masked_ae:[masked-ae] sweep lam=0.1 epoch 1/25 time=1.23s device=cuda
INFO:src.estimators.masked_ae:[masked-ae] sweep lam=0.1 epoch 2/25 time=1.08s device=cuda
INFO:src.estimators.masked_ae:[masked-ae] sweep lam=0.1 epoch 3/25 time=1.14s device=cuda
INFO:src.estimators.masked_ae:[masked-ae] sweep lam=0.1 epoch 4/25 time=1.09s device=cuda
INFO:src.estimators.masked_ae:[masked-ae] sweep lam=0.1 epoch 5/25 time=1.18s device=cuda
INFO:src.estimators.masked_ae:[masked-ae] sweep lam=0.1 epoch 6/25 time=1.10s device=cuda
INFO:src.estimators.masked_ae:[masked-ae] sweep lam=0.1 epoch 7/25 time=1.04s device=cuda
INFO:src.estimators.masked_ae:[masked-ae] sweep lam=0.1 epoch 8/25 time=1.19s device=cuda
INFO:src.estimators.masked_ae:[masked-ae] sweep lam=0.1 epoch 9/25 time=1.31s device=cuda
INFO:src.estimators.masked_ae:[masked-ae] sweep lam=0.1 epoch 10/25 time=1.21s device=cuda
INFO:src.estimators.masked_ae:[masked-ae] sweep lam=0.1 epoch 11/25 time=1.22s device=cuda
INFO:src.estimators.masked_ae:[masked-ae] sweep lam=0.1 epoch 12/25 time=1.15s device=cuda
INFO:src.estimators.masked_ae:[masked-ae] sweep lam=0.1 epoch 13/25 time=1.11s device=cuda
INFO:src.estimators.masked_ae:[masked-ae] sweep lam=0.1 epoch 14/25 time=1.19s device=cuda
INFO:src.estimators.masked_ae:[masked-ae] sweep lam=0.1 epoch 15/25 time=1.18s device=cuda
INFO:src.estimators.masked_ae:[masked-ae] sweep lam=0.1 epoch 16/25 time=1.08s device=cuda
INFO:src.estimators.masked_ae:[masked-ae] sweep lam=0.1 epoch 17/25 time=1.17s device=cuda
INFO:src.estimators.masked_ae:[masked-ae] sweep lam=0.1 epoch 18/25 time=1.19s device=cuda
INFO:src.estimators.masked_ae:[masked-ae] sweep lam=0.1 epoch 19/25 time=1.18s device=cuda
INFO:src.estimators.masked_ae:[masked-ae] sweep lam=0.1 epoch 20/25 time=1.11s device=cuda
INFO:src.estimators.masked_ae:[masked-ae] sweep lam=0.1 epoch 21/25 time=1.16s device=cuda
INFO:src.estimators.masked_ae:[masked-ae] sweep lam=0.1 epoch 22/25 time=1.14s device=cuda
INFO:src.estimators.masked_ae:[masked-ae] sweep lam=0.1 epoch 23/25 time=1.21s device=cuda
INFO:src.estimators.masked_ae:[masked-ae] sweep lam=0.1 epoch 24/25 time=1.29s device=cuda
INFO:src.estimators.masked_ae:[masked-ae] sweep lam=0.1 epoch 25/25 time=1.25s device=cuda
INFO:src.estimators.masked_ae:[masked-ae] sweep lam=0.16681005372000587 epoch 1/25 time=1.19s device=cuda
INFO:src.estimators.masked_ae:[masked-ae] sweep lam=0.16681005372000587 epoch 2/25 time=1.16s device=cuda
INFO:src.estimators.masked_ae:[masked-ae] sweep lam=0.16681005372000587 epoch 3/25 time=1.15s device=cuda
INFO:src.estimators.masked_ae:[masked-ae] sweep lam=0.16681005372000587 epoch 4/25 time=1.14s device=cuda
INFO:src.estimators.masked_ae:[masked-ae] sweep lam=0.16681005372000587 epoch 5/25 time=1.13s device=cuda
INFO:src.estimators.masked_ae:[masked-ae] sweep lam=0.16681005372000587 epoch 6/25 time=1.06s device=cuda
INFO:src.estimators.masked_ae:[masked-ae] sweep lam=0.16681005372000587 epoch 7/25 time=1.29s device=cuda
INFO:src.estimators.masked_ae:[masked-ae] sweep lam=0.16681005372000587 epoch 8/25 time=1.15s device=cuda
INFO:src.estimators.masked_ae:[masked-ae] sweep lam=0.16681005372000587 epoch 9/25 time=1.11s device=cuda
INFO:src.estimators.masked_ae:[masked-ae] sweep lam=0.16681005372000587 epoch 10/25 time=1.11s device=cuda
INFO:src.estimators.masked_ae:[masked-ae] sweep lam=0.16681005372000587 epoch 11/25 time=1.15s device=cuda
INFO:src.estimators.masked_ae:[masked-ae] sweep lam=0.16681005372000587 epoch 12/25 time=1.17s device=cuda
INFO:src.estimators.masked_ae:[masked-ae] sweep lam=0.16681005372000587 epoch 13/25 time=1.10s device=cuda
INFO:src.estimators.masked_ae:[masked-ae] sweep lam=0.16681005372000587 epoch 14/25 time=1.25s device=cuda
INFO:src.estimators.masked_ae:[masked-ae] sweep lam=0.16681005372000587 epoch 15/25 time=1.36s device=cuda
INFO:src.estimators.masked_ae:[masked-ae] sweep lam=0.16681005372000587 epoch 16/25 time=1.14s device=cuda
INFO:src.estimators.masked_ae:[masked-ae] sweep lam=0.16681005372000587 epoch 17/25 time=1.09s device=cuda
INFO:src.estimators.masked_ae:[masked-ae] sweep lam=0.16681005372000587 epoch 18/25 time=1.16s device=cuda
INFO:src.estimators.masked_ae:[masked-ae] sweep lam=0.16681005372000587 epoch 19/25 time=1.21s device=cuda
INFO:src.estimators.masked_ae:[masked-ae] sweep lam=0.16681005372000587 epoch 20/25 time=1.12s device=cuda
INFO:src.estimators.masked_ae:[masked-ae] sweep lam=0.16681005372000587 epoch 21/25 time=1.08s device=cuda
INFO:src.estimators.masked_ae:[masked-ae] sweep lam=0.16681005372000587 epoch 22/25 time=1.12s device=cuda
INFO:src.estimators.masked_ae:[masked-ae] sweep lam=0.16681005372000587 epoch 23/25 time=1.07s device=cuda
INFO:src.estimators.masked_ae:[masked-ae] sweep lam=0.16681005372000587 epoch 24/25 time=1.20s device=cuda
INFO:src.estimators.masked_ae:[masked-ae] sweep lam=0.16681005372000587 epoch 25/25 time=1.11s device=cuda
INFO:src.estimators.masked_ae:[masked-ae] sweep lam=0.2782559402207124 epoch 1/25 time=1.14s device=cuda
INFO:src.estimators.masked_ae:[masked-ae] sweep lam=0.2782559402207124 epoch 2/25 time=1.17s device=cuda
INFO:src.estimators.masked_ae:[masked-ae] sweep lam=0.2782559402207124 epoch 3/25 time=1.11s device=cuda
INFO:src.estimators.masked_ae:[masked-ae] sweep lam=0.2782559402207124 epoch 4/25 time=1.07s device=cuda
INFO:src.estimators.masked_ae:[masked-ae] sweep lam=0.2782559402207124 epoch 5/25 time=1.07s device=cuda
INFO:src.estimators.masked_ae:[masked-ae] sweep lam=0.2782559402207124 epoch 6/25 time=1.06s device=cuda
INFO:src.estimators.masked_ae:[masked-ae] sweep lam=0.2782559402207124 epoch 7/25 time=1.05s device=cuda
INFO:src.estimators.masked_ae:[masked-ae] sweep lam=0.2782559402207124 epoch 8/25 time=1.07s device=cuda
INFO:src.estimators.masked_ae:[masked-ae] sweep lam=0.2782559402207124 epoch 9/25 time=1.06s device=cuda
INFO:src.estimators.masked_ae:[masked-ae] sweep lam=0.2782559402207124 epoch 10/25 time=1.09s device=cuda
INFO:src.estimators.masked_ae:[masked-ae] sweep lam=0.2782559402207124 epoch 11/25 time=1.02s device=cuda
INFO:src.estimators.masked_ae:[masked-ae] sweep lam=0.2782559402207124 epoch 12/25 time=1.11s device=cuda
INFO:src.estimators.masked_ae:[masked-ae] sweep lam=0.2782559402207124 epoch 13/25 time=1.19s device=cuda
INFO:src.estimators.masked_ae:[masked-ae] sweep lam=0.2782559402207124 epoch 14/25 time=1.13s device=cuda
INFO:src.estimators.masked_ae:[masked-ae] sweep lam=0.2782559402207124 epoch 15/25 time=1.10s device=cuda
INFO:src.estimators.masked_ae:[masked-ae] sweep lam=0.2782559402207124 epoch 16/25 time=1.10s device=cuda
INFO:src.estimators.masked_ae:[masked-ae] sweep lam=0.2782559402207124 epoch 17/25 time=1.19s device=cuda
INFO:src.estimators.masked_ae:[masked-ae] sweep lam=0.2782559402207124 epoch 18/25 time=1.31s device=cuda
INFO:src.estimators.masked_ae:[masked-ae] sweep lam=0.2782559402207124 epoch 19/25 time=1.08s device=cuda
INFO:src.estimators.masked_ae:[masked-ae] sweep lam=0.2782559402207124 epoch 20/25 time=1.21s device=cuda
INFO:src.estimators.masked_ae:[masked-ae] sweep lam=0.2782559402207124 epoch 21/25 time=1.19s device=cuda
INFO:src.estimators.masked_ae:[masked-ae] sweep lam=0.2782559402207124 epoch 22/25 time=1.51s device=cuda
INFO:src.estimators.masked_ae:[masked-ae] sweep lam=0.2782559402207124 epoch 23/25 time=1.21s device=cuda
INFO:src.estimators.masked_ae:[masked-ae] sweep lam=0.2782559402207124 epoch 24/25 time=1.33s device=cuda
INFO:src.estimators.masked_ae:[masked-ae] sweep lam=0.2782559402207124 epoch 25/25 time=1.17s device=cuda
INFO:src.estimators.masked_ae:[masked-ae] sweep lam=0.46415888336127786 epoch 1/25 time=1.12s device=cuda
INFO:src.estimators.masked_ae:[masked-ae] sweep lam=0.46415888336127786 epoch 2/25 time=1.16s device=cuda
INFO:src.estimators.masked_ae:[masked-ae] sweep lam=0.46415888336127786 epoch 3/25 time=1.28s device=cuda
INFO:src.estimators.masked_ae:[masked-ae] sweep lam=0.46415888336127786 epoch 4/25 time=1.28s device=cuda
INFO:src.estimators.masked_ae:[masked-ae] sweep lam=0.46415888336127786 epoch 5/25 time=1.12s device=cuda
INFO:src.estimators.masked_ae:[masked-ae] sweep lam=0.46415888336127786 epoch 6/25 time=1.19s device=cuda
INFO:src.estimators.masked_ae:[masked-ae] sweep lam=0.46415888336127786 epoch 7/25 time=1.06s device=cuda
INFO:src.estimators.masked_ae:[masked-ae] sweep lam=0.46415888336127786 epoch 8/25 time=1.23s device=cuda
INFO:src.estimators.masked_ae:[masked-ae] sweep lam=0.46415888336127786 epoch 9/25 time=1.13s device=cuda
INFO:src.estimators.masked_ae:[masked-ae] sweep lam=0.46415888336127786 epoch 10/25 time=1.13s device=cuda
INFO:src.estimators.masked_ae:[masked-ae] sweep lam=0.46415888336127786 epoch 11/25 time=1.27s device=cuda
INFO:src.estimators.masked_ae:[masked-ae] sweep lam=0.46415888336127786 epoch 12/25 time=1.27s device=cuda
INFO:src.estimators.masked_ae:[masked-ae] sweep lam=0.46415888336127786 epoch 13/25 time=1.23s device=cuda
INFO:src.estimators.masked_ae:[masked-ae] sweep lam=0.46415888336127786 epoch 14/25 time=1.23s device=cuda
INFO:src.estimators.masked_ae:[masked-ae] sweep lam=0.46415888336127786 epoch 15/25 time=1.23s device=cuda
INFO:src.estimators.masked_ae:[masked-ae] sweep lam=0.46415888336127786 epoch 16/25 time=1.11s device=cuda
INFO:src.estimators.masked_ae:[masked-ae] sweep lam=0.46415888336127786 epoch 17/25 time=1.11s device=cuda
INFO:src.estimators.masked_ae:[masked-ae] sweep lam=0.46415888336127786 epoch 18/25 time=1.36s device=cuda
INFO:src.estimators.masked_ae:[masked-ae] sweep lam=0.46415888336127786 epoch 19/25 time=1.18s device=cuda
INFO:src.estimators.masked_ae:[masked-ae] sweep lam=0.46415888336127786 epoch 20/25 time=1.17s device=cuda
INFO:src.estimators.masked_ae:[masked-ae] sweep lam=0.46415888336127786 epoch 21/25 time=1.10s device=cuda
INFO:src.estimators.masked_ae:[masked-ae] sweep lam=0.46415888336127786 epoch 22/25 time=1.23s device=cuda
INFO:src.estimators.masked_ae:[masked-ae] sweep lam=0.46415888336127786 epoch 23/25 time=1.28s device=cuda
INFO:src.estimators.masked_ae:[masked-ae] sweep lam=0.46415888336127786 epoch 24/25 time=1.22s device=cuda
INFO:src.estimators.masked_ae:[masked-ae] sweep lam=0.46415888336127786 epoch 25/25 time=1.10s device=cuda
INFO:src.estimators.masked_ae:[masked-ae] sweep lam=0.774263682681127 epoch 1/25 time=1.10s device=cuda
INFO:src.estimators.masked_ae:[masked-ae] sweep lam=0.774263682681127 epoch 2/25 time=1.13s device=cuda
INFO:src.estimators.masked_ae:[masked-ae] sweep lam=0.774263682681127 epoch 3/25 time=1.12s device=cuda
INFO:src.estimators.masked_ae:[masked-ae] sweep lam=0.774263682681127 epoch 4/25 time=1.34s device=cuda
INFO:src.estimators.masked_ae:[masked-ae] sweep lam=0.774263682681127 epoch 5/25 time=1.11s device=cuda
INFO:src.estimators.masked_ae:[masked-ae] sweep lam=0.774263682681127 epoch 6/25 time=1.29s device=cuda
INFO:src.estimators.masked_ae:[masked-ae] sweep lam=0.774263682681127 epoch 7/25 time=1.04s device=cuda
INFO:src.estimators.masked_ae:[masked-ae] sweep lam=0.774263682681127 epoch 8/25 time=1.20s device=cuda
INFO:src.estimators.masked_ae:[masked-ae] sweep lam=0.774263682681127 epoch 9/25 time=1.15s device=cuda
INFO:src.estimators.masked_ae:[masked-ae] sweep lam=0.774263682681127 epoch 10/25 time=1.06s device=cuda
INFO:src.estimators.masked_ae:[masked-ae] sweep lam=0.774263682681127 epoch 11/25 time=1.17s device=cuda
INFO:src.estimators.masked_ae:[masked-ae] sweep lam=0.774263682681127 epoch 12/25 time=1.10s device=cuda
INFO:src.estimators.masked_ae:[masked-ae] sweep lam=0.774263682681127 epoch 13/25 time=1.30s device=cuda
INFO:src.estimators.masked_ae:[masked-ae] sweep lam=0.774263682681127 epoch 14/25 time=1.28s device=cuda
INFO:src.estimators.masked_ae:[masked-ae] sweep lam=0.774263682681127 epoch 15/25 time=1.24s device=cuda
INFO:src.estimators.masked_ae:[masked-ae] sweep lam=0.774263682681127 epoch 16/25 time=1.05s device=cuda
INFO:src.estimators.masked_ae:[masked-ae] sweep lam=0.774263682681127 epoch 17/25 time=1.24s device=cuda
INFO:src.estimators.masked_ae:[masked-ae] sweep lam=0.774263682681127 epoch 18/25 time=1.18s device=cuda
INFO:src.estimators.masked_ae:[masked-ae] sweep lam=0.774263682681127 epoch 19/25 time=1.30s device=cuda
INFO:src.estimators.masked_ae:[masked-ae] sweep lam=0.774263682681127 epoch 20/25 time=1.15s device=cuda
INFO:src.estimators.masked_ae:[masked-ae] sweep lam=0.774263682681127 epoch 21/25 time=1.12s device=cuda
INFO:src.estimators.masked_ae:[masked-ae] sweep lam=0.774263682681127 epoch 22/25 time=1.17s device=cuda
INFO:src.estimators.masked_ae:[masked-ae] sweep lam=0.774263682681127 epoch 23/25 time=1.09s device=cuda
INFO:src.estimators.masked_ae:[masked-ae] sweep lam=0.774263682681127 epoch 24/25 time=1.07s device=cuda
INFO:src.estimators.masked_ae:[masked-ae] sweep lam=0.774263682681127 epoch 25/25 time=1.07s device=cuda
INFO:src.estimators.masked_ae:[masked-ae] sweep lam=1.291549665014884 epoch 1/25 time=1.12s device=cuda
INFO:src.estimators.masked_ae:[masked-ae] sweep lam=1.291549665014884 epoch 2/25 time=1.33s device=cuda
INFO:src.estimators.masked_ae:[masked-ae] sweep lam=1.291549665014884 epoch 3/25 time=1.17s device=cuda
INFO:src.estimators.masked_ae:[masked-ae] sweep lam=1.291549665014884 epoch 4/25 time=1.05s device=cuda
INFO:src.estimators.masked_ae:[masked-ae] sweep lam=1.291549665014884 epoch 5/25 time=1.32s device=cuda
INFO:src.estimators.masked_ae:[masked-ae] sweep lam=1.291549665014884 epoch 6/25 time=1.06s device=cuda
INFO:src.estimators.masked_ae:[masked-ae] sweep lam=1.291549665014884 epoch 7/25 time=1.25s device=cuda
INFO:src.estimators.masked_ae:[masked-ae] sweep lam=1.291549665014884 epoch 8/25 time=1.24s device=cuda
INFO:src.estimators.masked_ae:[masked-ae] sweep lam=1.291549665014884 epoch 9/25 time=1.31s device=cuda
INFO:src.estimators.masked_ae:[masked-ae] sweep lam=1.291549665014884 epoch 10/25 time=1.18s device=cuda
INFO:src.estimators.masked_ae:[masked-ae] sweep lam=1.291549665014884 epoch 11/25 time=1.15s device=cuda
INFO:src.estimators.masked_ae:[masked-ae] sweep lam=1.291549665014884 epoch 12/25 time=1.32s device=cuda
INFO:src.estimators.masked_ae:[masked-ae] sweep lam=1.291549665014884 epoch 13/25 time=1.27s device=cuda
INFO:src.estimators.masked_ae:[masked-ae] sweep lam=1.291549665014884 epoch 14/25 time=1.11s device=cuda
INFO:src.estimators.masked_ae:[masked-ae] sweep lam=1.291549665014884 epoch 15/25 time=1.11s device=cuda
INFO:src.estimators.masked_ae:[masked-ae] sweep lam=1.291549665014884 epoch 16/25 time=1.20s device=cuda
INFO:src.estimators.masked_ae:[masked-ae] sweep lam=1.291549665014884 epoch 17/25 time=1.08s device=cuda
INFO:src.estimators.masked_ae:[masked-ae] sweep lam=1.291549665014884 epoch 18/25 time=1.12s device=cuda
INFO:src.estimators.masked_ae:[masked-ae] sweep lam=1.291549665014884 epoch 19/25 time=1.15s device=cuda
INFO:src.estimators.masked_ae:[masked-ae] sweep lam=1.291549665014884 epoch 20/25 time=1.15s device=cuda
INFO:src.estimators.masked_ae:[masked-ae] sweep lam=1.291549665014884 epoch 21/25 time=1.13s device=cuda
INFO:src.estimators.masked_ae:[masked-ae] sweep lam=1.291549665014884 epoch 22/25 time=1.08s device=cuda
INFO:src.estimators.masked_ae:[masked-ae] sweep lam=1.291549665014884 epoch 23/25 time=1.11s device=cuda
INFO:src.estimators.masked_ae:[masked-ae] sweep lam=1.291549665014884 epoch 24/25 time=1.08s device=cuda
INFO:src.estimators.masked_ae:[masked-ae] sweep lam=1.291549665014884 epoch 25/25 time=1.13s device=cuda
INFO:src.estimators.masked_ae:[masked-ae] sweep lam=2.1544346900318834 epoch 1/25 time=1.12s device=cuda
INFO:src.estimators.masked_ae:[masked-ae] sweep lam=2.1544346900318834 epoch 2/25 time=1.15s device=cuda
INFO:src.estimators.masked_ae:[masked-ae] sweep lam=2.1544346900318834 epoch 3/25 time=1.13s device=cuda
INFO:src.estimators.masked_ae:[masked-ae] sweep lam=2.1544346900318834 epoch 4/25 time=1.06s device=cuda
INFO:src.estimators.masked_ae:[masked-ae] sweep lam=2.1544346900318834 epoch 5/25 time=1.20s device=cuda
INFO:src.estimators.masked_ae:[masked-ae] sweep lam=2.1544346900318834 epoch 6/25 time=1.07s device=cuda
INFO:src.estimators.masked_ae:[masked-ae] sweep lam=2.1544346900318834 epoch 7/25 time=1.25s device=cuda
INFO:src.estimators.masked_ae:[masked-ae] sweep lam=2.1544346900318834 epoch 8/25 time=1.19s device=cuda
INFO:src.estimators.masked_ae:[masked-ae] sweep lam=2.1544346900318834 epoch 9/25 time=1.17s device=cuda
INFO:src.estimators.masked_ae:[masked-ae] sweep lam=2.1544346900318834 epoch 10/25 time=1.07s device=cuda
INFO:src.estimators.masked_ae:[masked-ae] sweep lam=2.1544346900318834 epoch 11/25 time=1.13s device=cuda
INFO:src.estimators.masked_ae:[masked-ae] sweep lam=2.1544346900318834 epoch 12/25 time=1.11s device=cuda
INFO:src.estimators.masked_ae:[masked-ae] sweep lam=2.1544346900318834 epoch 13/25 time=1.14s device=cuda
INFO:src.estimators.masked_ae:[masked-ae] sweep lam=2.1544346900318834 epoch 14/25 time=1.12s device=cuda
INFO:src.estimators.masked_ae:[masked-ae] sweep lam=2.1544346900318834 epoch 15/25 time=1.11s device=cuda
INFO:src.estimators.masked_ae:[masked-ae] sweep lam=2.1544346900318834 epoch 16/25 time=1.06s device=cuda
INFO:src.estimators.masked_ae:[masked-ae] sweep lam=2.1544346900318834 epoch 17/25 time=1.14s device=cuda
INFO:src.estimators.masked_ae:[masked-ae] sweep lam=2.1544346900318834 epoch 18/25 time=1.24s device=cuda
INFO:src.estimators.masked_ae:[masked-ae] sweep lam=2.1544346900318834 epoch 19/25 time=1.16s device=cuda
INFO:src.estimators.masked_ae:[masked-ae] sweep lam=2.1544346900318834 epoch 20/25 time=1.15s device=cuda
INFO:src.estimators.masked_ae:[masked-ae] sweep lam=2.1544346900318834 epoch 21/25 time=1.14s device=cuda
INFO:src.estimators.masked_ae:[masked-ae] sweep lam=2.1544346900318834 epoch 22/25 time=1.11s device=cuda
INFO:src.estimators.masked_ae:[masked-ae] sweep lam=2.1544346900318834 epoch 23/25 time=1.30s device=cuda
INFO:src.estimators.masked_ae:[masked-ae] sweep lam=2.1544346900318834 epoch 24/25 time=1.32s device=cuda
INFO:src.estimators.masked_ae:[masked-ae] sweep lam=2.1544346900318834 epoch 25/25 time=1.03s device=cuda
INFO:src.estimators.masked_ae:[masked-ae] sweep lam=3.593813663804626 epoch 1/25 time=1.12s device=cuda
INFO:src.estimators.masked_ae:[masked-ae] sweep lam=3.593813663804626 epoch 2/25 time=1.46s device=cuda
INFO:src.estimators.masked_ae:[masked-ae] sweep lam=3.593813663804626 epoch 3/25 time=1.32s device=cuda
INFO:src.estimators.masked_ae:[masked-ae] sweep lam=3.593813663804626 epoch 4/25 time=1.19s device=cuda
INFO:src.estimators.masked_ae:[masked-ae] sweep lam=3.593813663804626 epoch 5/25 time=1.16s device=cuda
INFO:src.estimators.masked_ae:[masked-ae] sweep lam=3.593813663804626 epoch 6/25 time=1.36s device=cuda
INFO:src.estimators.masked_ae:[masked-ae] sweep lam=3.593813663804626 epoch 7/25 time=1.22s device=cuda
INFO:src.estimators.masked_ae:[masked-ae] sweep lam=3.593813663804626 epoch 8/25 time=1.23s device=cuda
INFO:src.estimators.masked_ae:[masked-ae] sweep lam=3.593813663804626 epoch 9/25 time=1.09s device=cuda
INFO:src.estimators.masked_ae:[masked-ae] sweep lam=3.593813663804626 epoch 10/25 time=1.22s device=cuda
INFO:src.estimators.masked_ae:[masked-ae] sweep lam=3.593813663804626 epoch 11/25 time=1.39s device=cuda
INFO:src.estimators.masked_ae:[masked-ae] sweep lam=3.593813663804626 epoch 12/25 time=1.18s device=cuda
INFO:src.estimators.masked_ae:[masked-ae] sweep lam=3.593813663804626 epoch 13/25 time=1.15s device=cuda
INFO:src.estimators.masked_ae:[masked-ae] sweep lam=3.593813663804626 epoch 14/25 time=1.07s device=cuda
INFO:src.estimators.masked_ae:[masked-ae] sweep lam=3.593813663804626 epoch 15/25 time=1.14s device=cuda
INFO:src.estimators.masked_ae:[masked-ae] sweep lam=3.593813663804626 epoch 16/25 time=1.18s device=cuda
INFO:src.estimators.masked_ae:[masked-ae] sweep lam=3.593813663804626 epoch 17/25 time=1.26s device=cuda
INFO:src.estimators.masked_ae:[masked-ae] sweep lam=3.593813663804626 epoch 18/25 time=1.15s device=cuda
INFO:src.estimators.masked_ae:[masked-ae] sweep lam=3.593813663804626 epoch 19/25 time=1.19s device=cuda
INFO:src.estimators.masked_ae:[masked-ae] sweep lam=3.593813663804626 epoch 20/25 time=1.04s device=cuda
INFO:src.estimators.masked_ae:[masked-ae] sweep lam=3.593813663804626 epoch 21/25 time=1.08s device=cuda
INFO:src.estimators.masked_ae:[masked-ae] sweep lam=3.593813663804626 epoch 22/25 time=1.25s device=cuda
INFO:src.estimators.masked_ae:[masked-ae] sweep lam=3.593813663804626 epoch 23/25 time=1.03s device=cuda
INFO:src.estimators.masked_ae:[masked-ae] sweep lam=3.593813663804626 epoch 24/25 time=1.34s device=cuda
INFO:src.estimators.masked_ae:[masked-ae] sweep lam=3.593813663804626 epoch 25/25 time=1.27s device=cuda
INFO:src.estimators.masked_ae:[masked-ae] sweep lam=5.994842503189409 epoch 1/25 time=1.15s device=cuda
INFO:src.estimators.masked_ae:[masked-ae] sweep lam=5.994842503189409 epoch 2/25 time=1.12s device=cuda
INFO:src.estimators.masked_ae:[masked-ae] sweep lam=5.994842503189409 epoch 3/25 time=1.16s device=cuda
INFO:src.estimators.masked_ae:[masked-ae] sweep lam=5.994842503189409 epoch 4/25 time=1.21s device=cuda
INFO:src.estimators.masked_ae:[masked-ae] sweep lam=5.994842503189409 epoch 5/25 time=1.15s device=cuda
INFO:src.estimators.masked_ae:[masked-ae] sweep lam=5.994842503189409 epoch 6/25 time=1.07s device=cuda
INFO:src.estimators.masked_ae:[masked-ae] sweep lam=5.994842503189409 epoch 7/25 time=1.13s device=cuda
INFO:src.estimators.masked_ae:[masked-ae] sweep lam=5.994842503189409 epoch 8/25 time=1.24s device=cuda
INFO:src.estimators.masked_ae:[masked-ae] sweep lam=5.994842503189409 epoch 9/25 time=1.12s device=cuda
INFO:src.estimators.masked_ae:[masked-ae] sweep lam=5.994842503189409 epoch 10/25 time=1.12s device=cuda
INFO:src.estimators.masked_ae:[masked-ae] sweep lam=5.994842503189409 epoch 11/25 time=1.16s device=cuda
INFO:src.estimators.masked_ae:[masked-ae] sweep lam=5.994842503189409 epoch 12/25 time=1.03s device=cuda
INFO:src.estimators.masked_ae:[masked-ae] sweep lam=5.994842503189409 epoch 13/25 time=1.08s device=cuda
INFO:src.estimators.masked_ae:[masked-ae] sweep lam=5.994842503189409 epoch 14/25 time=1.15s device=cuda
INFO:src.estimators.masked_ae:[masked-ae] sweep lam=5.994842503189409 epoch 15/25 time=1.28s device=cuda
INFO:src.estimators.masked_ae:[masked-ae] sweep lam=5.994842503189409 epoch 16/25 time=1.20s device=cuda
INFO:src.estimators.masked_ae:[masked-ae] sweep lam=5.994842503189409 epoch 17/25 time=1.12s device=cuda
INFO:src.estimators.masked_ae:[masked-ae] sweep lam=5.994842503189409 epoch 18/25 time=1.09s device=cuda
INFO:src.estimators.masked_ae:[masked-ae] sweep lam=5.994842503189409 epoch 19/25 time=1.18s device=cuda
INFO:src.estimators.masked_ae:[masked-ae] sweep lam=5.994842503189409 epoch 20/25 time=1.10s device=cuda
INFO:src.estimators.masked_ae:[masked-ae] sweep lam=5.994842503189409 epoch 21/25 time=1.10s device=cuda
INFO:src.estimators.masked_ae:[masked-ae] sweep lam=5.994842503189409 epoch 22/25 time=1.18s device=cuda
INFO:src.estimators.masked_ae:[masked-ae] sweep lam=5.994842503189409 epoch 23/25 time=1.11s device=cuda
INFO:src.estimators.masked_ae:[masked-ae] sweep lam=5.994842503189409 epoch 24/25 time=1.26s device=cuda
INFO:src.estimators.masked_ae:[masked-ae] sweep lam=5.994842503189409 epoch 25/25 time=1.13s device=cuda
INFO:src.estimators.masked_ae:[masked-ae] sweep lam=10.0 epoch 1/25 time=1.22s device=cuda
INFO:src.estimators.masked_ae:[masked-ae] sweep lam=10.0 epoch 2/25 time=1.21s device=cuda
INFO:src.estimators.masked_ae:[masked-ae] sweep lam=10.0 epoch 3/25 time=1.32s device=cuda
INFO:src.estimators.masked_ae:[masked-ae] sweep lam=10.0 epoch 4/25 time=1.16s device=cuda
INFO:src.estimators.masked_ae:[masked-ae] sweep lam=10.0 epoch 5/25 time=1.23s device=cuda
INFO:src.estimators.masked_ae:[masked-ae] sweep lam=10.0 epoch 6/25 time=1.13s device=cuda
INFO:src.estimators.masked_ae:[masked-ae] sweep lam=10.0 epoch 7/25 time=1.23s device=cuda
INFO:src.estimators.masked_ae:[masked-ae] sweep lam=10.0 epoch 8/25 time=1.09s device=cuda
INFO:src.estimators.masked_ae:[masked-ae] sweep lam=10.0 epoch 9/25 time=1.11s device=cuda
INFO:src.estimators.masked_ae:[masked-ae] sweep lam=10.0 epoch 10/25 time=1.15s device=cuda
INFO:src.estimators.masked_ae:[masked-ae] sweep lam=10.0 epoch 11/25 time=1.06s device=cuda
INFO:src.estimators.masked_ae:[masked-ae] sweep lam=10.0 epoch 12/25 time=1.26s device=cuda
INFO:src.estimators.masked_ae:[masked-ae] sweep lam=10.0 epoch 13/25 time=1.15s device=cuda
INFO:src.estimators.masked_ae:[masked-ae] sweep lam=10.0 epoch 14/25 time=1.13s device=cuda
INFO:src.estimators.masked_ae:[masked-ae] sweep lam=10.0 epoch 15/25 time=1.18s device=cuda
INFO:src.estimators.masked_ae:[masked-ae] sweep lam=10.0 epoch 16/25 time=1.28s device=cuda
INFO:src.estimators.masked_ae:[masked-ae] sweep lam=10.0 epoch 17/25 time=1.11s device=cuda
INFO:src.estimators.masked_ae:[masked-ae] sweep lam=10.0 epoch 18/25 time=1.16s device=cuda
INFO:src.estimators.masked_ae:[masked-ae] sweep lam=10.0 epoch 19/25 time=1.09s device=cuda
INFO:src.estimators.masked_ae:[masked-ae] sweep lam=10.0 epoch 20/25 time=1.32s device=cuda
INFO:src.estimators.masked_ae:[masked-ae] sweep lam=10.0 epoch 21/25 time=1.09s device=cuda
INFO:src.estimators.masked_ae:[masked-ae] sweep lam=10.0 epoch 22/25 time=1.12s device=cuda
INFO:src.estimators.masked_ae:[masked-ae] sweep lam=10.0 epoch 23/25 time=1.22s device=cuda
INFO:src.estimators.masked_ae:[masked-ae] sweep lam=10.0 epoch 24/25 time=1.13s device=cuda
INFO:src.estimators.masked_ae:[masked-ae] sweep lam=10.0 epoch 25/25 time=1.12s device=cuda
INFO:src.estimators.masked_ae:[masked-ae] retrain epoch 1/35 time=1.10s device=cuda
INFO:src.estimators.masked_ae:[masked-ae] retrain epoch 2/35 time=1.06s device=cuda
INFO:src.estimators.masked_ae:[masked-ae] retrain epoch 3/35 time=1.09s device=cuda
INFO:src.estimators.masked_ae:[masked-ae] retrain epoch 4/35 time=1.10s device=cuda
INFO:src.estimators.masked_ae:[masked-ae] retrain epoch 5/35 time=1.19s device=cuda
INFO:src.estimators.masked_ae:[masked-ae] retrain epoch 6/35 time=1.08s device=cuda
INFO:src.estimators.masked_ae:[masked-ae] retrain epoch 7/35 time=1.10s device=cuda
INFO:src.estimators.masked_ae:[masked-ae] retrain epoch 8/35 time=1.18s device=cuda
INFO:src.estimators.masked_ae:[masked-ae] retrain epoch 9/35 time=1.21s device=cuda
INFO:src.estimators.masked_ae:[masked-ae] retrain epoch 10/35 time=1.15s device=cuda
INFO:src.estimators.masked_ae:[masked-ae] retrain epoch 11/35 time=1.09s device=cuda
INFO:src.estimators.masked_ae:[masked-ae] retrain epoch 12/35 time=1.24s device=cuda
INFO:src.estimators.masked_ae:[masked-ae] retrain epoch 13/35 time=1.16s device=cuda
INFO:src.estimators.masked_ae:[masked-ae] retrain epoch 14/35 time=1.17s device=cuda
INFO:src.estimators.masked_ae:[masked-ae] retrain epoch 15/35 time=1.20s device=cuda
INFO:src.estimators.masked_ae:[masked-ae] retrain epoch 16/35 time=1.23s device=cuda
INFO:src.estimators.masked_ae:[masked-ae] retrain epoch 17/35 time=1.09s device=cuda
INFO:src.estimators.masked_ae:[masked-ae] retrain epoch 18/35 time=1.12s device=cuda
INFO:src.estimators.masked_ae:[masked-ae] retrain epoch 19/35 time=1.32s device=cuda
INFO:src.estimators.masked_ae:[masked-ae] retrain epoch 20/35 time=1.21s device=cuda
INFO:src.estimators.masked_ae:[masked-ae] retrain epoch 21/35 time=1.15s device=cuda
INFO:src.estimators.masked_ae:[masked-ae] retrain epoch 22/35 time=1.15s device=cuda
INFO:src.estimators.masked_ae:[masked-ae] retrain epoch 23/35 time=1.09s device=cuda
INFO:src.estimators.masked_ae:[masked-ae] retrain epoch 24/35 time=1.21s device=cuda
INFO:src.estimators.masked_ae:[masked-ae] retrain epoch 25/35 time=1.14s device=cuda
INFO:src.estimators.masked_ae:[masked-ae] retrain epoch 26/35 time=1.09s device=cuda
INFO:src.estimators.masked_ae:[masked-ae] retrain epoch 27/35 time=1.18s device=cuda
INFO:src.estimators.masked_ae:[masked-ae] retrain epoch 28/35 time=1.29s device=cuda
INFO:src.estimators.masked_ae:[masked-ae] retrain epoch 29/35 time=1.09s device=cuda
INFO:src.estimators.masked_ae:[masked-ae] retrain epoch 30/35 time=1.13s device=cuda
INFO:src.estimators.masked_ae:[masked-ae] retrain epoch 31/35 time=1.09s device=cuda
INFO:src.estimators.masked_ae:[masked-ae] retrain epoch 32/35 time=1.20s device=cuda
INFO:src.estimators.masked_ae:[masked-ae] retrain epoch 33/35 time=1.27s device=cuda
INFO:src.estimators.masked_ae:[masked-ae] retrain epoch 34/35 time=1.22s device=cuda
INFO:src.estimators.masked_ae:[masked-ae] retrain epoch 35/35 time=1.09s device=cuda
INFO:repair_masked_ae:Group ('mnist', 15, 1.0, 1) repaired: estimate=15.0 elapsed_s=347.27 device=cuda samples=60000 rows=5
INFO:repair_masked_ae:Wrote repaired CSV to results/mnist_large.task1.repaired.csv
